tree
version=v4
num_class=1
num_tree_per_iteration=1
label_index=0
max_feature_idx=19
objective=binary sigmoid:1
feature_names=Column_0 Column_1 Column_2 Column_3 Column_4 Column_5 Column_6 Column_7 Column_8 Column_9 Column_10 Column_11 Column_12 Column_13 Column_14 Column_15 Column_16 Column_17 Column_18 Column_19
feature_infos=[0:1] [0:1] [0:1] [0:1] [0:67] [0:1] [0:1] [0:1] none [0:1] [0:1] [0:1] [0:1] [0:1] [0:1] [0:1] [0:1] [0:1] [0:1] [0:1]
tree_sizes=3109 3513 3506 3526 3509 3543 3564 3521 3523 3524 3531 3551 3549 3525 3558 3566 3556 3554 3562 3549 3561 3565 3559 3555 3569 3558 3560 3577 3578 3544 3575 3578 3557 3563 3596 3593 3569 3576 3589 3577 3574 3526 3588 3562 3562 3563 3573 3565 3569 3584 3581 3587 3574 3564 3585 3581 3564 3588 3568 3574 3562 3578 3581 3588 3571 3570 3572 3551 3572 3592 3554 3567 3555 3551 3561 3563 3551 3557 3567 3562 3578 3535 3565 3575 3576 3539 3521 3546 3573 3555 3546 3571 3573 3576 3544 3556 3528 3548 3509 3523 3571 3594 3538 3549 3556 3502 3584 3537 3597 3582 3583 3563 3580 3556 3524 3521 3570 3551 3577 3571 3525 3556 3556 3591 3556 3582 3512 3513 3543 3605 3569 3563 3555 3542 3516 3554 3548 3568 3486 3543 3566 3544 3579 3580 3548 3570 3581 3443 3568 3554 3505 3520 3533 3469 3540 3570 3560 3498 3541 3569 3541 3536 3530 3527 3439 3578 3493 3518 3480 3561 3541 3571 3608 3555 3566 3528 3599 3544 3489 3538 3549 3595 3551 3543 3535 3526 3553 3542 3547 3517 3606 3470 3556 3548 3546 3553 3494 3466 3503 3577 3549 3475 3565 3560 3549 3591 3540 3535 3535 3538 3594 3521 3539 3534 3574 3452 3573 3539 3585 3618 3525 3521 2520 3514 2528 3577 3532 3505 3579 3498 3572 3536 3566 3570 3495 3598 3459 3497 3553 3522 3526 3551 3531 3545 3488 3418 3538 3541 3546 3560

Tree=0
num_leaves=31
num_cat=0
split_feature=10 0 19 0 9 19 1 12 19 0 2 10 10 0 1 1 16 10 9 12 10 16 1 1 10 2 1 0 2 15
split_gain=758832 151406 70869.6 54257.5 25607.6 20919.3 9547.7 5803.92 7244.21 5326.2 5012.89 4179.19 3866.13 18003.1 3381.56 3335.75 3027.04 2887.36 9834.82 4198.66 2631.82 2100.06 1734.65 1671.39 1273.83 943.474 884.66 774.693 759.041 754.572
threshold=0.71463078260421764 0.49731183052062994 1.0000000180025095e-35 0.5673658847808839 1.0000000180025095e-35 1.0000000180025095e-35 0.80217391252517711 1.0000000180025095e-35 1.0000000180025095e-35 0.58885449171066295 0.92768564820289623 0.98092204332351696 0.6157280206680299 0.66352203488349926 0.59675306081771862 0.6832355558872224 0.48304596543312078 0.50714430212974559 1.0000000180025095e-35 1.0000000180025095e-35 0.85014972090721141 0.4246212244033814 0.6832355558872224 0.55036231875419628 0.87921562790870678 0.84877073764801036 0.77015754580497753 0.79431909322738659 0.87206766009330761 0.70008480548858654
decision_type=2 2 2 2 2 2 2 2 2 2 2 2 2 2 2 2 2 2 2 2 2 2 2 2 2 2 2 2 2 2
left_child=2 5 3 22 6 16 27 8 -3 15 11 -10 -6 26 21 20 -2 18 -5 -20 -9 24 -1 29 -7 -8 -14 -4 -15 -18
right_child=1 7 4 17 12 14 25 9 10 -11 -12 -13 13 28 -16 -17 23 -19 19 -21 -22 -23 -24 -25 -26 -27 -28 -29 -30 -31
leaf_value=-0.14840295985550311 0.11943702634428004 0.15965861630651898 -0.13146763168476075 0.15321740271671369 -0.15766560416784547 -0.11809368635437881 0.02186510263929619 -0.064000000000000001 0.022318872254398429 0.15403115065828629 0.1451139186974679 0.13936418511066398 -0.15446488561830107 0.046175771971496443 0.070780141843971633 0.14486245608021253 -0.057337883959044371 0.15119470977222629 -0.13137413208461166 0.10483547925608011 0.077691777449532248 -0.14041356492969395 0.03972498090145149 0.14595222724338283 -0.0031897926634768745 0.096784814379304557 0.042133333333333328 0.051980982567353402 0.13788052185854888 0.086697332106715735
leaf_weight=8576.5 2766 11009 2482 3804.75 119289.25 1222.5 1700 1247.5 9146 120554.25 4724.25 2480 12497 1258 559 2912.25 1606.5 6800 1543.25 694 2533.75 14200.75 322.25 382.25 1249 2971.5 145 152.75 1087.25 266.75
leaf_count=34306 11064 44036 9928 15219 477157 4890 6800 4990 36584 482217 18897 9920 49988 5032 2236 11649 6426 27200 6173 2776 10135 56803 1289 1529 4996 11886 580 611 4349 1067
internal_value=7.48997e-05 0.114893 -0.124259 0.0102144 -0.144908 -0.0801932 0.000924602 0.142975 0.109479 0.150171 0.075643 0.0473493 -0.152844 -0.114419 -0.122061 0.0805673 0.0634239 0.115407 0.0750124 -0.0579596 0.0308802 -0.128556 -0.141554 -0.00530856 -0.060214 0.0696076 -0.152182 -0.120693 0.0889607 -0.036566
internal_weight=340183 176860 163324 21740.8 141583 22252.8 7306.25 154607 27359.2 127248 16350.2 11626 134276 14987.2 17231.2 6693.5 5021.5 12842 6042 2237.25 3781.25 16672.2 8898.75 2255.5 2471.5 4671.5 12642 2634.75 2345.25 1873.25
internal_count=1360733 707439 653294 86963 566331 89011 29225 618428 109437 508991 65401 46504 537106 59949 68925 26774 20086 51368 24168 8949 15125 66689 35595 9022 9886 18686 50568 10539 9381 7493
is_linear=0
shrinkage=0.08


Tree=1
num_leaves=31
num_cat=0
split_feature=10 3 19 0 9 19 2 3 12 19 4 10 0 2 5 10 9 12 19 10 10 2 16 3 3 4 2 2 2 10
split_gain=646237 137964 60183.7 46092.7 21697.5 9586.17 7403.26 6315.8 5608.74 6068.33 4674.4 3279.36 14493.4 3111.12 2948.66 2445.37 8644.12 3197.5 2270.65 1817.95 1533.01 1290.4 1227 1185.92 1179.84 1103.26 879.901 839.958 734.054 671.558
threshold=0.71463078260421764 0.56949809193611156 1.0000000180025095e-35 0.57804551720619213 1.0000000180025095e-35 1.0000000180025095e-35 0.71357852220535289 0.65485891699790966 1.0000000180025095e-35 1.0000000180025095e-35 4.5000000000000009 0.62699216604232799 0.67826876044273388 0.55036231875419628 1.0000000180025095e-35 0.49545417726039892 1.0000000180025095e-35 1.0000000180025095e-35 1.0000000180025095e-35 0.89195534586906444 0.86800479888916027 0.51087471842765819 0.36899313330650335 0.88047617673873912 0.80982521176338207 7.5000000000000009 0.62988328933715831 0.63686314225196849 0.90054944157600414 0.87921562790870678
decision_type=2 2 2 2 2 2 2 2 2 2 2 2 2 2 2 2 2 2 2 2 2 2 2 2 2 2 2 2 2 2
left_child=2 5 3 21 6 20 23 13 9 -9 -11 -6 27 18 22 16 -5 -18 -3 -20 -2 -1 29 -4 25 -10 -24 -13 -8 -7
right_child=1 7 4 15 11 14 28 8 24 10 -12 12 -14 -15 -16 -17 17 -19 19 -21 -22 -23 26 -25 -26 -27 -28 -29 -30 -31
leaf_value=-0.13817207191605912 -0.037302597539811182 0.11505842089560896 -0.1224590573827507 0.14155993906693159 -0.14569925830547564 -0.1059181220620788 0.032982010723493833 0.14798515945694241 0.13194629185293141 0.10187662569472665 0.01026840232811678 -0.14251950812720549 0.093479382348963511 0.11026359891660815 0.089164157031437846 0.14037525961471364 -0.12512942669514895 0.095106299282878823 -0.10322653354716792 0.032168980159913541 0.069014207990693729 -0.021694455942836272 -0.13091046428926884 0.0088057332389708115 0.14562447095248118 0.077812497233009856 0.10372217196445328 0.005771163117530888 0.098979872207397512 0.0046052122538399829
leaf_weight=8282.0984628200531 1432.3795691132545 837.89723205566406 2370.333486661315 3763.3698778152466 120336.03369268775 693.57898664474487 2137.730277121067 10709.191383346915 15566.148470520973 10175.539869651198 5493.8597111999989 10910.387767896056 2019.1795518696308 3340.3990038484335 428.52295483648777 6798.6362718492746 1470.1475322842598 585.8887292444706 1282.5481644570827 1245.6123014390469 2183.4579855054617 662.75657187402248 14557.452087759972 537.24411396682262 104156.95110397041 2901.0043617337942 98.79171884059906 247.55204746127129 2207.5762121081352 702.74819885194302
leaf_count=33309 5741 3364 9519 15142 484337 2784 8562 43109 62622 40826 21999 43900 8098 13423 1719 27349 5906 2350 5144 4999 8757 2661 58500 2151 419084 11657 396 993 8851 2811
internal_value=-6.27558e-05 0.106208 -0.115157 0.00929312 -0.134222 -0.0910337 0.000513348 0.131669 0.135088 0.101559 0.0697815 -0.141542 -0.103523 0.0556273 -0.116909 0.107762 0.0695458 -0.0622149 0.00127681 -0.0365228 0.0268603 -0.129577 -0.122446 -0.0981764 0.142295 0.123474 -0.129283 -0.139214 0.0666234 -0.0503614
internal_weight=338135 175806 162329 21562.9 140766 20096.9 7252.88 155709 149003 26378.6 15669.4 133513 13177.1 6706.46 16481.1 12618 5819.41 2056.04 3366.06 2528.16 3615.84 8944.86 16052.6 2907.58 122624 18467.2 14656.2 11157.9 4345.31 1396.33
internal_count=1360063 706935 653128 86717 566411 80708 29083 626227 599297 105934 62825 537328 52991 26930 66210 50747 23398 8256 13507 10143 14498 35970 64491 11670 493363 74279 58896 44893 17413 5595
is_linear=0
shrinkage=0.08


Tree=2
num_leaves=31
num_cat=0
split_feature=14 3 19 0 9 9 3 19 1 19 12 0 6 2 9 0 14 9 12 14 2 15 14 2 15 1 9 3 15 3
split_gain=417942 133484 99858 48939.7 23424.2 17771.3 10852.1 9676.54 7109.91 4927.42 6883.81 5209.24 4618.08 4334.92 3372.93 13638.1 3007.2 5912.77 5932.9 2621.05 2255.69 1749.55 1674.57 1500.29 2650.66 1347.8 1112.3 1107.08 895.202 773.395
threshold=0.38675214350223547 0.61451050639152538 1.0000000180025095e-35 0.52689418196678173 0.72763636708259594 1.0000000180025095e-35 0.61451050639152538 1.0000000180025095e-35 0.83047896623611461 1.0000000180025095e-35 1.0000000180025095e-35 0.63373982906341564 1.0000000180025095e-35 0.91545844078063976 0.59280791878700267 0.66352203488349926 0.097619049251079573 1.0000000180025095e-35 1.0000000180025095e-35 0.63961037993431102 0.55612829327583324 0.7231087088584901 0.21825397014617923 0.47856706380844122 0.64658147096633922 0.64051282405853283 0.98251727223396312 0.8521554470062257 0.57452526688575756 0.49657534062862402
decision_type=2 2 2 2 2 2 2 2 2 2 2 2 2 2 2 2 2 2 2 2 2 2 2 2 2 2 2 2 2 2
left_child=2 7 3 25 5 8 -6 23 -4 -3 13 19 20 26 22 -16 17 -5 -19 -12 21 -9 -7 24 29 28 -11 -13 -1 -2
right_child=1 9 4 16 6 14 -8 12 -10 10 11 27 -14 -15 15 -17 -18 18 -20 -21 -22 -23 -24 -25 -26 -27 -28 -29 -30 -31
leaf_value=-0.12782986125186674 -0.088504411132446476 0.13864073623027254 -0.099211514250466593 0.1321083960484378 -0.12242184787869349 -0.13645251179786205 0.11557759814829609 -0.1239001132233591 0.063323805860812529 0.024609921433956964 -0.039976391378901015 0.10594212897095248 0.073619473268191404 0.12209807018165612 -0.13084559968305226 0.093562329228041169 0.13251032539678773 -0.11731234738561849 0.11998663665305592 0.082001988425870587 0.03444110383363358 -0.032059404425410942 -0.10724110729545455 0.12141540529419383 0.082534827133067451 0.04588988146027706 0.12623101935628298 0.1345098395816231 0.039300701887698686 0.023391824123527506
leaf_weight=7809.084576189518 1414.6706737577915 63985.30417637527 2817.4276226311922 3787.3918781131506 1762.82169303298 103025.51500296593 3995.7553342431784 17191.296399280429 4414.6779199242592 9812.6141389459372 1596.0903742015362 11191.237848818302 896.68522502481937 5024.6818200647831 8683.9731276482344 2160.4152142554522 14407.365222975612 1661.1640686094761 1127.491810336709 3802.8154612481594 649.63972306251526 1448.2595423161983 14497.369658231735 871.14259475469589 1545.0582011938095 308.61437912285328 738.10551178455353 41849.098627120256 207.02583374083042 542.59447035193443
leaf_count=31852 5699 261604 11415 15476 7177 421630 16287 70002 17760 39408 6484 45667 3621 20382 35479 8772 58851 6752 4596 15439 2629 5857 59251 3526 6221 1244 2983 171171 833 2187
internal_value=-2.18294e-05 0.0917771 -0.0874613 0.0469205 -0.115325 -0.122036 0.0426502 -0.0800482 0 0.122359 0.108273 0.120873 -0.103419 0.0609643 -0.12891 -0.0861019 0.112032 0.0670758 -0.0212688 0.045908 -0.111674 -0.116783 -0.132855 0.0277798 0.00430411 -0.11715 0.0317907 0.128496 -0.123472 -0.0574224
internal_weight=333225 162559 170666 29308.1 141358 135599 5758.58 24559.3 7232.11 138000 74014.6 58439.2 20185.9 15575.4 128367 10844.4 20983.4 6576.05 2788.66 5398.91 19289.2 18639.6 117523 4373.47 3502.32 8324.72 10550.7 53040.3 8016.11 1957.27
internal_count=1360255 662880 697375 119604 577771 554307 23464 99742 29175 563138 301534 238761 82109 62773 525132 44251 85675 26824 11348 21923 78488 75859 480881 17633 14107 33929 42391 216838 32685 7886
is_linear=0
shrinkage=0.08


Tree=3
num_leaves=31
num_cat=0
split_feature=10 3 19 0 10 19 1 3 12 19 2 10 0 5 5 19 10 10 12 1 10 15 15 0 3 1 19 2 16 3
split_gain=485570 103036 45028.4 34813.5 17047.6 7150.16 6154.29 4726.64 4529.8 4785.73 3615.37 2551.98 12447.8 2417.99 2249.59 2057.53 1806.66 6227.68 2413.09 1671.76 1637.29 1581.03 1350.42 995.52 979.535 915.188 904.726 786.158 708.911 688.035
threshold=0.71463078260421764 0.56949809193611156 1.0000000180025095e-35 0.59299960732460033 1.0000000180025095e-35 1.0000000180025095e-35 0.80217391252517711 0.65485891699790966 1.0000000180025095e-35 1.0000000180025095e-35 0.93957647681236278 0.61125501990318309 0.68020617961883556 1.0000000180025095e-35 1.0000000180025095e-35 1.0000000180025095e-35 0.49545417726039892 1.0000000180025095e-35 1.0000000180025095e-35 0.70064935088157665 0.90872874855995189 0.7231087088584901 0.70008480548858654 0.45035210251808172 0.80982521176338207 0.77459675073623668 1.0000000180025095e-35 0.51087471842765819 0.50352111458778392 0.89039039611816417
decision_type=2 2 2 2 2 2 2 2 2 2 2 2 2 2 2 2 2 2 2 2 2 2 2 2 2 2 2 2 2 2
left_child=2 5 3 19 6 22 29 13 9 -9 -11 -6 25 15 21 -3 17 -5 -19 -1 -17 27 23 28 26 -13 -10 -7 -2 -4
right_child=1 7 4 16 11 14 -8 8 24 10 -12 12 -14 -15 -16 20 -18 18 -20 -21 -22 -23 -24 -25 -26 -27 -28 -29 -30 -31
leaf_value=-0.12052929223049061 0.030101792253122182 0.10392833346111482 -0.1111505826107142 0.12503445092545673 -0.1294557323513218 -0.11796714471494829 0.056285622447384311 0.13106362113627829 0.12943537391300278 0.037905354651563562 0.12664587041095632 -0.12681705485379952 0.081361112974048702 0.10839412352466538 0.082703285292369713 -0.080834679805979165 0.12505597597911561 -0.10908655863727312 0.086981918987130688 0.044545323078473899 0.04080070620044051 -0.027591891423364212 0.096940257465046448 0.096166008123465777 0.12895717274663115 0.047340472375215326 0.092815123437439764 -0.0018617711816021874 -0.068023480415978568 0.034060833591359745
leaf_weight=8418.3105762302876 723.17044113576412 1073.1706577688456 2329.9357572644949 3591.3844455778599 112964.99747221172 13733.603429108858 4631.523643001914 10282.791693434119 7641.5191992670298 11525.307088002563 3946.6843231469393 12802.314986392856 2200.3801971524954 2677.9278991371393 408.13441401720047 1559.5850786268711 6477.6999630779028 1385.45358286798 559.80741328001022 407.94857680797577 1287.9111427664757 1478.3751451671124 1093.8146565556526 460.95499867200851 100065.19006522 192.33726957440376 10288.90683683753 386.70640417933464 1326.0159006416798 225.29947578907013
leaf_count=35037 2912 4421 9593 15030 473704 56983 18723 43196 31860 46483 16322 53417 8940 10981 1648 6336 27075 5724 2300 1651 5217 5999 4447 1867 419198 775 42498 1573 5337 907
internal_value=9.59233e-05 0.0936699 -0.101728 0.0077292 -0.118583 -0.0787798 0.00129097 0.116166 0.119207 0.0887508 0.0605857 -0.125306 -0.0944137 0.0498675 -0.101697 0.00976431 0.0963431 0.0626385 -0.0525016 -0.112861 -0.0257883 -0.106557 0.0229616 -0.00934026 0.125849 -0.12421 0.108462 -0.114801 -0.0333276 -0.098243
internal_weight=326147 169960 156187 20840.6 135347 19610.8 7186.76 150349 143750 25754.8 15472 128160 15195 6598.59 16006.8 3920.67 12014.3 5536.65 1945.26 8826.26 2847.5 15598.7 3603.96 2510.14 117996 12994.7 17930.4 14120.3 2049.19 2555.24
internal_count=1360154 707278 652876 86817 566059 80766 29223 626512 599557 106001 62805 536836 63132 26955 66203 15974 50129 23054 8024 36688 11553 64555 14563 10116 493556 54192 74358 58556 8249 10500
is_linear=0
shrinkage=0.08


Tree=4
num_leaves=31
num_cat=0
split_feature=10 3 9 10 0 3 3 12 15 5 4 15 5 10 15 3 10 16 10 0 12 7 3 4 0 0 15 15 15 3
split_gain=424268 86366.8 33336.6 17420.4 38888.4 6501.95 4078.33 4202.11 3715.66 3517.25 2943.11 2053.55 2017.38 1552.92 1382.41 1244.17 1200.79 1181.41 1122.15 7626.55 1662.98 991.555 925.677 1030.44 900.312 900.124 806.522 612.604 592.196 533.249
threshold=0.7208254635334016 0.56949809193611156 1.0000000180025095e-35 0.59384471178054821 0.63373982906341564 0.80217391252517711 0.65485891699790966 1.0000000180025095e-35 0.70008480548858654 1.0000000180025095e-35 4.5000000000000009 0.16931435465812686 1.0000000180025095e-35 0.83648246526718151 0.30150328576564794 0.80982521176338207 0.97989273071289074 0.47871376574039465 0.52782940864562999 0.68020617961883556 1.0000000180025095e-35 0.66343042254447948 0.8216732144355775 7.5000000000000009 0.84877073764801036 0.50944742560386669 0.047626608982682235 0.34201252460479742 0.24339524656534198 0.81302964687347423
decision_type=2 2 2 2 2 2 2 2 2 2 2 2 2 2 2 2 2 2 2 2 2 2 2 2 2 2 2 2 2 2
left_child=2 8 5 18 11 21 12 10 9 14 26 -5 13 28 -2 -6 -12 -10 -4 -20 -21 -1 23 -9 -7 -16 -8 -15 -3 -13
right_child=1 6 3 4 15 24 7 22 17 -11 16 29 -14 27 25 -17 -18 -19 19 20 -22 -23 -24 -25 -26 -27 -28 -29 -30 -31
leaf_value=-0.086965937592933876 0.085118965181943354 0.084791189457042504 -0.12244166700158733 0.065322868305045745 0.033090417617063703 0.038234947305690756 0.11728538678405537 0.1112908733384753 0.049596007289833932 0.098500184191095297 0.029474059713212399 -0.11863183304043881 0.1018050530698201 0.10570147211440872 -0.1025962756939361 0.11336237017157796 0.11370142770293477 -0.04982921039893709 -0.12064377919775886 -0.031966539321616277 0.11510432044752035 0.07426212576135649 0.1227445028492955 0.059914555902855188 0.094203374492688938 0.021869051063138377 0.081966018356650225 0.02024150307230654 -0.084465049862535641 0.091739349649235247
leaf_weight=2336.996910944581 260.04476577043533 145.81228248775005 101005.74105554819 397.43357914686203 1534.9339491724968 2841.0570554882288 9687.2276055663824 16238.195519849658 1789.137916892767 614.00656531751156 6712.0895610004663 17060.152092322707 2607.3024083375931 759.60263533890247 14341.891626268625 6581.1818472146988 1291.2006040811539 1327.6411589682102 13440.302057102323 903.46585784852505 1067.6384718418121 267.63980588316917 94799.301331326365 2993.4810256063938 5330.3805480003357 377.9559730887413 7424.4301771223545 1835.9263186603785 1072.5273736566305 73.185182943940163
leaf_count=9828 1058 605 436968 1651 6426 11754 41284 69222 7317 2502 27687 73276 10887 3155 60615 27968 5316 5515 57926 3879 4585 1116 409797 12500 22299 1548 31006 7505 4411 309
internal_value=1.49172e-05 0.0892684 -0.0959165 -0.106207 -0.046499 0.0397143 0.110065 0.112943 -0.0725046 -0.0884389 0.0832628 -0.113522 0.0476368 0.0104787 -0.0961423 0.0982306 0.0431453 0.00718104 -0.119357 -0.0990936 0.0477023 -0.0702271 0.119475 0.10332 0.074799 -0.0993832 0.101999 0.0454687 -0.0638137 -0.117697
internal_weight=317118 164278 152840 142064 25646.9 10776.1 145567 139146 18710.7 15593.9 25114.9 17530.8 6421.17 3813.87 14979.9 8116.12 8003.29 3116.78 116417 15411.4 1971.1 2604.64 114031 19231.7 8171.44 14719.8 17111.7 2595.53 1218.34 17133.3
internal_count=1359915 701930 657985 612988 109630 44997 623375 596812 78555 65723 105293 75236 26563 15676 63221 34394 33003 12832 503358 66390 8464 10944 491519 81722 34053 62163 72290 10660 5016 73585
is_linear=0
shrinkage=0.08


Tree=5
num_leaves=31
num_cat=0
split_feature=14 3 19 3 2 12 19 19 12 3 5 4 2 2 12 14 15 12 14 2 2 14 15 15 15 2 15 15 1 15
split_gain=276410 89001.5 69074 32674.9 13557.8 15746.3 7123.23 4353.89 5456.62 4054.38 3615.4 3541.87 2853.61 2601.36 11804.8 2248.47 3996.49 2277.85 1922 1330.62 1320.21 1253.68 1198.69 1165.17 1067.29 1066.15 1915.49 789.996 761.01 702.326
threshold=0.38675214350223547 0.61451050639152538 1.0000000180025095e-35 0.60922586917877208 0.86512476205825817 1.0000000180025095e-35 1.0000000180025095e-35 1.0000000180025095e-35 1.0000000180025095e-35 0.79516318440437328 1.0000000180025095e-35 4.5000000000000009 0.61610352993011486 0.65648320317268383 1.0000000180025095e-35 0.08893280848860742 1.0000000180025095e-35 1.0000000180025095e-35 0.18898809701204303 0.58885449171066295 0.9529346525669099 0.10818713530898096 0.7231087088584901 1.0000000180025095e-35 1.0000000180025095e-35 0.47856706380844122 0.63279041647911083 0.28572742640972143 0.60640108585357677 0.56474497914314281
decision_type=2 2 2 2 2 2 2 2 2 2 2 2 2 2 2 2 2 2 2 2 2 2 2 2 2 2 2 2 2 2
left_child=2 6 3 28 13 18 25 -3 11 12 19 20 -10 -4 24 16 -5 -18 23 22 -9 -16 -8 -6 -15 26 -2 -13 29 -1
right_child=1 7 4 15 5 -7 10 8 9 -11 -12 27 -14 14 21 -17 17 -19 -20 -21 -22 -23 -24 -25 -26 -27 -28 -29 -30 -31
leaf_value=-0.11056702812201216 -0.049786030072465293 0.11974765672857859 -0.11512096841796526 0.094408197699168903 -0.063399798293077445 0.11965598747732178 -0.10525186065811194 0.056058168723250645 0.0040525521890847731 0.1126577246243876 0.059002213376020574 -0.015820388439736838 0.090264929362649959 -0.077893820804976116 -0.02595448444320669 0.11392528287892502 -0.11134474282583826 0.093668979135037717 0.054692300228465107 0.051920881433979472 0.11964042633966336 0.10105309885517061 -0.028536175560010944 -0.11794632784333964 -0.11637019566630212 0.10790887341776063 0.069728324868571251 0.067580552126842705 0.051993665492651227 0.032685610352711537
leaf_weight=6945.9524587988853 1797.8218136876822 58453.182429596782 87700.491516128182 4528.0613644421101 9227.1590897887945 3483.7103575319052 16158.030800804496 6334.6842552423477 4015.051591604948 43476.187026828527 1015.2868416905403 4741.0345088243484 6346.0546836555004 6635.936366379261 647.80917517840862 13519.683480665088 1166.3309668004513 487.59906147420406 730.18952098488808 377.50860151648521 3142.9943080842495 2087.0833325088024 1429.1181405037642 3470.6637710183859 15774.454780697823 830.66455148160458 1632.5960968881845 853.15369337797165 196.17004869878292 222.32053823769093
leaf_count=30740 7457 261703 392225 19844 40572 15194 70687 26235 16980 194647 4240 19188 27478 28865 2865 59804 5072 2108 3100 1554 13781 8973 5829 15595 70683 3529 6703 3477 821 908
internal_value=-8.2811e-06 0.0773976 -0.0743451 0.041895 -0.0985935 -0.03177 -0.0665545 0.103669 0.0900197 0.101934 -0.0875375 0.0474295 0.0568901 -0.108605 -0.0858534 0.0956347 0.0555485 -0.0507076 -0.0710972 -0.0958423 0.0772122 0.0709182 -0.099037 -0.078362 -0.105004 0.0268647 0.00706508 -0.00302358 -0.101817 -0.106082
internal_weight=307427 150603 156824 27066.1 129757 16911.7 23241 127362 68909.2 53837.3 18979.9 15071.9 10361.1 112846 25145.3 19701.7 6181.99 1653.93 13428 17964.7 9477.68 2734.89 17587.1 12697.8 22410.4 4261.08 3430.42 5594.19 7364.44 7168.27
internal_count=1360857 663488 697369 119297 578072 74461 99999 563489 301786 239105 82310 62681 44458 503611 111386 86828 27024 7180 59267 78070 40016 11838 76516 56167 99548 17689 14160 22665 32469 31648
is_linear=0
shrinkage=0.08


Tree=6
num_leaves=31
num_cat=0
split_feature=14 3 19 0 2 11 19 19 4 5 3 0 11 14 14 15 1 11 11 1 11 15 2 15 15 14 3 15 1 15
split_gain=242478 77788.3 60714.8 29224.8 12138.1 12594.5 6245.16 4225.08 5098.9 3208.53 3002.96 2988.58 11944.8 2454.48 1976.44 3216.45 1925.47 1878.26 1874.56 1830.64 1523.65 1210.68 1192.67 1186.47 1117.14 1054.98 937.885 1733.69 693.396 714.517
threshold=0.38675214350223547 0.61451050639152538 1.0000000180025095e-35 0.51191151142120372 0.86512476205825817 1.0000000180025095e-35 1.0000000180025095e-35 1.0000000180025095e-35 5.5000000000000009 1.0000000180025095e-35 0.91458967328071605 0.66352203488349926 1.0000000180025095e-35 0.18898809701204303 0.097619049251079573 1.0000000180025095e-35 0.93127068877220165 1.0000000180025095e-35 1.0000000180025095e-35 0.99565216898918163 1.0000000180025095e-35 1.0000000180025095e-35 0.60088497400283825 0.70008480548858654 1.0000000180025095e-35 0.12132352963089944 0.53093111515045177 0.63279041647911083 0.63028588891029369 0.51914459466934215
decision_type=2 2 2 2 2 2 2 2 2 2 2 2 2 2 2 2 2 2 2 2 2 2 2 2 2 2 2 2 2 2
left_child=2 6 3 28 11 13 26 -3 16 22 19 -4 21 24 15 -5 20 -17 -12 -10 -9 -13 23 -8 -6 -14 27 -2 29 -1
right_child=1 7 4 14 5 -7 9 8 10 -11 18 12 25 -15 -16 17 -18 -19 -20 -21 -22 -23 -24 -25 -26 -27 -28 -29 -30 -31
leaf_value=-0.10778237119867277 -0.056128836437190924 0.11508395172675115 -0.11187896413858947 0.089377622905460294 -0.058579797234110061 0.11413166113626116 -0.10111312185059665 0.042761186720718387 0.022759155926510219 0.056910494938653758 0.023364736979291725 -0.070434256555533509 -0.015700063005504777 0.063211838233457482 0.10955725898142576 -0.0999842173635513 0.11066979561106327 0.085220367794921578 0.10174948422777157 -0.10462288832044347 0.092261968260734087 -0.10988879086795271 0.058787407813744093 -0.034490410356927112 -0.11262674910857141 0.09265717573600761 0.08984628982318249 0.062348645939913738 0.030239579973626279 0.0012695124943814312
leaf_weight=6599.9925099313259 1573.2959530651569 55979.403348326683 79476.3479052037 4412.4939114451408 9177.5286333113909 3128.4409719258547 15143.198957666755 5531.3117787539959 6612.4871896952391 992.66987483203411 2844.0735449939966 6811.8946547657251 755.75498130917549 901.08765307068825 12951.409848436713 1117.2587639093399 30299.56773327291 504.30402837693691 6291.4258761554956 805.29355950653553 14441.761927634478 19181.702742606401 330.89903688430786 1944.6958908885717 3364.1336597651243 2351.8302283883095 1066.9979935884476 1578.2777528911829 261.53976413607597 405.09689021110535
leaf_count=30323 6590 261418 370033 19825 40834 14074 68480 23261 28420 4185 11708 30084 3372 3885 59409 5008 139574 2235 29306 3445 65840 89372 1372 8100 15756 10255 4583 6541 1087 1708
internal_value=-3.36549e-05 0.0737374 -0.0708991 0.0397031 -0.0941018 -0.0303028 -0.062542 0.0988532 0.0852468 -0.0826566 0.0466968 -0.103836 -0.0818477 -0.0639579 0.0919224 0.0539853 0.0979311 -0.0422025 0.0773903 0.00884752 0.0785754 -0.099571 -0.0906336 -0.0935528 -0.073129 0.0662707 0.025202 0.00315764 -0.0966772 -0.101457
internal_weight=296836 145435 151401 26252.1 125149 16571.2 22630 122805 66825.9 18411.5 16553.3 108578 29101.2 13442.7 18985.5 6034.06 50272.6 1621.56 9135.5 7417.78 19973.1 25993.6 17418.8 17087.9 12541.7 3107.59 4218.57 3151.57 7266.63 7005.09
internal_count=1360083 662823 697260 119595 577665 74549 99851 562972 301554 82137 72879 503116 133083 60475 86477 27068 228675 7243 41014 31865 89101 119456 77952 76580 56590 13627 17714 13131 33118 32031
is_linear=0
shrinkage=0.08


Tree=7
num_leaves=31
num_cat=0
split_feature=10 3 9 10 0 1 12 3 16 5 2 1 5 10 2 2 9 0 10 2 12 3 3 10 5 12 3 16 1 2
split_gain=293421 61135.5 28312.3 11626 25365.1 5592.47 3454.91 3474.53 2741.04 2606.38 2151.39 2048.35 1876.27 1562.2 1373.55 1187.7 1086.46 1055.24 904.822 6118.16 1547.34 892.366 872.242 789.832 663.098 648.371 640.815 609.173 565.703 432.461
threshold=0.71463078260421764 0.56949809193611156 1.0000000180025095e-35 0.59384471178054821 0.66352203488349926 0.78319624066352855 1.0000000180025095e-35 0.65485891699790966 0.39314988255500799 1.0000000180025095e-35 0.93582704663276683 0.77015754580497753 1.0000000180025095e-35 0.97989273071289074 0.57804551720619213 0.51087471842765819 0.89605197310447704 0.22611077129840854 0.51116093993186962 0.71357852220535289 1.0000000180025095e-35 0.87007671594619762 0.83047896623611461 0.81585493683815014 1.0000000180025095e-35 1.0000000180025095e-35 0.84660634398460399 0.78817018866539013 0.908033847808838 0.88762626051902782
decision_type=2 2 2 2 2 2 2 2 2 2 2 2 2 2 2 2 2 2 2 2 2 2 2 2 2 2 2 2 2 2
left_child=2 8 5 18 11 21 10 12 23 15 13 24 14 16 -8 17 -3 -10 -4 26 -21 -1 27 -2 -5 29 -20 -9 -7 -6
right_child=1 6 3 4 25 28 7 22 9 -11 -12 -13 -14 -15 -16 -17 -18 -19 19 20 -22 -23 -24 -25 -26 -27 -28 -29 -30 -31
leaf_value=-0.080004454977670086 -0.059902238378048554 0.056072649026589892 -0.10998018823352408 -0.10678191155224312 0.011443055998895066 0.033837769231306228 -0.031093039343572097 0.061428355042649145 -0.01968653650864002 0.087680996998261526 0.10731748236265723 0.077470652922749739 0.10055484889124269 0.10915788920755148 0.084140809884138468 0.03426169016278071 0.0053163855658912842 -0.09312363425059296 -0.10849342727574912 -0.028491824794183315 0.11602401681711239 0.056972702306567848 0.10920497182278396 0.03994292203937716 -0.030986366924465891 0.10462732057340766 0.0038401249300555264 0.097332599156204416 0.087066013267127471 0.090901917211507546
leaf_weight=2175.1342299431562 680.26290243864059 11413.95199033618 86056.402131199837 14443.802119925618 972.9032746553421 1636.7759450674057 2342.4304090887308 3867.5330098122358 1399.2230580896139 603.19006845355034 6817.3964577019215 409.56745560467243 1948.9107147306204 2806.5915804356337 916.97726948559284 542.97153080999851 3545.3773773014545 12673.034610390663 15592.535573408008 914.9584586173296 972.69348405301571 348.71428981423378 83031.179652318358 1939.7182375490665 790.11144004762173 4781.1652398258448 328.77334317564964 14998.736912310123 6162.2054817825556 803.44189740717411
leaf_count=9917 3058 50231 418118 69211 4274 6955 9902 17269 6162 2541 32733 1794 8710 12138 4026 2303 15151 58370 75435 4198 4455 1493 405056 8190 3585 22219 1531 70506 26589 3726
internal_value=-4.40784e-05 0.077355 -0.0848998 -0.0953302 -0.0427573 0.0424484 0.0961821 0.102396 -0.0616126 -0.0746224 0.0690863 -0.0981176 0.0385671 0.0543806 0.00135619 -0.0813595 0.0440598 -0.0858426 -0.106563 -0.0900172 0.0460014 -0.0609401 0.105655 0.013893 -0.102873 0.0892589 -0.106163 0.089999 0.0759443 0.0476264
internal_weight=285917 149527 136389 126066 22201 10322.8 131689 107106 17838.4 15218.4 24583.3 15643.5 5208.32 17765.9 3259.41 14615.2 14959.3 14072.3 103865 17809 1887.65 2523.85 101897 2619.98 15233.9 6557.51 15921.3 18866.3 7798.98 1776.35
internal_count=1359846 706346 653500 608546 104809 44954 625722 515469 80624 69376 110253 74590 22638 77520 13928 66835 65382 64532 503737 85619 8653 11410 492831 11248 72796 30219 76966 87775 33544 8000
is_linear=0
shrinkage=0.08


Tree=8
num_leaves=31
num_cat=0
split_feature=10 3 9 10 2 1 12 3 3 16 4 6 6 2 2 10 2 12 10 14 7 3 4 2 14 3 3 6 1 12
split_gain=259549 49144.5 24530.7 13313 24407.6 4900.6 3352.56 2866.12 2755.78 2479.64 2288.18 2068.66 1281.46 1269.12 1263.98 1201.05 7175.94 1115.79 1041.61 1811.36 937.958 844.209 915.238 779.847 739.18 738.682 687.838 627.783 622.861 566.191
threshold=0.73024791479110729 0.56949809193611156 1.0000000180025095e-35 0.60619774460792553 0.63373982906341564 0.75716626644134533 1.0000000180025095e-35 0.65485891699790966 0.80982521176338207 0.40175439417362219 4.5000000000000009 1.0000000180025095e-35 1.0000000180025095e-35 0.57804551720619213 0.49752475321292883 0.52314186096191417 0.69416099786758434 1.0000000180025095e-35 0.97989273071289074 0.91987180709838878 0.17712418735027316 0.83752354979515087 7.5000000000000009 0.9529346525669099 0.92582416534423839 0.83752354979515087 0.86729559302330028 1.0000000180025095e-35 0.908033847808838 1.0000000180025095e-35
decision_type=2 2 2 2 2 2 2 2 2 2 2 2 2 2 2 2 2 2 2 2 2 2 2 2 2 2 2 2 2 2
left_child=2 9 5 15 8 26 10 12 27 -2 23 14 13 -8 20 -4 25 -18 19 -12 -11 22 -9 24 -3 -17 -1 -5 -7 -6
right_child=1 6 3 4 29 28 7 21 -10 11 18 -13 -14 -15 -16 16 17 -19 -20 -21 -22 -23 -24 -25 -26 -27 -28 -29 -30 -31
leaf_value=-0.081295468825163142 0.015659154425408973 0.086289978161604775 -0.10607452089662062 -0.10268983641604874 0.051136151349435693 0.028715379894306579 -0.022869824171093858 0.094422354532998271 0.083037847458489619 -0.0010770393020345932 0.047247540143086075 0.090611217514407469 0.096691279129891769 0.083851343281712704 0.030491167456759154 -0.10481771766372575 -0.0096941527408588354 0.10902458763784836 0.096029859209480539 -0.040573532356127942 -0.086843778073821196 0.10578492615805427 0.045960662942737124 0.10790629935624342 0.040865017180890452 0.019787696230456002 0.050369451863252722 -0.026170924571219324 0.081912173965399293 0.10216061111972545
leaf_weight=1963.466677069664 2646.6386583149433 6490.3708262294531 84569.86664031446 13504.087648317218 1947.3377837538719 1862.6793308705091 2264.1354815363884 15950.200925931334 549.76009912788868 882.18818572163582 4547.7065136730671 496.45705765485764 1666.6655298471451 1034.480266392231 684.88208737969398 14237.432987764478 890.78919000923634 1160.6838994473219 1313.9627133905888 2237.7429199367762 11566.867638364434 77265.313981562853 2990.4508548676968 5457.7717251479626 3593.101808577776 307.44592939317226 286.55594138801098 733.17114609479904 6006.6897501945496 5170.993935123086
leaf_count=9221 11397 30339 430942 67208 8994 7985 9609 78090 2549 3891 20052 2143 7670 4691 2948 72026 4071 5486 5799 9091 54843 395834 13461 27569 15640 1430 1230 3314 26466 25181
internal_value=-1.37151e-05 0.0755969 -0.080109 -0.089954 -0.0333888 0.0395954 0.0926478 0.0989918 -0.0919752 -0.0551273 0.0654766 -0.0688845 0.039616 0.0106269 -0.0749577 -0.102198 -0.0824097 0.0574986 0.0309422 0.0182533 -0.0807817 0.102052 0.0867936 0.0834484 0.0701476 -0.102167 -0.0643816 -0.0987712 0.069367 0.0882702
internal_weight=274280 141089 133191 123072 21905.4 10119.4 124812 101171 14787 16277 23640.7 13630.4 4965.28 3298.62 13133.9 101166 16596.4 2051.47 8099.41 6785.45 12449.1 96206 18940.7 15541.2 10083.5 14544.9 2250.02 14237.3 7869.37 7118.33
internal_count=1359170 693067 666103 621201 107246 44902 617845 509355 73071 75222 108490 63825 21970 14300 61682 513955 83013 9557 34942 29143 58734 487385 91551 73548 45979 73456 10451 70522 34451 34175
is_linear=0
shrinkage=0.08


Tree=9
num_leaves=31
num_cat=0
split_feature=10 3 9 10 0 1 12 3 16 4 0 1 5 0 1 2 10 14 3 4 14 2 12 2 5 14 0 3 1 0
split_gain=231005 43775.9 22051.3 12079.5 23829 4219.93 3326.76 2747.42 2206.48 2131.5 2119.43 1995.39 1361.8 1010.12 1038.03 953.474 907.39 1565.7 862.696 848.975 841.583 6941.83 1712.9 755.125 685.224 679.159 632.242 629.779 607.671 563.033
threshold=0.73024791479110729 0.56949809193611156 1.0000000180025095e-35 0.59384471178054821 0.66352203488349926 0.73746865987777721 1.0000000180025095e-35 0.65485891699790966 0.36899313330650335 4.5000000000000009 0.47673159837722784 0.77015754580497753 1.0000000180025095e-35 0.22611077129840854 0.59675306081771862 0.58499062061309826 0.97989273071289074 0.93541666865348827 0.83047896623611461 7.5000000000000009 0.08893280848860742 0.70396453142166149 1.0000000180025095e-35 0.9529346525669099 1.0000000180025095e-35 0.92582416534423839 0.64747309684753429 0.84028983116149913 0.89009663462638866 0.78142958879470836
decision_type=2 2 2 2 2 2 2 2 2 2 2 2 2 2 2 2 2 2 2 2 2 2 2 2 2 2 2 2 2 2
left_child=2 8 5 20 11 29 9 12 -2 23 13 24 15 -10 -15 -8 17 -11 19 -9 -4 26 -23 25 -5 -3 -22 -6 -7 -1
right_child=1 6 3 4 27 28 7 18 10 16 -12 -13 -14 14 -16 -17 -18 -19 -20 -21 21 22 -24 -25 -26 -27 -28 -29 -30 -31
leaf_value=-0.077145913942623129 0.023752800338398546 0.08236962071039812 -0.10454498782753371 -0.099965828338548418 0.036815557298546846 0.021962437114529401 -0.022247071049252651 0.090527602189903023 -0.010038379870017126 0.044000132783401993 0.035496649126944807 0.07282218268226115 0.092054937707371776 -0.085559172086750235 0.082498514602040343 0.079345162862158855 0.09018747641615564 -0.037679569190813438 0.10257721891593322 0.042694904362410573 -0.10360379375601095 -0.026920288575449577 0.10747047188335948 0.104499957920988 -0.026140197414131358 0.038434927974809859 -0.041709812368291431 0.094529665488300774 0.075556465490833113 0.0853691202065094
leaf_weight=1889.0672063231468 2115.5811765193939 6268.6218939721584 68062.103973716497 14512.637361884117 1546.1620347499847 1756.2459113001823 2255.0575457066298 14453.011017695069 1416.9155520051718 4478.3413037657738 1243.5131751894951 457.85418091714382 1797.2853773534298 10854.711643144488 235.69885058701038 795.48989498615265 1275.4189133495092 2252.3010964393616 74441.134916707873 2874.4908790439367 22626.472097098827 1187.2463354617357 1230.4032985270023 5156.2984222173691 862.61040823161602 3562.6197435110807 1126.7904286831617 5894.2417730689049 6124.4199300259352 142.04735885560513
leaf_count=9106 9058 30257 365556 75801 7128 7573 9555 73603 6316 19978 5577 2088 8576 53162 1001 3692 5798 9116 401445 13098 120937 5752 5716 27419 3972 15682 5502 29759 27558 623
internal_value=-8.9405e-05 0.0726353 -0.0774144 -0.0870804 -0.0354473 0.0371484 0.0891982 0.0957126 -0.0522043 0.0618039 -0.0639064 -0.0909352 0.0369155 -0.0738124 -0.0819375 0.00427921 0.0284221 0.0166359 0.0988147 0.0826164 -0.0998284 -0.0875385 0.0414892 0.0796098 -0.0958442 0.0664926 -0.100684 0.0825906 0.0636546 -0.06552
internal_weight=262895 135476 127418 117507 23273.5 9911.78 119610 96616.5 15866.4 22993.6 13750.8 15833.1 4847.83 12507.3 11090.4 3050.55 8006.06 6730.64 91768.6 17327.5 94233 26170.9 2417.65 14987.5 15375.2 9831.24 23753.3 7440.4 7880.67 2031.11
internal_count=1360404 693333 667071 622211 118748 44860 618219 509969 75114 108250 66056 81861 21823 60479 54163 13247 34892 29094 488146 86701 503463 137907 11468 73358 79773 45939 126439 36887 35131 9729
is_linear=0
shrinkage=0.08


Tree=10
num_leaves=31
num_cat=0
split_feature=10 3 9 10 0 1 10 11 4 0 16 3 1 4 1 3 15 5 3 1 3 5 0 5 15 10 0 9 10 0
split_gain=205180 44478.6 21089.7 7874.04 19288.3 3731.34 3175.18 2725.54 2074.08 1996.28 2195.12 1962.2 1547.68 1448.8 946.611 921.779 1779.21 835.934 744.049 734.289 674.461 598.202 570.268 546.886 453.639 443.67 2763.51 403.889 390.94 388.311
threshold=0.70915538072586071 0.59611794352531444 1.0000000180025095e-35 0.56949043273925792 0.66352203488349926 0.79431909322738659 0.84512934088706981 1.0000000180025095e-35 4.5000000000000009 0.4712491780519486 0.47871376574039465 0.79516318440437328 0.77015754580497753 8.5000000000000018 0.5673658847808839 0.9569842815399171 0.18103595823049548 1.0000000180025095e-35 0.84028983116149913 0.94932374358177196 0.87007671594619762 1.0000000180025095e-35 0.8019607961177827 1.0000000180025095e-35 0.61992356181144725 0.46583126485347753 0.6911335587501527 0.49668815732002264 0.51116093993186962 0.90366768836975109
decision_type=2 2 2 2 2 2 2 2 2 2 2 2 2 2 2 2 2 2 2 2 2 2 2 2 2 2 2 2 2 2
left_child=2 6 5 25 12 20 21 8 19 10 -8 13 23 17 -12 16 -10 -9 27 -3 -1 24 -15 -5 -2 -4 -27 -6 -28 -7
right_child=1 7 3 4 18 29 9 11 15 -11 14 -13 -14 22 -16 -17 -18 -19 -20 -21 -22 -23 -24 -25 -26 26 28 -29 -30 -31
leaf_value=-0.067794227953133238 -0.092963000825973696 0.063087533860669537 -0.10173976397880205 -0.097879623341490182 0.083566261348694618 0.04629590989065975 0.02694058533843996 0.053820276460781323 -0.042092692921890169 0.05950601189123373 -0.067304387738434904 0.099121153948801388 0.063407859577427519 0.021108510241646977 0.094253845299186012 0.060569955175396803 0.053967327367200307 0.095619332459711215 0.089832178750844469 0.09518084244285728 0.048563036301571848 0.049936189377543121 -0.16844295037704346 -0.033742597463873952 -0.02648087740632438 -0.09971550430433436 -0.044390231110036579 -0.0056967585462837497 0.014063023520069154 0.0834240002413974
leaf_weight=2073.8486018329859 7371.5862907618284 8632.3729675710201 63782.803990483284 15301.962897121906 481.10609647631645 3852.1798385083675 2658.7570556104183 5200.6658407747746 2252.8186739832163 1793.1654915064573 5609.2196540981531 71468.489560499787 403.89442910254002 2537.3457452654839 237.07727076113224 4443.6579333841801 2714.9542642235756 7623.6960967481136 4779.4471071511507 9922.7981901019812 371.21591249108315 204.95571713149548 100.70358556509018 916.29604861140251 734.01301196217537 18325.19160117209 1489.8939703255892 964.86782617866993 1426.1328640431166 3486.1412993073463
leaf_count=10196 37751 42057 361444 84819 2246 17065 11517 25988 9822 8044 27803 405461 1860 11479 1044 20637 12302 39846 24784 54030 1612 896 454 4409 3382 103329 7784 4433 6940 16320
internal_value=6.27806e-05 0.0679412 -0.0769589 -0.0871594 -0.0454367 0.0354821 -0.0467823 0.0865244 0.0647576 -0.0170626 -0.0332503 0.093521 -0.0904183 0.0676029 -0.0606506 0.0341112 0.0103747 0.0787086 0.0746168 0.0802798 -0.0500002 -0.0835585 0.0135072 -0.0942774 -0.0869824 -0.0983659 -0.0882057 0.0240783 -0.0157728 0.0640006
internal_weight=251161 133506 117655 107872 22847.6 9783.39 18608.8 114898 27966.6 10298.2 8505.05 86930.9 16622.2 15462.4 5846.3 9411.43 4967.77 12824.4 6225.42 18555.2 2445.06 8310.56 2638.05 16218.3 8105.6 85024 21241.2 1445.97 2916.03 7338.32
internal_count=1359754 712513 647241 602048 122551 45193 90437 622076 138848 48408 40364 483228 91088 77767 28847 42761 22124 65834 31463 96087 11808 42029 11933 89228 41133 479497 118053 6679 14724 33385
is_linear=0
shrinkage=0.08


Tree=11
num_leaves=31
num_cat=0
split_feature=10 3 19 3 9 19 12 19 3 10 1 10 4 10 1 5 10 9 12 15 5 1 4 15 3 4 1 4 16 12
split_gain=183212 33254.8 26985.5 16079.7 8993.57 4467.03 4511.95 4393.11 3236.55 2803.96 2490.76 2315.73 1756.04 1657.21 6489.32 975.049 939.979 3284.45 1410.66 878.019 753.023 715.455 571.249 547.022 590.686 420.35 417.425 362.494 326.691 320.789
threshold=0.7353600561618806 0.56949809193611156 1.0000000180025095e-35 0.65485891699790966 1.0000000180025095e-35 1.0000000180025095e-35 1.0000000180025095e-35 1.0000000180025095e-35 0.79516318440437328 0.97989273071289074 0.87226107716560375 0.8657626509666444 4.5000000000000009 0.59384471178054821 0.77015754580497753 1.0000000180025095e-35 0.46920476853847509 0.24626532942056659 1.0000000180025095e-35 0.70008480548858654 1.0000000180025095e-35 0.60107529163360607 5.5000000000000009 0.66324833035469066 0.49657534062862402 5.5000000000000009 0.6832355558872224 2.5000000000000004 0.55051019787788402 1.0000000180025095e-35
decision_type=2 2 2 2 2 2 2 2 2 2 2 2 2 2 2 2 2 2 2 2 2 2 2 2 2 2 2 2 2 2
left_child=2 7 3 21 10 -3 9 23 11 12 27 -8 -7 -6 20 19 17 -5 -19 26 -15 -1 -16 24 29 -10 -9 -4 -21 -2
right_child=1 5 4 16 13 6 8 15 25 -11 -12 -13 -14 14 22 -17 -18 18 -20 28 -22 -23 -24 -25 -26 -27 -28 -29 -30 -31
leaf_value=-0.089268149220303961 0.12585187039436574 0.10112536573618311 -0.010771554181103933 0.098363801399532796 -0.099187549747704495 0.036744949441256301 -0.029408793568941959 -0.084358006911189248 0.096795223203111305 0.096110449171278534 0.044442385171247718 0.061513099290777432 -0.028328813515304724 -0.097982957982152577 0.072316872859560927 0.057767686916070753 0.097491180964664012 -0.089245890124688532 0.084361681545563755 0.0044826046750337982 -0.027796383986758568 0.031694561575078779 -0.020485168807113981 0.075776693188898417 0.071907169059515968 0.074758817964149488 0.072202452438218045 -0.075085984263730324 -0.063458353084827251 -0.034644745507824926
leaf_weight=5874.5140545964241 80.479602336883545 49103.811978429556 808.54032824933529 3038.5615146160126 77051.367886319757 6377.2687535881996 2290.9130766391754 9125.6371177583933 27994.002109244466 3077.8537963032722 3817.7131528109312 8164.548754543066 4536.476380854845 12226.248790279031 1834.3259133696556 376.2650992423296 6511.2932040989399 1154.2952109128237 398.64978417754173 1138.3988249599934 1075.696107879281 326.12639352679253 546.23426951467991 1373.9682674109936 625.62723112106323 7134.0737503916025 105.6273950189352 1887.5079495608807 742.34220635890961 1134.9697808325291
leaf_count=33760 342 290531 3719 15901 461917 30913 10755 48705 166904 15202 16317 40767 18460 70512 9077 1670 35455 6076 1631 4772 4942 1507 2435 5823 2726 41363 454 9157 3497 5003
internal_value=2.71811e-05 0.0679708 -0.0718971 0.020282 -0.08797 0.0832476 0.0685022 -0.044926 0.0807013 0.0287324 0.00286965 0.0415712 0.00968074 -0.0943523 -0.0705613 -0.0680581 0.0779099 0.0500307 -0.0444494 -0.0723571 -0.0923317 -0.0828598 0.0509575 0.0376591 0.00899769 0.0923357 -0.0825111 -0.0559131 -0.0223465 -0.0234145
internal_weight=239933 123382 116551 17303.4 99247.6 108679 59575.1 14703.3 45583.5 13991.6 6513.76 10455.5 10913.7 92733.9 15682.5 11488.3 11102.8 4591.51 1552.94 11112 13301.9 6200.64 2380.56 3215.04 1841.08 35128.1 9231.26 2696.05 1880.74 1215.45
internal_count=1360293 687887 672406 94330 578076 614895 324364 72992 259789 64575 29193 51522 49373 548883 86966 59098 59063 23608 7707 57428 75454 35267 11512 13894 8071 208267 49159 12876 8269 5345
is_linear=0
shrinkage=0.08


Tree=12
num_leaves=31
num_cat=0
split_feature=10 3 19 0 9 19 19 12 10 3 1 0 0 4 10 0 10 10 9 12 15 1 10 0 10 15 3 3 0 1
split_gain=163557 31031.4 23148.5 14037.7 8482.78 4710.07 3932.74 4687.45 2540.44 2282.85 2175.36 2110.11 1854.16 1606.76 1509.67 6060.21 841.157 801.229 2852.67 1093.84 668.214 598.392 571.342 510.817 448.145 411.554 386.825 315.161 286.106 257.63
threshold=0.73024791479110729 0.60922586917877208 1.0000000180025095e-35 0.55403152108192455 1.0000000180025095e-35 1.0000000180025095e-35 1.0000000180025095e-35 1.0000000180025095e-35 0.97989273071289074 0.83752354979515087 0.84273937344551098 0.95275297760963451 0.50944742560386669 8.5000000000000018 0.58381736278533947 0.6911335587501527 0.89326858520507824 0.46583126485347753 0.24626532942056659 1.0000000180025095e-35 0.087426383048295989 0.64549729228019725 0.90204423666000377 0.21680375933647159 0.83375209569931041 0.039140177890658386 0.90501254796981823 0.69631093740463268 0.90366768836975109 0.77015754580497753
decision_type=2 2 2 2 2 2 2 2 2 2 2 2 2 2 2 2 2 2 2 2 2 2 2 2 2 2 2 2 2 2
left_child=2 5 3 21 10 24 -3 8 11 13 26 -8 16 -9 -6 20 -7 18 -5 -20 -16 27 -14 -18 -2 -17 -4 -1 -12 -19
right_child=1 6 4 17 14 12 7 9 -10 -11 28 -13 22 -15 15 25 23 29 19 -21 -22 -23 -24 -25 -26 -27 -28 -29 -30 -31
leaf_value=-0.088466074310959472 -0.003550186297763431 0.098990107828431206 -0.069435997707869707 0.094563850998373888 -0.097260924190980674 -0.088235572255046413 -0.0058923443352010621 0.063395147174752781 0.093045659459665517 0.09181595044737606 0.017687277337850013 0.09534132096754197 -0.035265861571342344 -0.016664650754074962 0.066810281997813345 0.075250073014100458 0.014914604206905003 0.058474959204922572 -0.085839655167457632 0.070780265685320212 -0.093469247454426696 0.02809189890623856 0.063843255920536884 -0.05533386679830659 0.058819600283819655 0.010284382707285416 0.031868191131505193 0.038479358365816563 0.060369311601923846 0.10178839673169195
leaf_weight=5529.4924669116735 987.65816496312618 45996.084000259638 2102.2027112394571 2835.5616831183434 71395.433738023043 6462.4523441493511 9203.3025889545679 9437.7202241122723 2890.4831516295671 30890.598526999354 2088.7474567890167 1532.5094973742962 613.66581554710865 1926.9415544867516 164.12394951283932 1298.4867414236069 775.58112877607346 1128.4366944730282 1051.1609952002764 385.71923090517521 13039.705684095621 308.02246490120888 926.58181741833687 4335.5576410293579 2843.6777721643448 1213.1855370104313 267.20131392776966 123.66050086915493 1968.5109183192253 4830.4387858957052
leaf_count=33558 4422 289439 10676 15586 454104 35809 40161 51010 14905 194361 8736 8806 2752 8705 727 6634 3301 5612 5820 1578 78835 1344 4193 22570 12718 5526 1080 614 8727 28151
internal_value=-5.4571e-05 0.0649779 -0.0704772 0.017823 -0.0857648 -0.0352507 0.0816513 0.0673693 0.0265376 0.080528 0.0029061 0.00858126 -0.0580493 0.0498051 -0.0923082 -0.0697741 -0.0690237 0.0746751 0.0480683 -0.0435856 -0.0914403 -0.0797078 0.0242663 -0.0446387 0.0427163 0.0440168 -0.0579013 -0.0856294 0.0384841 0.0936688
internal_weight=228553 118823 109730 16192.5 93537.6 16945.2 101878 55881.6 13626.3 42255.3 6426.66 10735.8 13113.8 11364.7 87110.9 15715.5 11573.6 10231.3 4272.44 1436.88 13203.8 5961.18 1540.25 5111.14 3831.34 2511.67 2369.4 5653.15 4057.26 5958.88
internal_count=1360460 693152 667308 92263 575045 85765 607387 317948 63872 254076 29219 48967 68625 59715 545826 91722 61680 56747 22984 7398 79562 35516 6945 25871 17140 12160 11756 34172 17463 33763
is_linear=0
shrinkage=0.08


Tree=13
num_leaves=31
num_cat=0
split_feature=10 3 19 3 9 19 19 4 10 2 0 3 11 2 10 2 10 2 1 10 9 11 10 3 10 1 2 0 2 0
split_gain=146493 32922 17154.8 11449.8 8023.15 4617.56 4159.55 3761.73 2177.59 1914.63 1828.25 1715.93 1680.06 1313 1000.85 4505.4 936.209 801.084 754.712 623.033 2562.55 1011.39 595.767 533.052 527.971 518.766 407.674 378.078 371.296 289.976
threshold=0.70385184884071361 0.61451050639152538 1.0000000180025095e-35 0.6838774085044862 1.0000000180025095e-35 1.0000000180025095e-35 1.0000000180025095e-35 5.5000000000000009 0.98280790448188793 0.6789083480834962 0.50944742560386669 0.9495762586593629 1.0000000180025095e-35 0.9547502100467683 0.56949043273925792 0.6789083480834962 0.89326858520507824 0.60088497400283825 0.89512962102890026 0.46583126485347753 0.24626532942056659 1.0000000180025095e-35 0.88934239745140087 0.87226107716560375 0.81585493683815014 0.58885449171066295 0.91545844078063976 0.78611555695533764 0.91545844078063976 0.44136746227741247
decision_type=2 2 2 2 2 2 2 2 2 2 2 2 2 2 2 2 2 2 2 2 2 2 2 2 2 2 2 2 2 2
left_child=2 5 3 17 9 24 -3 12 11 27 16 -9 13 -8 -6 23 -7 -1 -14 20 -5 -22 -12 -16 -2 -18 -17 -4 -11 -26
right_child=1 6 4 19 14 10 7 8 -10 28 22 -13 18 -15 15 26 25 -19 -20 -21 21 -23 -24 -25 29 -27 -28 -29 -30 -31
leaf_value=-0.083989714706019042 -0.012940675595648947 0.097038994304769033 -0.071963314179531154 0.092751354466711899 -0.09568154730767757 -0.087006261766207502 0.033745885533769671 -0.017779650324682889 0.083930793776560084 0.012670275396786975 -0.03852904435785718 0.046218236426317318 0.067545083545759263 0.095682525508900981 -0.091792930130020947 0.013394171944608235 -0.047744166709669404 0.055515819310237344 0.095534556470098092 0.091829737790368363 -0.080007274609864898 0.082151176577444196 0.056021762475670027 0.057185228718362534 0.038546838085474711 0.079890717267899342 0.090019031200069308 0.05605768298430519 0.060601327867322738 0.09377322066428273
leaf_weight=5353.3304033577442 993.71899026632309 44449.507186248899 1864.473393574357 2707.9655953943729 65440.773342803121 7632.3781984299421 8263.532084196806 5948.3805899918079 3459.7117886990309 2530.4805420190096 711.78872480988503 4871.2044686079025 9110.2672896534204 2988.8718875348568 12085.338929206133 1199.0371341407299 4805.8783852905035 272.34522213041782 19868.085181280971 4277.0230209082365 1037.830786138773 316.92068998515606 1045.3805478066206 151.2284209728241 2240.3871540427208 207.51273530721664 708.90430104732513 155.25038653612137 1761.527460321784 849.36734162271023
leaf_count=33881 4611 296909 9819 15601 442725 45166 40114 28597 19857 10754 3298 27411 54795 18859 77936 5509 24918 1301 132406 25150 5868 1314 4800 673 9764 926 3662 640 7977 4217
internal_value=-9.33483e-06 0.0605567 -0.0712408 0.0109784 -0.08461 -0.0374272 0.0788634 0.0640319 0.028725 0.00218292 -0.0587167 0.0110268 0.0765545 0.0502469 -0.091495 -0.0720874 -0.0693407 -0.0771644 0.0867539 0.070466 0.0478508 -0.0417928 0.01763 -0.0899161 0.0376046 -0.0423549 0.042109 -0.0619296 0.032427 0.0539071
internal_weight=217308 117446 99862.4 13965.4 85897 18486.4 98959.6 54510.1 14279.3 6311.73 14402.9 10819.6 40230.8 11252.4 79585.3 14144.5 12645.8 5625.68 28978.4 8339.74 4062.72 1354.75 1757.17 12236.6 4083.47 5013.39 1907.94 2019.72 4292.01 3089.75
internal_count=1359458 716648 642810 83115 559695 97700 618948 322039 75865 29190 79108 56008 246174 58973 530505 87780 71010 35182 187201 47933 22783 7182 8098 78609 18592 25844 9171 10459 18731 13981
is_linear=0
shrinkage=0.08


Tree=14
num_leaves=31
num_cat=0
split_feature=14 3 19 0 9 9 19 19 12 3 5 2 3 2 14 0 4 14 14 9 12 4 2 0 2 12 9 3 0 0
split_gain=93728.9 31731.7 29067.8 12361.1 6221.52 6873.51 4280.47 3792.92 4585.81 3593.44 2525.3 2105.33 2041.29 1742.56 1637.25 7206.17 1208.88 1167.71 907.099 1849.92 1966.13 785.445 682.74 626.527 562.923 535.862 474.503 467.04 442.086 406.28
threshold=0.38675214350223547 0.65485891699790966 1.0000000180025095e-35 0.49731183052062994 0.70613268017768871 1.0000000180025095e-35 1.0000000180025095e-35 1.0000000180025095e-35 1.0000000180025095e-35 0.65485891699790966 1.0000000180025095e-35 0.95024752616882335 0.84660634398460399 0.73735308647155773 0.10818713530898096 0.6106402873992921 7.5000000000000009 0.83974358439445507 0.097619049251079573 1.0000000180025095e-35 1.0000000180025095e-35 8.5000000000000018 0.48528139293193823 0.25158227980136877 0.53410854935646068 1.0000000180025095e-35 0.60891634225845348 0.49657534062862402 0.58885449171066295 0.83910790085792553
decision_type=2 2 2 2 2 2 2 2 2 2 2 2 2 2 2 2 2 2 2 2 2 2 2 2 2 2 2 2 2 2
left_child=2 6 3 -1 5 13 22 -3 11 -6 17 21 16 29 26 -16 -10 28 19 -5 -21 -9 23 -2 -19 -11 -7 -25 -8 -4
right_child=1 7 4 18 9 14 10 8 12 25 -12 -13 -14 -15 15 -17 -18 24 -20 20 -22 -23 -24 27 -26 -27 -28 -29 -30 -31
leaf_value=-0.073045699643623063 0.059797143934061117 0.095356996429223295 -0.059465256307471417 0.090942134801315563 -0.074473741705165727 -0.094562931492808977 -0.082588748855998442 0.015917522897322345 0.058209201861220333 0.0040338094909949853 0.039088796219001062 0.091662937590890503 0.087710477452625779 0.036098013220631386 -0.090391188695306379 0.02256521135931909 -0.013772556219840306 -0.040055443024206008 0.089839547556695612 -0.076303377021973942 0.083825495944350653 -0.037643838696364618 0.086020704006557841 -0.041162480317763456 0.051560361860828956 0.088645478430010416 0.010378221427575463 0.038569717480185235 0.010696396053670882 0.065678099871628412
leaf_weight=4866.4767140448093 1249.6272847652435 36041.06859561801 2291.1953281015158 2582.7915822267532 1740.7494256198406 50542.580244153738 9853.9779662936926 8153.3666509985924 7398.3370114564896 611.89835460484028 1668.1353488266468 2129.6423161476851 25171.999947339296 3739.4864442944527 18324.247681260109 4497.7164581716061 1864.1166400909424 3893.8151729851961 9148.6973099857569 1200.6001586019993 822.30493849515915 2225.7728781104088 1196.2289348691702 1286.5102401673794 476.56119982898235 2278.7255594432354 273.56384320557117 733.1223226338625 331.97982586920261 173.71870587766171
leaf_count=32091 5650 257363 11909 15684 10907 364713 59735 37430 44464 2837 8372 14056 177099 16517 129180 24458 8885 20586 59817 7113 4704 9388 6899 5987 2246 14767 1577 3395 1517 721
internal_value=1.41153e-05 0.053725 -0.0539972 0.0364665 -0.0739412 -0.0791703 -0.0349009 0.0758243 0.0608159 0.0161587 -0.0539916 0.019303 0.0758864 0.00166885 -0.0859833 -0.0681228 0.0437056 -0.0646792 0.0752374 0.0461312 -0.0110864 0.00440346 0.0344081 0.0153716 -0.0299813 0.0708277 -0.0939939 -0.0121171 -0.079529 -0.0504657
internal_weight=206769 103674 103095 18620.9 84473.9 79842.5 20690 82984.3 46943.2 4631.37 16224.5 12508.8 34434.5 6204.4 73638.1 22822 9262.45 14556.3 13754.4 4605.7 2022.91 10379.1 4465.49 3269.26 4370.38 2890.62 50816.1 2019.63 10186 2464.91
internal_count=1360067 663072 696995 119409 577586 549075 114387 548685 291322 28511 92456 60874 230448 29147 519928 153638 53349 84084 87318 27501 11817 46818 21931 15032 22832 17604 366290 9382 61252 12630
is_linear=0
shrinkage=0.08


Tree=15
num_leaves=31
num_cat=0
split_feature=14 3 19 0 2 11 19 19 2 11 0 15 3 14 0 2 15 14 16 2 15 15 11 0 15 3 15 15 4 14
split_gain=83809.7 28435.5 26019.4 11016.8 5675.82 9413.07 3818.52 3795.47 3455.5 2737.58 2270.38 1345.43 1329.36 1085.91 957.751 922.739 861.062 685.307 648.235 625.483 643.304 612.427 520.52 514.187 2481.4 502.056 575.557 488.268 456.678 454.898
threshold=0.38675214350223547 0.65485891699790966 1.0000000180025095e-35 0.49731183052062994 0.7320508360862733 1.0000000180025095e-35 1.0000000180025095e-35 1.0000000180025095e-35 0.89943820238113414 1.0000000180025095e-35 0.5673658847808839 1.0000000180025095e-35 0.84660634398460399 0.88194444775581371 0.8216732144355775 0.6789083480834962 0.29898354411125189 0.18898809701204303 0.88047617673873912 0.49752475321292883 0.66324833035469066 0.50703236460685741 1.0000000180025095e-35 0.6106402873992921 0.21621131151914599 0.80982521176338207 0.24904147535562518 0.31671878695487982 5.5000000000000009 0.074175827205181136
decision_type=2 2 2 2 2 2 2 2 2 2 2 2 2 2 2 2 2 2 2 2 2 2 2 2 2 2 2 2 2 2
left_child=2 7 3 21 14 11 -3 19 9 16 13 18 -11 -9 23 25 -8 -13 -6 20 -2 -1 -16 -4 -25 26 -5 -15 -10 -17
right_child=1 6 4 15 5 -7 8 10 28 12 -12 17 -14 27 22 29 -18 -19 -20 -21 -22 -23 -24 24 -26 -27 -28 -29 -30 -31
leaf_value=-0.079325278921195827 -0.012546693082716781 0.093767239790892354 -0.090542080587198884 -0.032134143198924894 -0.058717295435252288 0.08754655034967472 -0.0037270846940033338 -0.07684218354852082 0.08689694657094664 0.032505679727078636 0.031940273836881854 -0.092513203223303878 0.077257005665775411 0.074772494837451242 -0.038478636784835249 0.059392106859632351 0.066789467212449397 -0.0084372564628459983 -0.018975579162236567 0.084808489956466518 0.060091867904658508 0.024848379360713678 0.098370979214850301 -0.082460959543948942 0.046329927616233106 0.072980867956725953 0.063079164813765159 -0.035030695487290639 -0.02187792808532274 0.095829107658104498
leaf_weight=4261.8964555710554 2043.4086441546679 33786.599686533213 44144.718629315495 1044.288009211421 5887.9641471356153 3287.5943627208471 8292.5385798364878 9850.2963967472315 17727.227313071489 7246.196833088994 1839.9088993817568 6961.2238277792931 10359.155882224441 272.78549413383007 778.61578279733658 3313.7895610928535 1273.6268793046474 686.94190603494644 4778.6818703711033 1097.2692144066095 1253.6158867478371 389.82788108289242 224.93175305426121 12264.365450561047 1033.6783261150122 1156.9846970438957 657.69477389752865 3774.780929967761 246.3035627156496 6883.0815727263689
leaf_count=30054 9724 257250 334290 5696 36956 20914 38501 61916 127577 42007 9187 53506 75868 1377 5086 21150 6057 3303 28207 6667 5608 1962 1321 88805 5522 7497 3635 20215 1390 49133
internal_value=-8.7114e-05 0.051769 -0.0526383 0.0351013 -0.0720502 -0.0369856 0.0734149 -0.0330872 0.0581709 0.0401465 -0.0514429 -0.0593662 0.0588613 -0.0625008 -0.0850034 0.0727668 0.00567467 -0.084993 -0.0409451 0.0325992 0.0150731 -0.0705436 -0.00731136 -0.0863572 -0.0724242 0.0324329 0.00464226 -0.0275079 0.0853918 0.0840384
internal_weight=196820 99063.7 97756.3 17707.6 80048.7 21602.4 78931.6 20132.1 45145 27171.5 15737.8 18314.8 17605.4 13897.9 58446.3 13055.8 9566.17 7648.17 10666.6 4394.29 3297.02 4651.72 1003.55 57442.8 13298 2858.97 1701.98 4047.57 17973.5 10196.9
internal_count=1360381 663344 697037 119127 577910 142886 548650 114694 291400 162433 92695 121972 117875 83508 435024 87111 44558 56809 65163 21999 15332 32016 6407 428617 94327 16828 9331 21592 128967 70283
is_linear=0
shrinkage=0.08


Tree=16
num_leaves=31
num_cat=0
split_feature=10 3 19 0 9 19 12 0 10 19 0 10 0 10 3 4 3 15 0 15 10 9 12 16 10 9 0 16 15 0
split_gain=107238 18807 16387.9 9486.93 7262.61 4369.06 3620.26 3213.17 2213.73 2174.66 1585.06 1523.74 5196.58 1495.36 1364.05 874.964 829.511 809.244 661.691 635.804 580.683 2020.29 718.069 553.326 437.107 526.1 395.322 392.651 375.921 288.779
threshold=0.74007874727249157 0.54261502623558056 1.0000000180025095e-35 0.6106402873992921 1.0000000180025095e-35 1.0000000180025095e-35 1.0000000180025095e-35 0.61348485946655285 0.98280790448188793 1.0000000180025095e-35 0.95275297760963451 0.56949043273925792 0.6911335587501527 0.89195534586906444 0.79205974936485302 8.5000000000000018 0.56949809193611156 0.68052169680595409 0.45852446556091314 0.082952786237001433 0.44161255657672888 1.0000000180025095e-35 1.0000000180025095e-35 0.58032256364822399 0.57909116148948681 1.0000000180025095e-35 0.90366768836975109 0.53529900312423717 0.037966517731547363 0.44136746227741247
decision_type=2 2 2 2 2 2 2 2 2 2 2 2 2 2 2 2 2 2 2 2 2 2 2 2 2 2 2 2 2 2
left_child=2 9 3 16 14 -3 8 13 10 23 -7 -6 19 -8 -4 -9 -1 18 -11 -13 21 -5 -23 -2 25 -18 -16 -19 -14 -25
right_child=1 5 4 20 11 6 7 15 -10 17 -12 12 28 -15 26 -17 24 27 -20 -21 -22 22 -24 29 -26 -27 -28 -29 -30 -31
leaf_value=-0.080894220467759528 0.056003232316829632 0.092210387965754009 -0.060102168031125926 0.08744714467656349 -0.091210112731964485 -0.0082772998028766576 -0.049796537031430256 0.08215887849865175 0.086669933304369451 -0.078009641594901216 0.087712097722365753 0.066427844674337044 0.067010539517238024 0.041727247813812963 0.0074401269430091231 0.037793329248590787 0.084290636581754952 0.015257562696700769 0.011134312442522904 -0.08642825231447597 0.087467976870866479 -0.083480973350931575 0.070242163737167407 -0.034287320994735124 0.049279895414139539 -0.071119704083667371 0.054945271525835997 -0.052671748785578898 0.0076926494526625465 0.064839801609799144
leaf_weight=4266.7269193679094 1561.3569885194302 36124.993051841855 1497.92571875453 2212.9039254933596 54572.167541913688 9244.3128796219826 1797.6601270735264 28699.246608532965 2514.0909135788679 6117.5601531267166 1244.6072556078434 172.00267812609673 1352.1450819075108 3112.738416865468 2651.086858227849 3187.4900644868612 165.14330802857876 1245.3676314800978 579.04547803103924 12447.203900739551 5099.3467452973127 806.14520804584026 250.51259595155716 997.6597206890583 502.94760105758905 761.02606251835823 1951.8072997629642 957.40258106589317 1394.7687963396311 225.93389588594437
leaf_count=31398 7003 290194 8950 14922 442801 41276 8864 215878 14503 40797 8763 814 7763 16207 11360 21096 787 5596 3123 92771 36120 4906 1082 4448 2555 4366 8987 5312 6682 1041
internal_value=-2.34062e-05 0.0580698 -0.0629573 0.0163574 -0.0776301 0.0710194 0.0556366 0.0684594 0.0193247 -0.0371359 0.00313385 -0.084932 -0.0626027 0.00817195 0.00605158 0.0777356 -0.063237 -0.0564407 -0.0702751 -0.0843066 0.0705535 0.0440309 -0.0467264 0.0244865 -0.0103105 -0.0429332 0.0276567 -0.0142469 0.0370182 -0.0156641
internal_weight=187713 97609.5 90103.9 14064.8 76039.1 85925.1 49800.1 36797.1 13003 11684.3 10488.9 69938.3 15366.1 4910.4 6100.82 31886.7 5695.84 8899.38 6696.61 12619.2 8368.91 3269.56 1056.66 2784.95 1429.12 926.169 4602.89 2202.77 2746.91 1223.59
internal_count=1360365 684101 676264 96136 580128 616781 326587 262045 64542 67320 50039 550831 108030 25071 29297 236974 39106 54828 43920 93585 57030 20910 5988 12492 7708 5153 20347 10908 14445 5489
is_linear=0
shrinkage=0.08


Tree=17
num_leaves=31
num_cat=0
split_feature=10 3 10 19 0 19 11 19 10 10 2 10 3 1 3 10 10 2 19 0 3 11 10 0 16 5 2 2 3 5
split_gain=96441.5 21259.4 12144.1 7131.45 5724.56 3840 3175.03 3146.78 2044.96 1895.23 1998.48 1825.69 1737.67 1685.01 1184.61 1028.2 984.212 3670.27 896.582 675.952 496.814 496.461 441.073 438.383 605.4 425.474 401.253 381.347 340.834 312.709
threshold=0.70385184884071361 0.63245612382888805 1.0000000180025095e-35 1.0000000180025095e-35 0.61348485946655285 1.0000000180025095e-35 1.0000000180025095e-35 1.0000000180025095e-35 0.4226078093051911 0.98092204332351696 0.9569842815399171 0.88146743178367626 0.8521554470062257 0.70659971237182628 0.49657534062862402 0.90486964583396923 0.55078604817390453 0.68133461475372326 1.0000000180025095e-35 0.24068965017795566 0.87226107716560375 1.0000000180025095e-35 0.63300246000289928 0.45512083172798162 0.55051019787788402 1.0000000180025095e-35 0.84262126684188854 0.94932374358177196 0.84273937344551098 1.0000000180025095e-35
decision_type=2 2 2 2 2 2 2 2 2 2 2 2 2 2 2 2 2 2 2 2 2 2 2 2 2 2 2 2 2 2
left_child=2 7 13 4 22 -3 9 23 21 10 -7 25 15 28 19 -8 -5 20 -15 -13 -18 -6 -4 24 -2 -9 -20 -19 -1 -24
right_child=1 5 3 16 8 6 12 11 -10 -11 -12 14 -14 18 -16 -17 17 27 26 -21 -22 -23 29 -25 -26 -27 -28 -29 -30 -31
leaf_value=-0.068299422979379867 0.050978608826265315 0.091243796477925035 -0.079928138016491748 -0.090353548115653576 -0.081175119837465573 -0.0017880965800061424 0.0029898448566230895 -0.077390575911351928 0.081721228520159298 0.085202856409173841 0.089151425496196812 0.010526932734279409 0.083029434728620011 0.08686930551653968 0.026860091570078022 0.059585742107017239 -0.085098918687190425 0.014038875950028132 -0.0019309178212742065 -0.063519841873507885 0.052789940223678639 0.068311093280569543 -0.033008807599111858 0.07620092722814352 -0.021045191533751621 0.018355607944614473 0.04462910945268149 0.094750657458866974 0.043881620379602609 0.11794121164467398
leaf_weight=1217.7690209597349 1644.0287150889635 34134.809310771525 4206.1734623610973 49290.405241549015 733.34374362230301 10338.767349302769 2987.3522886186838 6683.396098472178 3598.5037654191256 2760.7783569917083 1812.9665932878852 1095.8749036490917 21460.37985098362 2092.504435762763 2650.9493795335293 6620.5800082460046 11391.665345177054 1471.3936452418566 2115.6766574084759 2769.8517783731222 165.15045326948166 170.89343549311161 619.22758147120476 1168.3371041640639 1357.6280831471086 306.24127244949341 2667.366058036685 501.79209440946579 196.63692699372768 97.03227761387825
leaf_count=7846 7523 295192 31651 427925 4660 48363 17176 46612 25672 17202 13983 5098 178485 14835 13148 42632 92230 7231 9192 17454 786 754 4163 6899 6324 1365 12228 2879 958 489
internal_value=-3.27206e-06 0.053384 -0.0648312 -0.0753545 -0.0104388 0.0709045 0.0557934 -0.0260138 0.0546977 0.0254219 0.0117975 -0.0447711 0.0703599 0.0268492 -0.0142617 0.042016 -0.0850899 -0.0658763 0.0432203 -0.0425009 -0.0830926 -0.0525272 -0.0700491 0.0346822 0.0183687 -0.0731626 0.0240204 0.0348328 -0.0524912 -0.0116618
internal_weight=178327 97791.9 80535.5 72245.6 9425.17 80115.6 45980.8 17676.3 4502.74 14912.5 12151.7 13506.3 31068.3 8289.95 6516.68 9607.93 62820.4 13530 6875.55 3865.73 11556.8 904.237 4922.43 4169.99 3001.66 6989.64 4783.04 1973.19 1414.41 716.26
internal_count=1360955 717456 643499 598440 67389 613033 317841 104423 31086 79548 62346 83677 238293 45059 35700 59808 531051 103126 36255 22552 93016 5414 36303 20746 13847 47977 21420 10110 8804 4652
is_linear=0
shrinkage=0.08


Tree=18
num_leaves=31
num_cat=0
split_feature=10 3 19 3 10 19 2 10 12 19 10 2 2 3 2 2 0 2 0 10 10 12 2 14 10 2 16 12 10 10
split_gain=86359.7 14441.5 13999.1 7791.05 6355.52 4277.6 3514.91 3024.51 2188.45 1647.17 1564.87 4827.98 1131.45 780.504 747.007 726.143 563.895 522.131 473.146 443.212 523.788 421.956 508.422 405.741 938.63 394.742 319.079 262.883 256.546 241.788
threshold=0.74521982669830333 0.54261502623558056 1.0000000180025095e-35 0.66260164976120006 1.0000000180025095e-35 1.0000000180025095e-35 0.90815371274948131 0.98280790448188793 1.0000000180025095e-35 1.0000000180025095e-35 0.56479570269584667 0.6789083480834962 0.65648320317268383 0.86319074034690868 0.2237871661782265 0.6911335587501527 0.44136746227741247 0.56691542267799389 0.26365442574024206 0.56479570269584667 1.0000000180025095e-35 1.0000000180025095e-35 0.9634092152118684 0.074175827205181136 1.0000000180025095e-35 0.91331186890602123 0.47871376574039465 1.0000000180025095e-35 0.91592711210250866 0.63798391819000255
decision_type=2 2 2 2 2 2 2 2 2 2 2 2 2 2 2 2 2 2 2 2 2 2 2 2 2 2 2 2 2 2
left_child=2 9 3 17 12 -3 7 8 -7 18 -6 13 -4 -12 -11 19 26 29 -2 20 -5 22 -8 24 -17 -13 -16 -20 -18 -1
right_child=1 5 4 15 10 6 21 -9 -10 14 11 25 -14 -15 16 23 28 -19 27 -21 -22 -23 -24 -25 -26 -27 -28 -29 -30 -31
leaf_value=-0.082656362875525607 0.057039496608157457 0.089636001002759397 -0.052447289151826483 0.070030790503976564 -0.088734785462886545 -0.013762498661062326 0.026662971117918436 0.078884113318501828 0.038580457105334899 0.0029814356775121138 -0.083351510631026762 0.014970603665874979 0.026449355361115031 0.05752034899427453 -0.030092474083406175 0.08541389756922492 -0.041052890330472422 0.038315757723321159 0.11011336194082158 0.061872932408081616 -0.052939682984116165 0.089480711202992821 0.089472257756019469 0.092134090774356012 -0.013496418490931625 0.079037606825755211 -0.078393016667305443 -0.019434090717859401 0.052000569689752266 -0.033416377509539012
leaf_weight=3542.2007382214069 1283.2157674133778 31370.598744988441 1586.4679019451141 311.10299246013165 47466.044068984687 7699.603661864996 1729.9746404513717 7717.0080430880189 15173.076832532883 1395.8954577594995 11850.780954636633 1722.6597994938493 4315.6978716552258 252.51966062188148 1093.9317650049925 1766.5052041858435 385.25939187407494 279.15039627254009 103.19891901314259 834.68630535900593 734.318663880229 12062.319573529065 1599.2820608839393 3791.3640132397413 933.9869100600481 962.57837775349617 4824.0728175714612 1331.1191327422857 363.29113852977753 804.51938189566135
leaf_count=29275 5934 287722 9645 1878 439858 32910 9428 54671 107541 7143 98391 8652 19497 1221 6452 13528 2428 1455 463 5661 4268 107502 13136 31209 5938 6234 35172 6010 1912 5141
internal_value=-6.80854e-05 0.0547603 -0.059612 0.0164581 -0.0741214 0.0668499 0.0512926 0.0355842 0.0209542 -0.0319649 -0.081643 -0.0588477 0.00518887 -0.0803766 -0.0501185 0.0624957 -0.0612548 -0.0668044 0.0218279 0.0185408 -0.0160339 0.0824801 0.0569717 0.0751768 0.0511841 0.0381004 -0.0695247 -0.00965187 0.00394144 -0.0736283
internal_weight=169286 88131.8 81154.6 12997.8 68156.7 77351.9 45981.3 30589.7 22872.7 10780 62254.6 14788.5 5902.17 12103.3 8062.45 8371.96 6666.56 4625.87 2717.53 1880.11 1045.42 15391.6 3329.26 6491.86 2700.49 2685.24 5918 1434.32 748.551 4346.72
internal_count=1360275 678424 681851 98353 583498 612910 325188 195122 140451 65514 554356 114498 29142 99612 53107 62482 45964 35871 12407 11807 6146 130066 22564 50675 19466 14886 41624 6473 4340 34416
is_linear=0
shrinkage=0.08


Tree=19
num_leaves=31
num_cat=0
split_feature=10 3 10 12 10 10 2 2 3 2 1 16 10 14 4 0 3 12 6 2 2 6 14 2 12 15 2 1 6 3
split_gain=77240.9 19694.1 10870.5 3568.6 2932.4 2792.44 6587.4 1542.29 1504.96 1489.29 1371.45 1002.36 958.177 1629.8 914.679 888.562 874.134 871.904 842.127 778.123 585.823 432.629 423.681 2291.53 736.582 350.227 347.356 325.897 320.079 292.896
threshold=0.68194955587387096 0.65485891699790966 1.0000000180025095e-35 1.0000000180025095e-35 0.83087757229805004 0.55078604817390453 0.65648320317268383 0.95024752616882335 0.83047896623611461 0.49752475321292883 0.7320508360862733 0.45049019157886511 0.98280790448188793 0.91987180709838878 7.5000000000000009 0.81769305467605602 0.8263767957687379 1.0000000180025095e-35 1.0000000180025095e-35 0.58499062061309826 0.68133461475372326 1.0000000180025095e-35 0.08893280848860742 0.68133461475372326 1.0000000180025095e-35 0.59627714753150951 0.89769753813743602 0.92390406131744396 1.0000000180025095e-35 0.84273937344551098
decision_type=2 2 2 2 2 2 2 2 2 2 2 2 2 2 2 2 2 2 2 2 2 2 2 2 2 2 2 2 2 2
left_child=2 4 10 7 19 22 16 12 14 11 29 -6 13 -3 20 -16 28 26 -13 21 -5 25 -4 -24 -25 -2 -8 -12 -7 -1
right_child=1 3 5 8 9 6 17 -9 -10 -11 27 18 -14 -15 15 -17 -18 -19 -20 -21 -22 -23 23 24 -26 -27 -28 -29 -30 -31
leaf_value=-0.060916461932408426 -0.078204509680181361 0.038449272958172909 -0.088441053888093327 0.036891867898722987 0.029625464547091186 -0.082697337254987485 -0.034655323980171383 0.086178520322121255 0.084485341057314561 0.049834152948923266 0.014088687799423873 -0.039849704702278214 0.079576761976469956 -0.021765347582235028 0.021524559269186949 -0.1701082738769879 0.047793672322172201 0.084309267811091312 0.072863348007561821 0.043291727711369764 0.07811811763090068 0.031116079678027115 -0.083652285003678092 -0.026751497930891485 0.094857007934647936 -0.019972965997262029 0.0554478354557374 0.052905288455922836 -0.028818343358558225 0.036498237131339997
leaf_weight=1223.2922007888556 6215.8766006007791 7913.6474421322346 36761.540266543627 3464.2889848724008 2325.0055501163006 9495.3478785157204 737.13566004484892 3169.6546557247639 42664.077048100531 3039.4726664870977 2048.4305410161614 5876.0427010208368 1762.8618881329894 4510.6036466062069 2261.1961420327425 161.1405680924654 357.56560645997524 2171.0453465655446 451.75189568847418 419.62728694081306 6235.6113140508533 265.88135086745024 9534.0221113339067 669.64771554619074 598.0494636297226 752.6981903091073 428.80453605204821 4378.3228310644627 779.8680397644639 229.75792396068573
leaf_count=8346 47967 49251 362281 25492 11185 87439 4025 29512 412643 17678 10344 35848 11060 19859 12954 832 2158 16234 2328 2271 50873 1331 90892 4787 3526 4639 2880 25079 5206 1147
internal_value=-0.000109073 0.0481688 -0.0637428 0.0673893 -0.0234957 -0.075072 -0.0435777 0.0357458 0.0774072 0.00169517 0.0246977 -0.0152152 0.0244406 0.0165756 0.052458 0.00838655 -0.0743523 0.0543974 -0.0317265 -0.0619738 0.0634374 -0.0681274 -0.0843133 -0.0702161 0.0306401 -0.0719565 -0.00128566 0.0405785 -0.0786396 -0.0453311
internal_weight=160902 91489.4 69412.8 72143.1 19346.4 61533 13969.8 17356.8 54786.3 11692.3 7879.8 8652.8 14187.1 12424.3 12122.2 2422.34 10632.8 3336.99 6327.79 7654.08 9699.9 7234.46 47563.3 10801.7 1267.7 6968.57 1165.94 6426.75 10275.2 1453.05
internal_count=1360067 735723 624344 612476 123247 579428 117942 109682 502794 67039 44916 49361 80170 69110 90151 13786 94803 23139 38176 56208 76365 53937 461486 99205 8313 52606 6905 35423 92645 9493
is_linear=0
shrinkage=0.08


Tree=20
num_leaves=31
num_cat=0
split_feature=10 0 9 19 19 12 2 19 3 10 10 2 19 10 1 10 3 10 2 12 3 16 3 0 12 0 1 2 1 14
split_gain=69483.9 17812.5 9832.64 4641.59 3961.45 3821.65 3746.53 3660.46 1753.3 1749.79 1588.24 1472.89 1403.85 1363.22 906.377 895.415 743.125 678.125 2291.01 993.935 600.921 561.238 557.929 496.671 484.299 398.97 379.918 295.232 287.327 277.016
threshold=0.68194955587387096 0.55775830149650585 1.0000000180025095e-35 1.0000000180025095e-35 1.0000000180025095e-35 1.0000000180025095e-35 0.64747309684753429 1.0000000180025095e-35 0.86319074034690868 0.87362372875213634 0.98280790448188793 0.96449580788612377 1.0000000180025095e-35 0.42563724517822271 0.70659971237182628 0.98367321491241466 0.49657534062862402 0.54071050882339489 0.70064935088157665 1.0000000180025095e-35 0.80982521176338207 0.47871376574039465 0.54261502623558056 0.2674796879291535 1.0000000180025095e-35 0.58499062061309826 0.6832355558872224 0.85857143998146068 0.70064935088157665 0.078461539000272765
decision_type=2 2 2 2 2 2 2 2 2 2 2 2 2 2 2 2 2 2 2 2 2 2 2 2 2 2 2 2 2 2
left_child=2 7 12 6 -3 10 20 22 15 26 11 -6 -1 24 -14 -7 21 -5 25 -20 -4 -11 23 -2 -8 -19 -9 -16 -18 -22
right_child=1 4 3 17 5 8 13 9 -10 16 -12 -13 14 -15 27 -17 28 18 19 -21 29 -23 -24 -25 -26 -27 -28 -29 -30 -31
leaf_value=0.080496761937276298 0.049094870718607755 0.088395651286753377 -0.070407601636001016 -0.087299730746710366 -0.011062831831207837 0.023222568908741054 -0.07806763968422073 -0.076063888706917243 0.079685431184484221 0.0099491104602102351 0.077214308768453116 0.086241433467245776 -0.061827085869459085 0.083255458317674377 -0.0023374071006093313 0.07635661033137503 0.003137984388204746 -0.085654631662844566 -0.041220482061369322 0.088376493358412384 -0.056411940487512767 -0.058146311196112646 0.071301820215347492 -0.01592558372414659 0.077681411930209526 -0.036246271766270197 0.02480293053421995 0.038022761261364536 0.066352809940383117 0.08563182444004197
leaf_weight=1976.3145237341523 1427.9680139943957 27946.904124230146 4090.5372920706868 39459.030054137111 9229.3551417663693 7220.233565852046 555.07228620350361 6796.6285750642419 18827.277858965099 1090.9874475300312 2000.7978407666087 1110.8915654569864 1125.0885684639215 2323.0690139606595 2280.3282637000084 2831.2687771469355 2154.5194129794836 8202.2302051484585 716.04646315425634 791.50375144928694 131.05062175542116 2624.4727795124054 1810.1840764656663 1573.070600271225 160.22514501214027 1224.3831331580877 243.01566747575998 2340.0173367112875 582.50727587938309 241.12895572930574
leaf_count=15754 6859 292979 35301 419899 41051 48224 3886 55155 185399 5058 13998 10043 7880 18866 9978 21003 10735 83202 3645 4349 852 18415 14245 7657 738 7752 1178 11315 3457 1538
internal_value=-0.000115558 0.0465632 -0.0623424 -0.0736523 0.0651341 0.0493501 -0.0149025 -0.0236041 0.0652731 -0.0449694 0.0120649 -0.000556974 0.0224262 0.053538 0.00237064 0.0382356 -0.0148279 -0.0823918 -0.0646336 0.0267828 -0.0615427 -0.0381216 0.0362619 0.0149897 -0.042661 -0.0792768 -0.072544 0.0180878 0.0167465 0.0351069
internal_weight=153086 87470.1 65616 57894.3 69166.7 41219.8 7501.08 18303.4 28878.8 13492.1 12341 10340.2 7721.75 3038.37 5745.43 10051.5 6452.49 50393.2 10934.2 1507.55 4462.72 3715.46 4811.22 3001.04 715.297 9426.61 7039.64 4620.35 2737.03 372.18
internal_count=1360411 735456 624955 580028 612697 319718 61181 122759 254626 93998 65092 51094 44927 23490 29173 69227 37665 518847 98948 7994 37691 23473 28761 14516 4624 90954 56333 21293 14192 2390
is_linear=0
shrinkage=0.08


Tree=21
num_leaves=31
num_cat=0
split_feature=10 19 3 3 9 19 12 5 19 10 3 10 0 0 4 10 3 0 15 15 3 14 9 10 15 4 12 0 10 15
split_gain=62457.1 11054.5 10904.4 5716.64 5279.42 3517.15 3455.91 1862.73 1565.51 1442.79 1382.12 1372.17 3678.29 1091.38 945.7 886.923 761.541 748.606 546.345 400.91 396.33 374.793 761.174 337.756 419.107 332.667 311.903 311.632 302.998 273.692
threshold=0.74521982669830333 1.0000000180025095e-35 0.65485891699790966 0.61451050639152538 1.0000000180025095e-35 1.0000000180025095e-35 1.0000000180025095e-35 1.0000000180025095e-35 1.0000000180025095e-35 0.98092204332351696 0.86319074034690868 0.55078604817390453 0.63373982906341564 0.95275297760963451 7.5000000000000009 0.93306982517242443 0.7320508360862733 0.6911335587501527 0.039140177890658386 0.22291507571935656 0.49657534062862402 0.078461539000272765 1.0000000180025095e-35 0.56479570269584667 0.051285531371831901 8.5000000000000018 1.0000000180025095e-35 0.90366768836975109 0.90486964583396923 0.093186870217323317
decision_type=2 2 2 2 2 2 2 2 2 2 2 2 2 2 2 2 2 2 2 2 2 2 2 2 2 2 2 2 2 2
left_child=1 3 7 -1 16 -4 9 8 26 13 14 -6 29 -7 -8 19 -3 23 -14 -10 -17 22 -19 24 -5 -12 -2 -18 -28 -13
right_child=2 4 5 17 11 6 10 -9 15 -11 25 12 18 -15 -16 20 27 21 -20 -21 -22 -23 -24 -25 -26 -27 28 -29 -30 -31
leaf_value=-0.065998159025535269 0.099575900815325857 -0.063277319776617325 0.08770214415656151 0.044959120630424829 -0.086034449297937826 -0.0097359101789578194 0.052193602547774852 0.058491991562174182 0.070625433129524448 0.074861888376281077 0.081949193137779694 0.050131124439236806 0.053556088818975091 0.080882421904258026 -0.013369380433095154 -0.028423685048746608 0.00032853372455078584 0.080168368282125188 -0.011004168052095517 -0.060877799590161222 0.025046071449422516 0.087243708735929404 -0.010578723388375724 0.050963364146909995 -0.058771464151001034 0.046921795711703344 -0.0081520676303620497 0.042728948519032313 0.042735001657236253 -0.08172740532915404
leaf_weight=3631.7542851269245 319.74906639754772 912.83647857606411 24647.914934337139 399.04534991085529 37569.277760177851 8566.0116043016315 6623.7127756103873 2098.5081309452653 147.0839629471302 1941.1628116294742 15300.316873721778 97.130838118493557 1372.8422849997878 939.27393011003733 1780.9536700844765 2320.4760171845555 2953.4309803843498 1562.6587254479527 2134.2246712520719 5900.7256558686495 1427.4113380983472 3349.4627207070589 943.77432446181774 761.67164372652769 643.1144690439105 2009.6887088045478 1518.1224292069674 1779.3276021331549 1462.2659441456199 10272.787237383425
leaf_count=33660 1745 6687 278995 2401 427842 38363 52091 13228 698 14203 163651 489 9079 8656 9407 14394 13483 13841 11109 43005 7021 32573 6579 5069 4118 18484 7478 8898 7549 105216
internal_value=-7.68162e-05 -0.0557172 0.0493333 0.0165913 -0.0700212 0.064259 0.0486958 -0.0113733 -0.0225989 0.0121052 0.0649717 -0.0780795 -0.0565082 -0.000726733 0.0382821 -0.0386553 0.00338657 0.0557884 0.0142627 -0.0575975 -0.00801045 0.0696644 0.0459816 0.0105853 -0.018875 0.0779065 0.0249987 0.0163314 0.0167908 -0.0804534
internal_weight=145387 68383.3 77003.4 11291.5 57091.9 61809 37161.1 15194.3 13095.8 11446.4 25714.7 51446.3 13877 9505.29 8404.67 9795.7 5645.6 7659.73 3507.07 6047.81 3747.89 5855.9 2506.43 1803.83 1042.16 17310 3300.14 4732.76 2980.39 10369.9
internal_count=1360012 681044 678968 98241 582803 583850 304855 95118 81890 61222 243633 553735 125893 47019 61498 65118 29068 64581 20188 43703 21415 52993 20420 11588 6519 182135 16772 22381 15027 105705
is_linear=0
shrinkage=0.08


Tree=22
num_leaves=31
num_cat=0
split_feature=10 3 19 0 9 19 12 19 10 0 3 10 12 5 2 4 10 2 2 5 10 2 2 2 4 0 3 3 10 9
split_gain=56172 10049.4 9998.45 5221.13 4939.66 3457.75 3150.84 1649.3 1404.03 3470.48 1337.03 1260.29 1199.89 1178.92 1131.73 853.201 808.905 773.739 700.406 474.939 483.121 422.648 381.449 353.538 332.937 329.979 328.535 304.78 298.508 826.28
threshold=0.74521982669830333 0.65485891699790966 1.0000000180025095e-35 0.49731183052062994 1.0000000180025095e-35 1.0000000180025095e-35 1.0000000180025095e-35 1.0000000180025095e-35 0.55078604817390453 0.66352203488349926 0.86319074034690868 0.97989273071289074 1.0000000180025095e-35 1.0000000180025095e-35 0.97182539105415355 6.5000000000000009 0.93359273672103893 0.70647653937339794 0.80982521176338207 1.0000000180025095e-35 0.46920476853847509 0.64747309684753429 0.45923791825771337 0.72812235355377208 8.5000000000000018 0.25158227980136877 0.49657534062862402 0.91458967328071605 0.44161255657672888 0.24626532942056659
decision_type=2 2 2 2 2 2 2 2 2 2 2 2 2 2 2 2 2 2 2 2 2 2 2 2 2 2 2 2 2 2
left_child=2 7 3 -1 18 -3 11 22 -6 23 15 14 -11 16 -7 -8 21 19 27 -5 -21 -9 25 -10 -12 -2 -18 -4 29 -19
right_child=1 5 4 17 8 6 10 13 9 12 24 -13 -14 -15 -16 -17 26 28 -20 20 -22 -23 -24 -25 -26 -27 -28 -29 -30 -31
leaf_value=-0.066304777226775469 0.051463928678569658 0.086861801079877163 -0.044822600288624774 -0.033090994476215628 -0.085179487849846081 -0.0087910748357670297 0.052172333392370929 -0.059108879350996076 -0.078808732883096227 -0.037616607203132917 0.080655129665600359 0.0719230345190843 0.062070104221763088 0.039906346296273293 0.085976550780651986 -0.006419418788300474 -0.026479933476145866 0.078819171014459996 0.030291116024045259 -0.0048715152063365163 0.088422366967680674 0.071506289050905336 0.074252962256747115 0.069013710191061117 0.044912145020491144 -0.0045362513764983037 0.022938463497112618 0.011356144072869185 0.086197992731365025 -0.033198550253308853
leaf_weight=3392.1801290288568 1122.6706134080887 22938.913787446916 1850.9160450398922 842.17211346328259 35048.764974340796 8541.461070753634 5998.7264233827591 5726.7902165576816 10027.136208683252 1356.0053038299084 14351.65333429724 1872.7629699259996 1780.6327321231365 1457.4782311245799 885.52322470396757 2156.1723667606711 2227.3280249387026 1446.8627252802253 2849.5151822119951 692.54240845143795 716.76044548302889 157.91662836074829 1075.232218824327 99.866316959261894 1936.0288853719831 1658.6307844668627 1394.2121480703354 918.10733780264854 3117.3598205670714 588.15711092948914
leaf_count=33296 5472 278738 11710 4997 427960 37832 49374 43187 107647 6866 163876 14330 11285 8304 9018 11966 14014 13508 13774 5131 5427 769 8441 504 18457 7823 6887 3836 32040 3926
internal_value=-0.000108971 0.0477454 -0.0544526 0.0158043 -0.0685199 0.0626107 0.0470322 -0.0111044 -0.0767758 -0.0545334 0.0631812 0.0120733 0.0189322 -0.0269388 0.000134811 0.0366665 -0.0372198 0.0534646 0.00244729 0.0142115 0.0426088 -0.0555189 0.0338462 -0.0773019 0.0764315 0.0180626 -0.00740544 -0.0261512 0.0705559 0.0463636
internal_weight=138228 73501.5 64727 10796 53930.9 58681.2 35742.3 14820.3 48312.4 13263.6 24442.6 11299.7 3136.64 10963.7 9426.98 8154.9 9506.25 7403.85 5618.54 2251.47 1409.3 5884.71 3856.53 10127 16287.7 2781.3 3621.54 2769.02 5152.38 2035.02
internal_count=1360395 678488 681907 98325 583582 583591 304853 94897 554262 126302 243673 61180 18151 73161 46850 61340 64857 65029 29320 15555 10558 43956 21736 108151 182333 13295 20901 15546 49474 17434
is_linear=0
shrinkage=0.08


Tree=23
num_leaves=31
num_cat=0
split_feature=10 0 9 12 10 0 10 3 15 16 0 6 12 3 14 6 6 4 15 6 4 15 14 14 0 12 15 4 3 16
split_gain=50590.7 13185.7 7849.23 3081.5 2376.45 5000.88 2223.82 1588.35 1137.68 1316.23 1128.84 1039.43 920.737 702.065 660.927 652.929 591.135 559.284 745.261 524.805 503.127 500.101 383.683 360.832 1573.13 502.396 360.362 350.568 431.62 307.356
threshold=0.68194955587387096 0.55775830149650585 1.0000000180025095e-35 1.0000000180025095e-35 0.53231608867645275 0.62115561962127697 0.82774659991264354 0.83752354979515087 0.31169901788234716 0.55051019787788402 0.94360822439193737 1.0000000180025095e-35 1.0000000180025095e-35 0.6900656819343568 0.93541666865348827 1.0000000180025095e-35 1.0000000180025095e-35 8.5000000000000018 0.17255059629678729 1.0000000180025095e-35 13.500000000000002 0.24082223325967791 0.17914438992738727 0.08893280848860742 0.66969698667526256 1.0000000180025095e-35 0.15203963965177539 4.5000000000000009 0.91922956705093395 0.48304596543312078
decision_type=2 2 2 2 2 2 2 2 2 2 2 2 2 2 2 2 2 2 2 2 2 2 2 2 2 2 2 2 2 2
left_child=2 6 13 10 23 26 21 17 -8 20 11 -3 -7 -1 -13 -11 -14 19 -19 -5 -10 -2 -23 -4 -25 -26 -6 -15 -29 -24
right_child=1 3 4 7 5 12 8 -9 9 15 -12 14 16 27 -16 -17 -18 18 -20 -21 -22 22 29 24 25 -27 -28 28 -30 -31
leaf_value=-0.05303579931846155 0.041698979118486974 0.063611229457404092 -0.085196081479837218 0.032221157921712894 0.02910111218852799 -0.014437759212574864 0.069249150391621855 0.080071901607413537 0.077106988880028718 -0.04251059062285302 0.078925990242498009 0.026145611099119882 0.0080100614392248932 0.04131239266157713 -0.014352967412110505 0.055585085050568674 0.092106132873153654 -0.10219407664093196 0.029576792190195503 0.069013651488838618 0.010449420115980433 0.083904858507951305 -0.030305672281813148 -0.080530948560625468 -0.026973376597384708 0.083199977254331134 -0.076165783166001755 -0.047664155022742245 0.026841732659940162 -0.075977948347810881
leaf_weight=763.347890406847 298.11530135571957 2783.2304864898324 27778.646282911301 4464.6286728829145 208.46278958022594 1541.5659808814526 1386.7232948020101 31910.477590382099 970.24343801289797 4911.0898552313447 2486.24068646878 5956.9091871753335 803.60451654344797 4238.642434194684 4535.6501218602061 470.69496728479862 1627.8105632811785 337.2351685911417 1385.3264280259609 5688.8149593323469 2859.1460951864719 105.71459461003542 1216.1561415791512 5967.4638773053885 550.8662448823452 499.57615034282207 8877.1436026990414 739.09976067394018 1496.2167956754565 4567.3800407424569
leaf_count=5932 1907 19058 359765 37400 1369 10148 11728 401615 5331 32702 27729 40854 5606 26632 22354 2643 14938 1899 8363 53458 16076 820 9653 73829 4897 3359 105406 4317 8196 42097
internal_value=2.56418e-05 0.0421927 -0.0583949 0.059845 -0.0701377 -0.0409875 -0.0204214 0.0707664 0.00181819 -0.0083481 0.0294826 0.0201847 0.0338211 0.019225 0.00862543 -0.0338577 0.0644508 0.0457263 0.00346557 0.052875 0.0274585 -0.0585106 -0.0636414 -0.0810653 -0.0646429 0.0254179 -0.0737182 0.0278044 0.0020838 -0.0664361
internal_weight=131426 76333.8 55092.4 59548.5 47855.1 13058.6 16785.3 43786.5 10597.9 9211.17 15762 13275.8 3972.98 7237.31 10492.6 5381.78 2431.42 11876 1722.56 10153.4 3829.39 6187.37 5889.25 34796.6 7017.91 1050.44 9085.61 6473.96 2235.32 5783.54
internal_count=1360081 735687 624394 612730 579317 137467 122957 502735 68480 56752 109995 82266 30692 45077 63208 35345 20544 101120 10262 90858 21407 54477 52570 441850 82085 8256 106775 39145 12513 51750
is_linear=0
shrinkage=0.08


Tree=24
num_leaves=31
num_cat=0
split_feature=0 12 19 9 9 9 19 3 2 15 3 15 15 2 15 16 19 6 15 4 15 9 9 2 4 16 3 0 4 19
split_gain=30530.5 22376 8092.78 6021.06 3411.21 4347.77 2338.85 1637.58 1229.26 1203.46 1061.93 953.052 910.217 906.873 815.336 807.183 778.878 601.97 587.34 507.803 835.623 493.683 685.737 493.101 364.661 389.816 257.912 236.657 223.014 407.158
threshold=0.6106402873992921 1.0000000180025095e-35 1.0000000180025095e-35 0.78356543183326732 0.5179213583469392 1.0000000180025095e-35 1.0000000180025095e-35 0.84660634398460399 0.9569842815399171 0.26054115593433386 0.53093111515045177 0.50703236460685741 0.29392652213573461 0.70396453142166149 0.63279041647911083 0.55291152000427257 1.0000000180025095e-35 1.0000000180025095e-35 0.21391282230615619 8.5000000000000018 0.18103595823049548 0.46759706735610967 1.0000000180025095e-35 0.68133461475372326 13.500000000000002 0.36899313330650335 0.45867486298084265 0.90645834803581249 5.5000000000000009 1.0000000180025095e-35
decision_type=2 2 2 2 2 2 2 2 2 2 2 2 2 2 2 2 2 2 2 2 2 2 2 2 2 2 2 2 2 2
left_child=3 2 21 6 5 27 10 16 12 -5 11 -1 -6 14 -8 24 -3 26 -7 23 -21 22 -2 -18 -11 -26 -17 -4 -9 -30
right_child=1 7 4 9 8 18 13 28 -10 15 -12 -13 -14 -15 -16 17 19 -19 -20 20 -22 -23 -24 -25 25 -27 -28 -29 29 -31
leaf_value=-0.072124838124770926 0.074828636733556039 0.07460843406669504 -0.00081547082040773285 0.065178673495514552 -0.015571637842349502 -0.079362114281840479 -0.078323780035468277 0.083236109094342883 0.075748674830027909 0.06576097634926667 0.023756046210343076 0.02101482323663242 0.069451963330215749 0.055502546663878542 0.0049480313009427406 -0.057076928429837567 0.012167027764666541 0.039732966650665828 0.046329653917024809 -0.1118994789565662 0.031669985256732369 0.085574518071298455 -0.0081575895455546065 0.056151003919712825 0.037872956966398849 -0.026743063408557366 -0.018909827967015437 0.036970134587999366 0.086346403549508552 0.046822172049564383
leaf_weight=2558.6256225928664 1499.7371786236763 3681.8446605578065 2927.1732506603003 1673.5602029636502 9242.0588905140758 13504.381650559604 29910.894202001393 24035.831073112786 1251.1881836950779 893.13820403814316 2239.2158909440041 962.94822280853987 877.38498542457819 333.35759567469358 767.6498007029295 2386.0239291489124 2772.8495221212506 715.96615872532129 237.53233836591244 399.65211006999016 716.44832304865122 3674.0697444304824 1098.3330024704337 4006.8639004677534 1200.9984541013837 1177.7165619060397 2198.8402304574847 1651.5668153613806 3356.7837094888091 3417.0309686511755
leaf_count=28886 14946 44052 13663 15610 46150 178476 382598 323028 13904 5134 17634 5049 4592 2379 4950 18118 20881 4731 1592 2487 4008 43339 9606 34374 6448 7355 13085 8708 47547 37325
internal_value=-3.76966e-05 0.0305431 -0.0158663 -0.0509978 -0.0333132 -0.0546711 -0.0661077 0.0699201 0.0010941 0.00322045 -0.0192387 -0.0466174 -0.00815338 -0.0748045 -0.0762344 -0.00888733 0.0442063 -0.0281766 -0.0771618 0.0299711 -0.0198663 0.0666596 0.0397365 0.0382077 0.0223103 0.00582505 -0.0388479 0.0128045 0.079569 0.0664814
internal_weight=125370 78350.7 35963.4 47018.9 29691.3 18320.7 36772.7 42387.3 11370.6 10246.2 5760.79 3521.57 10119.4 31011.9 30678.5 8572.68 11577.7 5300.83 13741.9 7895.81 1116.1 6272.14 2598.07 6779.71 3271.85 2378.72 4584.86 4578.74 30809.6 6773.81
internal_count=1360655 848678 334976 511977 267085 202439 441496 513702 64646 70481 51569 33935 50742 389927 387548 54871 105802 35934 180068 61750 6495 67891 24552 55255 18937 13803 31203 22371 407900 84872
is_linear=0
shrinkage=0.08


Tree=25
num_leaves=31
num_cat=0
split_feature=10 0 10 19 19 2 19 2 10 10 11 19 10 10 0 11 3 1 1 3 0 5 14 1 4 11 1 14 2 11
split_gain=41144.5 10432.5 6839.81 3797.94 3359.45 2603.07 2529.11 2300.26 2122.62 1622.75 1125.1 969.271 947.071 674.909 1776.28 775.391 599.776 629.195 542.603 493.633 519.625 461.664 663.397 313.993 311.44 300.505 264.04 231.386 224.066 293.953
threshold=0.68194955587387096 0.58499062061309826 1.0000000180025095e-35 1.0000000180025095e-35 1.0000000180025095e-35 0.91922956705093395 1.0000000180025095e-35 0.64747309684753429 0.98280790448188793 0.84512934088706981 1.0000000180025095e-35 1.0000000180025095e-35 0.41191250085830694 0.51869320869445812 0.59299960732460033 1.0000000180025095e-35 0.49657534062862402 0.23132664710283282 0.93127068877220165 0.49657534062862402 0.2674796879291535 1.0000000180025095e-35 0.078461539000272765 0.77849927544593822 4.5000000000000009 1.0000000180025095e-35 0.70659971237182628 0.14642857760190967 0.9833287000656129 1.0000000180025095e-35
decision_type=2 2 2 2 2 2 2 2 2 2 2 2 2 2 2 2 2 2 2 2 2 2 2 2 2 2 2 2 2 2
left_child=2 6 11 -3 7 8 19 21 10 23 -5 -1 25 -6 -15 -16 17 -11 24 20 -2 -4 -23 27 -13 -9 -18 -8 29 -7
right_child=1 3 4 5 13 28 9 12 -10 16 -12 18 -14 14 15 -17 26 -19 -20 -21 -22 22 -24 -25 -26 -27 -28 -29 -30 -31
leaf_value=0.072944671084175183 0.044347053085337054 0.085021578168711434 -0.067052954247629734 -0.0070353494652872373 -0.083949831446952422 0.032674788308348642 0.11596902371800528 -0.070859847190497371 0.071881245979943179 0.021926602120868725 0.032410129945257958 0 0.074436814602074325 -0.080138214051257414 -0.043055248443048519 0.042910505683582761 0.002427768664285037 -0.051100706143719636 0.026454133746648983 0.06025453280926911 -0.030391944611117661 -0.069717883537664407 0.088434721556346935 0.057730177195658872 -0.05533943690192502 0.069618804960993153 0.053658898142184754 -0.071362416513740118 0.086678085252619608 0.077757466625744814
leaf_weight=1561.865798830986 1257.0203893780708 19525.835077613592 2955.4518997520208 8796.5228621810675 26545.060113035142 1483.5742847397923 37.609829850494862 465.20058649033308 5119.8861017748713 1030.1230977848172 9744.4164544641972 1486.2764522358775 1871.4249639809132 7148.1279967725277 1470.2767269834876 1226.9757576584816 2933.0837674587965 2772.9795730262995 2725.5326620042324 2463.8010507151484 1120.4234592840075 347.3756480962038 322.24737767130136 121.57454457879066 1159.2627984732389 117.56357590854168 822.86519995331764 5089.8339821398258 5429.5213595330715 2579.4705592542887
leaf_count=15659 6351 288037 32682 41473 399703 10858 312 3712 52390 5073 98023 8019 19145 100901 9614 8061 15328 22402 13488 21768 5791 3153 2080 650 7626 576 5692 51696 74137 36090
internal_value=-0.000112539 0.0391904 -0.056065 0.0570242 -0.0680916 0.0405199 -0.0140315 -0.0129982 0.0263013 -0.0326538 0.0136902 0.0175806 0.0467184 -0.0772879 -0.0592761 -0.00388332 -0.00888739 -0.0312754 0.0013985 0.0351859 0.00906761 -0.0534793 0.00624519 -0.0668081 -0.0243556 -0.0418971 0.0137506 -0.0698455 0.0759115 0.0613958
internal_weight=119731 70328.5 49402.6 52679.2 42469.7 33153.4 17649.3 6079.26 23660.8 12808.1 18540.9 6932.94 2454.19 36390.4 9845.38 2697.25 7559.05 3803.1 5371.07 4841.24 2377.44 3625.07 669.623 5249.02 2645.54 582.764 3755.95 5127.44 9492.57 4063.04
internal_count=1360490 736071 624419 601008 579627 312971 135063 61348 191886 101153 139496 44792 23433 518279 118576 17675 48495 27475 29133 33910 12142 37915 5233 52658 15645 4288 21020 52008 121085 46948
is_linear=0
shrinkage=0.08


Tree=26
num_leaves=31
num_cat=0
split_feature=10 0 9 12 10 2 10 3 2 1 12 5 0 3 15 10 1 5 3 5 10 0 2 14 14 2 12 1 5 2
split_gain=36926 9406.12 6292.21 2936.03 2144.69 3777.7 2034.74 1245.01 1103.79 1061.37 761.964 734.65 656.777 795.484 651.896 646.537 629.229 595.315 521.53 428.839 962.285 423.388 392.908 356.389 348.284 1316.77 375.811 289.837 238.117 234.08
threshold=0.68194955587387096 0.58885449171066295 1.0000000180025095e-35 1.0000000180025095e-35 0.52782940864562999 0.57804551720619213 0.82388591766357433 0.83752354979515087 0.9634092152118684 0.6832355558872224 1.0000000180025095e-35 1.0000000180025095e-35 0.22611077129840854 0.72613638639450084 0.30670653283596044 0.97881317138671886 0.65648320317268383 1.0000000180025095e-35 0.81302964687347423 1.0000000180025095e-35 0.82774659991264354 0.8019607961177827 0.91331186890602123 0.23303167521953586 0.078461539000272765 0.70396453142166149 1.0000000180025095e-35 0.79431909322738659 1.0000000180025095e-35 0.91545844078063976
decision_type=2 2 2 2 2 2 2 2 2 2 2 2 2 2 2 2 2 2 2 2 2 2 2 2 2 2 2 2 2 2
left_child=2 6 16 8 24 18 17 19 14 12 22 -12 -8 -14 15 -3 -1 23 28 20 -5 -21 -7 -2 -4 -26 -27 -25 -6 -18
right_child=1 3 4 7 5 10 9 -9 -10 -11 11 -13 13 -15 -16 -17 29 -19 -20 21 -22 -23 -24 27 25 26 -28 -29 -30 -31
leaf_value=-0.048634638798321694 0.023079925869164821 0.0041107093969194441 -0.083363050972861064 -0.055166263874088885 -0.076448081485989597 -0.038099247677193901 0.040240363184645127 0.076861306291486478 0.082916593459629984 0.063825263762620724 -0.0075601529057649861 0.090614703482932629 -0.020539135109150335 0.074716795559020416 0.073381581869632437 0.063698926317604002 0.014069956381255416 0.035067521238821564 0.05466153290681957 0.065463487886016775 0.043619665485262485 0.0066964814433085693 0.055416512520242767 -0.066770403903961217 -0.075681797623142297 -0.01519475140750003 0.096842405021033959 0.075095641859150034 -0.019658678960921921 0.047644511855263215
leaf_weight=830.21651146560907 313.46307630091906 10219.884164180607 22280.687292926013 816.47870653122663 7145.8842306695879 1153.1142021305859 1779.9704931601882 26132.728095624596 1846.2798012159765 1752.4855516254902 720.48300007730722 1482.5465373396873 7465.1080016344786 601.21228135377169 1176.043152987957 1311.705633956939 3960.2714162915945 462.94242891669273 206.76121003553271 4928.6451567225158 2709.5330921262503 941.78280629590154 376.77518874406815 4939.3105697408319 5210.9671787172556 407.49509914964437 351.44781224429607 88.920267876237631 518.64298557862639 2016.8775037676096
leaf_count=7053 2911 62940 353701 6216 103665 7932 9574 399324 26936 16929 5461 15516 49211 4504 7994 10452 22958 2956 1486 50157 25483 9899 2952 49917 76996 4032 2507 666 5073 14916
internal_value=3.00305e-05 0.0378655 -0.0546854 0.0554706 -0.066826 -0.037819 -0.0127902 0.06787 0.0251772 0.00655171 0.0284068 0.0584905 -0.00365307 -0.0133777 0.0167464 0.0109273 0.0163676 -0.0514388 -0.0692446 0.0428193 0.0206539 0.0560766 -0.0148588 -0.0589917 -0.0787265 -0.0613402 0.0367717 -0.0641577 -0.0726414 0.0254562
internal_weight=114149 67486.5 46662.2 50083.1 39854.8 11604.2 17403.4 35529.2 14553.9 11598.8 3732.92 2203.03 9846.29 8066.32 12707.6 11531.6 6807.37 5804.64 7871.29 9396.44 3526.01 5870.43 1529.89 5341.69 28250.6 5969.91 758.943 5028.23 7664.53 5977.15
internal_count=1360317 736069 624248 599401 579321 142085 136668 491079 108322 80218 31861 20977 63289 53715 81386 73392 44927 56450 110224 91755 31699 60056 10884 53494 437236 83535 6539 50583 108738 37874
is_linear=0
shrinkage=0.08


Tree=27
num_leaves=31
num_cat=0
split_feature=10 3 10 19 19 2 10 1 19 3 10 19 10 10 2 3 7 5 12 1 5 12 12 5 12 2 10 14 10 3
split_gain=32969.4 8295.68 5885.28 4280.23 3091.08 2775.36 2026.4 1889.01 1453.1 1244.41 1116.35 894.651 889.211 674.962 1543.94 489.471 520.701 447.81 592.476 427.658 406.59 398.85 358.17 353.162 333.012 323.28 317.437 272.289 270.571 255.997
threshold=0.68194955587387096 0.65485891699790966 1.0000000180025095e-35 1.0000000180025095e-35 1.0000000180025095e-35 0.91545844078063976 0.98894992470741283 0.77015754580497753 1.0000000180025095e-35 0.95488464832305919 0.83648246526718151 1.0000000180025095e-35 0.4226078093051911 0.51869320869445812 0.71503761410713207 0.49657534062862402 0.2014492750167847 1.0000000180025095e-35 1.0000000180025095e-35 0.68703359365463268 1.0000000180025095e-35 1.0000000180025095e-35 1.0000000180025095e-35 1.0000000180025095e-35 1.0000000180025095e-35 0.98529094457626354 0.97685134410858165 0.18898809701204303 0.98092204332351696 0.80982521176338207
decision_type=2 2 2 2 2 2 2 2 2 2 2 2 2 2 2 2 2 2 2 2 2 2 2 2 2 2 2 2 2 2
left_child=2 8 11 -3 7 6 9 17 20 -5 27 -1 22 -6 23 16 -12 29 -19 -13 21 -2 -9 -15 25 -7 -23 -10 -17 -4
right_child=1 3 4 5 13 24 -8 12 10 -11 15 19 -14 14 -16 28 -18 18 -20 -21 -22 26 -24 -25 -26 -27 -28 -29 -30 -31
leaf_value=0.070407953857311703 0.10326966287921062 0.08356960116661559 -0.067510088186972669 -0.0057994095993831899 -0.082640170610689304 0.022606689172779554 0.072046239597081202 -0.072922326295236567 0.079922464618360042 0.038429132379118651 0.020072683273095703 -0.052749307402758662 0.077182915977569266 -0.078011792163447474 0.02059480989129479 -0.0030699254678510841 -0.046727295620278005 -0.053738879452602854 0.099681823487987167 0.0097797066599996183 0.093192746745633215 -0.00215982123593446 0.07656027924538894 -0.028195680437896983 0.081730833831575533 0.084725214908779128 0.066965763256205305 -0.063077450503412791 0.044249378280764702 0.061605510169652683
leaf_weight=1471.1382602602243 309.92062151804566 17872.672591596842 2603.4800398349762 12565.51470239833 23011.830107390881 1446.3274500221014 3882.7314433604479 440.44840960204601 81.873048111796379 6013.9791363365948 1006.5152026861906 825.68579429388046 1622.9068433865905 6441.8664124496281 1394.7157562822104 2409.2940903455019 2832.3540979474783 375.59840379655361 273.95032624527812 4445.3263274282217 517.50006821006536 2675.3722562119365 127.90980765223503 1081.8233118951321 6529.9983815401793 861.91111547499895 499.60695973783731 4325.496372513473 1129.828268058598 97.099128246307373
leaf_count=15876 1875 297729 32254 91266 399787 9705 44375 3792 667 54358 5226 7308 18323 100563 8732 13333 23645 3687 2020 21947 5170 14904 650 9592 103561 12159 2733 49106 6687 683
internal_value=-0.000134044 0.0361326 -0.0534204 0.052331 -0.0658005 0.034478 0.0195173 -0.0106008 -0.0143098 0.00851476 -0.0284578 0.0153601 0.0470522 -0.075372 -0.0565646 -0.00938838 -0.029168 -0.0483724 0.0109898 -2.56281e-05 0.0272938 0.0173426 -0.0386277 -0.0708935 0.0724497 0.0460043 0.00875549 -0.0602972 0.0120322 -0.0627033
internal_weight=109175 64960.9 44213.8 49173.1 37471.6 31300.5 22462.2 5541.39 15787.8 18579.5 11785.4 6742.15 2191.27 31930.2 8918.41 7377.99 3838.87 3350.13 649.549 5271.01 4002.4 3484.9 568.358 7523.69 8838.24 2308.24 3174.98 4407.37 3539.12 2700.58
internal_count=1361713 736499 625214 613153 580083 315424 189999 61409 123346 145624 98664 45131 22765 518674 118887 48891 28871 38644 5707 29255 24682 19512 4442 110155 125425 21864 17637 49773 20020 32937
is_linear=0
shrinkage=0.08


Tree=28
num_leaves=31
num_cat=0
split_feature=10 0 9 19 2 19 19 10 2 10 12 19 14 10 0 12 5 9 5 1 12 0 10 12 3 2 10 4 1 14
split_gain=29589.3 8299.19 5743.02 4080.55 2483 2278.57 1984.86 1847.81 1543.57 1345.33 1183.79 835.694 601.287 527.418 1314.02 503.015 467.222 458.253 455.656 404.34 400.519 391.667 354.423 354.003 333.076 332.799 323.919 261.761 204.955 149.748
threshold=0.6605919897556306 0.57804551720619213 1.0000000180025095e-35 1.0000000180025095e-35 0.91545844078063976 1.0000000180025095e-35 1.0000000180025095e-35 0.98894992470741283 0.70396453142166149 0.82388591766357433 1.0000000180025095e-35 1.0000000180025095e-35 0.074175827205181136 0.51116093993186962 0.59299960732460033 1.0000000180025095e-35 1.0000000180025095e-35 0.45622551441192633 1.0000000180025095e-35 0.93957647681236278 1.0000000180025095e-35 0.45035210251808172 0.91856160759925853 1.0000000180025095e-35 0.73375529050827037 0.98529094457626354 0.49545417726039892 4.5000000000000009 0.73746865987777721 0.14642857760190967
decision_type=2 2 2 2 2 2 2 2 2 2 2 2 2 2 2 2 2 2 2 2 2 2 2 2 2 2 2 2 2 2
left_child=2 6 11 -3 7 8 16 10 21 28 -5 -1 15 -7 -15 -10 20 -16 24 27 -2 -4 -22 25 -11 -6 -23 -13 29 -8
right_child=1 3 5 4 23 13 9 -9 12 18 -12 19 -14 14 17 -17 -18 -19 -20 -21 22 26 -24 -25 -26 -27 -28 -29 -30 -31
leaf_value=0.069294445446790781 0.10173832732880257 0.08324861824934647 -0.072701491852527306 -0.013193368008449009 0.020213877901347366 -0.082234121271752988 0.066897119238173361 0.071125898047644603 -0.063757939767639021 -0.022244264903549856 0.027403103932629683 -0.00049074677620850775 0.083846785833427404 -0.078697728464322755 0.062523553373913326 0.085333386165613728 0.090973031153982836 -0.025129613197295841 0.038653796967784433 0.02239552071803343 -0.0091552555747874617 -0.055558758668139481 0.042416018200380635 0.08099624738056635 0.065843792262622797 0.08422410208505389 0.023152179785636402 -0.051392401746754024 0.029832415962841832 -0.069849310973625872
leaf_weight=1397.3640160411596 341.11565234512091 16389.665254514664 1851.6518754586577 8186.9267428740859 1443.2250767312944 20982.958598162979 46.930133901536465 3746.9212151505053 433.18612955510616 6269.9392623826861 10462.444400757551 1531.6186672896147 1025.3357615210116 5595.0800695866346 477.2376606091857 210.97167503833771 688.83097066730261 1820.6156927645206 1032.1269971355796 2558.3418181985617 2125.4756873697042 652.80200435966253 1414.0816677212715 6117.9969349019229 281.70616322010756 819.88224547728896 673.54737086966634 1122.2713302075863 135.49431218206882 4437.2116219177842
leaf_count=15909 2384 293789 27501 36023 9774 392488 433 44884 3641 43445 110756 8424 12664 96979 3339 1516 8507 13047 6423 13014 12965 5686 9785 104002 1678 12278 4780 7741 717 56446
internal_value=-3.06708e-05 0.0338136 -0.0536855 0.0510002 0.0338112 -0.0670492 -0.0145081 0.0198926 -0.0162341 -0.0313517 0.00957424 0.0144735 0.0459136 -0.0755699 -0.0577923 -0.0144006 0.0304251 -0.00675936 -0.0105807 -0.000245321 0.0195333 -0.0489532 0.0114335 0.0709518 -0.0183849 0.0436087 -0.0155307 -0.0221323 -0.0653673 -0.0683096
internal_weight=104273 63940 40333 47167.1 30777.4 33723.4 16772.9 22396.3 4847.49 12203.4 18649.4 6609.6 1669.49 28875.9 7892.93 644.158 4569.5 2297.85 7583.77 5212.23 3880.67 3178 3539.56 8381.1 6551.65 2263.11 1326.35 2653.89 4619.64 4484.14
internal_count=1361018 754289 606729 611506 317717 561641 142783 191663 55788 109142 146779 45088 17821 505853 113365 5157 33641 16386 51546 29179 25134 37967 22750 126054 45123 22052 10466 16165 57596 56879
is_linear=0
shrinkage=0.08


Tree=29
num_leaves=31
num_cat=0
split_feature=10 0 10 12 1 10 0 16 3 5 4 1 4 15 3 16 6 4 15 1 5 1 4 14 14 0 12 4 4 3
split_gain=26344.6 7495.81 5333.92 2826 1706.29 1483.09 2898.89 1430.73 1363.27 1128.73 960.011 708.534 659.671 626.562 1624.66 602.079 571.411 564.297 1120.61 503.527 468.038 454.869 312.084 276.553 269.762 759.172 267.431 222.446 214.017 206.14
threshold=0.6605919897556306 0.59299960732460033 1.0000000180025095e-35 1.0000000180025095e-35 0.70064935088157665 0.49545417726039892 0.55775830149650585 0.55291152000427257 0.86319074034690868 1.0000000180025095e-35 4.5000000000000009 0.91331186890602123 13.500000000000002 0.20339315384626391 0.9569842815399171 0.36899313330650335 1.0000000180025095e-35 7.5000000000000009 0.19961706548929217 0.94932374358177196 1.0000000180025095e-35 0.91010102629661571 4.5000000000000009 0.92582416534423839 0.078461539000272765 0.64747309684753429 1.0000000180025095e-35 5.5000000000000009 4.5000000000000009 0.93643954396247875
decision_type=2 2 2 2 2 2 2 2 2 2 2 2 2 2 2 2 2 2 2 2 2 2 2 2 2 2 2 2 2 2
left_child=2 4 21 10 7 24 -7 12 17 16 19 -8 -2 14 -12 -14 -9 20 -19 23 -5 22 -1 -3 -4 -26 -11 -10 -6 -29
right_child=1 3 5 8 28 6 11 9 27 26 13 -13 15 -15 -16 -17 -18 18 -20 -21 -22 -23 -24 -25 25 -27 -28 29 -30 -31
leaf_value=0.012269535323279122 0.059160739083712208 0.03700532179921219 -0.082331566391023389 0.022411309849346021 0.084674957132613277 -0.073650153561988813 -0.014047412481378085 -0.051543209828403803 0.079757810749872052 -0.025130689345932104 -0.07524657534443556 0.054983974857877531 0.02689368486949174 0.047780900063095405 0.021557868537722333 -0.034108312052017219 0.1403983652184832 -0.098777948868358556 0.039546801961279014 0.06079858158793016 0.06247602167297947 0.032145261711069663 -0.041690498811301206 -0.0020711535786251682 -0.076478889974223127 0.018728523471724913 0.061669512934058618 0.019781100297722148 0.030437317321033906 0.066718335837408271
leaf_weight=1611.6745031028986 1374.1148819252849 2710.0650884360075 17509.45743489638 2969.0651275254786 989.57601518556476 6816.7249905131757 2538.7667275033891 8597.6499900184572 15787.674276575446 313.22576213255525 1894.7922772020102 1513.665741559118 1991.6637361980975 1126.3984571062028 2659.8983243145049 2144.4161573946476 95.322014305740595 530.63066716119647 1243.2328661456704 3408.1673251986504 5125.9397240392864 3698.9682177752256 1183.6447782739997 2008.7725630104542 2595.469531763345 669.83494347333908 780.85111449658871 719.4639642983675 914.80985953658819 4091.6344596408308
leaf_count=10132 9624 22614 345173 33494 9117 122716 22962 81645 300315 1843 9399 15853 12963 7365 16381 18202 493 3603 9595 42781 66700 26223 8643 10637 47860 6993 5275 10795 10537 70221
internal_value=-3.34356e-05 0.0323678 -0.0522647 0.0497788 -0.0124389 -0.0658173 -0.0418103 -0.0213409 0.0633863 -0.0396952 0.01973 0.0117338 0.011237 -0.00547373 -0.0187169 -0.00469813 -0.0493406 0.0388732 -0.00190283 0.0373606 0.0478238 0.013747 -0.0105557 0.0203523 -0.0783568 -0.0569006 0.0366724 0.0751105 0.0588525 0.0597603
internal_weight=99615.6 61477.4 38138.2 44275.7 17201.6 31643.9 10869.2 15297.2 30467.6 9787.05 13808.1 4052.43 5510.19 5681.09 4554.69 4136.08 8692.97 9868.87 1773.86 8127 8095 6494.29 2795.32 4718.84 20774.8 3265.3 1094.08 20598.8 1904.39 4811.1
internal_count=1360154 753599 606555 603900 149699 561557 161531 130045 494723 89256 109177 38815 40789 33145 25780 31165 82138 113392 13198 76032 100194 44998 18775 33251 400026 54853 7118 381331 19654 81016
is_linear=0
shrinkage=0.08


Tree=30
num_leaves=31
num_cat=0
split_feature=10 19 19 2 9 1 10 10 2 2 4 5 1 5 4 2 5 12 12 2 12 1 14 9 12 2 10 10 12 10
split_gain=23497 6098.72 4797.61 3505.1 3075.47 2544.24 1805.69 1339.58 2273.8 1212.84 897.443 709.176 702.354 701.86 647.808 609.598 510.945 473.535 371.075 360.19 335.145 326.51 294.913 451.852 572.509 283.156 257.192 237.207 212.708 203.673
threshold=0.76037362217903148 1.0000000180025095e-35 1.0000000180025095e-35 0.89377820491790783 1.0000000180025095e-35 0.75134408473968517 0.98280790448188793 0.52782940864562999 0.6789083480834962 0.43657262623310095 8.5000000000000018 1.0000000180025095e-35 0.94932374358177196 1.0000000180025095e-35 5.5000000000000009 0.7933771312236787 1.0000000180025095e-35 1.0000000180025095e-35 1.0000000180025095e-35 0.93582704663276683 1.0000000180025095e-35 0.65648320317268383 0.074175827205181136 1.0000000180025095e-35 1.0000000180025095e-35 0.9833287000656129 0.47641299664974218 0.97685134410858165 1.0000000180025095e-35 0.62169164419174205
decision_type=2 2 2 2 2 2 2 2 2 2 2 2 2 2 2 2 2 2 2 2 2 2 2 2 2 2 2 2 2 2
left_child=1 5 9 6 21 13 10 -6 11 27 12 -9 -4 20 17 -12 -8 25 -15 -10 26 -3 23 -7 -25 -5 -1 28 -2 -22
right_child=2 4 3 14 7 22 16 8 19 -11 15 -13 -14 18 -16 -17 -18 -19 -20 -21 29 -23 -24 24 -26 -27 -28 -29 -30 -31
leaf_value=-0.047126384501899578 0.089842867992004069 -0.052399565414057284 -0.0028221050838385469 0.022908681694101273 -0.080524499302133748 0.070592663748298409 0.018958648707995761 -0.075188416686236922 0.002131294303771996 0.081538642580331847 -0.019389157867572046 -0.0090825035278090643 0.041896023760690938 -0.00781382692654564 -0.061603420483827671 -0.087636376746106318 0.067228792272506971 0.079550801406185867 0.098576195084199431 0.071246996603614526 -0.070548808618297487 0.0074864795166137386 0.081109826150908962 -0.059959965300215523 0.08421505119404793 0.08323102897368978 0.11034965924346905 0.066206126715533775 0.0032093695235347742 -0.022983325283763126
leaf_weight=115.49408300220966 195.16591818630695 665.68527053296566 11238.300318617374 1957.221332654357 18978.481413688511 1111.7198483124375 2605.7377543263137 7336.8474290780723 2075.1153203360736 13726.881404776126 6114.7718422114849 1218.0212335921824 2803.1880328729749 512.5932556912303 253.13036901131272 969.31306722760201 3079.804503057152 5946.829623490572 346.58761313930154 626.00474140048027 1800.991850938648 4433.3936274722219 2346.2673673518002 495.57758519053459 266.79340010136366 672.17399515584111 141.81939809396863 651.33097909018397 1993.015961881727 872.66761561110616
leaf_count=1441 1432 6532 92249 12463 407741 14598 20326 124889 13085 274421 44468 9901 27709 4975 1971 5894 39314 114018 3396 6477 26756 22598 38208 4566 2389 11690 1146 5516 12461 7852
internal_value=-2.2836e-05 -0.0435608 0.0361216 0.0195764 -0.0578487 0.0194388 0.00516866 -0.06754 -0.045607 0.0716903 -0.00559759 -0.0658059 0.00610559 -0.0280899 0.0632808 -0.0288052 0.0451703 0.0670192 0.0352401 0.0183105 -0.0467372 -0.000343975 0.0621433 0.0381603 -0.00907712 0.0385188 0.0395062 0.0239651 0.0111965 -0.0551553
internal_weight=95550.9 43344.1 52206.9 35640.5 35333.5 8010.51 26811.1 30234.5 11256 16566.4 21125.6 8554.87 14041.5 3790.15 8829.36 7084.08 5685.54 8576.22 859.181 2701.12 2930.97 5099.08 4220.36 1874.09 762.371 2629.4 257.313 2839.51 2188.18 2673.66
internal_count=1360482 696550 663932 370102 591223 105327 229960 562093 154352 293830 170320 134790 119958 45566 140142 50362 59640 138171 8371 19562 37195 29130 59761 21553 6955 24153 2587 19409 13893 34608
is_linear=0
shrinkage=0.08


Tree=31
num_leaves=31
num_cat=0
split_feature=19 14 3 3 7 12 12 9 14 14 15 14 5 9 1 4 7 9 12 1 3 1 1 5 9 14 15 3 4 1
split_gain=13894.4 9183.23 4068.99 3247.58 2436.89 3536.65 2105.98 2104.14 1018.21 913.587 771.407 770.298 739.847 692.183 645.807 591.307 545.107 506.754 733.749 489.216 470.334 465.182 434.638 446.295 404.112 499.952 353.668 328.556 364.495 350.959
threshold=1.0000000180025095e-35 0.48333333432674414 0.55351883172988903 0.81302964687347423 0.58280590176582348 1.0000000180025095e-35 1.0000000180025095e-35 1.0000000180025095e-35 0.93541666865348827 0.16228070110082629 0.50127121806144725 0.10818713530898096 1.0000000180025095e-35 0.76283863186836254 0.82426470518112194 5.5000000000000009 0.63224515318870556 0.24626532942056659 1.0000000180025095e-35 0.6900656819343568 0.95419579744339 0.45867486298084265 0.75134408473968517 1.0000000180025095e-35 1.0000000180025095e-35 0.10818713530898096 0.22779067605733874 0.49657534062862402 7.5000000000000009 0.23132664710283282
decision_type=2 2 2 2 2 2 2 2 2 2 2 2 2 2 2 2 2 2 2 2 2 2 2 2 2 2 2 2 2 2
left_child=2 4 10 8 13 7 19 -6 12 -9 21 17 16 24 -14 -8 -3 -4 -19 -5 -21 -1 23 26 -2 -26 -13 29 -29 -10
right_child=1 3 11 6 5 -7 15 9 27 -11 -12 22 14 -15 -16 -17 -18 18 -20 20 -22 -23 -24 -25 25 -27 -28 28 -30 -31
leaf_value=-0.068952336749165483 -0.025559073447541856 -0.053518789686505988 0.063940655692143203 0.085124691040788042 0.0097389274974957578 0.065108254989046419 0.070020985159558 -0.081119574953601753 0.032577690304823007 -0.0096055106477700141 0.015250302632261887 -0.060304796124715357 0.025385992675379995 0.0056028147085744849 -0.062479007858597252 0.026385877350924566 0.046347690796989166 -0.057859013647705008 0.066557174715189793 -0.023121581718248931 0.017339641327772229 0.033122032114915233 0.083147987765277501 0.08254534491754846 -0.080869565237124824 -0.055090577278116892 0.038679091504241821 0.036895699210015662 -0.013777989727173832 -0.040720180603588244
leaf_weight=1686.2902698516846 1501.1390975415707 5901.2111440449953 1275.931269288063 438.10539647936821 3583.8687196597457 2552.4929479137063 7592.1794039383531 5375.4025838002563 601.51955257728696 1460.2471319548786 2387.7917177341878 262.43699169531465 2021.5061593726277 899.88529573008418 722.42028243467212 2721.431153152138 366.38176399841905 746.14364947751164 503.51886152103543 3423.4355445206165 3959.0511539801955 338.38746963441372 12728.416701674461 1581.8261888287961 10501.339060150087 9120.4991670809686 1665.0051671564579 3037.341956526041 1286.5857363976538 1332.689095325768
leaf_count=28002 11099 56661 16122 2337 18117 30288 147159 116881 2943 8780 12730 1952 14226 8338 5516 37044 2999 7859 5291 18858 26945 2847 276758 27054 247862 159901 19707 26122 7108 11854
internal_value=5.96699e-05 -0.018078 0.0535886 0.0119209 -0.0467151 -0.0191804 0.0348089 -0.0398655 -0.0152529 -0.0658842 -0.0154917 0.0698422 -0.0324653 -0.0629184 0.00212315 0.0585409 -0.0476231 0.0285659 -0.00753577 0.00347368 -0.00140449 -0.0517741 0.0762417 0.0510637 -0.0658458 -0.0689124 0.0249977 0.00951312 0.0217823 -0.0178175
internal_weight=91574.5 68398.7 23175.7 33403.9 34994.9 12972 18134.2 10419.5 15269.7 6835.65 4412.47 18763.3 9011.52 22022.9 2743.93 10313.6 6267.59 2525.59 1249.66 7820.59 7382.49 2024.68 16237.7 3509.27 21123 19621.8 1927.44 6258.14 4323.93 1934.21
internal_count=1359360 961038 398322 359772 601266 174066 232343 143778 127429 125661 43579 354743 79402 427200 19742 184203 59660 29272 13150 48140 45803 30849 325471 48713 418862 407763 21659 48027 33230 14797
is_linear=0
shrinkage=0.08


Tree=32
num_leaves=31
num_cat=0
split_feature=10 19 19 9 0 3 10 10 0 3 3 4 0 12 1 9 4 10 3 10 9 12 0 3 14 10 12 16 16 1
split_gain=19023.1 5106.44 4134.34 2856.18 2469.29 2173.24 1486.91 1343.79 2141.07 1259.62 877.511 853.62 611.815 480.074 477.374 473.176 335.304 312.699 303.039 273.967 369.747 325.61 272.999 292.768 265.236 178.657 178.415 172.131 171.588 168.924
threshold=0.76484143733978283 1.0000000180025095e-35 1.0000000180025095e-35 1.0000000180025095e-35 0.90366768836975109 0.77303028106689464 0.98280790448188793 0.51869320869445812 0.58499062061309826 0.55351883172988903 0.95861870050430309 4.5000000000000009 0.44136746227741247 1.0000000180025095e-35 0.71516755223274242 0.48198950290679937 8.5000000000000018 0.60619774460792553 0.68801230192184459 0.49545417726039892 0.26246066391468054 1.0000000180025095e-35 0.9569842815399171 0.95040982961654674 0.23669467866420749 0.97685134410858165 1.0000000180025095e-35 0.94174209237098705 0.53529900312423717 0.81120249629020702
decision_type=2 2 2 2 2 2 2 2 2 2 2 2 2 2 2 2 2 2 2 2 2 2 2 2 2 2 2 2 2 2
left_child=1 5 9 18 6 14 10 -5 29 25 11 -4 28 22 17 -10 -12 -1 -3 20 -7 -22 23 -6 -19 26 -2 -20 -8 -9
right_child=2 3 4 7 13 19 12 8 15 -11 16 -13 -14 -15 -16 -17 -18 24 27 -21 21 -23 -24 -25 -26 -27 -28 -29 -30 -31
leaf_value=-0.058573641187340986 0.086145020594877997 -0.05821251377592062 0.009440885143500697 -0.079836910077358172 0.05515904480792827 0.06533900374231387 0.024296579097410041 -0.073204016269649994 0.051540470653000679 0.079959892905249894 0.049417843709494529 -0.026267300540490545 0.057181112632835075 0.076988029495368371 0.0491250629833744 -0.013312612540295584 0.0022431151717787734 0.063351257069294634 -0.0039024118073491716 0.07765748612535639 -0.045374075561761845 0.065678520704512147 0.075426773015565177 -0.012159213756820454 -0.027434992383002069 0.060241491597924635 -0.0026425951087576767 0.029149432610135084 -0.03599951085345425 0.043999853672959173
leaf_weight=1924.9925402961671 152.83011637628078 504.41905000805855 7878.6356162130833 16062.357944551855 687.48642966523767 1070.2538402341306 575.1794416308403 6630.1382112801075 905.28966642543674 12143.222186367959 2507.2557016722858 9370.1899426355958 4546.2382029592991 4459.736922621727 444.16129285469651 3439.2181684710085 1577.6072527170181 268.32541572675109 3087.3918611183763 2201.9951092377305 495.50748784467578 249.6891216635704 667.64625966176391 1016.1613879241049 827.67103697732091 459.1356166228652 1729.8313338086009 1487.4867321103811 622.72974707186222 74.856686219573021
leaf_count=29833 854 5338 73521 399049 4036 15120 2798 132018 6516 278473 26928 67159 57165 100625 4679 26238 12838 2694 15878 41995 4803 1646 11229 6077 7374 2684 8615 8162 5180 453
internal_value=0.000161099 -0.0408988 0.0338264 -0.0547359 0.0185322 0.0186058 0.0076776 -0.0650484 -0.0435099 0.0695998 -0.00204568 -0.00994982 0.0437879 0.0614987 -0.0277655 0.000208119 0.0312627 -0.0391857 0.000287708 0.0586268 0.0353064 -0.00776125 0.0321997 0.0149945 -0.00487632 0.0157543 0.00468931 0.0068293 -0.00693451 -0.0718399
internal_weight=88067.6 39673.8 48393.9 32191.2 33908.9 7482.6 27077.8 27111.9 11049.5 14485 21333.7 17248.8 5744.15 6831.03 3465.15 4344.51 4084.86 3020.99 5079.3 4017.45 1815.45 745.197 2371.29 1703.65 1096 2341.8 1882.66 4574.88 1197.91 6704.99
internal_count=1359978 701796 658182 593652 367556 108144 245589 564274 165225 290626 180446 140680 65143 121967 44580 32754 39766 39901 29378 63564 21569 6449 21342 10113 10068 12153 9469 24040 7978 132471
is_linear=0
shrinkage=0.08


Tree=33
num_leaves=31
num_cat=0
split_feature=10 19 9 2 10 19 3 3 0 1 10 0 11 19 10 0 2 11 11 3 0 4 3 10 1 11 0 10 11 10
split_gain=16997.1 5222.2 4012.44 3740.85 1828.83 1746.03 1712.16 1385.34 1017.48 983.806 617.243 1222.82 635.099 579.904 545.844 505.63 436.106 406.037 401.13 277.342 271.147 249.403 274.819 226.872 219.771 181.124 169.272 171.454 154.704 138.3
threshold=0.6605919897556306 1.0000000180025095e-35 1.0000000180025095e-35 0.90353596210479747 0.98280790448188793 1.0000000180025095e-35 0.53907206654548656 0.95180022716522228 0.45852446556091314 0.99565216898918163 0.49545417726039892 0.57804551720619213 1.0000000180025095e-35 1.0000000180025095e-35 0.40917865931987768 0.44136746227741247 0.9833287000656129 1.0000000180025095e-35 1.0000000180025095e-35 0.8263767957687379 0.25158227980136877 4.5000000000000009 0.89039039611816417 0.97568368911743175 0.7320508360862733 1.0000000180025095e-35 0.44136746227741247 0.98280790448188793 1.0000000180025095e-35 0.99086740612983715
decision_type=2 2 2 2 2 2 2 2 2 2 2 2 2 2 2 2 2 2 2 2 2 2 2 2 2 2 2 2 2 2
left_child=2 6 13 4 7 8 20 9 -4 -3 -7 -12 -13 -1 25 28 17 23 -9 -16 -2 -15 -23 -5 -8 -10 27 -22 -6 -17
right_child=1 3 5 16 15 10 24 18 14 -11 11 12 -14 21 19 29 -18 -19 -20 -21 26 22 -24 -25 -26 -27 -28 -29 -30 -31
leaf_value=0.062667830100801805 0.038728542264140471 -0.015880642721321978 -0.066038553835513408 0.0059769188980719149 0.08173103973717781 -0.080397964521004076 0.056123990735907875 0.0074872941002387932 -0.065489431357822384 -0.099576892205996026 -0.075911538326524905 -0.040081809176278446 0.042412872085524161 0.013241385978320341 0.0056764411646024159 0.021646463705524772 0.083427715780906755 0.068820225218748241 0.053020089027719076 0.06837065170632696 -0.033064737873189635 -0.061325110453202727 0.00044190015125435448 0.079313556809261748 0.082989456775411835 0.03535404172629681 0.052097544525177633 0.052397565589350721 -0.014262752077581913 0.060896784236889968
leaf_weight=1119.5546769350767 1099.8855751231313 19138.129467062652 1442.6436384096742 1659.3245329223573 114.06187476217747 14030.656283233315 2501.5547893457115 2920.8449552953243 521.35604763776064 939.41791741549969 4457.3427344933152 1417.4692122153938 1023.8694090619683 3068.8117095381021 819.63993221521378 714.3263429813087 3350.8609120026231 2085.4444398544729 2159.639771297574 1019.9445268064737 1245.0486886426806 744.78773775696754 1183.6363931149244 319.20020254701376 10543.060764171183 139.78934045881033 217.8377475515008 164.93022829294205 1080.6836082860827 3448.09118809551
leaf_count=15794 6251 171476 28057 11654 690 377409 40820 14459 6328 5438 107304 12721 8145 17397 6419 8304 75363 47244 35330 14322 7148 6483 5245 3541 271165 827 1218 788 7336 45468
internal_value=-8.10233e-05 0.0271414 -0.0472573 0.0110459 -0.00133656 -0.0615312 0.0658228 -0.0103808 -0.0126318 -0.0198285 -0.0707316 -0.0510048 -0.00540311 0.0107615 0.0181844 0.0410766 0.061993 0.0441994 0.0269072 0.0406146 0.00809869 -0.00088641 -0.0234276 0.0180593 0.0778732 -0.0438221 -0.0125546 -0.022805 -0.00466248 0.0542334
internal_weight=84691.8 53702.3 30989.5 37930 30515.2 24872.7 15772.3 25158 3943.37 20077.5 20929.3 6898.68 2441.34 6116.79 2500.73 5357.16 7414.83 4063.97 5080.48 1839.58 2727.7 4997.24 1928.42 1978.52 13044.6 661.145 1627.82 1409.98 1194.75 4162.42
internal_count=1360144 753693 606451 426303 288501 561532 327390 226703 55953 176914 505579 128170 20866 44919 27896 61798 137802 62439 49789 20741 15405 29125 11728 15195 311985 7155 9154 7936 8026 53772
is_linear=0
shrinkage=0.08


Tree=34
num_leaves=31
num_cat=0
split_feature=10 2 19 12 2 9 14 1 10 19 9 5 19 4 12 5 15 12 19 2 10 14 10 5 5 10 10 16 14 9
split_gain=15132.7 4146.36 3725.81 3190.97 2557.47 2369.23 1353.77 1223.37 1181.16 1001.35 647.994 606.373 595.676 585.4 442.164 438.797 378.306 334.105 329.894 290.983 256.84 250.282 232.604 616.659 221.735 206.995 196.83 185.607 155.374 152.183
threshold=0.76037362217903148 0.68133461475372326 1.0000000180025095e-35 1.0000000180025095e-35 0.90815371274948131 1.0000000180025095e-35 0.10818713530898096 0.54261502623558056 0.98092204332351696 1.0000000180025095e-35 0.6050851345062257 1.0000000180025095e-35 1.0000000180025095e-35 8.5000000000000018 1.0000000180025095e-35 1.0000000180025095e-35 0.034394783899188049 1.0000000180025095e-35 1.0000000180025095e-35 0.98529094457626354 0.62169164419174205 0.21240601688623431 0.57909116148948681 1.0000000180025095e-35 1.0000000180025095e-35 0.99086740612983715 0.97881317138671886 0.61602565646171581 0.30384616553783422 0.80562138557434093
decision_type=2 2 2 2 2 2 2 2 2 2 2 2 2 2 2 2 2 2 2 2 2 2 2 2 2 2 2 2 2 2
left_child=1 9 7 5 8 18 -7 24 10 11 28 20 -8 -12 19 29 -11 -13 -3 26 -1 -22 -18 -24 27 -17 -6 -2 -4 -10
right_child=2 3 4 -5 14 6 12 -9 15 16 13 17 -14 -15 -16 25 22 -19 -20 -21 21 -23 23 -25 -26 -27 -28 -29 -30 -31
leaf_value=-0.061031771854526094 0.032496769915803941 0.065816927442026121 0.083083978658508958 0.070012626094763317 0.0012921834047519218 -0.077603665816555728 0.076419346635782856 0.080487570668542327 0.058002407019791175 -0.031853059336031858 0.0007734767281845136 -0.0053283766313032355 -0.025144194624687956 -0.029969145057001923 0.076415207648325267 0.018441200137790804 -0.078901037134189528 0.090306576852582449 0.0098416075331926901 0.081894016545690423 0.071843515704550262 -0.029682411258826296 -0.069966066005169691 0.0040186306092916835 0.086276229312975336 0.07127759250235538 0.078581615199379548 -0.0094439577566695528 0.023768889438460443 0.0054298536037410122
leaf_weight=1663.0974128469825 1642.1902589127421 825.01434355974197 313.36336128786206 2874.8413163237274 1324.4912315271795 4746.0879706442356 511.67657413333654 9862.5430034808815 419.65473408252001 1664.8972236961126 11994.830414351076 599.32160617411137 1291.8618958443403 5908.7184009030461 4259.3602879680693 618.30066410824656 11091.613198455423 374.82033334672451 3654.5378520190716 538.63358714431524 191.55039414390922 732.23234792053699 4587.14714191854 849.87746372073889 311.12460830807686 2239.3751308396459 246.88843217492104 1133.4669189602137 2867.410752736032 2137.1014817692339
leaf_count=28695 10749 13781 2216 45023 8102 122704 8694 268371 3239 18854 108049 6481 8774 42775 106471 7686 316848 4242 18607 11513 1882 6680 88937 5956 5820 35443 2731 8277 23389 17829
internal_value=-2.50671e-05 -0.0391052 0.0303874 -0.0049663 0.0160569 -0.0245475 -0.0552017 0.0667287 0.00510523 -0.0609109 -0.00344926 -0.0220102 0.00371324 -0.00936913 0.0615549 0.0384192 -0.068508 0.0315789 0.0202483 0.0313719 -0.0422739 -0.00818487 -0.0721797 -0.0583788 0.0226571 0.0599537 0.0137478 0.0153261 0.0297839 0.0142177
internal_weight=81476 35658.6 45817.5 13904 32868.1 11029.2 6549.63 12949.3 26498.8 21754.6 21084.3 3561.02 1803.54 17903.5 6369.37 5414.43 18193.5 974.142 4479.55 2110.01 2586.88 923.783 16528.6 5437.02 3086.78 2857.68 1571.38 2775.66 3180.77 2556.76
internal_count=1358818 696158 662660 217583 369443 172560 140172 293217 240626 478575 176429 47980 17468 150824 128817 64197 430595 10723 32388 22346 37257 8562 411741 94893 24846 43129 10833 19026 25605 21068
is_linear=0
shrinkage=0.08


Tree=35
num_leaves=31
num_cat=0
split_feature=10 3 9 12 5 10 19 19 4 1 0 10 14 10 0 1 12 7 12 19 1 19 4 10 12 1 12 5 1 19
split_gain=13481.5 4563.06 3465.78 2800.77 1600.22 1554.81 1494.17 1484.96 934.671 826.828 806.09 652.425 636.836 614.943 1105.74 579.839 575.232 556.199 511.609 489.364 480.624 476.813 568.487 458.995 353.289 338.082 270.894 258.235 227.685 193.947
threshold=0.65582582354545604 0.80982521176338207 1.0000000180025095e-35 1.0000000180025095e-35 1.0000000180025095e-35 0.83960041403770458 1.0000000180025095e-35 1.0000000180025095e-35 7.5000000000000009 0.78910306096076976 0.45852446556091314 0.97881317138671886 0.23669467866420749 0.49545417726039892 0.57804551720619213 0.69732204079628002 1.0000000180025095e-35 0.58280590176582348 1.0000000180025095e-35 1.0000000180025095e-35 0.77015754580497753 1.0000000180025095e-35 5.5000000000000009 0.42563724517822271 1.0000000180025095e-35 0.69416099786758434 1.0000000180025095e-35 1.0000000180025095e-35 0.94360822439193737 1.0000000180025095e-35
decision_type=2 2 2 2 2 2 2 2 2 2 2 2 2 2 2 2 2 2 2 2 2 2 2 2 2 2 2 2 2 2
left_child=2 4 19 7 5 12 10 -3 24 26 -4 15 -2 -8 -15 -9 -16 18 -7 -1 -14 -5 -23 -12 -6 -24 -10 -25 -21 -11
right_child=1 3 6 21 8 17 13 11 9 29 23 -13 20 14 16 -17 -18 -19 -20 28 -22 22 25 27 -26 -27 -28 -29 -30 -31
leaf_value=0.059429340111775288 0.041202857437638997 0.083115166456377843 -0.063059855933340708 0.082231190758818781 0.015898312483688969 0.050921356976824664 -0.079272623757469018 0.08185160580872633 -0.040207104552249059 0.065971879969156461 -0.037867836412982574 0.062778661850586975 -0.059540840498465156 -0.074335778082993673 -0.041158592217245986 -0.013262528252997136 0.039254047815429842 0.054208826341065074 -0.0096207427696392584 -0.017918713950085471 0.050418995218472713 0.067061312067886361 0.085429874812547213 -0.0018938703030680281 0.061157582850196193 0.013178069384627945 0.043390657220345734 0.064332050263800747 0.016313468313339193 -0.11508030003098758
leaf_weight=1020.170017439872 478.53562927246094 1630.3659109864384 1275.1039907336235 7056.1980733964592 1603.7131791971624 998.71088782697916 12154.371363801882 429.70970314741135 353.54938815534115 36.593048423528671 694.66034332290292 935.7466912381351 5404.5599623322487 3799.2573116067797 1221.4759576506913 7195.1735210642219 1057.0091045834124 1233.2031951658428 8096.5316271446645 2552.9000495374203 261.71647331118584 7299.8367766290903 495.70346879214048 593.06005679816008 3646.0436118580401 2476.9944999888539 794.08511289954185 1005.6656005941331 2413.6398231387138 504.15320789068937
leaf_count=15751 5810 39790 27690 223163 12131 7047 377541 1962 2246 597 7851 11410 69955 104925 11621 40142 8655 15269 58839 16531 3011 167342 5037 4969 49699 36429 6186 14066 12833 2277
internal_value=3.30863e-05 0.0244887 -0.044782 0.0465718 -0.00146727 -0.0150471 -0.0595857 0.0132632 0.03074 -0.0209244 -0.0121708 -6.21086e-05 -0.0468956 -0.0688513 -0.0479363 -0.00783116 -0.00378013 0.0038989 -0.00293096 0.0091038 -0.0543938 0.0661419 0.0550399 0.0161291 0.0473904 0.0254032 0.0174354 0.0397359 -0.00125069 -0.102043
internal_weight=78718.4 50931.1 27787.3 27519.7 23411.4 16473.3 21800.6 10191 6938.14 1688.38 3568.49 8560.63 6144.81 18232.1 6077.74 7624.88 2278.49 10328.4 9095.24 5986.71 5666.28 17328.7 10272.5 2293.39 5249.76 2972.7 1147.63 1598.73 4966.54 540.746
internal_count=1360775 758342 602433 525275 233067 159931 557318 93304 73136 11306 54576 53514 78776 502742 125201 42104 20276 81155 65886 45115 72966 431971 208808 26886 61830 41466 8432 19035 29364 2874
is_linear=0
shrinkage=0.08


Tree=36
num_leaves=31
num_cat=0
split_feature=10 19 9 2 10 2 19 14 1 4 6 10 2 2 19 10 14 2 12 6 9 12 2 16 1 12 10 1 14 16
split_gain=12076.2 4313.87 3236.69 2862.11 1562.6 1492.84 1303.82 761.637 730.553 655.425 623.66 596.686 977.785 537.028 486.345 485.827 368.862 366.723 321.476 323.299 305.209 281.012 268.792 268.441 214.872 212.62 163.207 152.364 142.905 122.022
threshold=0.65582582354545604 1.0000000180025095e-35 0.24626532942056659 0.92637759447097789 0.89326858520507824 0.52689418196678173 1.0000000180025095e-35 0.29705883562564855 0.78319624066352855 8.5000000000000018 1.0000000180025095e-35 0.49545417726039892 0.58102023601531994 0.78611555695533764 1.0000000180025095e-35 0.97989273071289074 0.074175827205181136 0.4327110648155213 1.0000000180025095e-35 1.0000000180025095e-35 0.41684396564960485 1.0000000180025095e-35 0.9833287000656129 0.60158732533454906 0.62575301527977001 1.0000000180025095e-35 0.56479570269584667 0.99565216898918163 0.12771739065647128 0.90399384498596203
decision_type=2 2 2 2 2 2 2 2 2 2 2 2 2 2 2 2 2 2 2 2 2 2 2 2 2 2 2 2 2 2
left_child=2 5 14 4 7 18 8 17 26 15 -9 -8 -13 -11 -1 -6 21 -3 -2 23 -14 -10 25 -20 -16 27 -4 -5 -28 -26
right_child=1 3 6 22 9 -7 11 10 16 13 -12 12 20 -15 24 -17 -18 -19 19 -21 -22 -23 -24 -25 29 -27 28 -29 -30 -31
leaf_value=0.057065272384387501 0.091313427758729165 -0.026279382410652023 -0.055582706814807613 0.038548902613973229 0.014585379396103175 0.079295494515151319 -0.07887633216586927 -0.047185498635028279 -0.053497149901053885 0.002175286573479554 -0.0084389575045898859 -0.070102592379796339 0.079020057780327821 -0.067534243340840544 -0.05033636557882816 0.048606557940140925 0.073946176993346213 0.051769478808340832 0.026284461624430384 0.086261090573505297 -0.013039733470539803 0.073982026612354687 0.082481574803840718 -0.020058019750825887 -0.0081505441168145936 0.066693999668762063 0.10304502087989507 -0.02950660934948093 -0.020019468651054736 0.018510283816819701
leaf_weight=1043.0171541385353 367.31264465302229 559.47136369347572 1521.9894570559263 597.99041030183434 9153.7490875683725 9468.4522876515985 11159.904352711514 5930.5029104426503 361.48509523272514 4825.3394649475813 4841.3523557037115 3879.5055216886103 262.80420754849911 822.97688385099173 538.44860488735139 3815.208690866828 695.50596077181399 1200.6566566415131 1739.8873194847256 343.25079930201173 1648.4967304002494 153.08205984160304 2770.3517826832831 1469.8545950297266 2636.7004507854581 1158.9847102425992 62.157793376594782 316.63627535477281 581.07953060045838 1872.3034297302365
leaf_count=16397 4006 10696 26905 5235 87967 292127 373415 72000 4063 35118 36774 108623 2178 6009 7349 56095 12045 9753 12513 7545 14249 1418 75400 12574 14816 32371 687 2104 8732 11063
internal_value=-7.289e-06 0.023345 -0.0436633 0.00891534 1.01443e-05 0.0621066 -0.0589896 -0.0218191 -0.0135011 0.0147147 -0.0297979 -0.0680313 -0.0470535 -0.00800405 0.00746592 0.0246209 0.0361205 0.0268662 0.0205025 0.0130189 -0.000124851 -0.0149176 0.0660884 0.00501464 -0.00279807 0.0439645 -0.0413261 0.0147823 -0.0071775 0.0028928
internal_weight=75798.5 49382 26416.5 35993.2 31149.3 13388.8 20326 12532 3375.3 18617.3 10771.9 16950.7 5790.81 5648.32 6090.47 12969 1210.07 1760.13 3920.31 3552.99 1911.3 514.567 4843.96 3209.74 5047.45 2073.61 2165.23 914.627 643.237 4509
internal_count=1360227 758287 601940 429522 314412 328765 552315 129223 53850 185189 108774 498465 125050 41127 49625 144062 17526 20449 36638 32632 16427 5481 115110 25087 33228 39710 36324 7339 9419 25879
is_linear=0
shrinkage=0.08


Tree=37
num_leaves=31
num_cat=0
split_feature=10 3 15 12 2 10 12 10 4 2 14 14 10 3 1 1 18 4 3 1 5 16 16 3 14 1 1 4 10 14
split_gain=10666.5 3765.65 2982.95 2557.66 1501.5 1008.32 869.688 1215.36 686.573 673.229 646.203 629.407 606.296 884.851 570.193 554.063 438.206 421.034 440.472 1029.62 383.091 574.491 308.791 274.01 259.336 240.79 193.262 187.477 183.537 175.504
threshold=0.6605919897556306 0.79516318440437328 0.021226806566119198 1.0000000180025095e-35 0.63686314225196849 0.83960041403770458 1.0000000180025095e-35 1.0000000180025095e-35 8.5000000000000018 0.96999701857566845 0.28991597890853887 0.16228070110082629 0.49545417726039892 0.55036231875419628 0.6900656819343568 0.79118219017982494 1.0000000180025095e-35 5.5000000000000009 0.91458967328071605 0.69416099786758434 1.0000000180025095e-35 0.60158732533454906 0.50352111458778392 0.49657534062862402 0.25833334028720861 0.94360822439193737 0.92031747102737438 5.5000000000000009 0.56949043273925792 0.097619049251079573
decision_type=2 2 2 2 2 2 2 2 2 2 2 2 2 2 2 2 2 2 2 2 2 2 2 2 2 2 2 2 2 2
left_child=2 4 6 9 5 10 7 25 -6 14 23 -9 29 -14 -3 -10 -16 26 19 -19 21 -7 -12 -2 28 27 -5 -1 -15 -4
right_child=1 3 12 17 8 20 -8 11 15 -11 22 -13 13 24 16 -17 -18 18 -20 -21 -22 -23 -24 -25 -26 -27 -28 -29 -30 -31
leaf_value=0.0061290136919551902 -0.023246347002900354 0.079600024851147838 -0.079628856552632021 0.055502946553773101 0.045832049861867494 0.017176227908394969 0.083548658835823741 -0.074411137694900403 0.031221601657155387 0.077759267812058108 -0.013304231990401242 0.040881903506871521 -0.071387546322172007 -0.01846428075897099 0.0025069818707178309 -0.10161553620313353 -0.10204299246909716 0.082722562618771978 0.056590636691217097 -0.064843109619037845 0.033522551481552448 -0.024682424822788457 -0.064395563378023934 0.056580486656277004 -0.041384988643950189 0.024747877164614556 0.07799683796777318 -0.036817729368874445 0.030534463386532918 -0.050108018694756562
leaf_weight=2000.6336349882185 582.0036851875484 600.70038728788495 8170.3407891411334 3773.6575127132237 4625.3619806971401 3659.9630423374474 655.88418407738209 2158.2853159233928 400.83168876171112 877.66517227515578 961.57885310053825 347.24226707406342 3449.4413277376443 998.62233711406589 8325.754385413602 391.93499066308141 259.70401418767869 538.39731733128428 3422.5129700247198 677.88463826477528 1829.2187830898911 4898.2542692124844 3764.3405742961913 511.1445178873837 1238.231463747099 2868.9694017469883 7729.7849292028695 955.2326475828886 947.1322330199182 1609.7549635916948
leaf_count=14148 9821 5256 291760 88201 59687 22882 10001 62895 3063 24999 11429 3194 105395 17103 63365 1952 1370 7261 81698 8767 17770 37817 49673 4842 15215 22931 253563 7822 10920 44118
internal_value=5.35447e-05 0.0223045 -0.0418375 0.0426924 -0.00239957 -0.0145956 -0.00476158 -0.0117798 0.0340311 0.0110125 -0.041241 -0.0583193 -0.0621188 -0.0433346 0.00457914 -0.0344763 -0.000694508 0.0624238 0.0419131 0.000418294 0.000328482 -0.00676311 -0.0540589 0.0140218 -0.0128284 0.00824442 0.070659 -0.00773457 0.00532188 -0.0748143
internal_weight=73230.5 47830.7 25399.8 26206.1 21624.6 16206.5 8986.25 8330.36 5418.13 10063.8 5819.07 2505.53 16413.5 6633.43 9186.16 792.767 8585.46 16142.2 4638.79 1216.28 10387.4 8558.22 4725.92 1093.15 3183.99 5824.84 11503.4 2955.87 1945.75 9780.1
internal_count=1358918 753416 605502 534480 218936 154234 120991 110990 64702 94990 75765 66089 484511 148633 69991 5015 64735 439490 97726 16028 78469 60699 61102 14663 43238 44901 341764 21970 28023 335878
is_linear=0
shrinkage=0.08


Tree=38
num_leaves=31
num_cat=0
split_feature=10 0 19 12 2 9 14 3 19 10 3 1 19 5 5 2 0 12 5 3 12 19 2 14 12 15 10 10 0 12
split_gain=9542.68 3333.42 2910.52 2458.59 1810.69 1651.46 1410.45 1044.39 908.21 828.441 664.612 1013.26 606.921 567.987 555.382 428.339 415.008 372.346 346.713 314.681 291.73 250.323 240.15 233.334 226.497 196.47 192.061 183.385 151.487 145.494
threshold=0.78283873200416576 0.66352203488349926 1.0000000180025095e-35 1.0000000180025095e-35 0.92637759447097789 1.0000000180025095e-35 0.08893280848860742 0.56949809193611156 1.0000000180025095e-35 0.99086740612983715 0.95419579744339 0.99565216898918163 1.0000000180025095e-35 1.0000000180025095e-35 1.0000000180025095e-35 0.73363915085792553 0.74322345852851879 1.0000000180025095e-35 1.0000000180025095e-35 0.71503761410713207 1.0000000180025095e-35 1.0000000180025095e-35 0.9833287000656129 0.04446640424430371 1.0000000180025095e-35 0.034394783899188049 0.48450405895709997 0.58381736278533947 0.41324576735496527 1.0000000180025095e-35
decision_type=2 2 2 2 2 2 2 2 2 2 2 2 2 2 2 2 2 2 2 2 2 2 2 2 2 2 2 2 2 2
left_child=1 8 7 5 9 21 -7 -2 18 10 11 -4 -8 16 28 25 19 -12 20 -5 26 -3 29 -22 -20 -10 -1 -27 -11 -6
right_child=2 3 4 13 22 6 12 -9 15 14 17 -13 -14 -15 -16 -17 -18 -19 24 -21 23 -23 -24 -25 -26 27 -28 -29 -30 -31
leaf_value=-0.031804492534833251 0.014800381002393481 0.055841832204317959 -0.0032771305552717995 0.070205391381616591 0.016131328936721742 -0.075692050374863304 0.070340896357370064 0.077314029623334182 -0.034665349636425744 -0.013568234918778231 0.0055772336023756728 -0.086452137762013645 -0.02241305036826113 0.073736811682917042 0.067879940379079892 0.052310396116536054 0.066865620780593618 0.049521982392116096 -0.0044447656754530111 -0.072338301045456341 0.12948394899317583 0.0052052630093625575 0.081941831494213052 -0.045727436036733585 0.089056705240646059 -0.07864182465345651 0.11125834703182852 -0.057981387189110827 0.029128607703591842 0.062906040455627976
leaf_weight=98.942257907241583 2201.051074128598 739.158715672791 15264.637833995745 121.20868328586221 799.59728372469544 4335.5118833463639 596.30832605808973 7817.3677050303668 1070.4858560282737 972.85708792507648 2826.9675879180431 994.18092322163284 1806.683452911675 2510.6013245284557 2064.1020792685449 186.97647289000452 365.7891588434577 2199.9239479675889 422.49661660753191 451.8355161473155 44.624719969928265 3969.6779421642423 2186.2166244201362 2121.5238810665905 264.30596413649619 7652.2196195833385 136.33192564174533 4564.4218256603926 1154.0739217232913 944.95122769661248
leaf_count=1564 12243 14383 128457 888 6604 149265 12318 268171 14680 6507 12859 6090 13340 52056 39549 1983 5730 43955 4862 4115 640 20674 70744 34551 2958 291404 1161 96003 11963 30700
internal_value=0.000155297 -0.0326995 0.0263759 -0.00522537 0.0136771 -0.0230771 -0.048469 0.0636099 -0.057392 0.00586733 -0.000529582 -0.0083979 0.000635888 0.0539189 0.0383565 -0.0663634 0.000642987 0.0248707 -0.0181535 -0.0415646 -0.0325115 0.0132386 0.064183 -0.0417543 0.0316902 -0.0680644 0.0510189 -0.0709626 0.00953803 0.0416661
internal_weight=70885 31459.1 39425.9 14896.8 29407.5 11447.3 6738.5 10018.4 16562.3 25476.7 21285.7 16258.8 2402.99 3449.43 4191.03 13474.1 938.833 5026.89 3088.23 573.044 2401.42 4708.84 3930.77 2166.15 686.803 13287.1 235.274 12216.6 2126.93 1744.55
internal_count=1360417 722575 637842 272769 357428 209980 174923 280414 449806 249380 191361 134547 25658 62789 58019 404070 10733 56814 45736 5003 37916 35057 108048 35191 7820 402087 2725 387407 18470 37304
is_linear=0
shrinkage=0.08


Tree=39
num_leaves=31
num_cat=0
split_feature=19 0 12 1 14 3 14 9 6 0 5 9 12 14 2 9 14 16 0 2 16 1 1 0 9 12 3 14 14 14
split_gain=6341.43 4052.86 3987.56 2460.01 1297.63 1075.74 965.451 2283.84 807.447 709.369 642.838 464.815 443.656 432.006 423.439 420.098 394.055 339.159 345.873 336.477 319.894 395.475 222.468 218.641 178.477 289.129 160.169 150.289 147.491 139.916
threshold=1.0000000180025095e-35 0.59299960732460033 1.0000000180025095e-35 0.7320508360862733 0.60769233107566845 0.89943820238113414 0.18898809701204303 1.0000000180025095e-35 1.0000000180025095e-35 0.94360822439193737 1.0000000180025095e-35 0.52106758952140819 1.0000000180025095e-35 0.074175827205181136 0.90353596210479747 0.79596912860870372 0.064583335071802153 0.58397436141967785 0.6911335587501527 0.68133461475372326 0.50352111458778392 0.71516755223274242 0.82793453335762035 0.86222714185714733 1.0000000180025095e-35 1.0000000180025095e-35 0.75905716419219982 0.10818713530898096 0.078461539000272765 0.074175827205181136
decision_type=2 2 2 2 2 2 2 2 2 2 2 2 2 2 2 2 2 2 2 2 2 2 2 2 2 2 2 2 2 2
left_child=3 4 6 10 15 11 7 -3 22 -10 12 28 29 24 -13 19 -12 -14 -19 27 -6 26 -8 -7 -5 -26 -22 -2 -4 -1
right_child=1 2 5 13 20 23 8 -9 9 -11 16 14 17 -15 -16 -17 -18 18 -20 -21 21 -23 -24 -25 25 -27 -28 -29 -30 -31
leaf_value=-0.026514111882251029 -0.075676284754188194 0.0036719405347299724 -0.019356138966508427 0.056165236840824737 0.012869608789802162 0.040185723687755866 0.071776363159870626 -0.076124363433287379 -0.020471760345535411 0.05570888773854249 -0.020803660765753729 0.00026007397434792525 0.01267410006756201 0.079580621280544786 0.068210970451475714 -0.0043888603541961798 0.080873861908982367 -0.039225053603861068 0.059841695623466758 0.05173952232603201 -0.036478863288926175 0.042370876884507233 0.013997624776117235 0.070782160906253763 -0.044501153585417966 0.069359371452386825 0.05628032589884107 -0.056409558709439901 0.072898704173258444 0.087976204406202185
leaf_weight=77.608589176088572 4635.076652970165 4295.0328027531505 119.67302460037172 741.24547198787332 1915.9435553122312 2450.860149776563 962.30750543251634 4915.7600846849382 8255.8219743575901 858.40265062451363 313.8327742498368 5926.501745691523 2013.8188425675035 7603.0168098341674 647.03882789611816 853.14089673757553 1030.0346848666668 2523.6644446272403 242.01049022935331 156.67740670591593 4073.4338326659054 481.01444149017334 782.38701274245977 4080.4762647915632 380.53686010465026 221.50504349544644 117.09185657277703 6468.1303965207189 995.85133038461208 393.75658583827317
leaf_count=1318 182696 23002 3008 14785 12273 45392 5759 186433 44131 14202 3910 62852 21076 282760 16300 7632 24456 31592 5782 1715 36095 4261 5383 125512 4828 3463 757 172911 10108 4462
internal_value=-6.63278e-05 -0.0132481 0.0030871 0.0448593 -0.0432024 0.035494 -0.0198699 -0.0389158 -0.00368955 -0.0132527 0.00774978 0.015171 -0.00487227 0.0721769 0.00701962 -0.0587432 0.0570214 -0.0122267 -0.0304061 -0.0628435 -0.0145788 -0.0258722 0.0460717 0.059365 0.0300132 -0.00211944 -0.0337849 -0.0644974 0.0628166 0.0687095
internal_weight=68531.7 52990.6 34290.1 15541 18700.5 14220.4 20069.7 9210.79 10858.9 9114.22 6594.73 7689.06 5250.86 8946.3 6573.54 12113 1343.87 4779.49 2765.67 11259.9 6587.48 4671.54 1744.69 6531.34 1343.29 602.042 4190.53 11103.2 1115.52 471.365
internal_count=1358854 960422 542082 398432 418340 263172 278910 209435 69475 58333 92596 92268 64230 305836 79152 364954 28366 58450 37374 357322 53386 41113 11142 170904 23076 8291 36852 355607 13116 5780
is_linear=0
shrinkage=0.08


Tree=40
num_leaves=31
num_cat=0
split_feature=10 0 2 12 9 14 0 0 12 5 2 5 0 1 4 10 5 12 9 2 1 1 16 14 9 2 12 2 12 10
split_gain=7651.33 2862.9 2155.08 1877.28 1343.2 1289.31 803.026 770.576 767.827 603.461 597.227 572.618 549.432 532.411 424.279 392.072 646.903 774.298 414.261 384.948 550.738 356.632 351.86 337.727 298.396 284.887 254.099 205.982 165.523 156.007
threshold=0.78283873200416576 0.66352203488349926 0.91922956705093395 1.0000000180025095e-35 1.0000000180025095e-35 0.08893280848860742 0.44136746227741247 0.25158227980136877 1.0000000180025095e-35 1.0000000180025095e-35 0.72646823525428783 1.0000000180025095e-35 0.67826876044273388 0.77459675073623668 8.5000000000000018 0.58381736278533947 1.0000000180025095e-35 1.0000000180025095e-35 1.0000000180025095e-35 0.74601566791534435 0.63028588891029369 0.5604878067970277 0.58397436141967785 0.14642857760190967 0.8871574103832246 0.94185259938240062 1.0000000180025095e-35 0.98529094457626354 1.0000000180025095e-35 0.39755295217037206
decision_type=2 2 2 2 2 2 2 2 2 2 2 2 2 2 2 2 2 2 2 2 2 2 2 2 2 2 2 2 2 2
left_child=1 10 6 4 -3 -6 7 28 13 12 15 19 -10 -8 -11 18 23 -18 -1 20 -5 22 -9 -17 -15 -7 27 -4 -2 -13
right_child=2 3 26 11 5 25 8 21 9 14 -12 29 -14 24 -16 16 17 -19 -20 -21 -22 -23 -24 -25 -26 -27 -28 -29 -30 -31
leaf_value=-0.017787885589416554 0.089488416330038414 0.01162650530140668 0.021626383005076435 0.083098406194715452 -0.074014303058282563 -0.010567961078386777 0.036811232841490037 -0.007875127704583585 -0.0060183575904504518 0.054011492386413236 0.054272879268421871 -0.01013593090230764 0.047156101752347468 0.0060121838998416968 0.014523173341281193 0.05659012496564949 -0.046874308010486081 0.10925533065635264 -0.073588812144268573 0.070967364427135332 -0.084328893619288886 0.066831144015769423 -0.055794038912473969 -0.055887745337626395 -0.028152436175963691 0.065667368069930052 0.077089897308190783 0.080388654567399326 0.019361850876849454 0.07554960465139729
leaf_weight=963.79278637096286 236.32957135140896 4636.7602179534733 1197.4453876744956 166.53476878069341 3805.9624755065888 1943.4670358803123 2298.2259539812803 1723.5387814864516 3697.9328824169934 7529.7512587513775 307.73429339937866 140.48454054631293 1865.0180991832167 4065.1571871563792 2286.339410379529 172.10117775760591 433.64493680000305 373.1884080413729 8137.7172611430287 290.58573163673282 463.56971292197704 225.55600503832102 2302.9942004233599 4641.3186338879168 2725.7609360348433 368.7959616612643 4456.3643508329988 567.72513064555824 2231.2719183526933 2150.3557403441519
leaf_count=9549 1601 35116 13841 1487 149448 18617 17844 12709 32823 183231 3960 1775 42106 28487 38420 3334 3921 3533 324700 5430 3842 3026 24607 100655 18038 6942 184982 20334 14609 50331
internal_value=-2.62696e-05 -0.0308703 0.0238776 -0.00477718 -0.0208163 -0.045419 0.0152892 -0.00918435 0.0220174 0.0329106 -0.0550976 0.0488349 0.0118064 0.00356026 0.0448423 -0.0574123 -0.0406617 0.0253721 -0.0677104 -0.00428087 -0.0395206 -0.0298271 -0.0353575 -0.0517784 -0.007688 0.00163765 0.0668576 0.0407899 0.0263102 0.0702147
internal_weight=66405.4 28996 37409.4 13966.5 10755 6118.23 31187.9 6719.69 24468.2 15379 15029.5 3211.53 5562.95 9089.14 9816.09 14721.8 5620.25 806.833 9101.51 920.69 630.104 4252.09 4026.53 4813.42 6790.92 2312.26 6221.53 1765.17 2467.6 2290.84
internal_count=1359298 722640 636658 272988 210123 175007 417501 56552 360949 296580 449652 62865 74929 64369 221651 445692 111443 7454 334249 10759 5329 40342 37316 103989 46525 25559 219157 34175 16210 52106
is_linear=0
shrinkage=0.08


Tree=41
num_leaves=31
num_cat=0
split_feature=10 2 9 3 10 2 1 3 7 14 4 7 12 12 2 9 2 14 2 3 4 3 4 3 9 1 1 15 4 3
split_gain=6723.18 2874.89 2471.77 1622.73 938.557 1270.65 796.307 980.543 1044.32 669.752 612.13 576.938 564.806 511.163 418.855 405.393 329.099 231.487 283.223 216.946 195.169 260.281 180.28 195.575 166.162 151.749 278.55 147.799 139.08 105.292
threshold=0.64418154954910289 0.89943820238113414 0.24626532942056659 0.9495762586593629 0.46583126485347753 0.51087471842765819 0.99565216898918163 0.49657534062862402 0.22361110895872119 0.29705883562564855 5.5000000000000009 0.79557675123214733 1.0000000180025095e-35 1.0000000180025095e-35 0.86222714185714733 0.41684396564960485 0.98425099253654491 0.078461539000272765 0.55612829327583324 0.75905716419219982 2.5000000000000004 0.89699381589889537 5.5000000000000009 0.91715687513351452 0.34382070600986486 0.89386734366416942 0.94932374358177196 0.25761070847511297 5.5000000000000009 0.95180022716522228
decision_type=2 2 2 2 2 2 2 2 2 2 2 2 2 2 2 2 2 2 2 2 2 2 2 2 2 2 2 2 2 2
left_child=2 3 20 6 17 19 7 8 -2 -9 -8 -12 16 25 15 -7 22 -4 -19 -6 -1 -22 23 -3 -20 -5 -27 -21 -14 -30
right_child=1 12 4 13 5 14 10 9 -10 -11 11 -13 28 -15 -16 -17 -18 18 24 27 21 -23 -24 -25 -26 26 -28 -29 29 -31
leaf_value=0.024017252023919924 0.016110342615514014 0.066599126009761797 -0.078469393654433395 0.066694030242541585 -0.067736300634094485 0.05729628025846914 0.062298614161215168 0.060877652216203532 -0.045812501097612417 0.0067516917203064618 -0.11807180925186467 0.084942252888397032 0.076330029957938014 0.061992675370333532 0.05410935310390283 -0.028884692461835119 0.079418167537338699 -0.067461278346378994 0.11707461922783 -0.04272704732370617 -0.035604244274621687 0.010710440549868623 -0.075566049471709196 0.0083025485670330818 -0.009730905293071055 -0.066002684842086976 0.020263450572425293 0.12623443055768671 -0.1432285133717755 0.038686212357924812
leaf_weight=2420.0479304231703 2759.4265018794686 474.77381096221507 7064.9967768713832 370.97562197595835 3625.3345383498818 425.16810730658472 185.40923265740275 1589.122021175921 4703.7427692804486 18014.880868997425 796.69459735415876 96.322882652282715 5427.7549846898764 3781.8179970998317 815.48291377536952 1841.5971872657537 685.31607653200626 672.98937542922795 81.626701103523374 63.680426020175219 1198.00315002352 2179.6606643367559 124.13327807374299 1631.7959317266941 269.68829443491995 257.71677525155246 2657.3793451264501 58.380660785362124 27.331429457291961 48.900670036673546
leaf_count=21454 23950 5180 324639 3149 137155 6320 3175 20723 68325 217030 5327 1147 233349 120415 12638 27037 24972 26420 1073 1150 12535 15788 661 17313 5130 1495 20147 566 381 1435
internal_value=-8.655e-05 0.0177284 -0.0376115 0.0076783 -0.0548342 -0.0329168 -0.000924351 0.0017615 -0.0229003 0.0111618 -0.0681806 -0.0956451 0.0597109 0.0419347 0.00508687 -0.0125591 0.031074 -0.0732871 -0.0371797 -0.0641828 0.00668819 -0.00569768 0.0160057 0.0216437 0.0205123 0.0187429 0.0124821 0.0386138 0.0748117 -0.0293673
internal_weight=64350.2 43633.5 20716.7 35213.5 14918.9 6829.64 28145.6 27067.2 7463.17 19604 1078.43 893.017 8420.01 7067.89 3082.25 2266.77 2916.02 8089.3 1024.3 3747.4 5797.71 3377.66 2230.7 2106.57 351.315 3286.07 2915.1 122.061 5503.99 76.2321
internal_count=1360079 768174 591905 484883 542128 184866 339677 330028 92275 237753 9649 6474 283291 145206 45995 33357 48126 357262 32623 138871 49777 28323 23154 22493 6203 24791 21642 1716 235165 1816
is_linear=0
shrinkage=0.08


Tree=42
num_leaves=31
num_cat=0
split_feature=10 19 19 15 2 3 3 10 9 10 5 6 6 3 11 9 14 5 5 10 11 10 14 9 14 3 5 11 10 9
split_gain=6030.08 2533.14 2454.6 1673.13 1383.73 1010.22 941.801 868.216 653.538 606.233 759.889 648.811 542.159 527.323 494.968 556.161 513.778 486.401 247.218 198.082 187.1 170.486 166.805 157.995 147.671 142.529 141.539 134.006 118.568 116.212
threshold=0.78283873200416576 1.0000000180025095e-35 1.0000000180025095e-35 0.02709518559277058 0.9833287000656129 0.80982521176338207 0.65485891699790966 0.98894992470741283 0.66794872283935558 0.51869320869445812 1.0000000180025095e-35 1.0000000180025095e-35 1.0000000180025095e-35 0.9495762586593629 1.0000000180025095e-35 1.0000000180025095e-35 0.16228070110082629 1.0000000180025095e-35 1.0000000180025095e-35 0.58381736278533947 1.0000000180025095e-35 0.46920476853847509 0.21240601688623431 0.30521412193775183 0.38675214350223547 0.68801230192184459 1.0000000180025095e-35 1.0000000180025095e-35 0.98467409610748302 0.32793442904949194
decision_type=2 2 2 2 2 2 2 2 2 2 2 2 2 2 2 2 2 2 2 2 2 2 2 2 2 2 2 2 2 2
left_child=2 6 5 14 7 18 26 8 24 -5 12 -12 -11 -10 15 25 -17 27 19 29 -20 23 -21 -7 -3 -4 28 -9 -2 -1
right_child=1 4 3 9 -6 21 -8 17 13 10 11 -13 -14 -15 -16 16 -18 -19 20 22 -22 -23 -24 -25 -26 -27 -28 -29 -30 -31
leaf_value=0.037448028124203281 0.0067947424165759563 0.065274842652091825 -0.045990152211222733 -0.075031671746133788 0.080755786204495653 0.052587509253676043 0.07812700755513699 0.061429137388058247 -0.016407007829348601 -0.060627835108849677 0.13689911448077072 -0.015796957808289089 0.23188890228211045 0.01501736173292938 0.066279816453780033 -0.074993184635689408 0.0077941260961698466 0.065678373022761485 -0.0031402784975102299 0.049573336631183483 0.079983044834938705 0.074290046389758835 -0.020069225572054646 -0.011652230621915284 0.021222926887602817 0.0038897974341136655 0.082202519354334508 0.0028882835293500149 0.056221920055904651 -0.059043425958421811
leaf_weight=81.661868382245302 2042.9349350593984 568.3457706477493 395.31082312762737 6521.7007770631462 1647.1644663438201 753.77672486752272 5759.8518547546118 286.90159627608955 12804.633749745786 5129.8839992452413 189.85978622548282 2059.8875972926617 35.85449699498713 4652.0157190989703 499.30746710300446 1512.2590389400721 695.46626024693251 2099.3365854788572 460.53482763655484 282.89890710636973 269.23815142549574 1432.3897240739316 925.80886745452881 354.19138053059578 3537.0774382706732 4347.6473053842783 212.05281431041658 1810.3386621754616 364.35714345984161 961.34517826512456
leaf_count=1261 12885 4944 5325 333042 70666 15319 260367 2735 114619 141089 1409 18550 230 63489 9040 66320 5171 48375 6182 3737 4317 49319 10157 4472 34785 23901 4587 17431 2421 24124
internal_value=4.09268e-05 0.021557 -0.028565 -0.0408427 0.00977615 0.0189536 0.0600408 0.00521628 -0.00125902 -0.0572002 -0.0414563 -0.00256473 -0.0583443 -0.00802167 -0.0102024 -0.0157632 -0.048883 0.0384865 -0.0125857 -0.0257274 0.0276446 0.0559845 -0.00350043 0.0319477 0.0274323 -0.000277896 0.0201359 0.0110998 0.0144432 -0.0511934
internal_weight=62694 35785 26909 21387.2 27405.8 5521.85 8379.2 25758.6 21562.1 13937.2 7415.49 2249.75 5165.74 17456.6 7449.99 6950.68 2207.73 4196.58 2981.49 2251.71 729.773 2540.36 1208.71 1107.97 4105.42 4742.96 2619.34 2097.24 2407.29 1043.01
internal_count=1360269 637304 722965 604077 357044 118888 280260 286378 217837 494320 161278 19959 141319 178108 109757 100717 71491 68541 49778 39279 10499 69110 13894 19791 39729 29226 19893 20166 15306 25385
is_linear=0
shrinkage=0.08


Tree=43
num_leaves=31
num_cat=0
split_feature=10 2 15 3 1 3 0 9 4 12 7 12 9 14 0 9 12 14 2 10 4 3 10 14 4 18 4 0 9 4
split_gain=5307.06 2422.88 2081.64 1247.64 709.856 783.906 1065.02 587.728 564.2 528.414 519.083 479.756 755.423 476.122 910.55 596.302 462.284 432.841 296.027 252.103 161.205 207.702 143.928 160.383 129.587 116.693 116.615 110.408 108.962 79.4541
threshold=0.64418154954910289 0.90353596210479747 0.02585526276379824 0.95488464832305919 0.99565216898918163 0.49657534062862402 0.25158227980136877 0.56511989235878002 5.5000000000000009 1.0000000180025095e-35 0.80673459172248851 1.0000000180025095e-35 1.0000000180025095e-35 0.078461539000272765 0.51191151142120372 0.40078739821910864 1.0000000180025095e-35 0.16228070110082629 0.98610842227935802 0.56479570269584667 4.5000000000000009 0.87570226192474376 0.97785946726799022 0.93541666865348827 5.5000000000000009 1.0000000180025095e-35 8.5000000000000018 0.84660634398460399 0.33406755328178411 8.5000000000000018
decision_type=2 2 2 2 2 2 2 2 2 2 2 2 2 2 2 2 2 2 2 2 2 2 2 2 2 2 2 2 2 2
left_child=2 3 11 4 5 6 -2 -7 -6 18 -10 12 20 19 -15 28 25 -14 22 -4 -1 -22 23 -3 -11 26 -5 -17 -16 -18
right_child=1 9 13 16 8 7 -8 -9 10 24 -12 -13 17 14 15 27 29 -19 -20 -21 21 -23 -24 -25 -26 -27 -28 -29 -30 -31
leaf_value=0.016803923868108663 0.019532264314126906 0.028389240936904706 -0.076467446539229975 0.031559981464447086 0.060723203774458528 0.045138468774635329 -0.043721022776498704 0.0053087933360693807 -0.10523503909404822 0.075740677507465451 0.094037891161049658 0.07185721151445186 -0.069141012557282361 -0.068444939752858189 0.1339213383086349 -0.030054262181883444 0.070255595344913671 0.036114269295251737 0.078582888828163083 0.029732180700847231 -0.047790610735951797 0.0061558860115244751 0.074873163468022405 -0.019565071123080376 -0.046609570513037622 -0.067798512365573022 -0.00097171954599582712 0.031543479532932989 0.049005933600362907 0.044116787277885157
leaf_weight=3463.0815953202546 2726.2022390551865 974.18466668948531 5432.4813885614276 1909.7992141358554 196.3128167912364 2751.7008000481874 4515.2665818668902 17075.836409913376 873.36048675514758 4590.6013230849057 87.764423673972487 501.69722655415535 1574.0295534282923 3188.8098494987935 143.01502531208098 1705.2400728780776 1977.8229083176702 291.70795029960573 591.52182224206626 142.25740934535861 671.31016390398145 1392.3435121253133 217.86573197506368 812.52360959164798 51.340134263038635 95.427029248327017 1101.0901273880154 202.41171067580581 343.8109903242439 1331.6915993317962
leaf_count=28975 23597 13748 290844 15948 3561 34384 68823 214301 6034 226873 1121 8805 67344 137524 1937 26618 73809 2833 24724 2447 6964 9044 3218 4927 1286 484 7565 2849 5682 43534
internal_value=0.000111787 0.0160385 -0.0348848 0.00723415 -6.65954e-07 0.00262199 -0.0198889 0.0108545 -0.0612218 0.0581213 -0.0864805 -0.00341966 -0.00859514 -0.0571201 -0.0404814 -0.00310957 0.0390638 -0.0525463 0.0290364 -0.0737045 0.00624722 -0.0113888 0.0141772 0.00649849 0.0743044 0.0167863 0.0196281 -0.0233694 0.0753847 0.0598685
internal_weight=60932.5 41880.3 19052.2 34642.3 28226.4 27069 7241.47 19827.5 1157.44 7238.04 961.125 7894.17 7392.47 11158 5583.29 2394.48 6415.83 1865.74 2596.1 5574.74 5526.74 2063.65 2004.57 1786.71 4641.94 3106.32 3010.89 1907.65 486.826 3309.51
internal_count=1359803 767937 591866 493161 351821 341105 92420 248685 10716 274776 7155 123965 115160 467901 174610 37086 141340 70177 46617 293291 44983 16008 21893 18675 228159 23997 23513 29467 7619 117343
is_linear=0
shrinkage=0.08


Tree=44
num_leaves=31
num_cat=0
split_feature=10 2 2 11 0 9 14 3 1 0 9 4 7 11 10 5 11 16 9 2 2 18 2 5 10 18 3 16 7 0
split_gain=4801.08 2200.96 1560.57 1393.4 845.813 683.238 1125.41 672.047 801.028 521.757 547.136 480.283 422.999 388.126 354.792 605.801 662.273 402.883 343.993 287.64 184.271 182.83 181.553 178.358 167.278 161.844 139.554 136.243 114.395 95.2797
threshold=0.79917696118354808 0.65648320317268383 0.93127068877220165 1.0000000180025095e-35 0.75905716419219982 1.0000000180025095e-35 0.078461539000272765 0.95419579744339 0.99565216898918163 0.88762626051902782 0.66004925966262828 5.5000000000000009 0.82078272104263317 1.0000000180025095e-35 0.56949043273925792 1.0000000180025095e-35 1.0000000180025095e-35 0.50352111458778392 0.24626532942056659 0.94932374358177196 0.73363915085792553 1.0000000180025095e-35 0.98529094457626354 1.0000000180025095e-35 0.48019607365131384 1.0000000180025095e-35 0.71503761410713207 0.9569842815399171 0.69282051920890819 0.63373982906341564
decision_type=2 2 2 2 2 2 2 2 2 2 2 2 2 2 2 2 2 2 2 2 2 2 2 2 2 2 2 2 2 2
left_child=1 4 7 5 14 29 24 8 9 10 -2 -10 -13 25 18 17 -17 -16 -1 -8 23 -15 -4 26 -7 27 -5 -9 -11 -3
right_child=2 3 22 20 -6 6 19 13 11 28 -12 12 -14 21 15 16 -18 -19 -20 -21 -22 -23 -24 -25 -26 -27 -28 -29 -30 -31
leaf_value=-0.02145781657248548 0.035935562160030438 0.093981437858548095 0.045670385086161856 0.041702440674282006 0.047988897077153495 -0.077342491876302849 -0.0067160336413568632 0.024663296813229003 0.045931848223631742 0.077949544805114762 0.0010748531014030678 -0.1005988977039398 0.093771204220296112 0.057926420509608452 -0.0042299327274401321 -0.035729163768940579 0.092383948338926422 -0.059716983629793691 -0.070285205411176985 0.068612143055221536 0.066664848343009397 -0.29713961574699055 0.081039262576634838 0.05536140598914633 -0.014674278006221255 -0.073230535310145797 -0.073609876278397504 -0.050613721836436198 0.033586228109345501 0.0075613808921195583
leaf_weight=1100.4584034346044 3479.8278026701882 78.734276153147221 1609.9406499965116 100.406120672822 568.29390369355679 2346.5790992751718 2105.6516205593944 3249.573026670143 221.438108375296 745.96950414869934 16704.45644114539 833.01417533308268 73.624625384807587 3069.9416597336531 1063.8966699559242 605.34305260516703 441.88333585392684 4058.0715041160583 6284.8706131093204 377.99776180367917 1805.334558990784 4.2932433327659956 2385.3467088183388 320.72724118456244 318.66226833686233 115.00397501327097 177.26733110658824 155.63159337453544 800.67953085992485 4211.2822802178562
leaf_count=12916 39250 534 59067 825 10603 127760 22499 29317 4215 17892 187600 5663 956 123075 23409 5631 4647 97282 325203 9633 53660 132 131719 5531 5058 724 1574 1639 19171 33056
internal_value=-2.7837e-05 -0.0258389 0.0200047 -0.000387892 -0.0471617 -0.014254 -0.0338935 0.0136275 0.00712461 0.0105478 0.00710027 -0.0584337 -0.0842116 0.0361226 -0.051179 -0.0369016 0.018359 -0.0482382 -0.0630507 0.00479902 0.053911 0.0568969 0.0669019 0.0149349 -0.0699512 0.0178799 -0.0313471 0.0211068 0.0552686 0.00929225
internal_weight=59414.2 25965.5 33448.7 11842.6 14122.8 9438.91 5148.89 29453.5 22859 21730.9 20184.3 1128.08 906.639 6594.44 13554.5 6169.19 1047.23 5121.97 7385.33 2483.65 2403.74 3074.23 3995.29 598.401 2665.24 3520.21 277.673 3405.2 1546.65 4290.02
internal_count=1360241 739821 620420 260130 479691 198540 164950 429634 274747 263913 226850 10834 6619 154887 469088 130969 10278 120691 338119 32132 61590 123207 190786 7930 132818 31680 2399 30956 37063 33590
is_linear=0
shrinkage=0.08


Tree=45
num_leaves=31
num_cat=0
split_feature=19 10 1 0 2 10 12 9 10 9 10 6 9 4 6 0 10 12 1 4 0 10 0 10 9 9 10 18 9 12
split_gain=4456.63 3521.03 1732.58 1398.83 1115.36 759.21 716.549 992.653 642.958 472.675 399.034 377.153 441.37 349.221 345.817 337.428 323.76 308.249 264.027 422.807 192.419 186.028 169.284 143.741 140.986 115.664 98.6105 98.0791 95.79 147.904
threshold=1.0000000180025095e-35 0.79917696118354808 0.75134408473968517 0.62115561962127697 0.9833287000656129 0.98280790448188793 1.0000000180025095e-35 1.0000000180025095e-35 0.48019607365131384 0.66794872283935558 0.62169164419174205 1.0000000180025095e-35 0.49157276749610906 4.5000000000000009 1.0000000180025095e-35 0.63373982906341564 0.54071050882339489 1.0000000180025095e-35 0.71516755223274242 4.5000000000000009 0.44136746227741247 0.43204939365386968 0.6911335587501527 0.61125501990318309 0.50092250108718883 0.80562138557434093 0.99086740612983715 1.0000000180025095e-35 0.26246066391468054 1.0000000180025095e-35
decision_type=2 2 2 2 2 2 2 2 2 2 2 2 2 2 2 2 2 2 2 2 2 2 2 2 2 2 2 2 2 2
left_child=2 3 10 18 5 9 7 -5 -9 27 20 12 -8 -11 17 25 28 -12 23 -20 -1 -13 -19 -2 -25 -7 -17 -3 -4 -30
right_child=1 4 16 6 -6 15 11 8 -10 13 14 21 -14 -15 -16 26 -18 22 19 -21 -22 -23 -24 24 -26 -27 -28 -29 29 -31
leaf_value=-0.055550795699832428 -0.07354343858848604 0.024536921194702424 0.054699935253947445 0.0010934725813749222 0.080168107017408383 0.052790867862080121 0.067274053486326202 -0.0793758342895238 -0.021126140805240445 0.0044052430803534536 0.084691690306541806 -0.047849370894362274 -0.048491276240506836 -0.019325402398301147 0.079114335493266061 0.020236668102036188 0.079965109674205517 0.0022247863069302155 0.090033787962322226 -0.050145577668340283 0.0013982225736761742 0.064047617326410261 0.067503561777390794 -0.0082905361327214773 -0.058050246078268739 0.0013056630189625623 0.060630799901255202 -0.089756973719130967 -0.022804525966394849 0.058495395358199684
leaf_weight=673.45194502733648 4983.0767387971282 3658.314818918705 679.58168583735824 4088.3232446014881 1297.2060040533543 327.57544934749603 298.47104129847139 2610.1803858401254 2287.8009882885963 7191.7988546192646 359.68772952631116 99.125761568546295 682.43217210285366 8822.3592047374696 613.81173126678914 500.76765009947121 5210.0480680959299 3277.4612343516201 180.71417884156108 525.08926104847342 849.78173838183284 1062.7705215960741 271.309809952043 436.1389598865062 2550.220364080742 1789.0258843470365 2043.9012654162943 43.319675968959928 346.33477997221053 235.58361464366317
leaf_count=24843 282587 36636 15078 22073 69857 2368 3885 162253 19356 90611 5365 1993 5824 73229 19605 9350 278120 28573 2546 15873 9276 16574 10419 12153 66781 14403 52698 254 4872 2988
internal_value=0.000111444 -0.0115209 0.0423759 -0.0368628 0.00802426 0.00416297 -0.0180578 -0.0279764 -0.0522499 -0.0026966 0.0115336 0.0234319 -0.0129412 -0.00866017 0.023475 0.033183 0.0711319 0.0146062 -0.0609442 -0.0136481 -0.0237747 0.0542 0.00734844 -0.0651016 -0.0508626 0.00945481 0.0527996 0.0230369 0.0343526 0.0100542
internal_weight=57995.7 45478.6 12517.1 19804.3 25674.3 24377.1 11129.1 8986.3 4897.98 19715.8 6045.5 2142.8 980.903 16014.2 4522.27 4661.27 6471.55 3908.46 8675.24 705.803 1523.23 1161.9 3548.77 7969.44 2986.36 2116.6 2544.67 3701.63 1261.5 581.918
internal_count=1360443 961304 399139 611898 349406 279549 231958 203682 181609 200730 98081 28276 9709 163840 63962 78819 301058 44357 379940 18419 34119 18567 38992 361521 78934 16771 62048 36890 22938 7860
is_linear=0
shrinkage=0.08


Tree=46
num_leaves=31
num_cat=0
split_feature=19 10 2 0 2 10 12 9 14 10 6 14 10 6 4 10 0 12 0 10 2 10 10 14 12 4 9 16 2 15
split_gain=4018 3105.59 1567.73 1321.85 1053.93 662.088 639.403 1061.56 768.647 652.898 453.479 394.19 367.307 381.266 327.192 317.066 306.619 250.849 182.801 182.029 175.091 158.377 137.369 157.801 119.49 108.303 106.158 75.2963 74.6858 68.3764
threshold=1.0000000180025095e-35 0.79917696118354808 0.64747309684753429 0.5673658847808839 0.9833287000656129 0.98280790448188793 1.0000000180025095e-35 1.0000000180025095e-35 0.34313726425170904 0.48019607365131384 1.0000000180025095e-35 0.46410256624221807 0.62169164419174205 1.0000000180025095e-35 5.5000000000000009 0.56949043273925792 0.44136746227741247 1.0000000180025095e-35 0.43353414535522466 0.98367321491241466 0.64747309684753429 0.43204939365386968 0.61125501990318309 0.16228070110082629 1.0000000180025095e-35 8.5000000000000018 0.69705626368522655 0.97182539105415355 0.83047896623611461 0.23029010742902759
decision_type=2 2 2 2 2 2 2 2 2 2 2 2 2 2 2 2 2 2 2 2 2 2 2 2 2 2 2 2 2 2
left_child=2 3 12 20 5 11 7 27 21 -9 -10 26 18 17 -13 28 24 -14 -1 -19 22 -8 -2 -24 -7 -18 -3 -5 -4 -20
right_child=1 4 15 6 -6 16 8 9 10 -11 -12 14 13 -15 -16 -17 25 19 29 -21 -22 -23 23 -25 -26 -27 -28 -29 -30 -31
leaf_value=-0.054771595045941139 -0.074160123042107132 0.05518574902210719 0.0093415086119930501 -0.0050128055413170723 0.080127334875863973 0.083553086323135697 -0.027198347686634632 -0.079063646317080724 -0.080847705471506479 -0.022870293552853561 0.033758491504710435 0.0036426663915336281 0.08067089351843422 0.079909382064025106 -0.018142865240488942 0.079244993064561661 0.050347831421580981 0.00015590464152435193 -0.011809257863051153 0.05529056517871659 0.034196262929787447 0.057176047580362641 0.077301815904015636 -0.053147198327551166 -0.012410993492573668 0.015306622380733437 0.016628494605735504 0.020834858976780227 0.049605402931525121 0.039000748703547528
leaf_weight=634.95160575956106 4224.1526137832552 722.72117068618536 505.22213941439986 3381.2481921985745 1202.8093494288623 84.895250461995602 151.93069524690509 2851.2959497086704 627.11224019341171 2494.7450734432787 333.86701204348356 9315.7665420770645 321.44908133335412 647.90791851561517 8358.4270418696105 4776.6851484104991 2693.653153527528 3027.1998117025942 629.0451861768961 434.784982284531 110.3783219801262 1472.9215093031526 55.581938438117504 2485.8526794947684 1057.816489726305 738.86288460716605 1296.2486969344318 911.15288337320089 752.83997095748782 225.98351783677936
leaf_count=24457 258630 6535 7961 18365 69886 485 4301 192537 5148 22814 6581 112935 4666 23797 66250 273760 61363 32387 6858 5717 1844 20061 1339 74477 7538 9562 15039 5570 16170 2891
internal_value=-4.74889e-05 -0.0110977 0.041121 -0.0354806 0.00718356 0.00354591 -0.0196641 -0.0291437 0.0155966 -0.0529166 -0.0408965 -0.00281785 0.0118264 0.0233925 -0.00665325 0.0698049 0.0309456 0.0135791 -0.0224286 0.00719608 -0.0635416 0.0491293 -0.0651839 -0.0500852 -0.00480921 0.0428849 0.0306119 0.000454533 0.0336636 0.00158242
internal_weight=56527.5 44571.4 11956.1 19100.2 25471.2 24268.4 12224.3 9638.44 2585.83 5346.04 960.979 19693.2 5921.32 4431.34 17674.2 6034.75 4575.23 3783.43 1489.98 3461.98 6875.97 1624.85 6765.59 2541.43 1142.71 3432.52 2018.97 4292.4 1258.06 855.029
internal_count=1359924 961260 398664 611667 349593 279707 275377 239286 36091 215351 11729 200759 100773 66567 179185 297891 78948 42770 34206 38104 336290 24362 334446 75816 8023 70925 21574 23935 24131 9749
is_linear=0
shrinkage=0.08


Tree=47
num_leaves=31
num_cat=0
split_feature=10 0 2 12 9 10 3 1 12 0 1 4 4 9 5 0 10 14 0 6 1 5 16 2 9 3 10 10 14 2
split_gain=3315.32 1640.91 1302.78 1000.79 633.972 922.857 554.384 688.033 521.511 518.373 489.801 599.78 444.513 435.693 401.131 345.343 326.982 439.003 280.724 270.903 269.846 259.536 250.854 386.864 179.767 155.541 123.997 117.632 117.572 101.469
threshold=0.79917696118354808 0.66352203488349926 0.94609123468399059 1.0000000180025095e-35 1.0000000180025095e-35 0.46920476853847509 0.95419579744339 0.99565216898918163 1.0000000180025095e-35 0.88762626051902782 0.73746865987777721 4.5000000000000009 5.5000000000000009 0.66004925966262828 1.0000000180025095e-35 0.72481885552406322 0.56479570269584667 0.1702898591756821 0.74601566791534435 1.0000000180025095e-35 0.63028588891029369 1.0000000180025095e-35 0.9569842815399171 0.8216732144355775 0.24626532942056659 0.49657534062862402 0.97685134410858165 0.43204939365386968 0.078461539000272765 0.99565216898918163
decision_type=2 2 2 2 2 2 2 2 2 2 2 2 2 2 2 2 2 2 2 2 2 2 2 2 2 2 2 2 2 2
left_child=1 10 6 4 -3 28 7 9 22 13 16 -12 -9 -2 18 -14 24 25 20 -7 -5 -19 26 -24 -1 -18 -8 -16 -6 -4
right_child=2 3 29 14 5 19 8 12 -10 -11 11 -13 15 -15 27 -17 17 21 -20 -21 -22 -23 23 -25 -26 -27 -28 -29 -30 -31
leaf_value=-0.023103926910178721 0.031573725040514186 0.006910445684342347 0.044990512042354533 0.068529615290956261 -0.077782536692205612 0.061943702355065862 0.010520752907679738 0.043670545797549469 0.055970178193494501 0.052186817095081536 0.082755277468929425 -0.035407558052571973 0.0084435416798348973 0.00012154333066063911 -0.00084033921800287644 -0.10801847210680336 -0.0098352898249966011 -0.049950114580786992 0.057596508679197841 -0.012897934503015875 -0.065029070292206351 0.0086101599217828957 0.070871014426929974 -0.17023260106942292 -0.070207538355699248 0.085195010056541634 0.062623829134045877 0.06730298612677435 -0.0010723353231165569 0.080655897166918025
leaf_weight=604.85299120657146 3400.3171194717288 4442.8011831901968 767.10104874707758 116.94593977555633 2064.0437453230843 354.07561638113111 2939.0533473845571 226.90539728384465 3128.4376358240843 1647.7417928371578 400.72467128932476 847.19861045852304 209.54135972075164 16425.425862759352 173.88802107982337 681.16806981060654 200.96861828863621 4081.1104611065239 299.21828063204885 2231.2289847070351 458.33022112585604 542.80712723080069 63.09560214728117 109.57401868514717 4509.9867871226743 229.73385575041175 322.40719746425748 1702.539618161507 140.96074212156236 1879.5692540165037
leaf_count=9811 39579 35085 36213 939 141347 4077 20832 4670 140564 45649 6189 22698 1831 188921 2406 4769 7493 112114 6397 28932 4533 5525 805 723 288536 3452 4897 57490 2982 130854
internal_value=-3.14849e-05 -0.0228861 0.0167828 -0.00219158 -0.0148251 -0.0350034 0.011891 0.00593319 0.0323557 0.00912946 -0.0445833 0.00258722 -0.0551034 0.00553058 0.0401031 -0.0805477 -0.0503858 -0.0358234 -0.00446974 -0.0024863 -0.0372461 -0.0430392 0.0107466 -0.0817148 -0.0646966 0.040882 0.0158083 0.0609177 -0.0729646 0.0704834
internal_weight=55201.8 23401.4 31800.3 11984 9233.11 4790.31 29153.7 22591.1 6562.57 21473.5 11417.4 1247.92 1117.61 19825.7 2750.92 890.709 10169.5 5054.62 874.494 2585.3 575.276 4623.92 3434.13 172.67 5114.84 430.702 3261.46 1876.43 2205 2646.67
internal_count=1360313 740006 620307 284188 212423 177338 453240 285419 167821 274149 455818 28887 11270 228500 71765 6600 426931 128584 11869 33009 5472 117639 27257 1528 298347 10945 25729 59896 144329 167067
is_linear=0
shrinkage=0.08


Tree=48
num_leaves=31
num_cat=0
split_feature=2 14 12 3 9 0 9 3 15 3 9 16 0 12 3 12 12 3 2 16 0 14 9 15 2 16 15 15 15 0
split_gain=2377.15 1517.9 1384.47 1292.27 1153.04 1105.33 680.925 633.164 653.145 987.791 630.236 384.431 397.198 341.717 264.657 212.87 166.637 179.346 151.535 326.003 258.306 187.642 200.297 175.746 144.397 130.331 130.214 118.354 100.943 76.9421
threshold=0.88762626051902782 0.097619049251079573 1.0000000180025095e-35 0.49657534062862402 1.0000000180025095e-35 0.22611077129840854 0.57637089490890514 0.9495762586593629 0.37552182376384741 0.71937501430511486 0.38307815790176397 0.44529914855957037 0.44136746227741247 1.0000000180025095e-35 0.91331186890602123 1.0000000180025095e-35 1.0000000180025095e-35 0.60922586917877208 0.9569842815399171 0.91945946216583263 0.91545844078063976 0.16228070110082629 1.0000000180025095e-35 0.041508460417389877 0.77836257219314586 0.87939393520355236 0.4958436936140061 0.48549926280975347 0.041508460417389877 0.90366768836975109
decision_type=2 2 2 2 2 2 2 2 2 2 2 2 2 2 2 2 2 2 2 2 2 2 2 2 2 2 2 2 2 2
left_child=1 4 14 5 29 15 16 8 10 -10 -5 27 -13 24 25 -3 -6 -18 19 23 -21 22 -20 -16 -9 28 -17 -7 -2 -1
right_child=2 3 -4 7 6 11 -8 13 9 -11 -12 12 -14 -15 18 26 17 -19 21 20 -22 -23 -24 -25 -26 -27 -28 -29 -30 -31
leaf_value=-0.0063207357286593291 -0.057554513111346843 0.10021059591701099 0.069298174549701497 0.082888630027229335 -0.077706925539183805 -0.058312213074705188 0.057984853618687458 0.035739663846138567 0.0056287164451250494 0.081681856191701527 -0.0099760481874815472 -0.0571960349623582 0.04574814762837659 0.052880753638236355 -0.0051036130650247017 -0.048974822695523432 -0.067481677265725445 0.0042532970128950735 0.023216366746290396 -0.14106178723773691 -0.026578691073370086 0.059872376994434442 -0.049271158392143008 0.057956529415360961 -0.000618077988653221 0.058979654342945241 0.021294498445453721 0.012112734257877547 0.058925494957963259 0.040837572772663526
leaf_weight=3263.278115760535 120.37113130185753 201.39786696620286 4322.8527281833813 477.60117818322033 3791.2196054346859 179.30317886266857 275.80756588093936 1115.7750000990927 4501.5210949713364 1441.1390359196812 14917.869295961224 5208.4730987418443 246.12993551790714 2627.1170146279037 2048.6950102550909 181.40392278600484 552.9117453051731 364.00999139621854 843.4440050534904 180.73337465431541 418.44182046037167 520.97827083058655 337.16057926416397 322.66580126900226 1835.4571124780923 851.78917641658336 1702.0208255983889 886.34519051387906 71.131523726508021 232.02728360518813
leaf_count=24948 1706 2265 258421 9286 280090 9623 4408 9731 41151 21433 222732 148773 4691 111825 29560 10382 42195 9123 9049 2768 6638 24313 17358 3757 14346 15211 14285 7701 827 1884
internal_value=3.61418e-05 -0.00797595 0.035158 -0.000709903 -0.0383779 -0.0276917 -0.0630652 0.00791365 0.00162957 0.0241522 -0.00705882 -0.0439051 -0.0524839 0.0318997 0.00927013 0.0229227 -0.0702444 -0.0389613 0.00108302 -0.00978153 -0.0622575 0.0201166 0.00225972 0.0035134 0.0131108 0.0456014 0.01433 0 -0.0130766 -0.00309067
internal_weight=54039.1 44000.8 10038.3 35521.6 8479.25 8605.07 4983.95 26916.5 21338.1 5942.66 15395.5 6520.25 5454.6 5578.35 5715.41 2084.82 4708.14 916.922 4672.12 2970.54 599.175 1701.58 1180.6 2371.36 2951.23 1043.29 1883.42 1065.65 191.503 3495.31
internal_count=1360480 990872 369608 628224 362648 197720 335816 430504 294602 62584 232018 170788 153464 135902 111187 26932 331408 51318 93443 42723 9406 50720 26407 33317 24077 17744 24667 17324 2533 26832
is_linear=0
shrinkage=0.08


Tree=49
num_leaves=31
num_cat=0
split_feature=19 10 3 15 10 4 5 12 6 5 12 16 10 10 18 10 3 3 10 10 12 14 4 7 1 4 16 1 14 3
split_gain=3388.72 2184.6 1388.96 910.536 813.779 534.012 496.334 1117.15 643.525 403.506 398.657 384.783 382.969 292.555 288.366 275.863 253.174 230.831 224.141 537.417 213.023 203.039 200.908 157.338 204.762 144.162 201.69 138.681 136.34 182.879
threshold=1.0000000180025095e-35 0.88146743178367626 0.79516318440437328 0.04024267569184304 0.50714430212974559 8.5000000000000018 1.0000000180025095e-35 1.0000000180025095e-35 1.0000000180025095e-35 1.0000000180025095e-35 1.0000000180025095e-35 0.58658170700073253 0.97989273071289074 0.56949043273925792 1.0000000180025095e-35 0.62699216604232799 0.95861870050430309 0.86319074034690868 1.0000000180025095e-35 0.48450405895709997 1.0000000180025095e-35 0.074175827205181136 5.5000000000000009 0.80673459172248851 0.74849396944046032 17.500000000000004 0.29758481681346899 0.7320508360862733 0.097619049251079573 0.57294833660125744
decision_type=2 2 2 2 2 2 2 2 2 2 2 2 2 2 2 2 2 2 2 2 2 2 2 2 2 2 2 2 2 2
left_child=2 3 9 10 28 12 8 -8 -6 15 18 25 14 -4 16 -1 -3 -14 -2 -20 -17 -11 -12 24 -13 -7 -27 -22 -5 -30
right_child=1 5 13 4 6 11 7 -9 -10 21 22 23 17 -15 -16 20 -18 -19 19 -21 27 -23 -24 -25 -26 26 -28 -29 29 -31
leaf_value=-0.037084375971945041 -0.0017746472659019451 0.0046706507347210576 0.034000775589627649 -0.078434048868051442 -0.044461648759025509 0.022382258027023334 -0.039585609959366448 0.045859941523127182 0.17164441720394227 -0.0040367789425513664 0.066550386632837397 -0.012278190506988914 0.024491465389052901 0.079190526234962089 -0.09420465015104959 0.076709181607200472 0.034227342995362842 0.067549985832253481 -0.077482442534739002 -0.0047152238174615838 0.0011909597898114906 0.074197339831020351 -0.0065622684545654647 0.086069260594587416 -0.057332241232060099 0.0342925626578355 -0.038824408264366915 0.069386137466961345 -0.072768499091964159 0.012305009443108281
leaf_weight=947.89153921604156 4602.4226879402995 7505.5775512177497 1214.6821714881808 3101.7209995072335 6549.0637244544923 1841.9237977936864 2495.8629450574517 1603.9068489465863 84.288687670603395 277.60773764923215 659.72738569974899 1231.3537235409021 2073.852203309536 4080.3177808877081 161.05589680653065 288.33823941927403 2467.224651709199 1318.1600105632097 999.38128401711583 1855.4627471501008 3093.7864033523947 841.80549365095794 369.75586405955255 63.703094003722072 1385.8476720564067 356.11961745843291 717.56293335743248 198.83401091396809 379.96386913023889 271.81978370808065
leaf_count=29124 29278 87017 24205 268512 175867 15565 18969 19210 520 4353 25243 9885 30553 276731 1095 4245 64050 58984 77744 14572 25364 27822 5897 633 11601 1557 4705 7101 28886 10636
internal_value=-0.000174174 -0.0104881 0.0394726 -0.0271144 -0.0393035 0.00948007 -0.0280433 -0.00610358 -0.0415643 0.0118247 -0.00627813 -0.0112788 0.0180822 0.068896 0.0102629 0.00113769 0.0120124 0.0413462 -0.0127429 -0.0303354 0.0113374 0.0547218 0.0402313 -0.0331387 -0.0362598 0.00878892 -0.0143781 0.0054566 -0.0713794 -0.0372223
internal_weight=53039 42095.8 10943.3 22973.4 14486.6 19122.4 10733.1 4099.77 6633.35 5648.26 8486.75 5596.51 13525.9 5295 10133.9 4528.85 9972.8 3392.01 7457.27 2854.84 3580.96 1119.41 1029.48 2680.9 2617.2 2915.61 1073.68 3292.62 3753.5 651.784
internal_count=1359924 960979 398945 675334 522600 285645 214566 38179 176387 98009 152734 43946 241699 300936 152162 65834 151067 89537 121594 92316 36710 32175 31140 22119 21486 21827 6262 32465 308034 39522
is_linear=0
shrinkage=0.08


Tree=50
num_leaves=31
num_cat=0
split_feature=19 10 1 0 2 10 5 5 14 10 10 14 12 10 4 10 10 14 14 10 14 16 2 11 10 10 16 10 12 16
split_gain=3014.35 1961.94 1299.45 1106.74 842.757 508.771 402.055 380.971 332.838 310.556 1162.35 400.951 299.976 296.686 277.255 252.578 210.665 204.699 140.424 137.817 141.291 107.061 88.8466 87.7665 74.0553 68.5122 64.4119 64.3575 67.3277 57.9429
threshold=1.0000000180025095e-35 0.79917696118354808 0.77015754580497753 0.55775830149650585 0.9833287000656129 0.98894992470741283 1.0000000180025095e-35 1.0000000180025095e-35 0.40588235855102545 1.0000000180025095e-35 0.44838035106658941 0.34313726425170904 1.0000000180025095e-35 0.56949043273925792 5.5000000000000009 0.90486964583396923 0.44161255657672888 0.04446640424430371 0.097619049251079573 0.62699216604232799 0.18465909361839297 0.44529914855957037 0.6442561447620393 1.0000000180025095e-35 0.44838035106658941 1.0000000180025095e-35 0.84262126684188854 1.0000000180025095e-35 1.0000000180025095e-35 0.94174209237098705
decision_type=2 2 2 2 2 2 2 2 2 2 2 2 2 2 2 2 2 2 2 2 2 2 2 2 2 2 2 2 2 2
left_child=2 3 7 19 5 8 23 12 -3 29 18 -12 24 26 -10 17 25 -14 -11 22 -21 -22 -2 -7 -1 -9 27 -4 -29 -5
right_child=1 4 13 9 -6 6 -8 16 14 10 11 -13 15 -15 -16 -17 -18 -19 -20 20 21 -23 -24 -25 -26 -27 -28 28 -30 -31
leaf_value=-0.011153237396388198 -0.071768090062203541 0.030667498249588875 0.041176801960997475 -0.0058715236605427672 0.079339651169267292 0.048492595290201078 0.059041742663966661 0.030719326116450719 0.0030793250102022791 -0.078336369821958907 0.013592294887545348 -0.032712463203831928 0.14207369590909871 0.079715826303705564 -0.016682952438588 0.024059346208305438 0.07278665820331108 -0.021160313645240618 0.01897268766324536 0.058119078941051033 -0.0051475743440070418 -0.056095215196670746 0.03698200602733899 -0.0013199511221899049 0.083505898493566794 -0.045287434276030269 0.047869209462209385 -0.047997350655915698 0.03892595982481737 0.014012856678510939
leaf_weight=58.19804778136313 3370.4098351532593 1694.3741438798606 205.80066220834851 2911.9939903467894 928.62727438472211 254.86178681906313 1617.0767687885091 153.78884912282228 9504.4325342113152 2165.1583225401118 2975.9771449118853 1992.6700660148636 44.893716005608439 3696.0613879878074 8678.1383607052267 1323.6710830545053 865.50914222188294 2763.194880691357 94.684098388999701 78.728570906445384 324.57846747338772 1627.5568400602788 43.96517569385469 1715.4674400985241 326.12607188522816 139.42281049489975 696.86420460045338 164.16163752600551 79.759249335154891 1376.4977661073208
leaf_count=1393 258635 19426 4687 15868 69737 2721 48429 1235 120934 191599 48116 18379 717 272174 70806 13722 31627 45897 2935 1886 8401 56167 1285 17429 4808 3111 15624 2376 1221 8448
internal_value=0 -0.00972826 0.0382283 -0.0306211 0.0047968 0.00182359 0.0295347 0.0121984 -0.00317586 -0.0165379 -0.0266512 -0.00496022 0.00164248 0.0686541 -0.00634597 -0.00464139 0.0530186 -0.0182459 -0.0741557 -0.0603359 -0.0434258 -0.0477408 -0.0702689 0.00514873 0.0688016 -0.00503888 0.0326661 0.00848898 -0.0187207 0.000482482
internal_weight=51872.7 41355.2 10517.5 16962.2 24393 23464.4 3587.41 5674.8 19876.9 11517 7228.49 4968.65 4516.08 4842.65 18182.6 4131.76 1158.72 2808.09 2259.84 5445.24 2030.86 1952.14 3414.38 1970.33 384.324 293.212 1146.59 449.722 243.921 4288.49
internal_count=1359793 961201 398592 611719 349482 279745 68579 102510 211166 285345 261029 66495 66537 296082 191740 60336 35973 46614 194534 326374 66454 64568 259920 20150 6201 4346 23908 8284 3597 24316
is_linear=0
shrinkage=0.08


Tree=51
num_leaves=31
num_cat=0
split_feature=19 10 1 0 2 12 5 14 10 10 15 5 10 5 14 10 12 1 1 4 10 10 18 10 14 0 14 14 3 10
split_gain=2572.88 1799.29 1265.6 969.175 600.306 393.56 794.475 562.889 490.34 841.894 373.86 353.188 347.089 378.506 312.211 299.851 262.726 259.88 234.065 224.654 222.577 217.736 214.667 162.683 142.508 137.636 112.198 101.651 98.7228 64.5666
threshold=1.0000000180025095e-35 0.87194395065307628 0.77015754580497753 0.5673658847808839 0.98529094457626354 1.0000000180025095e-35 1.0000000180025095e-35 0.34313726425170904 1.0000000180025095e-35 0.4879500567913056 0.60719421505928051 1.0000000180025095e-35 0.99086740612983715 1.0000000180025095e-35 0.74166667461395275 0.54071050882339489 1.0000000180025095e-35 0.65648320317268383 0.6832355558872224 5.5000000000000009 0.62699216604232799 0.50714430212974559 1.0000000180025095e-35 0.61125501990318309 0.28174604475498205 0.44136746227741247 0.04446640424430371 0.29705883562564855 0.42588071525096899 1.0000000180025095e-35
decision_type=2 2 2 2 2 2 2 2 2 2 2 2 2 2 2 2 2 2 2 2 2 2 2 2 2 2 2 2 2 2
left_child=2 3 11 10 12 8 7 -7 -5 -10 18 16 14 28 25 29 -1 -8 23 -20 26 -13 -16 -2 -22 -3 -18 -12 -14 -4
right_child=1 4 15 5 -6 6 17 -9 9 -11 27 21 13 -15 22 -17 20 -19 19 -21 24 -23 -24 -25 -26 -27 -28 -29 -30 -31
leaf_value=0.06423421913823793 -0.072878234616584076 -0.013310858238605807 0.049677820658834262 -0.00022843256282044678 0.079256333208791011 0.021132029408485273 0.10424989437262999 -0.071958842442675905 -0.077488905967735222 -0.014902520226893909 0.13905180685171231 -0.0021106772999736922 -0.020904257092932896 0.058829341354594257 -0.0048800419671156539 0.078898111129852094 0.10034276889670968 0.028758669123631928 0.069561711011261532 -0.041858789312114224 0.049555056843352353 0.074715740123774924 -0.086429785251120161 -0.045728264667098041 -0.0019046843709108893 0.025056030113956209 -0.04771919757688222 0.0090436829440273103 0.017653848109759288 0.0097204846206009662
leaf_weight=375.72216452471912 2922.8625605087727 706.30238125473261 526.34643942117691 4242.0529291257262 734.52326279692352 722.53721722215414 350.91501344740391 961.68913403432816 2049.5777543820441 4198.6505682533607 38.546012751758099 334.90610976889729 618.29019132256508 1501.0072882371023 10950.362136831507 3484.551386859268 28.896820059046149 1743.0430503003299 175.28261501807719 318.51398610882461 385.4423882458359 762.11962773650885 205.90961634740233 2915.7699356405064 2882.9556912155822 3653.6690012086183 810.2207408901304 375.39075940661132 1320.4319356810302 533.84507308434695
leaf_count=6181 247164 6662 14456 23884 60333 11337 3512 8588 194675 31545 480 4747 4503 47724 117871 274179 566 39816 2527 12200 4497 31164 1169 85494 28512 41788 26721 4544 15413 8034
internal_value=0.000131525 -0.00884267 0.0362126 -0.0251229 0.00852637 -0.0132858 0.0088148 -0.0319836 -0.0212612 -0.0355036 -0.0501062 0.0106354 0.00575704 0.02873 0.000646351 0.0675363 0.000624468 0.0417043 -0.0549277 -0.00168633 -0.00522615 0.0512134 -0.00643757 -0.0593978 0.00418151 0.0187959 -0.0418667 0.0230471 0.00525258 0.0298481
internal_weight=50830.3 40705.3 10125 21014.8 19690.5 14268.5 3778.18 1684.23 10490.3 6248.23 6746.37 5580.26 18956 3439.73 15516.2 4544.74 4483.24 2093.96 6332.43 493.797 4107.52 1097.03 11156.3 5838.63 3268.4 4359.97 839.118 413.937 1938.72 1060.19
internal_count=1360286 961229 399057 665766 295463 313357 63253 19925 250104 226220 352409 102388 235130 67640 167490 296669 66477 43328 347385 14727 60296 35911 119040 332658 33009 48450 27287 5024 19916 22490
is_linear=0
shrinkage=0.08


Tree=52
num_leaves=31
num_cat=0
split_feature=19 1 0 12 6 5 16 4 7 2 1 1 1 0 4 16 5 7 14 5 16 4 4 16 4 0 14 14 4 14
split_gain=2344.41 1169.68 1076.76 1222.56 744.788 670.915 639.072 554.248 531.326 613.806 529.957 514.062 486.981 461.395 430.499 338.127 307.711 266.075 254.366 250.539 247.77 231.803 219.845 264.54 218.266 202.119 193.658 180.771 144.362 132.324
threshold=1.0000000180025095e-35 0.77015754580497753 0.53093111515045177 1.0000000180025095e-35 1.0000000180025095e-35 1.0000000180025095e-35 0.48304596543312078 5.5000000000000009 0.37248718738555914 0.71503761410713207 0.77459675073623668 0.94360822439193737 0.63028588891029369 0.89377820491790783 16.500000000000004 0.31311275064945226 1.0000000180025095e-35 0.13873296231031421 0.13961039483547213 1.0000000180025095e-35 0.61602565646171581 6.5000000000000009 16.500000000000004 0.40175439417362219 5.5000000000000009 0.71503761410713207 0.064583335071802153 0.93541666865348827 7.5000000000000009 0.078461539000272765
decision_type=2 2 2 2 2 2 2 2 2 2 2 2 2 2 2 2 2 2 2 2 2 2 2 2 2 2 2 2 2 2
left_child=1 16 6 4 19 8 14 -7 -5 -10 -9 13 17 -6 -2 -16 20 -8 -3 29 22 -14 -1 -24 -13 28 -18 -19 -22 -4
right_child=2 18 3 5 11 7 12 10 9 -11 -12 24 21 -15 15 -17 26 27 -20 -21 25 -23 23 -25 -26 -27 -28 -29 -30 -31
leaf_value=0.045823515018255788 0.046547389196237562 0.031566187855161278 -0.02171823865252339 0.077009478505083759 -0.042846223784308003 0.048837448494096568 0.061032376764471756 0.049941231257679332 -0.035741715096601165 0.03331648672772116 -0.018694811757933655 0.007430171434948828 0.063376050066724421 0.0080569450465762145 0.022737110491368707 -0.047098982250388451 -0.0046872240063065137 -0.05862863010383907 0.077823100581713586 0.087760226931061586 -0.011087160234529325 -0.044359500310572397 0.019695588041680919 -0.073131017435366194 -0.021101758607688838 0.060928991940484338 0.070978104860296237 -0.026745049216826952 -0.05905028401492065 0.027783346299966167
leaf_weight=1121.9290989441797 914.78098390158266 1024.786703357473 443.92292073182762 432.73723906930536 6854.6724163433537 4919.281259264797 131.99220438301563 1112.593750692904 2847.0866274554282 1151.6567880026996 2015.8327999208122 3972.2634875755757 379.90191137883812 1358.8570725545287 712.92365470994264 1150.469472005032 295.8681090855971 5155.7188936239108 3231.271715390496 372.57224528118968 1648.471891428344 185.39026020281017 700.01002246700227 267.00865703355521 3007.5881526507437 194.88783481530845 758.98773222323507 1503.5080511765555 533.05683415196836 1467.3157786764205
leaf_count=14015 17969 26151 22442 4407 167942 174877 2409 12014 32537 24470 36196 68774 4870 16742 12240 34666 4615 258743 269878 3457 25120 5490 7852 3916 35030 7002 31325 14393 8625 11628
internal_value=0.000156835 0.0352762 -0.00840644 -0.000773609 -0.0144335 0.0183425 -0.0309405 0.032104 -0.00662075 -0.0157959 0.00570459 -0.0208431 -0.0432794 -0.0344055 0.00169428 -0.0203051 0.0109251 -0.0492259 0.0667729 0.0280896 0.00168832 0.027684 0.0217929 -0.00601499 -0.00484751 -0.0159257 0.0496824 -0.0514795 -0.0229884 0.0161755
internal_weight=49867.3 9776.28 40091.1 29956.4 17477.2 12479.2 10134.7 8047.71 4431.48 3998.74 3128.43 15193.4 7356.51 8213.53 2778.17 1863.39 5520.22 6791.22 4256.06 2283.81 4465.36 565.292 2088.95 967.019 6979.85 2376.42 1054.86 6659.23 2181.53 1911.24
internal_count=1359795 398499 961296 610516 326015 284501 350780 223087 61414 57007 48210 288488 285905 184684 64875 46906 102470 275545 296029 37527 66530 10360 25783 11768 103804 40747 35940 273136 33745 34070
is_linear=0
shrinkage=0.08


Tree=53
num_leaves=31
num_cat=0
split_feature=19 10 1 0 0 10 15 1 9 15 10 5 10 14 6 16 12 10 10 14 14 1 10 10 15 15 0 9 12 9
split_gain=2006.35 1416.92 1085.15 858.695 382.465 353.535 340.271 332.402 320.908 317.932 512.145 282.58 277.663 284.359 284.336 226.394 206.959 221.745 202.27 175.932 172.657 134.708 122.264 80.4182 70.0932 66.8803 65.6135 62.721 110.538 53.1368
threshold=1.0000000180025095e-35 0.89326858520507824 0.77015754580497753 0.53410854935646068 0.94360822439193737 0.58381736278533947 0.63279041647911083 0.47478812932968145 0.77689129114151012 0.036722237244248397 0.43204939365386968 1.0000000180025095e-35 0.99086740612983715 0.79285714030265819 1.0000000180025095e-35 0.90399384498596203 1.0000000180025095e-35 0.81844761967659008 0.62699216604232799 0.04446640424430371 0.064583335071802153 0.63028588891029369 0.9525684416294099 0.98467409610748302 0.062202574685215957 0.24904147535562518 0.58499062061309826 0.30521412193775183 1.0000000180025095e-35 1.0000000180025095e-35
decision_type=2 2 2 2 2 2 2 2 2 2 2 2 2 2 2 2 2 2 2 2 2 2 2 2 2 2 2 2 2 2
left_child=2 3 11 6 8 27 18 26 22 15 -11 16 13 -10 -14 -9 25 19 24 -18 29 -20 -3 -19 -2 -1 -5 -4 -29 -13
right_child=1 4 5 7 -6 -7 -8 9 12 10 -12 20 14 -15 -16 -17 17 23 21 -21 -22 -23 -24 -25 -26 -27 -28 28 -30 -31
leaf_value=0 -0.026681971063095729 0.016886396358960328 0.043195711818828836 0.018154550632747717 0.058157383992783904 0.079146172812348328 0.021301696761777206 -0.012134114465234394 0.014346261629811886 -0.073603289619441278 -0.016395033956321733 0.028789980395339913 0.0024237906693584739 -0.014478797640686356 0.054222382654774595 0.015990315129440501 0.12889486328381536 0.0062851178946809732 -0.043285616113463023 -0.028060898261145054 0.068548588705761027 0.017205694756702007 0.049277537276574863 0.04805050818486728 -0.073333966002678649 0.0780874819922662 0.088541747984117611 -0.024398046511389913 0.051635997859868797 -0.037558030926249694
leaf_weight=94.15251462161541 246.38074807450175 2072.9734399830922 583.99895794782788 148.07498473115265 963.99434369150549 2923.8193086036481 421.98635636083782 5265.6799438567832 3181.9286311669275 1174.8528683832847 6771.5074625569396 152.74368922784925 1737.7153391316533 6979.4932547099888 1115.2442506672814 2800.3915245668031 41.654202803969383 1824.9182580113411 2613.504518609494 1851.0859271520749 725.17140792589635 252.27121297363192 1189.5663155820221 350.90993998199701 2353.9273344920948 271.53152820002288 228.81583580188453 314.66717265546322 192.6573656629771 145.51217939984053
leaf_count=1964 6432 20897 15809 4610 64048 271447 3956 84262 36971 127845 82206 1235 21047 74741 37686 63167 664 18791 78203 37729 31261 1855 16448 3121 233015 4229 3302 4676 4450 3425
internal_value=1.95381e-05 -0.00790435 0.0330797 -0.0212309 0.00930705 0.0646281 -0.0474317 -0.0117966 0.00638712 -0.0135601 -0.0249142 0.00980279 0.000746559 -0.00543422 0.0227877 -0.00234615 0.00100215 -0.00417007 -0.0527818 -0.0241919 0.0475879 -0.0378842 0.0288029 0.013189 -0.0690348 0.0582594 0.0619064 0.0254024 0.00438585 -0.00313763
internal_weight=48991.1 39518.3 9472.82 22277.4 17240.9 4015.14 5888.07 16389.3 16276.9 16012.4 7946.36 5457.68 13014.4 10161.4 2852.96 8066.07 4434.25 4068.57 5466.08 1892.74 1023.43 2865.78 3262.54 2175.83 2600.31 365.684 376.891 1091.32 507.325 298.256
internal_count=1359492 960691 398801 688853 271838 296382 323461 365392 207790 357480 210051 102419 170445 111712 58733 147429 66498 60305 319505 38393 35921 80058 37345 21912 239447 6193 7912 24935 9126 4660
is_linear=0
shrinkage=0.08


Tree=54
num_leaves=31
num_cat=0
split_feature=19 10 3 0 10 0 7 10 9 12 0 1 14 7 5 12 0 10 10 3 3 12 10 14 7 12 9 9 15 9
split_gain=1808.62 1251.92 1063.61 793.621 367.684 351.564 330.725 310.002 289.995 359.911 292.875 259.522 251.008 229.865 219.322 208.359 207.031 183.672 181.823 158.968 153.619 148.341 143.448 134.731 122.592 99.4123 95.6186 73.5177 72.2599 54.581
threshold=1.0000000180025095e-35 0.89326858520507824 0.80982521176338207 0.54201978445053112 0.64941757917404186 0.95861870050430309 0.37561881542205816 0.56949043273925792 0.88929739594459545 1.0000000180025095e-35 0.42163743078708654 0.93957647681236278 0.82085561752319347 0.2014492750167847 1.0000000180025095e-35 1.0000000180025095e-35 0.87827673554420482 0.52782940864562999 0.58381736278533947 0.86319074034690868 0.68801230192184459 1.0000000180025095e-35 0.9525684416294099 0.078461539000272765 0.22361110895872119 1.0000000180025095e-35 0.34968855977058416 0.52976551651954662 0.064523458480834975 1.0000000180025095e-35
decision_type=2 2 2 2 2 2 2 2 2 2 2 2 2 2 2 2 2 2 2 2 2 2 2 2 2 2 2 2 2 2
left_child=2 3 14 4 28 8 23 -4 10 12 25 16 -10 -6 18 -13 -8 -16 26 -11 -15 -20 -12 29 -23 -3 -1 -25 -2 -5
right_child=1 5 7 6 13 -7 11 -9 9 19 22 15 -14 20 17 -17 -18 -19 21 -21 -22 24 -24 27 -26 -27 -28 -29 -30 -31
leaf_value=0.034661326391849455 -0.025754321959615183 0.053532432331817176 0.027024360166255194 0.043538928872118909 0.023616285026731666 0.066861667039765899 -0.025944186551523734 0.078581649718400953 0.017486131095277725 0.00054812778822039773 0.017664992618199961 -0.0070129098349535537 -0.035136168857675613 -0.041696065471112202 -0.0025433054750544281 0.031922598002549762 0.0085384596336446923 0.068462041857164771 0.066008688456220502 0.029254277757922983 0.029259315006705134 0.027184235762287373 0.045013931031979038 0.14276943007150908 -0.0060155605856006735 -0.024016887906079042 -0.047272238568470293 0.055307071188707091 -0.071640707814190935 -0.054130036946122007
leaf_weight=100.73976125940681 261.99067586474121 110.98043283075094 1050.1297213798389 57.289084691554308 482.90950919315219 634.99822918325663 8286.3918694914319 2736.7113223066553 734.42289856728166 4249.4894691249356 4038.3464975152165 4982.0041342061013 2651.2604189142585 2431.9169790996239 359.5053788870573 1062.968574302271 1277.2417865372263 635.11242029163986 261.18754973169416 1742.2625796385109 206.10800747387111 1009.5079053714871 1790.0313210841268 86.524509551003575 2368.890511338599 1119.5504635423422 618.36713117733598 270.88280497118831 2426.259699486196 81.837336457334459
leaf_count=2243 6973 748 23544 511 8233 54256 199878 271124 4110 46208 43322 85770 18851 64375 5174 36800 22602 31099 4631 63951 1285 7951 30800 1370 29710 9584 23022 2311 250462 8634
internal_value=-5.99105e-05 -0.00757331 0.0319563 -0.0202266 -0.0455719 0.00866138 -0.0110632 0.064381 0.0063835 -0.00282168 0.0186282 -0.0131223 -0.0236652 -0.0267409 0.00895105 -0.000119187 -0.0213202 0.0427527 0.00116098 0.00893932 -0.0360469 0.00846983 0.0261233 0.0528313 0.00388318 -0.016705 -0.0354131 0.0785999 -0.0672842 -0.0126868
internal_weight=48125.8 38985.7 9140.15 21914.3 5809.18 17071.3 16105.1 3786.84 16436.3 9377.44 7058.91 15608.6 3385.68 3120.93 5353.31 6044.97 9563.63 994.618 4358.69 5991.75 2638.02 3639.59 5828.38 496.534 3378.4 1230.53 719.107 357.407 2688.25 139.126
internal_count=1359532 961034 398498 689204 331328 271830 357876 294668 217574 133120 84454 345050 22961 73893 103830 122570 222480 36273 67557 110159 65660 42292 74122 12826 37661 10332 25265 3681 257435 9145
is_linear=0
shrinkage=0.08


Tree=55
num_leaves=31
num_cat=0
split_feature=19 3 0 12 5 6 15 15 6 2 0 6 0 14 15 2 1 15 3 0 5 0 2 12 6 0 1 3 3 2
split_gain=1591.08 967.053 737.834 863.233 647.235 635.311 583.718 521.786 505.888 433.512 424.936 386.478 384.649 308.604 306.574 258.702 236.529 295.97 267.266 160.106 187.424 149.764 149.484 143.01 140.015 118.464 108.984 106.489 105.308 85.6342
threshold=1.0000000180025095e-35 0.80982521176338207 0.51191151142120372 1.0000000180025095e-35 1.0000000180025095e-35 1.0000000180025095e-35 0.63279041647911083 0.036722237244248397 1.0000000180025095e-35 0.7320508360862733 0.90501254796981823 1.0000000180025095e-35 0.90366768836975109 0.074175827205181136 0.21837820857763293 0.70396453142166149 0.63028588891029369 0.46651156246662145 0.66260164976120006 0.21680375933647159 1.0000000180025095e-35 0.25158227980136877 0.65648320317268383 1.0000000180025095e-35 1.0000000180025095e-35 0.65030118823051464 0.89699381589889537 0.67028987407684337 0.42588071525096899 0.96999701857566845
decision_type=2 2 2 2 2 2 2 2 2 2 2 2 2 2 2 2 2 2 2 2 2 2 2 2 2 2 2 2 2 2
left_child=1 15 6 5 8 14 16 29 9 -5 -9 26 -13 -3 22 19 17 -2 -19 -1 24 -8 -4 -22 -21 -16 -6 -18 -23 -7
right_child=2 13 3 4 11 7 21 10 -10 -11 -12 12 -14 -15 25 -17 27 18 -20 20 23 28 -24 -25 -26 -27 -28 -29 -30 -31
leaf_value=0.037881339096156562 -0.063992677098400078 0.019962506958749272 -0.048380910302199799 -0.027105619938712525 0.087085778925183863 -0.0089712509479310618 0.021416607378711823 -0.044340447128541446 0.11568548815492356 0.032107108278853144 0.014532667195230475 0.013699264533793738 0.060100965905384635 0.075841461756681064 0.029304956232167091 0.063283810621354422 0.038396916533569476 -0.033052957917764872 0.073726477532304879 -0.012797210355335407 -0.0023801165156600258 -0.036614521736171357 0.016223770561865122 0.071212132154709618 0.10954794751214025 0.089255382191650953 -0.14368332845253851 -0.031414900959108052 0.012726772023080448 0.013891958642145739
leaf_weight=715.67751557845622 2869.9060658346862 839.55512144975364 280.48778522014618 3517.3308203695342 750.76110040768981 7591.611538242083 1437.2480705883354 5457.2400721986778 196.54125238303095 1013.9601964838803 909.27242161752656 5566.5740577769466 1441.0245236195624 2729.4803618071601 394.33404986467212 501.34778773132712 318.57904858654365 2455.663875548169 154.26565747149289 3361.2710513621569 319.9435668066144 698.72421196103096 1151.6148220091127 343.11877111718059 55.753786914050579 495.20223931502551 8.4838922442868334 239.80834411038086 446.86937774717808 1206.9819467263296
leaf_count=7961 237178 21950 18473 42312 10698 96458 8463 163271 1534 23410 7462 111208 102219 273075 4028 27061 5517 56204 879 49522 6053 7652 15306 12719 794 3358 431 8822 3342 33097
internal_value=6.84752e-05 0.0306233 -0.00694821 -0.00101033 0.0150395 -0.0124885 -0.0275672 -0.0184617 -0.00826644 -0.0137996 -0.0359022 0.0292431 0.0233001 0.062788 0.0264161 0.00888274 -0.0411749 -0.0462298 -0.0265514 0.00310236 -0.00299787 0.00420133 0.00333483 0.0357106 -0.0105971 0.0631704 0.0833746 0.00811841 -0.0172569 -0.00581062
internal_weight=47468.6 8866.15 38602.5 29981.4 12494.7 17486.7 8621.06 15165.1 4727.83 4531.29 6366.51 7766.84 7007.6 3569.04 2321.64 5297.11 6038.22 5479.84 2609.93 4795.76 4080.09 2582.84 1432.1 663.062 3417.02 889.536 759.245 558.387 1145.59 8798.59
internal_count=1360457 399135 961322 633265 291812 341453 328057 300288 67256 65722 170733 224556 213427 295025 41165 104110 308600 294261 57083 77049 69088 19457 33779 18772 50316 7386 11129 14339 10994 129555
is_linear=0
shrinkage=0.08


Tree=56
num_leaves=31
num_cat=0
split_feature=19 1 0 15 4 3 15 16 1 11 4 3 1 16 16 15 9 3 0 0 3 4 15 7 3 15 0 7 1 15
split_gain=1347.42 943.991 691.895 663.083 688.849 631.235 911.405 531.899 511.554 456.318 367.18 355.823 330.609 286.997 276.324 255.825 253.891 224.611 191.819 180.788 373.612 178.475 131.044 126.456 170.516 136.196 120.133 112.991 108.9 99.5192
threshold=1.0000000180025095e-35 0.78319624066352855 0.50944742560386669 0.38706235587596899 4.5000000000000009 0.93643954396247875 0.19559524208307269 0.48304596543312078 0.94360822439193737 1.0000000180025095e-35 16.500000000000004 0.71937501430511486 0.59675306081771862 0.89009663462638866 0.29758481681346899 0.46651156246662145 0.47893242537975317 0.83752354979515087 0.44136746227741247 0.62115561962127697 0.59611794352531444 6.5000000000000009 0.45378661155700689 0.20734438300132754 0.49657534062862402 0.20967990159988406 0.27334994077682501 0.41421362757682806 0.91331186890602123 0.48011682927608496
decision_type=2 2 2 2 2 2 2 2 2 2 2 2 2 2 2 2 2 2 2 2 2 2 2 2 2 2 2 2 2 2
left_child=1 17 7 4 8 6 -6 10 13 -10 22 19 15 -4 29 -9 -3 23 -17 20 -5 27 -2 -1 26 -26 -25 -14 -7 -12
right_child=2 16 3 11 5 28 -8 12 9 -11 14 -13 21 -15 -16 18 -18 -19 -20 -21 -22 -23 -24 24 25 -27 -28 -29 -30 -31
leaf_value=0.028999826935918894 -0.016580044278008899 0.030024291553021509 0.017308233796087279 0.049903749377480794 -0.058084524306565528 0.031896910815878879 0.0010854155093411976 -0.066816710673930524 0.012428116710361075 0.065245912385186233 -0.056511580857643344 0.078428207126376409 0.13244117413610421 -0.012550661205417956 -0.041956930118260287 -0.039783761377020548 0.077636479585823009 0.066289305188116238 0.013211523136910657 0.062344773473708016 -0.038097417755666399 -0.041962583666016851 0.061756227835145394 0.0070865302386606032 -0.022096945318950949 0.021834895588857366 -0.038709368261592804 0.025680877051430431 -0.0021504325630319482 0.037462728443052699
leaf_weight=957.22823637444526 164.34477907791734 1089.7777961250395 2941.3741576569155 547.44344620965421 4144.9758281367831 684.17202094569802 2774.4787752749398 2196.7054944634438 3662.6171910660341 1468.9092167359777 77.525376437231898 906.05773975793272 92.471453204751015 6831.563234445639 1088.8867970462888 2608.2573390053585 2222.5737318773754 382.46773208165541 517.29655340220779 398.94957531988621 694.84741895087063 161.48905973834917 685.77547157276422 544.52529805805534 601.84765541460365 1738.7785638226196 1076.1440574545413 206.47018519509584 4670.8220799234696 534.15077932365239
leaf_count=11316 10395 42636 65257 3617 114579 12452 36293 196398 72184 105112 5853 11228 1152 133033 35567 52350 250340 21822 3981 3524 4304 5285 6533 7223 9578 34992 20966 3185 74814 4301
internal_value=4.53703e-05 0.0286122 -0.00641836 -0.000700288 -0.00436596 -0.0184003 -0.0343525 -0.0267836 0.00718344 0.0276273 0.00358817 0.0382806 -0.0401994 -0.00354337 -0.0178016 -0.0458351 0.062089 0.00762515 -0.0309545 0.0158487 0.000598593 0.0243939 0.0464168 0.0029682 -0.0033105 0.0104474 -0.0232496 0.0608669 0.00219542 0.0249311
internal_weight=46672.9 8613.34 38059.6 29726.2 27178.9 12274.4 6919.45 8333.37 14904.5 5131.53 2550.68 2547.3 5782.69 9772.94 1700.56 5322.26 3312.35 5300.99 3125.55 1641.24 1242.29 460.431 850.12 4918.52 3961.3 2340.63 1620.67 298.942 5354.99 611.676
internal_count=1360270 398873 961397 636397 613724 238138 150872 325000 375586 177296 62649 22673 262351 198290 45721 252729 292976 105897 56331 11445 7921 9622 16928 84075 72759 44570 28189 4337 87266 10154
is_linear=0
shrinkage=0.08


Tree=57
num_leaves=31
num_cat=0
split_feature=19 3 4 3 12 5 2 16 3 15 7 3 7 14 6 15 2 14 7 5 16 4 12 3 15 4 4 12 14 3
split_gain=1222.94 852.603 582.46 510.867 482.704 710.996 458.444 394.047 361.974 1113.28 431.983 513.531 313.947 310.009 269.123 277.761 227.565 170.004 140.643 162.435 150.437 130.571 116.874 108.747 97.5482 97.0473 235.396 92.4551 86.6938 80.1744
threshold=1.0000000180025095e-35 0.80982521176338207 4.5000000000000009 0.45867486298084265 1.0000000180025095e-35 1.0000000180025095e-35 0.73363915085792553 0.76417112350463878 0.9569842815399171 0.19559524208307269 0.59299960732460033 0.80982521176338207 0.81173768639564525 0.16228070110082629 1.0000000180025095e-35 1.0000000180025095e-35 0.70396453142166149 0.074175827205181136 0.20734438300132754 1.0000000180025095e-35 0.52803984284400951 6.5000000000000009 1.0000000180025095e-35 0.77849927544593822 0.0598654542118311 8.5000000000000018 9.5000000000000018 1.0000000180025095e-35 0.40588235855102545 0.99473685026168834
decision_type=2 2 2 2 2 2 2 2 2 2 2 2 2 2 2 2 2 2 2 2 2 2 2 2 2 2 2 2 2 2
left_child=1 16 3 7 14 6 -6 -2 9 12 11 -11 21 -3 17 -16 18 -5 -1 20 -20 -4 -21 -12 25 27 -27 -10 -7 -26
right_child=2 13 8 4 5 28 -8 -9 24 10 23 -13 -14 -15 15 -17 -18 -19 19 22 -22 -23 -24 -25 29 26 -28 -29 -30 -31
leaf_value=0.029611798484006066 0.16271214220483787 0.022700192062201318 -0.035071380655273446 -0.021362409224871457 -0.025985944434694628 0.069348807893659922 0.046547027673115825 -0.058078771314691462 0.0032917165549031869 -0.016223846996777397 0.066559239244816035 0.054120777973148584 0.068368840380124918 0.076827986047617952 0.0057728147155609311 -0.023370210201269007 0.061351942308785622 0.043706194749642553 0.016733660773674816 -0.0018817033287314643 -0.02280007983416478 -0.063477211799600822 0.066316817706335587 -0.00038507342676068836 0.0079612501111192141 -0.061049078669618687 0.0030619359508539446 0.041041091085559291 0.039760334372256456 0.092532876005169518
leaf_weight=959.12525958102196 49.253976847976446 995.85577306291088 1552.9515298288316 327.48981494223699 2058.6478618024848 831.3197079654783 758.56490249745548 1072.1770162526518 1719.5574524439871 8578.7474610479549 610.93394985701889 714.19931020122021 130.86063157161698 2215.7385732331313 4172.3510098261759 4178.4507287507877 454.8897788869217 1103.6730608167127 834.21377447899431 314.35083453264087 2283.0298438379541 3472.3747159461491 314.53938624821603 201.25003805011511 158.20604895055294 467.071349282749 1620.0680019655265 547.75451704673469 3185.2383983531035 135.38395670289174
leaf_count=11250 1133 28427 41798 19150 34263 21146 20418 53147 19891 230991 5925 8614 1292 266280 60082 112342 26983 10571 10097 5996 36855 119122 12605 2132 2828 5944 25249 20232 141909 3114
internal_value=0.00017105 0.0278205 -0.00597619 0.00455893 0.00809944 0.0244077 -0.0063511 -0.0475602 -0.0153687 -0.0213218 -0.00586156 -0.0107742 -0.051555 0.0601551 -0.00328396 -0.00879545 0.00762619 0.0286827 0.00233857 -0.00463173 -0.0121593 -0.0547745 0.0322294 0.0498745 0.00414529 0.00107324 -0.0113203 0.0125522 0.0460027 0.0483923
internal_weight=46018.3 8371.74 37646.5 17737.2 16615.7 6833.77 2817.21 1121.43 19909.4 15261.3 10105.1 9292.95 5156.19 3211.59 9781.96 8350.8 5160.15 1431.16 4705.26 3746.13 3117.24 5025.33 628.89 812.184 4648.04 4354.45 2087.14 2267.31 4016.56 293.59
internal_count=1359786 398493 961293 474161 419881 217736 54681 54280 487132 409874 247662 239605 162212 294707 202145 172424 103786 29721 76803 65553 46952 160920 18601 8057 77258 71316 31193 40123 163055 5942
is_linear=0
shrinkage=0.08


Tree=58
num_leaves=31
num_cat=0
split_feature=10 2 9 10 14 10 2 9 5 9 14 9 11 14 12 14 15 12 1 9 10 16 5 9 1 2 10 2 2 14
split_gain=1051.29 981.244 945.68 747.114 529.622 504.467 454.286 371.536 382.155 314.639 264.986 242.735 169.667 159.988 123.274 100.115 79.5106 78.6332 75.7517 61.0264 59.8257 59.3424 58.2294 46.4 40.291 38.5969 37.6076 30.5141 29.5087 26.7741
threshold=0.64418154954910289 0.99565216898918163 0.26246066391468054 0.44161255657672888 0.29705883562564855 0.90336728096008312 0.44920890033245092 0.54426074028015148 1.0000000180025095e-35 0.37527292966842657 0.64495798945426952 0.99206298589706432 1.0000000180025095e-35 0.078461539000272765 1.0000000180025095e-35 0.1702898591756821 0.48011682927608496 1.0000000180025095e-35 0.81872946023941051 0.34968855977058416 0.80101522803306591 0.97467949986457836 1.0000000180025095e-35 1.0000000180025095e-35 0.94360822439193737 0.4252659678459168 0.96014440059661876 0.79805827140808117 0.53036636114120495 0.078461539000272765
decision_type=2 2 2 2 2 2 2 2 2 2 2 2 2 2 2 2 2 2 2 2 2 2 2 2 2 2 2 2 2 2
left_child=2 4 14 13 15 7 16 27 -9 17 26 -12 -11 -4 21 18 22 -8 -2 28 25 23 -5 24 -1 -17 -7 -6 -15 -25
right_child=1 -3 3 6 5 10 9 8 -10 12 11 -13 -14 19 -16 20 -18 -19 -20 -21 -22 -23 -24 29 -26 -27 -28 -29 -30 -31
leaf_value=-0.0046309792593234988 0.095320934879100108 0.078976550912729565 -0.075433708680606934 -0.059082339567492932 0.028129622840381566 0.032035448408865956 0.027220999366897355 -0.031158015693660893 -0.0006366696297190308 -0.02542436947129717 0.0040490135324875816 0.036636515380597541 0.016018967454155868 -0.020214330669945581 0.13612446298604908 0.00036866909988734321 0.032902417967443739 0.11235712460349045 0.031341987481904636 -0.035598647262165252 0.055597628080326651 0.023122338803000918 0.0026770194983342728 -0.065584697032045253 0.011294987628735412 0.032362098667314626 0.058349122999656208 0.005965033208956097 0.073487573241690349 0.069169267414453103
leaf_weight=2208.2894553821534 349.79058613581583 1188.4601001916453 2635.5339373517781 1417.8777011227794 1402.0096175582148 1411.1680890126154 128.10850568069145 5266.7835328672081 5252.5721516925842 1423.127276992891 13324.115664087702 1641.4818764161319 1125.6422853581607 27.213996759615839 41.806072387844324 369.72821736568585 63.461783915758133 177.49837782047689 201.34691377775744 255.61041222466156 509.46036063786596 985.39662655908614 99.154701920691878 87.477349600754678 1864.5125199481845 750.67632281547412 508.3065077168867 586.39327406231314 55.103652194608003 5.3042334746569386
leaf_count=19555 5337 151298 299617 133716 23815 29161 4496 88079 116778 39835 232198 45990 28036 2141 798 12335 3602 3575 7640 16184 13107 10930 5585 7846 15404 16318 10735 15103 1041 75
internal_value=0.000203938 0.00776043 -0.0194252 -0.0377673 0.00506266 0.00223113 -0.0168844 -0.009937 -0.0159407 0.00213012 0.0112545 0.00764506 -0.00706309 -0.0687794 0.00672321 0.0430569 -0.0512241 0.0781964 0.0727271 -0.0160724 0.0327343 0.00551095 -0.054945 0.00128377 0.00262554 0.0219951 0.0392203 0.0217048 0.0412939 -0.0531016
internal_weight=45363.4 32762.3 12601.1 7408.33 31573.8 29392.8 4434.87 12507.8 10519.4 2854.38 16885.1 14965.6 2548.77 2973.46 5192.79 2181 1580.49 305.607 551.137 337.928 1629.86 5150.98 1517.03 4165.58 4072.8 1120.4 1919.47 1988.4 82.3176 92.7816
internal_count=1360330 767894 592436 537828 616596 561859 218845 243775 204857 75942 318084 278188 67871 318983 54608 54737 142903 8071 12977 19366 41760 53810 139301 42880 34959 28653 39896 38918 3182 7921
is_linear=0
shrinkage=0.08


Tree=59
num_leaves=31
num_cat=0
split_feature=19 1 10 15 10 9 10 18 4 16 16 1 5 10 5 11 7 12 9 10 1 12 4 1 4 10 9 9 12 9
split_gain=1042.71 764.555 726.199 532.124 573.001 399.272 327.01 295.413 294.85 415.898 299.127 285.956 253.642 169.408 265.41 164.883 158.583 157.964 172.514 401.511 152.467 149.929 145.895 124.642 120.287 114.815 111.33 58.984 88.9106 55.6157
threshold=1.0000000180025095e-35 0.79431909322738659 0.81844761967659008 0.03078051004558802 0.44838035106658941 0.42387704551219946 0.56949043273925792 1.0000000180025095e-35 8.5000000000000018 0.58397436141967785 0.64760348200798046 0.94360822439193737 1.0000000180025095e-35 0.58381736278533947 1.0000000180025095e-35 1.0000000180025095e-35 0.80673459172248851 1.0000000180025095e-35 1.0000000180025095e-35 0.48019607365131384 0.53093111515045177 1.0000000180025095e-35 19.500000000000004 0.44092722237110143 30.500000000000004 0.43842941522598272 0.30803118646144872 0.29722008109092718 1.0000000180025095e-35 0.49321211874485021
decision_type=2 2 2 2 2 2 2 2 2 2 2 2 2 2 2 2 2 2 2 2 2 2 2 2 2 2 2 2 2 2
left_child=1 13 3 17 -5 23 27 8 10 22 20 -12 -7 26 21 -9 -11 18 -2 -20 -4 -15 -10 -6 -23 -19 -1 -3 29 -29
right_child=2 6 7 4 5 12 -8 15 9 16 11 -13 -14 14 -16 -17 -18 25 19 -21 -22 24 -24 -25 -26 -27 -28 28 -30 -31
leaf_value=0.025614932066347504 0.0028705021082005935 0.038962037298058007 0.12590339108063342 -0.072683419622264309 -0.017482405752447774 -0.041056696114597911 0.078050594528550607 -0.060791420648157637 0.021090114258589851 -0.032212526515889628 0.0022389340404785681 0.02771998768360073 -0.0072944667870081612 0.066128995974163052 0.068825212846503267 -0.3377891051948459 0.083209478456156477 -0.059949314962581594 -0.076445904686162885 0.004064352895514811 0.033671747064333249 0.0052419724254356157 -0.015956219905509734 0.055194856995848092 -0.097274353399361524 0.05591837660398661 -0.034163659716192188 -0.043153157020582311 0.048551351883015244 0.044153131548063593
leaf_weight=254.30795357516035 4426.8941533528268 485.17302907910198 199.32160955294967 1763.7836285792291 205.24769151397049 3744.4553773431107 1943.4660582519136 266.55672968318686 2412.3378343712538 3176.4331042729318 10476.829839281738 3860.0356292398646 2320.9709362331778 254.40761296264827 515.02498912625015 10.265886786859481 72.651615794748068 57.093019722960889 644.17356475628912 1008.1955413557589 288.54842320922762 3234.7675380683504 937.80765091255307 519.19706420879811 69.857229302637279 433.18591762566939 835.24683421850204 241.30677737854421 146.19109139405191 51.62852419167757
leaf_count=2980 29168 15293 1553 259307 20973 175994 267037 1665 20855 27110 131184 143024 33682 4607 35147 198 729 784 67377 8600 4335 37244 5877 14225 688 14270 28324 3786 3665 570
internal_value=0.000219851 0.0263317 -0.00547365 -0.0189301 -0.0320764 -0.0214588 0.0594232 0.0038989 0.00497521 -0.00907333 0.0112407 0.00911784 -0.0281804 0.00788268 0.0153973 -0.0774422 -0.0294586 -0.00177757 -0.00533621 -0.0273618 0.072573 0.00753513 0.0106637 0.0344061 0.00288283 0.0416335 -0.0200116 0.0198753 -0.00105388 -0.026746
internal_weight=44855.4 8031.38 36824 15123.2 8553.65 6789.87 2867.77 21700.8 21424 6599.23 14824.7 14336.9 6065.43 5163.61 4074.06 276.823 3249.08 6569.54 6079.26 1652.37 487.87 3559.03 3350.15 724.445 3304.62 490.279 1089.55 924.299 439.126 292.935
internal_count=1360251 399341 960910 624380 504181 244874 290351 336530 334667 54571 280096 274208 209676 108990 77686 1863 27839 120199 105145 75977 5888 42539 26732 35198 37932 15054 31304 23314 8021 4356
is_linear=0
shrinkage=0.08


Tree=60
num_leaves=31
num_cat=0
split_feature=19 3 0 12 16 5 6 6 6 4 7 1 0 4 7 9 16 5 1 2 4 4 16 4 16 4 1 9 12 7
split_gain=924.247 754.319 480.067 562.422 554.636 539.101 533.081 506.817 405.828 482.354 377.303 297.473 290.137 267.975 242.175 239.809 227.28 220.195 213.802 184.786 120.209 106.588 195.641 215.068 126.54 109.101 103.068 95.0463 89.4294 85.6016
threshold=1.0000000180025095e-35 0.80982521176338207 0.44136746227741247 1.0000000180025095e-35 0.44529914855957037 1.0000000180025095e-35 1.0000000180025095e-35 1.0000000180025095e-35 1.0000000180025095e-35 5.5000000000000009 0.3260560035705567 0.94360822439193737 0.90366768836975109 17.500000000000004 0.19399641454219821 0.50092250108718883 0.29758481681346899 1.0000000180025095e-35 0.58499062061309826 0.70396453142166149 5.5000000000000009 25.500000000000004 0.50352111458778392 10.500000000000002 0.29758481681346899 15.500000000000002 0.88273492455482494 0.8871574103832246 1.0000000180025095e-35 0.11374663189053537
decision_type=2 2 2 2 2 2 2 2 2 2 2 2 2 2 2 2 2 2 2 2 2 2 2 2 2 2 2 2 2 2
left_child=1 19 4 7 13 6 10 17 26 -10 -5 12 -9 -2 29 28 -15 -4 27 21 -13 22 25 -24 -23 -1 -7 -16 -3 -6
right_child=2 15 3 5 14 8 -8 11 9 -11 -12 20 -14 16 18 -17 -18 -19 -20 -21 -22 24 23 -25 -26 -27 -28 -29 -30 -31
leaf_value=0.062298212566474803 0.052394948791594703 0.0136076261119115 0.013288134530777507 0.059983281810937927 0.085658866861597571 0.086875612188977214 0.12309665864804832 -0.032066774145828501 0.037617590286833952 -0.0058698240043170025 -0.018016160933387499 0.0058455780313534647 0.011546378334304077 0.026689363686708344 -0.060887405824256668 0.076930722775231289 -0.041590204455258857 0.081394741185631156 0.053256443420647177 0.058055837396317256 -0.015574546532088722 -0.0088229556028826123 0.0042879952703359326 -0.049104723467099973 -0.13809309566799513 0.012232029992550431 -0.10885180775343151 -0.028743663205647689 0.064737734653591728 -0.0048371925116835806
leaf_weight=470.67668904736638 630.07200363557786 778.6548435240984 2082.8107149773277 425.51389832375571 73.112873756326735 711.30414708517492 189.0251300688833 7124.0816781478934 3904.2070075888187 2790.9370669014752 4997.283704502508 3834.7552680848166 1122.6178764007054 553.28380733449012 2643.2700016014278 1724.043211676646 698.98596553457901 353.56525355391204 119.06388081796467 404.52925786143169 2964.3968972838484 154.00333622097969 2623.637746617198 585.62449007481337 68.349590183235705 704.77468277420849 12.849010600708423 802.9961403766647 308.53670634748414 447.41855484899133
leaf_count=5151 10926 23943 51183 7826 1035 10795 1562 217382 168962 45897 83235 68999 13836 9497 182424 245655 22511 4011 2926 27075 35951 1963 50320 9727 1074 8714 542 9237 25233 12457
internal_value=0.000256303 0.0252032 -0.00509146 -0.00102576 -0.0258329 0.011546 -0.00713828 -0.0104064 0.0256953 0.0194747 -0.0118166 -0.0158947 -0.026107 0.0100119 -0.0423777 0.0583396 -0.0113092 0.0233837 -0.0498172 0.00654399 -0.00347456 0.0019282 0.0047258 -0.00546653 -0.0514264 0.0325941 0.0824607 -0.0534966 0.0284944 0.0082633
internal_weight=44304.4 7822.83 36481.6 30513.3 5968.2 13031.1 5611.82 17482.2 7419.3 6695.14 5422.8 15045.9 8246.7 1882.34 4085.86 2811.23 1252.27 2436.38 3565.33 5011.6 6799.15 4607.07 4384.71 3209.26 222.353 1175.45 724.153 3446.27 1087.19 520.531
internal_count=1360049 398855 961194 710181 251013 318819 92623 391362 226196 214859 91061 336168 231218 42934 208079 294831 32008 55194 194587 104024 104950 76949 73912 60047 3037 13865 11337 191661 49176 13492
is_linear=0
shrinkage=0.08


Tree=61
num_leaves=31
num_cat=0
split_feature=10 9 19 1 10 3 9 10 9 14 4 3 16 14 10 3 1 14 10 14 14 10 14 19 9 16 9 12 18 3
split_gain=779.989 795.547 707.812 766.81 651.745 445.559 391.511 426.118 296.731 253.498 247.386 244.827 234.528 197.455 190.864 139.007 126.171 121.755 121.525 118.502 103.189 96.0669 93.414 85.0465 76.1003 71.329 54.5087 53.9505 52.5873 42.1343
threshold=0.63798391819000255 0.26246066391468054 1.0000000180025095e-35 0.7320508360862733 0.44838035106658941 0.51899951696395885 0.58851018548011791 0.90336728096008312 0.41684396564960485 0.25833334028720861 8.5000000000000018 0.80982521176338207 0.58658170700073253 0.078461539000272765 0.97989273071289074 0.79516318440437328 0.91331186890602123 0.25833334028720861 0.90632697939872753 0.29705883562564855 0.074175827205181136 0.95217302441596996 0.08893280848860742 1.0000000180025095e-35 0.34217563271522528 0.36899313330650335 1.0000000180025095e-35 1.0000000180025095e-35 1.0000000180025095e-35 0.61451050639152538
decision_type=2 2 2 2 2 2 2 2 2 2 2 2 2 2 2 2 2 2 2 2 2 2 2 2 2 2 2 2 2 2
left_child=1 20 3 15 13 25 19 9 22 27 14 -11 -12 -3 -9 17 -10 -2 -19 -4 23 28 -7 -1 -15 -6 29 -8 -21 -25
right_child=2 4 6 -5 5 8 7 10 16 11 12 -13 -14 24 -16 -17 -18 18 -20 21 -22 -23 -24 26 -26 -27 -28 -29 -30 -31
leaf_value=0.033364607795811074 0.049757585558236797 -0.074463510013647732 0.059360660476387876 0.076231675035349653 0.0046906316044080833 -0.0031485176887131767 -8.5982718591495706e-05 0.0064825910574855339 -0.023152728799071449 -0.033786103546446518 0.0082555469184787764 -0.0057987760327881588 -0.028889322123095189 0.059208975949808791 0.031736450547399889 0.07083073227989084 0.019795680197548085 -0.012189409161292956 0.020546064522123712 0.01561051718876267 0.15675938336452303 0.057592957269750833 0.068698461888582307 -0.043700747506003695 -0.02922406606632634 -0.063879093146254187 -0.069924495210786239 0.039784425160764414 -0.07026791550113394 0.004122325569951962
leaf_weight=613.44065624475479 382.2478734604083 2326.9301693816669 561.60195949813351 1778.9484972790815 101.86581527302042 147.55361130833626 345.25005206931382 6997.445602256339 1605.3756728018634 4234.0403169523925 2259.807768647559 3822.805553777609 2081.4574772436172 73.473287067841738 2646.980471491348 234.50379495555535 593.12013004533947 1666.6515396973118 1275.9115538862534 2770.066339250654 24.151628637220711 369.46914789965376 465.18007128732279 115.85801918618381 288.56966442288831 1010.3184701381251 61.914771614130586 546.2697379165329 40.901984377764165 4268.4488673824817
leaf_count=16387 4691 306443 9355 274566 8715 7651 2431 117880 50497 67155 17869 53998 18307 2762 87128 19323 13251 17197 16516 42474 530 7025 9949 2919 19620 113411 8496 17021 283 26164
internal_value=0.000363016 -0.0173091 0.00682608 0.0334042 -0.0355967 -0.0147185 0.00149617 -0.00241405 0.00220718 -0.0160471 0.00629985 -0.0205384 -0.00952982 -0.0659163 0.0134431 0.0118772 -0.0114747 0.00757093 0.00196136 0.0254749 0.00645726 0.0193573 0.0512524 0.00555417 -0.0102794 -0.0574626 0.00164808 0.0242514 0.0141815 0.00277378
internal_weight=43710.6 11696.2 32014.4 5338.26 6612.39 3923.41 26676.1 22934.1 2811.23 8948.37 13985.7 8056.85 4341.27 2688.97 9644.43 3559.31 2198.5 3324.81 2942.56 3742.04 5083.81 3180.44 612.734 5059.66 362.043 1112.18 4446.22 891.52 2810.97 4384.31
internal_count=1360014 586795 773219 332293 532299 203474 440926 381789 81348 140605 241184 121153 36176 328825 205008 57727 63748 38404 33713 59137 54496 49782 17600 53966 22382 122126 37579 19452 42757 29083
is_linear=0
shrinkage=0.08


Tree=62
num_leaves=31
num_cat=0
split_feature=19 3 10 3 9 10 10 3 9 10 9 4 15 15 14 10 5 15 14 10 14 5 4 7 3 18 11 3 15 9
split_gain=696.627 646.914 572.276 448.192 305.054 288.568 276.26 303.385 246.621 1017.42 320.418 218.029 307.94 253.785 168.225 154.745 151.08 147.745 145.401 128.162 90.2213 80.9553 70.3641 69.4386 123.896 60.783 56.923 46.6513 45.8896 44.1031
threshold=1.0000000180025095e-35 0.83047896623611461 0.79917696118354808 0.53093111515045177 0.75503447651863109 0.56949043273925792 0.99086740612983715 0.86319074034690868 1.0000000180025095e-35 0.45176798105239874 0.45341086387634283 4.5000000000000009 0.32184043526649481 0.042684840038418777 0.45804196596145635 0.84512934088706981 1.0000000180025095e-35 0.54725956916809093 0.10818713530898096 0.95217302441596996 0.77350428700447094 1.0000000180025095e-35 8.5000000000000018 0.22361110895872119 0.49657534062862402 1.0000000180025095e-35 1.0000000180025095e-35 0.42588071525096899 0.7549874782562257 0.28136573731899267
decision_type=2 2 2 2 2 2 2 2 2 2 2 2 2 2 2 2 2 2 2 2 2 2 2 2 2 2 2 2 2 2
left_child=1 15 3 17 14 29 11 21 -5 18 -11 13 -13 -6 -4 20 22 -2 -10 25 23 -8 -17 26 -25 -16 -1 -21 -24 -3
right_child=2 5 4 8 6 -7 7 -9 9 10 -12 12 -14 -15 19 16 -18 -19 -20 27 -22 -23 28 24 -26 -27 -28 -29 -30 -31
leaf_value=0.081783090884176526 -0.061616322564140374 0.037073983674412489 0.051751250580160786 0.0033499464630990937 0.034247201290480443 0.077462418303957295 -0.005064504833252206 0.062222970925559097 -0.076718771044826758 0.038548496950366488 -0.012210941818027515 -0.02849476340460913 0.0042643780656748701 -0.004246741682520103 0.0079240238207147397 0.030113107369384228 0.076837716077596735 0.0060803648961990017 0.026723002359432192 -0.0023561955475181174 -0.13769820689455878 0.031723899376704848 -0.0097574005673011482 -0.039571807606720126 0.0012135209798146123 -0.077175391310501718 0.0093111705196286098 0.047121004641132495 0.02980425069446738 0.00044159433698328352
leaf_weight=78.925696291029453 1685.8507666881196 426.55046339379624 874.98303496651351 4355.3412886466831 1403.9285199199803 1527.2169044744223 1519.876756274607 801.14073035214096 1766.7920207385905 966.12388787744567 4395.3486309931614 4702.65368296206 2996.5776863358915 4914.6740591824055 3629.9466755939648 895.54603977687657 276.01724068354815 229.20395822823048 86.740476597100496 135.96888177096844 28.167954261414707 504.53440766874701 794.17539383936673 672.09648356493562 1585.7292766044848 49.2508849138394 457.30359910149127 801.57723996043205 240.09162048343569 428.11489180382341
leaf_count=1009 195776 14554 11004 28177 66968 262485 14642 50883 274616 25093 76076 43022 26069 60600 45671 15974 24962 7720 4506 959 304 12966 6301 21876 31861 323 8078 16502 2927 8207
internal_value=1.47143e-05 0.0223381 -0.00460116 -0.0176131 0.00325017 0.0566428 -0.00208104 0.0207034 -0.0116496 -0.0207223 -0.00300701 -0.00669083 -0.0157295 0.00430123 0.0196174 0.00601532 0.0218822 -0.053436 -0.071733 0.0134432 -0.00634631 0.00408083 0.0137611 -0.00472133 -0.0109171 0.00663824 0.0209307 0.0398013 -0.000320517 0.0190197
internal_weight=43230.4 7409.94 35820.5 13485.4 22335.1 2381.88 16843.4 2825.55 11570.3 7215.01 5361.47 14017.8 7699.23 6318.6 5491.73 5028.05 2205.83 1915.05 1853.53 4616.74 2822.22 2024.41 1929.81 2794.06 2257.83 3679.2 536.229 937.546 1034.27 854.665
internal_count=1360111 398538 961573 611964 349609 285246 275150 78491 408468 380291 101169 196659 69091 127568 74459 113292 50164 203496 279122 63455 63128 27608 25202 62824 53737 45994 9087 17461 9228 22761
is_linear=0
shrinkage=0.08


Tree=63
num_leaves=31
num_cat=0
split_feature=2 10 19 0 0 10 0 9 11 5 9 10 6 10 5 18 1 12 5 10 0 9 10 3 10 18 0 1 19 19
split_gain=641.153 593.929 435.11 472.52 380.989 378.266 289.211 264.962 247.715 658.917 458.596 664.896 363.881 234.983 248.678 165.894 161.032 126.104 95.1184 91.984 85.8361 89.8199 84.9622 79.8283 71.7184 54.2199 40.0555 38.8156 37.1474 36.4088
threshold=0.98529094457626354 0.79917696118354808 1.0000000180025095e-35 0.63373982906341564 0.45035210251808172 0.49545417726039892 0.21680375933647159 0.7105931043624879 1.0000000180025095e-35 1.0000000180025095e-35 1.0000000180025095e-35 0.46920476853847509 1.0000000180025095e-35 0.99086740612983715 1.0000000180025095e-35 1.0000000180025095e-35 0.63702240586280834 1.0000000180025095e-35 1.0000000180025095e-35 0.95217302441596996 0.89871358871459972 0.24626532942056659 0.6157280206680299 0.49657534062862402 0.98467409610748302 1.0000000180025095e-35 0.38034960627555853 0.2674796879291535 1.0000000180025095e-35 1.0000000180025095e-35
decision_type=2 2 2 2 2 2 2 2 2 2 2 2 2 2 2 2 2 2 2 2 2 2 2 2 2 2 2 2 2 2
left_child=1 4 3 18 6 20 17 19 10 12 28 -12 -10 15 -15 -9 -11 27 24 25 -2 -22 -8 -24 -3 -4 -21 -1 -6 -23
right_child=5 2 7 -5 8 -7 22 13 9 16 11 -13 -14 14 -16 -17 -18 -19 -20 26 21 29 23 -25 -26 -27 -28 -29 -30 -31
leaf_value=0.17274609250823922 0.069357988724701239 0.00074723867652592166 0.014670713189634173 0.074238974275476974 0.026808695051587752 0.074856235712498581 -0.064608832568651506 -0.0058826754830422689 -0.022768435891636019 0.10723693622435379 -0.07012309764618832 -0.0089909216860811752 0.19853387287379079 -0.00088110343936769104 0.048376387211726962 -0.072699041889886101 0.039221286672555138 0.0047137844427692097 0.070938570168212742 0.007336169992843135 0.012613330184590456 0.0014794055494460195 -0.04542632209307005 0.0012039471988292169 0.040650956554208514 -0.067194664500817874 0.052395134846625231 -0.019658299496833429 0.0020554897516216471 -0.067704070552136869
leaf_weight=35.572892350144684 117.00849390774965 1883.0046364190057 3403.4653291320428 1130.0249050983693 431.81684196740389 1124.7035380634479 1281.4706127331592 14467.018260521349 2023.9833170115016 292.07341779675335 1796.9672759119421 3118.0770741067827 43.60563413053751 1652.2303463066928 1075.929138074629 237.36552531830966 1010.0305119440891 410.74213991407305 155.566428901162 169.33355209603906 640.51076363120228 64.23593482375145 1045.6481244293973 293.78789058327675 337.34861760819331 47.053541336208582 649.08686429914087 5.1767236758023492 3690.6575026046485 149.73157307226211
leaf_count=1096 1797 17577 36252 171579 11397 157125 171291 166774 47033 4880 257867 52511 365 18192 44875 1372 40343 17942 13340 1137 8017 961 53713 7849 5461 262 11915 361 22927 14011
internal_value=0.000267928 -0.0019535 0.00561609 0.0317467 -0.0142882 0.0433641 -0.0394997 0.00138088 -0.00801879 0.0104546 -0.0149264 -0.0314223 -0.0175563 -0.00298681 0.0185394 -0.00699648 0.0549521 0.0192084 0.0113561 0.0192368 0.00654466 -0.00222401 -0.0496913 -0.0351131 0.00695961 0.0134124 0.0433678 0.145329 0.00471641 -0.046644
internal_weight=42783.2 40687 25207.4 3505.94 15479.6 2096.19 3072.4 21701.5 12407.2 3369.69 9037.52 4915.04 2067.59 17432.5 2728.16 14704.4 1302.1 451.492 2375.92 4268.94 971.487 854.478 2620.91 1339.44 2220.35 3450.52 818.42 40.7496 4122.47 213.968
internal_count=1360222 1178311 488736 207957 689575 181911 252252 280779 437323 92621 344702 310378 47398 231213 63067 168146 45223 19399 36378 49566 24786 22989 232853 61562 23038 36514 13052 1457 34324 14972
is_linear=0
shrinkage=0.08


Tree=64
num_leaves=31
num_cat=0
split_feature=2 10 9 9 14 14 10 14 9 14 3 9 3 9 3 14 2 12 14 12 3 10 9 10 16 3 4 9 12 9
split_gain=584.304 540.257 617.926 441.308 359.403 341.633 324.997 348.641 294.007 242.902 240.075 197.321 152.904 146.948 117.137 99.5143 90.3268 78.2417 71.2426 66.6144 62.4805 43.2045 42.0008 63.0943 37.2072 105.817 35.6663 28.0599 26.3364 26.0801
threshold=0.9569842815399171 0.58381736278533947 0.26246066391468054 0.49668815732002264 0.078461539000272765 0.13961039483547213 0.90336728096008312 0.25833334028720861 0.40078739821910864 0.64495798945426952 0.80982521176338207 0.88019138574600231 0.51222422719001781 0.5085725486278535 0.52223318815231334 0.18465909361839297 0.99565216898918163 1.0000000180025095e-35 0.074175827205181136 1.0000000180025095e-35 0.88273492455482494 0.96014440059661876 0.24626532942056659 0.45910002291202551 0.50352111458778392 0.47140522301197058 21.500000000000004 0.60891634225845348 1.0000000180025095e-35 1.0000000180025095e-35
decision_type=2 2 2 2 2 2 2 2 2 2 2 2 2 2 2 2 2 2 2 2 2 2 2 2 2 2 2 2 2 2
left_child=1 2 18 15 13 20 7 17 12 21 -9 -11 -6 19 -10 -3 -7 -5 29 -4 -2 -8 -22 -24 26 -26 -17 -15 -25 -1
right_child=5 3 4 6 8 16 9 10 14 11 -12 -13 -14 27 -16 24 -18 -19 -20 -21 22 -23 23 28 25 -27 -28 -29 -30 -31
leaf_value=0.0019209535614935391 0.063322666916410447 0.082322948542907851 -0.075529653900216334 -0.0002934908424314668 -0.042400798285371945 0.026229226338891496 0.027562936959908441 -0.024245937699575788 -0.064085640228676105 0.016957050193684872 -0.00045154781699670375 -0.0029060674100470315 0.058904558187552539 -0.00070750397098541767 -0.018013147680738601 0.077001533877847944 0.078254826546910183 0.03517692808250205 0.14026459341443634 -0.036441653651938667 0.010634376818708451 0.056796002098016295 -0.051948767556528976 -0.0051000157680259608 -0.025789843495121242 0.03280538661281044 0.009789116402355821 0.097147018000783056 0.071404908145141277 -0.041646883230702737
leaf_weight=4079.8002793099731 107.91459785285406 264.92899757320993 1736.7342216465622 583.59568153182045 119.30765669746324 294.29139649658464 1340.598384154262 6737.0189816183411 550.49936820566654 4902.4905047391076 4565.6252210203093 9173.5065243847203 395.40197064960375 135.14079385669902 1026.8425330347382 186.77113398583606 980.06124981213361 1188.7823304929771 18.654673183802515 370.4678403083235 773.46521592047065 457.03426137659699 191.04722042148933 73.240786858368665 218.8033213573508 1560.9992900504731 78.646033668424934 16.223158120643348 38.621709783794358 84.701063613407314
leaf_count=34764 2014 7929 285036 6546 15189 26729 28770 117418 72673 83976 115561 178448 10354 9146 33072 3401 153218 44877 375 38465 9709 10233 16313 1415 9927 31713 1534 358 2724 8460
internal_value=2.53873e-05 -0.00231127 -0.0201475 0.00255542 -0.0412396 0.0378366 -0.000126963 -0.00947014 -0.017182 0.00755944 -0.014653 0.00400421 0.0349325 -0.0633658 -0.0343455 0.0361654 0.0665149 0.0234395 0.00177378 -0.0688359 0.006693 0.0352209 0.000600953 -0.0242559 0.0299221 0.0254602 0.0582267 0.0115283 0.0218699 0.000947581
internal_weight=42251.2 39792.6 8533.77 31258.8 4350.62 2458.64 28948.7 13075 2092.05 15873.6 11302.6 14076 514.71 2258.57 1577.34 2310.15 1274.35 1772.38 4183.16 2107.2 1184.29 1797.63 1076.37 302.91 2045.22 1779.8 265.417 151.364 111.862 4164.5
internal_count=1360347 1148225 507892 640333 464293 212122 585829 284402 131288 301427 232979 262424 25543 333005 105745 54504 179947 51423 43599 323501 32175 39003 30161 20452 46575 41640 4935 9504 4139 43224
is_linear=0
shrinkage=0.08


Tree=65
num_leaves=31
num_cat=0
split_feature=19 1 10 0 7 15 10 0 14 10 6 13 10 10 3 1 16 1 10 14 16 15 12 14 10 10 16 6 16 7
split_gain=554.108 560.67 405.903 331.987 319.541 307.701 273.728 216.171 186.077 154.412 218.244 153.642 148.243 139.677 130.997 130.82 119.439 115.607 99.7863 107.219 101.094 84.6271 78.6108 74.292 68.5514 61.6119 47.1763 44.0218 55.2364 42.3666
threshold=1.0000000180025095e-35 0.79431909322738659 0.88146743178367626 0.48404073715209966 0.37248718738555914 0.60719421505928051 0.56949043273925792 0.9569842815399171 0.59166666865348827 0.98894992470741283 1.0000000180025095e-35 1.0000000180025095e-35 1.0000000180025095e-35 0.50714430212974559 0.84660634398460399 0.78910306096076976 0.44529914855957037 0.63028588891029369 0.91736221313476574 0.75735294818878185 0.58032256364822399 0.43402501940727239 1.0000000180025095e-35 0.43303571641445165 0.9656645953655244 1.0000000180025095e-35 0.84262126684188854 1.0000000180025095e-35 0.97182539105415355 0.24068965017795566
decision_type=2 2 2 2 2 2 2 2 2 2 2 2 2 2 2 2 2 2 2 2 2 2 2 2 2 2 2 2 2 2
left_child=1 14 3 5 13 16 26 8 24 15 -11 12 -6 25 18 -10 21 -18 19 20 -1 -2 -7 -15 -4 -5 -3 28 -9 -24
right_child=2 6 7 4 11 22 -8 27 9 10 -12 -13 -14 23 -16 -17 17 -19 -20 -21 -22 -23 29 -25 -26 -27 -28 -29 -30 -31
leaf_value=0.017755654704629215 -0.04706315144258591 -0.005883523768494602 0.020568954639048481 0.041951096045266784 0.0019089356886162188 0.1148173917134527 0.076882149009724163 -0.25140292177130102 0.0058256457552407518 0.00049631821552037817 0.046724299871345035 0.079681372407344631 -0.015994671746610636 0.10947657667847387 0.059905342031132694 -0.01094335244546106 -0.059317593935044322 0.023840852155862589 0.021767552109403988 -0.07438518185686642 -0.01215147261719228 0.017866328949889383 0.023774103246919264 0.040989474409943369 0.062800350684343864 -0.051644091582033473 0.033106361196145059 0.063161255839195782 0.029278304394196528 -0.042658178732982048
leaf_weight=1095.419372884091 227.74745749565773 319.88781223772094 1399.8952718800865 72.723960993811488 4206.9098222460598 49.651880446821451 1338.5703844681848 1.7490161345340283 5348.453528765589 1817.2816276084632 1022.1077165547758 116.27710464270785 9852.7093178709038 195.01644823886454 263.12682193168439 6684.414155789651 2022.3659663586877 107.55327165545896 1227.9049741886556 131.26428501168266 2100.6072207018733 278.2509142588824 331.79973623808473 248.27778916200623 304.02660368289798 100.02200916269794 488.58055056864396 445.68402706691995 8.5763508328236639 69.115194426849484
leaf_count=16559 27111 7927 17362 962 25730 500 266270 115 46408 23365 43230 3521 351436 4188 21757 92216 219968 3754 21504 1780 47474 11362 3992 2450 5561 19603 15207 57078 519 1207
internal_value=0.000147831 0.0207452 -0.00395956 -0.0123801 -0.00738067 -0.0362375 0.0547043 0.00487104 0.00335695 0.000473073 0.0172463 -0.00984755 -0.0106274 0.0487499 0.00553891 -0.00347714 -0.0466915 -0.0549974 0.00230116 -0.0048566 -0.00183927 -0.0112196 0.0244102 0.0723606 0.0283595 -0.0112698 0.0175412 0.0589284 -0.0743362 0.011543
internal_weight=41876 6965.36 34910.6 17878.4 14791.9 3086.48 2147.04 17032.2 16576.2 14872.3 2839.39 14175.9 14059.6 616.04 4818.32 12032.9 2635.92 2129.92 4555.2 3327.29 3196.03 505.998 450.567 443.294 1703.92 172.746 808.468 456.009 10.3254 400.915
internal_count=1360116 398478 961638 675784 407890 267894 289404 285854 228142 205219 66595 380687 377166 27203 109074 138624 262195 223722 87317 65813 64033 38473 5699 6638 22923 20565 23134 57712 634 5199
is_linear=0
shrinkage=0.08


Tree=66
num_leaves=31
num_cat=0
split_feature=19 1 10 2 9 10 0 14 10 10 12 9 9 5 10 12 14 10 14 12 9 1 0 9 15 10 3 9 12 9
split_gain=501.99 501.071 360.987 484.034 456.275 524.9 320.509 297.752 225.099 223.805 223.508 214.506 198.554 117.405 177.815 160.671 117.101 117.948 90.6816 87.1383 66.4096 65.3951 93.8266 56.9807 56.7839 39.6727 33.404 30.966 50.1092 34.6156
threshold=1.0000000180025095e-35 0.84889996051788341 0.6605919897556306 0.99565216898918163 1.0000000180025095e-35 0.44838035106658941 0.50944742560386669 0.30384616553783422 0.90336728096008312 0.57395204901695263 1.0000000180025095e-35 0.56511989235878002 0.89803618192672741 1.0000000180025095e-35 0.67700320482254039 1.0000000180025095e-35 0.04446640424430371 0.55580469965934765 0.074175827205181136 1.0000000180025095e-35 0.30803118646144872 0.8216732144355775 0.44136746227741247 1.0000000180025095e-35 0.48549926280975347 0.41684396564960485 0.60660174489021312 0.30521412193775183 1.0000000180025095e-35 0.49157276749610906
decision_type=2 2 2 2 2 2 2 2 2 2 2 2 2 2 2 2 2 2 2 2 2 2 2 2 2 2 2 2 2 2
left_child=1 13 4 7 26 18 24 21 11 27 -8 -9 -10 15 19 25 -17 -18 -6 23 -20 22 -4 -15 -7 -1 -2 -3 29 -29
right_child=2 9 3 -5 5 6 10 8 12 -11 -12 -13 -14 14 -16 16 17 -19 20 -21 -22 -23 -24 -25 -26 -27 -28 28 -30 -31
leaf_value=-0.0067938367547235139 -0.044053193966171869 0.035585461931231278 0.0084849400512017024 0.077057248695679925 -0.077412919280703874 -0.061070324378014303 -0.022146939823226588 0.013425886107727889 0.014589086774642181 0.078142810831891188 0.029381779028014324 -0.017769248650231082 -0.0044558435841985499 0.012236876019088377 0.070550212674538565 0.11870508045949052 -0.045459229242239045 -0.00046519519457950659 0.11995422472457817 0.050786325206797718 -0.032657757155083462 0.010839629296875836 0.065586321407203024 -0.048271860408604476 0.025704269717450413 0.065669747890434602 0.002148540055094478 -0.035053091173446418 0.046384312069768806 0.039350399771604878
leaf_weight=52.528363494202495 97.401868855580688 386.61293875263073 273.14701474737376 519.44129234040156 1486.1294309839141 809.98003600654192 1161.9083995055407 1709.4889430976473 6108.529021105729 1110.5679286930244 995.11150717362761 7855.5195693620481 8184.502460680902 183.95671073719859 419.92562931310385 44.030346964951605 416.95122468937188 3273.6293980085757 15.132185881491749 156.27682902850211 172.1679483759217 465.1075809202157 619.79384080506861 200.44483760558069 45.966927067842335 278.48287104116753 4255.2841983307153 180.42918178252876 105.79945251950994 44.777087180875242
leaf_count=1445 2764 14498 9989 73838 303460 127016 31232 22401 79501 249509 19057 103795 124130 2277 46152 753 19829 43635 787 2986 20369 7183 6134 4672 3705 5796 26363 3125 3465 577
internal_value=5.71238e-05 0.01984 -0.00383996 0.000985545 -0.0175895 -0.0348986 -0.014831 -0.000590123 -0.00267348 0.0556559 0.0015641 -0.0121731 0.00367461 0.00673853 0.0318187 0.000741602 -0.0039808 -0.00564641 -0.0707826 0.00107333 -0.0166977 0.0357682 0.0484419 -0.019119 -0.0561022 0.0537643 0.00102859 0.0203343 0.00178044 -0.0190313
internal_weight=41629 6854.41 34774.6 25735.5 9039.08 4686.4 3012.97 25216.1 23858 1828.19 2157.02 9565.01 14293 5026.23 960.604 4065.62 3734.61 3690.58 1673.43 540.678 187.3 1358.05 892.941 384.402 855.947 331.011 4352.69 717.619 331.006 225.206
internal_count=1360443 398719 961724 426971 534753 505626 181010 353133 329827 271174 50289 126196 203631 127545 56087 71458 64217 63464 324616 9935 21156 23306 16123 6949 130721 7241 29127 21665 7167 3702
is_linear=0
shrinkage=0.08


Tree=67
num_leaves=31
num_cat=0
split_feature=19 2 10 2 2 10 3 9 11 9 9 10 3 9 5 15 3 3 4 16 4 3 16 1 4 10 10 16 3 2
split_gain=441.969 466.991 316.397 347.942 291.865 231.827 228.849 197.659 176.581 256.62 242.735 541.176 212.85 171.099 201.263 164.204 143.121 135.799 115.115 168.323 173.029 114.694 104.34 94.9654 91.4416 87.6473 57.7717 51.6289 49.4115 39.067
threshold=1.0000000180025095e-35 0.71357852220535289 0.81585493683815014 0.99565216898918163 0.49752475321292883 0.62699216604232799 0.78192934393882763 0.75503447651863109 1.0000000180025095e-35 0.49321211874485021 1.0000000180025095e-35 0.47641299664974218 0.87226107716560375 0.99206298589706432 1.0000000180025095e-35 0.54725956916809093 0.9495762586593629 0.83752354979515087 25.500000000000004 0.50352111458778392 7.5000000000000009 0.71503761410713207 0.29758481681346899 0.50274726748466503 15.500000000000002 0.97483214735984813 0.4879500567913056 0.93387979269027721 0.47140522301197058 0.21483516693115237
decision_type=2 2 2 2 2 2 2 2 2 2 2 2 2 2 2 2 2 2 2 2 2 2 2 2 2 2 2 2 2 2
left_child=1 17 4 7 6 -3 15 25 10 21 -6 -12 -11 16 -15 28 -9 18 19 24 -21 -10 -20 -8 -1 27 -19 -4 -2 -17
right_child=2 5 3 -5 8 -7 23 13 9 12 11 -13 -14 14 -16 29 -18 26 22 20 -22 -23 -24 -25 -26 -27 -28 -29 -30 -31
leaf_value=0.059597741982782532 -0.062259956457295387 0.019198945247767243 0.01562295700911628 0.077313214371260361 0.0013330113005579039 0.07795560811152881 0.103898519561921 -0.010020212019126958 0.092640631068698381 -0.021986479513722377 -0.073273785114273307 -0.0079904139959549262 0.046685524398042196 0.0021510303809585286 0.071311307592343665 0.039441854190798827 0.008125914202903128 0.0055277279633902969 -0.013791576525365151 0.008836168587121827 -0.030906087473589427 0.025262950102083681 -0.13236683430867313 -0.0014067797738131439 0.012438138746986063 0.047850019837881973 0.068350298656628783 -0.007834287676420847 -0.038112307713066181 -0.015074732972766269
leaf_weight=442.05403090128675 1060.9486300919671 744.61090559605509 3632.4575277422555 387.17701937584206 4161.5764031540602 1054.005267550936 89.063806551974267 11007.597513524815 281.99357062159106 1162.1706062823068 1121.8511416350957 2945.4736484196037 378.32061103265733 794.58790669823065 406.57684127008542 157.24306749738753 3708.2160374680534 145.94034704566002 147.73823729157448 2043.8894021394663 1058.8026271252893 403.64398624142632 68.716861099936068 124.02325296006165 675.6964549808763 478.95688918279484 295.29063154873438 706.24743019649759 1315.2760293728206 165.44191830605268
leaf_count=5116 152058 26515 37693 66950 25228 244924 2327 115181 7960 14915 222179 33063 13392 8692 21715 3805 68826 2704 1956 45731 19721 7461 1116 6358 8774 8649 41905 10095 128088 5875
internal_value=0.000210294 0.0190457 -0.00343368 0.00265578 -0.0130653 0.0538402 -0.0354554 0.00123569 -0.00679976 0.0131343 -0.0122166 -0.026104 -0.0049217 -0.00305397 0.025892 -0.0417968 -0.00543552 0.00614186 0.00187132 0.0048507 -0.00470241 0.0536762 -0.0542962 0.0432469 0.0314139 0.0154299 0.0482246 0.0117632 -0.0490692 0.0111992
internal_weight=41165.6 6676.74 34488.8 21121.8 13367 1798.62 2912 20734.6 10455 2226.13 8228.9 4067.32 1540.49 15917 1201.16 2698.91 14715.8 4878.13 4436.9 4220.44 3102.69 685.638 216.455 213.087 1117.75 4817.66 441.231 4338.7 2376.22 322.685
internal_count=1358972 398462 960510 337801 622709 271439 298511 270851 324198 43728 280470 255242 28307 214414 30407 289826 184007 127023 82414 79342 65452 15421 3072 8685 13890 56437 44609 47788 280146 9680
is_linear=0
shrinkage=0.08


Tree=68
num_leaves=31
num_cat=0
split_feature=4 16 3 16 4 3 15 3 1 12 16 2 4 16 4 4 4 10 2 10 4 2 16 4 1 1 1 2 10 4
split_gain=407.147 543.261 559.739 428.483 523.732 504.982 517.271 565.171 336.42 394.989 308.269 290.197 246.869 237.464 412.311 318.301 232.308 227.392 199.395 168.191 139.392 131.546 118.144 117.201 105.116 101.999 293.257 112.543 94.554 98.1444
threshold=4.5000000000000009 0.82404541969299328 0.45867486298084265 0.58397436141967785 13.500000000000002 0.9495762586593629 0.16774994134902957 0.46709956228733068 0.94360822439193737 1.0000000180025095e-35 0.36899313330650335 0.68133461475372326 20.500000000000004 0.96039214730262767 1.0000000180025095e-35 1.5000000000000002 24.500000000000004 0.52314186096191417 0.86222714185714733 0.56079712510108959 3.5000000000000004 0.37573529779911047 0.24037037044763568 8.5000000000000018 0.92637759447097789 0.99565216898918163 0.93127068877220165 0.74115687608718883 0.99086740612983715 8.5000000000000018
decision_type=2 2 2 2 2 2 2 2 2 2 2 2 2 2 2 2 2 2 2 2 2 2 2 2 2 2 2 2 2 2
left_child=1 17 -3 4 19 6 25 -8 13 18 16 -9 21 15 -15 -4 -6 -1 -10 -2 -19 -12 -18 -21 -7 26 -5 -27 29 -26
right_child=3 2 8 5 10 24 7 11 9 -11 12 -13 -14 14 -16 -17 22 20 -20 23 -22 -23 -24 -25 28 27 -28 -29 -30 -31
leaf_value=-0.0011866311287504602 -0.0078789995483220052 -0.052439683366526699 0.037048268304989938 -0.047315860970386439 0.039285534795231357 0.044501427575009557 -0.054130625998030792 -0.0088671282218175732 0.072299978894357089 0.063252484143794502 -0.032065363433115973 0.03637831779759719 -0.069348213211300427 0.0060298259342042616 -0.051235571159103516 -0.00073742910041084669 0.014904404101749797 0.096126509621606931 0.0031586456531517344 0.090439737061358855 0.04469078143799371 0.005901137793338793 -0.054523939420940776 0.038739363011311548 0.01153978435674558 0.072150782312544112 0.058692727771298484 -0.076774623410812842 0.064126996206507775 -0.017962450530180484
leaf_weight=472.99765178607777 413.05278450157493 1054.8000909280963 1841.7754485325422 2543.7895821782295 1200.6996916062199 481.75812294171192 1571.8511754265055 4691.5142016757745 293.36840130435303 1314.1670295635704 1061.1794538402464 1119.4320080562029 585.79033488314599 1943.3106782543473 1362.2438654769212 6239.3277248013765 296.56278071575798 514.55741603462957 2603.4294233594555 344.20997477229685 1084.2498078194913 1276.5384470727295 317.86879154737107 1724.1813807196449 2140.1749867773615 28.811023377813399 173.23677447321825 903.04031445574947 157.89628853136674 1081.2203796617687
leaf_count=19497 27423 55517 46806 98735 21622 12727 83635 107162 5056 209711 35401 16417 23658 56395 36921 178523 5071 11585 79740 5379 33829 46484 9140 27923 56527 499 3311 10927 12914 21120
internal_value=-4.93432e-05 0.00862626 0.00380297 -0.00740301 0.00857263 -0.0151591 -0.0238756 -0.0116538 0.00763226 0.0269385 -0.00699422 -9.96654e-05 -0.0230818 0.000469777 -0.0175631 0.00787216 0.0188212 0.0472146 0.0103285 0.0383182 0.0615926 -0.0112967 -0.0209054 0.0476176 0.00970271 -0.0485106 -0.0404026 -0.0716389 0.00463604 0.00157565
internal_weight=40837 18724.2 16652.4 22112.8 7220.08 14892.7 11031.7 7382.8 15597.6 4210.96 4738.64 5810.95 2923.51 11386.7 3305.55 8081.1 1815.13 2071.8 2896.8 2481.44 1598.81 2337.72 614.432 2068.39 3861.05 3648.88 2717.03 931.851 3379.29 3221.4
internal_count=1359655 733580 668669 626075 202101 423974 320686 207214 613152 294507 141376 123579 105543 318645 93316 225329 35833 64911 84796 60725 45414 81885 14211 33302 103288 113472 102046 11426 90561 77647
is_linear=0
shrinkage=0.08


Tree=69
num_leaves=31
num_cat=0
split_feature=19 3 10 10 2 3 14 18 9 10 9 10 2 2 11 14 7 6 16 12 15 12 16 12 9 5 12 16 10 14
split_gain=388.602 405.859 252.075 248.171 325.422 272.174 229.195 186.389 125.922 725.651 272.023 125.504 123.183 121.082 102.979 97.3995 72.17 93.0762 111.687 110.158 57.68 49.7547 48.5232 47.2556 59.0668 46.3419 45.4497 42.2587 44.0905 40.1388
threshold=1.0000000180025095e-35 0.83047896623611461 0.56949043273925792 0.79917696118354808 0.99565216898918163 0.52223318815231334 0.45804196596145635 1.0000000180025095e-35 1.0000000180025095e-35 0.4349838942289353 0.37338866293430334 0.98092204332351696 0.21483516693115237 0.71892556548118602 1.0000000180025095e-35 0.074175827205181136 0.20734438300132754 1.0000000180025095e-35 0.6195238232612611 1.0000000180025095e-35 0.1490086913108826 1.0000000180025095e-35 0.32466214895248419 1.0000000180025095e-35 1.0000000180025095e-35 1.0000000180025095e-35 1.0000000180025095e-35 0.2124435901641846 0.95666620135307323 0.18898809701204303
decision_type=2 2 2 2 2 2 2 2 2 2 2 2 2 2 2 2 2 2 2 2 2 2 2 2 2 2 2 2 2 2
left_child=1 13 23 5 6 12 20 11 -7 15 -11 -8 21 16 -9 -10 27 18 -18 -19 26 -2 -14 24 -3 -24 -5 28 -1 -26
right_child=3 2 -4 4 -6 8 7 14 9 10 -12 -13 22 -15 -16 -17 17 19 -20 -21 -22 -23 25 -25 29 -27 -28 -29 -30 -31
leaf_value=-0.05792273555368066 0.11942827525887424 0.02841333444977602 0.075921918987804746 -0.01031980770234789 0.077175243451571535 0.0022306212640424553 -0.0044066679375473162 -0.052033501353477618 -0.07730126779067413 0.074738781956414882 -0.0067868131478124004 0.012205259159050904 0.021827126709508701 0.05396416581067625 -0.24993270415835639 0.0060357397210658408 0.010556230030668372 -0.0064080207142139627 -0.021236862046808597 0.065082361328776497 0.038269975181456958 -0.002193938619151584 -0.062153473986884936 0.055370438254861258 -0.03186776845696758 0.0052151087406291027 0.031389574670446119 0.029530503227266035 0.031010145548864308 0.051318035770032057
leaf_weight=74.717769790440798 18.994196105049923 330.05193636193871 1026.555168045219 364.88457513228059 352.93809542548843 4312.7227849792689 15692.195267770439 260.0835067583248 1128.3913623760454 271.07466699159704 5065.3487698622048 3566.0205809241161 44.970386991277337 301.01782490243204 14.231815941166131 92.880620619514957 1144.4230175050907 287.34444579482079 1816.5584212755784 252.70130919362418 1150.1553862383589 187.03424436599016 1110.6827769537922 146.2186931441538 260.41796068847179 64.000951644498855 295.74284813553095 756.57644386729226 57.860358740203083 37.295046646147966
leaf_count=908 1089 13788 262824 1855 68389 28287 176676 1414 260594 8522 109707 79382 3617 30554 173 7540 16328 6476 34968 13465 12152 13349 168133 3970 4387 10296 9406 9291 1131 569
internal_value=-0.000184328 0.0177391 0.0499811 -0.00361409 0.00152562 -0.012693 0.00024938 -0.00226984 -0.00835358 -0.0153351 -0.00254951 -0.00131998 -0.0455228 0.00529011 -0.0671638 -0.070834 0.00185872 -0.00327783 -0.00889777 0.0270408 0.0274432 0.0108245 -0.0551772 0.0151033 0.005108 -0.0583408 0.00820737 0.0221679 -0.0182308 -0.0202429
internal_weight=40484.1 6491.74 1800.54 33992.4 21696.3 12296.1 21343.3 19532.5 10870.4 6557.7 5336.42 19258.2 1425.68 4691.2 274.315 1221.27 4390.18 3501.03 2960.98 540.046 1810.78 206.028 1219.65 773.984 627.765 1174.68 660.627 889.155 132.578 297.713
internal_count=1359240 398659 285538 960581 349447 611134 281058 257645 414650 386363 118229 256058 196484 113121 1587 268134 82567 71237 51296 19941 23413 14438 182046 22714 18744 178429 11261 11330 2039 4956
is_linear=0
shrinkage=0.08


Tree=70
num_leaves=31
num_cat=0
split_feature=4 16 3 16 0 1 3 3 4 16 19 4 0 3 1 0 0 4 16 0 1 14 4 1 4 16 0 14 3 5
split_gain=347.011 537.443 553.339 407.417 494.918 695.147 428.71 522.872 364.716 344.293 308.305 237.534 227.143 255.033 189.931 289.069 216.781 186.998 277.794 285.45 184.661 173.503 147.859 134.551 125.094 124.745 181.803 110.501 101.709 94.5271
threshold=5.5000000000000009 0.80673459172248851 0.44281046092510229 0.61167800426483165 0.56440424919128429 0.62115561962127697 0.93643954396247875 0.71937501430511486 16.500000000000004 0.32466214895248419 1.0000000180025095e-35 3.5000000000000004 0.63373982906341564 0.62115561962127697 0.94932374358177196 0.88036698102951061 0.91545844078063976 8.5000000000000018 0.47871376574039465 0.42163743078708654 0.78319624066352855 0.078461539000272765 22.500000000000004 0.52344325184822094 24.500000000000004 0.71081870794296276 0.37248718738555914 0.074175827205181136 0.58397436141967785 1.0000000180025095e-35
decision_type=2 2 2 2 2 2 2 2 2 2 2 2 2 2 2 2 2 2 2 2 2 2 2 2 2 2 2 2 2 2
left_child=1 11 -3 8 -5 12 7 -7 17 24 20 28 13 -6 16 -16 -12 23 -19 -20 29 -13 -11 -2 -10 -23 -27 -22 -1 -4
right_child=3 2 10 4 5 6 -8 -9 9 22 14 21 -14 -15 15 -17 -18 18 19 -21 27 25 -24 -25 -26 26 -28 -29 -30 -31
leaf_value=0.16625719307853851 0.10152162377280666 -0.053782879104526303 -0.0085957311186196598 -0.048130019016504752 0.067781063388071744 0.014001135898524813 0.0040073258381503 -0.054023567070907455 0.04040399363841634 -0.023338172807887535 -0.0072872225429064363 -0.0085564563229833211 0.077343448215643568 -0.027587918867595422 0.06790656611649816 0.0074685531108782911 0.027594134218734311 0.042388584118107454 -0.037796355835704877 0.016481501021409516 0.020629588294973647 0.084912545348254986 -0.075218512887015809 0.017535232018074286 -0.01074705210968703 -0.03924315726554424 0.042970484869376588 0.072686241343008565 0.069245686743558729 0.041918384275027157
leaf_weight=108.24617598205805 284.61689346306957 1056.4178371713497 686.10812422819436 2623.3253266222309 302.73247911268845 965.7268955539912 2954.5335834797006 2814.1664256472141 694.01008545537479 1521.3497113350313 10309.001104546711 540.50542557216249 656.68532378179953 423.52765102451667 601.10974452435039 3148.5464442167431 1275.9477602555417 1472.8521861075424 890.83797512692399 2009.4463778934442 414.08686438854784 360.8558918449562 462.97857470973395 224.39738631993532 534.22051172377542 192.79485301161185 1278.678352717543 777.80335960304365 244.95953911333345 353.73557848087512
leaf_count=1547 4785 58190 13467 130857 4777 18790 75073 56636 11231 54853 234911 23522 11056 9963 24394 139700 31320 30372 37230 59477 15615 7953 19077 7479 10880 7019 35125 195197 7138 22805
internal_value=0.000180226 0.00716622 0.0022962 -0.00772928 -0.0179438 -0.00814504 -0.0187746 -0.0366061 0.00580707 -0.0150844 0.00569218 0.0403117 0.043383 0.0121383 0.00163352 0.0172776 -0.00342139 0.0195882 0.014158 -0.000171519 0.0334424 0.0309678 -0.0356818 0.0653385 0.0180727 0.0427054 0.0319939 0.0548961 0.101329 0.00855347
internal_weight=40184.2 21348.8 18622.8 18835.4 10740.7 8117.37 6734.43 3779.89 8094.71 3212.56 17566.3 2726.04 1382.95 726.26 15334.6 3749.66 11584.9 4882.15 4373.14 2900.28 2231.73 2372.83 1984.33 509.014 1228.23 1832.33 1471.47 1191.89 353.206 1039.84
internal_count=1360439 817903 735599 542536 307152 176295 150499 75426 235384 96041 677409 82304 25796 14740 430325 164094 266231 139343 127079 96707 247084 73619 73930 12264 22111 50097 42144 210812 8685 36272
is_linear=0
shrinkage=0.08


Tree=71
num_leaves=31
num_cat=0
split_feature=4 16 0 16 0 1 2 15 4 6 0 16 0 1 1 12 16 4 15 4 0 7 4 16 0 4 4 16 16 16
split_gain=321.752 464.565 401.416 341.111 452.772 612.613 578.417 395.73 316.222 306.288 270.573 253.321 282.979 263.618 204.882 343.557 299.603 338.014 197.802 171.116 170.897 168.66 158.464 171.113 156.248 146.568 116.508 245.119 115.649 106.444
threshold=4.5000000000000009 0.80795574188232433 0.3948992937803269 0.6195238232612611 0.55775830149650585 0.60922586917877208 0.60910972952842724 0.19559524208307269 13.500000000000002 1.0000000180025095e-35 0.63373982906341564 0.36899313330650335 0.40862709283828741 0.4817046076059342 0.94932374358177196 1.0000000180025095e-35 0.90098038315773021 3.5000000000000004 0.37552182376384741 22.500000000000004 0.87559524178504955 0.40224719047546392 9.5000000000000018 0.53529900312423717 0.94360822439193737 3.5000000000000004 6.5000000000000009 0.71081870794296276 0.26365442574024206 0.44529914855957037
decision_type=2 2 2 2 2 2 2 2 2 2 2 2 2 2 2 2 2 2 2 2 2 2 2 2 2 2 2 2 2 2
left_child=1 25 -3 8 26 10 9 -8 18 -7 21 19 29 -14 16 20 17 -4 -2 -10 -16 -6 -20 -24 -18 -1 27 -5 -21 -13
right_child=3 2 14 4 5 6 7 -9 11 -11 -12 12 13 -15 15 -17 24 -19 22 28 -22 -23 23 -25 -26 -27 -28 -29 -30 -31
leaf_value=0.09713411784444928 0.0053576012976809416 -0.044778937461856877 0.039873666114535265 0.064374983841927483 0.059535833683845435 -0.15406129685639516 -0.017553771143213551 0.028165536929017469 0.04058196503918346 -0.038680160539914368 0.075245273269307883 -0.024756837517522522 0.051703493250743485 -0.01736962040724355 0.061204249744816003 0.059929416978019352 -0.0092214051207406417 -0.0066342581045758442 0.081075463056923355 0.017468102530114073 0.00073281486953846167 -0.015114972484164619 0.053247747242688333 -0.0075619111529271945 0.052562571817179576 0.036716492328968717 -0.054079806315427394 -0.037910554408961669 -0.041760656066700992 -0.070857326945557825
leaf_weight=349.58567038690671 1687.6821044508833 997.5875884166453 2301.8661413430236 175.41106691840105 280.12051482405514 264.02278450550511 6610.6003644312732 1476.5268627412152 950.09656910737976 346.43005046923645 717.74833145737648 653.54625159036368 466.05481917550787 1413.3229335767683 335.65349804330617 1148.3245453187265 7521.2031465945765 1754.3432977078483 516.7417662080843 468.07822550949641 2500.8165461774915 594.83431471395306 696.77202692511491 503.32911223056726 265.84563901624642 1047.9384438374545 1886.9132219641469 868.19439301337115 373.58871602662839 669.78954635001719
leaf_count=8750 64517 55718 67192 5020 4917 4835 160746 21290 16907 13500 12915 18574 14129 53042 10090 208492 206479 55884 6924 8089 74576 13341 8746 12054 11289 35747 99528 43246 10980 33171
internal_value=0.000156435 0.00798967 0.00429065 -0.00643906 -0.0144499 -0.00652224 -0.0148921 -0.00917444 0.00615284 -0.089689 0.0389883 -0.00663759 -0.0201258 -6.39741e-05 0.00740661 0.0230899 0.00210879 0.0197358 0.0249457 0.017372 0.00804011 0.00880546 0.0440367 0.0276855 -0.00705922 0.0522362 -0.0421744 -0.0203407 -0.00872401 -0.0483894
internal_weight=39843 18223.2 16825.6 21619.8 13220.8 10290.3 8697.58 8087.13 8399 610.453 1592.7 4994.48 3202.71 1879.38 15828.1 3984.79 11843.3 4056.21 3404.53 1791.76 2836.47 874.955 1716.84 1200.1 7787.05 1397.52 2930.52 1043.61 841.667 1323.34
internal_count=1360688 734217 689720 626471 379338 231544 200371 182036 247133 18335 31173 154892 118916 67171 634002 293158 340844 123076 92241 35976 84666 18258 27724 20800 217768 44497 147794 48266 19069 51745
is_linear=0
shrinkage=0.08


Tree=72
num_leaves=31
num_cat=0
split_feature=19 1 10 10 3 18 0 7 1 13 3 9 10 5 10 6 15 11 16 1 0 9 5 1 11 9 1 10 16 7
split_gain=277.849 357.966 216.356 203.884 198.222 193.885 184.432 365.046 314.935 286.159 131.145 118.166 115.316 95.8349 139.527 97.6585 93.5846 90.5433 83.5194 83.9772 78.9332 67.697 106.922 97.0743 63.5216 39.0385 37.5017 33.5026 29.3113 26.7539
threshold=1.0000000180025095e-35 0.84889996051788341 0.97989273071289074 0.62699216604232799 0.88047617673873912 1.0000000180025095e-35 0.44136746227741247 0.37248718738555914 0.27812939882278448 1.0000000180025095e-35 0.49657534062862402 0.81835731863975536 0.49545417726039892 1.0000000180025095e-35 0.67700320482254039 1.0000000180025095e-35 0.48549926280975347 1.0000000180025095e-35 0.66939890384674083 0.62115561962127697 0.7320508360862733 0.99206298589706432 1.0000000180025095e-35 0.98425099253654491 1.0000000180025095e-35 1.0000000180025095e-35 0.74849396944046032 0.99086740612983715 0.70087718963623058 0.80982521176338207
decision_type=2 2 2 2 2 2 2 2 2 2 2 2 2 2 2 2 2 2 2 2 2 2 2 2 2 2 2 2 2 2
left_child=1 13 5 29 11 6 8 12 16 -9 -10 -4 -8 15 24 18 -2 -7 19 -1 -20 23 -23 -13 25 -15 -19 28 -6 -3
right_child=2 3 4 -5 27 17 7 9 10 -11 -12 21 -14 14 -16 -17 -18 26 20 -21 -22 22 -24 -25 -26 -27 -28 -29 -30 -31
leaf_value=0.011748064475415961 -0.051193336401754046 0.0081894597371021914 0.040762788510913063 0.077940158779525814 -0.016736008918828954 -0.051132035421504289 -0.017247276472175912 -0.0053407006839181117 -0.054328664041368463 0.070265306074627262 -0.011453527088306062 -0.0082031371287091797 0.046081920548004474 0.012121044220715445 0.067904705169912913 0.10713966274505417 0.010350516641886709 0 -0.019286425830354469 -0.08276547222072568 0.048890202637248262 0.00019253830080536699 0.066494119824630951 -0.10155791001635532 0.049919281278048067 -0.038081202703065323 -0.25271313544581281 0.058934179488909423 0.03976899151511442 0.044723100470815284
leaf_weight=1992.0381212788634 169.81611637375318 518.48283176729456 484.98241153894924 780.21109998575412 75.736981973983347 334.97064707824029 208.9649782886263 23489.830156565877 1484.1708798559848 319.58461295021698 678.04747630469501 1376.8282424551435 1248.6619760405738 180.13181035593152 344.46183810546063 48.10508812055923 1615.1167409075424 3.1120887566357878 1660.1332864295691 56.743918668013066 110.37609376944602 747.19705238053575 193.29362546443008 70.811413256218657 127.79118557274342 201.99663862073794 16.678498661145568 609.70961777167395 192.04005846870132 174.56604639929719
leaf_count=29469 35887 18087 7397 244891 1386 3865 33192 547844 135944 11516 44331 17618 18582 2292 46233 1025 26008 140 30936 1308 8399 7636 7070 2201 2726 4918 195 51347 9346 7983
internal_value=2.6727e-05 0.0155813 -0.0028624 0.0499488 0.0152149 -0.00516296 -0.00443747 -0.00191639 -0.0205125 -0.00430461 -0.0410148 0.00495764 0.0368657 0.00478281 0.0289513 -0.000545652 0.00427928 -0.0635697 -0.00208212 0.00885735 -0.0148204 -0.00231679 0.0142679 -0.0132136 0.00192292 -0.0141521 -0.214861 0.0483999 0.023187 0.0178752
internal_weight=39514.6 6195.04 33319.6 1473.26 3750.6 29569 29214.2 25267 3947.15 23809.4 2162.22 2873.11 1457.63 4721.78 854.381 3867.4 1784.93 354.761 3819.29 2048.78 1770.51 2388.13 940.491 1447.64 509.92 382.128 19.7906 877.487 267.777 693.049
internal_count=1359772 398267 961505 270961 104001 857504 853304 611134 242170 559360 180275 41922 51774 127306 56169 71137 61895 4200 70112 30777 39335 34525 14706 19819 9936 7210 335 62079 10732 26070
is_linear=0
shrinkage=0.08


Tree=73
num_leaves=31
num_cat=0
split_feature=10 9 2 9 14 10 14 9 14 9 5 9 14 2 14 10 2 2 7 15 9 12 19 9 9 10 6 19 2 5
split_gain=277.34 576.93 482.714 354.705 285.788 205.975 281.083 231.181 269.777 175.622 172.169 130.057 105.799 95.4481 89.138 73.0838 68.471 67.9048 57.8762 57.6515 55.2553 53.8921 35.8157 51.2453 33.3595 31.4827 26.0091 24.8422 23.7781 19.0743
threshold=0.54071050882339489 0.28136573731899267 0.99565216898918163 0.49668815732002264 0.078461539000272765 0.87194395065307628 0.25833334028720861 0.8740118443965913 0.79285714030265819 0.39352983236312872 1.0000000180025095e-35 0.5085725486278535 0.14642857760190967 0.39369101822376257 0.074175827205181136 0.62699216604232799 0.47856706380844122 0.53036636114120495 0.39052423834800726 0.15988703817129138 0.38307815790176397 1.0000000180025095e-35 1.0000000180025095e-35 1.0000000180025095e-35 0.34217563271522528 0.58381736278533947 1.0000000180025095e-35 1.0000000180025095e-35 0.4530817717313767 1.0000000180025095e-35
decision_type=2 2 2 2 2 2 2 2 2 2 2 2 2 2 2 2 2 2 2 2 2 2 2 2 2 2 2 2 2 2
left_child=1 14 3 12 11 6 15 13 -9 17 -8 21 19 -7 22 -5 -11 26 -18 -2 -14 -3 -1 29 -19 -22 -6 -13 -23 -24
right_child=2 4 -4 5 9 7 10 8 -10 16 -12 27 20 -15 -16 -17 18 24 -20 -21 25 28 23 -25 -26 -27 -28 -29 -30 -31
leaf_value=0.022258966148493417 0.024569682236668638 -0.072859684042101455 0.071966079849075965 -0.0040670588066360602 -0.024088760180883968 -0.0016148814930103282 -0.027577114474984513 0.017825416285798062 -0.010159400597782834 -0.05530021722899077 -0.0036710803684275022 0.086168284883451615 0.059006251002710675 0.02042985172607403 0.12939702878372975 0.028771555184713551 0.12254412381955045 0.10386566045034364 -0.015708437191409651 0.11049874618237952 -0.011960055984433617 -0.064185812090311031 0.022783793606932685 -0.062838502627244261 0.035452929145835213 0.02383338084538271 0.070221116377256879 0 -0.016271126077313354 0.00030718852626216022
leaf_weight=540.00236101541668 85.606937061529607 1382.8868394026067 645.0020552072674 642.93589991610497 110.63597597531043 1587.0447015510872 4153.4733222192153 3017.2901582540944 8130.4442517047282 378.26613572984934 3630.1672281709034 26.866009179502726 280.47488205670379 5796.0863270785194 30.996380490250885 1272.8972776896553 14.954056502319871 82.413546251598746 525.7275450413581 155.07164882239886 163.44802347570658 108.15669342223555 253.06413074675947 75.202215754892677 136.81224025576375 1759.9017925699009 16.948083226568997 68.220358365681022 204.1484581856057 4077.0626311767846
leaf_count=16795 3734 291249 155255 33614 13352 15091 104071 81383 153002 58534 88302 331 9310 126528 729 36288 637 1477 16550 4461 9572 29174 2667 18281 3041 44161 865 7369 8274 26641
internal_value=0.000330303 -0.0129223 0.00373571 0.00228432 -0.0402556 -0.000243846 -0.00969159 0.00469397 -0.00256598 -0.0109413 -0.0164578 -0.0608039 0.031487 0.0156717 0.00385497 0.017686 -0.0293159 0.0370161 -0.0105036 0.081708 0.0257575 -0.0659379 0.00290588 0.000474762 0.0636275 0.0206855 -0.00817827 0.0278473 -0.034119 0.00168245
internal_weight=39352.2 8032.36 31319.8 30674.8 3056.04 28230.3 9699.47 18530.9 11147.7 1265.76 7783.64 1790.28 2444.5 7383.13 4976.33 1915.83 918.948 346.81 540.682 240.679 2203.82 1695.19 4945.33 4405.33 219.226 1923.35 127.584 95.0864 312.305 4330.13
internal_count=1360738 495966 864772 709517 430853 638279 262275 376004 234385 94456 192373 336397 71238 141619 65113 69902 75721 18735 17187 8195 63043 328697 64384 47589 4518 53733 14217 7700 37448 29308
is_linear=0
shrinkage=0.08


Tree=74
num_leaves=31
num_cat=0
split_feature=4 16 16 3 19 7 4 16 15 0 16 0 15 4 12 5 5 0 3 2 7 14 7 15 7 4 4 16 16 0
split_gain=263.883 453.611 420.689 516.198 252.401 213.509 210.051 236.587 204.698 192.519 184.445 272.17 283.063 255.458 183.315 492.987 207.688 155.012 154.781 147.53 140.588 139.148 118.173 84.9188 80.909 80.0669 77.4179 76.4644 62.0367 55.8297
threshold=8.5000000000000018 0.58658170700073253 0.67962265014648449 0.44281046092510229 1.0000000180025095e-35 0.80982521176338207 21.500000000000004 0.28165064752101904 0.43055050075054174 0.42163743078708654 0.44529914855957037 0.44136746227741247 0.26880313456058508 12.500000000000002 1.0000000180025095e-35 1.0000000180025095e-35 1.0000000180025095e-35 0.81284341216087352 0.95419579744339 0.73735308647155773 0.15504807978868487 0.18898809701204303 0.69860395789146434 0.40769839286804205 0.36461389064788824 7.5000000000000009 30.500000000000004 0.24037037044763568 0.16823899745941165 0.40862709283828741
decision_type=2 2 2 2 2 2 2 2 2 2 2 2 2 2 2 2 2 2 2 2 2 2 2 2 2 2 2 2 2 2
left_child=2 6 8 20 19 9 10 26 -1 -3 23 13 -13 -12 16 -16 -6 22 -19 24 -4 -21 -11 -2 -5 -10 28 -25 -8 -22
right_child=1 5 3 4 14 -7 7 -9 25 17 11 12 -14 -15 15 -17 -18 18 -20 21 29 -23 -24 27 -26 -27 -28 -29 -30 -31
leaf_value=0.022632612649262227 -0.00054448874570322615 -0.072247467202844806 0.035139367960051272 0.043581925391036745 0.022944492664781279 0.088297491676947545 -0.038055112091273442 -0.052283262709947986 0.10965906684306199 -0.021288210591156206 0.016035758432212326 -0.0036588482035744712 0.059080061183644846 -0.057855078757771523 -0.008996987112426311 0.028766228435126981 -0.0078980026359282106 -0.096868563603121571 -0.02471577625915037 0.019329823796853478 -0.050842526953619689 0.074728640579365499 0.025886343137732543 -0.02571889393286032 0.001444515178486201 0.042770024364126469 -0.03483310172930202 0.04359944649628069 0.04352381681033396 0.039297446339283025
leaf_weight=856.55714737647213 432.97616335540079 582.67221008916385 135.98158843512647 384.22424314846285 1599.9110407989938 96.025218939641491 64.448712597833946 777.67453285050578 341.32159433118068 3546.4639691077173 480.85771428025328 1318.3397178568412 698.19474580325186 769.17120030079968 4126.0379089869093 4749.2651211204939 10724.315293490421 334.11760430294089 462.8985645850189 554.22321747534443 1452.6210321385879 638.62228872405831 368.63261550641619 103.04766636667773 1199.3234061752446 199.98664210783318 145.89023564010859 1504.6141594767105 382.33381304773502 39.844938760623336
leaf_count=31899 25646 42136 2456 8094 43089 1808 1444 29133 3917 97181 13993 52513 9792 36820 87693 196448 246962 3594 9382 27388 87686 209022 6542 1447 52722 2839 3011 16883 6099 2341
internal_value=0.000386925 -0.00944065 0.00478611 0.00244191 0.00541133 -0.0266956 0.00447492 -0.0233551 0.0474485 -0.0288926 0.0117061 -4.14937e-05 0.0180768 -0.0293528 0.00242963 0.0111973 -0.00387342 -0.0234268 -0.0555778 0.0280757 -0.0410621 0.0493108 -0.0167782 0.0305435 0.0118742 0.0858574 0.0144551 0.0389911 0.0311109 -0.048206
internal_weight=39070.6 12068.4 27002.2 25604.4 23975.9 5390.81 6677.55 1370.35 1397.87 5294.78 5307.2 3266.56 2016.53 1250.03 21199.5 8875.3 12324.2 4712.11 797.016 2776.39 1628.45 1192.85 3915.1 2040.64 1583.55 541.308 592.673 1607.66 446.783 1492.47
internal_count=1359980 357424 1002556 963901 871418 160643 196781 39687 38655 158835 157094 113118 62305 50813 574192 284141 290051 116699 12976 297226 92483 236410 103723 43976 60816 6756 10554 18330 7543 90027
is_linear=0
shrinkage=0.08


Tree=75
num_leaves=31
num_cat=0
split_feature=4 16 3 16 0 4 16 15 3 0 3 3 10 10 4 16 19 4 10 18 4 4 10 16 4 3 4 16 15 15
split_gain=271.438 425.697 310.42 250.168 376.132 269.19 267.078 253.471 442.651 440.771 295.334 239.473 224.216 193.853 192.24 203.338 191.551 147.07 145.126 104.014 101.17 100.596 100.251 96.3132 91.6619 83.215 80.4983 173.232 80.1943 78.9104
threshold=4.5000000000000009 0.83899769186973583 0.46709956228733068 0.63299319148063671 0.47673159837722784 16.500000000000004 0.32466214895248419 0.28572742640972143 0.9569842815399171 0.64326766133308422 0.73375529050827037 0.61167800426483165 0.58851018548011791 0.55078604817390453 7.5000000000000009 0.52803984284400951 1.0000000180025095e-35 3.5000000000000004 0.97989273071289074 1.0000000180025095e-35 28.500000000000004 22.500000000000004 0.83960041403770458 0.40175439417362219 14.500000000000002 0.83910790085792553 6.5000000000000009 0.71081870794296276 0.053970633074641235 0.10651258379220964
decision_type=2 2 2 2 2 2 2 2 2 2 2 2 2 2 2 2 2 2 2 2 2 2 2 2 2 2 2 2 2 2
left_child=1 13 -3 5 26 12 20 8 10 11 -6 -9 -2 -1 -14 -16 22 -15 19 -18 -7 23 29 -8 -11 -23 27 -5 -10 -4
right_child=3 2 16 4 7 6 21 9 28 24 -12 -13 14 17 15 -17 18 -19 -20 -21 -22 25 -24 -25 -26 -27 -28 -29 -30 -31
leaf_value=-0.0014209252777634838 -0.018369659006295235 -0.044263916045450741 0.033891144796052604 0.052988948177334322 0.0002695041696263678 0.02727469748350916 0.0087798837510985588 0.022390850896420275 0.0053469996247476727 0.062050983434342975 -0.041074506371092764 -0.038908602945244473 0.079701089501876959 0.083774318524537761 0.036274632262423653 0.00077617480076735707 -9.9206888688705035e-05 0.034970531827463666 0.028875035928576164 -0.065630624687108535 -0.028706630724012326 -0.083380311628508882 0.05784710634486432 -0.035383998576939676 -0.12615077176557674 0.003897497521458649 -0.065373821878175947 -0.048751977866303343 0.051893371168473978 -0.0081641606531152912
leaf_weight=589.9451197667513 1044.0797955195885 858.48877071216702 677.12756511941552 129.7333614078816 1560.2471974585205 947.88795419060625 435.60176651133224 746.05703088454902 2786.9586230523419 890.1151102327276 3727.8070539936889 883.96437616157345 345.57797951041721 596.52813520946074 1980.5512156747282 2172.1184627788607 11317.275111596333 1257.7082131266361 1137.7954864636995 152.24408481968567 256.88200492761098 351.5283386799274 561.69122146256268 1083.3412037484813 11.828600958688183 82.134831034345552 921.72889356152155 506.0255486422684 255.74868342129048 479.64788291603327
leaf_count=26867 85146 55189 71277 3781 65109 16298 10894 9326 75650 15156 81153 8484 5510 14823 29826 45014 307041 41975 60778 1776 5619 15297 136752 45847 142 3949 65044 31496 7766 16673
internal_value=-1.81201e-05 0.0073055 0.00230139 -0.00613888 -0.0134268 0.00424918 -0.0143554 -0.0081262 -0.0148711 0.0139885 -0.0288569 -0.0107715 0.0148802 0.0382596 0.0226451 0.0177684 0.0051175 0.0509404 0.00168367 -0.00101122 0.0151367 -0.0326262 0.0301386 -0.0226265 0.0587245 -0.0666293 -0.0501495 -0.0274895 0.00939058 0.0163554
internal_weight=38748.4 17628.5 15184.3 21119.9 12420.2 8699.7 3157.38 10862.7 8330.76 2531.97 5288.05 1630.02 5542.33 2444.18 4498.25 4152.67 14325.8 1854.24 12607.3 11469.5 1204.77 1952.61 1718.47 1518.94 901.944 433.663 1557.49 635.759 3042.71 1156.78
internal_count=1359658 733151 649486 626507 363107 263400 97904 262786 229678 33108 146262 17810 165496 83665 80350 74840 594297 56798 369595 308817 21917 75987 224702 56741 15298 19246 100321 35277 83416 87950
is_linear=0
shrinkage=0.08


Tree=76
num_leaves=31
num_cat=0
split_feature=2 14 19 3 14 18 4 16 16 3 7 4 6 11 4 16 2 16 3 11 9 1 14 2 9 9 3 7 19 16
split_gain=237.773 260.825 167.573 232.301 201.596 160.246 147.973 250.332 213.232 336.414 187.572 114.298 98.6643 76.745 74.328 70.3649 55.3592 72.75 43.881 41.3576 37.8591 35.8359 35.2675 31.826 28.1092 20.3983 19.003 18.5227 14.6615 11.5896
threshold=0.98529094457626354 0.16228070110082629 1.0000000180025095e-35 0.84660634398460399 0.18898809701204303 1.0000000180025095e-35 8.5000000000000018 0.59491634368896495 0.70638945698738109 0.44281046092510229 0.80673459172248851 14.500000000000002 1.0000000180025095e-35 1.0000000180025095e-35 25.500000000000004 0.24037037044763568 0.71892556548118602 0.48304596543312078 0.89943820238113414 1.0000000180025095e-35 0.24626532942056659 0.74849396944046032 0.34313726425170904 0.7320508360862733 0.28136573731899267 0.5085725486278535 0.92031747102737438 0.57712131738662731 1.0000000180025095e-35 0.9569842815399171
decision_type=2 2 2 2 2 2 2 2 2 2 2 2 2 2 2 2 2 2 2 2 2 2 2 2 2 2 2 2 2 2
left_child=2 18 3 14 19 6 8 11 12 -10 -9 -8 -4 23 16 -16 17 -1 29 20 -5 -15 -18 26 27 -26 -7 -20 -29 -2
right_child=1 -3 5 4 -6 13 7 10 9 -11 -12 -13 -14 21 15 -17 22 -19 24 -21 -22 -23 -24 -25 25 -27 -28 28 -30 -31
leaf_value=0.022639396927721003 -0.017310707974339808 0.073342229241308357 0.053000206197315387 0.018096935479258131 0.074772574993413041 -0.024839886201145914 0.015246901740211885 -0.027555855379286048 -0.047885487888267173 0.00083705942701358196 0.084582982327307904 -0.0091630371077082978 0.012784030549527843 0.0036442817862999727 0.0003829985625186983 -0.089562581412064635 0.010419168500885258 -0.0027368924992329418 -0.07623859979419817 0.05273284985869757 -0.028333496121230185 -0.22518106352830533 0.07204601972545964 -0.059533531892574633 -0.038600893651652438 0.018227513642137143 0.053568035063996704 0.044278147030063948 0.0050238081931952153 0.062937769209554045
leaf_weight=939.7875645768363 7.5805919014383099 574.84693906549364 633.6372125094058 238.40758342342451 612.37699925457127 65.518182982341386 2099.8985969885252 4316.5274840093916 947.27218777278904 18974.973020930775 92.213877890026197 2937.7985992404865 1054.0194324040785 3.5256259236484793 111.28034618683159 99.715405901893973 129.19736533449031 3047.877925548004 11.131685309577732 99.605684229987673 202.31024774792604 18.736997565254569 121.44421754695941 240.45509642758407 169.0095165342791 45.09626898332499 22.283282462973148 66.272127746371552 552.83957003662363 89.241905734874308
leaf_count=12206 224 153384 19042 9724 176310 1625 57644 120360 75192 461238 992 99275 27561 152 1481 1639 7149 69814 165 8085 4653 179 21300 1732 15210 2224 187 3840 4968 2040
internal_value=0.000110768 0.0311143 -0.00115896 0.0115745 0.0435088 -0.00343678 -0.00281954 -0.01117 0.000825069 -0.00148303 -0.0250809 0.000985229 0.0280898 -0.0568662 0.00322565 -0.0424733 0.00558575 0.00322442 0.0049021 0.00742177 -0.0029366 -0.189052 0.0417304 -0.0447192 -0.000889355 -0.0257583 -0.00140248 0.00744348 0.00980318 0.0545419
internal_weight=38524.9 1516.02 37008.9 5602 1152.7 31406.9 31056.3 9446.44 21609.9 19922.2 4408.74 5037.7 1687.66 350.519 4449.3 210.996 4238.31 3987.67 941.172 540.324 440.718 22.2626 250.642 328.257 844.349 214.106 87.8015 630.243 619.112 96.8225
internal_count=1359595 182055 1177540 312361 198772 865179 861304 278271 583033 536430 121352 156919 46603 3875 113589 3120 110469 82020 28671 22462 14377 331 28449 3544 26407 17434 1812 8973 8808 2264
is_linear=0
shrinkage=0.08


Tree=77
num_leaves=31
num_cat=0
split_feature=10 9 2 14 9 0 3 1 10 10 14 14 9 9 14 12 14 7 3 0 2 0 15 1 14 10 9 12 0 1
split_gain=205.122 480.319 363.033 318.245 303.175 178.355 168.745 634.741 237.791 202.924 241.12 227.055 125.061 118.601 81.3315 72.0122 47.662 45.9594 43.5726 44.4281 38.2864 33.7063 32.3864 26.1147 20.0523 18.8088 17.6079 27.9188 18.4234 87.5893
threshold=0.54071050882339489 0.26246066391468054 0.99565216898918163 0.078461539000272765 0.49157276749610906 0.45035210251808172 0.83752354979515087 0.72834226489067089 0.99292451143264782 0.79917696118354808 0.25833334028720861 0.38675214350223547 0.34382070600986486 0.5085725486278535 0.1702898591756821 1.0000000180025095e-35 0.074175827205181136 0.39052423834800726 0.88774341344833385 0.42163743078708654 0.75123763084411632 0.48404073715209966 0.20551861822605136 0.64549729228019725 0.12771739065647128 0.66802722215652477 1.0000000180025095e-35 1.0000000180025095e-35 0.65030118823051464 0.65648320317268383
decision_type=2 2 2 2 2 2 2 2 2 2 2 2 2 2 2 2 2 2 2 2 2 2 2 2 2 2 2 2 2 2
left_child=1 16 4 13 14 -5 9 23 -9 10 -6 -11 -7 15 22 -3 26 -14 19 -16 -20 -17 -2 -8 -24 -4 28 -28 29 -1
right_child=2 3 25 5 6 12 7 8 -10 11 -12 -13 17 -15 18 21 -18 -19 20 -21 -22 -23 24 -25 -26 -27 27 -29 -30 -31
leaf_value=-0.016601279542500635 0.033296768995255313 -0.072731114303194858 0.033911863369134383 -0.055095669924410465 0.0095429664449509406 0.087816406670234798 0.078304161598712604 -0.002001637542859396 0.049797034493291266 0.041455190698303536 -0.035191076954187994 -0.0034668562044829314 0.055606285091766128 0.026433983092229964 0.0074758776092814184 -0.067095599601079053 0.12432755895536403 -0.0059970371118278076 0.040680707535925197 0.039537817987910152 -0.008875675558628204 -0.00888123982692938 0.12119516235432391 0.047288254142747337 0.057952938855700929 0.075615544519830588 -0.056877381613411687 0.05096038949825344 0.0018532398096542293 0.040855187201896549
leaf_weight=290.06971661373973 133.20793131284881 1308.9807373726508 115.7295392077649 336.12055389885791 1082.8449999799486 117.88090469874442 655.40040307468735 9296.0313989340793 598.8856004178524 759.21165085048415 2616.7552906589117 12430.13886608847 82.183005809318274 92.139603570336476 399.80842771218158 92.782015988137573 15.994579998077823 688.15066319936886 127.56256549002137 1026.1428977099713 391.63504306762479 211.52174898865633 82.653191171586514 326.24297805549577 104.51967056142166 428.5981130625587 62.967555901966989 14.125291359610854 4089.2030224213377 388.55170324537903
leaf_count=6298 5649 301242 5545 64278 49276 2672 20465 270010 51282 10298 81856 150245 5865 7544 19879 29741 344 22154 3834 18126 13024 8227 2410 8891 3871 149368 8803 331 35554 3213
internal_value=1.59209e-05 -0.011564 0.00297314 -0.0371259 0.00178848 -0.00581797 -0.000504168 0.00725911 0.00114086 -0.00551389 -0.0220594 -0.000854176 0.0128547 -0.0594257 0.029896 -0.0644948 0.0038321 0.00068496 0.0234996 0.0307176 0.00326658 -0.0279457 0.0672812 0.0684503 0.0891392 0.0674296 0.00327355 -0.0332695 0.00393219 0.0161202
internal_weight=38366 7790.67 30575.4 2929.76 30031 1224.34 27765.5 10876.6 9894.92 16889 3699.6 13189.4 888.215 1705.42 2265.53 1613.28 4860.91 770.334 1945.15 1425.95 519.198 304.304 320.381 981.643 187.173 544.328 4844.92 77.0928 4767.82 678.621
internal_count=1360295 496266 864029 441723 709116 94969 642323 350648 321292 291675 131132 160543 30691 346754 66793 339210 54543 28019 54863 38005 16858 37968 11930 29356 6281 154913 54199 9134 45065 9511
is_linear=0
shrinkage=0.08


Tree=78
num_leaves=31
num_cat=0
split_feature=10 9 2 9 14 10 14 9 14 10 9 14 9 2 9 12 2 7 2 19 9 12 16 10 10 19 1 7 10 2
split_gain=191.273 479.679 336.589 273.741 255.364 162.659 189.103 176.513 207.892 143.607 139.566 90.6706 86.2547 69.8117 62.6938 57.2802 52.3991 54.1741 49.3949 48.4381 40.202 52.5766 33.8698 41.1292 31.3744 29.7435 26.6419 22.5818 21.8816 21.6903
threshold=0.53231608867645275 0.28639781475067144 0.99565216898918163 0.51295477151870739 0.078461539000272765 0.89326858520507824 0.25833334028720861 0.88019138574600231 0.79285714030265819 0.75620004534721386 0.39352983236312872 0.069047622382640853 0.5085725486278535 0.39369101822376257 0.38901458680629736 1.0000000180025095e-35 0.48528139293193823 0.40758720040321356 0.49752475321292883 1.0000000180025095e-35 1.0000000180025095e-35 1.0000000180025095e-35 0.93387979269027721 0.58381736278533947 0.45176798105239874 1.0000000180025095e-35 0.64549729228019725 0.41060766577720648 0.66802722215652477 0.64747309684753429
decision_type=2 2 2 2 2 2 2 2 2 2 2 2 2 2 2 2 2 2 2 2 2 2 2 2 2 2 2 2 2 2
left_child=1 11 3 14 12 6 15 13 -9 -8 18 20 19 -7 26 -5 -12 -18 -6 24 -1 -22 23 -16 -3 -14 -2 -20 -4 -28
right_child=2 4 28 5 10 7 9 8 -10 -11 16 -13 25 -15 22 -17 17 -19 27 -21 21 -23 -24 -25 -26 -27 29 -29 -30 -31
leaf_value=0.0036754120608996337 0.072032422760368392 -0.047270043620967858 0.032608324102623258 -0.0032641846445638453 -0.012978718970608923 -0.00064478098623747067 -0.030321435960437675 0.018285937211960628 -0.0085821398513890208 -0.0070596746262834619 -0.053564911560404049 0.12163142368681347 0.085922136856981843 0.019959245364139473 -0.0051847859217062564 0.025521541957698832 0.1118809022887437 -0.016489427927774129 0.16007420062009423 -0.07259387301379884 -0.060490785305731778 0.059917759012751343 -0.00011254967985682495 0.028428652548821286 0.01424472936740686 -0.012137432421417207 -0.02332131999205321 0.04536160868487521 0.075825465314108054 0.041643418109144646
leaf_weight=4763.6203780919313 234.53691202588379 246.44162412872538 124.07707610225771 682.97119114326779 93.637638572137803 1337.3922760414425 2249.8848035124829 2435.7431697751163 7507.5565453080926 7029.5046203667298 304.2526992992498 36.224557986017317 23.620212786830962 4684.6914804410189 256.07622682675719 1200.2513018340105 16.887075196020305 444.36378507711925 9.1745172429364157 1125.9364801838528 119.75580377876759 23.004499212838709 426.54524635244161 1839.6080318317981 60.112978836521506 54.725966037716717 34.510378737002611 221.44323001964949 399.67270474147517 155.13955177075695
leaf_count=44969 7890 7973 5819 10379 12858 12746 77673 67252 146971 146291 53454 901 280 107247 16407 60254 731 14277 187 314332 23217 765 13647 44795 868 6747 659 4840 150040 6295
internal_value=0.000193797 -0.0112075 0.00301109 0.00189284 -0.0389886 -0.000618576 -0.00803023 0.00455434 -0.00197848 -0.0127303 -0.00923079 0.0034021 -0.0602459 0.0153602 0.0250318 0.0150163 -0.0279377 -0.010297 0.0342002 -0.0647358 0.00237368 -0.0386343 0.0200684 0.0242426 -0.0346589 0.0188874 0.0535938 0.0539043 0.066295 0.0287045
internal_weight=38141.4 7543.2 30598.2 30074.4 2600.6 27128 11162.6 15965.4 9943.3 9279.39 1089.76 4942.61 1510.84 6022.08 2946.42 1883.22 765.504 461.251 324.255 1432.49 4906.38 142.76 2522.23 2095.68 306.555 78.3462 424.187 230.618 523.75 189.65
internal_count=1360764 486399 874365 718506 416547 628813 294597 334216 214223 223964 86347 69852 330200 119993 89693 70633 68462 15008 17885 323173 68951 23982 74849 61202 8841 7027 14844 5027 155859 6954
is_linear=0
shrinkage=0.08


Tree=79
num_leaves=31
num_cat=0
split_feature=4 16 16 2 19 10 18 10 4 16 16 2 15 1 6 15 2 4 2 1 1 4 1 4 4 4 4 1 2 16
split_gain=196.51 322.389 286.227 182.428 171.318 175.938 160.425 149.189 145.573 235.823 196.753 138.265 158.143 132.186 107.947 122.892 95.3657 94.6166 83.3465 83.1631 80.2779 79.448 78.5071 287.473 151.367 78.3085 75.3816 73.5054 69.7212 68.7331
threshold=8.5000000000000018 0.62988328933715831 0.67962265014648449 0.41060766577720648 1.0000000180025095e-35 0.97989273071289074 1.0000000180025095e-35 0.82156699895858776 16.500000000000004 0.32466214895248419 0.47871376574039465 0.36032786965370184 0.32184043526649481 0.60107529163360607 1.0000000180025095e-35 0.4958436936140061 0.63686314225196849 3.5000000000000004 0.38924963772296911 0.42588071525096899 0.91922956705093395 22.500000000000004 0.99565216898918163 10.500000000000002 10.500000000000002 28.500000000000004 10.500000000000002 0.89699381589889537 0.86996778845787059 0.41742423176765447
decision_type=2 2 2 2 2 2 2 2 2 2 2 2 2 2 2 2 2 2 2 2 2 2 2 2 2 2 2 2 2 2
left_child=2 8 13 14 7 6 -6 20 10 19 -2 26 -13 -1 15 -4 -9 -17 -3 25 -5 29 24 -24 27 -10 -12 -20 -7 -11
right_child=1 18 3 4 5 28 -8 16 9 21 11 12 -14 -15 -16 17 -18 -19 22 -21 -22 -23 23 -25 -26 -27 -28 -29 -30 -31
leaf_value=0.065137304709955116 0.034363361557162957 -0.06600655019230324 -0.055282591332574238 -0.0028290341891457939 0.00028573845560613936 0.016647155608352712 -0.061786296387878067 0.019497741570441901 0.031674305628852005 0.0023105896224244046 0.012421040561303227 -0.0049847917775487673 0.038931458400642258 0.014912932998767685 0.036666044270772871 0.0066685938429917688 0.075727086167856825 -0.032674877911273867 -0.0046279334045631997 -0.067956107662515294 0.03598685871702368 -0.060979557812680475 -0.076819468212583772 0.0057002277919836536 -0.036607488178708604 -0.019754856471110076 -0.042512870967495245 0.050253922058951017 0.054332063000477854 -0.033629409256804847
leaf_weight=660.01150111074094 1430.5924549091142 326.5515037967125 598.49093799293041 1044.1805174583569 18066.465969835292 1364.1019442440011 265.41217221599072 350.07942094397731 878.25944921490736 510.53945645573549 204.8098092242144 1694.7435393478954 751.61001551174559 705.21373340138234 195.1267901128158 793.24862796789967 466.42548950924538 754.23269551526755 1168.2190885879099 66.567958940053359 496.3788149363827 418.42119774490129 625.52653002459556 465.67803677474149 1174.6036700485274 233.49359384085983 637.92339142446872 174.81739320373163 416.49538397346623 968.49612894898746
leaf_count=15455 30371 24755 87128 35365 459857 36056 2768 18402 12314 13792 7172 66627 12968 23312 11004 13650 175210 14027 32676 5227 64111 19367 8450 11918 31685 4412 29472 3485 46946 42524
internal_value=0 -0.00859848 0.00385951 0.00188658 0.00410803 0.0017054 -0.000620828 0.0244946 0.000808054 -0.0126998 0.00964899 -0.00108783 0.00849452 0.0394595 -0.0193297 -0.024569 0.0520787 -0.0124476 -0.0272495 0.0152805 0.00965015 -0.0301541 -0.0236117 -0.0415924 -0.0156881 0.0206896 -0.028979 0.00255701 0.025679 -0.0211497
internal_weight=37906.7 11730.9 26175.9 24810.6 22469.5 20112.5 18331.9 2357.06 7795.46 3075.78 4719.68 3289.09 2446.35 1365.23 2341.1 2145.97 816.505 1547.48 3935.4 1178.32 1540.56 1897.46 3608.84 1091.2 2517.64 1111.75 842.733 1343.04 1780.6 1479.04
internal_count=1360506 357215 1003291 964524 838715 545627 462625 293088 244246 97636 146610 116239 79595 38767 125809 114805 193612 27677 112969 21953 99476 75683 88214 20368 67846 16726 36644 36161 83002 56316
is_linear=0
shrinkage=0.08


Tree=80
num_leaves=31
num_cat=0
split_feature=19 1 10 10 6 3 15 3 1 2 3 13 12 12 9 9 14 5 10 12 14 1 0 13 15 6 0 14 9 1
split_gain=168.438 231.293 190.758 132.18 150.609 97.2884 233.583 401.346 223.573 198.119 352.592 219.829 86.8491 80.8144 59.0599 251.242 105.977 57.2194 129.19 127.837 112.346 110.185 48.673 45.5234 45.423 45.0961 40.0298 39.7494 61.1606 35.1038
threshold=1.0000000180025095e-35 0.84889996051788341 0.62699216604232799 0.98894992470741283 1.0000000180025095e-35 0.42588071525096899 0.41380184888839727 0.72613638639450084 0.27812939882278448 0.52689418196678173 0.84660634398460399 1.0000000180025095e-35 1.0000000180025095e-35 1.0000000180025095e-35 0.99206298589706432 0.9492306411266328 0.93541666865348827 1.0000000180025095e-35 0.76484143733978283 1.0000000180025095e-35 0.04446640424430371 0.64899963140487682 0.6911335587501527 1.0000000180025095e-35 0.48549926280975347 1.0000000180025095e-35 0.57307061553001415 0.93095237016677868 0.81835731863975536 0.74849396944046032
decision_type=2 2 2 2 2 2 2 2 2 2 2 2 2 2 2 2 2 2 2 2 2 2 2 2 2 2 2 2 2 2
left_child=1 17 -3 5 22 8 9 13 12 10 -7 -11 -2 -8 15 -6 -17 19 25 -1 23 -22 27 -21 -14 -19 -27 28 -5 -24
right_child=3 2 -4 4 14 6 7 -9 -10 11 -12 -13 24 -15 -16 16 -18 18 -20 20 21 -23 29 -25 -26 26 -28 -29 -30 -31
leaf_value=0.050293525976638262 0.055259111527231959 0.012852504427158054 0.077514902387773782 0.016653065848998044 0.051915983843505827 -0.041958343096426952 0.040885377958144328 0.080233573819765674 -0.053671657742757131 -0.0037651342264448657 0.04926626194489029 0.068404199807658522 -0.057487079091433475 -0.0010520117165653984 0.068728852271912 0.047565009315034608 -0.11488398034850116 0.073916355356110991 0.071958889426902067 0.16177438085825191 -0.0014550634737634063 -0.052663811570805387 0.064026127579350722 -0.0047364043463926494 -0.0031627359460380334 0.023545948591464558 -0.024011761723332931 0.0045636977667466326 -0.041799647473339488 0.0040648538406390083
leaf_weight=294.34299462242052 151.39452294434886 617.31442855088972 565.5529405977577 162.76500086253509 473.89347368583549 1817.1742438775254 334.72601735801436 545.67758615873754 798.43057828594465 21764.055085402913 312.73054280143697 268.34345025219955 103.41475958249066 2140.9912243096624 320.18443247117102 30.003792875446379 93.516327905468643 44.741555291810073 241.14304729586001 31.281036330852658 3060.0837316133548 290.73865865275729 118.31150257540867 11.843787920661269 1197.2042256025597 173.97151387785561 297.74639199476223 1017.5860730661079 342.94428278761916 140.69628339912742
leaf_count=7241 3803 26035 245246 1589 27684 187797 3558 6631 85376 484229 7754 11183 27937 34726 28383 1852 4181 1684 41747 339 53947 9412 3819 424 20821 2809 9773 9441 3330 6846
internal_value=-3.05968e-05 0.0127247 0.0440998 -0.00227149 0.0146411 -0.00383049 -0.00249856 0.0184428 -0.0198072 -0.00512708 -0.028405 -0.00286357 -0.000955708 0.00462456 0.0408832 0.0252472 -0.0738639 0.00430103 0.0242505 0.000132663 -0.00423809 -0.00601778 0.000964592 0.116978 -0.00780833 0.00119145 -0.00607366 -0.00442544 -0.0226942 0.0327543
internal_weight=37762.8 5628.76 1182.87 32134 2699.9 29434.1 27183.7 3021.39 2250.44 24162.3 2129.9 22032.4 1452.01 2475.72 917.598 597.414 123.52 4445.89 757.603 3688.29 3393.95 3350.82 1782.3 43.1248 1300.62 516.459 471.718 1523.3 505.709 259.008
internal_count=1359597 398657 271281 960940 87125 873815 735878 44915 137937 690963 195551 495412 52561 38284 62100 33717 6033 127376 56013 71363 64122 63359 25025 763 48758 14266 12582 14360 4919 10665
is_linear=0
shrinkage=0.08


Tree=81
num_leaves=31
num_cat=0
split_feature=4 16 3 16 7 4 3 16 7 1 2 2 2 1 10 7 7 2 10 4 4 2 16 4 16 16 3 16 3 16
split_gain=167.351 275.706 306.925 252.794 206.254 197.181 181.049 179.416 156.118 147.07 312.878 200.207 139.869 173.893 120.838 110.973 108.793 106.379 88.3669 85.3342 83.382 76.7113 72.0128 71.8231 68.0387 61.6659 96.8727 72.3168 60.2392 57.7238
threshold=8.5000000000000018 0.70638945698738109 0.44281046092510229 0.55291152000427257 0.32290647923946386 16.500000000000004 0.45867486298084265 0.32466214895248419 0.79205974936485302 0.94360822439193737 0.82793453335762035 0.88261792063713085 0.8263767957687379 0.97073099017143261 0.6157280206680299 0.71834936738014232 0.15504807978868487 0.41060766577720648 0.52314186096191417 5.5000000000000009 22.500000000000004 0.88493064045906078 0.65039682388305675 28.500000000000004 0.2124435901641846 0.29758481681346899 0.66260164976120006 0.47871376574039465 0.51222422719001781 0.16823899745941165
decision_type=2 2 2 2 2 2 2 2 2 2 2 2 2 2 2 2 2 2 2 2 2 2 2 2 2 2 2 2 2 2
left_child=1 14 16 5 17 18 -5 23 12 11 -11 -6 15 -14 -1 -8 -3 -4 -2 -16 -9 -10 -21 29 -25 26 -20 -27 -24 -7
right_child=3 2 4 6 9 7 8 20 21 10 -12 -13 13 -15 19 -17 -18 -19 25 22 -22 -23 28 24 -26 27 -28 -29 -30 -31
leaf_value=-0.0039248787847322494 -0.014431192591255082 0.035438239844058153 0.020141947064971265 -0.061898844781442759 -0.005404932944002596 -0.040841719337454077 -0.014695452944643493 -0.017411359340812418 0.091667708463504388 0.075909830411642787 0.0073750862804947805 0.022604121553459682 0.021135739144498036 -0.078007954875161017 0.075957417749766387 0.044985296733492976 -0.043410734696049877 0.083137754018635837 -0.11019529440439789 0.049411588545893656 -0.06060133288863484 -0.066631346371516451 -0.035431917020449268 0.014878726958105413 -0.066719011183316218 0.04184724577751453 0.064093472051427708 0.013097812869754071 0.024503475162156469 0.02937888347414043
leaf_weight=471.50605097797234 406.11578327417374 117.49427445465699 456.38987806718796 567.97744701278862 13698.878520448343 75.935809701448306 4605.5078466067789 1193.1026155718137 119.45546374935657 456.43194824701641 5777.4061470165616 1848.2411718607182 145.70408512395807 445.5597567402292 365.08372460759711 202.45246984122787 1198.9980870686704 283.93374217743985 46.998761754948646 674.8882298663957 382.86092630890198 18.315027410164475 132.26688130828552 128.42182041262276 120.50983065436594 1177.9448149410309 28.192500352859497 1115.7128912970657 470.39150805550162 853.08012443268672
leaf_count=30261 32148 2155 19143 42319 381752 1761 137446 46460 2273 18684 357077 68441 2576 6549 8027 3828 85352 6716 509 12093 18373 214 3400 2162 3501 17185 962 24688 10445 14480
internal_value=0.000202856 0.00378105 0.00131547 -0.00776355 0.00351988 0.00460365 -0.0189845 -0.0105151 -0.0145017 0.00209563 0.0124756 -0.00205873 -0.0166949 -0.0533355 0.0314373 -0.0121051 -0.0361451 0.0449128 0.0196572 0.0416659 -0.0281635 0.0679064 0.0314838 0.0129804 -0.0245292 0.0255868 -0.0429298 0.0279911 0.0109027 0.02328
internal_weight=37585.8 25951.9 23837.8 11633.8 22521.3 5528.88 6104.97 2753.91 5536.99 21781 6233.84 15547.1 5399.22 591.264 2114.14 4807.96 1316.49 740.324 2774.96 1642.63 1575.96 137.77 1277.55 1177.95 248.932 2368.85 75.1913 2293.66 602.658 929.016
internal_count=1360980 1003546 939320 357434 851813 162229 195205 86737 152886 825954 375761 450193 150399 9125 64226 141274 87507 25859 75492 33965 64833 2487 25938 21904 5663 43344 1471 41873 13845 16241
is_linear=0
shrinkage=0.08


Tree=82
num_leaves=31
num_cat=0
split_feature=4 15 3 0 3 15 12 7 1 0 7 19 1 2 3 1 12 0 7 3 3 1 2 1 0 3 19 9 1 2
split_gain=159.265 203.334 550.316 424.103 371.119 242.631 243.544 215.005 212.063 260.145 249.586 166.381 153.047 294.198 163.311 142.627 225.604 142.021 371.092 332.076 232.285 453.261 326.743 131.27 127.518 116.312 92.0925 89.9134 88.7165 88.4916
threshold=5.5000000000000009 0.24631060659885409 0.91922956705093395 0.6106402873992921 0.75582656264305126 0.43771335482597357 1.0000000180025095e-35 0.82078272104263317 0.99565216898918163 0.71503761410713207 0.64326766133308422 1.0000000180025095e-35 0.57804551720619213 0.57804551720619213 0.87841832637786876 0.94932374358177196 1.0000000180025095e-35 0.88762626051902782 0.69860395789146434 0.92885261774063121 0.88493064045906078 0.81530213356018078 0.86222714185714733 0.61633428931236278 0.87206766009330761 0.6291005313396455 1.0000000180025095e-35 0.70613268017768871 0.71516755223274242 0.84877073764801036
decision_type=2 2 2 2 2 2 2 2 2 2 2 2 2 2 2 2 2 2 2 2 2 2 2 2 2 2 2 2 2 2
left_child=11 2 7 4 5 25 -7 8 10 -10 -2 27 -5 14 -14 17 24 20 -19 -20 22 -22 -13 -6 -17 -3 -4 -1 -29 -26
right_child=1 3 26 12 23 6 -8 -9 9 -11 -12 15 13 -15 -16 16 -18 18 19 -21 21 -23 -24 -25 29 -27 -28 28 -30 -31
leaf_value=0.012117555436946856 -0.044923765185568322 -0.02042499343373308 0.045152140545249866 0.07257790676533192 0.088047398349901801 0.05237205540890557 -0.0063363272040017158 0.086680985679824546 0.0038502891800547487 -0.1118664666895884 0.0057307047265877766 -0.0044378829161579618 -0.17536319903611575 0.03469154739023092 0.060419588207966161 0.033609820321501054 0.049621667636802036 0.05959113606130087 0.039210229210813609 -0.041295713307466897 0.047676285084378871 -0.052812811583206783 0.057542586416722441 -0.047772065709733615 0.058554058554144563 -0.0659028249961814 0.00098655620629985695 0.025183358882063911 0.076665624728118123 -0.0062705183495021825
leaf_weight=1498.5911440224154 2228.0118145770393 1076.0714019349543 320.16488511674106 594.72473202110268 341.52868390700314 492.08021625550464 4995.5183758221101 82.875924198655412 164.39597639022395 470.14193345990498 854.35372831544373 8367.0312195642618 65.532432212028652 910.22293199144769 21.566971909254789 787.79279031860642 934.25613336183596 807.40690013836138 544.10590459755622 806.74938133731484 355.60979053075425 1395.3311297568725 577.16575417877175 47.59603469632566 136.98556595295668 554.37215813761577 4410.7908170209266 631.66069766972214 338.2655434703338 2569.8190523877274
leaf_count=109408 148879 113720 57738 9640 5607 6464 75427 1316 2131 5544 15490 255222 465 13691 528 13049 117074 17600 12906 20579 8557 25892 9015 452 1819 8443 76123 17520 153935 55412
internal_value=0.000266261 -0.00525549 -0.0141283 0.0030486 -0.0048932 -0.00909118 -0.000999856 -0.0367836 -0.0396923 -0.0818407 -0.0308453 0.00520327 0.0404958 0.0209382 -0.115132 0.00241478 0.0147911 -0.00184133 0.0168362 -0.00872601 -0.00563148 -0.0322351 -0.000390512 0.0706333 0.00537605 -0.0361401 0.00405374 0.0246167 0.0436032 -0.00282897
internal_weight=37380.7 17629.9 8530.74 9099.21 7507.17 7118.04 5487.6 3799.78 3716.9 634.538 3082.37 19750.8 1592.05 997.322 87.0994 17282.3 4428.85 12853.4 2158.26 1350.86 10695.1 1750.94 8944.2 389.125 3494.6 1630.44 4730.96 2468.52 969.926 2706.8
internal_count=1359646 541658 307221 234437 210113 204054 81891 173360 172044 7675 164369 817988 24324 14684 993 537125 187354 349771 51085 33485 298686 34449 264237 6059 70280 122163 133861 280863 171455 57231
is_linear=0
shrinkage=0.08


Tree=83
num_leaves=31
num_cat=0
split_feature=2 14 10 9 14 14 10 9 10 3 0 12 0 14 15 9 7 12 12 0 9 5 9 0 9 15 10 0 1 2
split_gain=151.522 196.717 141.832 379.932 257.449 230.299 124.09 132.063 149.044 127.981 121.05 98.9414 138.669 95.3182 95.1373 87.1199 69.818 67.1236 45.3137 39.8304 39.6953 37.1439 35.9938 30.9756 28.8178 27.5397 24.4656 20.9004 87.763 53.2978
threshold=0.98529094457626354 0.16228070110082629 0.52314186096191417 0.26246066391468054 0.078461539000272765 0.20526316016912463 0.98894992470741283 0.51295477151870739 0.79917696118354808 0.86319074034690868 0.45035210251808172 1.0000000180025095e-35 0.42947559058666235 0.11437908560037614 0.43771335482597357 0.42387704551219946 0.39052423834800726 1.0000000180025095e-35 1.0000000180025095e-35 0.89871358871459972 0.81835731863975536 1.0000000180025095e-35 0.28639781475067144 0.51191151142120372 0.49668815732002264 0.15827355533838275 0.39755295217037206 0.65030118823051464 0.63028588891029369 0.55612829327583324
decision_type=2 2 2 2 2 2 2 2 2 2 2 2 2 2 2 2 2 2 2 2 2 2 2 2 2 2 2 2 2 2
left_child=2 19 3 18 17 11 7 25 -9 20 -6 14 13 -13 21 -12 -14 24 27 -2 -8 -4 -21 -19 -5 -7 -24 28 -1 -29
right_child=1 -3 5 4 10 6 9 8 -10 -11 15 12 16 -15 -16 -17 -18 23 -20 22 -22 -23 26 -25 -26 -27 -28 29 -30 -31
leaf_value=-0.022282823042155637 0.051571862857069564 0.069961849358352354 0.042763857948452125 -0.073659488474140777 -0.054549315166348811 0.0049265600268420555 0.032047729371191547 -0.017742073720419291 -0.0007724239734475545 0.049934449314387432 0.040633701204932038 0.098842930794658057 0.11689447810448515 -0.013024681229934774 0.17905907944877611 -0.017003137485946129 0.051064074760297534 -0.060811110160683413 0.1058321014035748 0.0082132067693599983 0.0027606805659597541 -0.014218177005176927 -0.066092031132112566 -0.0019731920305315919 -0.0038012170916910944 0.023249651462912795 -0.0060127849167810297 0.053309169743404883 0.036849713019739529 -0.0024739115702820578
leaf_weight=248.88095929368865 98.316786266979761 442.95822850352852 82.314222542452626 980.2139942550566 231.71387161326129 878.34069815743715 346.7531938717002 4028.9266600226983 18656.072326224414 555.29751133231912 333.05877032945864 52.226542689488269 131.75614759617019 320.13212015654426 13.708600485930218 324.62838348653167 625.010162825929 86.912715922109783 22.125407653627917 610.35438814922236 1996.1982577483868 432.65841896773782 73.287866091588512 168.88070269697346 44.923276475514285 1414.0244865693385 114.99194401106797 108.31846249348018 424.71436725812964 3296.0286297600251
leaf_count=8976 2529 153391 2697 283948 52602 24314 5444 133053 369650 54161 10366 4834 3797 28905 288 14718 24160 33331 517 9084 27738 7344 9890 6884 4764 40312 7091 1026 4715 29648
internal_value=0.000273786 0.0266387 -0.000711997 -0.0116376 -0.0386669 0.00160383 -0.000115676 -0.0019406 -0.00379658 0.0155328 -0.00534516 0.0305266 0.0438564 0.0033435 0.00161357 0.0120296 0.0634275 -0.0615683 0.00266082 0.00479691 0.00722228 -0.00447872 -0.00104731 -0.0233611 -0.0707868 0.0163246 -0.0313312 0.00193295 0.0147624 -0.000576515
internal_weight=37143.7 1339.91 35803.8 6270.4 2170.33 29533.4 27875.6 24977.4 22685 2898.25 889.401 1657.81 1129.12 372.359 528.681 657.687 756.766 1280.93 4100.07 896.951 2342.95 514.973 798.634 255.793 1025.14 2292.37 188.28 4077.94 673.595 3404.35
internal_count=1360177 181985 1178192 451495 406613 726697 654672 567329 502703 87343 77686 72025 61696 33739 10329 25084 27957 328927 44882 28594 33182 10041 26065 40215 288712 64626 16981 44365 13691 30674
is_linear=0
shrinkage=0.08


Tree=84
num_leaves=31
num_cat=0
split_feature=4 16 4 16 3 4 1 3 5 6 12 3 12 1 3 1 7 7 16 3 1 1 6 4 3 4 3 4 4 3
split_gain=141.975 372.88 187.675 171.575 253.032 186.791 169.938 585.842 262.878 259.919 236.336 270.381 183.378 169.869 163.068 433.713 375.971 226.004 155.894 138.635 134.231 126.108 124.967 116.578 110.8 173.274 109.717 108.558 103.363 101.558
threshold=4.5000000000000009 0.85053193569183361 3.5000000000000004 0.63299319148063671 0.46265329420566564 13.500000000000002 0.71516755223274242 0.79516318440437328 1.0000000180025095e-35 1.0000000180025095e-35 1.0000000180025095e-35 0.89512962102890026 1.0000000180025095e-35 0.94360822439193737 0.96178188920021068 0.78910306096076976 0.60495716333389293 0.83250823616981517 0.40946348011493688 0.77303028106689464 0.63224515318870556 0.92031747102737438 1.0000000180025095e-35 2.5000000000000004 0.6900656819343568 10.500000000000002 0.79516318440437328 18.500000000000004 21.500000000000004 0.65058138966560375
decision_type=2 2 2 2 2 2 2 2 2 2 2 2 2 2 2 2 2 2 2 2 2 2 2 2 2 2 2 2 2 2
left_child=1 2 26 5 -5 22 7 8 9 -3 11 23 -10 -13 15 16 -6 -17 28 27 -21 29 24 -8 25 -2 -1 -20 -7 -12
right_child=3 6 -4 4 14 18 10 -9 12 -11 21 13 -14 -15 -16 17 -18 -19 19 20 -22 -23 -24 -25 -26 -27 -28 -29 -30 -31
leaf_value=0.085582653037023476 0.048920973286309566 -0.042611806909313384 0.016713791639249333 -0.0523410405240603 -0.0084206747603298212 0.025686055914481913 0.026748513930087873 0.061567060982976533 -0.021410186264684387 0.11278599414437848 0.06761939947468365 -0.034152775621759467 0.043875040592650433 -0.00055391153371574925 0.009063543698846167 -0.040605040629977059 0.050409968657263049 0.089830914193356592 -0.020200333038619789 0.07287377900472887 -0.0083592779399867968 0.04713940465396517 0.00072926390469435791 -0.014288244219089623 0.067988395541752858 -0.0030614296837784805 0.031183804191230093 -0.066281003118982385 -0.0088328078412932519 0.0067629579289983652
leaf_weight=507.43167524586897 766.17212155531161 2580.4148797843372 1984.7297645710642 862.99801852693781 4271.8925283673452 1171.9936877057189 1954.8922864419292 574.19166776863858 605.36836516158655 65.556595359113999 190.04829495656304 1793.5083695356734 494.95493692636956 2094.7592448987416 2835.169042939553 2984.2311779593583 825.0309953544056 82.193507135263644 1157.5195199237205 150.08531106961891 797.75487728125881 1014.4292730131419 1544.6674363099737 563.42624596285168 412.47539216803852 864.56280840735417 481.80038955574855 465.43544060329441 1038.1319783598883 1883.9619567649206
leaf_count=12965 17046 93056 75421 66519 140170 24107 40985 19419 40269 721 3137 31338 9880 70785 80079 57479 16810 1529 50405 4563 29482 227943 51793 12764 9603 26285 19217 23566 26996 75587
internal_value=-1.57425e-05 0.00541733 0.0310885 -0.00453287 -0.0107232 0.00422311 -0.000106383 -0.0132621 -0.0248405 -0.0384959 0.00586678 -0.00287678 0.00787773 -0.0161168 -0.00742087 -0.0131676 0.00111086 -0.0369162 -0.00610425 -0.0195019 0.00465052 0.0240313 0.0180184 0.0174938 0.0309772 0.0213387 0.059539 -0.0336767 0.00941641 0.0125656
internal_weight=37019.8 16789.5 2973.96 20230.3 11861.5 8368.8 13815.5 4320.49 3746.29 2645.97 9495.03 6406.59 1100.32 3888.27 10998.5 8163.35 5096.92 3066.42 4780.92 2570.8 947.84 3088.44 3587.88 2518.32 2043.21 1630.73 989.232 1622.95 2210.13 2074.01
internal_count=1359919 733487 107603 626432 362586 263846 625884 163345 143926 93777 462539 155872 50149 102123 296067 215988 156980 59008 159119 108016 34045 306667 104727 53749 52934 43331 32182 73971 51103 78724
is_linear=0
shrinkage=0.08


Tree=85
num_leaves=31
num_cat=0
split_feature=19 1 10 18 3 15 3 0 2 3 17 12 0 11 0 15 16 10 14 9 1 15 10 0 0 6 2 9 3 6
split_gain=126.078 178.015 182.378 112.204 105.062 208.127 254.966 195.577 186.86 255.24 177.654 97.108 65.1092 56.5088 49.4506 48.2003 46.2937 44.7024 107.987 53.1885 52.8308 41.4178 36.2609 35.493 34.2287 27.5706 19.2657 18.9512 18.7603 18.3172
threshold=1.0000000180025095e-35 0.84889996051788341 0.56949043273925792 1.0000000180025095e-35 0.42588071525096899 0.46651156246662145 0.68614074587821972 0.28743545711040502 0.49752475321292883 0.8263767957687379 1.0000000180025095e-35 1.0000000180025095e-35 0.55775830149650585 1.0000000180025095e-35 0.7729182541370393 0.61992356181144725 0.44529914855957037 0.91856160759925853 0.75735294818878185 0.84232923388481151 0.63702240586280834 0.10964579507708551 0.89195534586906444 0.71819767355918895 0.40862709283828741 1.0000000180025095e-35 0.76239567995071422 0.96982702612876903 0.37590579688549047 1.0000000180025095e-35
decision_type=2 2 2 2 2 2 2 2 2 2 2 2 2 2 2 2 2 2 2 2 2 2 2 2 2 2 2 2 2 2
left_child=1 14 -3 4 7 8 12 11 9 -6 -10 -2 -7 26 17 -13 28 18 20 -19 -1 -16 -20 -15 -18 -21 -5 -25 -9 -8
right_child=3 2 -4 13 5 6 29 16 10 -11 -12 15 -14 23 21 -17 24 19 22 25 -22 -23 -24 27 -26 -27 -28 -29 -30 -31
leaf_value=0.0056780591929686342 0.050685671981420689 0.0086717939783201442 0.074840978302378458 -0.0050061093310423618 -0.038347063165787378 0.0046201323458636666 0.08048113366666805 0.063169852006883603 -0.001186368658990406 0.049047265227688916 0.060429241944234144 -0.033441266498955916 0.04636856163799901 0.0014667364199790855 -0.0072454526072846734 -0.0017113700442953391 -0.060462967498945294 0.044699618369066149 -0.11289541793221083 0.0006931099975504779 -0.020898857696839985 0.06996604222739658 -0.021393188261234316 -0.21763197911764917 0.045147669122804768 0.064111989378035472 -0.048859375616620335 0 -0.018904152658896518 0.022595991528182542
leaf_weight=2381.7164832616691 187.67784779914655 570.32652983767912 508.56049487693235 102.8479668952059 1607.4892779826187 2012.1849599801935 411.88743897224776 23.0911209321348 23499.186000213143 240.7155044330284 298.31441367871594 396.99248434579931 268.85402357019484 5.4342270899796885 61.365208555478603 1343.7157056881115 662.66952308011241 296.7110448605381 67.018723629531451 729.66844857530668 593.56415033910889 123.13527826324571 57.937881661695428 17.422764663118873 15.057500280556267 42.105631603044458 223.06638071243651 1.8987939516082395 40.507523404317908 52.132086023688316
leaf_count=52157 5249 21347 250207 1954 167703 25281 5914 667 590519 6958 15119 51340 2075 153 1854 10612 71604 8216 1008 10627 19966 26094 1239 167 1156 6261 1975 34 1811 1088
internal_value=-5.89892e-05 0.0111842 0.0402113 -0.00200991 -0.00149273 -5.90833e-05 0.0208506 -0.0166503 -0.00230708 -0.0267766 -0.00039473 -0.00309575 0.00970144 -0.0467037 0.00391569 -0.00911452 -0.051438 0.00205601 -0.00276772 0.0161489 0.00029615 0.0439274 -0.0741557 -0.154861 -0.0575687 0.00474944 -0.035789 -0.19667 0.0109948 0.0746292
internal_weight=36843.3 5432.11 1078.89 31411.1 31060.5 28390.8 2745.06 2669.71 25645.7 1848.2 23797.5 1928.39 2281.04 350.67 4353.22 1740.71 741.326 4168.72 3100.24 1068.49 2975.28 184.5 124.957 24.7558 677.727 771.774 325.914 19.3216 63.5986 464.02
internal_count=1360355 398976 271554 961379 957096 814657 34358 142439 780299 174661 605638 67201 27356 4283 127422 61952 75238 99474 74370 25104 72123 27948 2247 354 72760 16888 3929 201 2478 7002
is_linear=0
shrinkage=0.08


Tree=86
num_leaves=31
num_cat=0
split_feature=10 9 9 14 0 18 3 0 14 0 0 9 11 9 9 4 6 3 9 11 3 3 0 14 6 19 0 11 19 9
split_gain=121.046 430.223 224.477 174.801 149.96 116.348 118.122 139.786 112.212 111.382 85.5409 71.088 45.4338 45.3293 41.1429 39.4881 101.466 49.342 36.4331 29.8296 28.0656 25.2287 24.5131 23.8357 23.5776 19.637 18.8839 16.2381 15.3792 14.3992
threshold=0.49545417726039892 0.30521412193775183 0.42387704551219946 0.097619049251079573 0.95275297760963451 1.0000000180025095e-35 0.96693986654281627 0.92232277989387523 0.054093567654490478 0.92232277989387523 0.45035210251808172 1.0000000180025095e-35 1.0000000180025095e-35 0.5085725486278535 0.43145391345024114 1.0000000180025095e-35 1.0000000180025095e-35 0.97801932692527782 0.36400441825389868 1.0000000180025095e-35 0.74322345852851879 0.81530213356018078 0.9569842815399171 0.16228070110082629 1.0000000180025095e-35 1.0000000180025095e-35 0.5388936996459962 1.0000000180025095e-35 1.0000000180025095e-35 0.52698656916618358
decision_type=2 2 2 2 2 2 2 2 2 2 2 2 2 2 2 2 2 2 2 2 2 2 2 2 2 2 2 2 2 2
left_child=1 8 18 13 5 6 7 -4 11 -8 -5 25 -13 19 20 23 22 -18 -2 28 -12 -20 -17 -6 -7 26 -1 -23 -3 -16
right_child=2 3 4 10 15 24 9 -9 -10 -11 14 12 -14 -15 29 16 17 -19 21 -21 -22 27 -24 -25 -26 -27 -28 -29 -30 -31
leaf_value=0.058950926894201734 0.063788218475259256 -0.045336345146534389 -0.0024638136794424949 -0.05956657785806839 0 0.0005672264698209598 0.017567407612360718 0.032181586826898548 0.11791557804274161 -0.024156130149798817 0.065914099876093715 -0.060299770048080265 0.039166658880846986 0.025662679567548443 -0.026035449665354801 0 0.039326698560575413 -0.046080515734264235 0.039127940481835224 -0.035559110601498356 0.008283854648659909 -0.0082517354816918596 -0.27787181288498836 0.061821381451696834 -0.054584725731818995 0.0015769833758547253 0.011619527283689571 0.040034421067937781 -0.07609099383434903 0.037743619745904289
leaf_weight=62.75152450054884 297.47772803239059 189.01498169684783 22905.407524290844 132.90523794817273 44.99470597144682 52.688025780546013 3825.4871459024143 765.0275759032811 48.380517838406377 451.09102500387235 101.08654463710263 173.60295172652695 29.549842919805087 32.58544398995582 143.50873430585489 1.9288818296045054 235.04342522803927 46.8400869211182 477.62423018587288 237.58526180579793 128.89194845734164 151.26723446766846 4.1066569405375049 346.05546923656948 289.22057397320168 4262.6791904512793 374.36793869361281 56.125592364522163 732.43875107285567 20.401947357226163
leaf_count=415 12642 6896 513503 30702 2163 750 135507 42089 1455 22419 4275 41107 1247 4344 6397 152 47278 5991 18194 35588 2584 2803 391 102257 2220 29197 15381 6094 264423 858
internal_value=0.00030783 -0.00942963 0.00248285 -0.0438608 0.00119831 0.00029762 0.000874644 -0.00133076 0.00252001 0.013106 -0.00507815 0.00122977 -0.0444698 -0.0607793 0.0134223 0.0382147 0.014598 0.0240212 0.0399964 -0.0634468 0.0351596 0.0290453 -0.222487 0.0547952 -0.0457389 0.00328434 0.019366 0.0046972 -0.0702338 -0.0162674
internal_weight=36620.1 6669.75 29950.4 1718.42 28967.9 28288.9 27947 23670.4 4951.33 4276.58 526.794 4902.95 203.153 1191.62 393.889 678.969 287.919 281.884 982.495 1159.04 229.978 685.017 6.03554 391.05 341.909 4699.8 437.119 207.393 921.454 163.911
internal_count=1359322 444869 914453 356067 874720 716488 713518 555592 88802 157926 44816 87347 42354 311251 14114 158232 53812 53269 39733 306907 6859 27091 543 104420 2970 44993 15796 8897 271319 7255
is_linear=0
shrinkage=0.08


Tree=87
num_leaves=31
num_cat=0
split_feature=19 2 10 10 5 18 4 15 3 3 3 7 7 3 7 2 1 10 14 2 15 2 3 14 11 3 4 11 5 7
split_gain=119.864 151.967 188.546 92.0848 139.076 81.3675 81.5667 146.095 281.341 188.899 71.3659 196.631 94.3683 53.6061 64.3772 133.706 75.9318 65.4481 57.8932 51.5315 94.0642 100.399 51.6697 41.0009 37.8531 85.6765 64.2783 36.2417 30.9454 27.13
threshold=1.0000000180025095e-35 0.71357852220535289 0.62699216604232799 0.99086740612983715 1.0000000180025095e-35 1.0000000180025095e-35 8.5000000000000018 0.33940990269184118 0.72377106547355663 0.91922956705093395 0.46709956228733068 0.41060766577720648 0.22361110895872119 0.84660634398460399 0.43288289010524755 0.45923791825771337 0.45867486298084265 0.83960041403770458 0.29705883562564855 0.70396453142166149 0.34921142458915716 0.64747309684753429 0.71937501430511486 0.064583335071802153 1.0000000180025095e-35 0.86391696333885204 6.5000000000000009 1.0000000180025095e-35 1.0000000180025095e-35 0.38148742914199835
decision_type=2 2 2 2 2 2 2 2 2 2 2 2 2 2 2 2 2 2 2 2 2 2 2 2 2 2 2 2 2 2
left_child=1 13 -3 5 19 6 10 9 -9 -8 12 -12 -2 14 15 16 -1 18 -16 20 21 -5 -22 -15 25 26 -6 -7 -19 -17
right_child=3 2 -4 4 24 27 7 8 -10 -11 11 -13 -14 23 17 29 -18 28 -20 -21 22 -23 -24 -25 -26 -27 -28 -29 -30 -31
leaf_value=0.0041964745045699886 0.011578104938292408 0.0072985341311672079 0.074999655209185848 -0.14786314836111303 0.0076300046444195612 -0.032152159703037683 -0.035357393555381152 -0.0051222399176440708 0.067916964859337778 -0.0031934314755133614 0.02724164143129262 -0.0014561829662039576 -0.038822784071552562 -0.0015305412225734482 -0.012897977045595553 0.074264765555571349 -0.053429884485006865 0.0003144178557837312 -0.063810214596276532 0.037674389481122443 -0.0043949996490287441 0 0.055270001603542812 0.060022847290087208 0.05174472649004766 0.051894470217671851 -0.10285970680978972 -0.12626827918965436 0.064760275743430851 0.029490673487548479
leaf_weight=2513.3084307557438 363.04434974410105 593.26602025795728 478.70155723404605 54.335595753509551 91.277507558232173 322.83876599534415 2251.5008923839778 2904.8842072862899 376.56581722851843 2451.1523635220947 1667.451906342525 17638.427156300517 652.72157873609103 102.23236853803974 449.30047240864951 175.45824330998585 150.27979781548493 197.19739283644594 215.22266445774585 190.88982200471219 1255.2240119520575 59.049395183101296 95.283644541632384 180.46490575012285 539.67200032493565 178.97073629591614 45.859159536659718 26.339561446686275 60.16450456099119 223.02083317155484
leaf_count=46475 15905 26673 244992 630 2181 3930 137854 86900 3634 38323 69061 439540 80818 2819 6920 3522 2711 5586 4511 7979 9747 1131 2156 39961 53349 7584 650 348 9656 4883
internal_value=-5.05474e-05 0.0110152 0.0378878 -0.0019527 0.0127106 -0.00324498 -0.0027616 -0.00961032 0.00330133 -0.0186478 -6.12521e-05 0.00102058 -0.0206838 0.00418978 0.00173711 0.00735478 0.000791218 -0.0166885 -0.0299796 -0.000759118 -0.00599091 -0.0743675 0 0.0375673 0.0387953 0.0157278 -0.0305112 -0.0413857 0.0169371 0.0502781
internal_weight=36504.1 5338.62 1071.97 31165.5 2510.56 28654.9 28305.7 7984.1 3281.45 4702.65 20321.6 19305.9 1015.77 4266.65 3983.95 3062.07 2663.59 921.885 664.523 1654.78 1463.89 113.385 1350.51 282.697 855.779 316.107 137.137 349.178 257.362 398.479
internal_count=1360429 398709 271665 961720 85407 876313 872035 266711 90534 176177 605324 508601 96723 127044 84264 57591 49186 26673 11431 21643 13664 1761 11903 42780 63764 10415 2831 4278 15242 8405
is_linear=0
shrinkage=0.08


Tree=88
num_leaves=31
num_cat=0
split_feature=4 16 10 16 0 1 2 3 0 3 1 3 4 16 0 1 4 2 3 0 1 2 12 16 1 4 10 4 16 3
split_gain=125.027 374.107 188.395 183.972 236.184 258.362 357.322 365.045 301.466 367.778 244.548 180.497 170.568 131.76 187.437 160.323 110.863 104.932 331.693 243.788 254.843 199 191.072 98.1293 98.1041 82.0596 75.3507 75.0608 127.923 74.4566
threshold=5.5000000000000009 0.80673459172248851 0.51869320869445812 0.61167800426483165 0.51899951696395885 0.63702240586280834 0.63686314225196849 0.87841832637786876 0.62115561962127697 0.61167800426483165 0.78910306096076976 0.42588071525096899 14.500000000000002 0.34941859543323522 0.3948992937803269 0.49205549061298376 3.5000000000000004 0.88762626051902782 0.89943820238113414 0.92805382609367382 0.88493064045906078 0.84877073764801036 1.0000000180025095e-35 0.42980295419692999 0.45867486298084265 24.500000000000004 0.58381736278533947 2.5000000000000004 0.89323708415031444 0.6838774085044862
decision_type=2 2 2 2 2 2 2 2 2 2 2 2 2 2 2 2 2 2 2 2 2 2 2 2 2 2 2 2 2 2
left_child=1 2 -1 12 29 8 7 -7 9 -6 -8 27 26 24 23 -16 -4 19 -19 20 -13 -21 -20 -15 25 -14 -2 28 -3 -5
right_child=3 11 16 4 5 6 10 -9 -10 -11 -12 17 13 14 15 -17 -18 18 22 21 -22 -23 -24 -25 -26 -27 -28 -29 -30 -31
leaf_value=-0.0073557366926942525 -0.0081804278361601052 0.076235416106330472 0.09415142875852503 -0.0439560261158191 0.048367167521954475 -0.098924006432039621 0.02427154421728081 0.057794233521251855 0.059256310202050855 -0.045850810282962673 -0.016215780488018715 -0.00042074345474811629 0.032872818012457325 -0.019945633645251884 0.042399586687615239 -0.015626018331414877 0.037651730279061019 0.055848827346053953 -0.0061755041038966951 0.067075562930862226 -0.039087794078736929 -0.06604084212284328 0.037462410634710223 -0.069415245468419734 -0.065297941685554084 -0.0070754293543152927 0.023289329617201694 -0.072261156746486185 -0.037701661627898668 0.039213744334443495
leaf_weight=542.66787655511871 576.57612102909479 71.096050063497387 262.60732623899821 1510.2691191200283 447.0694202312734 521.46080687211361 1202.3410903819604 111.24545937485527 739.98247865808662 635.01868739235215 4529.2880857232958 9187.5031099482439 873.70880964538082 574.43053405731916 421.86676764732692 1059.1417797962786 1637.3362906479742 891.58167072228389 3352.6361780953594 497.09242034098133 1234.2408461566665 78.58771717856871 788.49766941543203 486.65949627343798 91.293467342853546 514.53359589073807 2836.7614246529993 269.17028315237258 352.83128500927705 66.412110538920388
leaf_count=27228 50352 2715 6614 109018 10566 16996 26310 3011 14872 20656 103563 269420 12256 16998 15102 44919 48503 56570 92320 24704 31069 2513 207523 28260 7259 9896 50372 22786 26782 1885
internal_value=0.000252564 0.00469973 0.0339122 -0.00469406 -0.0119168 -0.00642129 -0.0140398 -0.0708811 0.0200676 -0.00673364 -0.00768099 0.000414499 0.00477045 -0.00636093 -0.0174218 0.000882011 0.0457717 0.00215747 0.0117244 -0.00220942 -0.00503195 0.0482158 0.00212999 -0.0430037 0.0125305 0.0179794 0.0179225 -0.0393949 -0.0175545 -0.0402387
internal_weight=36363.9 19165.8 2442.61 17198.1 9763.09 8186.41 6364.34 632.706 1822.07 1082.09 5731.63 16723.2 7434.97 4021.63 2542.1 1481.01 1899.94 16030.1 5032.72 10997.4 10421.7 575.68 4141.13 1061.09 1479.54 1388.24 3413.34 693.098 423.927 1576.68
internal_count=1361038 818747 82345 542291 306877 195974 149880 20007 46094 31222 129873 736402 235414 134690 105279 60021 55117 684119 356413 327706 300489 27217 299843 45258 29411 22152 100724 52283 29497 110903
is_linear=0
shrinkage=0.08


Tree=89
num_leaves=31
num_cat=0
split_feature=19 3 10 9 6 9 10 6 3 4 0 5 2 12 0 7 16 12 3 10 4 16 16 4 16 16 16 4 16 16
split_gain=100.796 140.397 177.681 69.532 123.909 96.8963 169.589 146.265 129.263 161.743 125.868 81.3638 70.2762 70.2698 68.5562 217.732 145.489 66.925 62.198 54.715 52.0288 113.306 72.1684 99.52 174.256 49.6913 36.7684 35.1467 55.0667 39.349
threshold=1.0000000180025095e-35 0.84660634398460399 0.59384471178054821 0.99206298589706432 1.0000000180025095e-35 0.88019138574600231 0.88146743178367626 1.0000000180025095e-35 0.95861870050430309 4.5000000000000009 0.3948992937803269 1.0000000180025095e-35 0.89377820491790783 1.0000000180025095e-35 0.44136746227741247 0.36461389064788824 0.44529914855957037 1.0000000180025095e-35 0.97700846195220958 0.97483214735984813 16.500000000000004 0.4246212244033814 0.55051019787788402 6.5000000000000009 0.7589399814605714 0.29758481681346899 0.63299319148063671 29.500000000000004 0.2124435901641846 0.2124435901641846
decision_type=2 2 2 2 2 2 2 2 2 2 2 2 2 2 2 2 2 2 2 2 2 2 2 2 2 2 2 2 2 2
left_child=1 20 -3 5 -5 6 14 11 9 -9 13 18 -13 -8 16 -16 -2 -10 -7 -12 22 27 25 24 -24 -1 -25 29 -29 -22
right_child=3 2 -4 4 -6 7 10 8 17 -11 19 12 -14 -15 15 -17 -18 -19 -20 -21 21 -23 23 26 -26 -27 -28 28 -30 -31
leaf_value=-0.066071439478239444 0.011300937362390628 0.007502788285892438 0.073772149529143266 0.001365255218722461 0.06431829314918637 0.0016588419622258718 0.049125661805371187 -0.011634892408230771 -0.012214226807551529 -0.046970789872988722 0.012852154716138797 0.053850783637141672 -0.15395607849254384 -0.021980332179754866 0.043451717400684979 -0.0047511556189674458 -0.037000826263341058 0.020301999707736797 -0.073961646028344444 0.037831762266715141 -0.039196976594313877 -0.065821824757584746 0.076249921547714331 0.0019078943474622255 0.0031144636406141512 0.036927232478269068 -0.031305714260967656 0.012547929572287604 -0.10566870272867666 0.019710411036920464
leaf_weight=25.980577235575765 616.96449255582411 616.27880067354999 451.0350059318589 746.2560990031343 271.31891423021443 2718.5242149338592 92.742162488400936 1884.1441010765266 1137.4977643038146 1504.4752994440496 4763.4923233247828 256.81202922970988 5.7420322080142787 900.62853684369475 623.37737266568001 12992.300266392995 1094.4338554727146 622.19562579272315 66.422365461010486 644.1284567132825 80.00761993508786 201.94355537672527 236.41147335642017 319.33690940099768 1575.714625808585 610.09865809697658 585.76187872048467 49.157940513454378 41.049006007844582 455.77510763308965
leaf_count=508 37326 23772 253108 10948 28450 29619 705 38114 10878 12462 74812 4371 199 9470 41369 405968 187456 46273 1477 21434 1280 3869 4415 6426 73380 8474 16286 647 742 5903
internal_value=-0.000211531 0.0100291 0.0358701 -0.00195515 0.0185395 -0.0026604 0.000128809 -0.01007 -0.0182917 -0.0274165 0.0110676 0.00377407 0.0459159 -0.0149688 -0.00443119 -0.00251736 -0.0195125 -0.000601465 -0.000216714 0.0158894 0.00335969 -0.0144762 0.00782604 0.00206275 0.0129274 0.0319882 -0.0194654 0.00222453 -0.0422907 0.0103369
internal_weight=36190 5248.55 1067.31 30941.5 1017.58 29923.9 21728.1 8195.81 5148.31 3388.62 6400.99 3047.5 262.554 993.371 15327.1 13615.7 1711.4 1759.69 2784.95 5407.62 4181.24 827.933 3353.3 2717.22 1812.13 636.079 905.099 625.99 90.2069 535.783
internal_count=1360141 398810 276880 961331 39398 921933 778540 143393 107727 50576 106421 35666 4570 10175 672119 447337 224782 57151 31096 96246 121930 12441 109489 100507 77795 8982 22712 8572 1389 7183
is_linear=0
shrinkage=0.08


Tree=90
num_leaves=31
num_cat=0
split_feature=4 16 3 16 3 7 7 1 4 16 1 16 12 3 10 4 16 10 9 3 15 3 3 7 16 3 4 5 16 1
split_gain=94.6482 278.568 200.623 169.009 176.685 168.343 132.166 123.799 123.617 136.526 105.041 190.199 133.247 99.5385 93.5738 92.5566 167.871 78.7137 76.1811 74.2285 69.9921 149.573 121.991 64.5989 57.0083 56.6191 55.9569 69.9431 52.6665 43.2747
threshold=8.5000000000000018 0.71081870794296276 0.42588071525096899 0.57247900962829601 0.43792808055877691 0.40224719047546392 0.79205974936485302 0.62115561962127697 21.500000000000004 0.33615820109844213 0.94665718078613292 0.95875850319862377 1.0000000180025095e-35 0.75582656264305126 0.6157280206680299 3.5000000000000004 0.81191039085388195 0.58851018548011791 0.5582576096057893 0.68801230192184459 0.32184043526649481 0.9495762586593629 0.76253134012222301 0.19399641454219821 0.77871939539909374 0.61633428931236278 7.5000000000000009 1.0000000180025095e-35 0.45049019157886511 0.42588071525096899
decision_type=2 2 2 2 2 2 2 2 2 2 2 2 2 2 2 2 2 2 2 2 2 2 2 2 2 2 2 2 2 2
left_child=1 14 15 8 -5 7 20 13 17 29 11 -7 -12 -4 -1 16 -3 -2 -19 -11 21 -6 -22 -18 -8 -9 27 -16 -20 -10
right_child=3 2 5 4 6 10 24 25 9 19 12 -13 -14 -15 26 -17 23 18 28 -21 22 -23 -24 -25 -26 -27 -28 -29 -30 -31
leaf_value=0 -0.014564772548403831 0.10055033475926096 0.007634931073233828 -0.071644485216926429 -0.033531738798932668 0.00077902787938201226 0.094238623908323146 0.11432327996586127 0.0053134660515728963 -0.07797428679498887 0.0020839553668090005 -0.022037360117073496 0.031162397708778666 0.073690708228933227 0.07033200946388618 -0.061118374426720974 0.02074572516522551 0.043554189622153849 0.020335538452763716 -0.0075313760205511227 -0.0083212761692565106 0.00070406924345321948 0.06326927782310468 -0.043324190609395359 -0.029255326738861533 0.043298046767027296 0.019805095538883735 0.026853618083635244 0.00029513837537794218 -0.071379019599952756
leaf_weight=472.41613978089299 724.12389001855627 68.327736328588799 1683.5605276063434 341.78009845368797 2149.3481158926734 10793.709882422409 98.843378723831847 99.798860449460335 770.89127052901313 288.45802234456642 4461.1370828502113 2975.6168423578492 1303.9694108114927 156.2491540760966 569.82229467079742 446.93327664973913 125.23899375554174 486.41490084934048 1579.6795549194794 151.68229495768901 1176.4817585580749 1300.5130914152833 169.8127368047135 416.32581541332183 26.172077844035812 322.59938490885543 585.2906527435407 445.31238411436789 1819.6454285898944 45.095497885835357
leaf_count=31623 75339 988 75864 31394 82598 307553 2034 1486 13150 15158 113200 89439 256346 5542 7717 36876 3678 10728 20558 7171 20609 33132 3985 36123 391 8537 14322 13254 37203 3933
internal_value=0.000197459 0.00294048 0.000383464 -0.00593048 -0.0163369 0.00204413 -0.0123944 0.0226799 0.00338481 -0.0187731 -0.000342619 -0.0041463 0.00871004 0.0135161 0.0309863 -0.0335648 -0.0127804 0.00947102 0.0140043 -0.0544148 -0.0145655 -0.020597 0.000790975 -0.0281608 0.0670236 0.0615945 0.040196 0.0516411 0.00967118 0.000471268
internal_weight=36055.3 24926.3 22853.5 11128.9 5262.95 21796.6 4921.17 2262.21 5865.99 1256.13 19534.4 13769.3 5765.11 1839.81 2072.84 1056.83 609.893 4609.86 3885.74 440.14 4796.16 3449.86 1346.29 541.565 125.015 422.398 1600.43 1015.13 3399.32 815.987
internal_count=1359931 1002548 935632 357383 174143 857967 142749 91429 183240 39412 766538 396992 369546 81406 66916 77665 40789 143828 68489 22329 140324 115730 24594 39801 2425 10023 35293 20971 57761 17083
is_linear=0
shrinkage=0.08


Tree=91
num_leaves=31
num_cat=0
split_feature=4 16 1 3 1 0 0 4 10 3 15 0 1 3 3 0 7 0 1 1 1 1 0 10 4 3 15 1 10 9
split_gain=101.066 448.424 200.521 173.368 674.455 362.666 253.24 217.392 166.873 165.069 369.089 472.954 500.888 258.344 253.135 235.296 166.445 188.88 271.494 156.371 155.755 147.981 133.652 99.3393 78.2122 71.6295 119.343 82.6449 52.9544 66.6457
threshold=3.5000000000000004 0.88303694128990184 0.94932374358177196 0.92637759447097789 0.87428161501884472 0.88762626051902782 0.92805382609367382 1.5000000000000002 0.55078604817390453 0.92718276381492626 0.18802630901336673 0.69416099786758434 0.69732204079628002 0.78192934393882763 0.76689496636390697 0.58499062061309826 0.8263767957687379 0.7320508360862733 0.80901724100112926 0.81872946023941051 0.82793453335762035 0.69416099786758434 0.89377820491790783 0.99292451143264782 2.5000000000000004 0.95180022716522228 0.058752968907356269 0.92893216013908397 0.45910002291202551 0.30143870413303381
decision_type=2 2 2 2 2 2 2 2 2 2 2 2 2 2 2 2 2 2 2 2 2 2 2 2 2 2 2 2 2 2
left_child=1 8 3 5 -5 7 -6 -3 -1 10 16 12 13 -12 -13 -14 17 19 -19 -2 -11 -16 -4 25 -10 27 -27 -22 29 -24
right_child=9 2 22 4 6 -7 -8 -9 24 20 11 14 15 -15 21 -17 -18 18 -20 -21 23 -23 28 -25 -26 26 -28 -29 -30 -31
leaf_value=-0.0035197538357849912 -0.033105464492490001 0.0052098423424606971 0.06328831912421197 0.061487265259412935 -0.10067565380595092 0.052380065187771996 -0.014153318996595854 -0.024295472806214895 0.081090459885086744 0.050463585853735192 -0.0052040346745101584 0.069267796380029445 -0.022588488870151881 0.055277712934646027 0.049360472825961219 -0.14436994811331963 0.083165703218149145 0.015107233642564555 -0.060070988090190208 0.010509708967733809 -0.04509087346725596 -0.04035517760273917 0.0073907461852650361 0.054508045022864791 0.040791998671480381 0.0021575872614398037 0.050827969973261999 0.0070853670083213405 0.026850869191084144 -0.053380031503544915
leaf_weight=413.09794538171263 1117.4861276308075 3804.8757665394805 391.45584789209533 346.21512311464176 581.28250203345669 723.12936014035949 353.60779707005713 2741.0920872869901 465.83017779822694 488.55164733959828 9404.6840550436173 886.52730092185084 187.95220105582848 469.58337319362909 196.24287776323035 231.40954109071754 79.739849646750372 367.68351897061802 1728.0521406139596 979.11054895014968 411.58604799816385 277.68659541325178 862.27686164132319 234.49341066443594 1070.0679156926344 5489.7443391287234 338.3678804130177 353.33120750321541 808.27934876125073 128.16719786077738
leaf_count=23844 115883 118398 42577 13798 14196 29317 15333 89770 10751 15554 299669 14672 2072 10804 5682 2132 1775 11136 34265 22068 10247 4796 13295 31726 33845 165574 11538 6784 172505 16458
internal_value=0.000232402 0.0059773 -0.000421042 -0.00596992 -0.0330491 -0.00115606 -0.0683695 -0.00713005 0.0412296 -0.00289782 -0.00747151 -8.0938e-05 -0.00596034 -0.00228503 0.0441462 -0.0910754 -0.0275717 -0.0298127 -0.0468007 -0.0126845 0.00703496 -0.0027445 0.0211325 0.0038693 0.0533416 0.00200405 0.00505186 -0.0208923 0.0117194 -0.000541111
internal_weight=35931.6 12689.4 10740.4 8550.2 1281.11 7269.1 934.89 6545.97 1949 23242.2 15926.2 11654.1 10293.6 9874.27 1360.46 419.362 4272.07 4192.33 2095.74 2096.6 7316.07 473.929 2190.18 6827.52 1535.9 6593.03 5828.11 764.917 1798.72 990.444
internal_count=1360464 594087 525647 280812 43327 237485 29529 208168 68440 766377 524954 339827 314677 310473 25150 4204 185127 183352 45401 137951 241423 10478 244835 225869 44596 194143 177112 17031 202258 29753
is_linear=0
shrinkage=0.08


Tree=92
num_leaves=31
num_cat=0
split_feature=16 16 1 0 3 3 10 10 14 14 10 10 14 0 5 0 15 1 12 14 15 14 15 3 0 0 3 0 0 5
split_gain=78.1007 490.805 168.986 129.309 227.309 93.4814 88.2509 326.62 202.295 153.252 96.9013 85.594 137.436 80.2014 75.2734 69.4287 67.5825 63.7099 58.1364 54.3916 44.5554 130.411 77.19 134.153 169.793 108.517 55.1891 54.7034 48.935 48.5702
threshold=0.98228842020034801 0.96490147709846508 0.7320508360862733 0.8019607961177827 0.86526826024055492 0.94494947791099559 0.4879500567913056 1.0000000180025095e-35 0.078461539000272765 0.34313726425170904 0.64941757917404186 0.81844761967659008 0.70294117927551281 0.43353414535522466 1.0000000180025095e-35 0.55775830149650585 0.096242986619472518 0.84660634398460399 1.0000000180025095e-35 0.2264957278966904 0.041508460417389877 0.16228070110082629 0.088834539055824294 0.93788579106330883 0.93957647681236278 0.90645834803581249 0.90054944157600414 0.78142958879470836 0.86706829071044933 1.0000000180025095e-35
decision_type=2 2 2 2 2 2 2 2 2 2 2 2 2 2 2 2 2 2 2 2 2 2 2 2 2 2 2 2 2 2
left_child=1 6 -3 17 16 -6 7 -1 18 10 13 14 -13 -8 -11 -10 -5 -4 -9 -12 21 27 23 -22 29 26 28 -2 -24 -25
right_child=20 2 3 4 5 -7 9 8 15 11 19 12 -14 -15 -16 -17 -18 -19 -20 -21 22 -23 25 24 -26 -27 -28 -29 -30 -31
leaf_value=0.0036840053220959209 0.049957843159122071 -0.10227988338567351 -0.035778413828134903 -0.065662988753864643 0.0035372904540176432 -0.069698355196221473 -0.027955123419342615 -0.071518035822956252 -0.03718408938577001 -0.022654609752733874 0.044250007041646472 0.013050899124184048 -0.0025555010763079621 0.010353842070936977 0.001360198517139392 0.025545697505055864 -0.22977466673428662 0.039293439289729157 -0.02048709092311396 0.018210581919439913 0.0078815904042292152 0.060617136161363473 0.0045759518220549102 0.0061902113307607965 0.0070888512939401137 0.083276521412192786 -0.055672693537500074 -0.00043891140186226953 0.068399722513895811 -0.17823217288243814
leaf_weight=3619.8648487571627 156.49611527781235 318.68877628090559 113.99856767081656 34.640293807315174 224.3030604958185 208.6238041271572 446.96494597563287 786.28514747548616 175.83982062037103 1906.9697747816681 697.09589353727642 4946.4010030821664 13310.113634075562 1534.8224046774558 1461.2567620780901 294.66132464120165 51.1058731416706 176.62398174818372 191.99143938726047 2149.1806821451755 253.21117348410189 402.42344863421749 956.65636521746637 8.0754816189873946 67.139447744237259 120.83812977693742 83.685465704416856 900.20243915537139 79.619052436435595 74.958854429482017
leaf_count=33042 2475 11759 2820 1476 9374 17516 86077 270887 36389 57912 22235 134018 263674 43600 36394 8623 678 5957 32823 61793 13222 131460 31017 303 4967 7579 1788 27400 2651 899
internal_value=-0.00017201 -0.00132983 -0.0530639 -0.0329778 -0.0567773 -0.0317818 0.000524501 -0.00913392 -0.0411729 0.00238258 0.0152626 -0.000488544 0.00166653 0.00158464 -0.0122021 0.0016208 -0.17251 0.00919771 -0.0618208 0.0247106 0.0119403 0.0221071 0.00278114 -0.0272875 -0.0859611 0.0127552 0.00466777 0.00707422 0.00993821 -0.159146
internal_weight=35752.7 32649.4 1127.98 809.296 518.673 432.927 31521.4 5068.64 1448.78 26452.8 4828.06 21624.7 18256.5 1981.79 3368.23 470.501 85.7462 290.623 978.277 2846.28 3103.31 1459.12 1644.18 403.385 150.174 1240.8 1119.96 1056.7 1036.28 83.0343
internal_count=1360808 1137047 49580 37821 29044 26890 1087467 381764 348722 705703 213705 491998 397692 129677 94306 45012 2154 8777 303710 84028 223761 161335 62426 19391 6169 43035 35456 29875 33668 1202
is_linear=0
shrinkage=0.08


Tree=93
num_leaves=31
num_cat=0
split_feature=9 9 14 14 0 12 1 3 15 16 6 14 12 14 9 9 9 14 11 18 14 3 0 14 16 3 3 16 15 15
split_gain=92.7863 91.7121 278.801 118.586 109.325 173.112 130.48 210.699 112.501 109.28 91.3936 89.2727 87.4485 89.5967 118.503 79.0754 78.499 113.995 62.3017 40.4975 23.4039 20.9071 40.7132 26.5669 20.68 38.5698 26.0824 20.6385 14.2497 17.8105
threshold=0.99206298589706432 0.88019138574600231 0.79285714030265819 0.89444443583488475 0.3948992937803269 1.0000000180025095e-35 0.48934240639209753 0.6838774085044862 0.34921142458915716 0.48304596543312078 1.0000000180025095e-35 0.77350428700447094 1.0000000180025095e-35 0.93541666865348827 0.95258533954620372 0.95780044794082653 0.93762966990470897 0.93541666865348827 1.0000000180025095e-35 1.0000000180025095e-35 0.82085561752319347 0.86729559302330028 0.7897985875606538 0.36038962006568914 0.69905659556388866 0.89323708415031444 0.78192934393882763 0.86729559302330028 0.15372104197740558 0.34921142458915716
decision_type=2 2 2 2 2 2 2 2 2 2 2 2 2 2 2 2 2 2 2 2 2 2 2 2 2 2 2 2 2 2
left_child=1 3 15 4 5 8 7 -6 -1 -7 27 -8 16 14 -14 21 20 -18 -15 24 -4 22 -3 -23 26 -26 -5 28 -2 -30
right_child=10 2 12 19 6 9 11 -9 -10 -11 -12 -13 13 18 -16 -17 17 -19 -20 -21 -22 23 -24 -25 25 -27 -28 -29 29 -31
leaf_value=-0.04059431157282526 0.062002006345660714 0.0063531868147468995 0.027821771320593852 0.012215441364562435 0.0082582365122981002 -0.0039266964741438053 0.00088796185903749136 0.078143445294831637 0.070805236918624531 -0.03508342558133476 0.063858115115278627 -0.023961397147478115 -0.042469891427478972 0.03688129487924461 0.027201708132316128 0.043678016346168289 0.030864437678167121 -0.052248702154881643 -0.0047441121312259476 -0.038202516183086385 -0.018244693288318164 -0.016076178997900009 -0.035631578480050996 0.024281143349404927 0.019672963446404602 0.0014367521091775259 0.035351832265765437 -0.012855248128262877 -0.030868395637484489 0.016429712025656108
leaf_weight=71.905091272026766 37.816876143449917 1319.456396021822 66.987705143750645 707.04274776298553 1367.3695965847583 1382.1812219442218 15206.628865204577 343.77113805193221 225.33421053213533 1532.836379129847 255.01817740267143 979.83586398570333 795.47978948365198 251.62484598672017 187.52243602846283 460.35420626361156 111.80350529152201 1031.6667893496924 2216.5846982711228 88.336499305267353 1529.3623090271722 115.49650090787327 161.02557678008452 653.29961240367265 1553.1097041536123 1457.9299142248929 612.12459773750743 190.51531426934525 48.269801961258054 688.85225380596239
leaf_count=20833 10907 21233 1225 6176 86626 42887 649396 12147 9095 145672 31362 28879 28847 6109 8439 14885 2730 8576 60934 625 13647 4945 4447 56756 21850 36801 11621 5021 1039 6747
internal_value=-1.81188e-06 -0.00077614 -0.00776955 0.00165694 -0.000831443 -0.0144137 0.00160071 0.0225783 0.0431015 -0.020397 0.0216252 -0.000613329 -0.017144 -0.00858574 -0.0289466 0.0135826 -0.0278308 -0.043884 -0.00036988 0.013569 -0.0161309 0.00726881 0.00157442 0.0179468 0.0147049 0.0109132 0.023165 0.0100332 0.0159117 0.0129297
internal_weight=35649.5 34429.1 8900.66 25528.4 21109.9 3212.26 17897.6 1711.14 297.239 2915.02 1220.47 16186.5 6191.03 3451.21 983.002 2709.63 2739.82 1143.47 2468.21 4418.54 1596.35 2249.28 1480.48 768.796 4330.21 3011.04 1319.17 965.454 774.939 737.122
internal_count=1360457 1305381 232773 1072608 995535 218487 777048 98773 29928 188559 55076 678275 130507 104329 37286 102266 26178 11306 67043 77073 14872 87381 25680 61701 76448 58651 17797 23714 18693 7786
is_linear=0
shrinkage=0.08


Tree=94
num_leaves=31
num_cat=0
split_feature=19 3 10 18 9 6 9 14 10 10 0 10 14 6 12 14 10 10 17 7 11 12 0 10 0 10 2 10 9 15
split_gain=87.4399 127.683 149.705 64.9488 57.4636 94.162 60.8754 141.195 130.105 123.346 106.863 88.0319 68.9967 47.0359 108.981 104.197 78.7199 56.0386 39.1683 29.9297 26.7408 24.5609 29.3256 22.4761 21.6077 21.2597 19.0435 18.2089 14.8948 14.0193
threshold=1.0000000180025095e-35 0.84660634398460399 0.62699216604232799 1.0000000180025095e-35 0.99206298589706432 1.0000000180025095e-35 0.86800479888916027 0.79285714030265819 0.86800479888916027 0.89672946929931652 0.59299960732460033 0.92872086167335521 0.40588235855102545 1.0000000180025095e-35 1.0000000180025095e-35 0.04446640424430371 0.76967287063598644 0.95217302441596996 1.0000000180025095e-35 0.37561881542205816 1.0000000180025095e-35 1.0000000180025095e-35 0.92805382609367382 0.39755295217037206 0.76506900787353527 0.29895798861980444 0.76506900787353527 0.92140716314315807 0.53361582756042492 0.34921142458915716
decision_type=2 2 2 2 2 2 2 2 2 2 2 2 2 2 2 2 2 2 2 2 2 2 2 2 2 2 2 2 2 2
left_child=1 13 21 4 6 26 8 11 12 -9 -10 -8 -2 14 23 18 19 -17 -16 -15 27 22 25 -1 -22 -3 29 -5 -25 -6
right_child=3 2 -4 20 5 -7 7 9 10 -11 -12 -13 -14 16 15 17 -18 -19 -20 -21 24 -23 -24 28 -26 -27 -28 -29 -30 -31
leaf_value=-0.0035610417327583922 0.00034260983976581755 0.006823317752692213 0.074325663821375315 -0.041675236547155159 -0.030256287986107577 0.061659408438433698 -0.0059763824558431641 -0.056985959146922734 -0.00456968650480934 -0.010706920188247883 0.017512376746950994 0.023703736095847684 -0.011654775889234067 0.049329009022214543 0.15588007764006759 -0.011144233136270535 0.069568489384441198 0.015348921177911645 -0.0014230110162632413 -0.0041939002347051316 0 0.043567430584810579 0.028946087031414637 0.091954845759852313 -0.1481693336083281 -0.032773261573395551 0.045671072708823292 0 0.040991144964773713 0.0040389722111897862
leaf_weight=39.744206047616899 9466.9209480297868 180.07839865144342 385.30228002258809 197.08634442853509 82.525902823545039 235.30144006520277 1282.3287423723377 391.26269019022584 2069.2794957191218 5829.9639159338549 4272.7713994905353 1255.3345418763347 4516.3102606529137 76.280361186945811 30.469414802268147 2560.4363815035904 169.81143731949851 629.27529704506742 11.286093517788684 354.79709356388776 10.196659801236821 112.83065240783617 174.02683668769896 64.719318393734284 18.661381829530001 151.83932943851687 57.877939723082818 109.0814909171313 169.26649238861864 584.45553665934131
leaf_count=1354 573373 7418 250202 3095 1717 28418 20338 4363 19004 104775 86390 25442 83082 1467 385 57989 32483 10322 453 10772 184 7454 8132 1574 179 3614 3349 815 5293 5823
internal_value=0.000250018 0.00993053 0.0354461 -0.00137446 -0.000975338 0.0182158 -0.00161742 -0.00719256 0.000778418 -0.0136866 0.0102843 0.00866063 -0.00352365 0.00361666 1.32461e-05 -0.00407499 0.024199 -0.00585166 0.114335 0.00536723 -0.0361554 0.0105782 0.00255378 0.0480575 -0.106104 -0.0110332 0.00356821 -0.0274492 0.0573859 -0.000159847
internal_weight=35489.5 5110.16 1004.08 30379.4 30044.3 960.161 29084.2 8758.89 20325.3 6221.23 6342.05 2537.66 13983.2 4106.09 3505.2 3231.47 600.889 3189.71 41.7555 431.077 335.026 618.775 505.945 273.73 28.858 331.918 724.859 306.168 233.986 666.981
internal_count=1359259 398912 276820 960347 956074 39307 916767 154918 761849 109138 105394 45780 656455 122092 77370 69149 44722 68311 838 12239 4273 26618 19164 8221 363 11032 10889 3910 6867 7540
is_linear=0
shrinkage=0.08


Tree=95
num_leaves=31
num_cat=0
split_feature=4 16 10 1 3 1 0 4 7 3 15 0 1 16 0 3 7 1 0 7 6 0 1 4 10 4 3 16 3 3
split_gain=82.7147 451.447 171.644 155.118 158.098 558.526 314.926 241.607 189.927 145.709 343.372 402.776 402.003 247.512 205.947 203.687 147.584 148.408 257.769 187.502 134.426 129.515 114.076 106.816 88.625 74.6947 60.0133 77.8364 58.3686 54.5516
threshold=3.5000000000000004 0.89237451553344738 0.47641299664974218 0.94932374358177196 0.92637759447097789 0.86512476205825817 0.87827673554420482 1.5000000000000002 0.64733895659446727 0.92718276381492626 0.19559524208307269 0.6911335587501527 0.6900656819343568 0.84262126684188854 0.56440424919128429 0.75905716419219982 0.82793453335762035 0.99565216898918163 0.7320508360862733 0.7243877947330476 1.0000000180025095e-35 0.89377820491790783 0.82793453335762035 2.5000000000000004 0.99292451143264782 12.500000000000002 0.39173060655593878 0.79516318440437328 0.75582656264305126 0.9495762586593629
decision_type=2 2 2 2 2 2 2 2 2 2 2 2 2 2 2 2 2 2 2 2 2 2 2 2 2 2 2 2 2 2
left_child=1 2 -1 4 6 -6 7 -3 -7 10 16 12 13 -12 -14 25 17 19 -19 -2 -17 -5 -11 28 29 -13 27 -25 -4 -24
right_child=9 3 23 21 5 8 -8 -9 -10 22 11 15 14 -15 -16 20 -18 18 -20 -21 -22 -23 24 26 -26 -27 -28 -29 -30 -31
leaf_value=-0.0074973743992834078 -0.028032251706683657 0.0045031293009921607 0.10009102440455543 0.061250637487321707 0.064056229652259544 0.029015784712949206 0.044927622487333799 -0.027855437886633371 -0.077402431397274721 0.044472328465309519 0.0016428667246605494 0.071976021290210246 -0.0088871415471838671 -0.049186462834794366 -0.12755238911109185 0.038667392556869185 0.082065385523256776 0.013185452981192048 -0.091560750576863942 0.028182818201139971 -0.047167239120607926 0.0082876873336449105 -0.019208852302470828 0.073027679595248987 0.053699967543629656 -0.061108353438592007 0.040415280473952597 -0.055099643332983166 0.046210627041544494 0.0046731754552360857
leaf_weight=434.97274737147382 3180.2570743317483 3689.4987783856341 318.1235025015194 355.36181563223363 281.62927161273547 118.61622635705862 796.10713617282454 2448.9322859742679 808.96178970922483 470.66516441624844 8995.7403501295485 765.736650938401 154.80105988122523 652.69103532895679 247.56859077711124 259.33979097986594 73.851488630170934 206.89967802446336 511.81540410814341 424.27736895374255 204.09355965803843 1718.3870442260231 677.14535233954666 38.402155135991052 216.25023077568039 23.040093173272908 1138.7663565143012 93.366466896259226 264.73855049101985 5849.2492946976563
leaf_count=25052 172409 115844 6010 42379 12481 4338 31930 79758 23985 15518 281935 13634 1655 20013 2299 6753 1683 3267 7285 9544 3846 200199 15163 446 31801 207 37536 4851 9245 179036
internal_value=2.76935e-05 0.00526393 0.0373438 -0.00191997 -0.0069093 -0.033549 -0.00222014 -0.00839247 -0.0635398 -0.00282372 -0.00715213 0.000215923 -0.00510734 -0.00180272 -0.0829613 0.0429205 -0.0261072 -0.0280847 -0.0613031 -0.0213412 0.000424745 0.017566 0.00657353 0.0479455 0.00387333 0.0675266 0.0344759 -0.0152842 0.0764917 0.00215799
internal_weight=35419.3 12505.9 2288.37 10217.5 8143.75 1209.21 6934.54 6138.43 927.578 22913.4 15700.1 11303 10050.8 9648.43 402.37 1252.21 4397.1 4323.25 718.715 3604.53 463.433 2073.75 7213.31 1853.4 6742.64 788.777 1270.53 131.769 582.862 6526.39
internal_count=1360102 594054 83140 510914 268336 40804 227532 195602 28323 766048 524530 330342 305902 301948 3954 24440 194188 192505 10552 181953 10599 242578 241518 58088 226000 13841 42833 5297 15255 194199
is_linear=0
shrinkage=0.08


Tree=96
num_leaves=31
num_cat=0
split_feature=9 6 4 16 6 7 2 7 3 16 7 0 3 4 16 9 2 1 2 16 0 3 2 2 16 1 13 2 2 15
split_gain=73.5447 80.6698 73.4853 296.121 150.557 150.496 181.88 137.983 130.66 127.684 119.402 103.994 80.5825 63.7054 128.464 59.0861 54.9186 48.3945 45.0481 41.9641 52.6626 38.9473 26.1237 22.028 22.0061 19.4651 18.9787 16.0801 13.7147 27.1698
threshold=0.99206298589706432 1.0000000180025095e-35 5.5000000000000009 0.78817018866539013 1.0000000180025095e-35 0.83250823616981517 0.88261792063713085 0.77712419629096996 0.42588071525096899 0.61167800426483165 0.3034138828516007 0.87827673554420482 0.89943820238113414 2.5000000000000004 0.86576578021049511 0.40586884319782263 0.86512476205825817 0.99565216898918163 0.36032786965370184 0.73401361703872692 0.3442887961864472 0.91331186890602123 0.92372334003448497 0.55351883172988903 0.92940199375152599 0.19433516263961795 1.0000000180025095e-35 0.63686314225196849 0.6911335587501527 0.34921142458915716
decision_type=2 2 2 2 2 2 2 2 2 2 2 2 2 2 2 2 2 2 2 2 2 2 2 2 2 2 2 2 2 2
left_child=2 24 3 4 19 6 7 9 13 -4 18 -12 -8 14 -5 23 -9 -14 -10 25 -21 -17 -7 -6 26 -1 28 -26 29 -2
right_child=1 -3 5 8 15 22 12 16 10 -11 11 -13 17 -15 -16 21 -18 -19 -20 20 -22 -23 -24 -25 27 -27 -28 -29 -30 -31
leaf_value=0.034936540387377014 -0.043370103905845302 0.062369411065553257 0.0031431619227827918 0.11540516878218446 0.056223146209008701 0.086910237764030271 -0.12462145036950537 0.086186959123906878 0.012882775984375294 -0.011598435056488728 -0.00511096333791922 0.0084537791720619669 0.035750154089947528 -0.065345674759450786 -0.030206845680755476 0.0010564034785574058 0.0016669937538355132 -0.051017432384045512 0.071357024235052399 -0.0020115345005744171 0.06659923316809549 0.041544374876416101 -0.056068473653540209 -0.017472287295672288 -0.050287598942246312 0.10134136867600498 -0.032651114555049238 0.01163016666941291 0.051588329786059726 0.017000679350636483
leaf_weight=49.246748128673062 45.16748918639496 223.58440634177532 6749.4345144233084 38.475830901996233 22.668806285597384 125.74676730204374 90.588732050498948 144.15502314805053 161.50966296019033 8443.3521848731325 9906.9382327729254 5689.9190565002209 43.203458576346748 267.55478589696577 340.21286785003031 229.00403361284407 79.580345214926638 247.534740358009 198.72885451692855 98.270082493429072 219.0771298771142 503.74235887394752 4.0417451150715342 306.23014647111995 59.985772363841534 225.08371830207761 47.261694222106598 37.125843186251586 63.54702493379591 693.62639033573214
leaf_count=645 3842 31342 220114 735 1975 3255 952 3091 7655 282820 315731 347581 969 25348 28452 5514 1866 4724 6080 4509 6894 21627 96 9831 782 4945 1354 2310 8119 7071
internal_value=-9.37188e-05 0.0195778 -0.000774618 0.00268399 0.0349197 -0.0047486 -0.00547458 -0.00410343 -0.000525887 -0.00504004 0.00089754 -0.000151005 -0.0597235 -0.035656 -0.0136842 0.0165569 0.0575172 -0.0371964 0.046114 0.0671851 0.0451551 0.0292005 0.079356 -0.0111479 0.00902911 0.0908322 0.0133058 -0.0256391 0.0163965 0.012828
internal_weight=35354.6 1170.3 34184.3 18256.7 1653.32 15927.6 15797.8 15416.5 16603.3 15192.8 15957.1 15596.9 381.327 646.243 378.689 1061.65 223.735 290.738 360.239 591.678 317.347 732.746 129.789 328.899 946.714 274.33 849.603 97.1116 802.341 738.794
internal_count=1360229 54820 1305409 787522 55940 517887 514536 507891 731582 502934 677047 663312 6645 54535 29187 38947 4957 5693 13735 16993 11403 27141 3351 11806 23478 5590 20386 3092 19032 10913
is_linear=0
shrinkage=0.08


Tree=97
num_leaves=31
num_cat=0
split_feature=4 16 3 7 2 2 7 0 16 0 1 2 7 4 16 3 0 3 4 16 4 16 3 5 3 1 4 4 16 10
split_gain=75.8365 202.395 137.083 129.537 295.644 144.04 231.649 216.026 127.197 226.552 174.221 219.667 195.996 145.935 141.668 118.686 114.551 110.046 87.4425 138.775 80.6545 153.75 79.2595 75.0466 71.3367 90.099 67.0076 63.8076 61.115 59.7362
threshold=8.5000000000000018 0.70638945698738109 0.42588071525096899 0.40224719047546392 0.47856706380844122 0.52689418196678173 0.46247655153274542 0.74115687608718883 0.48304596543312078 0.42163743078708654 0.49731183052062994 0.49752475321292883 0.41712453961372381 18.500000000000004 0.29758481681346899 0.88047617673873912 0.68870675563812267 0.70659971237182628 4.5000000000000009 0.80795574188232433 12.500000000000002 0.57247900962829601 0.49657534062862402 1.0000000180025095e-35 0.58102023601531994 0.49205549061298376 7.5000000000000009 1.5000000000000002 0.37807808816432958 0.51869320869445812
decision_type=2 2 2 2 2 2 2 2 2 2 2 2 2 2 2 2 2 2 2 2 2 2 2 2 2 2 2 2 2 2
left_child=1 23 18 4 16 7 -7 -5 13 20 17 15 -13 29 -15 -12 -4 22 19 -3 21 -10 -11 26 28 -26 -1 -21 -16 -2
right_child=8 2 3 5 -6 6 -8 -9 9 10 11 12 -14 14 24 -17 -18 -19 -20 27 -22 -23 -24 -25 25 -27 -28 -29 -30 -31
leaf_value=0.059664685174107224 -0.017905285432725401 0.054330302215326962 -0.0052949109198785205 -0.039845336220349366 0.066358671918837486 0.048424479845878929 -0.00021993004922256625 0.057918867108448721 0.016741539774830973 0.082944246159789639 -0.10142745559344314 0.068284817816098728 -0.010659292300928021 0.0142423493837053 -0.024900884271930091 0.077572740250143102 0.066879030396487127 0.079155335167485519 -0.067377889042676317 3.9659214970116633e-05 -0.068749727019269555 -0.061179119219375737 0.00061641634270547332 0.012541004391594366 0.051650282422417038 -0.033024538542198653 0.012741498066979749 -0.053144303803649359 -0.076457646177634592 0.026518454324875762
leaf_weight=599.23498168756487 209.90531479101628 146.60117637331132 1442.9185447901255 1069.0614405266242 628.05417392792879 644.88743190604146 17273.849201093341 161.4710256542312 296.20225750387181 81.574963748513255 225.87269930966431 204.9885289996746 4660.3243544379948 831.07244782021735 390.4785588743398 21.732740363571793 150.77047943952493 199.3793701074319 266.85484469600488 236.17727017682046 494.56824470753781 342.09675430093193 583.41413903073408 1074.6769322576583 126.43529913359089 202.21888455440057 306.48776250897208 343.67435658094473 254.12907785153948 1745.1740697651403
leaf_count=13892 18747 3878 69020 39779 17407 19831 702118 6299 9165 3904 14948 5613 122742 15329 9538 575 5543 5110 27006 17906 36379 34337 23239 40096 4145 11740 10155 29877 13082 28403
internal_value=0.000172704 0.00265774 0.000477201 0.00183737 0.020101 -0.000277964 0.00153485 -0.0267047 -0.00537701 -0.011675 -0.00541128 -0.0110539 -0.00723363 0.00649153 -0.00984183 -0.0838584 0.00162081 0.0276538 -0.0284892 -0.0136221 -0.0444144 -0.0249223 0.0114981 0.0271384 -0.0305387 0 0.0441191 -0.0313934 -0.0459049 0.0216338
internal_weight=35214.3 24344.7 22364.3 21371 2221.74 19149.3 17918.7 1230.53 10869.6 7110.15 5977.29 5112.92 4865.31 3759.41 1804.33 247.605 1593.69 864.368 993.308 726.453 1132.87 638.299 664.989 1980.4 973.262 328.654 905.723 579.852 644.608 1955.08
internal_count=1359803 1002807 938664 859997 91970 768027 721949 46078 356996 256012 176131 143878 128355 100984 53834 15523 74563 32253 78667 51661 79881 43502 27143 64143 38505 15885 24047 47783 22620 47150
is_linear=0
shrinkage=0.08


Tree=98
num_leaves=31
num_cat=0
split_feature=4 16 16 4 16 0 7 4 0 7 3 1 0 0 16 4 1 16 4 14 4 4 3 14 3 3 4 14 2 4
split_gain=63.4865 79.5232 74.5091 149.074 101.077 149.558 242.223 165.509 81.0618 89.4824 78.8357 51.3149 93.7917 43.0343 57.2403 67.4935 43.6537 37.9875 51.2963 36.4698 33.0441 24.0032 22.9083 22.2422 17.7169 17.6446 16.2159 15.5752 11.0675 8.72676
threshold=29.500000000000004 0.2124435901641846 0.36899313330650335 17.500000000000004 0.50352111458778392 0.3948992937803269 0.34525330364704138 10.500000000000002 0.42163743078708654 0.35111427307128912 0.75905716419219982 0.60640108585357677 0.45512083172798162 0.13873296231031421 0.2124435901641846 12.500000000000002 0.42588071525096899 0.40175439417362219 20.500000000000004 0.53589746356010448 21.500000000000004 16.500000000000004 0.60922586917877208 0.88194444775581371 0.92718276381492626 0.86526826024055492 26.500000000000004 0.12771739065647128 0.43657262623310095 34.500000000000007
decision_type=2 2 2 2 2 2 2 2 2 2 2 2 2 2 2 2 2 2 2 2 2 2 2 2 2 2 2 2 2 2
left_child=2 29 13 4 11 7 -7 -6 17 20 -11 12 -4 14 26 -16 19 18 -5 27 -10 -18 -19 -21 -3 -13 -1 -15 -23 -2
right_child=1 24 3 8 5 6 -8 -9 9 10 -12 25 -14 16 15 -17 21 22 -20 23 -22 28 -24 -25 -26 -27 -28 -29 -30 -31
leaf_value=-0.10670128168096892 0.025806187298455876 -0.088933984416377787 0.018806568824898479 0.015945443160787248 -0.0091347866169525782 0.032762217602631497 -0.00076737886420187834 -0.061220359168031924 0.07770387915843617 -0.063813595934135964 0 -0.040922851964481803 0.083214463789683557 0.096763790038500205 -0.12692218718497988 0.032051772803298191 0.016373521778151635 -0.077477745310081947 -0.070782161190832943 0.0012501796128875397 -0.020029448039722723 -0.074158396522043493 0.0072971395227874403 0.027801963886492965 0.0087726196242323366 0.0034996837420578791 -0.0026416958310252641 0.039018987715367479 -0.011684275078199795 -0.018528518453145622
leaf_weight=40.60252926684916 70.992214867612347 123.57175921823364 1056.3228354364401 93.331600282457657 1982.7631828811136 1449.4730303591059 26438.297800793982 485.54953972558724 82.627864098059945 195.26984068122692 322.22613630339038 59.852643016027287 166.69818769930862 35.766557427297812 14.625013852259142 121.13351454457734 65.289252159418538 281.72136709012557 71.524955799512099 377.32664493308403 24.114015634520911 40.215830379049294 17.406019526533782 465.98719318083022 8.9198014694266003 462.02773015596904 16.566618500044569 413.55173291172832 46.27702363737626 37.110970579669811
leaf_count=636 1108 4938 23900 2291 130775 56150 993668 37778 2683 8964 13888 3875 4992 3956 184 1312 3148 18610 3474 3036 1166 4445 1175 3662 719 15491 276 10104 2409 737
internal_value=-6.60826e-05 -0.0406013 0.000215144 -0.000603192 0.000381188 -0.000691335 0.000975154 -0.0195484 -0.0296563 -0.0103637 -0.0243966 0.01908 0.0280187 0.0168517 -0.0178392 0.00988894 0.0216413 -0.0548839 -0.0217163 0.0264548 0.0542848 -0.017868 -0.0719798 0.0161878 -0.0811125 -0.00163131 -0.0817579 0.0449821 -0.0449463 0.00902552
internal_weight=35067.1 240.595 34826.5 33189.2 32101 30356.1 27887.8 2468.31 1088.22 624.238 517.496 1744.9 1223.02 1637.34 192.928 135.759 1444.41 463.984 164.857 1292.63 106.742 151.782 299.127 843.314 132.492 521.88 57.1691 449.318 86.4929 108.103
internal_count=1359550 7502 1352048 1318880 1266629 1218371 1049818 168553 52251 26701 22852 48258 28892 33168 2408 1496 30760 25550 5765 20758 3849 10002 19785 6698 5657 19366 912 14060 6854 1845
is_linear=0
shrinkage=0.08


Tree=99
num_leaves=31
num_cat=0
split_feature=19 1 10 16 16 4 3 16 4 5 15 3 2 16 16 2 1 10 2 1 1 4 16 15 14 7 3 3 3 3
split_gain=61.2336 124.035 135.799 64.8412 285.144 222.52 482.85 131.126 249.041 134.613 121.816 187.13 136.872 120.313 112.882 99.4155 76.1648 68.9154 45.6495 54.5929 42.1284 40.1989 73.2275 37.0483 111.836 46.0302 86.4576 35.8975 35.7951 34.2623
threshold=1.0000000180025095e-35 0.84889996051788341 0.67700320482254039 0.9569842815399171 0.98095065355300914 1.5000000000000002 0.87226107716560375 0.92637759447097789 2.5000000000000004 1.0000000180025095e-35 0.01244272803887725 0.95040982961654674 0.88975694775581371 0.86425063014030468 0.94312667846679699 0.42947559058666235 0.76506900787353527 0.49545417726039892 0.89512962102890026 0.82793453335762035 0.96039214730262767 22.500000000000004 0.32466214895248419 0.042684840038418777 0.16228070110082629 0.69282051920890819 0.93788579106330883 0.66260164976120006 0.89323708415031444 0.93643954396247875
decision_type=2 2 2 2 2 2 2 2 2 2 2 2 2 2 2 2 2 2 2 2 2 2 2 2 2 2 2 2 2 2
left_child=1 21 -3 5 10 6 14 8 17 16 -5 12 -12 -10 27 -16 -9 -7 19 -8 -11 -1 -23 24 28 29 -27 -2 -6 -25
right_child=3 2 -4 4 23 7 18 9 13 20 11 -13 -14 -15 15 -17 -18 -19 -20 -21 -22 22 -24 25 -26 26 -28 -29 -30 -31
leaf_value=0.0045482208430675406 0.12987473221799017 0.011093149293138347 0.076300676607265125 0.0041671226534178577 0.031255084293666816 -0.0047302839045107424 0.013139562285731437 -0.088426882918820893 -0.00046098948424882439 -0.016600052268802054 -0.047710751075773043 -0.13210817586997795 0.022806422725351876 -0.018200935420701513 -0.054731390209529378 0.048430086692972774 -0.0047970823557251544 0.037484206265282864 -0.010481578441411161 -0.07894450674269099 0.035837182174804305 0 -0.081109252948621396 0.0023124489737429308 0.055919808704402628 0 -0.072584505665521659 0.073909736104622342 -0.0067324988372373567 0.053369089690802091
leaf_weight=3726.0592008391395 126.62621192651568 571.7453743845108 321.42959724261891 383.72016526898369 198.25644894724246 294.90847810055129 47.440860824775882 278.05331274302443 18544.922794551181 594.87111591745634 1035.3395987102995 142.65982090402395 205.5987725215964 2817.4523210896295 62.636226629372686 476.88660264579812 98.746541966451332 1322.5253734145081 276.14860504982062 183.71567315224092 111.05262441106606 236.65886629687157 96.392555760452524 860.93592403351795 327.00005225365749 343.13122292247135 147.50654547568411 342.2957161644008 713.02873534092214 89.420510845142417
leaf_count=122082 3920 32387 238558 12849 2164 19099 1047 9060 571448 14850 31979 4816 7195 80783 5525 10982 1690 27182 15768 3522 4160 3443 2039 27884 65070 6907 3085 6223 20226 3278
internal_value=-0.000113948 0.00811841 0.0350318 -0.00147824 -0.0103893 6.63495e-05 0.0297508 -0.00180268 -0.000510773 -0.0289468 -0.0352982 -0.0463341 -0.0358544 -0.00281188 0.0617295 0.0357671 -0.0672792 0.0296977 -0.0334877 -0.0594903 -0.00793178 0.00212115 -0.0242244 0.00601679 0.016154 -0.0026095 -0.0224658 0.0905707 0.0014828 0.0075381
internal_weight=34977.2 4952.29 893.175 30024.9 4446.6 25578.3 1515.75 24062.5 22979.8 1082.72 1767.32 1383.6 1240.94 21362.4 1008.44 539.523 376.8 1617.43 507.305 231.157 705.924 4059.11 333.051 2679.28 1238.29 1440.99 490.638 468.922 911.285 950.356
internal_count=1359221 398509 270945 960712 185453 775259 46987 728272 698512 29760 56839 43990 39174 652231 26650 16507 10750 46281 20337 4569 19010 127564 5482 128614 87460 41154 9992 10143 22390 31162
is_linear=0
shrinkage=0.08


Tree=100
num_leaves=31
num_cat=0
split_feature=19 1 10 16 16 1 3 2 2 14 9 10 9 3 5 3 1 15 15 3 5 10 6 1 3 3 6 14 15 14
split_gain=64.439 96.4502 144.384 55.4429 277.447 116.13 111.152 162.759 85.9702 66.9911 259.375 207.432 182.759 78.4688 133.125 73.7209 185.766 139.166 60.2294 47.6519 35.9128 96.6484 73.9856 59.3658 254.935 105.282 29.2183 28.729 27.805 99.3771
threshold=1.0000000180025095e-35 0.84889996051788341 0.62169164419174205 0.95875850319862377 0.99166667461395275 0.75716626644134533 0.93127068877220165 0.9529346525669099 0.89512962102890026 0.08893280848860742 1.0000000180025095e-35 0.47641299664974218 0.49668815732002264 0.80217391252517711 1.0000000180025095e-35 0.95488464832305919 0.97259759902954113 0.0598654542118311 0.45775941014289862 0.80217391252517711 1.0000000180025095e-35 0.66802722215652477 1.0000000180025095e-35 0.62575301527977001 0.67028987407684337 0.71937501430511486 1.0000000180025095e-35 0.44097222387790685 0.041508460417389877 0.18898809701204303
decision_type=2 2 2 2 2 2 2 2 2 2 2 2 2 2 2 2 2 2 2 2 2 2 2 2 2 2 2 2 2 2
left_child=1 20 -3 9 5 19 8 -8 -7 10 -2 -12 13 14 -11 16 -14 -17 -13 27 22 26 23 25 -25 -1 -22 -5 29 -6
right_child=3 2 -4 4 28 6 7 -9 -10 12 11 18 15 -15 -16 17 -18 -19 -20 -21 21 -23 -24 24 -26 -27 -28 -29 -30 -31
leaf_value=-0.0012257530638657527 0.002331845191360849 0.0077608370743941779 0.075741018097201698 -0.048577809728027006 0.0019458705478652923 -0.019102478098326842 -0.1052364849955159 0 0.042755928978127508 0.018235211518202583 -0.071066223244961313 -0.0043821323738220206 -0.0005964532250387571 0.0033740016365606702 0.074033693200212761 0.0041064385200128926 -0.037562578549502075 0.051657714965341286 0.13274283867182995 0.0014531316390571627 0.066379220337439759 0.063318862546932295 0.10169510575953754 0.057309542453760208 -0.076658194280129571 0.060533272510956602 -0.0073001700975445349 -0.097585647687435592 -0.0010823386794273835 0.055102773243981613
leaf_weight=2800.1040450043511 3156.4786043968052 554.56829790573101 314.48525294597493 163.49259860126767 918.28035734069999 622.05037213931791 203.06493151304312 173.59013301297091 180.94131049729185 810.35587864444824 649.81032882322324 362.12087780318689 14486.087589643954 670.78303601848893 420.90464231162332 3869.9566583693959 921.39176091435365 435.27225755294785 16.656721130013466 48.776461089379154 32.497138380538672 218.83088180329651 40.320570445153862 133.47293689195067 257.27030505798757 183.28990037133917 409.61870916257612 239.36819891049527 1446.4121816172265 296.36255644744961
leaf_count=49998 21773 25633 245542 15013 22506 10154 3862 12559 5964 63260 286835 24147 262855 9720 8246 77784 16024 9986 391 994 754 46290 1020 2247 10415 7698 8950 3268 41706 64395
internal_value=0.000236016 0.00869889 0.0328365 -0.00115042 -0.00956452 -0.0355033 -0.0219305 -0.0575173 -0.00478733 0.000244821 -0.00900626 -0.0437978 0.00204509 0.025694 0.0376615 -0.00023457 -0.00282894 0.00900549 0.00288188 -0.0699761 0.00347856 0.0204746 0.000116677 -0.0011985 -0.0303463 0.00260991 -0.000844873 -0.0789285 0.00631329 0.0152196
internal_weight=35036.6 4944.46 869.054 30092.2 4292.34 1631.28 1179.65 376.655 802.992 25799.8 4185.07 1028.59 21614.8 1902.04 1231.26 19712.7 15407.5 4305.23 378.778 451.637 4075.4 660.947 3414.46 3374.14 390.743 2983.39 442.116 402.861 2661.06 1214.64
internal_count=1359989 398547 271175 961442 180421 51814 32539 16421 16118 781021 333146 311373 447875 81226 71506 366649 278879 87770 24538 19275 127372 55994 71378 70358 12662 57696 9704 18281 128607 86901
is_linear=0
shrinkage=0.08


Tree=101
num_leaves=31
num_cat=0
split_feature=10 9 9 14 14 10 10 14 11 5 10 14 9 0 9 7 3 19 9 0 14 3 1 0 1 9 11 9 6 15
split_gain=55.7456 320.515 185.854 155.814 90.4137 146.76 110.993 105.68 92.4102 104.689 81.1057 77.8687 64.9299 59.9524 51.5311 51.3995 49.8478 44.8115 51.4823 42.6037 40.8472 42.701 42.3927 35.696 56.2834 34.474 34.0771 33.8582 31.975 22.1308
threshold=0.48450405895709997 0.30521412193775183 0.41910465061664587 0.078461539000272765 0.34313726425170904 0.64418154954910289 0.81585493683815014 0.70294117927551281 1.0000000180025095e-35 1.0000000180025095e-35 0.98367321491241466 0.069047622382640853 0.65176862478256237 0.64747309684753429 1.0000000180025095e-35 0.33508773148059851 0.49657534062862402 1.0000000180025095e-35 0.44783893227577215 0.44136746227741247 0.2264957278966904 0.49657534062862402 0.80217391252517711 0.64326766133308422 0.65648320317268383 0.34217563271522528 1.0000000180025095e-35 0.38477630913257604 1.0000000180025095e-35 0.18452543765306476
decision_type=2 2 2 2 2 2 2 2 2 2 2 2 2 2 2 2 2 2 2 2 2 2 2 2 2 2 2 2 2 2
left_child=1 11 25 17 5 12 8 13 15 -10 -9 14 16 -8 23 -6 -4 18 -3 -5 22 -22 -7 24 -1 -2 -16 -21 -25 -27
right_child=2 3 4 19 6 20 7 10 9 -11 -12 -13 -14 -15 26 -17 -18 -19 -20 27 21 -23 -24 28 -26 29 -28 -29 -30 -31
leaf_value=-0.0072297976054043261 0.068956376831148483 -0.043422691496176113 -0.041501839213485367 -0.05122291664393662 0.040726675552121457 0.05309152837297762 0.0011115672066897358 -0.0062843284350950976 -0.038481009702919851 0.0088936026846841449 0.0088039630376657192 0.10046511171799224 0.049947641870818078 0.018175024338491282 -0.056352129334251919 -0.0064046118388303352 -0.0053030130480328543 -0.071926486435655801 0.063485426575188839 0.038960770650351209 -0.0044579777684100701 0.021711261974967155 0.0094344021021812163 0.030792685968001166 0.041418341654848555 0.011369926275726021 0.033297835545540867 -0.0098943105703665785 -0.001414012927841375 0.040279593755300838
leaf_weight=253.40127366688102 173.96625613339711 196.47802670695819 294.85571169829927 91.682405059342273 160.16744114249013 440.88894450187217 2595.7106967429863 11589.790389750851 1368.0423563337536 372.80646953257383 2826.3645245921216 46.333059110445902 110.71812675957335 2718.3738585423271 145.97003817319637 1408.5592523688392 1391.968157877971 658.91097684862325 28.041210022289306 138.94999537453987 501.51486036309507 1758.3049865512003 227.15619289697497 202.92875091079623 354.24807897955179 318.43572305687121 27.209522083634511 233.83569691178855 3823.5496178586036 426.96702535724035
leaf_count=6187 7960 7336 69893 27910 6548 9321 34234 251602 46103 30238 109620 1350 5324 159317 41167 26189 46905 289719 574 4433 22950 54751 16129 1696 3040 11617 1239 12224 34043 20550
internal_value=-0.000273632 -0.00715188 0.00120884 -0.0415929 2.82066e-05 0.0101082 -0.00203397 0.000233593 -0.0155804 -0.0282476 -0.00331307 0.00241272 -0.00780723 0.00987919 0.00133104 -0.00137672 -0.0118291 -0.0612359 -0.0282812 -0.00363617 0.0211564 0.0158359 0.0386648 0.00298339 0.0209766 0.0364982 -0.0408295 0.00816677 0.000205648 0.0283007
internal_weight=34886.1 6201.54 28684.6 1347.9 27765.2 4725.41 23039.8 19730.2 3309.58 1740.85 14416.2 4853.64 1797.54 5314.08 4807.31 1568.73 1686.82 883.43 224.519 464.468 2927.86 2259.82 668.045 4634.13 607.649 919.369 173.18 372.786 4026.48 745.403
internal_count=1360169 430918 929251 342196 889124 225273 663851 554773 109078 76341 361222 88722 122122 193551 87372 32737 116798 297629 7910 44567 103151 77701 25450 44966 9227 40127 42406 16657 35739 32167
is_linear=0
shrinkage=0.08


Tree=102
num_leaves=31
num_cat=0
split_feature=3 7 2 1 3 1 0 13 12 2 0 1 3 16 3 0 10 3 14 14 9 16 3 1 0 3 16 1 1 14
split_gain=53.9093 157.565 384.73 305.336 314.978 251.209 178.475 176.035 149.309 148.81 435.872 468.574 238.59 142.373 121.462 115.066 94.13 82.9217 57.4215 123.345 56.9036 40.0535 35.8811 35.553 34.9994 36.1934 33.9888 31.7966 28.1592 43.5758
threshold=0.42588071525096899 0.42163743078708654 0.49151568114757543 0.48934240639209753 0.68614074587821972 0.59675306081771862 0.54201978445053112 1.0000000180025095e-35 1.0000000180025095e-35 0.63373982906341564 0.77836257219314586 0.63224515318870556 0.73375529050827037 0.70412456989288341 0.60922586917877208 0.27812939882278448 0.99292451143264782 0.81530213356018078 0.078461539000272765 0.53589746356010448 1.0000000180025095e-35 0.16823899745941165 0.77303028106689464 0.68020617961883556 0.18561584502458575 0.35805861651897436 0.55291152000427257 0.64051282405853283 0.28743545711040502 0.25833334028720861
decision_type=2 2 2 2 2 2 2 2 2 2 2 2 2 2 2 2 2 2 2 2 2 2 2 2 2 2 2 2 2 2
left_child=8 2 3 4 6 20 -2 9 28 10 11 -3 13 -11 -7 21 -14 18 23 -20 -5 -10 -12 -4 -23 -26 -17 -19 29 -1
right_child=1 7 17 5 -6 14 -8 -9 15 12 22 -13 16 -15 -16 26 -18 27 19 -21 -22 24 -24 -25 25 -27 -28 -29 -30 -31
leaf_value=0.16487140500244324 -0.0023751144007444526 -0.0024684572511928893 -0.025767276680442264 0.015520277705367663 0.070569875612044253 0.094532837263274078 0.057572084442127885 0.058892847055039423 -0.086695663997211278 -0.041808552667471535 -0.029643610396712074 -0.054063981159060005 -0.0036344140241837465 0.030985278360427464 -0.015694846424240027 -0.012167708236382031 0.028569794276110692 0.063776078827661536 0.11472195765382258 0.048103802218755883 -0.09031691287016208 0.011611155516737848 0.064413281322065086 0.068077852857218277 -0.018630580272403871 0.0056635223191511732 -0.045414547595602067 -0.0065723511721956854 0 0.043267992106921158
leaf_weight=18.281414115044754 3128.1715999940643 3070.16133744939 67.957062372006476 31.094547675922513 513.5506396383862 70.664257524884306 348.35139024525415 297.34921238094103 32.272222637431696 181.19647870026529 22.377319568186067 1781.3277186271735 16510.208848431794 2095.601670846343 407.97505900025135 293.4735759132891 596.25488044094527 47.605865530553274 282.29016550083179 545.17094247799832 404.70136976777576 724.84572964633116 441.16486179147614 34.488131607824471 1023.3243036839995 618.39522796741221 740.30268105817959 173.07770623319084 70.953440246870741 220.620178720681
leaf_count=1692 140451 103040 12212 894 16634 2018 6215 31056 533 3639 465 59317 613827 48016 20278 12963 66259 2087 4895 6859 27370 10565 16427 1903 38022 16984 77172 6337 8273 3514
internal_value=-4.82374e-05 0.00104088 0.0126171 0.00279539 0.0123892 -0.038732 0.00365976 -0.00175898 -0.0091165 -0.00250743 -0.0143607 -0.021482 0.000737443 0.025043 0.00105694 -0.0139701 -0.00249455 0.0541514 0.064597 0.0715755 -0.0823119 -0.00425347 0.0592634 0.00603435 -0.00288135 -0.00939302 -0.0362343 0.008971 0.0435127 0.0564185
internal_weight=34793.2 31050.7 6055.1 4904.51 3990.07 914.435 3476.52 24995.6 3742.47 24698.3 5315.03 4851.49 19383.3 2276.8 478.639 3432.61 17106.5 1150.59 929.906 827.461 435.796 2398.84 463.542 102.445 2366.57 1641.72 1033.78 220.684 309.855 238.902
internal_count=1359917 1190199 248153 213860 163300 50560 146666 942046 169718 910990 179249 162357 731741 51655 22296 156239 680086 34293 25869 11754 28264 66104 16892 14115 65571 55006 90135 8424 13479 5206
is_linear=0
shrinkage=0.08


Tree=103
num_leaves=31
num_cat=0
split_feature=18 4 16 16 3 2 7 3 1 2 4 1 4 7 16 2 2 16 3 4 2 1 14 16 3 1 7 11 14 5
split_gain=57.1735 62.2404 179.246 121.427 116.327 107.048 354 189.487 138.842 130.423 90.0438 94.9287 88.938 86.8071 74.018 116.238 73.8893 71.5977 82.1095 67.9358 55.7752 54.2205 48.0361 33.8399 52.652 43.1226 30.5028 30.2394 19.9477 17.1376
threshold=1.0000000180025095e-35 8.5000000000000018 0.73746865987777721 0.58658170700073253 0.45867486298084265 0.52689418196678173 0.46247655153274542 0.80982521176338207 0.52689418196678173 0.64747309684753429 5.5000000000000009 0.70064935088157665 13.500000000000002 0.79205974936485302 0.40175439417362219 0.38148742914199835 0.8263767957687379 0.65039682388305675 0.91458967328071605 24.500000000000004 0.88493064045906078 0.59675306081771862 0.074175827205181136 0.31311275064945226 0.66260164976120006 0.57804551720619213 0.18635658919811252 1.0000000180025095e-35 0.16228070110082629 1.0000000180025095e-35
decision_type=2 2 2 2 2 2 2 2 2 2 2 2 2 2 2 2 2 2 2 2 2 2 2 2 2 2 2 2 2 2
left_child=1 2 10 12 29 7 22 8 -4 -8 11 26 23 16 19 -16 -6 21 -19 -14 -15 -12 -7 24 -3 -25 -1 -2 -13 -5
right_child=27 3 5 4 13 6 9 -9 -10 -11 17 28 14 20 15 -17 -18 18 -20 -21 -22 -23 -24 25 -26 -27 -28 -29 -30 -31
leaf_value=0.028756440020687838 -0.023126401736347932 -0.12551151837531507 -0.0095085305493063741 -0.066954861153987771 -0.0088561610539045418 0.0046656640147268759 -0.016883908159564615 0.054085650984369391 -0.051209055980814495 0.0030986111265133582 0.051001727504598283 -0.0045109596618195455 0.01626111437371295 0.079582121514524276 -0.038424341288153495 0.00069510147259940346 -0.040648737327140402 -0.017332030789673596 0.021808289372647983 -0.015541858752959981 -0.05924279238902716 0.0079281162713952646 0.059177819202362196 0.028644079909885625 0.032688001884561994 0.0035697168110510923 0.089643373710857802 -0.1038649609640149 0.031154477779409068 0.0304473370743969
leaf_weight=84.139975635218434 312.20792370583513 21.782768333796412 2825.9879805169767 278.18766224896535 3728.3173428202281 127.99311045877403 2460.5779043997172 250.89872154087061 624.50841222034069 13731.920826733753 429.21427782566752 145.87786622933345 1448.4531360836118 98.062194273399655 794.18946171525749 1220.6122629741731 536.31338469596813 701.17337427707389 660.80183683894575 601.509836604062 17.394122999685351 349.80290823744144 766.37212897310383 1127.345860751695 21.454085105506238 745.28512182523264 260.75166020111647 30.613151083263801 267.19039706821786 7.0258960670907973
leaf_count=1183 4893 307 159706 32854 115146 11467 71624 11310 22861 606356 9458 4750 31347 2155 39946 53638 9068 33974 20699 16712 216 13047 14623 29705 793 23844 6651 561 11171 343
internal_value=8.0254e-05 0.000411732 0.00269943 -0.00466226 -0.0143344 9.09327e-05 0.00277123 -0.0122261 -0.0171654 4.79571e-05 0.0213174 0.0450162 0.00286161 -0.0110263 -0.00380561 -0.0147026 -0.0129347 0.0127676 0.00155129 0.00683637 0.0557482 0.0320383 0.0516238 0.0170634 -0.0484446 0.0187861 0.0758698 -0.0321856 0.018273 -0.0635209
internal_weight=34676 34333.1 23687.2 10645.9 4665.3 20788.3 17086.9 3701.4 3450.5 16192.5 2898.95 757.96 5980.63 4380.09 4064.76 2014.8 4264.63 2140.99 1361.98 2049.96 115.456 779.017 894.365 1915.87 43.2369 1872.63 344.892 342.821 413.068 285.214
internal_count=1360408 1354954 998880 356074 159782 897947 704070 193877 182567 677980 100933 23755 196292 126585 141643 93584 124214 77178 54673 48059 2371 22505 26090 54649 1100 53549 7834 5454 15921 33197
is_linear=0
shrinkage=0.08


Tree=104
num_leaves=31
num_cat=0
split_feature=4 16 1 16 4 0 4 16 0 0 0 16 0 1 2 1 4 16 0 1 4 15 16 0 16 1 10 2 1 1
split_gain=67.6471 344.87 96.3111 141.525 430.309 164.918 138.51 152.716 120.987 109.168 107.171 88.4542 214.202 117.702 242.697 175.309 97.0283 98.0822 186.878 197.466 115.685 90.3516 89.247 130.49 83.444 74.3187 67.4333 64.3816 61.0187 64.5958
threshold=3.5000000000000004 0.86729559302330028 0.94932374358177196 0.93387979269027721 1.5000000000000002 0.86222714185714733 1.5000000000000002 0.95199692249298107 0.84877073764801036 0.6832355558872224 0.51530769467353832 0.84262126684188854 0.62115561962127697 0.64549729228019725 0.6442561447620393 0.80901724100112926 5.5000000000000009 0.65419578552246105 0.5388936996459962 0.60640108585357677 13.500000000000002 0.19355649501085284 0.76043477654457103 0.40862709283828741 0.45049019157886511 0.64549729228019725 0.56949043273925792 0.83414238691329967 0.75134408473968517 0.60922586917877208
decision_type=2 2 2 2 2 2 2 2 2 2 2 2 2 2 2 2 2 2 2 2 2 2 2 2 2 2 2 2 2 2
left_child=1 26 3 4 10 -6 7 -5 -4 -8 -3 16 28 -14 21 -16 22 20 -19 -20 -18 -15 25 -24 -22 -2 -1 -10 29 -13
right_child=11 2 8 6 5 -7 9 -9 27 -11 -12 12 13 14 15 -17 17 18 19 -21 24 -23 23 -25 -26 -27 -28 -29 -30 -31
leaf_value=0.0084340155944659777 0.062041419933838757 0.15479852098406166 0.062076070611525265 0.028041005133788068 -0.010420060577750079 0.036449470934246872 -0.088729620802936129 -0.01298916221653708 0.055194414225765702 -0.02046539191608069 0.058751526875668904 -0.054753440989824917 0.046966849358315618 -0.04628604207249841 0.036452572931678355 -0.018323829938712202 0.012529250104939754 -0.038565541801020141 0.027004106033771291 -0.010791272500758061 0.0031619998029133963 -0.18816238909346247 -0.061149535741366244 0.008674939355489561 -0.01862440472992424 0.01448166175622518 0.053541851890349872 0.0026085790094362723 0.027895120428519406 -0.13540827403119335
leaf_weight=282.31289418460801 343.87332784896716 103.29328788188286 300.67938938134466 674.64517786493525 2524.2651899924967 587.82448305533035 240.39492793084355 3923.2075700506684 159.86038180213654 418.20343931525713 317.0022734424565 402.00782981538214 240.83693406288512 68.513995065353811 495.51138825656381 1466.8380927699618 3957.8678601225838 1223.5861790872295 1057.5839465396712 5246.9805321008898 2615.4999319734634 57.505167669034563 179.21052995097125 2392.4947983955499 1955.2221372443018 570.77359813431394 1004.7176363508042 1654.6138075781346 39.591584765235893 80.484412176068872
leaf_count=15988 8778 2252 38358 22166 89306 23818 8274 134133 11096 11613 8099 21300 4825 2813 12028 53681 128891 92071 24961 127070 70190 582 15439 85219 93219 21145 30758 198723 944 2247
internal_value=-2.86774e-05 0.00476083 0.000115297 -0.00356002 0.00879034 -0.00147155 -0.0118904 -0.0069101 0.0154347 -0.0461044 0.084275 -0.0026436 -0.0157963 -0.00528762 -0.011488 -0.00435346 -0.000712919 -0.00334788 -0.0100041 -0.0044094 0.00251123 -0.116958 0.0113642 0.00363788 -0.00613279 0.0327764 0.0438421 0.00746842 -0.061881 -0.0697865
internal_weight=34585.4 12191 10904 8788.84 3532.39 3112.09 5256.45 4597.85 2115.15 658.598 420.296 22394.4 2851.29 2329.21 2088.37 1962.35 19543.1 16056.7 7528.15 6304.56 8528.59 126.019 3486.35 2571.71 4570.72 914.647 1287.03 1814.47 522.084 482.492
internal_count=1359987 594584 547838 299661 123475 113124 176186 156299 248177 19887 10351 765403 98420 73929 69104 65709 666983 536402 244102 152031 292300 3395 130581 100658 163409 29923 46746 209819 24491 23547
is_linear=0
shrinkage=0.08


Tree=105
num_leaves=31
num_cat=0
split_feature=4 16 16 0 7 2 4 16 13 4 7 2 10 14 4 16 3 12 14 3 16 16 4 10 3 3 3 6 17 16
split_gain=60.0139 111.673 68.538 117.18 186.547 223.585 151.575 160.856 132.355 107.819 95.2419 86.2779 53.8101 75.9271 48.7126 48.3685 67.2203 43.6168 43.5871 39.681 42.8732 33.326 47.6638 28.3014 20.1737 19.7273 19.0187 16.2099 19.0459 15.4844
threshold=22.500000000000004 0.26365442574024206 0.50352111458778392 0.3948992937803269 0.37561881542205816 0.45923791825771337 10.500000000000002 0.64760348200798046 1.0000000180025095e-35 4.5000000000000009 0.29818989336490637 0.57804551720619213 0.55078604817390453 0.12771739065647128 7.5000000000000009 0.24037037044763568 0.66260164976120006 1.0000000180025095e-35 0.59166666865348827 0.72613638639450084 0.36899313330650335 0.16823899745941165 34.500000000000007 0.94715359807014476 0.53093111515045177 0.51222422719001781 0.58102023601531994 1.0000000180025095e-35 1.0000000180025095e-35 0.24037037044763568
decision_type=2 2 2 2 2 2 2 2 2 2 2 2 2 2 2 2 2 2 2 2 2 2 2 2 2 2 2 2 2 2
left_child=2 21 12 6 5 10 7 14 11 -9 -5 -6 -1 27 -4 16 -15 -17 -7 20 24 23 26 -2 -3 -8 29 28 -14 -23
right_child=1 19 3 4 8 18 25 9 -10 -11 -12 -13 13 15 -16 17 -18 -19 -20 -21 -22 22 -24 -25 -26 -27 -28 -29 -30 -31
leaf_value=-0.01612045740496159 -0.066201559349068892 -0.043780157360049143 0.061098958448302466 0.036044449812421449 -0.012056855330776972 0.086998455607860611 -0.062020578675992317 -0.0027743957735296937 0.052567858620202149 -0.047836060304171979 -0.0058734666205490574 0.0005803929375825706 0.16651013221315153 -0.075255759010258952 0.009481790037433567 0.037431011660980097 0.049538157551432482 0.011024455145915924 0.04213457348637796 -0.0023783023918941461 -0.09006041247148365 0.047747083569813692 -0.06690181499838796 0.016055444594789074 0.0097738935765687499 0 -0.033941480810982104 0.0076539634854948402 0 0.0043785070971373791
leaf_weight=383.09508568031015 53.735179538140073 241.31247029505903 208.03970501746517 498.48539475729922 4124.6140259236563 288.75709656096296 442.50222120992839 867.47670804537483 288.26194511848735 563.27459230809473 1098.4855183876352 21133.22282876604 26.367870129179209 80.605731080751866 284.36786394991213 493.75246329657966 35.081750841171015 2279.0728793902672 339.4459382990317 130.19115547550609 143.89625266991789 222.04539603088051 29.199627336056437 41.704586184234358 47.450258399592713 39.639422308595385 20.106562983593903 10.871638201409949 6.8073930785758412 81.042458062409423
leaf_count=42783 1064 6430 3282 19426 156402 12768 38583 60867 31104 54527 54471 783136 461 803 11681 5541 1385 41414 4997 6917 9793 2631 819 995 2033 2902 1327 247 292 1264
internal_value=0.000225121 -0.0189265 0.000810567 -0.000384644 0.00107828 0.02327 -0.0173089 -0.00709712 -0.000852626 -0.020731 0.00718276 -0.00147892 0.0117209 0.0154336 0.0320064 0.0136694 -0.0356023 0.0158431 0.0635333 -0.0425502 -0.0541075 0.0105532 0.0221529 -0.0296546 -0.0344188 -0.0572222 0.0315829 0.114675 0.139959 0.0369294
internal_weight=34502.9 1010.68 33492.2 30176.6 27771.3 2225.17 2405.3 1923.16 25546.1 1430.75 1596.97 25257.8 3315.65 2932.56 492.408 2888.51 115.687 2772.83 628.203 562.85 432.659 447.834 352.394 95.4398 288.763 482.142 323.194 44.0469 33.1753 303.088
internal_count=1360345 33273 1327072 1234146 1062304 91662 171842 130357 970642 115394 73897 939538 92926 50143 14963 49143 2188 46955 17765 25173 18256 8100 6041 2059 8463 41485 5222 1000 753 3895
is_linear=0
shrinkage=0.08


Tree=106
num_leaves=31
num_cat=0
split_feature=4 16 3 1 3 3 5 3 12 12 3 1 15 3 3 3 1 2 12 5 2 1 14 1 3 1 1 1 3 16
split_gain=56.5758 244.545 106.8 92.0225 301.731 185.786 176.979 165.84 149.482 90.534 111.724 78.1826 77.2118 269.393 240.75 136.077 220.45 365.396 120.303 125.123 90.6454 318.646 133.856 76.473 73.6996 110.808 103.999 66.7538 65.8839 64.5461
threshold=4.5000000000000009 0.83899769186973583 0.81302964687347423 0.73499399423599254 0.80982521176338207 0.7897985875606538 1.0000000180025095e-35 0.65058138966560375 1.0000000180025095e-35 1.0000000180025095e-35 0.89512962102890026 0.79431909322738659 0.28572742640972143 0.75905716419219982 0.91922956705093395 0.72613638639450084 0.78910306096076976 0.64747309684753429 1.0000000180025095e-35 1.0000000180025095e-35 0.44920890033245092 0.45035210251808172 0.37980769574642187 0.87570226192474376 0.95180022716522228 0.92031747102737438 0.92637759447097789 0.59299960732460033 0.65058138966560375 0.76417112350463878
decision_type=2 2 2 2 2 2 2 2 2 2 2 2 2 2 2 2 2 2 2 2 2 2 2 2 2 2 2 2 2 2
left_child=1 2 29 4 6 28 7 -3 -8 10 -7 -11 14 18 15 16 17 -2 19 -14 21 -20 -22 -16 25 -25 -26 -15 -5 -1
right_child=12 3 -4 5 -6 9 8 -9 -10 11 -12 -13 13 27 23 -17 -18 -19 20 -21 22 -23 -24 24 26 -27 -28 -29 -30 -31
leaf_value=0.092482834831658603 -0.022226260864564324 -0.014400673198196535 0.014274350855304086 0.066460941352579836 0.047421146655277281 0.011433430564335354 -0.017662516692910725 -0.056631945193206565 0.037595886437425827 -0.038328470733019544 -0.01344296367839108 0.019451974593843745 0.043779859874463138 0.070480336276419295 0.031663633346328317 -0.029653430038641532 -0.067046710499745546 0.06352885205011323 -0.0065980841250993152 -0.019736556163551144 0.063904737210316573 -0.1119551444518767 0.0012631837139865977 -0.071655666750671004 0.063215712707552024 -0.00080111899938261624 0.0017607667200129895 0.013995714386498589 0.021463474776521576 0.038019510188363866
leaf_weight=189.9800252962159 778.91547394386726 1712.1092511377647 1315.7666214713536 249.64395730738761 512.02439013012918 1615.4479756200162 691.48212602513377 923.83304546144791 562.3100741749513 158.36684044467984 3986.3627160248288 1665.2295078125899 672.4189989939332 429.12565144593827 562.85180955805117 3323.7232529582107 264.01764854998328 528.80038507736754 4836.3100080783479 273.33870314597152 250.47017273050733 186.35511641914491 1543.0735611954005 208.84310498426203 179.49951097153826 430.33811577101005 4138.7668787429575 209.12413249752717 1367.3346045096696 629.90197682142025
leaf_count=3567 118859 85633 57259 5505 21238 35167 46132 15041 12792 7103 106166 274716 15612 12321 16552 95588 5571 10851 166216 3847 5449 3096 18150 4951 5091 7937 131335 4789 41022 22617
internal_value=-1.85509e-05 0.00354178 0.0286568 -0.000445101 -0.00993573 0.00416011 -0.0175782 -0.0293415 0.00704397 -0.00117636 -0.00623678 0.0142556 -0.00297519 0.00271649 -0.00757994 -0.0204913 -0.000982114 0.0124385 -0.00138554 0.0252471 -0.0051201 -0.0106464 0.0102534 0.00384918 0.000630263 -0.0245767 0.00442246 0.0524744 0.0286927 0.0513176
internal_weight=34395.8 15579.8 2135.65 13444.1 4401.76 9042.39 3889.73 2635.94 1253.79 7425.41 5601.81 1823.6 18816 8400.22 10415.8 4895.46 1571.73 1307.72 7761.97 945.758 6816.21 5022.67 1793.54 5520.3 4957.45 639.181 4318.27 638.25 1616.98 819.882
internal_count=1360173 733958 83443 650515 180836 469679 159598 100674 58924 423152 141333 281819 626215 229480 396735 230869 135281 129710 212370 19459 192911 169312 23599 165866 149314 12888 136426 17110 46527 26184
is_linear=0
shrinkage=0.08


Tree=107
num_leaves=31
num_cat=0
split_feature=14 2 16 16 4 16 4 16 7 0 14 9 12 9 9 0 7 2 12 2 16 9 16 2 9 7 0 1 19 7
split_gain=55.6264 97.1705 76.2072 131.283 103.76 113.384 91.8926 76.1936 98.2515 77.6215 75.5838 182.815 278.421 146.203 89.1445 75.3118 126.468 228.962 105.733 80.592 74.5666 68.92 49.3888 44.3458 40.7155 36.7091 69.2903 34.5802 28.1471 26.5348
threshold=0.67708334326744091 0.99565216898918163 0.95875850319862377 0.98095065355300914 3.5000000000000004 0.89528506994247448 1.5000000000000002 0.84698995947837841 0.8078865408897401 0.65345367789268505 0.097619049251079573 0.24626532942056659 1.0000000180025095e-35 0.39352983236312872 0.48792158067226415 0.3948992937803269 0.40224719047546392 0.4817046076059342 1.0000000180025095e-35 0.6442561447620393 0.40175439417362219 0.5085725486278535 0.96490147709846508 0.63686314225196849 0.33406755328178411 0.73735308647155773 0.92031747102737438 0.89699381589889537 1.0000000180025095e-35 0.57712131738662731
decision_type=2 2 2 2 2 2 2 2 2 2 2 2 2 2 2 2 2 2 2 2 2 2 2 2 2 2 2 2 2 2
left_child=10 2 4 22 5 -2 -7 8 -6 -9 11 -1 14 24 28 18 17 -17 -15 -18 -20 -14 -4 -24 -12 26 -5 -27 -13 -23
right_child=1 -3 3 25 7 6 -8 9 -10 -11 13 12 21 15 -16 16 19 -19 20 -21 -22 29 23 -25 -26 27 -28 -29 -30 -31
leaf_value=0.0038831168700389856 0.032307902637802678 0.07090110049543516 -0.018282271651416902 -0.00079650200993702141 -0.0046087258126844615 0.02217068026141647 -0.012682825108800467 -0.068847194399632272 0.056282791587017079 -0.014845741317640484 0.074289982670481744 -0.033785155770433728 0 0.046604711567111157 -0.0071531797805354878 0.011816780358794977 -0.0071978561684855301 0.085473419421931957 0.0065851818965072832 0.0095093859573890764 -0.022612352145239326 0.09087648591957255 -0.11727067328633237 -0.048466071452523192 0.029305603733019898 0.029003390365874852 0.070584216163308539 -0.041916641859909037 -0.070953509822962876 0.022154534330074829
leaf_weight=4641.48381467117 1040.2803033906966 106.67431491060415 285.7747232747497 571.14454166073119 8856.0586597524525 756.51798189763213 1324.1369605563814 213.0085761063383 167.60955294338055 865.00937806727597 191.19275111664319 205.61244873027317 325.49385942466324 207.24285976222018 250.72367836645572 1183.4198700048146 2773.5308322655619 348.67453870057943 857.86837828170974 5474.4965259300952 1559.1011204257957 93.451381745515391 78.689942000375595 362.14686163968872 483.13009091358981 50.042711367714219 96.796635477425298 191.85635478442418 639.17390403771424 74.918967372446787
leaf_count=49376 25683 74121 6619 10163 150339 17032 33157 2645 4059 24809 8560 8207 47161 11245 10066 43150 60543 6924 18760 267138 120025 7070 919 10339 23971 1297 6061 8889 296763 4761
internal_value=0.000281329 -0.00337371 -0.00394137 -0.0202098 -0.001909 0.0108118 0 -0.00585835 -0.00342944 -0.0259324 0.00312258 -0.0041109 -0.0274953 0.00658119 -0.0499507 0.00458573 0.00782211 0.0289072 -0.00740691 0.00387097 -0.0121908 0.0219968 -0.0454402 -0.0622841 0.0427486 0 0.00975767 -0.0263068 -0.0623474 0.0627413
internal_weight=34275.3 14965.7 14859.1 1636.45 13222.6 3120.94 2080.65 10101.7 9023.67 1078.02 19309.5 6230.86 1589.37 13078.7 1095.51 12404.3 9780.12 1532.09 2624.21 8248.03 2416.97 493.864 726.612 440.837 674.323 909.84 667.941 241.899 844.786 168.37
internal_count=1359852 376132 302011 44287 257724 75872 50189 181852 154398 27454 983720 423404 374028 560316 315036 527785 377755 50074 150030 327681 138785 58992 17877 11258 32531 26410 16224 10186 304970 11831
is_linear=0
shrinkage=0.08


Tree=108
num_leaves=31
num_cat=0
split_feature=10 9 14 0 10 14 14 12 9 12 12 14 10 10 9 10 14 14 0 10 9 10 3 3 10 9 16 3 9 14
split_gain=53.6299 120.798 91.9169 110.854 102.68 86.7794 106.581 176.769 116.11 70.2556 64.0191 59.4009 57.5683 57.5119 127.202 240.665 116.973 113.417 78.2052 56.6 55.5937 79.5547 52.4755 51.9658 51.3832 48.0987 47.3361 46.2121 45.0893 42.1808
threshold=0.94313561916351329 0.81835731863975536 0.82085561752319347 0.41728855669498449 0.99086740612983715 0.67708334326744091 0.93095237016677868 1.0000000180025095e-35 0.89212158322334301 1.0000000180025095e-35 1.0000000180025095e-35 0.77350428700447094 0.97227710485458385 0.65582582354545604 0.30803118646144872 0.40631225705146795 0.30384616553783422 0.064583335071802153 0.45512083172798162 0.90946349501609813 0.56511989235878002 0.82774659991264354 0.87007671594619762 0.87007671594619762 0.99799197912216198 0.79596912860870372 0.70638945698738109 0.90054944157600414 0.88247200846672069 0.074175827205181136
decision_type=2 2 2 2 2 2 2 2 2 2 2 2 2 2 2 2 2 2 2 2 2 2 2 2 2 2 2 2 2 2
left_child=5 -2 3 24 9 13 7 25 26 28 -10 22 -11 14 17 29 -15 -1 -17 -13 -18 -22 -9 -6 -3 -7 -8 -28 -4 -16
right_child=1 2 4 -5 23 6 8 11 10 12 -12 19 -14 16 15 18 20 -19 -20 -21 21 -23 -24 -25 -26 -27 27 -29 -30 -31
leaf_value=0.0035682374807304742 0.026390606755032641 0.0006804908595940206 0.017188559794260701 0.030131548116871198 0.0048147395852799618 0.024985613974560738 0.022567995357021264 -0.029466498605902228 -0.031621902494160171 0.0057624602894075184 0.0021839080600201798 -0.070249668239692808 -0.021733253680596483 0.025659408418666162 -0.069720392334206904 -0.030173754244562503 0.01729283576826485 0.095866025511625805 0.00047647629603756472 -0.029595492821974212 -0.011745955214065535 0.0060945169742006545 0.019081618784838102 0.03985659930728911 -0.060681392448955845 -0.0097361425887803037 0.013378974633262118 -0.0093642658216859746 -0.032415450059327958 -0.0054248563223056687
leaf_weight=4786.2321700666798 1477.757940970303 265.52225014497526 123.42600967315957 1198.2334029281919 1575.3498076069809 460.30282192645245 914.22623384476174 792.17038408096414 987.10412029011059 1448.3708858379687 547.12122438513325 453.87032406110666 725.11549943004502 1557.7878709867073 505.15990154087194 659.4890019815939 1222.3942196482676 81.969996561936568 2638.8068799493485 481.70451673027128 2714.6467946716584 3872.3023891214689 165.68272626437829 326.74575554206967 121.53372620791197 553.82371572242118 1049.5716301785142 1240.9845159640245 1117.6318191251485 82.189924029284157
leaf_count=92194 51275 2287 1282 67159 26348 6514 8537 15154 6109 41080 14447 12686 23165 61277 213268 161180 43365 2845 123491 15685 96651 128743 26450 55324 1366 9518 12567 21900 9765 8412
internal_value=0.000106355 0.00566834 0.00119249 0.0180855 -0.00382678 -0.00169696 -0.00884363 -0.0208915 -0.00140387 -0.0121408 -0.0194945 -0.0353096 -0.003366 0.00131152 -0.00333814 -0.0141344 0.00567329 0.00525193 -0.00563995 -0.0497565 0.00165216 -0.00123705 -0.0208473 0.0110069 -0.0187069 0.00591201 0.00722368 0.000993814 -0.0273046 -0.0611151
internal_weight=34147.2 8379.69 6901.93 1585.29 5316.64 25767.5 7646.56 2907.55 4739.01 3414.54 1534.23 1893.43 2173.49 18121 8753.85 3885.65 9367.13 4868.2 3298.3 935.575 7809.34 6586.95 957.853 1902.1 387.056 1014.13 3204.78 2290.56 1241.06 587.35
internal_count=1360044 279051 227776 70812 156964 1080993 149567 86007 63560 75292 20556 69975 64245 931426 601390 506351 330036 95039 284671 28371 268759 225394 41604 81672 3653 16032 43004 34467 11047 221680
is_linear=0
shrinkage=0.08


Tree=109
num_leaves=31
num_cat=0
split_feature=19 2 10 10 4 0 15 0 2 7 1 6 0 12 0 9 12 2 7 15 9 0 10 5 10 6 7 14 1 14
split_gain=66.8919 84.3206 94.1968 38.2039 37.1906 36.6824 144.954 97.9632 94.0041 232.583 149.949 192.008 91.844 91.1576 77.553 64.3493 62.2279 54.1008 40.2537 36.0174 30.6765 28.8705 28.4498 25.9582 87.6597 59.5722 24.6392 24.3005 22.9429 21.6138
threshold=1.0000000180025095e-35 0.76993650197982799 0.63300246000289928 0.98598098754882824 18.500000000000004 0.3948992937803269 0.47063747048377996 0.28743545711040502 0.49752475321292883 0.42933948338031774 0.49205549061298376 1.0000000180025095e-35 0.55036231875419628 1.0000000180025095e-35 0.55775830149650585 0.88019138574600231 1.0000000180025095e-35 0.48528139293193823 0.29459981620311743 0.53913697600364696 0.88531070947647106 0.45512083172798162 0.69852143526077282 1.0000000180025095e-35 0.77435165643692028 1.0000000180025095e-35 0.11374663189053537 0.93541666865348827 0.60107529163360607 0.29705883562564855
decision_type=2 2 2 2 2 2 2 2 2 2 2 2 2 2 2 2 2 2 2 2 2 2 2 2 2 2 2 2 2 2
left_child=1 3 -3 4 23 7 8 16 10 13 12 -12 -7 -10 18 -11 -2 22 21 -18 28 -8 -9 25 -25 -1 -24 -22 -6 -21
right_child=5 2 -4 -5 20 6 14 17 9 15 11 -13 -14 -15 -16 -17 19 -19 -20 29 27 -23 26 24 -26 -27 -28 -29 -30 -31
leaf_value=0.00016850182002977468 0.037330282096095589 0.012588930411846531 0.074951987434265871 0.033445623960155144 -0.0018211778285804961 -0.01521872958241181 0.010860545108623807 -0.058191843190981578 0.0081684371954319056 0.00052996688803978395 -0.085590052165760502 -0.0067631314474859211 0.045261065609386288 0.059030159425758753 0.051490324572383478 -0.0090433985384052243 -0.034803946392790129 0.059939397306986775 0.0032670404362816221 0.034840437482352667 -0.027183535758124815 0.065035352739160182 0.08283643417130282 0.0026206734473955173 0.069139504091143389 0.09898295703988956 -0.025853574119784405 -0.12676154320855257 -0.065601808255349989 -0.0024476857554090125
leaf_weight=2540.9855735922756 258.75441928056534 456.3655105791986 238.44143251390778 266.92755766911432 398.19268533325521 452.83363551524235 136.86320473137312 203.38298499915982 395.12152859166963 15592.054114607774 380.03913373287651 418.40459369955352 241.5039992275415 552.88443257490871 442.06244831578806 6292.4179009416839 211.62858162022894 38.161920301412465 877.72580512030981 100.63607135880738 62.70109868911095 131.53567112190649 8.1155817117542011 518.48530552547891 165.46356820157962 34.714403454447165 959.11398703674786 21.884451660094783 35.484126999159344 1689.8463268599007
leaf_count=60322 7160 24033 216315 14937 7263 75164 2104 92223 21087 421612 16098 31971 7345 8714 7412 156256 49652 2534 8623 1738 888 1058 54 18951 52014 907 32370 354 2463 18482
internal_value=0.00010721 0.00892556 0.0346017 0.00443823 0.00230492 -0.00131107 -0.000269684 -0.00903115 -0.00180653 -0.000525617 -0.0212245 -0.0447811 0.00576172 0.0381534 0.0231006 -0.00221678 0.000740756 -0.0273679 0.0118356 -0.0039896 -0.017426 0.0386993 -0.030593 0.00551291 0.0193304 0.00175148 -0.0243557 -0.0603699 -0.00809279 -0.000171566
internal_weight=34122.7 4739.65 694.807 4044.84 3777.91 29383.1 25913.4 3469.64 24325.3 22832.5 1492.78 798.444 694.338 948.006 1588.19 21884.5 2260.87 1208.77 1146.12 2002.11 518.262 268.399 1170.61 3259.65 683.949 2575.7 967.23 84.5856 433.677 1790.48
internal_count=1360104 398447 240348 158099 143162 961657 757444 204213 738247 607669 130578 48069 82509 29801 19197 577868 77032 127181 11785 69872 10968 3162 124647 132194 70965 61229 32424 1242 9726 20220
is_linear=0
shrinkage=0.08


Tree=110
num_leaves=31
num_cat=0
split_feature=10 14 14 12 6 12 6 6 10 1 10 2 1 10 3 0 2 0 14 14 14 10 1 0 16 4 16 3 16 3
split_gain=44.9219 101.601 82.2242 164.348 130.499 97.7763 269.014 228.734 213.562 177.055 173.839 137.893 133.207 85.6467 73.6079 63.525 58.8189 50.9107 50.0178 149.31 84.4339 54.0825 48.9978 48.0004 46.9572 78.6696 77.9302 67.729 61.5004 44.7938
threshold=0.91592711210250866 0.64495798945426952 0.51470589637756359 1.0000000180025095e-35 1.0000000180025095e-35 1.0000000180025095e-35 1.0000000180025095e-35 1.0000000180025095e-35 1.0000000180025095e-35 0.60922586917877208 0.67700320482254039 0.70396453142166149 0.68020617961883556 0.43204939365386968 0.86319074034690868 0.65030118823051464 0.99565216898918163 0.72314789891242992 0.64495798945426952 0.67708334326744091 0.93541666865348827 0.82774659991264354 0.90353596210479747 0.79431909322738659 0.9569842815399171 2.5000000000000004 0.91945946216583263 0.90366768836975109 0.97849214076995861 0.55351883172988903
decision_type=2 2 2 2 2 2 2 2 2 2 2 2 2 2 2 2 2 2 2 2 2 2 2 2 2 2 2 2 2 2
left_child=2 -2 5 4 22 7 11 13 17 29 -10 12 -7 14 -1 -11 24 -9 21 -20 -21 -5 -4 -6 25 26 -3 -27 -26 -8
right_child=1 16 3 18 23 6 9 8 10 15 -12 -13 -14 -15 -16 -17 -18 -19 19 20 -22 -23 -24 -25 28 27 -28 -29 -30 -31
leaf_value=-0.027791102441808081 0.025999383861103668 0.044600498992101986 0.04283816201192199 -0.062184120533183597 0.0090909147170689982 -0.00063137720979467146 0.17756899071780577 0.017870713341302306 -0.041712965403942842 0.06321544050713028 -0.0030139944520782371 0.042797009824696169 -0.04912894004849571 0.046961358449144452 0.042919628853747484 0.017176289776996607 0.069315366887085311 -0.0024540914206905014 0.010646688389742366 -0.041127015158411301 -0.0073660083088294684 -0.020893822394014508 -0.0073866538508038796 -0.011939061101742771 -0.033027902329248369 -0.0050525649685009165 0.0055328223449180791 0.010338656379000529 0.0030559597111119124 0.079393600430104322
leaf_weight=234.89591850011493 1196.1263203659328 523.74119801260531 602.88613845792133 342.62924007259426 1068.310765732138 3312.3562070202606 41.594268180662766 1028.4954781723209 1746.8159601215448 236.4848355188733 1307.6827392849664 406.55779041000642 403.04894752602559 694.40318636590382 150.15382930065971 1071.8954519658 76.275764076388441 3294.205827539321 950.15432755491929 1200.5573056654248 806.98888205309049 551.46990017101052 148.07959463956649 1939.9157069733483 564.69002483435906 5726.8504394874908 889.61340239443234 2682.5178557205072 626.95965261844685 203.00981636415236
leaf_count=47811 47200 13415 7720 12290 9090 240211 770 11313 281847 6147 18247 15466 6434 28493 4583 96373 64688 30006 54826 45252 21339 18291 2724 26839 16405 71647 25955 107421 22686 4193
internal_value=1.96137e-05 0.00388995 -0.00216056 -0.00886421 0.00299849 0.00144044 0.0095675 -0.00399686 -0.00905111 0.0378893 -0.0252296 -0.00109719 -0.00599438 0.0302799 0 0.0258285 0.00148039 0.00235986 -0.0204721 -0.0153214 -0.0276874 -0.0371525 0.0327396 -0.0044149 0.000964865 0.0027999 0.020229 -0.000120654 -0.013976 0.0999517
internal_weight=34029.4 12286.8 21742.6 7610.99 3759.19 14131.6 5674.95 8456.65 7377.2 1552.98 3054.5 4121.96 3715.41 1079.45 385.05 1308.38 11090.6 4322.7 3851.8 2957.7 2007.55 894.099 750.966 3008.23 11014.4 9822.72 1413.35 8409.37 1191.65 244.604
internal_count=1359682 369417 990265 198371 46373 791894 369594 422300 341413 107483 300094 262111 246645 80887 52394 102520 322217 41319 151998 121417 66591 30581 10444 35929 257529 218438 39370 179068 39091 4963
is_linear=0
shrinkage=0.08


Tree=111
num_leaves=31
num_cat=0
split_feature=9 10 9 6 2 6 13 0 1 3 2 7 0 1 0 3 3 3 2 1 1 3 3 4 10 0 3 15 15 2
split_gain=46.9394 118.724 79.2521 84.25 57.7819 63.9843 81.0312 66.4862 140.668 58.6911 47.3926 224.719 172.192 175.826 276.788 174.024 125.717 82.6255 117.686 77.3534 36.7476 47.0047 32.8541 21.7954 19.8151 16.2238 17.3419 14.9393 23.1694 74.2626
threshold=0.86800479888916027 0.94396263360977184 0.99206298589706432 1.0000000180025095e-35 0.98610842227935802 1.0000000180025095e-35 1.0000000180025095e-35 0.67826876044273388 0.78629976511001598 0.86319074034690868 0.56691542267799389 0.47413024306297308 0.71503761410713207 0.56440424919128429 0.5673658847808839 0.74601566791534435 0.77849927544593822 0.71010184288024913 0.64747309684753429 0.63224515318870556 0.57294833660125744 0.8521554470062257 0.77303028106689464 8.5000000000000018 0.79418799281120311 0.6106402873992921 0.59317129850387584 0.14161648601293567 0.34921142458915716 0.65142410993576061
decision_type=2 2 2 2 2 2 2 2 2 2 2 2 2 2 2 2 2 2 2 2 2 2 2 2 2 2 2 2 2 2
left_child=1 10 4 27 5 7 9 22 -9 -7 12 16 13 15 -15 -1 24 18 -13 -19 -14 -22 -2 25 -12 26 -3 -4 29 -29
right_child=2 23 3 -5 -6 6 -8 8 -10 -11 11 17 20 14 -16 -17 -18 19 -20 -21 21 -23 -24 -25 -26 -27 -28 28 -30 -31
leaf_value=-0.0054732728246014396 -0.0076367553177161922 0.024408591417913437 0.045117228780878947 0.062578135834372203 0.065315503530530783 -0.025033118891473315 0.06176134055196543 0.052122907122723577 -0.010248162460444268 -0.0077270837881778789 0.099656057761660088 -0.0056504610516721525 0.074733196480729666 0.0010330024257038208 -0.079515979263976549 0.061690875898707934 0.004683196454011284 0.039819283874436805 0.038925327548297549 -0.0024257948160380429 -0.034488236169858591 0.051021074921431868 0.025956934033606695 0.0095816389372801285 0.054819689044426356 0.03416549273745681 -0.0093721796016531973 -0.13847757642278644 0.0070822835073199508 0.0099267050750114268
leaf_weight=5286.9191257402417 2759.3529606699594 304.95439133280888 51.41894023588975 196.78383455605945 65.078569515113486 2016.5851413140772 85.838512570917374 433.43714821751928 480.18534975708462 3430.2208591335802 192.19988705578726 693.10201213660184 177.57518745755078 563.60893971324549 517.40029735828284 253.80383809376508 237.74989836110035 278.69751579512376 814.38373709202278 11998.606468782702 57.943655277893413 108.85450266604312 193.18110864626942 768.7239287213888 165.77158472736483 795.4231258003565 130.30193188579869 25.375612959265709 757.93318385409657 66.841082648956217
leaf_count=368391 26410 3080 13140 31217 58036 31381 7150 11943 15443 104267 9042 23179 7465 38540 22621 9361 8414 9581 19028 452451 1868 3263 4462 14050 2457 50541 2386 246 8301 1935
internal_value=-5.00409e-05 0.00194722 -0.00447862 0.0157727 -0.00685292 -0.0074041 -0.0129189 0.000453055 0.0192901 -0.0141808 0.000191634 0.00282223 -0.00521402 -0.00811713 -0.0375612 -0.00231499 0.0507234 0.000722892 0.0183738 -0.00143798 0.0494674 0.0202456 -0.00534449 0.0205637 0.0803749 0.0272274 0.0139407 0.00509126 0.00223366 -0.0342863
internal_weight=33908.3 23346 10562.2 1098.35 9463.88 9398.8 5532.64 3866.16 913.622 5446.81 21346.6 14380.5 6966.11 6621.73 1081.01 5540.72 595.721 13784.8 1507.49 12277.3 344.373 166.798 2952.53 1999.4 357.971 1230.68 435.256 901.569 850.15 92.2167
internal_count=1359649 1045718 313931 54839 259092 201056 142798 58258 27386 135648 975661 524152 451509 438913 61161 377752 19913 504239 42207 462032 12596 5131 30872 70057 11499 56007 5466 23622 10482 2181
is_linear=0
shrinkage=0.08


Tree=112
num_leaves=31
num_cat=0
split_feature=19 1 10 18 9 10 0 7 10 10 14 14 0 15 9 7 10 0 14 1 10 0 14 5 11 14 15 5 10 7
split_gain=46.1267 80.5384 111.547 41.7571 35.5448 75.3113 64.5003 118.249 91.037 54.2202 51.747 42.3335 42.3942 34.6624 33.0305 26.6648 72.9971 44.9914 54.4322 49.8999 47.4671 39.6051 39.5428 34.1897 25.2081 23.7578 23.6645 23.0831 19.5997 17.7688
threshold=1.0000000180025095e-35 0.84889996051788341 0.67700320482254039 1.0000000180025095e-35 0.80069687962532055 0.97685134410858165 0.48404073715209966 0.36032786965370184 0.58851018548011791 0.89326858520507824 0.67708334326744091 0.64495798945426952 0.90501254796981823 0.32941332459449774 0.8657362461090089 0.44562648236751562 0.83960041403770458 0.44136746227741247 0.11437908560037614 0.48934240639209753 0.98467409610748302 0.4712491780519486 0.1702898591756821 1.0000000180025095e-35 1.0000000180025095e-35 0.36038962006568914 0.3444173932075501 1.0000000180025095e-35 0.9656645953655244 0.46621005237102514
decision_type=2 2 2 2 2 2 2 2 2 2 2 2 2 2 2 2 2 2 2 2 2 2 2 2 2 2 2 2 2 2
left_child=1 15 -3 4 5 6 8 -8 -2 10 13 28 -13 -6 -12 17 21 18 26 -19 -20 -17 -23 29 -5 -21 -1 -7 -11 -18
right_child=3 2 -4 24 9 27 7 -9 -10 11 14 12 -14 -15 -16 16 23 19 20 25 -22 22 -24 -25 -26 -27 -28 -29 -30 -31
leaf_value=0.016698244286842228 -0.047785545891843299 0.0098093167534252963 0.074781379887760582 -0.020425587032949374 -0.012460107172774609 0.019581071766600323 0.043007163958053207 0.001391010082952413 -0.0043574765572718518 0.0090050044991804475 -0.015684821716776782 -0.0049023767661687022 0.013001239284921716 0.015542775686196608 -0.045798385038215275 0.056842938555784671 -0.040981568612702989 0.041992793532690878 -0.0063508006176382827 0.019711947538999752 0.031402749338439444 -0.0072697043176528095 -0.046121386192743231 0.06971073238977249 -0.093418011597355244 -0.019099018613486944 0.12911854716759086 0.059941853010087462 0.040274178172283917 0.018827360085047345
leaf_weight=29.941725516226143 373.92005110956961 544.64087930589449 246.43018183560343 301.41909350431524 1016.8948287380044 286.15580981422681 447.75388315183227 12990.997772260336 1741.9531055467669 837.7994531445438 586.33329615136608 8512.1133094239631 931.20985975969234 382.80414478376042 420.99183400033507 33.0119048433844 33.63251232681796 408.39238966387347 1809.8478113851743 217.26545109698782 235.96938789711567 362.21847884036833 330.87668213265715 77.500451457221061 31.700104943069164 178.57282377406955 23.981740671908483 149.39076912472956 154.21549899911042 157.97430739412084
leaf_count=2541 172748 32551 238397 3937 17140 4098 22082 403404 93471 16012 7255 125753 70001 6408 5106 569 868 10768 36848 4292 3135 8072 15057 26959 371 8085 825 8482 4671 9823
internal_value=2.06639e-05 0.00738445 0.0305926 -0.00115912 -0.000825485 0.00168461 0.000750019 0.00280496 -0.0122021 -0.00396273 -0.0147801 -0.00144636 -0.00311401 -0.00465962 -0.0285923 0.00260182 -0.00860179 0.00650458 0.000250345 0.0225334 -0.00185225 -0.0218846 -0.0262438 0.0263996 -0.0291236 0.00178432 0.0761249 0.034311 0.0142041 0.00674013
internal_weight=33855.9 4690.26 791.071 29165.7 28832.5 15990.2 15554.6 13438.8 2115.87 12842.4 2407.02 10435.3 9443.32 1399.7 1007.33 3899.19 995.214 2903.97 2099.74 804.231 2045.82 726.107 693.095 269.107 333.119 395.838 53.9235 435.547 992.015 191.607
internal_count=1359729 398790 270948 960939 956631 704285 691705 425486 266219 252346 35909 216437 195754 23548 12361 127842 61348 66494 43349 23145 39983 23698 23129 37650 4308 12377 3366 12580 20683 10691
is_linear=0
shrinkage=0.08


Tree=113
num_leaves=31
num_cat=0
split_feature=4 16 3 16 0 7 4 4 15 3 1 0 3 7 14 16 0 1 1 3 14 1 0 3 0 3 0 1 0 3
split_gain=44.133 412.855 144.109 140.957 247.476 124.274 123.004 122.272 103.958 161.743 335.233 233.347 131.646 109.003 106.557 92.5588 93.4916 89.3122 83.7917 113.841 76.8415 76.2239 365.791 241.458 75.0544 71.9403 63.1398 75.3782 62.0274 126.379
threshold=2.5000000000000004 0.91945946216583263 0.8521554470062257 0.86425063014030468 0.64747309684753429 0.83414238691329967 1.5000000000000002 4.5000000000000009 0.036722237244248397 0.93582704663276683 0.88047617673873912 0.91331186890602123 0.91010102629661571 0.66343042254447948 0.16228070110082629 0.76417112350463878 0.38757823407649999 0.63702240586280834 0.74115687608718883 0.67028987407684337 0.17914438992738727 0.63224515318870556 0.58885449171066295 0.92718276381492626 0.83047896623611461 0.62418830394744884 0.76506900787353527 0.77015754580497753 0.88036698102951061 0.98571136593818676
decision_type=2 2 2 2 2 2 2 2 2 2 2 2 2 2 2 2 2 2 2 2 2 2 2 2 2 2 2 2 2 2
left_child=1 2 6 5 18 7 25 15 14 11 -11 12 -10 -12 26 -2 -17 -6 19 -5 -4 22 -9 -23 -22 -1 27 -3 -19 -30
right_child=3 8 20 4 17 -7 -8 21 9 10 13 -13 -14 -15 -16 16 -18 28 -20 -21 24 23 -24 -25 -26 -27 -28 -29 29 -31
leaf_value=0.18830561361177825 0.048924532992724964 -0.0054545905923357833 -0.036726757595196308 -0.049626838006988229 0.051754134129373491 0.075487446926050319 0.047080850253401182 -0.0042018603047427059 -0.0050030368910760417 0.064719136495589885 0.024559864729575834 0.06643194895440474 -0.063209322527190054 -0.088826935200085319 0.040860286405203172 -0.04132498044442641 0.013210311256789967 -0.020690334455774166 0.015568599519148685 -0.13629438305449176 -0.019965139089851508 -0.020770018035975498 0.041909374082694191 0.0045397157964611953 0.055666405292011709 0.0672092769073354 -0.0054302428842817477 0.067031236808977879 0.031498174174549073 -0.027672166660241821
leaf_weight=65.91302482545143 426.54653020590195 171.96325289644301 166.12436598056229 585.6950266637723 162.24816700944211 135.40998566712369 900.2601232744928 7019.9402289496793 4092.7549311461044 131.92333123483695 56.91393598204013 277.25935457544983 260.79121472366387 457.53018863670877 566.26690273723216 212.30295419419417 2564.4865491457167 1225.6124349795282 87.128753643948585 119.14157897874247 124.84554665110772 4570.7421014585125 1300.0619814771926 5082.7951985978289 225.75966389788664 83.1964553592843 1565.8160211673239 181.66267024312401 543.69898662602645 392.40943812849582
leaf_count=888 14974 1766 6514 30611 3805 4299 30816 306761 152704 8856 2983 17507 6528 13200 184444 14558 103957 31920 1973 2867 3250 117938 33034 156065 14375 1979 45218 2787 25765 18252
internal_value=-5.31142e-05 0.00462131 0.0420277 -0.00184538 -0.0177255 0.000472457 0.0590129 -1.73591e-05 -0.00292673 -0.00929421 -0.0466449 -0.00400161 -0.008595 -0.0758591 0.0105188 0.0143616 0.00891645 -0.00444839 -0.056213 -0.0653589 0.00699277 -0.00259223 0.00300499 -0.00743188 0.0283831 0.12615 0.00140147 0.0317517 -0.00885022 0.00650917
internal_weight=33757.2 9328.98 1566.1 24428.2 3115.93 21312.3 1049.37 21176.9 7762.88 5277.17 646.367 4630.81 4353.55 514.444 2485.71 3203.34 2776.79 2323.97 791.965 704.837 516.73 17973.5 8320 9653.54 350.605 149.109 1919.44 353.626 2161.72 936.108
internal_count=1360594 493815 57822 866779 115193 751586 33683 747287 435993 201778 25039 176739 159232 16183 234215 133489 118515 79742 35451 33478 24139 613798 339795 274003 17625 2867 49771 4553 75937 44017
is_linear=0
shrinkage=0.08


Tree=114
num_leaves=31
num_cat=0
split_feature=4 16 16 4 0 16 7 7 0 7 4 10 4 16 0 4 16 0 16 15 15 4 2 6 0 7 4 2 16 4
split_gain=41.4192 85.1274 73.7003 90.2268 120.397 107.401 95.5789 78.891 73.5653 86.3414 71.0502 57.6875 56.7626 97.7612 51.5559 50.2984 55.7742 100.931 54.5973 51.778 51.1956 42.0256 41.931 43.8775 40.8376 36.2557 28.1912 27.2893 23.9815 25.5412
threshold=24.500000000000004 0.24037037044763568 0.50352111458778392 8.5000000000000018 0.43353414535522466 0.70638945698738109 0.35111427307128912 0.79205974936485302 0.3948992937803269 0.32290647923946386 4.5000000000000009 0.60619774460792553 10.500000000000002 0.58032256364822399 0.47673159837722784 14.500000000000002 0.40946348011493688 0.3948992937803269 0.2124435901641846 0.33408939838409429 0.23029010742902759 7.5000000000000009 0.13446328043937686 1.0000000180025095e-35 0.13873296231031421 0.21352583914995196 15.500000000000002 0.45923791825771337 0.16823899745941165 34.500000000000007
decision_type=2 2 2 2 2 2 2 2 2 2 2 2 2 2 2 2 2 2 2 2 2 2 2 2 2 2 2 2 2 2
left_child=2 28 15 5 12 11 14 -8 10 -10 -7 -4 13 -5 -6 22 18 26 24 -19 -20 -13 -1 25 -17 -24 -18 -14 -2 -30
right_child=1 -3 3 4 6 8 7 -9 9 -11 -12 21 27 -15 -16 16 17 19 20 -21 -22 -23 23 -25 -26 -27 -28 -29 29 -31
leaf_value=-0.03249864093874192 -0.021486277773030079 -0.044125414318088016 -0.0060245567926317601 0.049170045427254755 -0.010816928632990592 -0.0079485947729428207 -0.0094333429519161058 0.057046015327829956 0.030523046843953707 -8.9279735691086241e-05 -0.054469600862776163 0.038543614442501879 -0.056548860602148761 -0.044394379867577313 0.054214709829103161 -0.11839532881959444 0 -0.006761420572389867 -0.029258992874785065 0.047120939439481077 0.023524753672785496 0.0090053547331932163 0.017476792629180792 0.0022595030886769581 -0.0049882557899284157 0.051742478193590298 -0.054022570715391433 0.017572577776698801 0.039382584974269344 -0.041321877382858238
leaf_weight=72.315053447848186 80.808404854207765 383.96759137761546 405.44059073744575 110.7826243743184 104.88399326198851 808.17460423486773 5006.4116519821691 111.38351480086567 602.55284813909384 19709.823908361577 285.55536773792119 874.84328108004411 528.43567063313094 179.97296389919939 250.28222895835643 26.575337174581364 84.939776047947817 314.4048649117176 123.71960510214558 169.98225486546289 1179.1545745171607 505.1004456433584 373.24907694285503 327.548597663088 67.58458220952889 485.43759814166697 295.27240283141145 28.174981296091573 175.02342652453808 23.11979291139869
leaf_count=896 1805 17420 28875 2923 5981 60771 144269 2522 22562 821173 34322 18680 48606 21277 7709 408 2648 19224 9306 2792 20365 13642 5260 12697 1867 10006 16612 2315 2677 628
internal_value=-9.45842e-05 -0.0198216 0.000299414 -0.00100137 -0.00947376 0.00130224 -0.00507921 -0.00790099 -0.00026462 0.000818227 -0.0204327 0.020126 -0.0374732 -0.00797524 0.0346824 0.011236 0.0039985 -0.0118298 0.0139157 0.0121084 0.0182974 0.0279188 0.024048 0.0277514 -0.0429654 0.0372207 -0.0425035 -0.052389 0.0132562 0.0283929
internal_weight=33694.9 662.919 33032 29511.8 6320.33 23191.5 5472.96 5117.8 21406.1 20312.4 1093.73 1785.38 847.366 290.756 355.166 3520.18 2261.63 864.599 1397.03 484.387 1302.87 1379.94 1258.55 1186.24 94.1599 858.687 380.212 556.611 278.952 198.143
internal_count=1360238 22530 1337708 1235627 235602 1000025 160481 146791 938828 843735 95093 61197 75121 24200 13690 102081 73222 41276 31946 22016 29671 32322 28859 27963 2275 15266 19260 50921 5110 3305
is_linear=0
shrinkage=0.08


Tree=115
num_leaves=31
num_cat=0
split_feature=18 0 2 7 15 3 2 7 3 12 3 0 2 15 10 10 0 2 3 7 11 9 0 9 10 2 10 0 2 3
split_gain=46.6827 41.1812 165.955 115.59 49.2747 224.148 123.283 285.475 157.764 117.866 41.8641 53.0253 78.795 45.0617 38.9256 38.8674 33.5526 21.7804 20.426 19.8593 18.1102 14.6711 13.6933 13.1937 10.5358 10.1215 9.14104 7.59367 6.44017 6.13541
threshold=1.0000000180025095e-35 0.93127068877220165 0.83910790085792553 0.83250823616981517 0.43771335482597357 0.71937501430511486 0.53747394680976879 0.46621005237102514 0.8263767957687379 1.0000000180025095e-35 0.95040982961654674 0.9634092152118684 0.91331186890602123 0.03551761060953141 0.55580469965934765 0.66802722215652477 0.88989898562431347 0.7320508360862733 0.90645834803581249 0.19399641454219821 1.0000000180025095e-35 0.99805447459220897 0.81861472129821788 0.96014440059661876 0.94094395637512218 0.90999102592468273 0.9525684416294099 0.94360822439193737 0.52689418196678173 0.97332859039306652
decision_type=2 2 2 2 2 2 2 2 2 2 2 2 2 2 2 2 2 2 2 2 2 2 2 2 2 2 2 2 2 2
left_child=1 3 14 4 6 9 8 -8 -1 -6 13 12 -12 18 28 -13 -5 24 -4 -7 26 -15 -22 -24 -2 -18 27 -19 -3 -27
right_child=17 2 10 16 5 19 7 -9 -10 -11 11 15 -14 21 -16 -17 25 20 -20 -21 22 -23 23 -25 -26 29 -28 -29 -30 -31
leaf_value=-0.023859391291122592 -0.011251052958775707 -0.031533636213802743 -0.055660231246646659 0.066091547704103942 0.033162021250488574 -0.035502671142537245 0.037855815675840787 -0.0026240004895602513 0.029345021857140337 -0.0018386562103748115 -0.10177446740186875 -0.00028581312987384377 -0.011826262208985264 0.057827572089449338 0.080354732198785098 0.039134717551904327 0.047774190669574716 -0.041993273266130483 0.01037184858544816 0.067032390346540835 -0.0024255128768632169 -0.052156352250070682 -0.16082636475330297 0 0.046483428889129312 -0.040870051925032333 0.0059777733955496846 0.0078969667818459509 0.027957997024554763 0.0054469465763415962
leaf_weight=2806.588598805829 71.325103958981344 6.1761025891173622 29.14779923959577 209.85138838023704 678.25106038572267 7.4855427704169406 1179.9093307618168 18877.745141313892 401.65814576632692 6187.171370545635 66.49344665024546 837.46588663358125 563.3180840802961 176.52706338863936 227.49752597449697 190.65033915014646 19.34941166327917 181.61038275790634 232.41796676295053 375.14529631426558 9.4430469510261918 2.856842082226648 14.091991346707802 2.0708367002662262 21.998016703291796 23.626993662721361 27.965609566541389 14.34309115927317 127.83784981700592 35.38828444419778
leaf_count=317058 2174 131 2084 23806 9474 187 38158 576125 19224 110893 1556 28110 31524 13595 19231 121598 670 1842 20170 14406 89 871 232 29 149 1404 285 707 2967 1664
internal_value=0.000201291 0.000510836 0.0104615 -0.00028037 -0.000765771 0.00498431 -0.00256466 -0.000225923 -0.0171133 0.00161747 0.00170538 -0.00405391 -0.0223016 0.0235212 0.0601447 0.00702335 0.049701 -0.0289459 0.00150728 0.0641816 -0.0411158 0.0538414 -0.102543 -0.139083 0.00240251 0.00255839 -0.0313061 -0.0374397 0.0230298 -0.0123407
internal_weight=33605.4 33262.6 2460.39 30802.2 30514 7248.05 23265.9 20057.7 3208.25 6865.42 2098.88 1657.93 629.812 440.95 361.511 1028.12 288.216 342.848 261.566 382.631 249.525 179.384 25.6059 16.1628 93.3231 78.3647 223.919 195.953 134.014 59.0153
internal_count=1360413 1354906 241837 1113069 1085525 134960 950565 614283 336282 120367 219508 182788 33080 36720 22329 149708 27544 5507 22254 14593 3184 14466 350 261 2323 3738 2834 2549 3098 3068
is_linear=0
shrinkage=0.08


Tree=116
num_leaves=31
num_cat=0
split_feature=0 2 7 16 16 1 0 0 1 7 19 0 15 0 6 16 0 2 1 10 2 1 16 1 16 14 0 15 7 7
split_gain=42.0794 150.271 102.133 105.972 191.533 129.121 300.853 73.7069 95.9678 48.4915 45.8283 45.2205 42.8886 333.741 178.327 90.6972 88.0309 97.6364 89.7897 34.2015 31.2914 56.9742 56.6328 30.8533 47.3541 29.2734 16.0721 13.0796 10.2044 7.85182
threshold=0.93582704663276683 0.84877073764801036 0.83910790085792553 0.95875850319862377 0.99166667461395275 0.75974681973457348 0.78404876589775097 0.70051544904708873 0.73499399423599254 0.54201978445053112 1.0000000180025095e-35 0.81530213356018078 0.15679553151130679 0.71503761410713207 1.0000000180025095e-35 0.63299319148063671 0.68870675563812267 0.84575733542442333 0.77015754580497753 0.49238499999046331 0.93063354492187511 0.93582704663276683 0.9569842815399171 0.95488464832305919 0.94174209237098705 0.074175827205181136 0.86512476205825817 0.021226806566119198 0.60088497400283825 0.77836257219314586
decision_type=2 2 2 2 2 2 2 2 2 2 2 2 2 2 2 2 2 2 2 2 2 2 2 2 2 2 2 2 2 2
left_child=2 19 3 12 5 11 -7 8 -6 -9 29 -5 16 15 -15 -14 18 -18 -1 -2 21 -12 -23 28 -25 26 -4 -27 -22 -3
right_child=1 10 25 4 7 6 -8 9 -10 -11 20 -13 13 14 -16 -17 17 -19 -20 -21 23 22 -24 24 -26 27 -28 -29 -30 -31
leaf_value=-0.013552604386571321 0.022594170676769193 0.0053999130286320231 0.032725936005843989 -0.075935531602368975 0.0035474893881980401 0.035872338719250031 -0.057498684253197443 0.033624973388536143 0.07073240911941972 -0.017119245371495326 0.057826539387245843 0.020055015706831179 0.0060941863186073668 0.058038342290899873 0.012276667497548206 -0.0075068865101392771 -0.013280556344098311 0.0021874798972955382 0.020674829889611179 0.07932790588793924 -0.057149773110200357 0.037834607540119372 -0.11890538634834759 -0.031468863897891691 0.0033987998617384324 0.078840671713326704 -0.040465794375904751 0.00076974693633369458 0.024221021495085905 0.046925611340760877
leaf_weight=680.2565247680468 120.43110936915036 49.069166152214166 51.348235119512537 467.83721014606999 470.74984068906633 371.54948902621982 526.31296758420649 132.15180449586478 190.02341819691355 919.39960366353625 19.700738246901892 28.89174384024227 5391.9592800803075 941.77536154852714 1319.7279844635923 7473.8144693181384 5738.7465211230738 4759.1155806143652 1691.1075520071026 210.75226947694318 4.4304826047737143 15.209336848463861 53.457953455799725 329.28244338766672 955.03066270347335 138.89776889675704 23.218620535626542 19.908695958351018 323.8252198214177 147.89009465006529
leaf_count=82744 2806 24247 1387 20584 19754 9836 15002 4949 7617 38685 443 918 166436 28125 29867 282474 172944 167788 56651 18841 264 420 822 13959 85717 20611 681 1416 10860 73699
internal_value=-9.84402e-05 0.0105039 -0.000859279 -0.00126389 -0.0152699 -0.0372305 -0.0186984 0.00257895 0.0234948 -0.0104617 0.0016803 -0.0698892 0.000287162 0.00317996 0.0314901 -0.00179418 -0.00310069 -0.00625532 0.0107811 0.0598161 -0.00250244 -0.0475323 -0.081805 5.56152e-06 -0.00550412 0.0512907 0.00681389 0.0703524 0.0218017 0.0377622
internal_weight=33565.9 2229.08 31336.8 31103.4 3106.92 1394.59 897.862 1712.32 660.773 1051.55 1897.9 496.729 27996.5 15127.3 2261.5 12865.8 12869.2 10497.9 2371.36 331.183 1700.94 88.368 68.6673 1612.57 1284.31 233.373 74.5669 158.806 328.256 196.959
internal_count=1360547 232078 1128469 1104374 117345 46340 24838 71005 27371 43634 210431 21502 987029 506902 57992 448910 480127 340732 139395 21647 112485 1685 1242 110800 99676 24095 2068 22027 11124 97946
is_linear=0
shrinkage=0.08


Tree=117
num_leaves=31
num_cat=0
split_feature=19 7 9 4 9 14 9 12 9 5 12 12 9 6 5 9 15 5 13 9 3 5 3 3 4 3 1 14 4 1
split_gain=44.0801 66.5343 52.5059 34.4423 32.561 59.7986 193.649 164.701 111.121 82.8043 269.741 182.501 68.0618 39.0707 137.642 131.422 102.351 94.8191 87.7747 36.7822 32.408 41.282 32.2496 50.1279 26.1508 29.2539 57.9731 45.442 23.2398 23.0031
threshold=1.0000000180025095e-35 0.69604039192199718 0.5373792052268983 33.500000000000007 0.80069687962532055 0.097619049251079573 1.0000000180025095e-35 1.0000000180025095e-35 0.39352983236312872 1.0000000180025095e-35 1.0000000180025095e-35 1.0000000180025095e-35 0.53361582756042492 1.0000000180025095e-35 1.0000000180025095e-35 0.99206298589706432 0.10509656369686128 1.0000000180025095e-35 1.0000000180025095e-35 0.5085725486278535 0.80217391252517711 1.0000000180025095e-35 0.97801932692527782 0.93127068877220165 1.5000000000000002 0.89943820238113414 0.64899963140487682 0.17914438992738727 5.5000000000000009 0.2046049237251282
decision_type=2 2 2 2 2 2 2 2 2 2 2 2 2 2 2 2 2 2 2 2 2 2 2 2 2 2 2 2 2 2
left_child=1 3 -3 24 5 6 -2 12 20 10 -10 -11 -8 14 22 17 -16 -15 -19 -9 21 -7 23 -6 -1 26 -26 -27 -24 -5
right_child=4 2 -4 29 13 8 7 19 9 11 -12 -13 -14 15 16 -17 -18 18 -20 -21 -22 -23 28 -25 25 27 -28 -29 -30 -31
leaf_value=0.021791387844981733 0.0018996606481821705 0.01659382613524208 0.073959516621736471 0 -0.0029612927587298033 0.031794844823438723 -0.067624577906479674 -0.0073198686388522144 0.03421996000945636 -0.0012149929123487441 -0.01468938099470549 0.028673792005996939 -0.0033013447298239533 0.072765598766418652 -0.14068556451660572 0.058416602553837661 0.055750130558465998 -0.011507803157717546 0.060751668322375108 0.049569190752832316 0.0062488013710710897 0.093336182898709999 -0.0077154564585500572 0.045026677107342143 0.0046250317079180453 0 -0.024756599491864328 0.069279746784023002 -0.086015415348723659 -0.11860061279839514
leaf_weight=495.30302513617789 4190.8166542686522 345.03158645806252 149.68627052404918 20.168753518490121 4573.4425952125457 199.17646995407995 614.82771361430059 191.68679784992128 892.00040709372843 3667.3236304001766 3670.9848241074942 2018.3940179031342 133.84058263030602 83.312842157902196 12.668967586709185 181.63780327685527 369.16031875985209 7346.2583028685767 103.63318132376298 107.82642457686597 119.35124828165863 122.9874285334954 58.922641360317357 138.47131636639824 2810.3858826482028 157.41872431337833 502.15922826263704 98.103435580094811 45.189130340702832 19.229468579404056
leaf_count=39755 29250 40619 157700 265 55029 15372 307387 43990 21183 33668 176160 65184 2979 746 404 28556 7873 147798 6913 7858 1869 2112 1912 4026 62336 6481 32139 58897 549 512
internal_value=-3.13572e-05 0.00723433 0.0348374 0.00382861 -0.00119613 0.00121614 -0.00576856 -0.0364429 0.00465522 0.00293493 -0.00506626 0.00938309 -0.0564359 -0.00418363 0.00115041 -0.00779657 0.0470846 -0.00945199 -0.0104411 0.0131127 0.0437492 0.056845 -0.00250326 -0.00147089 0.00462564 0.00217082 9.21498e-05 0.0279853 -0.0455517 -0.0660334
internal_weight=33439.4 4597.49 494.718 4102.77 28841.9 15929.2 5239 1048.18 10690.2 10248.7 4562.99 5685.72 748.668 12912.7 5197.85 7714.84 381.829 7533.2 7449.89 299.513 441.515 322.164 4816.03 4711.91 4063.37 3568.07 3312.55 255.522 104.112 39.3982
internal_count=1359522 398704 198319 200385 960818 707012 391464 362214 315548 296195 197343 98852 310366 253806 69793 184013 8277 155457 154711 51848 19353 17484 61516 59055 199608 159853 94475 65378 2461 777
is_linear=0
shrinkage=0.08


Tree=118
num_leaves=31
num_cat=0
split_feature=14 10 2 10 11 2 14 2 4 14 14 0 2 7 1 10 10 12 14 12 0 1 0 19 10 0 1 10 14 19
split_gain=39.5985 84.8332 70.5006 53.9975 93.5786 52.7923 45.1626 44.2526 43.6995 37.7948 47.249 35.9107 100.247 56.2586 31.1599 29.5582 212.222 149.094 89.5308 96.7675 124.263 66.4528 63.0655 58.7716 47.6278 29.0114 62.2181 28.2216 26.384 26.251
threshold=0.70294117927551281 0.91856160759925853 0.98529094457626354 0.90336728096008312 1.0000000180025095e-35 0.51887464523315441 0.63068181276321422 0.95861870050430309 10.500000000000002 0.91287881135940563 0.77350428700447094 0.88036698102951061 0.78611555695533764 0.75490951538085949 0.93582704663276683 0.47641299664974218 0.2582839578390122 1.0000000180025095e-35 0.29705883562564855 1.0000000180025095e-35 0.42163743078708654 0.42163743078708654 0.45035210251808172 1.0000000180025095e-35 0.76484143733978283 0.64326766133308422 0.65648320317268383 0.96672815084457409 0.40588235855102545 1.0000000180025095e-35
decision_type=2 2 2 2 2 2 2 2 2 2 2 2 2 2 2 2 2 2 2 2 2 2 2 2 2 2 2 2 2 2
left_child=1 15 3 4 8 6 -3 11 -2 10 -6 13 -13 -5 -10 16 25 23 19 21 -21 -17 -19 -18 -20 26 -1 -7 -26 -11
right_child=2 5 -4 7 9 27 -8 -9 14 29 -12 12 -14 -15 -16 18 17 22 24 20 -22 -23 -24 -25 28 -27 -28 -29 -30 -31
leaf_value=-0.0090181779437872936 -0.0062626249177057574 0.020180228048673383 0.068418167631278157 -0.0032638944001952986 -0.021590180476873885 0.022740710121071945 -0.018521391162819433 -0.065896794664210598 0.0019788306127149513 -0.10210525431773913 -0.061432115227796971 0.070142969513738912 0.0040070780554588882 0.024647335297913672 0.052849609735486996 0.074684132980039258 -0.019823669045541323 -0.053978016692923236 -0.010497371102113257 -0.0032165063567257679 0.037895348098729999 -0.0076181499295225573 0.018489225604457104 -0.069767832065359206 0.014140085653061091 0.001672347529634416 0.042361283898225785 0.054764004635393819 3.8146499262913926e-05 -0.0070366340138741422
leaf_weight=253.598466433672 1884.5651526002621 415.74513878152356 83.362092469047639 8934.6861790362163 466.9413595655933 905.82578273053514 349.8033434424724 60.609627784986515 177.85514181706822 14.771220333728705 351.62931705763913 161.61993286557845 1294.5146159492142 481.57180816063192 141.6184099043021 61.080890183366137 231.75460135098547 92.32699088161462 2467.0728772342409 685.09956981573487 1445.8995046224009 1198.009154237574 356.58778895781143 526.48900148016401 1070.1665419900673 4014.24467567791 347.39387070806697 234.44495930570702 4148.5394493002968 506.03273020940833
leaf_count=8242 16931 4922 74401 157440 17160 56954 4668 9694 1844 382 8189 9861 52891 12505 1015 5042 8404 45408 108397 87815 71126 29829 16891 299857 31092 38190 3464 16599 149094 10956
internal_value=0.000379395 0.00280845 -0.00274666 -0.00319099 -0.0117674 0.0187904 0.00228315 -0.000392621 -0.00154052 -0.0284091 -0.0391682 0 0.0116721 -0.00180714 0.0254892 0.000991487 -0.00360794 -0.0334133 0.0034243 0.014248 0.0246267 -0.00321932 0.0028022 -0.0549421 -0.00133522 0.00418103 0.0205213 0.0296749 0.00297134 -0.0109826
internal_weight=33363.9 18804.1 14559.8 14476.4 3543.41 1905.82 765.548 10933 2204.04 1339.37 818.571 10872.4 1456.13 9416.26 319.474 16898.3 5822.4 1207.16 11075.9 3390.09 2131 1259.09 448.915 758.244 7685.78 4615.24 600.992 1140.27 5218.71 520.804
internal_count=1359263 985994 373269 298868 56477 83143 9590 242391 19790 36687 25349 232697 62752 169945 2859 902851 420456 370560 482395 193812 158941 34871 62299 308261 288583 49896 11706 73553 180186 11338
is_linear=0
shrinkage=0.08


Tree=119
num_leaves=31
num_cat=0
split_feature=9 9 10 2 1 3 5 2 15 3 13 1 1 3 1 7 3 13 0 5 10 9 15 0 5 15 7 10 16 9
split_gain=39.9679 61.2669 84.6572 68.5411 56.5836 96.0512 56.4391 52.482 91.1612 62.8145 49.1317 45.9949 86.1263 63.0132 45.7849 41.1889 91.175 72.2987 63.0359 38.2811 30.7068 28.9241 28.5369 27.4391 26.7985 22.2365 20.9258 20.1813 15.9081 11.555
threshold=0.99206298589706432 0.88019138574600231 0.88146743178367626 0.53410854935646068 0.53390806913375866 0.70396453142166149 1.0000000180025095e-35 0.53747394680976879 0.33408939838409429 0.56070175766944896 1.0000000180025095e-35 0.53390806913375866 0.65648320317268383 0.71937501430511486 0.61311829090118419 0.26138716936111456 0.49657534062862402 1.0000000180025095e-35 0.3948992937803269 1.0000000180025095e-35 0.97685134410858165 0.84512934088706981 0.42721912264823919 0.6106402873992921 1.0000000180025095e-35 0.4958436936140061 0.62575301527977001 0.60044842958450328 0.86729559302330028 0.84512934088706981
decision_type=2 2 2 2 2 2 2 2 2 2 2 2 2 2 2 2 2 2 2 2 2 2 2 2 2 2 2 2 2 2
left_child=1 2 15 11 5 23 26 8 24 -10 14 13 -13 -4 -9 18 19 -18 22 -17 21 -5 -1 25 -6 -3 28 -20 -2 -22
right_child=6 4 3 20 7 -7 -8 10 9 -11 -12 12 -14 -15 -16 16 17 -19 27 -21 29 -23 -24 -25 -26 -27 -28 -29 -30 -31
leaf_value=-0.026450006343726646 0.0082012832500636974 -0.026353274057088996 -0.0014994114433067283 0.0095544947612875644 -0.047732248018000502 0.059674601743688667 0.054528019545406051 0.01798151017466873 0.048552397535909064 -0.11228635244995823 0.047597872944710302 -0.096451724539544786 0.0073061433555348726 0.059791249619542491 -0.010945021454246107 -0.033166336009207043 -0.0015169039254004097 0.061282593092649849 0.0082523206243583901 0.05498321962443542 0.046577070992990237 0.026088880538355105 0.0093957487071729389 0.046880787855554544 0.015326993823345535 0.00095397642405460126 0.052104358302878268 0.077073632390058211 -0.020855492439156815 0.0080793544386788228
leaf_weight=151.94151018586126 669.348073447356 209.2888322037179 1914.4405901688151 2981.0498326870875 58.414680470421445 183.28446470788913 189.81245720831794 365.1055209535989 13.542192444205282 113.23266435303958 93.582766069637728 85.17197717257659 111.04315424288507 108.54027615918312 5604.1965772119147 727.76296791154891 14741.386756888227 113.18593950450304 44.814436020300491 27.233434454450617 266.54292969063681 902.78599802734971 1368.7260439789388 71.253184715635143 126.38298978799139 1669.3958466108888 55.34586545539787 108.75511867390014 140.26165486493846 77.097974943928421
leaf_count=46468 13022 1632 18924 104985 588 6192 32557 6046 112 1079 10811 818 2867 4538 187430 129601 644899 12904 6187 4162 17625 28235 42052 938 2548 15474 7281 2213 1990 5653
internal_value=0.000211962 -0.000285647 0.00179745 0.00962007 -0.00611247 0.00510739 0.0155015 -0.00989336 -0.0417878 -0.0927009 -0.00819485 -0.00169892 -0.0382149 0.00184947 -0.00913541 -0.00111299 -0.0024014 -0.00100717 0.0107755 -0.0294354 0.0155947 0.0134676 0.00563431 -7.93216e-05 -0.00449541 -0.00206504 0.00648918 0.0588928 0.00287379 0.0386385
internal_weight=33292.9 32238.2 23730.5 6446.67 8507.68 2133.22 1054.77 6374.46 311.573 126.775 6062.88 2219.2 196.215 2022.98 5969.3 17283.8 15609.6 14854.6 1674.24 754.996 4227.48 3883.84 1520.67 1949.94 184.798 1878.68 864.956 153.57 809.61 343.641
internal_count=1359831 1304981 1072131 183645 232850 24236 54850 208614 4327 1191 204287 27147 3685 23462 193476 888486 791566 657803 96920 133763 156498 133220 88520 18044 3136 17106 22293 8400 15012 23278
is_linear=0
shrinkage=0.08


Tree=120
num_leaves=31
num_cat=0
split_feature=4 16 16 4 16 2 3 4 4 3 3 3 2 4 16 3 1 16 1 16 1 3 3 3 14 4 3 3 15 16
split_gain=47.6184 80.4775 44.2161 68.8917 101.077 82.132 80.9155 76.3197 71.179 67.0595 59.447 58.1183 56.9988 54.8051 63.416 68.5491 70.0283 63.3241 59.3935 44.0979 59.1081 43.4292 43.0991 38.2479 38.1561 30.6951 29.6637 27.7828 25.0661 17.982
threshold=25.500000000000004 0.24037037044763568 0.53907206654548656 8.5000000000000018 0.75716626644134533 0.37884436547756201 0.42588071525096899 4.5000000000000009 2.5000000000000004 0.58102023601531994 0.96178188920021068 0.81530213356018078 0.4530817717313767 14.500000000000002 0.34941859543323522 0.53093111515045177 0.53093111515045177 0.2124435901641846 0.45867486298084265 0.31311275064945226 0.52027395367622387 0.66260164976120006 0.89943820238113414 0.68801230192184459 0.79285714030265819 20.500000000000004 0.75905716419219982 0.44281046092510229 0.52502122521400463 0.16823899745941165
decision_type=2 2 2 2 2 2 2 2 2 2 2 2 2 2 2 2 2 2 2 2 2 2 2 2 2 2 2 2 2 2
left_child=2 29 13 4 7 26 8 11 -6 12 -11 -4 -7 19 17 25 -17 27 -19 21 23 -1 -9 -21 -8 -16 28 -15 -5 -2
right_child=1 -3 3 5 6 9 24 22 -10 10 -12 -13 -14 14 15 16 -18 18 -20 20 -22 -23 -24 -25 -26 -27 -28 -29 -30 -31
leaf_value=-0.094906904977753365 -0.021598954826129196 -0.052463008803011579 0.078953281612342843 -0.066608837390769143 -0.002431071342390173 -0.0064214913247142456 0.0027085748179732426 0 -0.0530674272313333 -0.014381695854826718 0.0054802543598193891 0.017844728181775939 0.048049098875559311 -0.089234454503000174 -0.017796884737641065 0.037368007501037803 -0.010187134260941359 0.029424818464491378 -0.054532645460002548 0.027680415537820968 -0.00010156133655645027 0.028376335656040034 0.01958208033356313 0.086006866229869625 -0.004818979053620393 -0.05866185238283974 0.056573239415339621 -0.0045567174400893713 -0.028103266178636246 0.023176940443771846
leaf_weight=37.224640155327506 76.557065720146056 283.86208228179021 185.92569145490415 165.93286442596582 374.17216809419915 219.32806167152012 12060.008013174272 1517.0396767911152 346.69432276868611 3152.7059105918161 1371.3287692050799 234.60190402265289 259.39165837143082 39.199312309618108 611.37480708761723 298.84952198481187 558.16509835285251 820.29646780580515 51.917627426679246 1023.3772665460128 519.42612976339296 26.340455001743976 1377.3251258892124 77.648204229073599 6699.1623880696425 151.37813684091088 15.620546311372889 67.827529243251774 420.61369681311771 175.40522984665586
leaf_count=532 1623 13769 3482 42664 29582 18764 604200 64409 38734 86881 39090 11267 10848 585 24441 12365 27238 11893 3955 19638 19908 1107 45313 2500 201405 8814 665 1975 9593 2948
internal_value=0 -0.0235472 0.000386686 -0.000751334 0.00119676 -0.00869664 -0.000994278 0.0141027 -0.0272024 -0.00528126 -0.0083264 0.0458486 0.0229539 0.00796205 0.000606221 -0.00903869 0.00633077 0.0166874 0.0239626 0.0191845 0.021853 -0.0431427 0.009364 0.0323087 1.12853e-05 -0.0264447 -0.0365306 -0.0395973 -0.0397378 0.00879387
internal_weight=33218.7 535.824 32682.9 28399.9 22794.9 5604.92 19480 3314.89 720.866 5002.75 4524.03 420.528 478.72 4283.03 2599.01 1619.77 857.015 979.241 872.214 1684.02 1620.45 63.5651 2894.36 1101.03 18759.2 762.753 602.167 107.027 586.547 251.962
internal_count=1360188 18340 1341848 1206897 998392 208505 873921 124471 68316 155583 125971 14749 29612 134951 91266 72858 39603 18408 15848 43685 42046 1639 109722 22138 805605 33255 52922 2560 52257 4571
is_linear=0
shrinkage=0.08


Tree=121
num_leaves=31
num_cat=0
split_feature=2 10 16 16 1 3 5 2 7 3 2 2 2 6 3 18 3 1 2 3 1 16 7 16 6 5 7 11 16 16
split_gain=34.1675 78.5574 77.8758 238.59 119.11 138.008 54.8577 49.4085 42.9259 46.1677 43.2837 43.1284 38.8259 38.4479 32.465 30.3569 33.7737 70.4512 230.251 183.405 55.2659 33.3504 26.3741 25.961 21.128 19.9029 18.9799 18.6412 13.2597 10.5735
threshold=0.98529094457626354 0.70385184884071361 0.96190130710601818 0.99166667461395275 0.75716626644134533 0.95040982961654674 1.0000000180025095e-35 0.90353596210479747 0.68457102775573742 0.89512962102890026 0.93957647681236278 0.84074437618255626 0.9634092152118684 1.0000000180025095e-35 0.92885261774063121 1.0000000180025095e-35 0.42588071525096899 0.49731183052062994 0.49752475321292883 0.6838774085044862 0.28743545711040502 0.93142634630203258 0.2014492750167847 0.4246212244033814 1.0000000180025095e-35 1.0000000180025095e-35 0.63686314225196849 1.0000000180025095e-35 0.68217894434928905 0.93582704663276683
decision_type=2 2 2 2 2 2 2 2 2 2 2 2 2 2 2 2 2 2 2 2 2 2 2 2 2 2 2 2 2 2
left_child=2 25 15 4 6 7 24 -6 14 11 -11 -10 -7 -8 22 16 20 19 -19 -18 21 -1 -5 -22 -4 -2 -27 28 -17 -28
right_child=1 -3 3 8 5 12 13 -9 9 10 -12 -13 -14 -15 -16 27 17 18 -20 -21 23 -23 -24 -25 -26 26 29 -29 -30 -31
leaf_value=0.00098101124373815591 0.069703254337724355 0.067388492269411418 -0.096680229862019296 0.079064179375143706 -0.018357618066279419 -0.11612319513724256 0.062885286883553146 0.030085077094224644 -0.026552915604329281 -0.034501594835780136 0.0136413470736841 0.045405303207422865 -0.011729056273916596 -0.046763701199290096 0.048926260098044197 0.016831477912195341 0.0058131205149097951 -0.038456941917635608 0.0024979933502051487 0.057845642864260645 0.015421197675576427 -0.064762779274040366 0.0072830421032808804 -0.02953162549423757 0.041203041228876344 -0.050929937479089159 -0.042028126051792541 -0.080338113611464243 -0.02500431255441285 0.0073692261484379334
leaf_weight=2556.4570676239964 25.016298101923894 149.16992541323998 274.99737152317539 29.547560692881234 608.00738308648579 106.28328727124608 19.044037358951755 166.19868238340132 73.551814576785546 413.72629709049943 158.47760723097599 152.63986646788544 34.66622965602437 115.54875383555191 154.80179225618485 54.059105950902449 3545.9298168876267 913.50165320170345 20126.457793320966 491.08220752351917 84.975638443371281 45.333564700616989 1047.8698349055776 702.93794096290367 3.0586363764014086 34.388205220078817 22.947793350293068 30.049635253439192 209.4941421301628 837.75607727601891
leaf_count=73208 1221 147801 10209 937 15013 2409 467 9994 2059 14282 12720 5925 3427 6331 10161 979 153291 56341 653312 19532 2883 3197 36478 81546 34 1638 921 425 2724 30293
internal_value=0.000403796 0.0144388 -6.06448e-05 -0.0115837 -0.0379006 -0.0213558 -0.073515 -0.00762678 0.00559699 -0.00869405 -0.0208881 0.021246 -0.0928254 -0.0284061 0.0149837 0.00128115 0.00155234 0.00257012 0.000703517 0.0122459 -0.00592274 -0.000225152 0.00975554 -0.0244151 -0.0938972 0.00536376 0.00301061 -0.0240622 -0.0156737 0.00563226
internal_weight=33188 1069.28 32118.7 3358.42 1327.8 915.156 412.649 774.206 2030.61 798.396 572.204 226.192 140.95 134.593 1232.22 28760.3 28466.7 25077 21040 4037.01 3389.7 2601.79 1077.42 787.914 278.056 920.108 895.092 293.603 263.553 860.704
internal_count=1359758 181874 1177884 130446 47884 30843 17041 25007 82562 34986 27002 7984 5836 6798 47576 1047438 1043310 882476 709653 172823 160834 76405 37415 84429 10243 34073 32852 4128 3703 31214
is_linear=0
shrinkage=0.08


Tree=122
num_leaves=31
num_cat=0
split_feature=19 1 10 9 10 2 10 0 7 16 1 10 13 15 16 9 3 12 7 0 7 3 10 2 1 2 10 15 9 0
split_gain=34.2749 61.8527 99.6447 27.2405 62.9079 50.9234 47.9817 34.5787 87.1144 61.2158 77.4307 35.3284 33.5023 32.9068 28.6533 25.9604 107.069 82.4 23.9322 22.2268 32.6542 56.9229 48.852 48.8415 53.5261 20.4087 19.7813 18.0167 17.9495 14.4651
threshold=1.0000000180025095e-35 0.84889996051788341 0.67700320482254039 0.80069687962532055 0.94313561916351329 0.99565216898918163 0.90336728096008312 0.44136746227741247 0.3260560035705567 0.55051019787788402 0.5673658847808839 0.52782940864562999 1.0000000180025095e-35 0.43771335482597357 0.70087718963623058 0.90019920468330394 0.85880398750305187 1.0000000180025095e-35 0.71503761410713207 0.78830561041831981 0.45512083172798162 0.62115561962127697 0.83960041403770458 0.51087471842765819 0.50274726748466503 0.57804551720619213 0.35909883677959448 0.10964579507708551 0.86320286989212047 0.36882591247558599
decision_type=2 2 2 2 2 2 2 2 2 2 2 2 2 2 2 2 2 2 2 2 2 2 2 2 2 2 2 2 2 2
left_child=1 19 -3 4 7 6 14 9 11 13 -11 -9 -10 -2 18 16 -8 -17 -5 20 23 25 -23 24 -1 -22 -25 -21 -16 -6
right_child=3 2 -4 5 29 -7 15 8 12 10 -12 -13 -14 -15 28 17 -18 -19 -20 27 21 22 -24 26 -26 -27 -28 -29 -30 -31
leaf_value=0.0057240985289466507 -0.032124728143692931 0.0087377604787178889 0.074163323359387745 -0.00335898627526124 0.0003489158061790546 0.064211080909089141 -0.0077321669411426364 -0.0058611162222112481 -2.5956968558838831e-05 -0.036662504459177299 0.075529500066597491 0.057386920509251642 0.053814579219921582 0.0095281349784008366 -0.010735911283804942 -0.014877877898140789 0.024268690330851689 0.0029563811352740499 0.059189417009995644 0 0.00071314542147204194 -0.034858663932893594 0.015659162438400365 -0.012712075690649144 -0.037384354285878385 0.057566158497117589 0.051895691759968603 0.064677648863823739 -0.025733403091085162 0.024166734048959557
leaf_weight=2418.3749217231525 139.99780072750582 527.04483547128621 207.6753973721643 837.08570844691712 216.35955385863781 65.264649634074885 1621.9568390173372 66.69218876431114 12685.965454544086 623.00437525485177 36.54334787055268 238.68687165062875 69.3689096205635 723.88704565510852 1198.9900638392428 2664.3482175166719 1127.1875584791414 4346.4041444134782 36.026306053623557 43.029871547769289 92.936343733686954 514.83608996478142 152.13127125901519 29.62840397330001 194.04677208734211 75.736337886541151 182.11609845419298 60.384253851923859 982.58515875739977 893.67959552089451
leaf_count=52960 46215 32482 238700 9049 1721 51552 17511 14066 433669 152759 2273 5147 4141 21936 15461 20714 24403 102718 334 1608 1433 13645 21787 473 4233 2050 6468 22864 12043 25246
internal_value=0.000162426 0.00665367 0.0278235 -0.000854771 0.00137541 -0.00358416 -0.00396683 -1.38864e-05 0.00130701 -0.0114101 -0.029684 0.0431867 0.000275284 0.00244787 -0.0127137 -0.0012077 0.00535078 -0.00380427 -0.000273577 0.00244665 0.00134195 -0.0124461 -0.023067 0.00549304 0.00239564 0.0280846 0.0420325 0.0382008 -0.0176074 0.0196902
internal_weight=33072 4497.94 734.72 28574 15694.2 12879.8 12814.6 14584.1 13060.7 1523.43 659.548 305.379 12755.3 863.885 3054.69 9759.9 2749.14 7010.75 873.112 3763.22 3659.81 835.64 666.967 2824.17 2612.42 168.673 211.745 103.414 2181.58 1110.04
internal_count=1359661 398703 271182 960958 707173 253785 202233 680206 457023 223183 155032 19213 437810 68151 36887 165346 41914 123432 9383 127521 103049 38915 35432 64134 57193 3483 6941 24472 27504 26967
is_linear=0
shrinkage=0.08


Tree=123
num_leaves=31
num_cat=0
split_feature=14 10 2 2 10 9 14 12 10 14 3 1 9 14 0 10 9 9 14 12 9 3 14 0 14 10 12 9 6 3
split_gain=31.348 74.3447 51.9734 51.1986 48.7695 56.4414 92.6124 85.2298 49.7528 52.6063 48.5417 37.7292 35.4182 34.6122 32.4652 30.2812 163.421 154.399 126.497 59.2989 50.6605 45.0348 47.6684 43.8237 43.5187 110.065 49.7397 42.1426 29.5753 25.6155
threshold=0.70294117927551281 0.92872086167335521 0.99565216898918163 0.38507877290248876 0.98532998561859142 0.88019138574600231 0.89444443583488475 1.0000000180025095e-35 0.91184088587760936 0.82085561752319347 0.89943820238113414 0.9797959327697755 0.65636926889419567 0.62019231915473949 0.68020617961883556 0.49545417726039892 0.30521412193775183 0.48198950290679937 0.074175827205181136 1.0000000180025095e-35 0.47893242537975317 0.7897985875606538 0.14642857760190967 0.54641148447990429 0.25833334028720861 0.6605919897556306 1.0000000180025095e-35 1.0000000180025095e-35 1.0000000180025095e-35 0.58102023601531994
decision_type=2 2 2 2 2 2 2 2 2 2 2 2 2 2 2 2 2 2 2 2 2 2 2 2 2 2 2 2 2 2
left_child=1 15 4 13 5 6 7 -2 -7 -10 11 29 -8 -3 -13 16 19 21 20 27 -18 22 -17 -20 26 -26 -19 -1 -23 -6
right_child=2 3 -4 -5 10 8 12 -9 9 -11 -12 14 -14 -15 -16 17 18 24 23 -21 -22 28 -24 -25 25 -27 -28 -29 -30 -31
leaf_value=0.0029213349017625568 0.0077049771515229114 0.019060845780093986 0.064691601852735717 0.028605008162187522 0.012765793322719604 -0.030398560314151554 -0.0026931394810507433 -0.023824399151841359 0.0098664924977657706 -0.0118274119014829 0.033863666434797983 0.025799543976437984 0.013364330855685131 -0.028014448116495293 -0.092934267511208368 0.070019100940347259 -0.059419017486949839 -0.0055602002125137162 -0.035883137040154528 0.078120875575772838 0.019273816395510172 0.039396277432694839 0.026263865411265245 0.014382173482755542 -0.035943486329958814 -0.00071800666052408203 0.01965954655347547 -0.042365014489654101 -0.0051209133983407245 -0.0049759600819554266
leaf_weight=4592.9988751506899 847.18500275822589 186.84067864553072 67.43793102291238 1061.7411156874441 1073.7669411795214 738.81832117951126 1334.5638022618368 1510.6102619720332 852.98342973687977 4131.1857468519011 362.92492567369482 16.097673299635062 2482.5859520917584 200.75714958558092 42.433140346547589 197.61933917331044 622.43389648282027 825.90289389713143 153.12899998226203 60.864143332844833 51.564084310142789 119.18618240227806 978.57870522933081 366.8553823712864 615.55377812543884 6800.0954555043718 1228.2666875232098 130.12479142626398 394.27917894542043 987.07957533193985
leaf_count=45105 11175 1777 73867 65729 9684 12131 20951 46842 26390 63504 50245 317 32123 2185 721 11717 285320 18110 44892 2418 12498 4660 42894 12772 38983 238956 92800 41416 23623 25538
internal_value=-5.1597e-06 0.00216248 -0.00280467 0.0195323 -0.0031547 -0.0052904 0 -0.0124355 -0.0110102 -0.00807651 0.00700767 0.00226462 0.00771223 -0.00496062 -0.0583001 0.000678889 -0.00390179 0.00314767 -0.0303235 0.00268389 -0.0530654 0.0253901 0.0340161 -0.000316345 -0.000815371 -0.00368579 0.00945307 0.00159635 0.00518414 0.00419913
internal_weight=33034.5 18586.8 14447.7 1449.34 14380.2 11897.9 6174.95 2357.8 5722.99 4984.17 2482.3 2119.38 3817.15 387.598 58.5308 17137.5 5977.97 11159.5 1193.98 4783.99 673.998 1689.66 1176.2 519.984 9469.82 7415.65 2054.17 4723.12 513.465 2060.85
internal_count=1359343 985855 373488 69691 299621 213116 111091 58017 102025 89894 86505 36260 53074 3962 1038 916164 444421 471743 355482 88939 297818 82894 54611 57664 388849 277939 110910 86521 28283 35222
is_linear=0
shrinkage=0.08


Tree=124
num_leaves=31
num_cat=0
split_feature=4 16 4 0 16 4 5 3 16 4 4 3 2 16 0 3 1 3 1 0 1 1 3 0 0 7 1 3 4 16
split_gain=41.7379 165.863 95.825 224.349 208.545 129.339 137.616 128.027 126.332 125.725 95.345 85.1796 75.5498 68.9186 118.899 355.096 232.802 192.339 109.516 107.304 92.7329 86.5736 89.483 191.815 93.5326 81.078 68.1052 85.7078 63.7192 82.4612
threshold=4.5000000000000009 0.86576578021049511 2.5000000000000004 0.64747309684753429 0.92546296119689953 1.5000000000000002 1.0000000180025095e-35 0.87226107716560375 0.94935896992683422 1.5000000000000002 3.5000000000000004 0.8216732144355775 0.70647653937339794 0.64760348200798046 0.59299960732460033 0.70659971237182628 0.78319624066352855 0.92718276381492626 0.99565216898918163 0.65030118823051464 0.90353596210479747 0.7320508360862733 0.61167800426483165 0.54201978445053112 0.49089705944061285 0.6832355558872224 0.74115687608718883 0.67028987407684337 16.500000000000004 0.29758481681346899
decision_type=2 2 2 2 2 2 2 2 2 2 2 2 2 2 2 2 2 2 2 2 2 2 2 2 2 2 2 2 2 2
left_child=1 10 4 26 7 8 -7 9 -6 -3 11 -1 -9 25 21 16 19 18 -17 -16 -19 22 23 -15 -24 28 27 -4 -2 -30
right_child=13 2 3 -5 5 6 -8 12 -10 -11 -12 -13 -14 14 15 17 -18 20 -20 -21 -22 -23 24 -25 -26 -27 -28 -29 29 -31
leaf_value=0.057034451110068871 0.0068843299487728908 0.10115658666398762 -0.04816497096794526 -0.0010785624675837939 0.032278891297697648 -0.062130932706089326 -0.0061077334166981002 0.048816645455227362 -0.0028261132278540701 0.030333570023763197 0.0089412749243834352 0.012439851525357322 -0.023939477197528085 -0.029443608537581305 0.016696706401341205 -0.017636494219659567 -0.080039595829466667 0.036541493248405686 -0.058553916465721174 0.064502441464063406 -0.0020417478603051522 0.032303774257458839 0.030303310962252788 0.046193681708095749 -0.063576499027869549 0.055201096376994843 0.012965303062741868 -0.12948628113910834 0.011299191083363365 -0.018270220340150915
leaf_weight=633.29125736866263 5121.5050683506997 194.17449132235197 501.22582566806523 2010.3217444959737 743.60062739177374 446.70681174819765 763.74293909684638 115.43278702150565 5278.1722348640978 955.07949542597635 2229.8117690045619 505.52037873816153 367.559711464477 1244.2347408495989 540.77216620065155 2646.290914234356 99.069651965692174 458.33122950766119 501.17352662610938 717.52767004357884 2816.8632047240098 161.31596796531812 71.708260916435393 253.08677801897284 562.70384375561844 180.48510383476969 80.016771312366473 102.94410225242609 899.24287552069291 1786.6018142485555
leaf_count=20210 181612 4386 28510 73044 33522 14766 31971 5967 342095 36676 95970 24097 18402 107466 11317 68058 2292 13874 7580 14402 80810 2891 3573 5934 23294 5085 1884 2649 16731 81258
internal_value=-4.33594e-05 0.00308118 -0.00146035 -0.014666 0.00254171 -0.00327295 -0.0270848 0.0283346 0.00150547 0.0428246 0.0186913 0.0375196 -0.00590124 -0.00263483 -0.00703868 -0.0022917 0.0347833 -0.010173 -0.0242851 0.0442313 0.00335629 -0.023035 -0.0273633 -0.0164412 -0.052561 0.00289957 -0.0540599 -0.063233 0.00163546 -0.00830808
internal_weight=32988.5 14927.6 11559 2694.51 8864.47 7232.22 1210.45 1632.25 6021.77 1149.25 3368.62 1138.81 482.992 18060.9 10073.1 7780.03 1357.37 6422.66 3147.46 1258.3 3275.19 2293.05 2131.73 1497.32 634.412 7987.83 684.187 604.17 7807.35 2685.84
internal_count=1360326 734149 593872 106087 487785 422354 46737 65431 375617 41062 140277 44307 24369 626177 341491 198333 28011 170322 75638 25719 94684 143158 140267 113400 26867 284686 33043 31159 279601 97989
is_linear=0
shrinkage=0.08


Tree=125
num_leaves=31
num_cat=0
split_feature=19 7 10 3 7 13 0 3 0 1 16 10 16 3 14 10 7 14 3 3 10 14 16 0 16 13 16 0 7 3
split_gain=29.9896 50.915 50.3188 31.17 69.8137 79.5632 66.5729 87.9014 71.7337 67.7987 128.028 61.649 60.1881 41.3628 36.3225 36.0159 46.9654 31.0429 30.8127 39.2092 30.0577 56.7677 44.5314 24.8769 22.1143 17.2076 14.8838 14.3529 11.6914 11.6637
threshold=1.0000000180025095e-35 0.69604039192199718 0.62699216604232799 0.42588071525096899 0.4246212244033814 1.0000000180025095e-35 0.53093111515045177 0.60136988759040844 0.58499062061309826 0.63028588891029369 0.53529900312423717 0.61125501990318309 0.73401361703872692 0.37590579688549047 0.060661764815449722 0.99086740612983715 0.56562754511833202 0.79285714030265819 0.36254107952117925 0.33589744567871099 0.95393458008766185 0.92582416534423839 0.16823899745941165 0.13873296231031421 0.66939890384674083 1.0000000180025095e-35 0.48304596543312078 0.40862709283828741 0.24068965017795566 0.39173060655593878
decision_type=2 2 2 2 2 2 2 2 2 2 2 2 2 2 2 2 2 2 2 2 2 2 2 2 2 2 2 2 2 2
left_child=1 20 -3 12 6 15 9 14 -9 11 -11 -5 13 18 -8 17 -17 -6 19 -2 21 22 -1 -14 -24 -22 -20 28 -25 -15
right_child=3 2 -4 4 5 -7 7 8 -10 10 -12 -13 23 29 -16 16 -18 -19 26 -21 25 -23 24 27 -26 -27 -28 -29 -30 -31
leaf_value=-0.088072356759284473 0.0031938441456071001 0.013963023520837099 0.073030522405058931 -0.039032708049867061 -0.00051878916063260853 0.047591897984875224 -0.040496305686155608 -0.017323200171456787 0.024981594386060006 -0.017380003806672113 0.10475909775442727 0.0023255489198911686 0.042882618622430098 -0.049502350844970282 0.067370561300056947 -0.0083168581783323973 0.02614723440701032 -0.0069337966852316369 0.036058165947934262 -0.044278430238302524 0.022729359558108186 -0.072110130397032693 0.010082990308501386 -0.024431547160599535 -0.0029584078969146495 -0.0373593078012808 -0.0010094122738491232 0.044441411091380771 -0.05378906405325494 -0.01613282011956509
leaf_weight=29.721145526389591 880.50347177004733 337.83156204194529 129.32043155019346 252.33644609975454 13055.509456905944 202.31475797033636 16.306419578060741 350.62774663680466 892.16214093507733 102.47555270369048 106.13720056149759 2187.4516930713435 19.082305552787147 92.565980955565465 293.26008269027807 411.12058292186703 623.56785467715235 7713.4760325538227 232.20351892409963 121.88773039373336 586.15669349460222 62.601602670431021 1505.839601790678 198.07127974415198 1821.6733083454019 25.819660655848566 85.952231284187292 7.1250251639285116 243.70217224610678 346.47700310965593
leaf_count=435 23723 19404 179396 111283 399098 15048 4693 14054 23539 7007 2521 45780 321 9568 3724 10274 59663 122240 4439 9438 39862 1956 46891 14310 108961 2245 7626 721 48820 23273
internal_value=0.000285423 0.00635411 0.0312536 -0.000670105 9.68602e-05 -0.00170156 0.00954688 0.0226814 0.0128963 0.00175956 0.04501 -0.00195759 -0.00974491 -0.00282727 0.0606267 -0.00217709 0.0123253 -0.00291008 0.00415759 -0.00261093 0.00339432 0.000413743 0.00191889 -0.0351119 0.00290164 0.0196526 0.0256883 -0.0392157 -0.0414053 -0.0240068
internal_weight=32933.3 4498.96 467.152 28434.3 26206.7 22006 4200.76 1552.36 1242.79 2648.4 208.613 2439.79 2227.57 1759.59 309.567 21803.7 1034.69 20769 1320.55 1002.39 4031.81 3419.84 3357.23 467.981 3327.51 611.976 318.156 448.898 441.773 439.043
internal_count=1360313 399150 198800 961163 818924 606323 212601 46010 37593 166591 9528 157063 142239 78067 8417 591275 69937 521338 45226 33161 200350 158243 156287 64172 155852 42107 12065 63851 63130 32841
is_linear=0
shrinkage=0.08


Tree=126
num_leaves=31
num_cat=0
split_feature=4 16 7 16 7 1 4 3 16 5 3 7 2 4 16 4 2 3 3 4 4 16 16 1 4 16 2 3 2 7
split_gain=42.21 107.434 60.3326 72.8643 74.5394 60.9351 218.692 189.756 84.5099 57.312 53.5432 66.6338 52.7189 50.7443 65.0035 43.2209 40.549 275.429 240.666 37.1145 36.1658 72.024 44.1063 35.0993 32.9089 29.824 58.9386 29.5482 27.2681 25.1707
threshold=8.5000000000000018 0.70638945698738109 0.80673459172248851 0.64346247911453258 0.6832355558872224 0.99565216898918163 10.500000000000002 0.98749804496765148 0.75235849618911754 1.0000000180025095e-35 0.42588071525096899 0.27622890472412115 0.78910306096076976 4.5000000000000009 0.80795574188232433 2.5000000000000004 0.64747309684753429 0.86526826024055492 0.74322345852851879 6.5000000000000009 14.500000000000002 0.42980295419692999 0.53158244490623485 0.26158231496810919 1.5000000000000002 0.63574936985969555 0.4530817717313767 0.96178188920021068 0.1627137288451195 0.51899951696395885
decision_type=2 2 2 2 2 2 2 2 2 2 2 2 2 2 2 2 2 2 2 2 2 2 2 2 2 2 2 2 2 2
left_child=1 9 3 4 20 7 12 8 -5 19 13 24 -7 14 -3 -16 17 -13 -18 23 22 -22 -2 -1 -12 28 -27 -8 -21 -25
right_child=2 10 -4 5 -6 6 27 -9 -10 -11 11 16 -14 -15 15 -17 18 -19 -20 25 21 -23 -24 29 -26 26 -28 -29 -30 -31
leaf_value=0.02421165042089474 0.015513371267218572 0.038387365226395881 0.064684941671238366 -0.021546545537119381 0.057753040814538255 0.077093982919939144 -0.020233570039043615 0.11420443549169802 0.01682236953153321 0.007100191533957404 0.080059392365143547 -0.010486893356503584 -0.073771796889249494 -0.056137781932331481 -0.0065673290434486069 -0.05934324565561535 0.029785816870428552 0.054908724811891345 -0.0012301945961258002 -0.026690786212534443 0.0023469369709152406 -0.020171115791988766 -0.0034239049916325445 0.088257699314658711 0.01948691301548347 -0.037876784362132841 0.048118325546157761 0.029831605857762976 0.044763845512778344 0
leaf_weight=152.46935653558467 1357.869909072062 139.62437757430598 75.132001642137766 1617.8118702822685 132.98627588397358 10.396636102872433 101.48232914158143 72.865655167901423 466.17359776234662 1014.1871566865593 84.8466973657778 5165.173610276368 458.51018321010633 185.5799251474964 349.18390107760206 139.71403469610959 1833.304454664787 442.46614851118647 12351.326979507045 32.669982414110564 2167.4382167088334 1546.5646077019483 1837.0188104995759 173.64463588461513 203.09024125899305 120.82203435257543 80.462057221797295 237.78721736071748 274.46934108494315 22.583973433545907
leaf_count=2301 33581 3799 2042 69479 3282 173 1255 1845 10064 40221 2579 193815 6633 27058 29544 18276 47103 22333 586053 407 58095 81512 80499 4468 8068 8246 2271 8446 5547 800
internal_value=-1.30134e-05 0.00189052 -0.00432593 -0.00489209 -0.000436119 -0.0154025 -0.0341362 -0.00824623 -0.0128674 0.0202289 0.000236024 0.00106116 -0.0693111 -0.0198032 -0.00846394 -0.0224213 0.000492262 -0.00525408 0.0027763 0.0354465 -0.00162027 -0.0070014 0.00458635 0.0557197 0.0389439 0.0208234 -0.00239206 0.014315 0.0363449 0.0781963
internal_weight=32847.7 22765.6 10082 10006.9 7041.88 2965.03 808.176 2156.85 2083.99 1871.31 20894.3 20080.2 468.907 814.102 628.522 488.898 19792.3 5607.64 14184.6 857.121 6908.89 3714 3194.89 348.698 287.937 508.423 201.284 339.27 307.139 196.229
internal_count=1359795 1002889 356906 354864 256969 97895 16507 81388 79543 64261 938628 859951 6806 78677 51619 47820 849304 216148 633156 24040 253687 139607 114080 7569 10647 16471 10517 9701 5954 5268
is_linear=0
shrinkage=0.08


Tree=127
num_leaves=31
num_cat=0
split_feature=4 7 2 1 1 3 12 2 1 6 0 15 3 1 2 1 15 0 0 1 3 10 6 9 6 1 7 10 2 1
split_gain=32.8509 39.3447 212.951 120.539 255.152 202.987 102.422 96.9677 293.539 442.028 288.256 177.467 154.236 127.988 155.556 530.808 198.76 117.548 95.8459 94.4447 81.2356 65.2378 56.4309 52.8095 35.6173 31.8542 28.6737 27.051 25.4463 19.561
threshold=30.500000000000004 0.4246212244033814 0.48528139293193823 0.48514269292354589 0.58499062061309826 0.64051282405853283 1.0000000180025095e-35 0.58499062061309826 0.58499062061309826 1.0000000180025095e-35 0.63686314225196849 0.232635572552681 0.74601566791534435 0.64899963140487682 0.64747309684753429 0.75716626644134533 0.2118562385439873 0.68020617961883556 0.53093111515045177 0.68703359365463268 0.54653680324554454 0.75052741169929515 1.0000000180025095e-35 1.0000000180025095e-35 1.0000000180025095e-35 0.18490028381347659 0.47673159837722784 0.49545417726039892 0.51087471842765819 0.75974681973457348
decision_type=2 2 2 2 2 2 2 2 2 2 2 2 2 2 2 2 2 2 2 2 2 2 2 2 2 2 2 2 2 2
left_child=1 2 3 5 23 18 22 8 10 11 12 -10 -3 17 15 -15 -16 26 -1 -11 -6 28 27 -5 -7 -2 -9 -4 -8 -23
right_child=25 7 6 4 20 24 21 13 9 19 -12 -13 -14 14 16 -17 -18 -19 -20 -21 -22 29 -24 -25 -26 -27 -28 -29 -30 -31
leaf_value=-0.0029114947094460216 0.0066976450978874068 -0.021794993948936071 -0.0098584458951239146 0.021250871448235727 0.13211648982846033 0.055789492718761595 0.042431974445269943 0.046422736845023564 -0.048774311793975719 -0.054903144213220838 0.055255596158612967 -0.15069317254599404 0.069041262250193219 -0.09563078266560171 -0.0014836501598767418 0.011461936064027588 0.027493432714568909 0.063337082317497226 0.043025619636162915 0.013624139856745225 0 0.045941453167831083 -0.013465056651344579 -0.091875732194443685 0.00092985567509646847 -0.058583486676293942 0.0026054757652548034 0.069221524478655011 0.12148376099939054 0
leaf_weight=5994.4122007669066 72.113784207496792 1362.3096847186389 31.936477586190449 24.592934577027336 27.04790313821286 513.42744078172836 52.555521482019685 107.73869809115422 210.1647318758769 169.11208455596352 516.42434403224615 255.96588616573717 125.59723095156369 462.156850907224 16529.281410911426 801.19274481316097 1662.2345941352833 371.75182094852789 300.37745248706779 484.71900664104032 423.30674252577592 518.5546734611562 301.7259342506004 303.07627087303263 95.889880782255204 113.00428940948041 702.31845257789246 96.493919117288897 112.45668191948789 63.845988872169983
leaf_count=297848 1101 55580 5006 788 641 15109 2188 3711 10802 12730 15657 2122 4306 15126 704753 25383 36982 10498 5913 19593 21762 8731 18073 24582 7686 4836 21191 1523 2080 3979
internal_value=0.000340778 0.000538773 0.00509052 0.000204575 -0.0295212 0.00359647 0.0366941 -0.00115241 -0.0142779 -0.046995 0.00399521 -0.106086 -0.0138146 0.00082996 -0.00071774 -0.027811 0.00116214 0.0263386 -0.000661642 -0.00413961 0.0093115 0.0545206 0.00508173 -0.0827124 0.0474944 -0.0328039 0.00887857 0.0487252 0.0992357 0.0408422
internal_weight=32805.8 32620.7 8859.7 7682.13 778.024 6904.11 1177.57 23761 3124.29 1119.96 2004.33 466.131 1487.91 20636.7 19454.9 1263.35 18191.5 1181.81 6294.79 653.831 450.355 747.413 430.156 327.669 609.317 185.118 810.057 128.43 165.012 582.401
internal_count=1360280 1354343 415909 374329 47773 326556 41580 938434 120790 45247 75543 12924 59886 817644 782244 40509 741735 35400 303761 32323 22403 16978 24602 25370 22795 5937 24902 6529 4268 12710
is_linear=0
shrinkage=0.08


Tree=128
num_leaves=31
num_cat=0
split_feature=19 1 10 9 14 9 10 9 12 12 2 2 0 10 14 3 0 6 6 0 1 3 0 0 7 2 12 1 10 2
split_gain=33.1926 48.3714 98.2396 22.7553 50.7577 131.538 164.23 93.0628 55.9898 55.158 49.8241 39.302 39.3943 39.1444 40.2665 37.2178 67.2132 37.0452 31.6798 24.4916 60.6719 19.2261 32.8277 20.0485 18.4156 45.6804 39.5624 62.5034 38.9631 42.0722
threshold=1.0000000180025095e-35 0.84660634398460399 0.67700320482254039 0.80069687962532055 0.10818713530898096 1.0000000180025095e-35 0.48450405895709997 0.4048349410295487 1.0000000180025095e-35 1.0000000180025095e-35 0.99565216898918163 0.9547502100467683 0.9569842815399171 0.97685134410858165 0.14642857760190967 0.80217391252517711 0.59299960732460033 1.0000000180025095e-35 1.0000000180025095e-35 0.65030118823051464 0.63028588891029369 0.9689110815525056 0.97182539105415355 0.96808147430419933 0.43288289010524755 0.45923791825771337 1.0000000180025095e-35 0.45867486298084265 0.83960041403770458 0.63686314225196849
decision_type=2 2 2 2 2 2 2 2 2 2 2 2 2 2 2 2 2 2 2 2 2 2 2 2 2 2 2 2 2 2
left_child=1 24 -3 4 5 19 8 15 -7 -8 11 12 17 14 -9 16 -6 -5 -15 20 -2 23 -23 -13 25 26 -1 -28 -26 -30
right_child=3 2 -4 10 7 6 9 13 -10 -11 -12 21 -14 18 -16 -17 -18 -19 -20 -21 -22 22 -24 -25 28 -27 27 -29 29 -31
leaf_value=0.037741558972327706 -0.023066432326627872 0.006679084477126093 0.074294498407209211 0.00094261998883893164 0.012248510975262099 -0.074946274376238617 -0.018432649833634955 0.036071145484155916 -0.014666963427829765 0.039617992010379875 0.066344816836635789 0 0.058922207654614686 0.010727015803991935 0.00013242063032071439 0.0019054550362066003 0.082056406234263815 -0.0079046889192785092 0.061206071386185792 -0.0019873833089492322 0.036512463040200498 -0.16727034187054976 0 -0.099146683210267497 -0.015909397618454443 0.03314974061174341 0.001768217267814378 -0.061143998540021595 -0.0037509784326223814 0.059963017364631277
leaf_weight=175.14708573819371 155.12381263682619 522.52509358993848 185.45343702696118 5047.1501823679428 173.04058892012108 420.89190266057267 247.10083238681545 199.13855929797865 141.20491471508285 172.85422538343119 58.763813606230542 56.641648465185426 58.050485917367041 275.01471474021673 9297.1833362837497 150.77541612437926 194.43618244072422 7456.4943185733282 115.45203048412804 3655.525405921042 329.23982436675578 16.063548344012819 14.118277202709576 12.301306740846483 778.29680195348919 335.66311358107487 2062.556883078214 101.15124703300535 177.94753088578 96.497561200405471
leaf_count=4365 5407 32668 239006 63843 17817 301505 10834 14201 40159 15093 51775 5470 3635 4614 262062 2236 2383 124396 7785 20884 2836 1377 1957 1429 24940 10983 45738 2240 12827 25715
internal_value=-0.000524651 0.00589798 0.025012 -0.00153965 0.000506408 -0.00599743 -0.0322415 0.00372467 -0.0603484 0.00526959 -0.0040491 -0.00441452 -0.00399337 0.00196642 0.000921484 0.0366221 0.0502199 -0.00432169 0.0266422 0.000220891 0.0170639 -0.0534939 -0.103825 -0.0237654 0.00219583 0.00575376 0.00169141 -0.00123328 -0.0066764 0.018751
internal_weight=32681.8 4435.24 707.979 28246.6 15527 5121.94 982.052 10405 562.097 419.955 12719.6 12660.8 12561.7 9886.79 9496.32 518.252 367.477 12503.6 390.467 4139.89 484.364 99.1248 30.1818 68.943 3727.26 2674.52 2338.86 2163.71 1052.74 274.445
internal_count=1360180 398482 271674 961698 707816 396718 367591 311098 341664 25927 253882 202107 191874 288662 276263 22436 20200 188239 12399 29127 8243 10233 3334 6899 126808 63326 52343 47978 63482 38542
is_linear=0
shrinkage=0.08


Tree=129
num_leaves=31
num_cat=0
split_feature=14 12 5 6 9 6 2 10 2 1 14 14 0 10 9 12 9 14 10 14 6 10 10 5 12 14 6 3 9 1
split_gain=27.5093 141.303 248.579 160.459 164.766 155.736 110.196 108.62 86.3119 71.7557 62.0526 59.5332 66.1499 56.8373 96.045 77.4218 64.3135 67.7209 66.8414 63.5316 55.9715 55.6743 53.3338 51.8857 43.207 51.7808 49.2343 40.3511 39.3809 32.7903
threshold=0.40588235855102545 1.0000000180025095e-35 1.0000000180025095e-35 1.0000000180025095e-35 1.0000000180025095e-35 1.0000000180025095e-35 0.64051282405853283 0.4226078093051911 0.99565216898918163 0.81872946023941051 1.0000000180025095e-35 0.078461539000272765 0.80717849731445324 0.86800479888916027 0.5179213583469392 1.0000000180025095e-35 0.8740118443965913 0.79285714030265819 0.99086740612983715 0.48333333432674414 1.0000000180025095e-35 0.93033367395401012 0.39755295217037206 1.0000000180025095e-35 1.0000000180025095e-35 0.93541666865348827 1.0000000180025095e-35 0.87841832637786876 0.47893242537975317 0.8216732144355775
decision_type=2 2 2 2 2 2 2 2 2 2 2 2 2 2 2 2 2 2 2 2 2 2 2 2 2 2 2 2 2 2
left_child=1 3 5 11 -5 9 -4 -6 13 10 -3 12 -1 14 27 20 24 21 -19 -17 -16 -18 -8 -9 26 -26 -15 -2 -13 -24
right_child=8 2 6 4 7 -7 22 23 -10 -11 -12 28 -14 16 15 19 17 18 -20 -21 -22 -23 29 -25 25 -27 -28 -29 -30 -31
leaf_value=-0.015098062181495222 0.029567339291189425 0.055334966944133646 0.078351621214366285 0.0018606129352818832 -0.060930035402186715 0.14719529623831737 -0.03730542789526093 0.11943904349192611 0.069415454599391163 0.050179277330541797 -0.0058313578658987031 0.089830445546334459 0.054929094024695119 0.035913255219226378 0.023484415445502553 -0.062377129603557055 -0.0048033851713529547 -0.011839495419196046 0.0060870025779381359 -0.018618368848696311 -0.008961567638628605 0.020427669498095515 0.05638933220928849 -0.017464124559145131 -0.0058257321962937158 0.01337541253761859 0.0088381022639787178 -0.0070521189266820432 0.033739262603670266 0.020462381491793281
leaf_weight=273.34075026008941 516.52695317126927 105.41524366801605 422.25991474751208 4262.5481403665617 428.15750865236623 41.716725393780507 68.091750430408865 12.677463241852818 104.3706596400225 166.01057008131465 2573.7250361980114 115.55481159314513 119.36608974903356 553.26901592602371 435.63346580276266 235.41389024123782 1043.4540726917621 5401.2674525918846 1749.5114229358587 2279.5290235472785 1480.3973051636131 1178.6901424799144 267.5699039787869 1857.2687676061469 2392.9548222577432 1429.9154004716402 2022.7110543494055 293.13062523363624 333.36469880232471 485.77283410623204
leaf_count=54686 12782 28154 11719 41231 225903 558 1679 146 128265 9268 189144 6072 3128 6883 8038 8311 31621 85740 67115 84509 16403 42458 8465 66110 79569 39083 18681 9222 12509 62643
internal_value=0.000278314 0.0034238 0.0152754 -0.00317377 -0.00741793 0.00231339 0.0451049 -0.024664 -0.00143241 -9.28296e-06 -0.00326646 0.0295698 0.00620787 -0.00180836 -0.00902395 -0.0136732 0.000581187 -0.00362808 -0.00743005 -0.0228936 -0.00145936 0.00852388 0.0274501 -0.0161346 0.00676985 0.0013226 0.0147736 0.0161512 0.0493604 0.0337214
internal_weight=32649.6 11532.8 4130.56 7402.28 6560.65 2886.87 1243.69 2298.1 21116.8 2845.15 2679.14 841.626 392.707 21012.4 5240.63 4430.97 15771.8 9372.92 7150.78 2514.94 1916.03 2222.14 821.434 1869.95 6398.85 3822.87 2575.98 809.658 448.92 753.343
internal_count=1360095 721415 311630 409785 333390 227124 84506 292159 638680 226566 217298 76395 57814 510415 139265 117261 371150 226934 152855 92820 24441 74079 72787 66256 144216 118652 25564 22004 18581 71108
is_linear=0
shrinkage=0.08


Tree=130
num_leaves=31
num_cat=0
split_feature=4 16 10 1 0 0 4 16 3 1 0 16 3 3 1 0 0 1 0 0 1 0 3 3 3 5 3 3 3 0
split_gain=38.8666 257.36 104.076 89.1686 443.745 258.48 170.919 404.682 86.002 151.434 286.801 197.457 157.281 147.58 170.844 257.461 165.549 126.466 260.835 187.093 86.6605 80.3016 248.926 139.948 72.9081 60.4446 59.3938 49.0229 46.1084 58.9588
threshold=3.5000000000000004 0.89528506994247448 0.55078604817390453 0.73499399423599254 0.69732204079628002 0.74601566791534435 1.5000000000000002 0.94312667846679699 0.91922956705093395 0.64899963140487682 0.63373982906341564 0.82182541489601146 0.75905716419219982 0.73375529050827037 0.78910306096076976 0.65345367789268505 0.64747309684753429 0.77015754580497753 0.6911335587501527 0.72481885552406322 0.81872946023941051 0.90366768836975109 0.90054944157600414 0.92637759447097789 0.65485891699790966 1.0000000180025095e-35 0.99473685026168834 0.95861870050430309 0.70659971237182628 0.6911335587501527
decision_type=2 2 2 2 2 2 2 2 2 2 2 2 2 2 2 2 2 2 2 2 2 2 2 2 2 2 2 2 2 2
left_child=1 2 -1 5 -5 6 7 -3 9 10 11 12 -2 14 15 -11 -16 19 -19 -15 27 22 -6 -23 -13 -8 -4 -10 -12 -30
right_child=8 3 26 4 21 -7 25 -9 20 13 28 24 -14 17 16 -17 -18 18 -20 -21 -22 23 -24 -25 -26 -27 -28 -29 29 -31
leaf_value=-0.0034977602318697382 -0.002640351789228031 0.078956722092379902 0.042109004518670015 0.059687326589266058 -0.00020736600889016625 0.048618372669526587 -0.060432474257492291 -0.026530900792768253 0.052669847116731373 -0.031175380412901441 0.061523995910752263 -0.034706423437833506 0.055469492626129935 -0.072808854993580821 0.015041461217832692 0.047117576283792213 -0.090211697823995823 0.028390640901171809 -0.029991364480834292 0.0023228428031608957 0.0029002912598302655 0.047614482046314202 -0.052869852624952023 -0.002614719269833159 -0.11513963182188747 -0.015677702550191196 -0.0091913037712249186 -0.011062947756427768 -0.010373935028364848 0.050765157563868471
leaf_weight=503.67746470929706 7008.1995523017249 285.57988678070251 1576.6111039490934 775.56931995638297 2316.9033534722621 362.43635827756952 734.06656628992641 1160.9132941501157 353.5602719624585 408.92686030510231 470.22513668632018 571.24549012571515 306.3137121234613 680.76586733700242 170.21049888042035 756.0124948961311 203.59031040541595 637.31320208584657 2037.3611717255844 300.80836662795627 6641.2974921249552 422.51144391587877 761.55989692246658 2064.5326527292127 82.530546020105248 281.76322885873378 151.67030026795692 91.514331414393382 176.26373029858223 216.47193091970985
leaf_count=33143 306261 8108 50818 26694 85182 16995 28518 54673 12628 14347 9114 34084 13058 27534 4133 17177 4307 16730 46096 8350 231162 25279 24880 216031 2653 15717 8615 3992 6233 7428
internal_value=8.86585e-05 0.00385706 0.0281904 -0.00206301 0.00318389 -0.0138827 -0.0232272 -0.0053941 -0.0019386 -0.00557273 0.000786967 -0.003949 -0.000148767 -0.0164051 0.00428237 0.019482 -0.0422963 -0.0251491 -0.0159936 -0.0497271 0.00523083 -0.00470781 -0.0133517 0.00593268 -0.0458997 -0.0483131 0.0375012 0.0392326 0.0444725 0.0231376
internal_weight=32510.4 11397.8 2231.96 9165.84 6341.08 2824.76 2462.32 1446.49 21112.6 14026.2 8831.25 7968.29 7314.51 5194.99 1538.74 1164.94 373.801 3656.25 2674.67 981.574 7086.37 5565.51 3078.46 2487.04 653.776 1015.83 1728.28 445.075 862.961 392.736
internal_count=1359940 594653 92576 502077 378066 124011 107016 62781 765287 517505 378831 356056 319319 138674 39964 31524 8440 98710 62826 35884 247782 351372 110062 241310 36737 44235 59433 16620 22775 13661
is_linear=0
shrinkage=0.08


Tree=131
num_leaves=31
num_cat=0
split_feature=4 1 19 2 9 18 14 9 12 9 3 2 9 5 14 6 0 0 7 9 6 9 7 13 9 0 0 14 1 9
split_gain=31.4304 30.6813 27.9078 43.8376 56.2976 20.6666 20.066 124.152 115.112 93.8413 86.0863 59.013 17.6117 17.5977 76.7937 46.4029 16.2906 16.0015 14.1024 10.8602 10.6638 10.1364 9.75628 8.62699 8.49601 8.2986 6.61482 4.76675 5.46866 6.49404
threshold=29.500000000000004 0.23132664710283282 1.0000000180025095e-35 0.78910306096076976 0.56511989235878002 1.0000000180025095e-35 0.097619049251079573 1.0000000180025095e-35 1.0000000180025095e-35 0.52391350269317638 0.81530213356018078 0.98717737197875988 0.98251727223396312 1.0000000180025095e-35 0.44949495792388922 1.0000000180025095e-35 0.64326766133308422 0.76506900787353527 0.81173768639564525 0.96982702612876903 1.0000000180025095e-35 0.93946442008018505 0.51191151142120372 1.0000000180025095e-35 0.57205790281295787 0.94791102409362804 0.16784037649631503 0.28174604475498205 0.18490028381347659 0.79393151402473461
decision_type=2 2 2 2 2 2 2 2 2 2 2 2 2 2 2 2 2 2 2 2 2 2 2 2 2 2 2 2 2 2
left_child=2 27 3 12 18 6 7 16 -9 10 -8 -11 13 15 -15 -1 -4 21 20 25 -5 -7 24 26 -3 -19 -14 -2 29 -29
right_child=1 22 5 4 -6 17 9 8 -10 11 -12 -13 23 14 -16 -17 -18 19 -20 -21 -22 -23 -24 -25 -26 -27 -28 28 -30 -31
leaf_value=-0.0018813307265163081 0.033975658854558811 -0.0105052957183843 0.015249847056038855 0.044859613698813437 0.07201346714676056 -0.005343647964129292 0.026568560874920256 -0.051428030842795867 0.008318922638560898 -0.0015822941516443058 -0.0033496061090738456 0.050452797018312394 -0.0021083851902390354 -0.00026817397208046367 0.064440233537521527 0.091211944779109919 -0.00078290397935268136 -0.040765054284454517 0.035154279439449647 0.024056787940262319 -0.0031092072292677291 0.056416802019777113 0.014105889705007302 -0.031395465366988208 -0.084225753673893428 0.013416292755178836 0.038977649863985712 -0.020419308876132788 -0.031103057204479225 0.023400234833643171
leaf_weight=2887.3541987862263 12.761880299338371 19.54825360608811 449.24914196692407 28.060908631043276 133.05200608429004 73.34366261321702 1582.3620347240067 611.08736602355202 302.10802299113129 19800.414617098315 989.44680096811499 135.3341995824303 20.962311456911266 539.02381267346209 143.34644378694065 29.650722984108143 3682.5337568745017 203.2313692633179 113.82387344526069 14.001722900837192 260.2263717372698 15.876141293440012 4.5673102295259005 8.1273051975585968 66.292649496434024 12.782201654626986 141.22723407179001 33.845726501429453 42.571780486032367 41.775782285956666
leaf_count=71379 952 3300 7936 4327 177962 1926 91408 307536 52372 382991 18841 69444 526 27563 53636 945 21111 1623 18996 168 29204 120 310 853 1580 448 11484 439 518 384
internal_value=8.95763e-05 -0.029609 0.000303432 0.0062978 0.0276532 -0.000617635 -0.000375357 -0.00493648 -0.0315503 0.000640762 0.0150119 -0.00120847 0.00319109 0.0019345 0.0134623 -0.000725842 0.000937986 -0.0207064 0.0118779 -0.0317974 0.00169955 0.00635879 -0.0642252 0.0280219 -0.0707012 -0.0366041 0.0328062 -0.00305097 -0.00956437 0.0017534
internal_weight=32398 221.363 32176.6 4304.86 535.163 27871.8 27552.5 5044.98 913.195 22507.6 2571.81 19935.7 3769.69 3599.38 682.37 2917 4131.78 319.235 402.111 230.015 288.287 89.2198 90.4082 170.317 85.8409 216.014 162.19 130.955 118.193 75.6215
internal_count=1360282 7483 1352799 396875 230489 955924 951639 388955 359908 562684 110249 452435 166386 153523 81199 72324 29047 4285 52527 2239 33531 2046 5190 12863 4880 2071 12010 2293 1341 823
is_linear=0
shrinkage=0.08


Tree=132
num_leaves=31
num_cat=0
split_feature=4 19 7 10 10 5 0 15 3 15 3 14 0 3 15 3 14 15 15 0 9 10 14 3 0 0 15 4 4 3
split_gain=37.2952 37.2759 32.9261 36.3263 29.4748 49.9198 46.3952 48.1759 32.9457 27.3861 78.6206 68.486 54.4561 69.9258 43.8538 34.6082 33.6218 33.613 25.3377 22.1888 22.0645 48.1711 46.6541 40.4232 82.5183 103.566 79.6907 55.341 68.968 32.7194
threshold=13.500000000000002 1.0000000180025095e-35 0.69282051920890819 0.62699216604232799 0.83960041403770458 1.0000000180025095e-35 0.57307061553001415 0.21621131151914599 0.62593284249305736 0.44558031857013708 0.81530213356018078 0.67708334326744091 0.40862709283828741 0.49657534062862402 0.2545494437217713 0.74322345852851879 0.29705883562564855 0.28860394656658178 0.19355649501085284 0.44575163722038275 0.7901836931705476 0.83375209569931041 0.57738095521926891 0.95861870050430309 0.91545844078063976 0.76239567995071422 0.03078051004558802 11.500000000000002 8.5000000000000018 0.49657534062862402
decision_type=2 2 2 2 2 2 2 2 2 2 2 2 2 2 2 2 2 2 2 2 2 2 2 2 2 2 2 2 2 2
left_child=1 2 4 -4 6 -6 7 -1 -8 10 11 17 16 19 -12 -15 -11 -2 -13 -14 21 29 -23 24 25 -22 -26 28 -25 -3
right_child=9 20 3 -5 5 -7 8 -9 -10 12 14 18 13 15 -16 -17 -18 -19 -20 -21 23 22 -24 27 26 -27 -28 -29 -30 -31
leaf_value=0.050124935678105553 -0.040527296709176756 -0.021061263204448059 0.016005461152827558 0.070655747830096524 0.010879693865531248 0.069138835605416726 0.042336325295435212 0.0031372947511409438 -0.019398893953562219 0.023378274240623356 -0.0038832081563583277 -0.013209096747899751 0.018469065726538777 0.00013238684849328899 0.057161344452538454 0.066185294112145923 -0.0091615920824264317 -0.0011851497537325522 -0.086939105430927949 0.14437713204903738 0.00013938506132734116 0.027557178817324592 0.0057357903695227043 0.0098370161471923699 -0.073323534934848777 -0.018456367995853772 0.038329326892998561 0.043712934796298848 -0.023901983244025274 0.00082903880945671892
leaf_weight=167.1884227884002 241.24222767289029 454.04654520834447 328.03426031951676 104.74276364189427 951.87316196148458 101.87323245011066 53.830087014241144 793.17974866257282 712.96240928853513 218.21249343972886 908.81681777126505 45.412218724610284 17.964501746115275 302.98490515328012 76.975587185006589 57.221996307256632 2075.2676806881791 339.9834985385678 160.25331881997408 33.419493806548417 5381.3970996234566 802.99756971528404 2965.3174717228685 1915.3346565703396 39.683037039678311 2957.7684028310177 428.51556971581886 230.9973246154841 479.6034301193431 9030.7618289130914
leaf_count=3737 44371 132575 19648 179319 25297 58209 906 26643 43641 6340 42138 355 380 2548 2215 2205 28219 40338 1372 263 71762 14920 55379 93280 7399 47935 17351 3488 5461 381885
internal_value=0.00055666 0.00164918 0.00974993 0.0302536 0.00645305 0.0169631 0 0.0117003 -0.0146115 -0.00620918 -0.0139305 -0.0327081 -0.00107387 0.0254686 0.000986376 0.011826 -0.00595186 -0.0179937 -0.0721185 0.108737 0.00058638 0.00281232 0.0104585 -0.00197998 -0.004588 -0.00644416 0.0278531 0.00669857 0.00297815 -0.000212555
internal_weight=32377.9 27900.1 3213.68 432.777 2780.91 1053.75 1727.16 960.368 766.792 4477.75 1772.68 786.891 2705.07 411.591 985.792 360.207 2293.48 581.226 205.666 51.384 24686.4 13253.1 3768.32 11433.3 8807.36 8339.17 468.199 2625.94 2394.94 9484.81
internal_count=1359579 1188835 357400 198967 158433 83506 74927 30380 44547 170744 130789 86436 39955 5396 44353 4753 34559 84709 1727 643 831435 584759 70299 246676 144447 119697 24750 102229 98741 514460
is_linear=0
shrinkage=0.08


Tree=133
num_leaves=31
num_cat=0
split_feature=4 16 16 0 7 4 0 4 16 15 10 1 2 15 0 4 16 0 4 0 2 1 15 7 16 10 16 0 4 2
split_gain=33.7667 322.806 108.893 162.154 100.848 92.1986 86.855 92.5681 65.9675 65.3067 64.5344 62.1369 167.689 87.8788 69.1818 60.6494 191.073 108.049 100.586 58.2568 57.5554 57.1772 56.0916 55.2178 93.357 50.594 48.7467 97.346 66.0753 48.6847
threshold=2.5000000000000004 0.91945946216583263 0.86425063014030468 0.65030118823051464 0.83250823616981517 4.5000000000000009 0.64326766133308422 1.5000000000000002 0.77459675073623668 0.036722237244248397 0.46583126485347753 0.64051282405853283 0.64747309684753429 0.20551861822605136 0.83910790085792553 1.5000000000000002 0.9529346525669099 0.86706829071044933 1.0000000180025095e-35 0.38327018916606909 0.79095324873924266 0.77459675073623668 0.11738911643624307 0.3536857813596726 0.86576578021049511 0.45176798105239874 0.65419578552246105 0.59299960732460033 7.5000000000000009 0.86222714185714733
decision_type=2 2 2 2 2 2 2 2 2 2 2 2 2 2 2 2 2 2 2 2 2 2 2 2 2 2 2 2 2 2
left_child=1 6 4 21 5 8 7 -1 -2 10 -3 -5 14 -14 -13 16 22 -17 -18 -10 -19 -4 -11 24 -9 -8 28 -28 -7 -12
right_child=2 9 3 11 -6 26 25 23 19 15 29 12 13 -15 -16 17 18 20 -20 -21 -22 -23 -24 -25 -26 -27 27 -29 -30 -31
leaf_value=0.13800758334829863 0.037598506183408709 0.00045755825802406202 -0.055407208470617191 0.043598547834605102 0.067467150940117585 0.030144735017985216 -0.011488239238594858 0.086194958782412345 -0.03793472720561724 -0.0042897910755578493 0.079064438042935115 -0.1146755294543145 -0.0093773299201770754 0.041490279879886328 0.045344074748326552 -0.036887613529285164 0.0019141399456719279 0.083363473338047001 -0.026738236824938432 0.01018745628241755 -0.0021776169569015782 0.020314181362489036 0.042137790901550121 0.071630380192099261 -0.017127596257925398 0.032441733292142907 -0.021833746394813332 -0.0021295181936721746 0 0.019106395830246928
leaf_weight=85.010382361680968 545.41391545643273 1784.5761190768389 678.26064808006049 148.31347983609885 136.25149478584353 491.40171363446279 215.56442687334493 79.125816183921415 166.95461269722728 216.35922111755644 108.27542797269416 118.85492159880232 1737.1870318322908 242.88304672983941 15.802846997146842 896.30417849727382 1531.66190265365 68.0842931594525 1579.8737722881779 2329.3989347632451 150.06409467675257 64.598767740040785 630.52382070742897 275.39247397560393 158.81964099290781 656.68598960013333 2081.6592637691065 7056.1165167582221 7607.1378297548945 453.02557513778447
leaf_count=1370 20991 43874 34017 3800 4986 13239 8629 1311 13661 10201 9110 3321 65623 6127 608 33713 65682 3868 60275 98330 6417 1612 21955 9211 9185 27821 135966 182419 280338 180919
internal_value=-0.00039099 0.0037994 -0.00198879 -0.0161917 9.81339e-05 -0.00036316 0.0379808 0.0615103 0.0124569 -0.00297576 0.00801663 -0.00542668 -0.0090352 -0.00296832 -0.0937996 -0.00809344 -0.00339236 -0.0245585 -0.0126022 0.00683571 0.0250725 -0.0485168 0.0301332 0.0473243 0.0176393 0.0213991 -0.00263781 -0.00664529 0.00186549 0.0315508
internal_weight=32309.6 8889.35 23420.2 3005.9 20414.3 20278.1 1470.6 598.348 3041.77 7418.75 2345.88 2263.04 2114.73 1980.07 134.658 5072.87 3958.42 1114.45 3111.54 2496.35 218.148 742.859 846.883 513.338 237.945 872.25 17236.3 9137.78 8098.54 561.301
internal_count=1358579 493541 865038 115108 749930 744944 57527 21077 132982 436014 233903 79479 75679 71750 3929 202111 158113 43998 125957 111991 10285 35629 32156 19707 10496 36450 611962 318385 293577 190029
is_linear=0
shrinkage=0.08


Tree=134
num_leaves=31
num_cat=0
split_feature=4 16 7 0 7 1 1 2 4 16 0 4 10 0 1 7 2 4 16 2 0 7 2 4 10 7 2 16 16 10
split_gain=32.5809 87.8994 57.3297 71.3352 79.1265 72.506 79.9146 63.7388 59.9852 54.8481 109.578 62.3871 47.4662 47.4567 80.06 65.995 78.5954 59.4541 121.112 59.29 238.881 135.07 37.9989 37.3829 36.8302 32.3921 29.7919 22.9018 27.5646 19.7347
threshold=8.5000000000000018 0.73956522345542919 0.78538051247596752 0.83047896623611461 0.71834936738014232 0.99565216898918163 0.89699381589889537 0.87206766009330761 10.500000000000002 0.48304596543312078 0.44575163722038275 19.500000000000004 0.56949043273925792 0.3948992937803269 0.53390806913375866 0.35751880705356603 0.42163743078708654 2.5000000000000004 0.86576578021049511 0.60640108585357677 0.76845377683639537 0.51564025878906261 0.80735492706298839 5.5000000000000009 0.2582839578390122 0.29459981620311743 0.55351883172988903 0.4246212244033814 0.67962265014648449 0.63798391819000255
decision_type=2 2 2 2 2 2 2 2 2 2 2 2 2 2 2 2 2 2 2 2 2 2 2 2 2 2 2 2 2 2
left_child=1 12 3 4 9 6 -5 -4 29 11 -11 -2 24 14 17 16 25 18 -3 20 -17 -21 -6 -14 26 -15 -1 -25 -29 -7
right_child=2 13 7 5 22 8 -8 -9 -10 10 -12 -13 23 15 -16 19 -18 -19 -20 21 -22 -23 -24 27 -26 -27 -28 28 -30 -31
leaf_value=0.072919927119048392 0.012574687592949038 0.097589718779579351 0.083444333260474651 -0.068175412994245108 0.075874112340882136 0.0042775237419948268 0.058750278131018033 -0.038006839697880997 0 -0.032703874968226784 -0.0039029905735838769 -0.0090476321398591398 0.038476764368002153 0.024791670249007108 0.1008893578582136 -0.017513857851738576 0.048972091298360852 -0.044538562664233519 -0.020177793067924634 0.037080492530353976 0.051267780252607052 1.7689238430281127e-05 0.011470846887027084 -0.069849142188890906 -0.035147368433831275 -0.014778112878483459 0.00058769061650667577 0.02592083145923061 0.0049455341276904317 -0.088268356430160427
leaf_weight=35.564230235817377 2032.8617294096039 61.097700903948862 90.14010466702166 44.529591677652206 107.5884897330543 11.925660321896428 81.911689090076834 33.490379568887874 80.291239144280553 1035.2816881861654 4627.6748686030041 1458.3903030481451 549.26054493428092 220.09081783168949 29.197408344320138 2992.7020893860317 381.29809940067935 419.74133157002507 355.17833969499043 654.98967909772182 356.48390979204851 13725.176394863483 141.55614841490751 15.040681550686712 175.8581448164914 314.85361450345954 408.23176268936368 791.60251050454099 859.2456607070053 190.77038995031035
leaf_count=839 53221 971 2343 744 2138 864 1828 520 2367 89559 151438 47412 15786 8597 1086 111891 12863 51269 33151 21127 18584 622110 2707 358 42651 17666 3340 17492 23817 1819
internal_value=-4.651e-05 0.00164322 -0.00386149 -0.00456973 -0.00311782 -0.0370897 0.0119398 0.0491019 -0.0593791 -0.00435379 -0.0092207 0.00349668 0.0147944 -0.00026267 -0.0185292 0.000581115 0.0214616 -0.0234651 -0.0015599 -0.000494703 -0.0100796 0.00172925 0.0408573 0.020273 -0.00453994 0.00128447 0.00748847 0.0140781 0.015148 -0.0820811
internal_weight=32282 22345.6 9936.41 9812.78 9403.35 409.429 126.441 123.63 282.987 9154.21 5662.96 3491.25 2834.8 19510.8 865.215 18645.6 916.243 836.017 416.276 17729.4 3349.19 14380.2 249.145 2215.15 619.654 534.944 443.796 1665.89 1650.85 202.696
internal_count=1360558 1003598 356960 354097 346475 7622 2572 2863 5050 341630 240997 100633 104283 899315 86477 812838 39126 85391 34122 773712 130475 643237 4845 57453 46830 26263 4179 41667 41309 2683
is_linear=0
shrinkage=0.08


Tree=135
num_leaves=31
num_cat=0
split_feature=18 16 16 2 3 2 2 16 7 7 2 15 2 15 7 3 3 2 15 3 3 3 5 9 3 2 15 9 16 2
split_gain=28.7284 27.2906 170.621 90.6317 43.5763 114.725 51.4636 41.7936 29.6677 26.7455 158.946 61.8064 58.4467 37.4729 203.179 110.44 81.1068 59.3393 144.649 98.4342 30.6229 28.4056 20.6137 20.1311 18.4043 102.234 57.8136 17.5217 13.035 10.8553
threshold=1.0000000180025095e-35 0.95875850319862377 0.99166667461395275 0.64051282405853283 0.94494947791099559 0.9634092152118684 0.88975694775581371 0.96490147709846508 0.2014492750167847 0.74883177876472484 0.83752354979515087 0.050112936645746238 0.89769753813743602 0.16296706348657611 0.64326766133308422 0.88273492455482494 0.80810147523880016 0.87453705072402965 0.031947938725352294 0.95180022716522228 0.90366768836975109 0.92718276381492626 1.0000000180025095e-35 0.63788443803787243 0.89512962102890026 0.84074437618255626 0.16296706348657611 0.96785670518875133 0.68217894434928905 0.50878274440765392
decision_type=2 2 2 2 2 2 2 2 2 2 2 2 2 2 2 2 2 2 2 2 2 2 2 2 2 2 2 2 2 2
left_child=1 9 3 7 6 -6 -5 29 -4 13 20 21 -13 17 15 -15 -16 19 -19 -1 -11 -12 -9 -22 25 -10 -26 28 -2 -3
right_child=27 2 8 4 5 -7 -8 22 24 10 11 12 -14 14 16 -17 -18 18 -20 -21 23 -23 -24 -25 26 -27 -28 -29 -30 -31
leaf_value=-0.01281346691150175 0.0023058476784721445 -0.04847267360207206 0.082502997371400891 -0.017459376717181931 -0.0914678662614722 0.0037702424541702479 0.024778760450807586 -0.099431763425516226 0 0.094374284447459031 -0.021539011650360127 0.00072019167524126667 0.049067190777848053 -0.00097667582764183938 0.061114330161688581 0.03856079671159407 0.0055256427512898262 -0.012382530789148489 0.049503105614960623 0.0045674687766047621 0.00032085711181858886 0.00077737123527549799 -0.032717578397537785 0.059118016231458299 -0.0039262283884076736 0.053581171233797929 0.070350278420527948 0.032080116404117807 -0.037078055637961349 -0.00099738511844281582
leaf_weight=5191.6427685939707 58.201407132626628 58.237059511477128 28.01280992286047 802.99440275617235 149.40075381089991 162.92540236734931 232.22845935011719 157.21492990433762 931.98419554842985 123.71874049527105 422.16986320712749 332.58971289711189 316.49295385000005 12761.203777455245 507.81825339968782 463.66947808003169 261.281058138964 537.63121641004545 427.78039237450866 3462.3890421557298 65.400956208293792 2432.7890655376759 54.116619459877256 103.23866675655881 1391.405622618302 294.6030613568073 65.430898718885146 26.593139500299003 246.51709950623626 74.680480333132436
leaf_count=224329 1102 5225 916 19852 3798 23337 14047 6934 32700 2482 15837 8655 19794 452286 10319 22092 7308 22270 21170 127600 1891 112247 3463 3578 151330 31894 6358 256 4187 2761
internal_value=-6.85221e-05 0.000172342 -0.00566406 -0.0255815 -0.0159391 -0.042006 -0.00775685 -0.0620995 0.00672873 0.00111663 0.00734501 0.00252836 0.0247337 0.000107152 0.00275561 0.00041148 0.0425939 -0.00372853 0.0149883 -0.00584243 0.0635233 -0.00249855 -0.0842386 0.0379029 0.00572622 0.0129283 -0.000251584 -0.0233311 -0.0291233 -0.0239617
internal_weight=32144.4 31813.1 4403.23 1691.8 1347.55 312.326 1035.22 344.249 2711.44 27409.8 3796.4 3504.04 649.083 23613.4 13994 13224.9 769.099 9619.44 965.412 8654.03 292.358 2854.96 211.332 168.64 2683.42 1226.59 1456.84 331.312 304.719 132.918
internal_count=1360018 1354473 302615 79417 61034 27135 33899 18383 223198 1051858 164484 156533 28449 887374 492005 474378 17627 395369 43440 351929 7951 128084 10397 5469 222282 64594 157688 5545 5289 7986
is_linear=0
shrinkage=0.08


Tree=136
num_leaves=31
num_cat=0
split_feature=4 0 15 0 2 1 2 1 0 6 0 1 0 0 12 0 15 0 0 0 2 4 9 1 0 6 2 9 10 2
split_gain=29.0456 38.4147 34.203 93.8674 66.4788 152.947 186.197 540.578 179.72 158.315 105.224 100.893 282.343 116.291 53.7997 43.4811 37.5601 35.4677 33.8558 23.4041 23.1874 19.7805 17.8961 17.6504 23.5776 16.7214 13.1482 11.3716 12.2453 9.98031
threshold=20.500000000000004 0.23294574022293094 0.46651156246662145 0.46247655153274542 0.52689418196678173 0.63702240586280834 0.63686314225196849 0.73746865987777721 0.66969698667526256 1.0000000180025095e-35 0.70396453142166149 0.52689418196678173 0.53410854935646068 0.45035210251808172 1.0000000180025095e-35 0.45512083172798162 0.58496737480163585 0.30860807001590734 0.6106402873992921 0.3948992937803269 0.61610352993011486 12.500000000000002 0.41390292346477514 0.49731183052062994 0.3536857813596726 1.0000000180025095e-35 0.23845060169696811 0.81835731863975536 0.97989273071289074 0.4712491780519486
decision_type=2 2 2 2 2 2 2 2 2 2 2 2 2 2 2 2 2 2 2 2 2 2 2 2 2 2 2 2 2 2
left_child=2 22 4 14 10 8 7 -7 15 -8 11 13 -13 -1 27 -6 18 26 21 -19 23 -5 -2 24 -3 -10 -16 -4 -29 -12
right_child=1 20 3 16 5 6 9 -9 25 -11 29 12 -14 -15 17 -17 -18 19 -20 -21 -22 -23 -24 -25 -26 -27 -28 28 -30 -31
leaf_value=-0.032912445546417243 0.068972506817817178 -0.029921035388125742 0.043630698455736916 0.0054616945475779808 0.070624689134879196 -0.082799096938358269 0.017622415711848104 0.0085329537036863828 0.074579861143418566 -0.0020805790578339268 0.059089878332033358 0.0092912951155609894 -0.076188838640793149 0.0099250168651267533 -0.0014396127549514861 0.0053715320808791411 0.060553596741178481 -0.021081443042026301 0.050593569804638153 0.00032889647935351041 0.019500155400968579 0.036040782311032978 0.00044899307744116542 -0.050942017197605667 0.0072444381298277793 0.042210088856385712 0.010457643054304307 0.00022852276008852334 0.047023735575651468 0.022116239626273376
leaf_weight=608.35166784531611 20.692715650162427 381.19930829649093 189.47733196994523 625.34856259138905 63.69988721437403 660.991127154266 3140.4856663176106 1090.3070822881418 296.10282087500673 15290.260046206335 96.156119620703976 455.07531551456486 526.53508522739867 1185.8580219588766 1299.5208921821322 1692.7488066135847 178.12416647674399 796.44075105478987 187.70081488856522 526.95914921080112 66.417778162402101 175.72593630608753 594.63764875591733 163.49386069538014 141.27096072933637 249.07178221683716 1059.7949771670392 139.74603838566691 46.711446404340677 146.73996709648054
leaf_count=181824 1293 14888 3498 5169 2776 24329 108315 36058 9372 648897 3808 29806 23514 74513 16343 57845 2807 24203 8752 7552 3317 2167 9182 12040 7723 8281 23477 1687 459 6378
internal_value=0.000329649 -0.0110477 0.000842978 0.00673756 -0.000359658 0.00113136 -0.00109125 -0.0259849 0.0206501 0.00127188 -0.0115013 -0.0159773 -0.0365518 -0.00456179 0.000936743 0.00802261 0.026687 -0.00198045 0.0201511 -0.0124666 -0.023141 0.0125501 0.00354863 -0.0276125 -0.0195951 0.0606 0.00384773 0.0295849 0.0137093 0.0382952
internal_weight=32095.6 1367.71 30727.9 5225.55 25502.4 22483.7 20182 1751.3 2301.62 18430.7 3018.72 2775.82 981.61 1794.21 4058.65 1756.45 1166.9 3682.72 988.775 1323.4 752.382 801.074 615.33 685.964 522.47 545.175 2359.32 375.935 186.457 242.896
internal_count=1360273 48443 1311830 96114 1215716 895873 817599 60387 78274 757212 319843 309657 53320 256337 77219 60621 18895 71575 16088 31755 37968 7336 10475 34651 22611 17653 39820 5644 2146 10186
is_linear=0
shrinkage=0.08


Tree=137
num_leaves=31
num_cat=0
split_feature=15 3 12 2 1 2 1 0 3 6 1 15 0 3 0 1 6 4 4 0 3 3 6 0 16 6 5 6 16 3
split_gain=26.3543 93.4896 74.4044 72.2868 114.158 156.473 399.43 144.227 120.817 115.771 108.601 222.954 137.376 165.101 105.603 95.9207 93.3278 87.7026 87.2251 81.9429 76.1886 72.0322 62.954 176.725 49.487 48.0291 52.6131 44.2219 42.1728 30.8305
threshold=0.46651156246662145 0.70396453142166149 1.0000000180025095e-35 0.52689418196678173 0.62115561962127697 0.62258651852607738 0.7320508360862733 0.66969698667526256 0.73375529050827037 1.0000000180025095e-35 0.52689418196678173 0.31169901788234716 0.58499062061309826 0.68801230192184459 0.48808848857879644 0.78910306096076976 1.0000000180025095e-35 6.5000000000000009 7.5000000000000009 0.65545505285263073 0.60136988759040844 0.75582656264305126 1.0000000180025095e-35 0.51899951696395885 0.53158244490623485 1.0000000180025095e-35 1.0000000180025095e-35 1.0000000180025095e-35 0.53529900312423717 0.62593284249305736
decision_type=2 2 2 2 2 2 2 2 2 2 2 2 2 2 2 2 2 2 2 2 2 2 2 2 2 2 2 2 2 2
left_child=3 2 -2 10 7 6 9 20 15 -6 12 22 13 28 18 -7 -16 -8 -13 -10 -5 -22 23 -12 -24 -4 -27 -15 -1 -14
right_child=1 -3 25 4 5 8 17 -9 19 -11 11 14 29 27 16 -17 -18 -19 -20 -21 21 -23 24 -25 -26 26 -28 -29 -30 -31
leaf_value=0.0073766911619384656 0.029740815676785628 0.05324775573369208 -0.0014866863060762764 0.036252465375522784 -0.1050320530875677 0.028606062807917856 0.033447218726211245 0.059521179958754653 0.023577042033251894 -0.034149931628872338 0.036825656572337807 0.058336783739858476 0.081526803636622902 0.092345635355767744 -0.14659453543739059 -0.0066384764142290373 -0.042744807926387615 -0.015264174788711315 -0.084112081544871029 -0.0028148103022335976 -0.012090066323175575 0.044461292462588696 -0.03047281851703719 -0.085458548242828627 0.023553744641683458 0.10208357770385872 0.0063126278460074979 -0.0063516885221096553 -0.026941078840119505 0.02688250287506706
leaf_weight=275.42600160236179 585.50012461282313 239.97532007022528 5288.2176478466718 417.52665756001079 351.40934597246815 1617.7720477090043 440.65179259891738 432.63440326000273 784.51847056391125 277.70584976274404 120.00795814563753 50.698238119482994 87.888110649946611 109.33547114096291 163.42988605296705 698.76916806853114 98.347027578332927 495.07493934841477 48.796418998157606 15919.583448762445 956.30106471071485 164.11548578582006 144.08641670817451 184.38829719030764 383.00498066109139 55.269800394307822 106.03473413060419 34.186434400573489 1144.3103823076381 332.26332112814998
leaf_count=50270 7750 11706 87896 13965 8272 39016 13546 14542 25852 16160 10571 594 1795 2654 1305 19634 1531 18550 517 693700 31928 6700 15576 7812 28974 457 1623 4904 211441 10560
internal_value=0.000111848 0.00476281 0.0027659 -0.00101681 0.000568494 -0.00118682 -0.0254651 0.0189428 0.00080833 -0.0745114 -0.0123086 -0.0313332 -0.000737379 -0.0117491 -0.083392 0.0179145 -0.109711 0.00756073 -0.0106768 -0.00155904 0.00726827 -0.00350368 -0.00815967 -0.036915 0.0083367 -0.000127578 0.0421725 0.0683366 -0.0201687 0.0395138
internal_weight=32007.2 6275 6035.02 25732.2 22556.1 20585.5 1564.84 1970.58 19020.6 629.115 3176.17 1192.76 1983.41 1563.26 361.272 2316.54 261.777 935.727 99.4947 16704.1 1537.94 1120.42 831.488 304.396 527.091 5449.52 161.305 143.522 1419.74 420.151
internal_count=1359801 109432 97726 1250369 901865 834730 56528 67135 778202 24432 348504 66880 281624 269269 3947 58650 2836 32096 1111 719552 52593 38628 62933 18383 44550 89976 2080 7558 261711 12355
is_linear=0
shrinkage=0.08


Tree=138
num_leaves=31
num_cat=0
split_feature=4 16 16 4 0 3 3 7 1 16 0 4 7 1 4 7 16 4 0 4 16 3 7 3 4 3 0 3 4 2
split_gain=27.109 51.3979 30.8716 63.8622 74.5748 92.7601 58.0205 37.9216 39.778 27.4535 50.8767 105.184 68.6329 48.1161 93.5043 70.3583 23.1803 20.1655 18.229 20.5365 13.8803 13.3385 12.9398 11.5705 11.2773 12.257 25.6643 12.808 9.85412 7.37851
threshold=29.500000000000004 0.2124435901641846 0.39314988255500799 17.500000000000004 0.42947559058666235 0.54261502623558056 0.70396453142166149 0.18635658919811252 0.42588071525096899 0.58032256364822399 0.3948992937803269 7.5000000000000009 0.41060766577720648 0.60107529163360607 10.500000000000002 0.60736888647079479 0.48304596543312078 18.500000000000004 0.36088341474533087 18.500000000000004 0.41742423176765447 0.6291005313396455 0.48683299124240881 0.92031747102737438 10.500000000000002 0.30901856720447546 0.13873296231031421 0.25946703553199774 15.500000000000002 0.43657262623310095
decision_type=2 2 2 2 2 2 2 2 2 2 2 2 2 2 2 2 2 2 2 2 2 2 2 2 2 2 2 2 2 2
left_child=2 -2 7 9 17 16 -7 24 18 13 11 -11 -12 14 -4 -15 -6 20 19 -9 -5 -19 29 -3 -1 27 -27 -26 -20 -10
right_child=1 23 3 4 5 6 -8 8 22 10 12 -13 -14 15 -16 -17 -18 21 28 -21 -22 -23 -24 -25 25 26 -28 -29 -30 -31
leaf_value=-0.062162173914547592 0.011903281481271224 -0.07056589078698576 0.044795478878831806 0.027585356948521957 -0.01084038163315312 -0.053890215166719706 0.0043294231595364637 0.039486783755938587 -0.048384398014163256 -0.0030669986934466782 0.012702833186002413 -0.052309499080724936 -0.0011395924018025719 -0.015385633436100308 0.0041449782149755691 0.031808588707094895 0.12948362484774639 -0.073648379437905462 0 0.012803472956370868 -0.037808590629149243 0 0.037618003675686386 0.0064966901487518705 -0.0075027354479142942 -0.054057029122372764 -0.0011689397252540332 0.028687062688579727 0.079619674467832219 -0.0086505721750640453
leaf_weight=15.365860965102909 103.67093939700862 107.21914805533015 504.89367676730035 22.950217851292109 5.9329556260927339 155.00686576543376 332.08672916893556 310.97154955379665 44.97515511335223 1214.8237747232051 2554.2137793344737 358.34247690092889 21935.55853855038 918.69987728218257 1291.0015504816402 252.72686248031096 33.733547542404267 191.43463473067095 8.8972116297809389 529.33530564086686 62.824373256167746 13.189788289339047 21.086922226502793 8.9390682351076958 97.867662193893921 63.873604744905606 448.81268915091641 138.96242269250797 55.267736347072059 117.943607443769
leaf_count=276 1868 4854 9310 554 301 7542 15657 4458 5687 98145 121023 48637 889812 35567 53112 7929 978 16355 224 11561 4782 1026 792 742 1206 923 7214 1718 1708 6317
internal_value=3.32852e-05 -0.0276421 0.000234575 -0.000383086 -0.0223723 -0.00396151 -0.0142319 0.0102421 0.019822 0.000234114 -0.000590821 -0.0145152 0.0002999 0.00752242 0.0157548 -0.0049759 0.106049 -0.0545941 0.0267575 0.0230426 -0.0179932 -0.0683781 -0.0132282 -0.0632915 -0.00322322 -0.00139893 -0.00852559 0.0132245 0.0679117 -0.0216864
internal_weight=31920.6 219.829 31700.8 29847.4 817.159 526.76 487.094 1853.36 1088.48 29030.3 26062.9 1573.17 24489.8 2967.32 1795.9 1171.43 39.6665 290.399 904.472 840.307 85.7746 204.624 184.006 116.158 764.882 749.516 512.686 236.83 64.1649 162.919
internal_count=1360278 7464 1352814 1310730 47195 24478 23199 42084 30747 1263535 1157617 146782 1010835 105918 62422 43496 1279 22717 17951 16019 5336 17381 12796 5596 11337 11061 8137 2924 1932 12004
is_linear=0
shrinkage=0.08


Tree=139
num_leaves=31
num_cat=0
split_feature=4 16 10 16 7 4 2 7 1 2 1 1 2 1 2 1 10 4 16 5 4 16 1 7 15 10 4 1 2 16
split_gain=25.8401 179.951 79.4676 59.9507 107.274 94.4495 74.7154 90.6757 83.5857 71.112 107.985 66.5175 93.5236 186.582 67.199 85.3614 62.9032 58.4101 118.837 94.0044 65.9478 108.618 108.468 54.9912 54.0007 50.3787 47.9121 45.5654 38.0866 34.977
threshold=3.5000000000000004 0.88047617673873912 0.55078604817390453 0.82891985774040233 0.81173768639564525 5.5000000000000009 0.87206766009330761 0.77712419629096996 0.99565216898918163 0.61610352993011486 0.61633428931236278 0.80217391252517711 0.71357852220535289 0.71010184288024913 0.86222714185714733 0.99565216898918163 0.49545417726039892 2.5000000000000004 0.92131063342094432 1.0000000180025095e-35 1.5000000000000002 0.94935896992683422 0.77015754580497753 0.54631218314170849 0.19167122989892962 0.41684396564960485 1.5000000000000002 0.78319624066352855 0.66961652040481578 0.78153410553932201
decision_type=2 2 2 2 2 2 2 2 2 2 2 2 2 2 2 2 2 2 2 2 2 2 2 2 2 2 2 2 2 2
left_child=1 2 -1 4 5 16 7 -7 -8 10 23 12 13 -11 28 -16 -2 18 25 27 21 -20 -22 -5 -12 -3 -27 -19 -13 -18
right_child=3 17 -4 9 -6 6 8 -9 -10 11 24 14 -14 -15 15 -17 29 19 20 -21 22 -23 -24 -25 -26 26 -28 -29 -30 -31
leaf_value=-0.0042052124951796593 -0.0087629673526343575 -0.0087970825844525657 0.038493791596304741 -0.023412050303714578 0.063853098903807276 -0.0024217078021632997 0.04584951887407384 0.068534850253665777 -0.049097197732160709 0.020481223734591537 -0.019303750641318316 0.029901839616753093 0.046145998636879536 -0.11066367124283906 0.026838172453924006 -0.016552004068260712 0.031288452880350218 -0.058532884193451873 0.028794586170446335 0 -0.046304753329877685 -0.0030518137825667935 0.00052157246499873839 0.059331267297923158 -0.12043429685133912 0.079227400756999203 0.025367439711384474 0.0069060586754015286 -0.038171064332746883 0.010173256338801926
leaf_weight=354.87743470730493 618.57105337140092 221.90493985277135 1182.4916496653022 613.66888740683498 163.50934116356075 13830.073110835219 64.204862184531521 111.11558040679665 385.0783082175476 275.26043229328934 56.848434562882176 51.082316520944005 340.49779698348721 86.978206012689043 440.18133522436256 826.51466209812497 964.41357219310885 360.62682451349974 785.00915500058181 747.61584961791232 531.03892925214313 5152.1251553740367 756.88577492344484 50.381889000796946 109.67853135115001 122.87832826398517 843.47499403104302 77.260661489330232 624.95025521944626 1120.9834987667273
leaf_count=22530 36632 11911 42212 32886 5468 512309 1542 2760 7629 7028 3938 1253 9169 2619 19811 33442 32620 13543 36479 32233 23145 342406 28982 1046 1263 4628 34460 2130 14388 39546
internal_value=7.27065e-05 0.00318494 0.028552 -0.00159152 0.000331148 -0.000285579 -0.00287349 -0.00182032 -0.0348213 -0.01117 -0.0315513 -0.00466315 0.0162557 -0.0116507 -0.0123345 -0.00130171 0.0134081 -0.000873994 0.00145452 -0.0174702 -0.00238648 0.00115268 -0.0187666 -0.0164986 -0.0884125 0.0248555 0.0327534 -0.046678 -0.0326106 0.0200662
internal_weight=31870.2 11136.2 1537.37 20734 17257.9 17094.4 14390.5 13941.2 449.283 3476.04 830.578 2645.47 702.736 362.239 1942.73 1266.7 2703.97 9598.82 8413.32 1185.5 7225.06 5937.13 1287.92 664.051 166.527 1188.26 966.353 437.887 676.033 2085.4
internal_count=1360008 594659 64742 765349 638506 633038 524240 515069 9171 126843 39133 87710 18816 9647 68894 53253 108798 529917 482011 47906 431012 378885 52127 33932 5201 50999 39088 15673 15641 72166
is_linear=0
shrinkage=0.08


Tree=140
num_leaves=31
num_cat=0
split_feature=19 1 10 9 1 3 6 3 10 7 9 14 9 10 9 14 12 10 2 12 14 12 2 6 9 12 3 14 14 10
split_gain=25.0029 34.8189 96.2891 20.0606 24.6619 109.855 49.9817 39.6043 22.6335 19.4061 18.5718 46.58 74.8521 58.7147 57.9675 197.676 85.6106 37.4481 38.5741 41.0002 35.6746 98.5655 115.524 72.1119 65.8727 51.2268 43.9679 29.2191 26.1831 20.5133
threshold=1.0000000180025095e-35 0.79431909322738659 0.72533166408538829 0.34968855977058416 0.64899963140487682 0.70659971237182628 1.0000000180025095e-35 0.74601566791534435 0.98598098754882824 0.23294574022293094 0.86800479888916027 0.79285714030265819 0.95780044794082653 0.89672946929931652 0.89803618192672741 0.91987180709838878 1.0000000180025095e-35 0.87194395065307628 0.53747394680976879 1.0000000180025095e-35 0.40588235855102545 1.0000000180025095e-35 0.39369101822376257 1.0000000180025095e-35 0.58851018548011791 1.0000000180025095e-35 0.70396453142166149 0.87083333730697643 0.57738095521926891 0.97483214735984813
decision_type=2 2 2 2 2 2 2 2 2 2 2 2 2 2 2 2 2 2 2 2 2 2 2 2 2 2 2 2 2 2
left_child=1 3 -3 -1 7 -6 -7 8 -5 -9 17 12 -12 -13 15 -15 -16 20 19 -19 21 23 -23 -2 26 -26 -22 -21 -20 -30
right_child=10 2 -4 4 5 6 -8 9 -10 -11 11 13 -14 14 16 -17 -18 18 28 27 24 22 -24 -25 25 -27 -28 -29 29 -31
leaf_value=0.02234456591424204 0.021574009816950679 0.0051452293734131982 0.0712751718601638 -0.0012642085120515183 0.035102946174311998 -0.078981410685307271 0 -0.060103375270776756 0.025435035159914847 0.052466368000237268 0 -0.037228389703086846 0.039941396078904921 -0.038968145984162067 -0.020149601429290072 0.046033755736103472 -2.440929961331031e-05 0.025496018353358022 0.028178347630992709 -0.018090791434047244 0.029481721803692972 -0.014170671717169523 0.026416978313616647 -0.0067464374602036383 -0.0033795171987658461 -0.023776427632912017 -0.0031378267129710427 0.0048578674571731952 0.0061856564823009278 0.029736133388126872
leaf_weight=289.29424321865372 634.15148540507653 602.65149724044022 181.90840875122376 2470.1134553451557 143.0509905233921 150.86623270221753 81.087468940124381 5.1860476904548696 215.91038285684772 127.80124790519767 2006.6596784457215 385.36904255347326 348.2219002667116 266.46567223282182 2231.1835766205913 484.10110437023104 3464.8086145462148 253.48418522824068 478.91903286066372 886.1608956430573 417.5867329906614 603.43798270844854 1672.8777106525667 5624.0732906156773 1631.001466934511 1562.4621735250112 685.08630003209691 572.37770275893854 3138.7158898672496 257.09064824314555
leaf_count=6747 70985 45788 243704 53385 7104 7564 14655 242 3135 16311 37990 4475 8696 4524 22247 8359 109834 2093 12231 10853 14815 131814 71803 301396 12875 48479 9655 6257 57942 14586
internal_value=0.000140873 0.00583986 0.0210351 0.00234627 0.000452843 -0.0186222 -0.0524725 0.00307548 0.000865769 0.0448982 -0.000735346 -0.00367526 0.005982 -0.00702934 -0.00517181 0.0155865 -0.00794649 0.000723027 0.00619285 -0.00373126 -0.00164767 0.00132974 0.0155798 -0.00383622 -0.00759435 -0.0134307 0.0091482 -0.00898984 0.0106182 0.00805677
internal_weight=31872.1 4267.87 784.56 3483.31 3194.02 375.005 231.954 2819.01 2686.02 132.987 27604.2 9186.81 2354.88 6831.93 6446.56 750.567 5695.99 18417.4 5586.75 1712.02 12830.7 8534.54 2276.32 6258.22 4296.14 3193.46 1102.67 1458.54 3874.73 3395.81
internal_count=1360544 398635 289492 109143 102396 29323 22219 73073 56520 16553 961909 196125 46686 149439 144964 12883 132081 765784 103962 19203 661822 575998 203617 372381 85824 61354 24470 17110 84759 72528
is_linear=0
shrinkage=0.08


Tree=141
num_leaves=31
num_cat=0
split_feature=4 16 0 3 3 16 16 0 3 4 0 3 16 4 3 3 0 3 3 7 4 4 16 16 3 16 16 1 7 0
split_gain=27.4051 67.205 100.485 178.944 114.37 57.8507 45.6463 44.457 41.7378 33.9851 63.2131 81.6195 57.336 55.9708 55.6078 53.956 49.1391 45.2789 45.2044 43.1153 37.7111 33.5347 61.7339 33.0804 37.0309 33.0122 32.6419 42.4258 55.4226 42.5037
threshold=13.500000000000002 0.42980295419692999 0.42163743078708654 0.54653680324554454 0.77303028106689464 0.50352111458778392 0.58995378017425548 0.45852446556091314 0.99473685026168834 8.5000000000000018 0.50944742560386669 0.58898946642875682 0.75716626644134533 5.5000000000000009 0.68801230192184459 0.81530213356018078 0.83414238691329967 0.91458967328071605 0.39173060655593878 0.23769168555736545 2.5000000000000004 19.500000000000004 0.29758481681346899 0.26365442574024206 0.66260164976120006 0.16823899745941165 0.31311275064945226 0.59675306081771862 0.6351073980331422 0.4712491780519486
decision_type=2 2 2 2 2 2 2 2 2 2 2 2 2 2 2 2 2 2 2 2 2 2 2 2 2 2 2 2 2 2
left_child=6 21 -3 7 5 -5 26 -4 -6 12 14 -12 13 15 -11 -8 -13 -15 20 -20 -14 23 25 24 -2 -23 -1 29 -29 -28
right_child=1 2 3 4 8 -7 9 -9 -10 10 11 16 18 17 -16 -17 -18 -19 19 -21 -22 22 -24 -25 -26 -27 27 28 -30 -31
leaf_value=-0.053517037364567241 -0.063321938756335391 -0.045952630872935794 0.0049493841505721652 0.0075012406765998128 0.02002330325439779 -0.052723235104629812 0.051190795547389999 0.10665856660766981 -0.014414798110099849 -0.041001694798152737 0.053956947290061098 -0.0013527642961968344 -0.0037581450392103945 -0.0062088171337075782 0.066781131185546766 0.010562326522117723 -0.030938574205549442 0.017205101234587336 0.048332925053656946 0.00026564092264562677 -0.047697782046876823 -0.027774185185454662 -0.023855968490364289 0.020506910297185727 0.044200278371459456 0.018282340682858784 0.016799562899001502 -0.0080003397357872544 0.054569716487557207 0.059449817124290975
leaf_weight=41.286740577750606 60.291350238141604 521.97769645445806 42.620468370078015 121.6185339911608 486.63078134288662 488.56131652543263 385.1649386225472 99.481812123704003 407.03391747610294 448.65005239118182 149.73167652223492 2556.9916714456049 297.31874516245443 1117.782478410707 27.348799284576671 485.31348682676617 415.88064016480348 984.7690471294045 115.3093685110216 18023.575971398663 223.60342037283408 111.19708246932714 567.34205706875946 858.43357278744224 23.952725895360345 629.85685505262518 1145.2499516041717 732.28409582667518 98.271353780510253 174.05396780266892
leaf_count=1181 911 41826 2644 7160 15692 19617 9973 2263 20817 53296 4073 66243 21773 54862 745 20686 7645 33045 4551 820982 26974 2561 24028 20188 1123 11732 27678 26178 3017 6708
internal_value=0.000386748 -0.0054491 -0.0155017 -0.00563803 -0.013923 -0.040496 0.00133382 0.0784459 0.00416695 0.000364359 -0.00682054 -0.00260211 0.00156825 0.0118769 -0.0338465 0.0289119 -0.00559031 0.00469641 -6.83641e-05 0.000593259 -0.0231974 0.00417421 -0.00401584 0.0156717 -0.0301942 0.0110172 0.0123982 0.0138596 -0.000123313 0.0227504
internal_weight=31841.6 4419 2167.92 1645.95 1503.84 610.18 27422.6 142.102 893.665 25231.4 3598.6 3122.6 21632.8 2973.03 475.999 870.478 2972.87 2102.55 18659.8 18138.9 520.922 2251.07 1308.4 942.678 84.2441 741.054 2191.15 2149.86 830.555 1319.3
internal_count=1360172 170562 110019 68193 63286 26777 1189610 4907 36509 1124848 132002 77961 992846 118566 54041 30659 73888 87907 874280 825533 48747 60543 38321 22222 2034 14293 64762 63581 29195 34386
is_linear=0
shrinkage=0.08


Tree=142
num_leaves=31
num_cat=0
split_feature=14 12 5 6 15 6 15 2 10 14 13 2 16 4 3 0 0 2 7 2 0 4 2 3 5 15 6 10 2 7
split_gain=26.9007 116.006 166.043 147.069 102.781 100.744 129.805 71.531 65.6115 56.3739 162.268 47.741 44.1036 176.361 97.7356 185.572 127.144 100.919 84.8377 147.475 80.2648 61.2321 52.5516 50.2688 43.7873 45.9477 42.199 39.775 34.6507 33.6807
threshold=0.40588235855102545 1.0000000180025095e-35 1.0000000180025095e-35 1.0000000180025095e-35 0.11111690104007722 1.0000000180025095e-35 0.034394783899188049 0.99565216898918163 0.6605919897556306 1.0000000180025095e-35 1.0000000180025095e-35 0.75905716419219982 0.93387979269027721 1.5000000000000002 0.93582704663276683 0.93582704663276683 0.88762626051902782 0.84877073764801036 0.74883177876472484 0.83910790085792553 0.88273492455482494 1.5000000000000002 0.74115687608718883 0.8521554470062257 1.0000000180025095e-35 0.38105967640876776 1.0000000180025095e-35 0.43204939365386968 0.88975694775581371 0.47413024306297308
decision_type=2 2 2 2 2 2 2 2 2 2 2 2 2 2 2 2 2 2 2 2 2 2 2 2 2 2 2 2 2 2
left_child=1 5 3 9 27 24 -7 12 -8 10 -3 -11 13 23 16 22 21 -17 20 -20 -15 -14 -16 -2 25 28 -6 -4 -1 -28
right_child=7 2 4 -5 26 6 8 -9 -10 11 -12 -13 14 18 15 17 -18 -19 19 -21 -22 -23 -24 -25 -26 -27 29 -29 -30 -31
leaf_value=8.7478046529763337e-05 0.080953585699333974 0.12814834913141887 -0.029664411587168961 0.15301437197034581 0.10488108739209348 -0.00073542463135453553 -0.044326327853126658 0.067542501117865139 -0.0069442490493836573 -0.0042918554010245883 -0.051336069872232798 0.043827489993010865 -0.0058769828962894014 -0.0049537780960776092 0.047314577330196061 0.073256156490004151 0.037234985136156175 -0.025358266298923637 0.077601006155167879 0.0062769890474024996 0.027746894036437323 -0.042297643158105969 -0.095038001666610999 -0.0045310493111594919 0.085078191868326214 0.06286132068984053 0.079194512624978328 0.023813945595937934 0.050670117515383355 0.03330140707017349
leaf_weight=546.51581583439838 210.56037741227192 70.929950350138824 103.26906650475576 36.288839160639327 120.14134006015956 5183.5520672654675 751.75802723932429 89.339308305308805 520.6667762126599 2466.5299647495704 50.741393309901468 134.14452387435449 2137.9704584326828 13980.681227583118 13.231754549458854 86.466274758349755 400.56856209354009 236.87739705236163 200.36851152310555 2025.951030250566 491.31983314118406 341.86686378494778 264.73067656211788 50.310317582057905 63.792671038434491 115.50163219089154 169.21100897080032 459.66121427015605 99.489719374993001 338.13229642782244
leaf_count=66187 4353 6246 2733 543 3926 125751 202630 128180 5436 188977 22511 8515 48161 277941 787 9593 21720 22064 5321 81759 25934 6820 3255 2262 2813 5074 4849 61403 2450 11801
internal_value=-0.000179571 0.00296203 0.0140007 0.00313987 0.038917 -0.0030084 -0.00639694 -0.00190616 -0.0292422 0.00080652 0.0529619 -0.00166909 -0.00223397 -0.000539124 -0.0104309 -0.0396585 -0.00421588 0.00123918 -0.00157727 0.0129274 -0.00382335 -0.0110373 -0.0869799 0.0640904 0.0231849 0.0172701 0.0611371 0.0135469 0.0084527 0.0495436
internal_weight=31760.6 11230.3 3949.05 2758.63 1190.41 7281.28 6455.98 20530.2 1272.42 2722.35 121.671 2600.67 20440.9 16959.2 3481.71 601.306 2880.41 323.344 16698.3 2226.32 14472 2479.84 277.962 260.871 825.3 761.507 627.485 562.93 646.006 507.343
internal_count=1359995 721845 311504 226792 84712 410341 333817 638150 208066 226249 28757 197492 509970 397570 112400 35699 76701 31657 390955 87080 303875 54981 4042 6615 76524 73711 20576 64136 68637 16650
is_linear=0
shrinkage=0.08


Tree=143
num_leaves=31
num_cat=0
split_feature=14 10 2 2 10 11 9 9 12 14 14 2 14 3 1 2 1 5 1 1 6 16 6 3 16 15 16 10 9 3
split_gain=24.6281 41.334 37.1536 37.0909 34.6439 68.7721 90.7492 51.826 52.0788 51.4497 31.4336 25.2057 27.1378 23.0661 122.682 106.516 73.6029 139.708 54.8239 78.2714 51.3195 48.0751 43.2776 33.1967 25.0185 27.3193 22.5634 18.0155 14.8959 13.8446
threshold=0.67708334326744091 0.92693394422531139 0.99565216898918163 0.9547502100467683 0.90336728096008312 1.0000000180025095e-35 0.86320286989212047 0.90019920468330394 1.0000000180025095e-35 0.89444443583488475 0.93541666865348827 0.38148742914199835 0.63068181276321422 0.71010184288024913 0.60107529163360607 0.56691542267799389 0.77015754580497753 1.0000000180025095e-35 0.6832355558872224 0.56440424919128429 1.0000000180025095e-35 0.7245689630508424 1.0000000180025095e-35 0.75905716419219982 0.96362435817718517 0.13530610501766208 0.9759001135826112 0.99799197912216198 0.96785670518875133 0.9689110815525056
decision_type=2 2 2 2 2 2 2 2 2 2 2 2 2 2 2 2 2 2 2 2 2 2 2 2 2 2 2 2 2 2
left_child=1 13 3 4 5 6 -2 9 -9 -6 -7 12 -3 15 22 18 17 -16 19 -1 -18 -20 23 -15 25 -17 -26 -14 -13 -5
right_child=2 11 -4 29 7 10 -8 8 -10 -11 -12 28 27 14 16 24 20 -19 21 -21 -22 -23 -24 -25 26 -27 -28 -29 -30 -31
leaf_value=0.00023278523784686986 0.0080178858968919884 0.018246384179891856 0.063751970692665805 -0.023002581663790427 -0.0042802104859243992 -0.033653937548864248 -0.032377388391829243 -0.014067673299169407 0.0008451212718189519 0.014200971967806498 -0.0075497433177948471 0.018082533312790403 -0.0037504836137548388 0.019867269991906057 -0.045664762641504451 0.0062387885880795515 0.019476136677796622 7.7842304452506586e-05 -0.041189678942025174 -0.043677519939228519 -0.0022428577088055542 0.084623729795590727 0.0037094365531771551 0.07218695806664259 -0.038208000953378382 0.034835106231782292 0.022835299128926928 -0.056763476909500295 0.050375302032739773 -0.088002077875652451
leaf_weight=3962.7435784164263 1686.6344985165924 197.40886897200835 48.7872115883074 76.884222502805642 1556.5057062801061 800.09278658012045 445.63406294753077 2332.7125767201069 4124.2555804657604 2474.9587242083653 500.35108715461683 885.14456570088078 122.43332367905532 145.44260106433649 704.88469606576837 299.28917995888332 762.85215048988175 1056.0889001995383 20.154833390843123 272.53294674943027 7448.8514886076446 77.815605865704129 192.54977581785352 209.24408111695084 69.96935051503533 928.88904079479107 73.058520992606645 63.583821270149201 108.18633137177676 35.2028674739704
leaf_count=351100 15172 1925 74127 10108 37612 24711 3990 22589 125585 46971 10917 60961 1306 3309 17555 18573 32555 62604 2378 25965 342421 2515 15058 9736 2435 23020 3299 767 5811 4663
internal_value=0 0.00199547 -0.00249247 -0.00275679 -0.0023667 -0.00933668 -0.000405668 -6.69184e-05 -0.00452439 0.00702948 -0.0238002 0.015285 -0.0017449 0.000853537 -0.00135583 0.00495359 -0.00340132 -0.0182189 -0.00116782 -0.00260321 -0.000195107 0.0564438 0.0353242 0.051752 0.0243485 0.0280499 -0.00622815 -0.0237203 0.0219946 -0.0476695
internal_weight=31683.1 17601.1 14082 14033.2 13921.1 3432.71 2132.27 10488.4 6456.97 4031.46 1300.44 1376.76 383.426 16224.4 10519.9 5704.45 9972.68 1760.97 4333.25 4235.28 8211.7 97.9704 547.236 354.687 1371.21 1228.18 143.028 186.017 993.331 112.087
internal_count=1359738 983293 376445 302318 287547 54790 19162 232757 148174 84583 35628 70770 3998 912523 483238 429285 455135 80159 381958 377065 374976 4893 28103 13045 47327 41593 5734 2073 66772 14771
is_linear=0
shrinkage=0.08


Tree=144
num_leaves=31
num_cat=0
split_feature=0 2 16 3 16 1 0 6 1 3 10 7 7 5 7 2 0 2 1 0 3 14 2 1 1 1 16 3 7 3
split_gain=29.0663 92.8009 53.4022 226.247 129.496 115.516 161.826 72.3516 41.2959 47.7472 33.4497 31.9998 31.2803 29.7903 21.7103 127.278 56.5972 117.519 53.742 27.9045 23.2745 21.6579 17.7575 40.34 21.679 19.7642 41.7574 29.0708 13.9967 12.2243
threshold=0.93957647681236278 0.86222714185714733 0.96190130710601818 0.93957647681236278 0.98304599523544323 0.78910306096076976 0.7897985875606538 1.0000000180025095e-35 0.92031747102737438 0.91715687513351452 0.42894540727138525 0.57294833660125744 0.84877073764801036 1.0000000180025095e-35 0.74883177876472484 0.83047896623611461 0.87827673554420482 0.7729182541370393 0.69732204079628002 0.73735308647155773 0.96824595332145702 0.38675214350223547 0.93063354492187511 0.93957647681236278 0.96590468287467968 0.95488464832305919 0.94174209237098705 0.9740215837955476 0.67962265014648449 0.9740215837955476
decision_type=2 2 2 2 2 2 2 2 2 2 2 2 2 2 2 2 2 2 2 2 2 2 2 2 2 2 2 2 2 2
left_child=2 10 12 4 5 13 -7 -5 9 -6 -2 -3 14 -4 16 20 18 -18 -1 -17 -16 -14 23 -13 -25 27 -27 -24 -9 -12
right_child=1 11 3 7 8 6 -8 28 -10 -11 29 22 21 -15 15 19 17 -19 -20 -21 -22 -23 25 24 -26 26 -28 -29 -30 -31
leaf_value=0.0026406085660248837 0.014202486629227075 -0.079903452677494866 -0.076514303542899773 0.033567614912805181 0.0080967841269831125 0.038918013064744912 -0.041399720433282522 -0.0093440369013526002 0.037582413895507864 -0.04574121570364751 0.077839653041569951 0.061637510465639506 -0.004613602142087404 -0.027755759482885715 0.083250844915242872 0.038281113148023342 0.066460491378884712 0.0028318268782088151 -0.0052008279627011114 0.00088977579314021321 0.01810125065329618 0.070392294913846645 0.034781962115155871 -0.10110143427655872 0.0082243282506140672 -0.025689851946899833 0.0092493180042843379 -0.062163871742377697 -0.11858247399270408 -0.0087143869345195531
leaf_weight=11793.40454591655 108.34212169039529 24.538434185218648 257.83084616062115 20.901769159885589 1256.9040092087234 286.60726298789086 351.06373065480147 12.197943463746922 272.22455134170741 109.59518413709884 166.67169468879001 14.332900624402098 31.34789322411234 145.22023112335592 149.56974183671991 129.05659429162188 240.30982070299797 792.19191902919556 10611.940868485712 3001.0665025662602 58.599169243665528 64.596063988661626 225.8749094883533 35.068057719996432 11.734568769781616 272.53228840785596 1021.6669104056127 16.020806354368688 154.31549551474745 6.6128264121944076
leaf_count=521953 2524 3089 10345 1152 44115 8599 10826 316 39102 3719 17603 568 1067 7361 3518 4744 10630 30895 317278 114350 2053 3149 14612 651 580 21279 158673 875 3235 954
internal_value=0.000319605 0.00989274 -0.00028929 -0.0106624 -0.00457359 -0.0266151 -0.00502927 -0.0945001 0.00936557 0.00351122 0.0518842 0.00236534 0.00081319 -0.059894 0.000639437 0.00667182 -0.00021418 0.0180442 -0.00106656 0.00254107 0.0665167 0.0452858 0.00397451 -0.0363145 -0.072454 0.00579442 0.00169813 0.0265843 -0.112019 0.0734874
internal_weight=31642.3 1903.4 29738.9 2866.86 2679.45 1040.72 637.671 187.415 1638.72 1366.5 281.627 1621.77 26872.1 403.051 26776.1 3338.29 23437.8 1032.5 22405.3 3130.12 208.169 95.944 1597.23 61.1355 46.8026 1536.09 1294.2 241.896 166.513 173.285
internal_count=1359815 221408 1138407 128770 124067 37131 19425 4703 86936 47834 21081 200327 1009637 17706 1005421 124665 880756 41525 839231 119094 5571 4216 197238 1799 1231 195439 179952 15487 3551 18557
is_linear=0
shrinkage=0.08


Tree=145
num_leaves=31
num_cat=0
split_feature=16 7 4 4 6 15 4 3 4 1 16 0 1 16 3 0 3 9 1 3 7 1 16 4 7 16 4 16 16 6
split_gain=23.7655 60.4623 51.0721 45.7705 67.4482 68.9917 55.679 55.6383 58.0163 51.952 51.5112 58.0227 81.1035 75.158 45.1437 44.4791 44.4648 39.5958 37.852 34.3335 42.168 31.0167 28.2465 32.6817 25.0404 23.4228 21.6937 40.4281 21.7253 21.3903
threshold=0.65419578552246105 0.69860395789146434 8.5000000000000018 13.500000000000002 1.0000000180025095e-35 0.088834539055824294 9.5000000000000018 0.55351883172988903 10.500000000000002 0.99565216898918163 0.33615820109844213 0.36882591247558599 0.5174442231655122 0.46225070953369146 0.97259759902954113 0.47673159837722784 0.58102023601531994 0.36804908514022833 0.99565216898918163 0.39173060655593878 0.23769168555736545 0.45867486298084265 0.73956522345542919 3.5000000000000004 0.21352583914995196 0.67962265014648449 3.5000000000000004 0.84877073764801036 0.75782012939453136 1.0000000180025095e-35
decision_type=2 2 2 2 2 2 2 2 2 2 2 2 2 2 2 2 2 2 2 2 2 2 2 2 2 2 2 2 2 2
left_child=1 3 19 4 7 6 -6 8 -1 -9 21 13 -13 -12 -7 -4 -17 -18 -19 25 -21 24 29 -24 -5 -2 27 -27 -28 -22
right_child=2 -3 15 10 5 14 -8 9 -10 -11 11 12 -14 -15 -16 16 17 18 -20 20 22 -23 23 -25 -26 26 28 -29 -30 -31
leaf_value=0.025589201216198496 0.037470556288461111 0.05708483286904753 -0.05108649547240738 0.0050574703484793154 -0.012502800053651753 -0.03993408859685519 0.020171862945594907 0.045537516560615519 -0.0067688449834787043 -0.040073128702727709 -0.011447905573838289 0.023461699416656347 -0.012199420420136924 -0.062026490973551632 0.061426168561884341 0.032060016610186572 0.018936751565994621 -0.0075984902096490163 -0.030721419838168722 0.039052280378697728 0.027101873914770484 -0.041722950094800808 0.002426114347061636 -0.0043731885983753103 0.029525117684772915 0.030472142468110721 -0.016394089108173818 -0.024023652408869008 -0.063078042164387518 0.0051437252881946687
leaf_weight=735.04451390627946 41.339032054645941 129.34639945364324 167.85365395685949 864.21229711157503 572.91145326892729 355.27461558040523 775.70630816288758 580.7248787152057 666.33892282258603 43.394033980192035 786.31891658593668 606.92090878909221 1220.1252253262792 248.72839708076208 24.917235986780724 152.94585873206961 235.70370982494205 1449.7145472583798 676.74193374857714 177.1662461185042 382.07534201216185 63.920294507595827 10470.251187512622 7948.4106859194289 399.38862487793085 116.37087179726223 165.51915869419463 294.34204695063818 120.51973375154193 1185.8610726400948
leaf_count=20548 1374 3869 27124 12829 18039 23376 22120 16041 26603 2354 25229 29751 56818 23983 1168 5393 13195 30352 13731 6466 16357 6559 559695 283291 7835 2896 11147 27232 18611 46489
internal_value=4.82933e-05 0.00379817 -0.00122907 0.00287504 0.00929409 -0.0022302 0.0061781 0.0191904 0.0101203 0.0390596 -0.00284314 -0.00891005 -0.000234226 -0.0239959 -0.0321646 -0.0116097 -0.00881543 -0.0115918 -0.0150872 9.81866e-05 0.000727974 0.0101012 0.000370572 -0.000499771 0.013003 -0.0167807 -0.0204715 -0.00801721 -0.0373594 0.0106654
internal_weight=31658.1 8073.27 23584.8 7943.93 3754.31 1728.81 1348.62 2025.5 1401.38 624.119 4189.61 2862.09 1827.05 1035.05 380.192 2682.96 2515.11 2362.16 2126.46 20901.9 20163.8 1327.52 19986.6 18418.7 1263.6 738.091 696.752 410.713 286.039 1567.94
internal_count=1360475 297122 1063353 293253 130249 64703 40159 65546 47151 18395 163004 135781 86569 49212 24544 89795 62671 57278 44083 973558 912298 27223 905832 842986 20664 61260 59886 30128 29758 62846
is_linear=0
shrinkage=0.08


Tree=146
num_leaves=31
num_cat=0
split_feature=14 12 5 7 5 9 10 14 2 10 4 10 11 10 9 9 14 12 10 0 2 9 10 9 10 10 2 7 7 2
split_gain=27.6414 94.2041 145.881 100.434 81.2449 101.435 116.603 63.776 59.4742 56.7607 48.0501 43.7989 42.4981 90.8901 76.9306 49.4951 137.552 126.778 41.2621 40.7652 38.6433 38.5567 38.1609 60.944 35.3355 35.0282 34.6973 31.6106 26.2761 32.8357
threshold=0.40588235855102545 1.0000000180025095e-35 1.0000000180025095e-35 0.47673159837722784 1.0000000180025095e-35 1.0000000180025095e-35 0.40917865931987768 0.12771739065647128 0.99565216898918163 0.55078604817390453 5.5000000000000009 0.6157280206680299 1.0000000180025095e-35 0.92338585853576671 0.57637089490890514 0.91394290328025829 0.93541666865348827 1.0000000180025095e-35 0.39755295217037206 0.60107529163360607 0.60640108585357677 0.43359737098217016 0.89326858520507824 0.8611605465412141 0.89485698938369762 0.79917696118354808 0.52689418196678173 0.628892481327057 0.73300331830978405 0.83752354979515087
decision_type=2 2 2 2 2 2 2 2 2 2 2 2 2 2 2 2 2 2 2 2 2 2 2 2 2 2 2 2 2 2
left_child=1 4 7 -4 -1 19 -7 9 12 26 -8 21 15 14 -14 22 27 -18 -5 20 -6 -9 23 -2 -24 -16 -3 -17 -15 -30
right_child=8 2 3 18 5 6 10 11 -10 -11 -12 -13 13 28 25 16 17 -19 -20 -21 -22 -23 24 -25 -26 -27 -28 -29 29 -31
leaf_value=0.022322500288750349 0.0042284469187055121 -0.01952986796247283 0.083441142262814433 -0.029703013132445524 0.017073861318991114 -0.061535929367343263 -0.00097865824016816474 0.0072510160968109775 0.065531083610688753 0.073886623833366374 -0.02771457135746867 0.0051257014090920275 0.009550026414846988 -0.00063150601301526323 -0.034107144572012728 0.0042618491043449457 -0.026317029516643022 0.039031346477345394 0.029761217143006093 -5.8170266605039213e-05 0.098017810122946317 -0.032616806872128715 0.065168002077972395 -0.026502041009732778 0.010777502064046103 -0.014278780342063669 0.041361586137208292 0.040692689977674994 0.05751841849001272 0.0079847577226832382
leaf_weight=770.93415146399639 3035.6832372436038 122.15546040800109 235.61927988218667 75.182661020662636 273.81578759220429 343.54675844943267 1185.7263479920221 226.72249419990112 78.808659246686148 137.3832774724724 682.57122696480656 1725.2251928630067 775.9943963635742 5704.7602408091916 704.71872511952824 292.86802709447511 1621.3575983660412 208.86198662499373 850.4518438450541 3948.6843970464543 41.447920536622405 441.61819061895949 75.104591998431715 472.92608617329097 2992.7206350403576 3443.231796650769 105.94420668110251 342.70042486577586 100.36389754884294 540.07167229677725
leaf_count=73988 46171 52673 7730 2171 5248 211702 45538 23937 128041 5605 36898 66162 32176 153344 31620 4073 14373 4428 74891 35644 398 74313 782 5707 33853 111432 4473 6416 4280 61831
internal_value=7.78147e-05 0.00328116 0.0132684 0.0370032 -0.00210505 -0.00505278 -0.018941 0.00317191 -0.00166908 0.0340791 -0.0108798 -0.00154193 -0.00195376 -0.00523478 -0.0133871 0.00211825 -0.00750985 -0.0186864 0.0246258 0.00212774 0.0295793 -0.0189013 0.00575552 8.92271e-06 0.012265 -0.0177231 0.00834621 0.0243195 0.00107192 0.0163806
internal_weight=31557.2 11167 3920.3 1161.25 7246.73 6475.79 2211.84 2759.05 20390.2 365.483 1868.3 2393.57 20311.4 11269.1 4923.94 9042.22 2465.79 1830.22 925.635 4263.95 315.264 668.341 6576.43 3508.61 3067.83 4147.95 228.1 635.568 6345.2 640.436
internal_count=1359898 721371 311955 84792 409416 335428 294138 227163 638527 62751 82436 164412 510486 394683 175228 115803 29290 18801 77062 41290 5646 98250 86513 51878 34635 143052 57146 10489 219455 66111
is_linear=0
shrinkage=0.08


Tree=147
num_leaves=31
num_cat=0
split_feature=4 16 4 7 4 7 0 7 13 2 4 16 16 4 16 16 0 4 0 14 0 0 16 10 2 10 10 16 10 7
split_gain=21.6352 21.9593 77.257 43.0173 31.726 25.9843 24.8382 88.7965 81.5145 76.4156 43.1323 130.902 95.8662 21.6069 35.5096 19.7616 13.5427 18.7803 11.7115 9.90965 9.74237 8.47303 7.35976 5.16932 4.94055 4.77736 7.18256 3.91161 3.80856 1.62566
threshold=36.500000000000007 0.36899313330650335 20.500000000000004 0.4901809841394425 11.500000000000002 0.17712418735027316 0.3948992937803269 0.37561881542205816 1.0000000180025095e-35 0.44920890033245092 11.500000000000002 0.61602565646171581 0.48304596543312078 17.500000000000004 0.28165064752101904 0.28165064752101904 0.35767590999603277 22.500000000000004 0.24588394165039065 0.16228070110082629 0.18561584502458575 0.2930081188678742 0.16823899745941165 0.72533166408538829 0.42947559058666235 0.2582839578390122 0.7208254635334016 0.4246212244033814 0.64418154954910289 0.45867486298084265
decision_type=2 2 2 2 2 2 2 2 2 2 2 2 2 2 2 2 2 2 2 2 2 2 2 2 2 2 2 2 2 2
left_child=1 4 6 16 18 19 10 9 -9 -8 11 -3 -12 15 -15 -7 24 -18 23 20 -6 -21 -2 -1 -4 27 -27 -5 -24 -20
right_child=22 2 3 25 5 13 7 8 -10 -11 12 -13 -14 14 -16 -17 17 -19 29 21 -22 -23 28 -25 -26 26 -28 -29 -30 -31
leaf_value=0 0 0.028000974792976474 -0.078705130377991164 -0.0018153756722401008 0.081105155735672951 -0.017021080026167836 0.0062983127604972844 -0.00089586592705825799 0.046803845664007845 0.038939985746601707 -0.00197566788220501 -0.014516650784279692 -0.051430042582697108 0.033095266525052555 -0.0017749562375113284 0.049465393400049039 -0.005624406783693899 -0.061096772316872341 -0.018075752878872947 -0.0052182688595849396 -0.0041268570834259773 0.037363122892583575 0 -0.11097217766225423 0 -0.046858469005189737 0.008962114979948645 0.063756600850897835 -0.082930334236022779 0.017522387413521627
leaf_weight=5.4419603665592176 15.19328675145516 709.4074013557547 104.32755757059203 2.109179238381329 13.238056521804539 26.746883921936387 1512.7363239394908 23842.344360556483 226.45314915661584 665.75343863481976 737.50903685696539 1313.6477451473911 381.27322037043632 305.46696428052383 448.41477692811168 202.79165703398758 85.461436945188325 82.319714251891128 24.012222012330316 629.11563060048502 9.2218923255859391 25.808481566258706 3.4233963230799445 15.074535326566545 1.5801493163598923 12.857364127456092 79.147576055780519 9.730992157594299 25.404236437985674 3.0656760638230471
leaf_count=188 289 17194 8407 19 877 1033 76827 961896 31644 23498 20534 126407 38190 6980 14223 4182 4706 6425 865 7881 919 316 829 97 141 1556 3088 105 319 116
internal_value=0.000108075 0.000195818 -0.000305862 -0.036028 0.00900571 0.0109923 0.000153634 0.000963999 -0.000430806 0.0164133 -0.00655618 0.000346024 -0.0191256 0.0192715 0.0122683 0.0408382 -0.0524801 -0.0347477 -0.0517275 -0.000846116 0.0459035 -0.00302745 -0.0529858 -0.0916071 -0.0762964 0.00628107 0 0.0455038 -0.0738977 -0.00695457
internal_weight=31519.1 31475.1 29766.7 377.534 1708.4 1660.8 29389.1 26247.3 24068.8 2178.49 3141.84 2023.06 1118.78 983.42 753.882 229.539 273.689 167.781 47.5944 677.384 22.4599 654.924 44.0209 20.5165 105.908 103.845 92.0049 11.8402 28.8276 27.0779
internal_count=1359751 1358314 1320637 24447 37677 36411 1296190 1093865 993540 100325 202325 143601 58724 26418 21203 5215 19679 11131 1266 9993 1796 8197 1437 285 8548 4768 4644 124 1148 981
is_linear=0
shrinkage=0.08


Tree=148
num_leaves=31
num_cat=0
split_feature=19 2 10 2 10 15 9 16 16 4 9 4 1 2 2 16 4 2 16 16 2 15 2 2 15 1 6 16 1 4
split_gain=20.1789 33.6134 49.7068 22.6224 19.4994 20.5557 37.4835 25.4357 17.7985 113.48 56.7426 48.7335 102.538 76.7432 60.6634 58.7911 88.6618 67.434 62.5713 48.0599 69.0433 36.4896 33.881 51.0733 28.308 27.9732 27.5679 22.7433 16.5084 10.9265
threshold=1.0000000180025095e-35 0.78910306096076976 0.67700320482254039 0.13446328043937686 0.98598098754882824 0.66324833035469066 0.84232923388481151 0.73401361703872692 0.96362435817718517 1.0000000180025095e-35 0.33406755328178411 1.5000000000000002 0.87428161501884472 0.87453705072402965 0.75582656264305126 0.92637759447097789 2.5000000000000004 0.64747309684753429 0.88047617673873912 0.93969696760177623 0.42163743078708654 0.085804145783185973 0.68457102775573742 0.81861472129821788 0.10651258379220964 0.95275297760963451 1.0000000180025095e-35 0.91240409016609203 0.83424907922744762 27.500000000000004
decision_type=2 2 2 2 2 2 2 2 2 2 2 2 2 2 2 2 2 2 2 2 2 2 2 2 2 2 2 2 2 2
left_child=1 3 -3 -1 5 7 -7 -5 11 -10 -11 12 19 14 -14 16 27 24 -18 26 -21 -15 28 -24 -17 -19 -2 -13 -12 -6
right_child=8 2 -4 4 29 6 -8 -9 9 10 22 15 13 21 -16 17 18 25 -20 20 -22 -23 23 -25 -26 -27 -28 -29 -30 -31
leaf_value=-0.030802505027577892 0.07731934297771062 0.010678058405026296 0.072761341302743796 0.011772968508668364 0.033982688994475575 0.013718139273608763 -0.034651326231362307 -0.0029704178944192283 0.0036391460474433507 0.0088886808864908403 -0.067115658067716299 0.027510216705543988 0.040196682732327564 -0.0066885740665300099 -0.08134042298399935 0.021200211359771962 -0.00022051359231209676 -0.013357350667364763 -0.016710078464842112 -0.050582304994346405 0.024242642887905286 0.04557358702458867 0.00039846505866787571 -0.043956326696436357 -0.059793779531671587 0.029243770407546651 0.026662522135722063 0.0059184735106583113 0.03215374988502083 -0.020785281499443534
leaf_weight=120.51843705715146 159.34532398713054 389.22003145290364 103.90919914782717 1511.1537911775667 182.56584403308807 166.72774063714314 240.18936673775897 1450.9235760744778 2389.9339219439134 216.13515019514307 220.88886365364306 848.6164479572908 27.290012028475758 462.03398182881938 133.33196712922654 25.143228897446534 17994.731778311958 597.97857714947895 1601.2734370896505 81.960797682899283 773.11111057942617 99.206346510909498 267.12256932331366 405.41134071223496 267.23898156620271 111.49802707071649 154.16453167196596 531.45481415789982 6.211745847889687 19.460589390539099
leaf_count=1919 4002 28249 202280 61870 14227 1526 1976 85793 128545 4418 10782 27162 608 24655 2483 1081 603385 11478 49293 9455 20233 1923 4620 16728 12533 4783 3533 18946 130 1057
internal_value=-2.92967e-05 0.00513591 0.0246801 0.00245199 0.00366053 0.00214125 -0.0145183 0.00450441 -0.000825538 -0.0061443 -0.0271655 -3.65116e-05 0.0122646 -0.0112384 -0.0591348 -0.00110442 -0.000190265 -0.0199894 -0.00158003 0.0269053 0.0166321 0.00258771 -0.0360056 -0.02623 -0.0520514 -0.00628062 0.0537214 0.0193623 -0.0630769 0.0275596
internal_weight=31558.8 4184.67 493.129 3691.54 3571.02 3368.99 406.917 2962.08 27374.1 3505.7 1115.77 23868.4 1890.44 721.862 160.622 21977.9 20976.1 1001.86 19596 1168.58 855.072 561.24 899.635 672.534 292.382 709.477 313.51 1380.07 227.101 202.026
internal_count=1359673 398897 230529 168368 166449 151165 3502 147663 960776 165223 36678 795553 66892 29669 3091 728661 698786 29875 652678 37223 29688 26578 32260 21348 13614 16261 7535 46108 10912 15284
is_linear=0
shrinkage=0.08


Tree=149
num_leaves=31
num_cat=0
split_feature=4 16 3 3 15 7 1 2 3 1 7 1 2 7 1 3 3 2 4 16 1 2 7 2 2 4 3 2 7 3
split_gain=23.4482 142.192 104.43 78.5315 136.429 207.147 144.968 244.701 105.872 80.6542 72.6537 76.991 112.515 92.7305 69.5721 149.957 135.49 118.103 94.8211 255.131 87.925 95.9942 85.2916 61.9821 53.7211 49.6793 46.5906 43.563 40.2589 37.8314
threshold=3.5000000000000004 0.89237451553344738 0.81872946023941051 0.89943820238113414 0.1662075147032738 0.64549729228019725 0.69732204079628002 0.69732204079628002 0.81302964687347423 0.77459675073623668 0.8263767957687379 0.99565216898918163 0.82413583993911754 0.72255688905715953 0.73499399423599254 0.89512962102890026 0.81302964687347423 0.86222714185714733 1.5000000000000002 0.94312667846679699 0.94360822439193737 0.75582656264305126 0.55351883172988903 0.61938297748565685 0.65648320317268383 2.5000000000000004 0.96824595332145702 0.86222714185714733 0.73942822217941295 0.9495762586593629
decision_type=2 2 2 2 2 2 2 2 2 2 2 2 2 2 2 2 2 2 2 2 2 2 2 2 2 2 2 2 2 2
left_child=1 2 25 4 10 6 23 -8 -7 26 11 13 -13 -2 16 17 18 22 19 -3 21 -17 -16 -6 -20 -1 -5 -22 -19 -11
right_child=3 14 -4 9 5 8 7 -9 -10 29 -12 12 -14 -15 15 20 -18 28 24 -21 27 -23 -24 -25 -26 -27 -28 -29 -30 -31
leaf_value=0.063322216088431554 -0.022872745102883636 0.06602981053316985 0.0019799931940278513 0.04793330958600743 -0.0021040557415302188 0.071324284239255964 -0.069714387886157733 0.0094476745438406735 -0.039154723614951981 -0.0088729431090726583 0.068168893973028957 -0.0048243849489425393 -0.081438393287798491 0.025479853733547293 0.038579549041215112 0.035436856748745901 0.039139000309739908 0.063998932532628103 -0.044389902886883673 -0.020802092922304519 0.042155690103621163 -0.029070119523854358 -0.00038015735349538433 0.022797280501540264 0.0024897497492433656 0.026071279420353539 -0.046019167476345761 -0.00015646367072308213 0.025640287797740319 0.0058056264883615451
leaf_weight=374.03357664532086 1855.9745864072465 262.37290498125367 863.30041855802847 369.11273373155564 8149.1020325392165 348.84221759805223 522.9576233253465 466.58754746330669 60.538351367227733 1382.2953152658447 51.37332760328718 211.01395829618559 306.76201322858105 286.70792927271395 438.05164115830848 158.7411611227144 291.78644600378175 342.48827696943408 866.81555036272039 1130.0128184908099 167.77266438451625 1388.6552412062738 1868.2732179735467 689.11452601384372 182.26312660024269 678.89380193862598 31.473108051533927 1505.118362696041 418.3199305655362 5795.5765857371734
leaf_count=11472 122128 8036 42557 14966 328943 7069 5479 8589 1044 34622 1444 3331 4923 7135 11339 6122 16642 16718 44384 54965 14291 44935 49841 11193 4422 29162 1772 200749 38821 213265
internal_value=7.34984e-05 0.00306949 0.0228346 -0.00151532 -0.005306 -0.00105956 -0.00340938 -0.0323674 0.0543254 0.00493978 -0.0212459 -0.0231572 -0.050866 -0.016284 -0.00112173 0.0034914 -0.0117789 0.016156 -0.0179972 -0.00414779 -0.00852767 -0.0222567 0.00701788 -0.000132617 -0.0361202 0.039692 0.0396809 0.0041046 0.043422 0.00295238
internal_weight=31464.3 10936.9 1916.23 20527.4 12949 10237.1 9827.76 989.545 409.381 7578.46 2711.83 2660.46 517.776 2142.68 9020.67 6287.42 2733.25 3067.13 2441.46 1392.39 3220.29 1547.4 2306.32 8838.22 1049.08 1052.93 400.586 1672.89 760.808 7177.87
internal_count=1360359 594456 83191 765903 501278 362317 354204 14068 8113 264625 138961 137517 8254 129263 511265 382816 128449 116719 111807 63001 266097 51057 61180 340136 48806 40634 16738 215040 55539 247887
is_linear=0
shrinkage=0.08


Tree=150
num_leaves=31
num_cat=0
split_feature=4 16 16 4 16 1 4 16 4 16 7 7 1 14 1 10 10 16 4 1 15 16 7 15 4 7 4 10 4 10
split_gain=32.1387 38.6824 29.4254 40.9287 38.7612 37.1705 36.8471 32.748 31.8773 49.609 45.791 28.766 25.151 29.922 23.4525 23.0436 30.0414 17.55 27.1186 15.0676 33.452 21.8837 14.2819 9.4932 9.3855 8.43632 16.1669 9.52586 7.65629 7.06726
threshold=25.500000000000004 0.24037037044763568 0.36899313330650335 17.500000000000004 0.2124435901641846 0.340024083852768 11.500000000000002 0.53907206654548656 8.5000000000000018 0.70638945698738109 0.63224515318870556 0.11374663189053537 0.45867486298084265 0.28991597890853887 0.15484515577554706 0.55078604817390453 0.84512934088706981 0.40175439417362219 19.500000000000004 0.5174442231655122 0.29125750064849859 0.4246212244033814 0.33161512017250067 0.077385891228914275 21.500000000000004 0.17712418735027316 30.500000000000004 0.90872874855995189 14.500000000000002 1.0000000180025095e-35
decision_type=2 2 2 2 2 2 2 2 2 2 2 2 2 2 2 2 2 2 2 2 2 2 2 2 2 2 2 2 2 2
left_child=2 25 4 7 11 17 22 15 9 -9 -10 14 13 -8 24 29 -17 18 -5 21 -21 -7 -6 -13 -1 27 -27 -2 -14 -4
right_child=1 -3 3 5 6 19 12 8 10 -11 -12 23 28 -15 -16 16 -18 -19 -20 20 -22 -23 -24 -25 -26 26 -28 -29 -30 -31
leaf_value=-0.054972104177470352 -0.028267290339525498 -0.041389787742899607 -0.0005906088384230768 0.019937413098806818 -0.081739678163615451 0.049461510678695503 0.055128845254871862 0.014354397347251172 -0.011949144206019127 -0.00013915890619586293 0.0038679324663029105 0 0.014032108518969615 0.016824512829866748 0.071430847630151048 0.028679803042255366 0.0063338205444312861 -0.060170029395124787 -0.053258959624497837 -0.0026874211706288155 -0.061236492779430954 -0.0043480603808923315 0.002340416741176 -0.080506308314369709 0.015403085317601845 0.045784964731012637 -0.019064597209897061 0.0092555863514581956 -0.033258794650539866 -0.026459742982611067
leaf_weight=23.381329038995318 76.364260248985374 256.19642135906906 222.81079724198207 58.78298816800816 27.810078944428824 60.103459139732877 156.4952424094663 1628.9987528984348 3173.2993196471944 19893.287291621982 1832.3938465024548 7.4956564481399246 22.558431638055481 908.27008642978035 19.178085520194145 564.87783565833524 1285.1440435106342 149.04359440000553 57.921657196100568 296.82039186624024 76.620057408348657 169.8036916600322 15.071973737169172 50.075638630223693 13.27924160461407 58.799078364565503 32.238223509906675 80.060928482096642 67.239935608988162 101.52287835821335
leaf_count=389 1614 13653 1821 1147 548 2497 7486 59794 156454 938945 41217 866 1106 8706 369 17382 20363 11493 2510 18010 912 11173 625 980 257 1139 845 928 5321 31333
internal_value=5.8884e-05 -0.0198805 0.000392422 -0.000123073 0.0120993 -0.0171806 0.0164478 0.000390751 -0.000377832 0.00095349 -0.0061291 -0.0312191 0.0193284 0.0228353 0.00737091 0.00982052 0.013302 -0.0419145 -0.0157716 -0.00576839 -0.0157733 0.00979135 -0.0516876 -0.068803 -0.0268509 0.00213279 0.0213574 -0.00837948 -0.0195774 -0.00945277
internal_weight=31385.9 503.659 30882.3 29571.4 1310.86 869.096 1197.45 28702.3 26528 21522.3 5005.69 113.41 1154.56 1064.77 55.8387 2174.36 1850.02 265.748 116.705 603.348 373.44 229.907 42.8821 57.5713 36.6606 247.462 91.0373 156.425 89.7984 324.334
internal_count=1359883 18179 1341704 1315051 26653 47742 23792 1267309 1196410 998739 197671 2861 22619 16192 1015 70899 37745 15150 3657 32592 18922 13670 1173 1846 646 4526 1984 2542 6427 33154
is_linear=0
shrinkage=0.08


Tree=151
num_leaves=31
num_cat=0
split_feature=4 16 16 0 4 1 16 15 13 14 16 0 1 0 0 2 16 16 2 16 4 2 15 2 16 0 15 10 4 15
split_gain=22.4091 56.8425 32.0636 39.7468 105.95 85.3434 82.1805 77.4707 48.6317 41.4799 32.2532 48.2151 36.4167 56.402 28.7165 27.2858 22.3377 21.746 21.462 19.8542 22.441 18.3058 29.9381 18.1871 16.2097 15.8874 36.0831 15.5602 17.4817 13.869
threshold=21.500000000000004 0.26365442574024206 0.47871376574039465 0.40862709283828741 12.500000000000002 0.55036231875419628 0.64760348200798046 0.53216883540153515 1.0000000180025095e-35 0.77350428700447094 0.24037037044763568 0.18561584502458575 0.45867486298084265 0.3948992937803269 0.53093111515045177 0.59611794352531444 0.16823899745941165 0.36899313330650335 0.40212766826152807 0.16823899745941165 34.500000000000007 0.4530817717313767 0.32680787146091467 0.4817046076059342 0.4246212244033814 0.3536857813596726 0.32184043526649481 0.93359273672103893 30.500000000000004 0.29392652213573461
decision_type=2 2 2 2 2 2 2 2 2 2 2 2 2 2 2 2 2 2 2 2 2 2 2 2 2 2 2 2 2 2
left_child=2 19 10 4 5 6 -4 8 9 -5 11 -1 13 24 -9 17 -13 25 -6 27 -21 22 -14 -10 -12 -3 -27 28 -2 -23
right_child=1 15 3 7 18 -7 -8 14 23 -11 12 16 21 -15 -16 -17 -18 -19 -20 20 -22 29 -24 -25 -26 26 -28 -29 -30 -31
leaf_value=-0.08807661766983349 -0.084613419037426335 -0.026634064053795516 0.014701220928879022 0.0020544088670687993 -0.056953650813641205 0.092823281534003002 -0.018622747488265323 0.015916712493977234 -0.010879093362948717 -0.004740382535088101 0.017532561071755701 0.080251002433470678 0 0.06649965337498441 0.053041895374546184 0.023252628448150472 -0.016626420819327459 -0.052311193691635414 0.0067770371033509073 0.025196868046555028 -0.04389257301744641 -0.006172729803181628 -0.10975645657318786 0.044501919206886391 -4.8031635205781178e-05 -0.042806758719624811 0.067716837562726825 0.010237127280008423 0.00035623480555289715 0.03709150707777395
leaf_weight=48.033515169518068 29.75131229130784 308.60878137323016 755.77082262600015 15423.531187203807 316.07931248279056 52.540250404024846 1238.9917836486566 480.8307420789497 38.849276664914214 9152.7279435874916 1172.5639962645655 17.612570918296115 42.473429007295636 132.42847930715652 196.16220620149397 57.078180783588323 38.013694758730708 213.54560122681869 31.756465792743256 331.93660303339129 26.958044776140014 394.61184576104279 22.760083837551065 205.71444135596903 444.16623132574023 30.043360245239455 34.639862568496028 46.07226793616428 21.330432187882252 48.613902736877208
leaf_count=830 625 8608 29905 772408 30890 1725 127898 4364 2976 246299 19115 579 5389 3794 5213 2945 1237 15876 3624 5619 805 18393 199 30675 12784 3376 596 1123 473 1113
internal_value=3.62759e-05 -0.0111484 0.000449983 -0.000302903 -0.0101489 -0.00308006 -0.00591184 0.000617516 -0.000106924 -0.000470058 0.00939303 -0.0328686 0.0114726 0.0169672 0.0272185 -0.0264401 0.0154969 -0.0316993 -0.0506682 0.0101482 0.0190358 -0.00709905 -0.0450924 0.0350217 0.0126187 -0.0189496 0.0146978 -0.0204418 -0.0494109 -0.000709632
internal_weight=31354.2 1099.96 30254.2 27893 2395.14 2047.3 1994.76 25497.8 24820.8 24576.3 2361.28 103.66 2257.62 1749.16 676.993 643.916 55.6263 586.838 347.836 456.049 358.895 508.459 65.2335 244.564 1616.73 373.292 64.6832 97.154 51.0817 443.226
internal_count=1359456 40046 1319410 1255977 194042 159528 157803 1061935 1052358 1018707 63433 2646 60787 35693 9577 31401 1816 28456 34514 8645 6424 25094 5588 33651 31899 12580 3972 2221 1098 19506
is_linear=0
shrinkage=0.08


Tree=152
num_leaves=31
num_cat=0
split_feature=0 2 7 16 3 16 1 6 9 2 7 3 16 6 0 16 2 15 7 0 3 3 2 10 10 0 1 9 2 1
split_gain=27.3317 94.6186 55.6343 45.8688 143.282 99.5765 81.6719 54.2658 40.3895 35.9174 31.1538 24.18 54.1586 118.427 43.1335 86.6612 21.7797 150.186 53.2163 35.5709 31.2298 23.0877 21.4507 17.931 13.653 12.4364 12.2351 11.4056 7.69768 8.00832
threshold=0.93127068877220165 0.83414238691329967 0.83250823616981517 0.96190130710601818 0.93127068877220165 0.98228842020034801 0.78910306096076976 1.0000000180025095e-35 0.49157276749610906 0.84074437618255626 0.52803984284400951 0.95040982961654674 0.95199692249298107 1.0000000180025095e-35 0.9634092152118684 0.92131063342094432 0.88762626051902782 0.052636135369539268 0.80163934826850902 0.87827673554420482 0.9569842815399171 0.91010102629661571 0.91545844078063976 0.96435630321502697 0.6157280206680299 0.89871358871459972 0.93063354492187511 0.65176862478256237 0.61257407069206249 0.96449580788612377
decision_type=2 2 2 2 2 2 2 2 2 2 2 2 2 2 2 2 2 2 2 2 2 2 2 2 2 2 2 2 2 2
left_child=2 8 3 16 5 6 -5 26 28 -7 -3 12 13 -12 15 -13 18 19 20 -18 -1 -19 24 -9 -4 -24 -6 -16 -2 -30
right_child=1 10 22 4 7 9 -8 23 -10 -11 11 14 -14 -15 27 -17 17 21 -20 -21 -22 -23 25 -25 -26 -27 -28 -29 29 -31
leaf_value=-0.0022184498598971088 -0.028332165875676798 -0.093812180502726619 0.0049380795021214188 -0.053330117987425131 0.048222308241630173 -0.0003044377153749662 -0.0059551950111984865 -0.096908953758229818 0.07834499434050686 0.026820143934041703 -0.26803636526711377 0.0025539419590304524 0.047917875662302246 0.0044100265371777103 0.005957750345890799 -0.059196187350638592 0.029747247128737137 0.060941050402426096 0.064961446134918555 -0.0078584184612950341 0.0054639841399307188 0.026245602509717122 0.033115099818973086 0 0.080126688801660725 -0.013862387197967719 -0.045294587080025969 0.03170691990911044 0.033682508353380609 -0.014421254482768575
leaf_weight=19682.747442389591 14.730682949288164 16.295209774645627 25.540553906321293 388.72683236101875 23.317727735819066 1016.5821437054838 595.54884906890948 167.12716213373642 155.51300124808768 438.88193659898752 5.7614489235056672 454.4284634716314 213.94901876366202 181.40091127550113 822.50242835318204 205.62135179180768 173.07559673356445 265.34597699440201 73.746106652455637 1583.4351381523375 4078.0470284434268 293.65082196492585 81.728381058252126 13.277952920179812 78.868186598956527 52.204574093666452 7.0598287291213628 129.18469712284059 93.276399451395264 20.246383147750748
leaf_count=738042 552 1756 635 17621 859 37114 17013 3645 17845 27854 372 23191 14895 21096 47993 10147 7839 14184 2155 60314 148414 14447 20880 289 3459 2695 489 101032 2876 833
internal_value=2.37244e-05 0.00838855 -0.000638343 -0.000965434 -0.0109835 -0.00537477 -0.025002 -0.0735322 0.0512611 0.007829 0.00220309 0.00329021 0.0207557 -0.0099001 -0.0010082 -0.0167425 4.57653e-05 0.00745014 -0.000668264 -0.00398824 -0.000892315 0.0433929 0.0374367 -0.089999 0.0642626 0.0138126 0.0186361 0.0097677 0.0155125 0.023507
internal_weight=31351.8 2312.91 29038.9 28800.6 2650.52 2439.74 984.276 210.783 283.766 1455.46 2029.14 2012.85 401.111 187.162 1611.74 660.05 26150 2315.51 23834.5 1756.51 23760.8 558.997 238.342 180.405 104.409 133.933 30.3776 951.687 128.253 113.523
internal_count=1360536 242588 1117948 1090279 104884 99602 34634 5282 22106 64968 220482 218726 36363 21468 182363 33338 985395 96784 888611 68153 886456 28631 27669 3934 4094 23575 1348 149025 4261 3709
is_linear=0
shrinkage=0.08


Tree=153
num_leaves=31
num_cat=0
split_feature=4 0 2 7 16 4 0 15 7 4 6 10 7 0 7 2 9 16 2 2 6 2 16 10 9 0 15 9 7 15
split_gain=22.3096 20.9531 87.3392 47.9541 37.769 215.757 80.1928 197.556 71.3785 57.8901 39.7431 33.4339 26.6969 22.8642 21.1688 32.188 13.155 10.7405 9.54534 7.53747 7.32776 5.70867 3.23335 4.43463 4.04091 2.93707 2.69468 3.67375 2.50083 2.13462
threshold=34.500000000000007 0.93127068877220165 0.84074437618255626 0.83250823616981517 0.93387979269027721 1.5000000000000002 0.77836257219314586 0.18103595823049548 0.56294015049934398 2.5000000000000004 1.0000000180025095e-35 0.57395204901695263 0.52803984284400951 0.88762626051902782 0.77448415756225597 0.92893216013908397 0.68390440940856945 0.16823899745941165 0.87827673554420482 0.92637759447097789 1.0000000180025095e-35 0.52689418196678173 0.87367022037506115 0.53231608867645275 0.91903391480445873 0.9569842815399171 0.8000553846359254 0.60039526224136364 0.11374663189053537 0.039140177890658386
decision_type=2 2 2 2 2 2 2 2 2 2 2 2 2 2 2 2 2 2 2 2 2 2 2 2 2 2 2 2 2 2
left_child=1 3 11 4 5 10 7 -6 -8 -7 -1 21 29 22 18 -16 -15 28 -14 -18 -13 -3 23 -5 -24 -23 27 -19 -2 -4
right_child=17 2 12 13 6 9 8 -9 -10 -11 -12 20 14 16 15 -17 19 26 -20 -21 -22 25 24 -25 -26 -27 -28 -29 -30 -31
leaf_value=0.085724681311470846 -0.025539603222203354 -0.040134663891058395 -0.089545469722241477 0.015527835398192493 0.028664930018710243 0.013347442804670538 0.026176625622831812 -0.016458748061885367 -0.024484738341891861 -0.0016048956043026707 0.028838048875823974 0 -0.011154051622580215 -0.035232570185244651 -0.070776041567088208 -0.00012739235539079781 0.049629442196683422 -0.0069462845067322634 0.020762184081109362 -0.0069288132574363785 0.076043197673898819 0.031354832881898685 0.038692910200375068 0.078544844818255119 -0.0047047758143287342 0.0025772578768997185 0 -0.088586661706864175 0.019742128431944166 0
leaf_weight=199.07161303942848 8.7746157250367123 4.9055822764057657 16.998538440209817 19.049168897792697 1040.5874789012196 1786.0620306449564 190.36111656951834 1522.2945904403459 1801.6704579725993 22041.149645366619 157.37546607106196 7.9577078369911751 59.127538457381888 33.818825866939733 37.643215793228592 1438.6654102326502 28.763225098111434 10.070663757127475 442.90641050262639 17.558429083415831 153.30312079018768 62.631003229063936 71.767941870020877 59.158033420353604 7.8586395572092433 55.900056505808607 3.441175438463687 27.032126280057128 13.012893770937806 0.59227358094358251
leaf_count=4962 150 127 1696 412 51905 70519 8082 54005 60637 832395 5349 968 2275 1538 1088 167672 1335 1352 47769 1217 18473 1569 15423 2628 5156 1510 17 435 263 68
internal_value=-1.69128e-05 7.70545e-05 0.00745587 -0.000499369 -0.000803892 0.000449008 -0.00748427 0.00182031 -0.0195099 -0.000474806 0.0617976 0.0485214 0.00141177 0.0348772 0.00247169 -0.00226964 0 -0.0460212 0.0166147 0.0264868 0.0722753 0.0146372 0.0520936 0.0669739 0.0324943 0.019732 -0.0681208 -0.0736841 0 -0.084873
internal_weight=31319.5 31257.2 2280.63 28976.5 28738.6 24183.7 4554.91 2562.88 1992.03 23827.2 356.447 284.697 1995.93 237.974 1978.34 1476.31 80.1405 62.3315 502.034 46.3217 161.261 123.437 157.834 78.2072 79.6266 118.531 40.544 37.1028 21.7875 17.5908
internal_count=1360995 1358778 243215 1115563 1087854 913225 174629 105910 68719 902914 10311 22647 220568 27709 218804 168760 4090 2217 50044 2552 19441 3206 23619 3040 20579 3079 1804 1787 413 1764
is_linear=0
shrinkage=0.08


Tree=154
num_leaves=31
num_cat=0
split_feature=0 2 7 4 15 2 0 6 7 15 16 2 14 7 4 16 16 10 2 0 10 16 2 10 15 14 7 7 10 4
split_gain=17.8685 166.718 89.7035 86.0512 76.0251 64.0714 61.0252 236.571 136.975 113.603 108.288 116.074 53.4368 52.5077 51.3996 138.232 74.2889 43.433 42.909 90.2285 38.7016 31.8071 31.0959 30.1919 26.4703 24.9633 24.3939 22.9459 21.8806 12.3835
threshold=0.88762626051902782 0.78611555695533764 0.7729182541370393 5.5000000000000009 0.080124069005250945 0.86512476205825817 0.76239567995071422 1.0000000180025095e-35 0.65030118823051464 0.17923857271671298 0.82891985774040233 0.85270008444786083 0.93541666865348827 0.68108487129211437 1.5000000000000002 0.94935896992683422 0.93142634630203258 0.42894540727138525 0.88762626051902782 0.94185259938240062 0.97785946726799022 0.74133810400962841 0.86706829071044933 0.60044842958450328 1.0000000180025095e-35 0.18898809701204303 0.81173768639564525 0.83752354979515087 0.72533166408538829 8.5000000000000018
decision_type=2 2 2 2 2 2 2 2 2 2 2 2 2 2 2 2 2 2 2 2 2 2 2 2 2 2 2 2 2 2
left_child=2 17 6 4 18 25 8 9 14 12 13 -12 -8 -9 15 -1 -16 -2 19 -3 -20 28 -23 -5 27 -4 29 -25 -10 -7
right_child=1 3 5 23 -6 26 7 10 21 -11 11 -13 -14 -15 16 -17 -18 -19 20 -21 -22 22 -24 24 -26 -27 -28 -29 -30 -31
leaf_value=0.048707203223777737 0.01476283297059779 -0.069931172542821565 0.0099655891911408518 0.01964465085750312 0.037565375742555834 0.004319756316594774 0.023633205317467522 -0.01773459764065826 0.010675176962202005 0.064404314533736365 -0.037383858679598168 0.0026910702403308601 -0.024571458306253593 0.0020606586910909023 -0.0018434917137567139 -0.00088257829476860326 -0.03923673151699382 0.07024358059014145 0.00013386780439097822 0.026396466018644347 0.044430615713985926 0.0099826524328018012 0.05140474716834418 -0.069937574461923918 0.010092711238310284 0.073662248702125468 0.035571879806370561 0.024649774665119077 0.054413502855286615 -0.041092874721062239
leaf_weight=468.25493727879075 148.59663135680603 152.65048459479294 59.658585071461857 36.866342059685849 363.09261572848482 384.14131584105053 445.51347123761298 1345.5489226441714 111.40617498275242 349.63896544395539 1789.0969843720231 612.61067999574152 211.49209987041104 2315.4619723724609 14662.385638548127 1474.4756427169705 343.77967746427021 280.94019601175387 3635.7930087265122 96.325438028630742 126.0689938527612 783.09740752493963 136.32444211932307 198.64154575922294 31.349718641082291 183.84359280968056 167.10856744701232 12.798656302707967 314.01850865510642 37.63411838945467
leaf_count=15582 3708 4079 1595 1222 16108 16872 16086 37434 3789 16920 47825 19221 9267 68325 608074 62506 12631 24005 261579 5919 36886 19674 7200 3129 771 5817 26455 478 6738 572
internal_value=7.66504e-05 0.00441954 -0.000760645 0 0.00276514 0.02499 -0.00161682 -0.00792865 0.000815062 0.0278436 -0.0139126 -0.027111 0.0078059 -0.00518541 -0.00112889 0.0110822 -0.00272358 0.0518092 -0.00038826 -0.0322473 0.00171784 0.0253463 0.0165423 -0.0426274 -0.0529343 0.0592148 0.0101893 -0.0630357 0.0435885 0
internal_weight=31278.6 5083.12 26195.5 4653.59 4373.93 832.386 25363.1 7069.36 18293.7 1006.64 6062.72 2401.71 657.006 3661.01 16948.9 1942.73 15006.2 429.537 4010.84 248.976 3761.86 1344.85 919.422 279.656 242.79 243.502 588.884 211.44 425.425 421.775
internal_count=1360467 357884 1002583 330171 324571 51311 951272 215078 736194 42273 172805 67046 25353 105759 698793 78088 620705 27713 308463 9998 298465 37401 26874 5600 4378 7412 43899 3607 10527 17444
is_linear=0
shrinkage=0.08


Tree=155
num_leaves=31
num_cat=0
split_feature=9 2 2 9 6 3 0 15 14 9 9 9 19 5 15 7 0 3 3 14 0 4 1 9 3 0 19 2 7 2
split_gain=20.3571 27.3409 30.1262 22.8694 58.1329 23.1685 81.0961 67.8905 17.6488 104.83 82.2734 116.296 38.6487 35.771 63.1337 68.6972 53.9322 107.506 59.0846 49.3425 32.0259 44.8322 72.6253 30.776 19.7318 33.9027 17.8977 15.9041 17.6708 14.2144
threshold=0.80069687962532055 0.99565216898918163 0.9547502100467683 0.99206298589706432 1.0000000180025095e-35 0.84889996051788341 0.7729182541370393 0.22554278373718264 0.078461539000272765 0.39352983236312872 1.0000000180025095e-35 0.5085725486278535 1.0000000180025095e-35 1.0000000180025095e-35 0.15679553151130679 0.61925834417343151 0.72812235355377208 0.65058138966560375 0.7897985875606538 0.16228070110082629 0.5604878067970277 13.500000000000002 0.65648320317268383 0.33406755328178411 0.78830561041831981 0.63686314225196849 1.0000000180025095e-35 0.4712491780519486 0.35111427307128912 0.93582704663276683
decision_type=2 2 2 2 2 2 2 2 2 2 2 2 2 2 2 2 2 2 2 2 2 2 2 2 2 2 2 2 2 2
left_child=8 2 3 5 -5 6 -2 -7 10 23 20 12 -12 16 19 -16 17 -11 -18 -15 21 22 -1 -10 25 -25 -13 -22 -29 -26
right_child=1 -3 -4 4 -6 7 -8 -9 9 13 11 26 -14 14 15 -17 18 -19 -20 -21 27 -23 -24 24 29 -27 -28 28 -30 -31
leaf_value=0.0087354836481654107 -0.0024906291826984396 0.058354141187468775 -0.043798391380847068 0.0012164965933373554 0.054694192865615124 -0.0010361164801214969 -0.028669386386239313 0.036659565079450313 0.062111764322111192 0.0025219535335957149 -0.011941829903532748 0.064529605454067301 -0.050162969888301698 -0.044827280371376559 0.010584698839566808 0.048575141902522115 0.06386320502052463 -0.022529898763321156 0.0053601992793231865 0.002537485941549416 0.042007036939975956 -0.022212389750501486 0.11488130464035927 0.014934193267512887 -0.014202174742181297 0.070750310036276201 0.011245222265146172 -0.069512706825135384 0.0013587574161273419 0.047807694223242825
leaf_weight=107.40907302754931 6154.0578446287545 42.825869651733228 105.51285581446427 813.28263431711821 151.50025116728648 5089.749359624213 862.29744506347924 319.99919343327929 189.51210683408135 3675.6825982410228 275.42651849782851 47.947630062401004 514.34240056056296 141.30854987480416 1467.4751124456525 387.61740075045964 145.80031411838718 1551.6764665098817 445.42310765098227 3642.4701153860988 56.548840912990272 65.364232758060098 66.974268530961126 235.36793806579226 116.88615005777683 103.4495489725814 239.45056054505403 17.576909565366805 4183.4777903486975 24.141128755574755
leaf_count=3476 84541 93385 17976 22424 21927 160038 15655 17618 9194 208194 10744 2437 340161 6623 35309 9801 2436 29934 21020 166894 603 1518 594 18240 4584 2040 12472 134 38487 2254
internal_value=0.000415801 -0.00191252 -0.00213714 -0.00178071 0.0100178 -0.00271329 -0.00574886 0.00119591 0.00220574 0.00392157 -0.00149838 -0.0213229 -0.0371939 0.00210161 0.00664685 0.018718 -0.00227769 -0.00489822 0.0204704 0.000669553 0.00323269 0.0314099 0.05246 0.0345902 0.0228623 0.0332227 0.0216335 0.0015735 0.000941914 -0.00121812
internal_weight=31240.6 13539.2 13496.4 13390.9 964.783 12426.1 7016.36 5409.75 17701.3 12126.8 5574.52 1077.17 789.769 11457.5 5638.87 1855.09 5818.58 5227.36 591.223 3783.78 4497.35 239.748 174.383 669.357 479.845 338.817 287.398 4257.6 4201.05 141.027
internal_count=1360713 433564 340179 322203 44351 277852 100196 177656 927149 516523 410626 365814 350905 480211 218627 45110 261584 238128 23456 173517 44812 5588 4070 36312 27118 20280 14909 39224 38621 6838
is_linear=0
shrinkage=0.08


Tree=156
num_leaves=31
num_cat=0
split_feature=16 4 4 0 16 3 1 1 3 3 2 1 3 0 4 7 7 2 1 0 3 0 16 15 3 3 1 3 3 3
split_gain=17.3292 96.2435 59.4923 132.861 84.6336 74.4869 102.829 72.4693 101.967 71.9466 64.8108 88.5836 84.3645 59.9737 53.9686 84.3871 48.1116 101.539 74.0908 116.13 87.1071 127.85 70.5689 56.7066 139.639 58.1602 56.6447 43.9948 43.7385 43.1115
threshold=0.84262126684188854 3.5000000000000004 2.5000000000000004 0.64747309684753429 0.91945946216583263 0.70659971237182628 0.74849396944046032 0.73746865987777721 0.65261757373809826 0.8521554470062257 0.71503761410713207 0.80901724100112926 0.86319074034690868 0.58102023601531994 1.5000000000000002 0.30532014369964605 0.69860395789146434 0.7933771312236787 0.69732204079628002 0.64747309684753429 0.93908473849296581 0.61633428931236278 0.63299319148063671 1.0000000180025095e-35 0.89699381589889537 0.98936051130294811 0.87428161501884472 0.72613638639450084 0.79516318440437328 0.92637759447097789
decision_type=2 2 2 2 2 2 2 2 2 2 2 2 2 2 2 2 2 2 2 2 2 2 2 2 2 2 2 2 2 2
left_child=1 28 4 7 9 6 -5 8 13 14 12 -12 -7 -4 -2 -16 18 -18 19 22 21 -20 -3 24 -19 -25 -22 -21 -1 -6
right_child=2 16 3 5 29 10 -8 -9 -10 -11 11 -13 -14 -15 15 -17 17 23 20 27 26 -23 -24 25 -26 -27 -28 -29 -30 -31
leaf_value=0.050868684035793983 0.084544335157518122 0.0053446954774451997 -0.040425379246087453 0.055908961420383936 0.00204255980468101 -0.046115214515282478 -0.060486004777018668 0.018273413580858863 -0.089754161753749409 -0.0060691683302820853 0.036832759216713529 -0.0066150157014786661 0.030945406090275688 0.012449423760445584 -0.030662455131523811 0.03827693566996327 0.054855552926866905 -0.050758289848433051 0.014901246849955908 0.046584099988609337 0.037881714787979553 -0.026638875468357019 -0.010528175601314074 0.017765102243700294 0.0063195490215642728 0.099477762307968634 -0.0022458646310837553 0.011009739297240756 0.00758101302312701 -0.011524354408872475
leaf_weight=345.78691371867899 114.61377489494771 4881.4333786877905 535.60909361650556 258.24329492912511 4972.1270220534388 445.67805928009329 54.005166010058019 137.69478174707911 221.68356632255018 424.68045351625187 344.16982821909187 2137.8674874035787 107.5551278568164 175.82523473724723 133.8486683879164 590.85935529277776 274.79610427242733 305.13796175291645 582.35988971441111 470.89441298870952 242.82825560723722 2391.6593733276677 2824.7778739669011 471.01357822325372 2368.1031538309762 60.622081444409559 2421.2174586442998 452.63533597318747 280.76737518460141 2133.131413371877
leaf_count=10094 2766 178455 41608 6575 219104 12623 1409 3627 6493 22908 10071 84655 4848 3889 7059 22202 7366 4938 20006 10114 7750 64424 173364 13528 78344 2995 87492 18601 15876 216558
internal_value=-0.000319874 0.001248 -0.00258481 -0.0100935 0.00136377 -0.00217914 0.0346374 -0.0345612 -0.0425841 0.0204059 -0.00606994 -0.000464092 -0.0307041 -0.0271388 0.0339478 0.0252022 0.000146828 0.00858262 -0.00190159 0.00274376 -0.00903635 -0.0184396 -0.000455947 0.00448592 -0.000218476 0.0282209 0.00141594 0.0294741 0.0319378 -0.00201322
internal_weight=31161.6 18374 12787.6 4418.33 8369.26 3347.52 312.248 1070.81 933.118 1264 3035.27 2482.04 553.233 711.434 839.322 724.708 17747.5 3479.67 14267.8 8629.74 5638.06 2974.02 7706.21 3204.88 2673.24 531.636 2664.05 923.53 626.554 7105.26
internal_count=1359742 693347 666395 175798 490597 120181 7984 55617 51990 54935 112197 94726 17471 45497 32027 29261 667377 107171 560206 380534 179672 84430 351819 99805 83282 16523 95242 28715 25970 435662
is_linear=0
shrinkage=0.08


Tree=157
num_leaves=31
num_cat=0
split_feature=7 16 0 2 3 3 2 5 2 2 0 7 7 3 0 6 7 3 6 7 9 6 0 3 10 3 16 7 2 0
split_gain=18.3742 17.4494 39.1435 138.375 114.815 102.516 119.649 84.5077 73.1808 70.3967 75.2417 39.0918 36.3436 32.1069 77.8093 137.703 50.5343 35.1064 65.51 43.1246 30.6229 27.8037 23.8617 18.4899 12.479 6.25063 4.75132 3.93718 3.79236 3.71253
threshold=0.87895438075065624 0.84262126684188854 0.88273492455482494 0.78611555695533764 0.92637759447097789 0.88493064045906078 0.86222714185714733 1.0000000180025095e-35 0.91545844078063976 0.68457102775573742 0.80717849731445324 0.81517440080642711 0.72046512365341198 0.91922956705093395 0.75582656264305126 1.0000000180025095e-35 0.65485891699790966 0.98749804496765148 1.0000000180025095e-35 0.55351883172988903 0.46190130710601812 1.0000000180025095e-35 0.90645834803581249 0.92718276381492626 0.65582582354545604 0.97332859039306652 0.57247900962829601 0.53079283237457286 0.92031747102737438 0.98529094457626354
decision_type=2 2 2 2 2 2 2 2 2 2 2 2 2 2 2 2 2 2 2 2 2 2 2 2 2 2 2 2 2 2
left_child=1 11 5 20 21 6 7 -3 -6 23 -11 13 -8 14 16 -16 -1 18 -15 -19 27 -5 24 -7 -13 -22 -26 -4 -24 -2
right_child=29 2 3 4 8 9 12 -9 -10 10 -12 22 -14 17 15 -17 -18 19 -20 -21 25 -23 28 -25 26 -27 -28 -29 -30 -31
leaf_value=0.00028060667513584987 0.043162874620666564 -0.013760209867046687 0 -0.026666357001791204 -0.033178578741815547 0 0.06286974445259326 0.0039515265644810794 -0.0012065747958193817 0.0061302045575931108 -0.043584540065540869 0.0077183806292343308 0.01836945862300458 0.058031080816207184 0.035486575898908045 -0.030418523953542578 0.029524087827386154 -0.020021681718346104 0.0099207491290888537 0.0051595709635875002 0.067968707301713338 0.033430268965914695 0.0010752305371045212 0.06475649465342842 -0.0017297394149250042 0 0.078129072353184545 0.025740358002060249 -0.052414255023019163 0.013868240106285797
leaf_weight=10414.400570679863 60.968443595549616 3279.5546830296225 36.973098912421847 46.754117888529436 567.38729497861641 48.101766001374926 185.9522779871113 3605.094595667746 2358.5154492627189 242.46280237640894 867.09467924826458 30.07989448227454 363.86318212507831 202.74519881025481 240.08409967976331 1141.5948999445536 387.9882476504863 487.06420879092184 1590.1346736587875 3687.2532809271506 240.80898510992847 632.0763906875618 38.460191340316669 54.310586851817789 0.7254327329719662 5.1945342764665829 81.933528502209811 128.91136169573292 4.4488851649657581 104.27434407370674
leaf_count=434976 10000 124741 1225 2471 20166 2378 9147 131798 212938 7800 29221 808 31828 8904 6078 26748 7451 23344 45840 132372 21551 34273 1474 3343 47 714 3515 3855 175 19492
internal_value=0.000349521 0.000200204 -0.00207672 0.00442421 -0.000577664 -0.00511597 -0.00156864 -0.00446623 -0.00750716 -0.0266487 -0.0325985 0.00178405 0.0341392 0.00142678 -0.000916736 -0.0187646 0.00135892 0.00623541 0.0155965 0.00216267 0.048065 0.0288925 0.0411108 0.0348397 0.0599028 0.0660664 0.0755443 0.019281 -0.00602238 0.0265669
internal_weight=31135.2 30970 12663.1 4016.62 3604.73 8646.43 7434.46 6884.65 2925.9 1211.97 1109.56 18306.9 549.815 18151.3 12184.1 1381.68 10802.4 5967.2 1792.88 4174.32 411.888 678.831 155.648 102.412 112.739 246.004 82.659 165.884 42.9091 165.243
internal_count=1358673 1329181 637449 297193 269848 340256 297514 256539 233104 42742 37021 691732 40975 685713 475253 32826 442427 210460 54744 155716 27345 36744 6019 5721 4370 22265 3562 5080 1649 29492
is_linear=0
shrinkage=0.08


Tree=158
num_leaves=31
num_cat=0
split_feature=19 7 14 18 11 4 9 15 9 9 14 9 9 9 14 2 2 0 0 1 0 0 2 4 9 4 0 15 0 1
split_gain=18.5531 31.1293 22.7172 17.821 18.6557 17.6022 16.2084 19.5959 15.5 12.8019 27.6685 96.0209 76.2389 59.9882 24.0177 22.2299 20.1922 22.6763 14.4434 12.3672 36.5569 33.4919 50.1891 28.4579 20.801 12.1312 11.8388 11.695 11.4969 11.3515
threshold=1.0000000180025095e-35 0.71834936738014232 0.21240601688623431 1.0000000180025095e-35 1.0000000180025095e-35 2.5000000000000004 0.60891634225845348 0.23810633271932605 0.91903391480445873 0.80069687962532055 0.097619049251079573 1.0000000180025095e-35 0.54801106452941906 0.37338866293430334 0.1702898591756821 0.99565216898918163 0.94932374358177196 0.9569842815399171 0.72046512365341198 0.63224515318870556 0.6106402873992921 0.51191151142120372 0.63686314225196849 11.500000000000002 0.45341086387634283 2.5000000000000004 0.71819767355918895 0.11269240453839303 0.59611794352531444 0.9634092152118684
decision_type=2 2 2 2 2 2 2 2 2 2 2 2 2 2 2 2 2 2 2 2 2 2 2 2 2 2 2 2 2 2
left_child=1 5 -3 9 8 6 -1 -8 25 10 11 18 -13 28 -15 16 17 -11 -2 20 24 23 -23 -21 -7 -5 -6 -22 -12 -18
right_child=3 2 -4 4 26 19 7 -9 -10 15 13 12 -14 14 -16 -17 29 -19 -20 21 27 22 -24 -25 -26 -27 -28 -29 -30 -31
leaf_value=0.0011779208690596928 0.0096239672979012755 0.016059382961117821 0.067891011040925611 0.0034978204906941698 0.0045469262387405202 0.020551662401107236 0.063465604818981142 0.015507802189260742 0.016989684915921469 -0.0025860472272991137 0.014312098287027857 -0.043381487190991594 0.014882584908590121 0.020841435995009174 0.001435082821238917 0.05642090559279106 -0.0034359590536781567 0.05401634130479744 -0.0016040187736840598 0.073948725493180809 -0.029149675581052456 -0.050156549276421172 0 -0.020445229717740872 -0.0026593393984945556 -0.036643178500131476 -0.092613526392233067 0.046848724891536263 0.051371236137305355 -0.050068245764345598
leaf_weight=355.33367154993175 943.45004225941375 271.46564128375758 69.689738041146484 61.513153629857698 6.0530331481568274 276.4635046129988 68.617930395710573 302.61396630465606 76.976446057262365 11802.477729602339 101.08276905349339 596.68997383581882 181.26331861983635 424.76902698568301 9005.6333111441782 35.546880937370588 66.879553160688374 40.24371093683294 3180.6627318747342 47.222969910042593 8.2556169615127128 185.8003741942448 372.5294862993469 27.11898639658466 2013.2481428949686 136.26481545482238 27.722677161451429 138.69158473041898 184.69443570819567 85.153936950548086
leaf_count=22028 11090 25732 154385 1125 160 12233 35363 12689 659 184544 10098 354715 6260 35269 267103 51662 4938 3596 18116 1142 120 12260 71937 3527 36478 2143 210 10953 2436 7910
internal_value=-6.20059e-05 0.00491735 0.0279373 -0.000832883 -0.0198108 0.00277232 0.013925 0.0255231 -0.0115494 -0.000603483 0.000979193 -0.00390297 -0.0295932 0.00345957 0.00233673 -0.00253952 -0.00275102 -0.00235748 0.000934339 6.18726e-05 0.00270419 -0.00980518 -0.0167888 0.03838 0.000112143 -0.023591 -0.0727338 0.0407074 0.0392847 -0.0313361
internal_weight=31094.1 4137.05 341.155 26957.1 308.53 3795.9 726.566 371.232 274.754 26648.5 14618.2 4902.07 777.953 9716.18 9430.4 12030.3 11994.8 11842.7 4124.11 3069.33 2436.66 632.672 558.33 74.342 2289.71 197.778 33.7757 146.947 285.777 152.033
internal_count=1360881 398847 180117 962034 4297 218730 70080 48052 3927 957737 705087 390181 360975 314906 302372 252650 200988 188140 29206 148650 59784 88866 84197 4669 48711 3268 370 11073 12534 12848
is_linear=0
shrinkage=0.08


Tree=159
num_leaves=31
num_cat=0
split_feature=16 2 0 1 3 0 15 0 2 3 2 3 0 0 6 0 0 1 1 5 1 0 3 3 3 16 1 3 0 1
split_gain=16.4636 39.4607 53.4572 258.696 175.086 153.363 108.534 156.724 155.492 98.826 91.3414 59.2705 64.834 51.0718 40.8793 49.6885 40.2 138.281 80.7704 99.8328 25.1898 140.723 92.5293 75.451 71.4014 135.083 69.3575 57.5583 217.053 153.966
threshold=0.8521554470062257 0.53747394680976879 0.76239567995071422 0.81530213356018078 0.75905716419219982 0.65345367789268505 0.1775321960449219 0.86706829071044933 0.76239567995071422 0.91715687513351452 0.68133461475372326 0.77459675073623668 0.71819767355918895 0.76845377683639537 1.0000000180025095e-35 0.87206766009330761 0.5388936996459962 0.59675306081771862 0.5388936996459962 1.0000000180025095e-35 0.60640108585357677 0.58499062061309826 0.91922956705093395 0.71937501430511486 0.71010184288024913 0.7245689630508424 0.79118219017982494 0.58397436141967785 0.51530769467353832 0.45867486298084265
decision_type=2 2 2 2 2 2 2 2 2 2 2 2 2 2 2 2 2 2 2 2 2 2 2 2 2 2 2 2 2 2
left_child=20 13 3 4 10 -6 7 8 -4 -9 -3 12 -5 16 -8 -16 17 -2 -18 -20 21 23 24 27 25 -22 -27 28 -1 -29
right_child=1 2 6 11 5 -7 14 9 -10 -11 -12 -13 -14 -15 15 -17 18 -19 19 -21 22 -23 -24 -25 -26 26 -28 29 -30 -31
leaf_value=-0.0013612212316052954 -0.015709845605232219 -0.0053740329859915817 -0.077266087996576624 0.034495005299549374 0.043869349704595689 -0.059521972661817302 0.05920954094445062 0.025632470996012513 -0.016194464694007236 -0.0052191004992277728 0.033135661390876904 0.058251662589746317 -0.035282018597100596 0.039049043818712485 -0.005021697069554013 0.064452718862148414 -0.0077714334267609811 0.084869353264652628 -0.11574249718061695 -0.015517950366241167 -0.033826576747638011 0.032890038854625304 0.0054058399793755242 0.040196667940359837 -0.014871517899851763 0.033149031222837959 -0.03060048601378695 0.018003530638604243 0.06848021780889052 -0.040041238912262765
leaf_weight=5057.8174330388429 1028.3931000295051 1337.2252933685959 321.60503014549613 389.22639101676759 104.80641309756902 539.86774748924654 190.83705944196845 823.22077708822326 1555.6500349536982 3349.2080907314084 550.79349330347031 567.32619069521024 102.28131956489597 106.71117728282115 254.36743191693677 82.139903630923072 369.30730681968271 90.334836275520502 127.52179503988009 133.88818208484736 356.51717027363338 997.35543454821163 6271.0027297856141 292.34946380222391 3666.369600597056 761.49887190017034 120.76784257525287 480.24240551472758 296.58093259994348 723.77547098107607
leaf_count=240037 86315 39409 9949 16321 2965 16929 8703 38277 56022 274662 14023 28389 3728 7664 5784 7903 10296 2015 2943 6334 14922 31636 221929 13221 110568 20854 2698 15313 7539 43319
internal_value=-4.58431e-05 -0.00236737 -0.000390717 0.00743541 -0.00640387 -0.0422588 -0.00469105 -0.00775366 -0.0269195 0.000853012 0.00583376 0.0405634 0.0194433 -0.0130799 0.0298855 0.0121635 -0.0164531 -0.00710442 -0.0325971 -0.066265 0.00141336 0.00488923 -0.00101425 0.00076843 -0.00925177 0.00724503 0.0241192 -0.000994038 0.00253773 -0.0167781
internal_weight=31049 12024.7 10168.6 3591.53 2532.69 644.674 6577.03 6049.68 1877.26 4172.43 1888.02 1058.83 491.508 1856.16 527.344 336.507 1749.45 1118.73 630.717 261.41 19024.3 7848.12 11176.2 6850.77 4905.15 1238.78 882.267 6558.42 5354.4 1204.02
internal_count=1360667 638631 523064 121764 73326 19894 401300 378910 65971 312939 53432 48438 20049 115567 22390 13687 107903 88330 19573 9277 722036 351065 370971 319429 149042 38474 23552 306208 247576 58632
is_linear=0
shrinkage=0.08


Tree=160
num_leaves=31
num_cat=0
split_feature=7 3 0 3 13 10 12 15 7 0 15 0 0 15 3 16 15 10 12 0 16 9 0 15 9 10 16 9 4 3
split_gain=20.2806 61.6404 61.6193 75.3597 51.5082 43.0338 44.928 42.1605 41.3579 124.136 75.2947 88.4583 87.5572 39.0713 37.373 36.1013 29.0789 31.1192 72.5361 40.099 26.4655 27.9946 23.4943 22.7055 18.0512 22.203 17.8784 17.3081 17.0123 15.8153
threshold=0.45512083172798162 0.5646599829196931 0.44136746227741247 0.46709956228733068 1.0000000180025095e-35 0.6157280206680299 1.0000000180025095e-35 0.35941760241985327 0.56294015049934398 0.81769305467605602 0.22291507571935656 0.70051544904708873 0.68870675563812267 0.097781173884868636 0.9740215837955476 0.39314988255500799 0.53216883540153515 0.73024791479110729 1.0000000180025095e-35 0.76845377683639537 0.47871376574039465 0.31466378271579748 0.47673159837722784 0.40769839286804205 0.55123156309127819 0.97989273071289074 0.89528506994247448 0.98251727223396312 17.500000000000004 0.55625879764556896
decision_type=2 2 2 2 2 2 2 2 2 2 2 2 2 2 2 2 2 2 2 2 2 2 2 2 2 2 2 2 2 2
left_child=2 23 5 26 8 20 24 28 9 13 12 -12 -10 -3 -11 -9 17 18 -5 -19 -1 -22 -18 -2 -7 -26 -4 -6 -8 -24
right_child=1 4 3 16 27 6 7 15 10 14 11 -13 -14 -15 -16 -17 22 19 -20 -21 21 -23 29 -25 25 -27 -28 -29 -30 -31
leaf_value=-0.0029057367785496196 0.018397502822960685 0.0010741021604498261 0.10794858704796426 -0.0016287689508676199 0.049052800906912955 0.063400188091399315 0.07755727769731148 0.0058785619613524031 0.017741775980110487 0.04198190317632932 -0.0044450614768536427 0.038507844665254275 -0.0036840881400713051 -0.017007176378788041 -0.043494678240140548 -0.009098301023226325 0 -0.0013489354561867725 0.037268597278647925 0.044834688974463528 0.027448476333746388 -0.053088490051194627 0.062577012578951874 0.070809494196967221 0.0069698704059800226 0.0557090265661951 -0.010909325137782895 -0.030720917107697501 -0.008742643673443835 0.024325058286301941
leaf_weight=189.47483414706221 173.27958642893645 977.27022902473254 56.542316043516621 632.68986970306287 158.47062587935216 59.187291536538396 52.874774855052237 1577.5308737816522 1332.720199917836 353.44404205861792 555.04935720516369 662.5485152220208 13788.154025439861 3254.9290783499964 30.185572109257919 2904.0336002453114 145.51249858597293 2256.0241399769257 576.67158576304791 121.90586100986548 25.621394638437778 218.75837638216763 116.51744664413854 84.51030734879896 352.77722087461734 70.675363218761049 5.5939212205412323 13.558236981865774 14.082505921891423 247.59131592563062
leaf_count=37161 9130 40166 1954 94171 26103 1211 2350 16239 47989 16905 8807 19894 608395 103231 2489 89394 1270 35885 30141 10074 7215 129733 840 735 6875 873 456 3636 1704 6016
internal_value=9.60955e-05 -0.00127111 0.00314965 0.0104887 -0.00175692 -0.0024108 -0.000282662 -0.0027852 -0.00212672 -0.00880997 -0.000226712 0.0188585 -0.00177984 -0.0127979 0.0343715 -0.00379004 0.00905613 0.00643579 0.0168644 0.00104066 -0.0264406 -0.0436222 0.0269484 0.0372087 0.0227605 0.0160332 0.0948494 0.0411716 0.0578368 0.0376813
internal_weight=31008.2 21384.1 9624.07 4159.05 21126.3 5465.02 5031.16 4548.52 20954.3 4615.83 16338.5 1217.6 15120.9 4232.2 383.63 4481.56 4096.91 3587.29 1209.36 2377.93 433.855 244.38 509.621 257.79 482.64 423.453 62.1362 172.029 66.9573 364.109
internal_count=1361042 887480 473562 180807 877615 292755 118646 109687 847876 162791 685085 28701 656384 143397 19394 105633 178397 170271 124312 45959 174109 136948 8126 9865 8959 7748 2410 29739 4054 6856
is_linear=0
shrinkage=0.08


Tree=161
num_leaves=31
num_cat=0
split_feature=14 10 15 14 7 3 10 12 16 3 10 4 7 15 3 7 4 16 4 15 16 14 11 10 10 16 4 16 1 4
split_gain=18.4912 48.4161 45.9603 36.1374 94.9083 70.1993 48.2797 57.3001 43.4861 58.5105 103.981 85.7192 46.6719 38.3734 33.6649 32.5815 29.5331 51.1097 27.3978 43.1059 28.0909 25.5248 23.55 19.1148 18.3162 15.9108 15.6802 68.3604 59.1794 35.265
threshold=0.77350428700447094 0.94553062319755565 0.63279041647911083 0.93541666865348827 0.74883177876472484 0.89699381589889537 0.92693394422531139 1.0000000180025095e-35 0.79205974936485302 0.90054944157600414 0.97881317138671886 2.5000000000000004 0.58280590176582348 0.13068798929452899 0.63245612382888805 0.76506900787353527 5.5000000000000009 0.69604039192199718 9.5000000000000018 0.42721912264823919 0.86576578021049511 0.45804196596145635 1.0000000180025095e-35 0.99799197912216198 0.99292451143264782 0.75235849618911754 1.0000000180025095e-35 0.96362435817718517 0.77459675073623668 1.5000000000000002
decision_type=2 2 2 2 2 2 2 2 2 2 2 2 2 2 2 2 2 2 2 2 2 2 2 2 2 2 2 2 2 2
left_child=1 26 22 4 6 -6 7 -2 15 11 12 13 -11 -10 -9 16 -5 -18 20 -20 -8 -4 -3 -23 -13 -17 -1 29 -29 -28
right_child=3 2 21 8 5 -7 18 14 9 10 -12 24 -14 -15 -16 25 17 -19 19 -21 -22 23 -24 -25 -26 -27 27 28 -30 -31
leaf_value=0.0075345923642170902 0.0007002499085185435 0.04461305987791106 0.050798127050370283 0.021372186148126537 -0.02400424850784812 0.053421700063690639 0.010891558122373898 -0.020094150933519309 0.035446813630315217 0.035157843860513953 0.042573923401782364 -0.020195041236057844 -0.02488017392250038 0.0065668740361885334 -0.061181982182437179 0.073262080839015309 0.0069259569992445617 -0.014257850864484974 -0.049274951818193406 0 -0.015137784979991159 0 0.016532298312877298 -0.040136981883172558 0.0037741056899868253 0.017245448557812005 0.013745936633843046 -0.058693043833403902 -0.0084345511700589029 -0.0003688097965850759
leaf_weight=1782.0053017122955 233.80430321207677 285.29326770956322 34.38398873359256 549.78070852567907 103.44677922086339 228.94978473944138 588.86607074840867 231.59629887252231 403.75833291852177 80.711662112669728 169.4595727924534 868.27597103550215 1690.0434845985073 1138.741941056418 351.43375403984828 58.467062123330834 2889.9418596250325 967.24349850158615 218.91713726278977 237.33502838687855 473.68316076638803 170.85048849342274 694.84142919736041 126.05985076632351 250.59093353639764 96.536435459900531 1225.5093839987567 219.88456189291901 485.79358496714849 14082.085291430332
leaf_count=140433 2604 8800 273 11414 6274 27026 14329 4068 16870 2975 32404 11787 49704 17464 8560 1271 49560 13822 3529 2750 13987 1555 59362 1404 6926 1735 72083 13638 24756 738675
internal_value=-6.49123e-06 0.00152725 0.0163349 -0.00249643 -0.0106814 0.0288527 -0.0164256 -0.0321163 -9.13505e-05 -0.00559272 -0.0161484 0.00205852 -0.0219622 0.0143199 -0.0454424 0.00542281 0.00409002 0.00156081 -0.00780425 -0.0240954 -0.000578967 -0.00897181 0.0250533 -0.0171501 -0.0146914 0.0410039 0.000422725 -0.000360821 -0.0246227 0.000754872
internal_weight=30938.3 19106.7 1311.43 11831.6 2668.03 332.397 2335.64 816.834 9163.55 4601.58 1940.21 2661.37 1770.76 1542.5 583.03 4561.97 4406.97 3857.19 1518.8 456.252 1062.55 331.294 980.135 296.91 1118.87 155.003 17795.3 16013.3 705.678 15307.6
internal_count=1360038 1060979 71394 299059 83127 33300 49827 15232 215932 138130 85083 53047 52679 34334 12628 77802 74796 63382 34595 6279 28316 3232 68162 2959 18713 3006 989585 849152 38394 810758
is_linear=0
shrinkage=0.08


Tree=162
num_leaves=31
num_cat=0
split_feature=15 2 7 12 3 2 7 3 3 12 10 14 6 16 12 14 6 6 7 14 9 16 6 10 3 7 10 2 9 3
split_gain=17.9606 60.1816 110.567 64.8381 53.6685 46.6461 103.943 72.8457 67.7687 45.2254 41.7178 40.3557 37.887 49.9476 37.3394 34.1997 33.274 29.0394 28.2421 28.2062 25.4707 22.4811 22.0355 21.5477 28.5793 21.295 28.6446 26.7496 19.1255 19.0904
threshold=0.47063747048377996 0.45633104443550115 0.38148742914199835 1.0000000180025095e-35 0.70396453142166149 0.53747394680976879 0.47413024306297308 0.81530213356018078 0.80810147523880016 1.0000000180025095e-35 0.97227710485458385 0.55902779102325451 1.0000000180025095e-35 0.48304596543312078 1.0000000180025095e-35 0.16228070110082629 1.0000000180025095e-35 1.0000000180025095e-35 0.6351073980331422 0.74166667461395275 0.62527534365654003 0.88047617673873912 1.0000000180025095e-35 0.75052741169929515 0.60660174489021312 0.2290398105978966 0.85014972090721141 0.36867654323577886 1.0000000180025095e-35 0.59317129850387584
decision_type=2 2 2 2 2 2 2 2 2 2 2 2 2 2 2 2 2 2 2 2 2 2 2 2 2 2 2 2 2 2
left_child=1 12 3 22 9 8 7 -7 10 19 -4 -5 13 23 28 -11 -6 21 -8 -2 29 -17 -3 24 -1 27 -27 -15 -14 -16
right_child=4 2 5 11 16 6 18 -9 -10 15 -12 -13 14 25 20 17 -18 -19 -20 -21 -22 -23 -24 -25 -26 26 -28 -29 -30 -31
leaf_value=7.767402167441758e-05 0.044920856047651538 0.036309341122855776 -0.017143721815922067 0.08254140350760307 0.055943467525351009 0.036699756902927143 -0.0051040491883767016 -0.0092189893835003863 0.022074460375319377 0.061780930801647836 -0.071939670867105801 0.026919021614692895 0.011950913861052943 -0.022101415794217438 0.14227697227462588 0 -0.038018138232446035 0.033980962390797689 0.001043376061133736 0.0080772969696999743 0.0093277836070433592 -0.01774516470336306 -0.016573389710460736 -0.041177128415718647 0.069476045500531547 -0.031128376923008096 -0.078302417615941228 0.072220874726446727 -0.031130596865814587 0.027041609542202329
leaf_weight=166.13851139592589 232.21945515030529 68.416371595463715 1272.5438140273618 173.36414731647528 177.62209038496076 790.91597453191935 7707.5746626187974 296.80810152989579 269.73064277938101 51.659032913798001 94.053164753364399 192.60105875577574 103.81091607990675 66.133489409876347 17.464448475977406 4503.1716925068176 22.130243814113783 144.48813142610015 12511.969451040608 339.55465510825161 87.069968703974155 502.26427501963917 156.05239659617291 44.051291757292347 46.12653344530554 645.81405017878569 100.89456833794247 21.214624995031045 151.2129718307333 28.30371231839672
leaf_count=30444 3821 4324 75303 5077 9502 27638 252264 13117 14239 816 940 4945 2179 19329 528 72031 1699 1931 588000 3716 3695 12508 10452 876 3434 151767 915 844 43470 1125
internal_value=-0.000151082 -0.0010974 -0.00010548 0.0339218 0.00378243 -0.000995315 0 0.0240386 -0.0139906 0.00232362 -0.0212801 0.054457 -0.0167276 -0.0243606 0.0043602 -2.39528e-06 0.044078 -0.000712507 -0.00129276 0.023578 0.0382737 -0.00177882 0 0.00591456 0.0171466 -0.033835 -0.0381938 0.0017444 -0.0130858 0.083847
internal_weight=30985.4 25012.3 23534 590.434 5973.11 22943.6 21307.3 1087.72 1636.33 5773.36 1366.6 365.965 1478.24 1090.37 387.862 5201.58 199.752 5149.92 20219.5 571.774 132.838 5005.44 224.469 256.316 212.265 834.057 746.709 87.3481 255.024 45.7682
internal_count=1360929 1254905 996299 24798 106024 971501 881019 40755 90482 94823 76243 10022 258606 207609 50997 87286 11201 86470 840264 7537 5348 84539 14776 34754 33878 172855 152682 20173 45649 1653
is_linear=0
shrinkage=0.08


Tree=163
num_leaves=31
num_cat=0
split_feature=0 15 3 16 3 0 7 0 1 3 3 7 6 3 1 16 3 1 1 3 1 15 16 16 1 16 3 16 3 14
split_gain=18.3182 109.107 49.0643 49.0508 63.2244 66.7336 37.0426 35.6105 164.635 278.497 132.087 112.173 103.855 79.8887 40.7541 226.202 106.798 38.7178 43.8929 28.3628 41.9048 37.7218 101.736 32.144 24.8329 23.985 22.1694 20.3727 19.3846 12.4384
threshold=0.90366768836975109 0.057478146627545364 0.86729559302330028 0.93969696760177623 0.92031747102737438 0.93387979269027721 0.81173768639564525 0.77003204822540294 0.80901724100112926 0.75905716419219982 0.9569842815399171 0.65648320317268383 1.0000000180025095e-35 0.80810147523880016 0.81872946023941051 0.89009663462638866 0.74322345852851879 0.75134408473968517 0.85857143998146068 0.95488464832305919 0.96178188920021068 0.034394783899188049 0.92131063342094432 0.94174209237098705 0.82426470518112194 0.81530213356018078 0.98484501242637645 0.96190130710601818 0.93582704663276683 0.18898809701204303
decision_type=2 2 2 2 2 2 2 2 2 2 2 2 2 2 2 2 2 2 2 2 2 2 2 2 2 2 2 2 2 2
left_child=6 2 -2 -3 -5 28 7 11 12 24 -11 14 27 -14 16 -16 -1 -13 -19 20 29 26 -23 -22 -10 -8 -21 -9 -6 -4
right_child=1 3 19 4 5 -7 25 8 9 10 -12 17 13 -15 15 -17 -18 18 -20 21 23 22 -24 -25 -26 -27 -28 -29 -30 -31
leaf_value=0.00077433701093491665 -0.081137324373603034 0.062311941969534046 0.013563259442941301 0.062492183383744182 0 0.053496261468650497 0.05646129031804914 0.064555069565543105 -0.02059580844080312 -0.017493225157520571 0.004927066268653503 0.064207982942812297 0.035805459698269988 -0.016554416759561173 -0.0015823172985884293 0.062019941423998866 -0.017025575290586809 -0.0023206994797100957 0.028992825399534676 0.013552707364872739 -0.045207315618876115 0.034295484208361343 -0.081653526289095821 0.015331128117099562 -0.12445420305470202 0.007392674758431428 -0.0052004450315916119 0 -0.049624799130967359 0.038597236313944967
leaf_weight=11902.38324855212 42.84991945024376 254.22487737459596 331.89700941650517 125.88654151879018 74.2565758509445 81.795191767901997 110.68665018130559 322.95326359922183 23.128592188091716 3729.3878292168774 3040.8016951922109 130.27556398228626 320.80214610137045 427.78756307544245 2303.8273364394845 417.72815939328939 2626.069936480766 423.2460372390633 822.72306711738202 520.33223657713825 111.3901017699136 73.017418939336494 120.16059192938701 99.5211952642494 140.0320862180306 166.16553098981603 1720.7589857214552 38.913742020100472 120.23932763846824 247.56527295155684
leaf_count=522459 1357 19071 10037 8600 3686 8356 4657 16909 546 103187 107859 3559 8124 15057 76270 11998 101055 10808 28957 45318 10949 5775 6227 13953 2828 27210 160217 1371 2227 20734
internal_value=0.000137752 0.00524518 -0.000703784 0.0348818 0.0165974 -0.00448391 -0.000600869 -0.000911404 -0.00536115 -0.00996041 -0.00740343 0.00100257 0.0231277 0.00576036 -0.000744762 0.00821706 -0.0024368 0.0229431 0.0182612 0.000439457 0.0136018 -0.00378769 -0.0372602 -0.0162069 -0.111734 0.0282318 -0.000754662 0.058051 -0.0303991 0.024771
internal_weight=30870.8 3923.9 3267.49 656.403 402.178 276.291 26946.9 26670.1 8043.81 6933.35 6770.19 18626.3 1110.46 748.59 17250 2721.56 14528.5 1376.24 1245.97 3224.64 790.374 2434.27 193.178 210.911 163.161 276.852 2241.09 361.867 194.496 579.462
internal_count=1359361 316507 274567 41940 22869 14269 1042854 1010987 255881 214420 211046 755106 41461 23181 711782 88268 623514 43324 39765 273210 55673 217537 12002 24902 3374 31867 205535 18280 5913 30771
is_linear=0
shrinkage=0.08


Tree=164
num_leaves=31
num_cat=0
split_feature=4 16 19 16 10 10 4 16 16 16 4 16 0 15 2 16 7 0 4 9 4 16 7 16 4 2 0 9 15 2
split_gain=18.0119 28.457 21.2734 26.4796 23.5991 17.6149 19.9475 38.7579 30.675 16.5189 33.7147 24.8928 33.3715 24.5782 22.9848 14.5138 13.1732 10.5107 8.848 7.52565 7.29493 19.6443 6.82234 6.33311 5.77378 5.10941 4.59177 4.35744 4.09074 3.81682
threshold=30.500000000000004 0.2124435901641846 1.0000000180025095e-35 0.2124435901641846 0.9656645953655244 0.97989273071289074 1.5000000000000002 0.94935896992683422 0.92052632570266735 0.26365442574024206 20.500000000000004 0.44529914855957037 0.3948992937803269 0.43402501940727239 0.60910972952842724 0.16823899745941165 0.21778655797243121 0.18561584502458575 25.500000000000004 0.83458903431892406 18.500000000000004 0.16823899745941165 0.46247655153274542 0.36032786965370184 17.500000000000004 0.23845060169696811 0.32466214895248419 0.87815481424331676 0.41380184888839727 0.23132664710283282
decision_type=2 2 2 2 2 2 2 2 2 2 2 2 2 2 2 2 2 2 2 2 2 2 2 2 2 2 2 2 2 2
left_child=2 29 3 4 15 6 7 -5 -8 16 11 13 -13 -11 23 17 20 -1 -17 -7 21 -4 -3 -12 -18 -22 -21 -16 -26 -2
right_child=1 22 9 5 -6 19 8 -9 -10 10 14 12 -14 -15 27 18 24 -19 -20 26 25 -23 -24 -25 28 -27 -28 -29 -30 -31
leaf_value=-0.12711823195319619 0.013944690300727097 -0.062732508526926051 0.054558139913193616 0.057812294353101874 0.014065993120201742 0.061735355987428964 0.0045259164300262347 0.0076278011708959268 -0.035959278970095654 -0.0084184448016529131 -0.016195827521667063 -0.01210883351371818 2.4835616071337874e-05 0.01844002670379815 0.037210427997986094 -0.056492505483229261 0 0 0.011317391333019346 0.02894419653307484 0.018804915078721642 -0.048270976341939199 0.0026553579546791124 -0.036657840238337777 0 -0.020202076892219978 0.00083765045454308514 0 0.067637064654382392 -0.031142830897426692
leaf_weight=20.237555868341591 75.347874337981921 79.925362115143798 11.071018661838023 125.04712438793285 33.898909528674267 36.864399280078942 3004.0580352879333 459.20696319563285 119.15622105868533 282.45862803034834 269.09413792122359 1541.2901699595095 23050.140109107044 830.37861548468936 40.081209872572799 16.583434497762937 12.249866560974622 5.095518560090567 18.957659175968729 121.70075511973118 202.40830757658114 35.355499375378713 5.929337426176061 222.9038523354393 5.8947734162939005 16.004131137553486 70.339565566984675 24.57026382535696 44.920617586933076 7.7785465946071772
leaf_count=298 1247 4057 132 15417 1894 3390 203987 133753 16969 17924 8498 162377 734006 9065 784 261 306 116 214 1564 2568 517 330 18573 761 373 19750 226 450 275
internal_value=0.000270382 -0.0253826 0.000421297 0.00583558 -0.0346287 0.00689309 0.00548783 0.0190397 0.00287518 -0.000394491 -0.000624745 -0.000194744 -0.000731455 0.0114726 -0.0200174 -0.0631836 0.0172977 -0.105957 -0.0194411 0.0283657 0.00831894 -0.0177184 -0.056558 -0.0260638 0.0492718 0.0148424 0.019744 0.0222663 0.0601877 0.00638249
internal_weight=30788.9 168.981 30620 4031.15 94.7731 3936.37 3707.47 584.254 3123.21 26588.8 26260.9 25704.3 24591.4 1112.84 556.649 60.8742 327.904 25.3331 35.5411 228.905 264.839 46.4265 85.8547 491.998 63.0653 218.412 192.04 64.6515 50.8154 83.1264
internal_count=1360082 5909 1354173 397613 2783 394830 370126 149170 220956 956560 951453 923372 896383 26989 28081 889 5107 414 475 24704 3590 649 4387 27071 1517 2941 21314 1010 1211 1522
is_linear=0
shrinkage=0.08


Tree=165
num_leaves=31
num_cat=0
split_feature=4 16 3 3 15 0 14 16 9 2 15 0 13 11 2 10 15 2 4 16 4 0 4 16 3 0 2 14 10 0
split_gain=21.4715 105.53 62.7858 48.4968 81.4987 126.063 88.0916 70.0591 62.3396 57.3025 63.1647 59.7822 57.0429 54.7431 53.9275 34.0126 32.7238 30.5124 57.4559 108.523 57.5701 56.594 40.7724 31.5199 30.8595 147.961 122.691 30.1464 30.064 26.4507
threshold=3.5000000000000004 0.88047617673873912 0.81872946023941051 0.89943820238113414 0.37552182376384741 0.62115561962127697 0.12771739065647128 0.82650500535964977 0.59280791878700267 0.58499062061309826 1.0000000180025095e-35 0.47673159837722784 1.0000000180025095e-35 1.0000000180025095e-35 0.44920890033245092 0.99799197912216198 0.19559524208307269 0.53747394680976879 1.5000000000000002 0.93582704663276683 1.0000000180025095e-35 0.57307061553001415 2.5000000000000004 0.89528506994247448 0.90645834803581249 0.92031747102737438 0.86222714185714733 0.16228070110082629 0.6605919897556306 0.78142958879470836
decision_type=2 2 2 2 2 2 2 2 2 2 2 2 2 2 2 2 2 2 2 2 2 2 2 2 2 2 2 2 2 2
left_child=1 2 -1 4 8 6 12 -8 13 11 -11 -10 -6 28 -15 16 -5 18 19 -3 -21 22 -19 -20 26 -26 -23 -4 -2 -29
right_child=3 17 27 15 5 -7 7 -9 9 10 -12 -13 -14 14 -16 -17 -18 21 23 20 -22 24 -24 -25 25 -27 -28 29 -30 -31
leaf_value=0.037549421516819857 -0.017485529258438683 0.067828501288453732 -0.01847977888690398 0.0017193180483580997 0.12915707421573244 0.048087058512174215 7.0235957665405562e-05 -0.038035422811308582 0.015237011892702653 -0.041123686549875131 -0.0075927231255744536 -0.046242910377841152 -0.022506829513801431 -0.024615088441715064 0.021781761270349351 0.037356474955603999 0.030794997809872 0.040325797401160941 0.0014532962600324448 0.01594352450944542 -0.031369160278954207 -0.0021397162681759964 -0.030669990710505642 -0.040841153334677534 -0.03097088008662938 0.0062586924489403039 0.031814415096855723 -0.02333868897863705 0.011153364387542171 0.026169571387523974
leaf_weight=818.16882058452757 1087.6108511597195 131.23501645028591 232.61445211507817 7022.086004177756 48.884981522249291 350.72854978425312 5784.4338907083438 320.72524749071454 112.72055540334259 417.51308108748344 2609.0748190576269 655.03048094836413 18.29222771251807 190.5492539935658 839.67078397409932 182.75574545510608 252.95714267666335 358.17467162416142 141.37538228254562 284.81959565170837 369.22504312849924 3480.5787069310318 54.003375498810783 436.30256670474773 1014.7351194595976 2053.6292449049288 839.71950562235725 77.898850661280449 287.83287241947255 356.78200740600732
leaf_count=30927 186683 3274 9030 220081 2674 10308 130883 9151 6744 5064 40036 10143 2494 67628 26364 34389 10146 11984 9409 15986 27604 99475 1663 32720 35432 228674 63658 2963 3262 21773
internal_value=8.53014e-05 0.00299571 0.0227388 -0.00144293 -0.0044505 0.00177064 -0.000872071 -0.00193489 -0.0110177 -0.0174007 -0.0123312 -0.0369692 0.0869442 -0.000868579 0.0129682 0.00366611 0.00277273 -0.00019788 -0.0112345 0.00268543 -0.0105583 0.0017159 0.0303843 -0.0302922 7.55161e-05 -0.00603175 0.00445197 0.00419736 -0.0113578 0.0167688
internal_weight=30830.1 10649.3 1485.46 20180.9 12723.1 6523.06 6172.34 6105.16 6200 3794.34 3026.59 767.751 67.1772 2405.66 1030.22 7457.8 7275.04 9163.8 1362.96 785.28 654.045 7800.84 412.178 577.678 7388.66 3068.36 4320.3 667.295 1375.44 434.681
internal_count=1360622 594572 64693 766050 501434 155510 145202 140034 345924 61987 45100 16887 5168 283937 93992 264616 230227 529879 88993 46864 43590 440886 13647 42129 427239 264106 163133 33766 189945 24736
is_linear=0
shrinkage=0.08


Tree=166
num_leaves=31
num_cat=0
split_feature=4 16 9 6 9 1 0 0 2 3 16 16 16 0 15 0 19 7 7 3 12 3 4 0 3 3 3 6 15 16
split_gain=22.6171 46.3568 22.615 47.7271 19.4663 20.0916 38.0409 34.0201 44.7691 23.3176 18.8833 15.8058 21.0009 44.6572 20.5283 18.4785 14.5127 12.3249 11.9684 11.3359 10.9935 12.3501 10.0171 8.93211 9.5368 8.88548 8.83658 7.90821 7.75675 6.92004
threshold=25.500000000000004 0.24037037044763568 0.99206298589706432 1.0000000180025095e-35 0.88019138574600231 0.55036231875419628 0.6106402873992921 0.48404073715209966 0.54631218314170849 0.70396453142166149 0.58032256364822399 0.2124435901641846 0.47871376574039465 0.3948992937803269 0.7231087088584901 0.18561584502458575 1.0000000180025095e-35 0.17712418735027316 0.11374663189053537 0.89943820238113414 1.0000000180025095e-35 0.73746865987777721 36.500000000000007 0.13873296231031421 0.45867486298084265 0.58397436141967785 0.66260164976120006 1.0000000180025095e-35 0.68052169680595409 0.36032786965370184
decision_type=2 2 2 2 2 2 2 2 2 2 2 2 2 2 2 2 2 2 2 2 2 2 2 2 2 2 2 2 2 2
left_child=2 17 4 16 11 6 9 10 -9 -6 -7 15 14 -14 -13 26 23 -2 -17 29 -18 -22 25 -4 -25 28 -1 -8 -19 -3
right_child=1 19 3 -5 5 7 27 8 -10 -11 -12 12 13 -15 -16 18 20 22 -20 -21 21 -23 -24 24 -26 -27 -28 -29 -30 -31
leaf_value=-0.080528183697901101 -0.0063387937181693093 -0.034797436923417441 -0.037661787841113376 0.053968983602669961 -0.0018256302329418943 -0.011301336854250372 0.054424698935705486 -0.040416642112865164 -0.0053962486844703348 0.044229424622930669 0.05904849723829373 0.012460915795819765 -0.013327583532202732 0.0013203127575854693 -0.010998829419119529 0.070150765155551464 0.038035966543313648 0.080495715889668418 -0.020917490679047811 0.0066878560515696286 0.00020224371004570269 -0.03350586263872371 -0.02847111074492191 0.04672654062572737 0 -0.016637867386209773 0 0.0067773563762726016 0.019433971854344669 -0.073822270263938283
leaf_weight=36.221888677449897 154.13541378366062 167.56527236640977 6.2887903556693336 144.14143928145859 1702.639315049164 28.339432478111121 100.66915183073434 240.94972414855874 5601.0287361632727 68.376005667960271 73.76508038151951 1631.8957153734955 1432.4902519241587 18089.524311264769 268.28947521257214 9.0564084764337185 37.241103051987011 28.883623939618701 19.106323809217429 21.449037802900421 499.56481212493964 74.187931041204138 10.067586571210994 89.63859035121277 37.945507793123397 9.2902194510388636 6.7679625272285184 40.621454395448382 45.01070234272629 57.113476993232325
leaf_count=714 2534 6396 148 31241 16885 381 4841 3789 202465 1699 895 64936 171809 816184 1792 156 821 649 756 2374 5090 4872 302 1088 9817 722 131 1353 329 5001
internal_value=-0.000247946 -0.0171497 2.54002e-05 0.0125647 -0.000351041 -0.00376139 0.00331093 -0.00606443 -0.00690134 0 0.0384128 0.000888674 0.00102503 0.000234145 0.00904445 -0.0354353 0.00403259 0.00675119 0.00970439 -0.0414661 -0.00101386 -0.00413167 0.0292375 0.0274239 0.0331382 0.0392544 -0.0662705 0.0425195 0.0489185 -0.0468053
internal_weight=30732.3 493.515 30238.7 889.008 29349.7 7856.39 1912.31 5944.08 5841.98 1771.02 102.105 21493.4 21422.2 19522 1900.19 71.1526 744.867 247.388 28.1627 246.128 610.994 573.753 93.2521 133.873 127.584 83.1845 42.9899 141.291 73.8943 224.679
internal_count=1360170 18307 1341863 53077 1288786 232308 24778 207530 206254 18584 1276 1056478 1054721 987993 66728 1757 21836 4536 912 13771 10783 9962 2002 11053 10905 1700 845 6194 978 11397
is_linear=0
shrinkage=0.08


Tree=167
num_leaves=31
num_cat=0
split_feature=4 16 14 2 7 10 1 2 1 1 7 0 1 2 1 1 9 7 16 0 1 4 7 6 0 6 4 10 16 9
split_gain=16.8954 127.34 81.8912 72.0192 101.213 54.0967 53.2129 45.4499 98.9068 108.569 275.214 214.656 87.4036 134.824 68.9543 47.1725 43.554 38.7015 33.7094 80.2482 100.651 41.2774 36.7697 35.1715 29.4389 25.1069 22.4975 22.3944 20.5158 20.0678
threshold=5.5000000000000009 0.81909090280532848 0.13961039483547213 0.87206766009330761 0.77712419629096996 0.56479570269584667 0.99565216898918163 0.86706829071044933 0.94360822439193737 0.86512476205825817 0.66343042254447948 0.84877073764801036 0.88493064045906078 0.88493064045906078 0.93582704663276683 0.93063354492187511 0.44783893227577215 0.83752354979515087 0.66939890384674083 0.57307061553001415 0.55036231875419628 7.5000000000000009 0.65030118823051464 1.0000000180025095e-35 0.59299960732460033 1.0000000180025095e-35 2.5000000000000004 0.68766534328460704 0.80673459172248851 1.0000000180025095e-35
decision_type=2 2 2 2 2 2 2 2 2 2 2 2 2 2 2 2 2 2 2 2 2 2 2 2 2 2 2 2 2 2
left_child=1 2 24 4 18 -5 28 8 9 11 -11 -3 -9 14 -14 -15 -10 -8 21 23 -21 27 -23 -20 29 -26 -4 -2 -7 -1
right_child=3 7 26 5 -6 6 17 12 16 10 -12 -13 13 15 -16 -17 -18 -19 19 20 -22 22 -24 -25 25 -27 -28 -29 -30 -31
leaf_value=0.083926907770578263 -0.0069922439878040386 -0.0060884948347670696 0.076024108859685469 0.029668097520774241 0.058222417653841799 0.060994374246558111 -0.055807198504954414 0.045092041048490003 0 0.023477665591607657 -0.054064196092101641 0.045910897444601008 -0.11078743758730519 0.020634410206859015 -0.0077728766452527355 0.00039377176348926672 0.065264627321132307 0.042442108735821132 -0.030906733761633484 0.038573060757216678 -0.004870788058435738 -0.0012477628920297993 0.017945557625877663 0.0063336441172714922 0.040423291916230362 -0.01739476996022063 0.024413610285114757 0.03338570703444943 -0.015016491061537098 0
leaf_weight=31.153557786019519 103.89231782514253 6782.7398594622573 55.263093023371766 79.776007065971498 180.094876678937 35.776062012286275 405.6499850062246 324.68896389935981 102.97551503532304 440.16685661071097 844.57141873637738 543.88899815591139 93.382219130464364 968.90465902372671 79.61134271674382 3099.7768901249037 177.76676234271144 21.954615036054747 973.9484808638008 367.6330407892965 4027.111476384438 7075.1843585182869 696.66642060565937 184.54972323199036 46.569430205468962 540.42771845030074 1943.5191299299622 381.1973196875042 42.639819440664724 31.547246570975403
leaf_count=444 7883 269092 1285 2712 6011 882 7289 9945 3223 13907 19797 27184 1734 43333 2502 303227 16442 907 70802 7976 108002 281840 19586 21025 2072 22048 71235 6722 812 10620
internal_value=0.000275704 0.0020657 0.0180865 -0.00169135 -0.000524132 -0.0290563 -0.0388272 -0.00108067 -0.00442135 -0.00597085 -0.0273853 -0.00217784 0.00538738 0.00226091 -0.0658293 0.00527251 0.0418203 -0.0499607 -0.00132261 -0.0061461 -0.00116051 0.00190385 0.000462578 -0.0248351 -0.00635368 -0.0122348 0.0261065 0.0244283 0.0193216 0.0431788
internal_weight=30683 16107 2648.48 14576.1 13990.3 585.796 506.02 13458.5 8892.11 8611.37 1284.74 7326.63 4566.36 4241.68 172.994 4068.68 280.742 427.605 13810.2 5553.24 4394.74 8256.94 7771.85 1158.5 649.698 586.997 1998.78 485.09 78.4159 62.7008
internal_count=1360539 818090 107704 542449 529847 12602 9890 710386 349645 329980 33704 296276 360741 350796 4236 346560 19665 8196 523836 207805 115978 316031 301426 91827 35184 24120 72520 14605 1694 11064
is_linear=0
shrinkage=0.08


Tree=168
num_leaves=31
num_cat=0
split_feature=3 3 3 3 15 0 3 4 3 0 14 9 0 3 11 16 15 16 15 14 4 16 14 15 4 16 0 4 3 19
split_gain=14.7032 35.5866 30.3684 53.683 20.5587 46.2373 33.2527 21.455 45.0437 20.7424 18.8897 17.3582 17.2917 11.657 10.66 8.74954 8.05029 7.93429 6.89015 7.04785 6.78501 20.611 5.95423 5.78869 5.55964 12.4252 7.28819 5.11719 4.65063 4.2586
threshold=0.36254107952117925 0.33589744567871099 0.37590579688549047 0.39173060655593878 0.4958436936140061 0.46697819232940679 0.53427231311798107 13.500000000000002 0.80217391252517711 0.13873296231031421 0.12771739065647128 0.89605197310447704 0.29679679870605474 0.38165266811847692 1.0000000180025095e-35 0.44529914855957037 0.43055050075054174 0.40175439417362219 0.47536796331405645 0.51470589637756359 9.5000000000000018 0.46225070953369146 0.53589746356010448 0.51914459466934215 11.500000000000002 0.58658170700073253 0.21680375933647159 12.500000000000002 0.36491677165031439 1.0000000180025095e-35
decision_type=2 2 2 2 2 2 2 2 2 2 2 2 2 2 2 2 2 2 2 2 2 2 2 2 2 2 2 2 2 2
left_child=1 10 12 13 7 9 -7 11 -9 -6 16 -5 20 -4 29 -14 17 -1 -16 -20 23 22 -22 -2 25 26 -3 -23 -17 -12
right_child=2 24 3 4 5 6 -8 8 -10 -11 14 -13 15 -15 18 28 -18 -19 19 -21 21 27 -24 -25 -26 -27 -28 -29 -30 -31
leaf_value=0.063448246685616425 0 -0.020021460969790801 -0.012937375038585483 0.001215506383406052 -0.047492433222798988 0.055361340741486582 0.013970351137637593 -0.022197954532277936 0.0025756046893693953 0.0019450141165008325 0.030919527316348793 -0.0039667639783226806 0.032599444706067661 -0.058963406081068336 -0.03554233801566245 0 0.076677714195489619 -0.033508972986391557 0.0026061333857258524 -0.0098318715968440194 0.042934083624859572 0 0.016629707781679822 0.053534906379003828 -0.050444148144674739 -0.032548999144978386 0.053485689287649942 -0.051750204794243165 -0.034492853584716869 0.0041059123722567304
leaf_weight=3.3400967448251313 13.275671719886303 7.3499007542850476 70.057011769844394 17784.603411510583 50.530184976989403 163.78805967560038 565.60020507164154 866.99662889588944 994.52868448720983 2292.3274923839781 50.654480947530828 5384.7893479391823 17.690774667426012 111.85192216668656 49.494079001407954 28.177291540647275 21.67732586566126 10.322503776085794 410.83276225469308 859.3092631350155 109.32920123191434 27.092212567527895 193.75310686381999 80.207667703507468 105.47138240694767 116.0692634547886 15.626944605930474 20.601453968723945 55.023150205153797 190.66441204072908
leaf_count=896 3085 102 6719 855055 700 1280 11575 78408 45651 33814 952 213704 391 15209 15776 3318 667 7829 10686 8883 3338 1570 1528 1116 6248 15915 571 1847 8558 5287
internal_value=-0.000261303 -0.00718533 0.000176418 -0.000180026 9.848e-05 0.00627408 0.0237964 -0.000654212 -0.0089054 0.000711743 -0.00267623 3.59683e-06 0.0187948 -0.0429141 -0.00415511 -0.00960343 0.0510978 0 -0.00705923 -0.00568883 0.0256353 0.0192259 0.0271805 0.0458636 -0.0353375 -0.0214147 0.0248771 -0.0260699 -0.0217303 0.0108972
internal_weight=30671 1840.81 28830.2 28285.1 28103.2 3072.25 729.388 25030.9 1861.53 2342.86 1596.29 23169.4 545.151 181.909 1560.95 100.891 35.3399 13.6626 1319.64 1270.14 444.259 350.776 303.082 93.4833 244.517 139.046 22.9768 47.6937 83.2004 241.319
internal_count=1360678 73812 1286866 1262115 1240187 47369 12855 1192818 124059 34514 50976 1068759 24751 21928 41584 12267 9392 8725 35345 19569 12484 8283 4866 4201 22836 16588 673 3417 11876 6239
is_linear=0
shrinkage=0.08


Tree=169
num_leaves=31
num_cat=0
split_feature=7 0 0 15 15 3 0 6 3 15 2 10 7 2 12 2 15 15 3 2 3 16 2 6 10 16 2 2 0 0
split_gain=15.231 147.057 83.6965 103.203 63.3875 94.961 47.9854 168.23 110.885 75.6095 71.9071 45.9584 44.0155 46.7663 43.9941 39.53 39.1713 39.568 32.6137 31.7917 28.1787 42.809 26.2561 25.3245 26.246 24.3736 22.2139 45.9303 69.6327 20.5786
threshold=0.71209660172462474 0.80717849731445324 0.87206766009330761 0.024476415477693084 0.12187474220991136 0.86319074034690868 0.76239567995071422 1.0000000180025095e-35 0.94665718078613292 0.17923857271671298 0.84877073764801036 0.97483214735984813 0.6351073980331422 0.75582656264305126 1.0000000180025095e-35 0.75905716419219982 0.2118562385439873 0.13223387300968173 0.6789083480834962 0.80735492706298839 0.79516318440437328 0.96720427274703991 0.68457102775573742 1.0000000180025095e-35 0.65582582354545604 0.81302964687347423 0.76993650197982799 0.84660634398460399 0.90501254796981823 0.77581480145454418
decision_type=2 2 2 2 2 2 2 2 2 2 2 2 2 2 2 2 2 2 2 2 2 2 2 2 2 2 2 2 2 2
left_child=2 19 6 23 5 20 12 9 10 15 -9 14 13 18 -7 -8 17 -14 -1 -2 -3 -22 -10 -4 -25 -15 -5 28 -28 -21
right_child=1 4 3 26 -6 11 7 8 22 -11 -12 -13 16 25 -16 -17 -18 -19 -20 29 21 -23 -24 24 -26 -27 27 -29 -30 -31
leaf_value=0.0011034584736047111 0.055470252269948166 -0.07823455689599236 0.053773642267940305 0.057219473636413241 0.035591406780264227 -0.0045010753023891686 -0.046002700324284933 -0.031607844666302135 0.050188479984777913 0.058633216865024894 0.017041583356305762 0.03221224213194377 0.016589009651224538 0.0016649676754104323 0.014169484265680352 0.016812261549304368 0.042721601842940375 -0.016078833520417227 -0.0063071622424071255 0.030401745887919919 -0.013029174500944643 -0.098222442568761115 -0.00039078667461801624 -0.0009014656858607837 -0.043427408163058019 0.051784337229067584 -0.078154139014856044 0.043734110153603678 0.035228132871575835 -0.0047717501963184519
leaf_weight=9776.7207359602617 301.37213408061507 93.790047334048722 35.853720640727261 282.33189432656218 290.66014664521936 4727.2677798265577 75.266396216538851 2060.596559646161 64.086097367588081 278.94075356439134 207.0801349997746 269.57931563137026 824.18002988857188 113.28530900186161 967.24800632866391 306.72237277203749 241.31283074387466 323.64787444079411 6184.3645218914171 447.67654139837759 263.26177588618157 41.128466813534033 1225.8624512568786 402.75071854700218 119.14759552541 154.78984862915604 54.284942508704262 301.59377076517558 77.088773179035343 127.82056392405138
leaf_count=454125 8861 2218 1369 25762 8086 111810 1934 53640 2357 15361 5699 50069 27850 3063 198668 12894 5996 5674 223261 31976 7880 1885 37340 9047 15139 5212 1684 17556 5748 7825
internal_value=0.000330485 0.00345752 -0.000681991 0.0192057 -0.00058744 -0.00229205 -0.00185287 -0.0095114 -0.0164285 0.0273252 -0.0270671 0.000221269 -7.84026e-06 -0.00118836 -0.00129205 0.00358741 0.0136241 0.00720923 -0.00175895 0.034158 -0.0398702 -0.0264588 0.00218257 -0.00632984 -0.0112336 0.0316087 0.0392449 0.0266391 -0.011597 0.0223401
internal_weight=30639.7 7529.8 23109.9 1273.05 6652.94 6362.28 21836.9 4218.55 3557.63 660.93 2267.68 5964.1 17618.3 16229.2 5694.52 381.989 1389.14 1147.83 15961.1 876.869 398.18 304.39 1289.95 557.752 521.898 268.075 715.299 432.967 131.374 575.497
internal_count=1359989 429278 930711 76305 380616 372530 854406 129225 99036 30189 59339 360547 725181 685661 310478 14828 39520 33524 677386 48662 11983 9765 39697 25555 24186 8275 50750 24988 7432 39801
is_linear=0
shrinkage=0.08


Tree=170
num_leaves=31
num_cat=0
split_feature=4 15 0 2 1 1 0 0 1 2 0 0 4 9 1 0 4 4 2 15 10 0 1 2 9 15 9 0 1 15
split_gain=15.1701 20.1192 60.8983 47.2391 52.937 127.834 91.454 51.9073 53.3601 155.778 89.3315 41.0452 45.8957 35.9726 35.4314 30.0668 25.2313 24.5514 21.1801 20.3437 18.7667 17.3893 16.8173 17.9723 13.6699 11.7982 9.18203 8.77043 8.58677 6.70739
threshold=22.500000000000004 0.50703236460685741 0.42947559058666235 0.44327485561370855 0.58499062061309826 0.44552318751811987 0.48404073715209966 0.49089705944061285 0.55351883172988903 0.55351883172988903 0.61348485946655285 0.44575163722038275 14.500000000000002 1.0000000180025095e-35 0.60107529163360607 0.30860807001590734 13.500000000000002 1.0000000180025095e-35 0.23845060169696811 0.29392652213573461 0.51869320869445812 0.56440424919128429 0.25143678486347204 0.62258651852607738 0.77689129114151012 0.59627714753150951 0.41191250085830694 0.47673159837722784 0.47856706380844122 0.51914459466934215
decision_type=2 2 2 2 2 2 2 2 2 2 2 2 2 2 2 2 2 2 2 2 2 2 2 2 2 2 2 2 2 2
left_child=1 3 15 4 5 6 -1 14 10 -10 -9 12 -6 -7 20 17 -16 -3 -19 -13 -5 25 26 -24 -17 28 -2 -27 -4 -23
right_child=22 2 21 7 11 13 -8 8 9 -11 -12 19 -14 -15 16 24 -18 18 -20 -21 -22 29 23 -25 -26 27 -28 -29 -30 -31
leaf_value=-0.020918503767588068 0.049611550354770294 0.066030128579147779 0.01435193144227731 -0.033020559487857162 0.11761624491877715 0.019872054737370748 0.034730245655209137 0.0011908719424625588 -0.034081319587483193 0.00014399885130052278 0.042706897681586309 0.020974973432938662 -0.013161908904797251 -0.078231933060570261 0.051888440432327376 0.0030542914511918883 -0.013311219895711291 -0.0018614166444842568 0.012555455909156859 -0.035277977643358042 0.013276862902746713 0.0088702905298782813 -0.028588495673987652 0.031686751088188934 -0.017196194897584904 0.015060741974285599 -0.0030397427400066668 0.055465764080402123 -0.025301347449573033 0.055709213863311319
leaf_weight=768.24241064023954 17.010711916533182 37.198910912964493 499.72156618497684 59.06412154683494 42.136480195593322 21.685018784133717 243.97870260016498 1094.2620111650758 882.64756625299924 20477.260619705496 476.52952524453576 99.31926353462768 22.374392355734017 244.11817734256329 253.91076013989004 287.4909213296196 38.055205664102687 1524.9890743910801 1113.483440942131 62.747913045110181 390.83699202758726 35.144877813523635 338.10495910875034 28.303522262831393 693.3443079040153 88.183748490322614 512.67443753419502 82.967242278216872 30.319051797210705 136.00198155663384
leaf_count=193269 1129 847 4525 27609 1396 736 12161 45700 42329 857572 16974 6460 2844 24028 6668 9187 3029 16138 19647 862 12665 1202 21814 1777 13371 781 8393 951 221 5753
internal_value=0.000147095 0.000462366 0.0053707 -0.000415078 -0.0141394 -0.0205192 -0.00724325 0.00045327 -0.00021578 -0.00127044 0.0139826 0.0208215 0.0722724 -0.0694183 0.0212105 0.000782741 0.0427704 0.00521568 0.00417448 -0.000250891 0.00655096 0.0243052 -0.0100713 -0.0231378 -0.0111129 0.0181151 -0.000601497 0.0365742 0.0115694 0.047524
internal_weight=30602.1 29706 4528.85 25177.2 1504.6 1278.02 1012.22 23672.6 22930.7 21359.9 1570.79 226.578 64.5109 265.803 741.867 3656.51 291.966 2675.67 2638.47 162.067 449.901 872.338 896.094 366.408 980.835 701.192 529.685 171.151 530.041 171.147
internal_count=1360038 1326925 72623 1254302 241756 230194 205430 1012546 962575 899901 62674 11562 4240 24764 49971 59190 9697 36632 35785 7322 40274 13433 33113 23591 22558 6478 9522 1732 4746 6955
is_linear=0
shrinkage=0.08


Tree=171
num_leaves=31
num_cat=0
split_feature=16 4 5 0 4 0 3 0 7 0 16 16 4 3 4 4 12 7 16 0 16 15 3 7 3 4 16 3 0 3
split_gain=15.548 36.181 56.3755 66.2424 34.6195 49.5562 40.0064 49.3174 42.2358 84.0646 45.0513 39.24 55.8678 52.9403 58.8663 42.4821 36.1823 34.6059 29.9741 28.1901 89.3724 48.4851 49.4532 30.1132 24.3295 24.3111 124.586 90.2851 73.2797 164.747
threshold=0.58397436141967785 11.500000000000002 1.0000000180025095e-35 0.22611077129840854 8.5000000000000018 0.40862709283828741 0.55036231875419628 0.47673159837722784 0.65030118823051464 0.76845377683639537 0.75782012939453136 0.7731560766696931 5.5000000000000009 0.89699381589889537 7.5000000000000009 6.5000000000000009 1.0000000180025095e-35 0.18635658919811252 0.38529014587402349 0.38034960627555853 0.46225070953369146 0.2801779061555863 0.74601566791534435 0.59896907210350048 0.51222422719001781 2.5000000000000004 0.91945946216583263 0.8521554470062257 0.62988328933715831 0.73375529050827037
decision_type=2 2 2 2 2 2 2 2 2 2 2 2 2 2 2 2 2 2 2 2 2 2 2 2 2 2 2 2 2 2
left_child=1 2 3 18 11 24 7 -7 10 -10 -8 12 16 14 -14 -15 -2 -18 -1 20 -3 23 -23 -21 -6 26 27 -13 -27 -30
right_child=4 19 -4 -5 5 6 8 -9 9 -11 -12 25 13 15 -16 -17 17 -19 -20 21 -22 22 -24 -25 -26 28 -28 -29 29 -31
leaf_value=-0.080836207539985591 0.0099336638820792262 0.0014507794098012495 -0.0065659619482144709 0.046664227279571917 -0.053780290838076693 -0.012684768823311116 -0.018221745321729477 0.062295764273101781 0.034989001468167753 -0.0080648736709961252 0.018204126118209731 0.03928599234657601 0.0042029294375629488 -0.01431852808456777 -0.030151698688484631 0.021338549484753444 -0.0057995946223131428 0.04814618486153082 0.0061931446984090401 -0.0095780333889061119 -0.039872896360604704 0.011849273959335839 0.060965395635280667 0.019394908612337419 0.022913852363013271 -0.017003289601113511 -0.0020919699418149164 -0.004937310358259916 0.028211941883306731 -0.0054139934286934156
leaf_weight=23.060315625625663 673.72258842142764 2253.1175393008962 426.39694516070449 493.33541649307881 193.59360842918977 96.582308428507531 1966.5853909818543 116.10795735090505 387.91507635945891 1098.1600618635275 235.85463573377638 884.55571875597889 768.62802086006559 266.17265179659444 531.93504548649798 949.44714437636867 85.284860240193666 418.61333023239422 245.49975163475028 856.48053763298958 387.18143478958518 534.47337264187809 176.24800477309327 306.76004199427553 24.551321991100849 2071.5574383566709 6949.1935064216523 431.85095835989341 1114.2956097686838 5580.8103370868557
leaf_count=321 17675 52435 16603 11482 37494 9764 70427 3729 8968 25587 4724 33661 39665 7346 28040 33832 1385 25897 3450 61703 29593 11264 6081 10143 2652 114969 435582 23996 28687 203140
internal_value=0.000215136 0.00398439 0.016379 0.029388 -0.000644177 -0.00734119 -0.00519029 0.0280029 -0.00718295 0.00314596 -0.0142161 0.000680601 0.0081539 0.00134291 -0.00978735 0.0133733 0.0225042 0.0387342 -0.00203578 0.000671816 -0.00461248 0.00819468 0.0245937 -0.00175027 -0.0441116 -0.000932667 0.00216698 0.0246935 -0.00387296 0.000175514
internal_weight=30548 5702.55 1188.29 761.895 24845.4 4119.35 3901.21 212.69 3688.52 1486.08 2202.44 20726.1 3693.8 2516.18 1300.56 1215.62 1177.62 503.898 268.56 4514.26 2640.3 1873.96 710.721 1163.24 218.145 17032.3 8265.6 1316.41 8766.66 6695.11
internal_count=1360295 203075 31856 15253 1157220 163345 123199 13493 109706 34555 75151 993875 153840 108883 67705 41178 44957 27282 3771 171219 82028 89191 17345 71846 40146 840035 493239 57657 346796 231827
is_linear=0
shrinkage=0.08


Tree=172
num_leaves=31
num_cat=0
split_feature=9 6 9 10 11 19 7 9 10 9 1 16 2 10 9 10 2 9 10 0 9 2 12 12 9 9 1 9 13 11
split_gain=15.9778 41.9001 19.2752 21.0153 30.1737 36.6653 34.8809 27.6871 69.5757 82.5503 44.7578 41.8937 36.5145 26.6624 34.0436 32.5223 23.6954 21.1006 19.7478 20.2942 17.9516 78.8887 43.193 30.9313 26.7498 25.1873 17.4447 14.8307 14.645 11.876
threshold=0.99206298589706432 1.0000000180025095e-35 0.88019138574600231 0.87194395065307628 1.0000000180025095e-35 1.0000000180025095e-35 0.63224515318870556 0.5179213583469392 0.54071050882339489 0.32274864614009863 0.63702240586280834 0.61167800426483165 0.7320508360862733 0.91314274072647106 0.81835731863975536 0.97227710485458385 0.37248718738555914 0.83680707216262828 0.91184088587760936 0.72481885552406322 0.90630853176116954 0.86706829071044933 1.0000000180025095e-35 1.0000000180025095e-35 0.97748586535453807 0.93084660172462474 0.69732204079628002 0.91182103753089916 1.0000000180025095e-35 1.0000000180025095e-35
decision_type=2 2 2 2 2 2 2 2 2 2 2 2 2 2 2 2 2 2 2 2 2 2 2 2 2 2 2 2 2 2
left_child=2 28 3 7 13 17 -7 8 9 -1 -10 16 -13 14 -5 -15 -9 -6 19 -4 21 23 24 -20 -22 -24 -21 -28 29 -2
right_child=1 -3 18 4 5 6 -8 11 10 -11 -12 12 -14 15 -16 -17 -18 -19 20 26 22 -23 25 -25 -26 -27 27 -29 -30 -31
leaf_value=0.0033654474707008998 0.041072610417837378 0.050619845758706462 -0.0015052687767698886 0.0093302762675119642 0.030349914205373151 -0.0082140320900619696 0.010588145540874803 -0.00041202911583925476 0.029044844758456225 -0.019904915750447588 0.0042391463718845996 -0.01337749570995469 -0.00037854680123595763 -0.0011309385847386878 0.035597695288498904 0.035786062271781417 0.018707044491193078 -0.0053716670117291481 0.019524666225223558 0.041159377831013137 -0.014975263477589158 0.059496827773435561 -0.0097171954878505426 -0.014115253411549424 0.013740918446770565 0.0060470302580582095 -0.028287758557203127 0.011257360607481025 -0.039697032144312978 0.0028554371640877037
leaf_weight=4730.8204197481246 52.83689115899324 137.17945308404524 601.41853624313444 902.76987784391531 360.69040479506657 2292.0360687323846 860.89282643100887 1061.2374492578092 901.94493741798215 1222.5009886952539 996.7608206972327 2998.9934549962563 2611.7726924837916 1244.1718771541236 506.41034183008014 168.04161899046085 659.79452046017104 137.14004480378208 265.43312845945184 20.805371108268446 2011.4684516474772 156.38049773094463 848.44665757979965 485.84914830948401 221.73076577735628 2651.5352411761305 601.8625742039585 58.64153488662123 42.169086544839956 699.06597544761098
leaf_count=118362 1638 31411 9418 11777 53218 35388 52767 40260 43089 353713 39752 125289 128262 17637 8010 5498 18989 19673 2445 1411 22682 13296 40017 12584 3415 100034 25364 2505 1621 20271
internal_value=0.000252204 0.0105426 -6.80883e-05 0.00116172 0.00497903 0.000130045 -0.00302088 -0.000455988 0.00283231 -0.00139891 0.016152 -0.00399895 -0.00736079 0.0111855 0.0189755 0.00325974 0.00685794 0.0202357 -0.00344808 -0.0125345 -0.00166079 0.00871437 -0.0033374 -0.00196797 -0.0120283 0.00217149 -0.0219554 -0.0244782 0.00314547 0.00600596
internal_weight=30510.8 931.251 29579.6 21656 6472.15 3650.76 3152.93 15183.8 7852.03 5953.32 1898.71 7331.8 5610.77 2821.39 1409.18 1412.21 1721.03 497.83 7923.57 1282.73 6640.84 907.663 5733.18 751.282 2233.2 3499.98 681.309 660.504 794.072 751.903
internal_count=1359796 54941 1304855 1071684 203968 161046 88155 867716 554916 472075 82841 312800 253551 42922 19787 23135 59249 72891 233171 38698 194473 28325 166148 15029 26097 140051 29280 27869 23530 21909
is_linear=0
shrinkage=0.08


Tree=173
num_leaves=31
num_cat=0
split_feature=4 16 10 0 1 4 1 7 16 16 0 7 0 2 7 0 2 1 7 4 16 4 1 0 1 1 1 4 9 10
split_gain=14.2465 52.2358 39.9433 37.2152 75.9465 91.8172 89.1187 71.1278 34.5212 52.195 36.6258 30.0908 29.3169 28.4986 117.061 51.8233 47.1858 96.1956 74.9044 41.6381 89.3222 62.7707 40.1031 60.1549 54.8089 40.0929 31.0436 28.616 25.7947 25.7355
threshold=8.5000000000000018 0.73956522345542919 0.56479570269584667 0.81284341216087352 0.99565216898918163 10.500000000000002 0.88493064045906078 0.71209660172462474 0.58658170700073253 0.7670542597770692 0.42163743078708654 0.6351073980331422 0.55775830149650585 0.49752475321292883 0.43288289010524755 0.64051282405853283 0.60640108585357677 0.60640108585357677 0.51564025878906261 3.5000000000000004 0.89237451553344738 1.5000000000000002 0.49731183052062994 0.54201978445053112 0.63702240586280834 0.60107529163360607 0.65648320317268383 1.5000000000000002 0.28136573731899267 0.60619774460792553
decision_type=2 2 2 2 2 2 2 2 2 2 2 2 2 2 2 2 2 2 2 2 2 2 2 2 2 2 2 2 2 2
left_child=1 2 28 7 6 29 -5 8 11 10 -10 -2 -11 19 15 26 17 -16 -18 20 27 -22 23 -21 -24 -17 -15 -3 -1 -6
right_child=3 13 -4 4 5 -7 -8 -9 9 12 -12 -13 -14 14 16 25 18 -19 -20 22 21 -23 24 -25 -26 -27 -28 -29 -30 -31
leaf_value=0.0030121985582829474 0.00054992930132091776 0.11239643283224342 0.016858298185548039 -0.052621072745388922 0.0059429067989378807 0.011042072761403971 0.056118120201716366 0.043315581545334922 -0.042971967492779574 -0.037426687106940429 -0.0091125607492179538 0.03762561680075735 0.040200132090742906 0.034637278568851682 0.0017919615163969704 0.046011110607481746 0.031125945938196332 -0.035959522835960628 -2.2332411826011849e-05 -0.026866912759905683 0.00060170488442894804 -0.042924493158829818 -0.090583657450582444 0.022473180811859436 0.001684300203718053 -0.031064433106985926 0.084649331319080978 0.02211072580841451 -0.034636840996557443 -0.072772238959607105
leaf_weight=444.10560002755665 5227.5396607789589 20.199807229044382 2090.0345209855368 67.866918202271336 24.559791571315145 144.47524489765783 134.61705011875893 219.16534898682221 220.37812400444091 30.887874075408035 2748.6132699506779 139.34622086779564 189.60063073523634 337.58087640316808 1118.8931865799896 63.558179093124636 508.14122788024542 690.7054440061911 13048.471649510786 573.89939438787405 588.35443078346725 320.34895610492822 105.02835423783836 209.94784620749851 60.242617872907431 110.97773207173304 117.54581700152266 482.91831572853698 149.84046747520915 265.87001319348201
leaf_count=5557 191960 244 57753 1253 1473 4850 3089 5149 41626 1858 95018 4403 3308 12746 43729 2950 17461 23953 621821 60867 39000 29232 8141 5508 1810 5208 3111 22977 40601 3261
internal_value=6.58365e-05 0.00122824 0.0116432 -0.00251478 -0.0211164 -0.0399305 0.0185109 -0.00113423 -0.0023161 -0.00890837 -0.0117476 0.00157647 0.0280272 -0.000288588 0.000914223 0.0345871 -0.000465986 -0.0125886 0.00114444 -0.00849023 0.000121527 -0.0147186 -0.0214015 -0.01339 -0.0569497 -0.00160605 0.0486811 0.0271209 -0.00642861 -0.0655863
internal_weight=30453.7 21040.8 2683.98 9412.92 637.389 434.905 202.484 8775.53 8556.37 3189.48 2968.99 5366.89 220.489 18356.8 15995.9 629.663 15366.2 1809.6 13556.6 2360.94 1411.82 908.703 949.118 783.847 165.271 174.536 455.127 503.118 593.946 290.43
internal_count=1359917 1002669 103911 357248 13926 9584 4342 343322 338173 141810 136644 196363 5166 898758 730979 24015 706964 67682 639282 167779 91453 68232 76326 66375 9951 8158 15857 23221 46158 4734
is_linear=0
shrinkage=0.08


Tree=174
num_leaves=31
num_cat=0
split_feature=14 11 5 1 15 9 10 14 17 14 2 10 3 16 10 3 14 11 10 3 5 9 9 14 10 3 14 9 0 1
split_gain=16.5813 66.4131 78.1975 80.0439 57.0702 55.1939 126.58 54.2313 59.2073 65.5665 46.6583 38.5676 47.4754 37.7255 35.8815 35.4274 33.3354 31.3068 54.631 45.1195 53.2804 31.414 65.5301 132.356 34.4239 29.4639 29.4126 28.4332 27.4488 37.4437
threshold=0.40588235855102545 1.0000000180025095e-35 1.0000000180025095e-35 0.8216732144355775 0.33691494166851049 1.0000000180025095e-35 0.4349838942289353 0.12771739065647128 1.0000000180025095e-35 1.0000000180025095e-35 0.99565216898918163 0.47641299664974218 0.75162336230278026 0.78817018866539013 0.64418154954910289 0.56070175766944896 0.054093567654490478 1.0000000180025095e-35 0.92009389400482189 0.64747309684753429 1.0000000180025095e-35 0.98021757602691661 0.93359273672103893 0.93541666865348827 0.97309362888336193 0.53427231311798107 0.30384616553783422 0.5965881645679475 0.5604878067970277 0.55036231875419628
decision_type=2 2 2 2 2 2 2 2 2 2 2 2 2 2 2 2 2 2 2 2 2 2 2 2 2 2 2 2 2 2
left_child=1 4 7 25 5 28 16 8 9 -3 17 -5 -13 -8 15 -9 -7 21 19 27 -21 22 24 -24 -2 -4 -6 -19 29 -1
right_child=10 2 3 11 26 6 13 14 -10 -11 -12 12 -14 -15 -16 -17 -18 18 -20 20 -22 -23 23 -25 -26 -27 -28 -29 -30 -31
leaf_value=-0.01251155235790624 0.0027523263962117 0.12042747802817123 0.1258598161489643 -0.03836879271999856 0.058854516077096512 -0.060897011984604246 -0.018777580763056762 -0.036765585662465579 -0.044337284832626979 0.025665232898740054 0.063853421233011076 -0.086992400995021313 0.025490401055293696 0.0033949110094512835 0.0065402236518036019 0 -0.0015763057443470285 0.015490064180341252 0.00030850878879146117 -0.032650666817661614 -0.0083584319349825024 0.026095985781611694 0.028165852822575457 -0.030067806812942521 0.028901036544441549 0.04578313005290429 0.0062049284513508362 -0.0073327425078396529 0.00065466386372737802 0.051075794329889672
leaf_weight=85.577352710533887 6789.7526133337378 60.019095303228823 31.575586865161313 92.486337008158443 139.11325299205782 368.75922028710193 742.47010840752046 288.37454732818878 45.492661988813779 207.34315870724822 64.868466856540181 20.367419775706367 352.799441365034 1405.2457776572046 1414.599837224665 396.3960752379935 79.360881153224909 434.52040183583449 6316.1249294511581 1011.589602944412 1405.8476815188333 327.28768316886271 327.03798262560304 985.65763457585126 335.45033522165613 491.80144812021899 145.30298371792014 1662.9783190135786 4253.9905322089326 156.41121013485827
leaf_count=3334 86610 5480 615 2201 11214 280061 34345 86010 22809 29441 128231 1188 58403 47197 49711 14202 9172 13555 225530 22486 95030 7335 5614 8009 8444 16568 7673 37797 39510 2295
internal_value=2.5538e-05 0.00255193 0.0117973 0.0307051 -0.00169461 -0.00313418 -0.0124198 0.00393124 0.0347366 0.0493458 -0.00135149 0.00606231 0.017859 -0.00422165 -0.000655081 -0.0156908 -0.0508779 -0.00159173 -0.00447186 -0.0111876 -0.0186361 0.00194949 0.000979045 -0.0153865 0.00402524 0.0520623 0.0330815 -0.00250305 0.00219933 0.0281428
internal_weight=30438.6 10777.5 3401.26 989.03 7376.23 7091.82 2595.84 2412.23 312.855 267.362 19661.1 465.653 373.167 2147.72 2099.37 684.771 448.12 19596.2 10831.1 4514.94 2417.44 8765.19 8437.9 1312.7 7125.2 523.377 284.416 2097.5 4495.98 241.989
internal_count=1360070 721429 286628 78975 434801 415914 370775 207653 57730 34921 638641 61792 59591 81542 149923 100212 289233 510410 394398 168868 117516 116012 108677 13623 95054 17183 18887 51352 45139 5629
is_linear=0
shrinkage=0.08


Tree=175
num_leaves=31
num_cat=0
split_feature=4 16 3 16 6 3 4 1 16 7 0 3 3 0 4 3 0 2 1 14 3 16 4 1 16 0 3 0 0 4
split_gain=15.0917 41.1418 47.6479 35.7441 36.5836 57.7763 63.6203 63.445 46.6118 44.7072 36.8699 33.2685 30.0768 28.8787 26.9338 23.7873 85.8536 36.6508 22.5151 21.2858 20.6278 19.2022 46.082 18.6685 18.6615 61.7818 101.693 32.4741 29.0542 18.9031
threshold=13.500000000000002 0.63574936985969555 0.77849927544593822 0.6760731339454652 1.0000000180025095e-35 0.68801230192184459 6.5000000000000009 0.96039214730262767 0.55051019787788402 0.65030118823051464 0.76845377683639537 0.39173060655593878 0.54653680324554454 0.28743545711040502 1.0000000180025095e-35 0.6789083480834962 0.61348485946655285 0.6789083480834962 0.58204832673072826 0.32291667163372045 0.99473685026168834 0.93142634630203258 1.5000000000000002 0.26158231496810919 0.42980295419692999 0.41728855669498449 0.54653680324554454 0.45852446556091314 0.54201978445053112 15.500000000000002
decision_type=2 2 2 2 2 2 2 2 2 2 2 2 2 2 2 2 2 2 2 2 2 2 2 2 2 2 2 2 2 2
left_child=3 24 12 4 5 6 23 18 -8 -6 19 14 -3 -13 -5 16 -15 -17 -7 -11 -4 22 -16 -1 -2 29 27 -27 -28 -26
right_child=1 2 20 11 9 7 8 -9 -10 10 -12 13 -14 15 21 17 -18 -19 -20 -21 -22 -23 -24 -25 25 26 28 -29 -30 -31
leaf_value=0.023063494131086291 0.0026243737631951652 0.016044632519606389 0.028032789958806509 0.036051591523187376 -0.0073974059360008915 0.075654294214073381 0.015117188366737238 -0.038718362799382969 -0.012375702091611719 0.0044281012147716894 0.0042064880701545302 0.076711672124936958 -0.075829048581775527 -0.00091556457269659078 0.053194093530542198 -0.0092046457362966946 0.025434545400548167 0.00036376718844050769 0.031937931767242453 0.064362638404472303 -0.044559792059263234 -0.062102122550837392 -0.024535538291045805 0.07602595800637206 -0.014173917931625441 0.0067737537506433977 -0.029283848870851774 0.095019559280945409 0 -0.049379671022220448
leaf_weight=105.2748507236829 2206.3146940963925 22.075558716685919 77.540568671640358 47.796383024367969 1512.2611042222343 168.19614517859009 878.96165117563214 49.012744369145366 704.28870546495455 61.829544904343493 419.27043020397832 26.413436182476289 135.9534028980197 3402.5396511234649 48.224310644553043 3149.5539381970593 1022.021480100233 13496.292020795467 189.72699834711966 131.74632027334155 30.321701886750816 68.881947136331291 500.11177795701224 95.359371698519681 197.29757128725032 45.316711659521388 281.94734345368488 83.19496324883221 906.92213634848304 240.81870884652017
leaf_count=1386 60347 2229 1951 4070 64047 5599 16234 3042 44485 2138 11422 1379 3941 189317 867 117302 25375 631331 5455 3663 2790 9178 50627 1805 14099 2741 18611 1813 36549 25379
internal_value=9.96176e-05 -0.0043253 -0.0345306 0.000823807 0.00747233 0.014714 0.00833945 0.0418291 0.00278613 0 0.0181307 -0.000488828 -0.061915 6.09689e-05 -0.0180396 -4.57036e-05 0.00515672 -0.00143928 0.0536814 0.0466184 0.00513825 -0.0227415 -0.0169914 0.0502506 -0.00221681 -0.00838228 0.00018815 0.0665191 -0.00709648 -0.0342253
internal_weight=30305.5 4227.7 265.891 26077.8 4315.93 2190.82 1783.88 406.936 1583.25 2125.11 612.846 21761.8 158.029 21096.8 665.014 21070.4 4424.56 16645.8 357.923 193.576 107.862 617.218 548.336 200.634 3961.81 1755.5 1317.38 128.512 1188.87 438.116
internal_count=1359172 170450 10911 1188722 159276 78006 63910 14096 60719 81270 17223 1029446 6170 964704 64742 963325 214692 748633 11054 5801 4741 60672 51494 3191 159539 99192 59714 4554 55160 39478
is_linear=0
shrinkage=0.08


Tree=176
num_leaves=31
num_cat=0
split_feature=14 11 5 6 6 15 15 5 5 10 14 13 10 15 7 0 16 15 16 15 15 15 9 10 16 15 0 4 0 16
split_gain=18.4081 45.9876 74.1355 106.035 63.2949 61.3638 57.7027 64.8812 53.8894 46.7592 36.493 47.2275 29.7294 29.6043 28.2131 64.7382 62.9015 52.3031 38.6772 61.9171 41.815 42.1599 35.3425 50.4597 42.8034 39.1547 35.3794 32.4733 28.03 34.9299
threshold=0.40588235855102545 1.0000000180025095e-35 1.0000000180025095e-35 1.0000000180025095e-35 1.0000000180025095e-35 0.11111690104007722 0.03551761060953141 1.0000000180025095e-35 1.0000000180025095e-35 0.67700320482254039 0.12771739065647128 1.0000000180025095e-35 0.49238499999046331 0.048889894038438804 0.75490951538085949 0.90999102592468273 0.74388790130615245 0.022971612401306633 0.92637759447097789 1.0000000180025095e-35 1.0000000180025095e-35 0.093186870217323317 0.5965881645679475 0.81844761967659008 0.60630899667739879 0.11428976431488992 0.7897985875606538 5.5000000000000009 0.65030118823051464 0.52419984340667736
decision_type=2 2 2 2 2 2 2 2 2 2 2 2 2 2 2 2 2 2 2 2 2 2 2 2 2 2 2 2 2 2
left_child=1 4 3 10 8 -4 28 -8 -1 -9 11 -3 -7 -10 15 22 -16 -17 19 27 -20 -22 25 24 -24 26 -2 -18 29 -6
right_child=14 2 5 -5 6 12 7 9 13 -11 -12 -13 -14 -15 16 17 18 -19 20 -21 21 -23 23 -25 -26 -27 -28 -29 -30 -31
leaf_value=0.012290876295852989 0.012164219965520567 0.039634469762614109 0.0069819902402493538 0.13692769864769896 -0.0076788159455498826 0.10276843232143965 0.12322547027459436 -0.03434587248980752 -0.016989720361205791 -0.00186512123420284 -0.0030445922706790378 -0.044882318830595944 0.039613382831102904 0.10393597105743531 0.061529823813512005 -0.032285361941279789 0.0099876669129074745 0.03915656568573949 0.050178923376253216 0.03647296650962855 -0.027098743792347623 0.025618768167414107 0.003871674754180765 -0.0030389043054051663 -0.026333219712682973 0.013389215370685961 -0.029747025162819987 -0.017064683379036449 -0.0020584578591512589 0.032074287958609067
leaf_weight=923.78640217306202 212.93981039860228 261.38706516700768 454.88776552866329 32.203031922283117 221.31273286187388 56.302168632653775 14.905326490845253 729.02311792751971 11.853342849935869 480.94130519117607 2067.9542498617593 44.326369409318431 469.27837285588612 60.903356104019622 121.83529074682701 72.591403614864248 887.46523122100552 380.97529523263074 57.480208569215392 424.38889247387124 548.03200798501348 110.58345444709266 394.68724955123616 13093.877968647812 1130.9426735187517 1466.2046853151915 299.9796133517375 410.29507075444417 4526.7559885116061 355.04682264207077
leaf_count=93043 6681 35024 59734 523 7309 2105 260 202697 235 6074 149442 22862 17027 2896 4043 20738 42560 34491 105855 22280 36271 3556 11206 265986 33846 34191 7743 9172 116179 6243
internal_value=0.00016414 0.00283528 0.0105403 0.00288985 -0.000709891 0.0290406 -0.00368581 -0.0192412 0.0179513 -0.0216278 0.000720121 0.0263401 0.047585 0.0823517 -0.00128685 -0.00246971 0.00651903 0.0271463 0.00358444 0.0101253 -0.0118849 -0.0178799 -0.00329655 -0.00466148 -0.0184274 0.00669167 -0.0120891 0.00127941 3.17148e-05 0.0165998
internal_weight=30323.1 10710.9 3386.34 2405.87 7324.53 980.468 6327.99 1224.87 996.543 1209.96 2373.67 305.713 525.581 72.7567 19612.3 17052.2 2560.08 453.567 2438.24 1722.15 716.096 658.615 16598.6 14619.5 1525.63 1979.12 512.919 1297.76 5103.12 576.36
internal_count=1360272 721653 286717 207851 434936 78866 338762 209031 96174 208771 207328 57886 19132 3131 638619 414882 223737 55229 219694 74012 145682 39827 359653 311038 45052 48615 14424 51732 129731 13552
is_linear=0
shrinkage=0.08


Tree=177
num_leaves=31
num_cat=0
split_feature=4 16 16 7 3 4 0 3 0 3 16 4 16 2 7 4 4 4 3 3 14 14 7 15 16 4 3 16 12 3
split_gain=18.9498 33.8364 18.829 29.7753 49.2862 26.3449 48.5692 63.9251 61.1199 36.6964 36.5026 35.081 47.2683 32.1729 97.8782 43.8359 28.5839 22.9387 33.9175 21.0815 20.3802 19.6614 19.6405 17.112 12.75 13.4599 11.8679 16.038 11.309 10.8835
threshold=24.500000000000004 0.24037037044763568 0.50352111458778392 0.21352583914995196 0.99473685026168834 8.5000000000000018 0.40862709283828741 0.54653680324554454 0.47673159837722784 0.78319624066352855 0.75782012939453136 11.500000000000002 0.60630899667739879 0.52689418196678173 0.45867486298084265 3.5000000000000004 3.5000000000000004 14.500000000000002 0.60660174489021312 0.51222422719001781 0.16228070110082629 0.12771739065647128 0.58017763495445263 0.3444173932075501 0.16823899745941165 36.500000000000007 0.71937501430511486 0.36899313330650335 1.0000000180025095e-35 0.53427231311798107
decision_type=2 2 2 2 2 2 2 2 2 2 2 2 2 2 2 2 2 2 2 2 2 2 2 2 2 2 2 2 2 2
left_child=2 24 3 21 17 10 11 8 -8 -9 16 12 -7 15 -15 -12 -4 -5 -19 -13 -18 23 -6 -1 -2 -26 27 29 -23 -3
right_child=1 26 5 4 22 6 7 9 -10 -11 13 19 -14 14 -16 -17 20 18 -20 -21 -22 28 -24 -25 25 -27 -28 -29 -30 -31
leaf_value=-0.029509272400533089 -0.018954460108211585 -0.033456286664735928 0.056282003194001166 0.032771768837256743 -0.015629191660851402 0.015822662235759552 -0.0011170833274283614 -0.013605308252278448 0.071203061875486584 0.00081949801401521617 -6.9601976046365936e-05 -0.056746722032765498 -0.048745452834283748 0.031822288619977039 -0.00017284590553330481 -0.020759159921098138 -0.004276449486860498 0.0018945475553857117 0.03295693489610977 0.0027002344559852293 0.011174584726555426 0.016817441511446884 0.030494783036688233 0.084976808362708656 0.024117429990149514 -0.047272350171243038 0 -0.078264901552900404 -0.0080196176679974713 0.014040879926323311
leaf_weight=6.3907322100603805 79.031551507418044 187.18777233417495 76.016124444722664 527.10931508689828 442.50181395294203 192.20625618079794 147.67709698795079 1827.443559044259 137.90388301305939 2888.5629098724639 1700.1102582460971 232.53241376944061 108.52888095803064 634.06537244675928 14202.578934942854 1077.8337675678267 684.70537593572226 724.55652493394882 330.03666506514855 38.931552403046226 2425.1525220902404 123.2642372927221 61.45503956972243 23.592959962727036 184.116458602497 12.590627440746173 61.950856640985876 51.427022010771907 1087.1336694120982 28.707694986434944
leaf_count=1843 1774 5597 2526 13656 18426 7887 12074 68529 4009 84261 105278 31793 23335 23047 664438 78142 51177 28328 18409 3589 75089 1590 2282 1866 2927 407 4844 5388 15371 1567
internal_value=0.000255852 -0.0136917 0.000547615 0.0062163 0.0120606 -0.000162237 -0.00504936 -0.00247575 0.0338792 -0.00474469 0.00114055 -0.0270518 -0.00737138 -0.000276771 0.00119399 -0.00817745 0.00901515 0.0190219 0.0118762 -0.0477479 0.00771992 -0.00349115 -0.00944591 0.0552716 0.00647107 0.0176962 -0.0308992 -0.0380903 -0.00529984 -0.0262414
internal_weight=30305.3 605.012 29700.3 3326.04 2085.66 26374.2 5573.79 5001.59 285.581 4716.01 20800.5 572.199 300.735 17614.6 14836.6 2777.94 3185.87 1581.7 1054.59 271.464 3109.86 1240.38 503.957 29.9837 275.739 196.707 329.273 267.322 1210.4 215.895
internal_count=1359449 22504 1336945 101771 81101 1235174 235477 168873 16083 152790 999697 66604 31222 870905 687485 183420 128792 60393 46737 35382 126266 20670 20708 3709 5108 3334 17396 12552 16961 7164
is_linear=0
shrinkage=0.08


Tree=178
num_leaves=31
num_cat=0
split_feature=7 16 4 7 2 1 0 0 15 3 4 0 1 2 16 3 1 3 4 4 1 3 3 2 3 2 16 0 0 0
split_gain=12.4585 12.8446 67.7612 38.3899 74.5902 44.8326 97.3446 66.8483 42.7216 34.8032 30.1657 95.2212 71.0638 103.303 55.9472 72.716 53.1829 92.5224 45.5539 38.0827 54.3905 51.9397 35.3193 28.5621 21.34 21.2531 13.8131 11.1456 9.82161 2.8305
threshold=0.87895438075065624 0.84698995947837841 3.5000000000000004 0.6832355558872224 0.78611555695533764 0.69732204079628002 0.63373982906341564 0.60107529163360607 0.01244272803887725 0.99473685026168834 2.5000000000000004 0.64747309684753429 0.65648320317268383 0.65142410993576061 0.92546296119689953 0.87226107716560375 0.75134408473968517 0.67028987407684337 1.5000000000000002 1.5000000000000002 0.84660634398460399 0.91331186890602123 0.92718276381492626 0.65648320317268383 0.90366768836975109 0.54631218314170849 0.82182541489601146 0.20761494338512423 0.2674796879291535 0.89512962102890026
decision_type=2 2 2 2 2 2 2 2 2 2 2 2 2 2 2 2 2 2 2 2 2 2 2 2 2 2 2 2 2 2
left_child=1 2 9 5 24 6 -4 -7 -6 26 14 16 25 -14 15 18 17 -12 -3 21 -21 -16 -17 -18 -5 -13 27 -1 -28 -11
right_child=-2 10 3 4 8 7 -8 -9 -10 29 11 12 13 -15 19 22 23 -19 -20 20 -22 -23 -24 -25 -26 -27 28 -29 -30 -31
leaf_value=0 0.021776669038041794 0.065263028068418091 -0.001812560817057485 0.063829172379660404 -0.00060335923780787868 0.014494465447688832 0.023747557290913934 -0.011754110833056513 0.02150674712496926 0 -0.024508574098403239 0 -0.067326837242400919 -0.00098074003336313942 0.005905361586561555 -0.035566233510646569 0.068450732022953306 -0.095609325394931222 0.018426078415214552 -0.032144555063539748 0.0032110291251474478 -0.010412087364835468 0.0094892335280353651 -0.010076504557614675 0.020652477090862965 0.054132478937030333 -0.01902269017351638 0.053029631338206311 0.025201121901277719 -0.027634818053677495
leaf_weight=32.720583990769228 157.39930108234694 159.38644363252388 7342.2335824524271 162.58721628182684 2981.4112831248203 714.47533944113093 1089.8840812684066 4361.2611129396464 679.90867656154296 35.760363391505962 695.50915341124346 57.398491101725085 154.51556784489367 2678.8698003205936 3440.3488062631041 213.71577428543969 42.39234486760688 141.00987661906402 864.08898556869826 611.57654643964634 492.58370160623599 1952.9380004889063 215.22019809707854 69.226738969082362 168.95275730810681 176.10593557544053 28.731963349768193 238.88943187873519 257.19553359581187 57.172461039022892
leaf_count=495 29530 4482 349884 3558 95481 29006 35060 137544 21739 2281 44439 2292 5188 99884 157020 11252 1039 4297 38061 24614 21970 189590 13582 2087 5900 4915 969 8887 11495 3159
internal_value=-0.00030313 -0.000427435 0.000907463 -2.92364e-05 0.00684811 -0.00207577 0.00148434 -0.00801717 0.00348259 0.0261612 -0.00246543 -0.00811485 -0.00119459 -0.00476745 0.000370977 0.0145553 -0.0302079 -0.0371808 0.0261574 -0.00278388 -0.0162842 0 -0.0127419 0.0200318 0.0429355 0.0406794 0.0337821 0.047134 0.0199567 -0.0173161
internal_weight=30273.5 30116.1 18151.2 17500.7 3992.86 13507.9 8432.12 5075.74 3661.32 650.47 11964.9 4015.03 3066.89 2833.39 7949.86 1452.41 948.138 836.519 1023.48 6497.45 1104.16 5393.29 428.936 111.619 331.54 233.504 557.538 271.61 285.927 92.9328
internal_count=1359700 1330170 705458 678172 126678 551494 384944 166550 117220 27286 624712 164141 112279 105072 460571 67377 51862 48736 42543 393194 46584 346610 24834 3126 9458 7207 21846 9382 12464 5440
is_linear=0
shrinkage=0.08


Tree=179
num_leaves=31
num_cat=0
split_feature=4 1 3 0 3 3 3 3 10 3 19 10 6 0 1 7 0 3 10 1 3 1 0 1 3 1 3 0 1 4
split_gain=14.6722 27.707 57.9685 45.1728 31.6773 30.9524 27.5018 23.0884 22.3735 21.9408 16.8887 23.5011 53.902 22.9351 60.2377 32.0629 16.8723 16.0664 16.0325 14.4313 13.093 18.1623 12.6871 131.47 240.176 85.647 106.23 180.429 139.199 102.755
threshold=13.500000000000002 0.49205549061298376 0.77459675073623668 0.3948992937803269 0.55351883172988903 0.98683983087539684 0.87841832637786876 0.46265329420566564 0.85014972090721141 0.28801843523979193 1.0000000180025095e-35 0.84512934088706981 1.0000000180025095e-35 0.5388936996459962 0.62115561962127697 0.71834936738014232 0.43353414535522466 0.59611794352531444 0.95529049634933483 0.23606811463832858 0.63245612382888805 0.29818989336490637 0.77581480145454418 0.82426470518112194 0.75905716419219982 0.82793453335762035 0.75905716419219982 0.6911335587501527 0.67017546296119701 3.5000000000000004
decision_type=2 2 2 2 2 2 2 2 2 2 2 2 2 2 2 2 2 2 2 2 2 2 2 2 2 2 2 2 2 2
left_child=10 3 4 9 -3 6 8 16 -4 -2 11 13 19 14 17 -15 -5 -1 -6 -13 21 -11 25 -24 -25 26 27 -12 -28 -27
right_child=1 2 5 7 18 -7 -8 -9 -10 20 22 12 -14 15 -16 -17 -18 -19 -20 -21 -22 -23 23 24 -26 29 28 -29 -30 -31
leaf_value=-0.0011143077185330739 0.016976565535516602 0.031881822160149342 -0.036825065070523647 0 -0.032244035936696183 -0.015569495118163284 0.028487789875656568 0.016810732534920488 0.01422533331084232 -0.0046124015173982574 -0.0024869630275704351 -0.013915259143409965 0.068257727340229071 -0.013245952288195638 0.074274798840126971 0.017022657035859791 0.12080663989202092 0.032618702995284611 -0.071594021071390263 0.014020998284977809 0.022927582057876154 -0.024155515713314552 0.021541660363697587 -0.11510474205863293 -0.0037528545667948107 0.037472980629131618 0.01806573749391694 0.034563963627957175 -0.0309283273711712 0.0040184687064228836
leaf_weight=586.5385385362315 262.97804855562572 33.54244822369219 97.146207504018093 11.712340762132952 319.98578930881922 544.11238023944316 276.67763614692376 449.24341954733973 109.30023066962167 1535.3876379318099 6250.1613717222754 131.99917269183788 110.32765951461079 889.19077887927415 83.525809199178184 290.61812178575929 20.594060417584842 100.23045823199209 102.65361949265935 712.49414826135944 80.409653781243833 387.10925210639834 1331.0615587010834 120.72579510290234 9678.4004077685386 831.31083597112593 488.86832432121446 966.13238927190832 1460.3183270349982 2026.0986461520952
leaf_count=25521 4004 1904 7990 1095 23303 29314 9165 20246 1237 38889 347472 1428 155140 56681 1697 71610 397 1495 800 43800 2700 29634 35119 2287 299662 24913 18299 21078 44712 38388
internal_value=-1.51625e-05 -0.00438715 -0.0131804 0.000317797 -0.0367695 -0.00242252 0.0120641 0.0224923 -0.00934318 -0.00436346 0.000689252 0.00643383 0.0166965 0.0012973 0.0120581 -0.00561458 0.0843676 0.00377774 -0.0429011 0.00940985 -0.00728034 -0.00868302 -2.58224e-05 -0.00197851 -0.00519904 0.00176864 -0.00198767 0.00247183 -0.0185436 0.0138558
internal_weight=30288.9 4230.85 1483.42 2747.43 456.182 1027.24 483.124 481.55 206.446 2265.88 26058 2904.92 954.821 1950.1 770.295 1179.81 32.3064 686.769 422.639 844.493 2002.91 1922.5 23153.1 11130.2 9799.13 12022.9 9165.48 7216.29 1949.19 2857.41
internal_count=1359980 170678 73713 96965 26007 47706 18392 21738 9227 75227 1189302 357372 200368 157004 28713 128291 1492 27016 24103 45228 71223 68523 831930 337068 301949 494862 431561 368550 63011 63301
is_linear=0
shrinkage=0.08


Tree=180
num_leaves=31
num_cat=0
split_feature=14 10 14 12 0 1 10 10 16 16 4 4 16 0 2 4 16 1 15 7 2 14 10 0 15 2 11 1 4 7
split_gain=14.9713 27.8791 22.4424 27.5784 78.7887 46.9512 44.227 124.901 28.9983 27.5062 38.4404 21.5634 26.4542 20.204 91.2474 37.1319 36.6864 39.6372 39.3249 32.8023 55.1518 35.909 50.124 40.8349 51.0688 38.491 23.126 20.9441 20.5774 17.8148
threshold=0.70294117927551281 0.81844761967659008 0.34313726425170904 1.0000000180025095e-35 0.42163743078708654 0.64899963140487682 1.0000000180025095e-35 0.40917865931987768 0.53529900312423717 0.63714733719825756 12.500000000000002 7.5000000000000009 0.82650500535964977 0.87007671594619762 0.76239567995071422 5.5000000000000009 0.88047617673873912 0.88047617673873912 0.058752968907356269 0.75490951538085949 0.84660634398460399 0.93541666865348827 0.92872086167335521 0.77581480145454418 0.17923857271671298 0.65419578552246105 1.0000000180025095e-35 0.99565216898918163 9.5000000000000018 0.82952776551246654
decision_type=2 2 2 2 2 2 2 2 2 2 2 2 2 2 2 2 2 2 2 2 2 2 2 2 2 2 2 2 2 2
left_child=1 2 3 6 8 -6 -1 -8 -5 10 -4 12 -11 19 -15 16 18 -18 -16 21 -21 22 26 24 -23 -25 -2 -17 -24 -29
right_child=13 -3 9 4 5 -7 7 -9 -10 11 -12 -13 -14 14 15 27 17 -19 -20 20 -22 23 28 25 -26 -27 -28 29 -30 -31
leaf_value=0.0027837811943174245 -0.0079198007440166272 0.006347833934446853 0.034875217125297862 0 0.03147509392321949 0.0053279526064312311 -0.055908843467300892 -0.0023729174681338277 -0.030765102310280224 0.0094184163380537003 -0.0062430328798798573 -0.029662222010732601 -0.014422688730800911 0.064993711845159591 0.0082903713979410459 0.019428724207257633 0.044785793639389324 -0.0099813065810162322 0.052067940540963059 0.062326943528159692 0 0.016387947781650827 0.0032621170547321742 0.03286560971672943 -0.002022095468608813 -0.014699440666205592 -0.028061010676977222 -0.040426930452464045 -0.013889994883397056 0.033161775924457418
leaf_weight=4503.66700013226 597.08467749645388 5289.7495214586925 205.32902505724633 457.14155070272682 822.95729580975603 979.97348752346079 332.28608614754557 1657.9507607460619 328.04685520673956 399.02366362426983 455.66087035306555 371.20087330866954 1074.2499587111597 144.9732858241332 715.77022786587258 48.658171437564306 86.876383830793202 983.10450654525448 160.83854717617214 121.50912532709117 327.6675796153686 1289.5864369542614 1371.5608445430917 110.11646327632479 3737.9636007123045 1630.2535597001188 1076.4767960903882 239.825272551956 653.19943165083532 16.91442221430043
leaf_count=45074 8613 228455 6501 42204 42213 54027 254350 101451 111906 15399 16529 13095 55060 11289 24553 934 3177 103693 8592 3262 21984 32856 33570 3964 48125 30114 25155 4006 9422 491
internal_value=-4.09974e-05 0.00153562 -0.000649164 0.00118571 0.00817038 0.0174055 -0.00157752 -0.0115091 -0.0128085 -0.00735323 0.00645558 -0.0123924 -0.00784728 -0.00205165 0.00456357 0.000467085 0.00462316 -0.00519806 0.0167538 -0.0035204 0.017461 -0.00444403 -0.0107816 -0.000951872 0.00267995 -0.0115127 -0.0210154 -0.0251558 -0.00221301 -0.0344266
internal_weight=30189.6 16877.2 11587.5 9082.02 2588.12 1802.93 6493.9 1990.24 785.188 2505.46 660.99 1844.47 1473.27 13312.4 2396.96 2251.99 1946.59 1069.98 876.609 10915.4 449.177 10466.2 3698.32 6767.92 5027.55 1740.37 1673.56 305.398 2024.76 256.74
internal_count=1360064 986264 757809 651225 250350 96240 400875 355801 154110 106584 23030 83554 70459 373800 156735 145446 140015 106870 33145 217065 25246 191819 76760 115059 80981 34078 33768 5431 42992 4497
is_linear=0
shrinkage=0.08


Tree=181
num_leaves=31
num_cat=0
split_feature=14 10 3 9 14 9 14 9 12 1 10 6 3 4 16 3 7 12 5 6 6 6 15 10 7 9 5 15 15 9
split_gain=14.99 31.4437 27.0743 43.9851 43.4315 85.8847 42.9659 40.0077 44.81 35.4523 32.5501 27.2004 29.3207 25.4455 23.5443 48.0956 36.2546 18.676 97.1906 163.493 101.642 80.1219 63.9996 61.0388 48.6128 42.8446 39.5955 29.9396 27.3547 17.2743
threshold=0.51470589637756359 0.94715359807014476 0.86319074034690868 0.5965881645679475 0.93541666865348827 0.9542815387248994 0.79285714030265819 0.93762966990470897 1.0000000180025095e-35 0.72046512365341198 0.99292451143264782 1.0000000180025095e-35 0.88493064045906078 2.5000000000000004 0.92052632570266735 0.92637759447097789 0.74883177876472484 1.0000000180025095e-35 1.0000000180025095e-35 1.0000000180025095e-35 1.0000000180025095e-35 1.0000000180025095e-35 0.036722237244248397 0.67700320482254039 0.48313754796981817 0.30521412193775183 1.0000000180025095e-35 0.2745156735181809 0.052636135369539268 0.65176862478256237
decision_type=2 2 2 2 2 2 2 2 2 2 2 2 2 2 2 2 2 2 2 2 2 2 2 2 2 2 2 2 2 2
left_child=1 17 3 -2 5 6 -5 13 -9 11 14 -4 -13 -6 16 -16 -11 21 19 25 -20 26 -23 -24 -22 -19 27 -1 -28 -3
right_child=2 29 9 4 7 -7 -8 8 -10 10 -12 12 -14 -15 15 -17 -18 18 20 -21 24 22 23 -25 -26 -27 28 -29 -30 -31
leaf_value=0.0054953928503841225 0.012287145561337635 0.062460995038692374 0.061697251419007365 -0.0081165016029569742 0.022316042180892927 0.025492333004865066 -0.024878352398888092 -0.032536996983566505 -0.0017101575460031274 -0.0015105731877590484 0.028427190011977632 -0.066968820105843402 0.025297943518342303 0.0028097414376497083 0.0070774246601919971 -0.023393022143040176 0.013182307484017252 0.068931153217724264 0.085247599339485655 0.13596570937590141 0.046802520470697634 0.0006019407855462818 -0.034808138204381479 -0.0022477496874337127 0.0079516525231832953 -0.0046296373855205597 -0.022386653918039935 0.037364483326003749 0.093449323808189835 0.01539666004045397
leaf_weight=615.87796224310659 1005.0012053214759 72.039218328121933 109.02976375507569 3262.4839879195551 600.83888135921006 389.37147191274926 1429.684249246915 361.68801674590213 1786.8668436190455 3338.378053119799 276.93763321963706 22.237944209671696 104.78578975029814 1549.1468827529316 619.44025955089819 689.86193188055404 1569.3198292229572 46.229059267730918 147.50233034562552 49.610564137736219 256.62294447739987 5308.7523014692379 719.07417296509811 774.74165003928647 1065.971249912709 3431.4435168400087 11.316182952112284 278.836042768271 66.910493563867931 199.38905967379833
leaf_count=62225 19364 5154 10476 68319 10651 8090 23929 3875 28724 82439 63903 685 6784 18190 28087 105372 56263 2528 5925 710 8584 133794 201227 8391 108854 256952 247 15980 2931 11665
internal_value=0.000585904 0.00263165 -0.000964232 -0.00353205 -0.00524964 -0.0102545 -0.0132789 0.000634681 -0.00703734 0.0029741 0.00182829 0.0331403 0.00600848 0.00837438 0.000595831 -0.00888341 0.00316379 0.00203964 0.00585482 -0.00131163 0.0231043 -0.000394023 -0.00348991 -0.0180918 0.0157583 -0.00350829 0.0209952 0.0157576 0.0744319 0.0293706
internal_weight=30159.4 13044.3 17115.1 10385.1 9380.08 5081.54 4692.17 4298.54 2148.55 6729.99 6493.94 236.053 127.024 2149.99 6217 1309.3 4907.7 12772.9 4997.38 3527.28 1470.1 7775.51 6802.57 1493.82 1322.59 3477.67 972.941 894.714 78.2267 271.428
internal_count=1360318 825167 535151 181142 161778 100338 92248 61440 32599 354009 336064 17945 7469 28841 272161 133459 138702 808348 383553 260190 123363 424795 343412 209618 117438 259480 81383 78205 3178 16819
is_linear=0
shrinkage=0.08


Tree=182
num_leaves=31
num_cat=0
split_feature=16 4 3 4 3 3 14 3 4 16 16 3 1 2 3 4 3 2 15 16 2 1 3 4 16 10 16 15 2 10
split_gain=12.0744 44.1073 65.1052 20.4086 20.1288 30.2236 23.6502 20.0549 14.4956 32.5271 32.0478 34.3553 32.0186 31.0477 70.6549 51.2804 30.5501 23.9994 42.1273 40.7249 21.2739 14.2964 13.1724 9.17208 14.9343 10.7248 18.3732 9.14337 8.55052 7.30073
threshold=0.36899313330650335 20.500000000000004 0.6838774085044862 11.500000000000002 0.42947559058666235 0.42588071525096899 0.16228070110082629 0.38165266811847692 13.500000000000002 0.55051019787788402 0.62192192673683178 0.77003204822540294 0.54261502623558056 0.44920890033245092 0.59317129850387584 9.5000000000000018 0.53427231311798107 0.3483316451311112 0.22554278373718264 0.45049019157886511 0.23845060169696811 0.45867486298084265 0.99473685026168834 19.500000000000004 0.16823899745941165 0.93133512139320385 0.16823899745941165 0.34201252460479742 0.19560018926858905 0.88727098703384411
decision_type=2 2 2 2 2 2 2 2 2 2 2 2 2 2 2 2 2 2 2 2 2 2 2 2 2 2 2 2 2 2
left_child=3 8 -3 21 5 6 -5 -8 9 12 17 16 20 15 -15 -11 -12 19 -19 -10 -2 -1 -13 24 -6 26 -25 -14 -26 -7
right_child=1 2 -4 4 23 29 7 -9 10 13 11 22 27 14 -16 -17 -18 18 -20 -21 -22 -23 -24 25 28 -27 -28 -29 -30 -31
leaf_value=-0.075286611494810154 0.005935775360381197 -0.061836063561614793 0.0068195556032210718 0.07773896943997767 0.069502859669249364 0.069589044711686199 0.012658788158837024 -0.018039529568300246 0.00072783878349072528 -0.0035364007903444217 0.02531480880461889 0.017482906215404891 -0.0010985419883442038 0.020667426830742817 -0.00011853162794606686 -0.034403560079492773 -0.062935170914753494 -0.0092817583906522703 0.019362694501535577 -0.039893872659422909 0.032035003925812641 0.0067043960823071746 -0.033231929982538537 -0.07117198002655209 -0.036848289032209318 0.0048158590636483926 -0.0097996850060525584 -0.05480783036732545 0.0094463212825755538 0.025983432217986598
leaf_weight=27.63660722577697 355.41103852294327 176.59523923864617 163.20831477900356 26.518188003930845 19.721516236801108 66.533170632945257 666.87420784265851 162.74052960140398 403.78206033803872 2530.1899955746485 23.816106060192396 96.774715098348679 451.55294354430589 1097.4514620485788 20390.22465028895 397.56152741912592 166.29229369149107 689.74250331635267 613.06401856517186 246.63785989320604 518.21370784011378 16.451798493792012 43.171129300659231 33.692329820754821 24.053991689957911 190.55026571899361 233.40717378894624 16.707990939205047 180.91439703166543 78.236957245273516
leaf_count=473 5084 15982 8717 2618 526 1283 8104 2924 10347 180269 3005 2582 16703 52027 875748 43184 5380 43862 19368 21984 13143 786 3509 758 322 3743 10927 399 6058 576
internal_value=5.30357e-05 -0.000337327 -0.0287759 0.0065416 0.00808267 0.0152997 0.00920804 0.00637318 6.6625e-06 0.000554357 -0.00608958 -0.0289874 0.0126582 -0.000106781 0.000940197 -0.00783394 -0.0506941 -0.00207449 0.00409766 -0.0146185 0.0216935 -0.0438653 0.000127621 -0.00230534 0.0104656 -0.00896657 -0.0192949 -0.00391182 0.00250332 0.0487461
internal_weight=30107.7 28380.4 339.804 1727.33 1683.24 1000.9 856.133 829.615 28040.6 25757.3 2283.28 330.054 1341.89 24415.4 21487.7 2927.75 190.108 1953.23 1302.81 650.42 873.625 44.0884 139.946 682.34 224.69 457.65 267.1 468.261 204.968 144.77
internal_count=1360391 1321293 24699 39098 37839 15505 13646 11028 1296594 1186557 110037 14476 35329 1151228 927775 223453 8385 95561 63230 32331 18227 1259 6091 22334 6906 15428 11685 17102 6380 1859
is_linear=0
shrinkage=0.08


Tree=183
num_leaves=31
num_cat=0
split_feature=4 16 16 7 1 3 16 16 1 4 0 4 16 16 4 3 1 0 0 3 4 0 0 14 7 13 3 1 14 10
split_gain=13.6992 24.4223 17.662 26.7773 39.0594 35.8865 26.5552 24.9196 20.8311 18.4862 35.1358 44.3259 34.5897 33.5624 58.9536 38.4244 35.7338 297.608 155.236 30.362 43.6238 25.8353 23.6131 16.1779 15.7775 10.6736 10.6607 9.51362 9.32283 8.93949
threshold=26.500000000000004 0.24037037044763568 0.50352111458778392 0.21352583914995196 0.60640108585357677 0.61451050639152538 0.36899313330650335 0.31311275064945226 0.39780220389366155 8.5000000000000018 0.38034960627555853 11.500000000000002 0.60630899667739879 0.82182541489601146 3.5000000000000004 0.93063354492187511 0.73499399423599254 0.68870675563812267 0.6911335587501527 0.49657534062862402 13.500000000000002 0.87206766009330761 0.83414238691329967 0.12771739065647128 0.54631218314170849 1.0000000180025095e-35 0.66260164976120006 0.69732204079628002 0.92582416534423839 0.58851018548011791
decision_type=2 2 2 2 2 2 2 2 2 2 2 2 2 2 2 2 2 2 2 2 2 2 2 2 2 2 2 2 2 2
left_child=2 -2 3 8 5 6 -5 -7 23 13 11 12 -11 14 21 -16 18 -18 -15 20 -12 -4 -21 25 28 -1 -25 -10 -6 -26
right_child=1 -3 9 4 24 7 -8 -9 27 10 19 -13 -14 16 15 -17 17 -19 -20 22 -22 -23 -24 26 29 -27 -28 -29 -30 -31
leaf_value=0.075211518895237695 0.0034440712520199647 -0.035479794730942364 0.047708032369056755 0.028520378747610278 -0.017727213153377146 -0.032647588354973486 0.0029492370178184381 0.050942483792984355 -0.090170417296015964 0.01667145275041361 -0.010119193383110387 -0.051864965548412183 -0.043669462836671384 -0.015495424723712257 -0.0013559254466075238 0.011151628505602034 0.044796156364918044 -0.0034005821694273086 0.02026808126756479 -0.0018587921252681797 0.080391634765629674 -0.01299940845233559 -0.0227227088319863 -0.0044391427756034366 -0.0066296835628901632 -0.013156425619506942 0.036479736788029349 0 0.0046441668660714046 0.028544825122924153
leaf_weight=23.433864182406982 210.20727875593002 184.52869783425194 276.94534380494588 409.46967919091549 379.22537714390637 19.188448085107666 745.2898056387603 264.79689214995233 20.1384662444616 180.65985130207264 61.227347529144026 213.34224332851591 84.896131272274943 3451.2153668371611 3919.4943969478772 2597.9616170281879 902.66810427173186 8461.5971970449973 994.21149494728888 4526.4174745321252 62.641729139919335 46.47937577792618 374.14667997755168 1247.7757275191252 60.939251332747517 6.7475381616823134 36.522637643356575 5.841879478422924 155.84532730215869 119.58055857857835
leaf_count=1970 3930 10746 9819 7344 20252 838 31214 13200 835 7316 8352 29694 19237 174395 163683 98757 32944 476121 41714 160079 3669 2530 7922 17001 2593 1454 894 427 7126 4114
internal_value=0.000134322 -0.0145677 0.000337881 0.00567797 0.0112084 0.0188039 0.0122384 0.0442736 -0.00310009 -0.000370516 -0.00449235 -0.0251185 -0.00247822 0.000721019 0.00530652 0.00360998 -0.00154001 0.00124969 -0.00744725 -0.00247156 0.0357546 0.0384315 -0.00350586 -0.00144187 -0.00386527 0.0518455 -0.00301444 -0.0680601 -0.0109324 0.0159496
internal_weight=30043.4 394.736 29648.7 3494.8 2154.34 1438.74 1154.76 283.985 1340.46 26153.9 5503.33 478.898 265.556 20650.6 6840.88 6517.46 13809.7 9364.27 4445.43 5024.43 123.869 323.425 4900.56 1314.48 715.591 30.1814 1284.3 25.9803 535.071 180.52
internal_count=1360170 14676 1345494 109262 86681 52596 38558 14038 22581 1236232 236269 56247 26553 999963 274789 262440 725174 509065 216109 180022 12021 12349 168001 21319 34085 3424 17895 1262 27378 6707
is_linear=0
shrinkage=0.08


Tree=184
num_leaves=31
num_cat=0
split_feature=0 3 0 4 3 16 3 16 4 3 16 3 0 4 16 0 16 0 3 0 3 3 15 7 3 10 15 7 3 10
split_gain=17.8549 41.8981 40.962 125.91 38.3997 35.4026 85.5389 78.8159 64.7726 248.901 61.1451 60.0432 118.837 52.436 62.4814 42.5517 52.2554 39.1494 33.4579 26.241 54.4884 25.5445 21.9595 21.8159 21.1313 16.2842 15.1941 20.0425 19.2044 14.9188
threshold=0.93127068877220165 0.96580946445465099 0.96580946445465099 2.5000000000000004 0.90054944157600414 0.96190130710601818 0.93127068877220165 0.98164984583854686 1.5000000000000002 0.90054944157600414 0.92637759447097789 0.87841832637786876 0.8216732144355775 2.5000000000000004 0.86425063014030468 0.83414238691329967 0.94935896992683422 0.63686314225196849 0.87570226192474376 0.90999102592468273 0.91010102629661571 0.97646731138229381 0.1020249016582966 0.68783602118492138 0.88047617673873912 0.57909116148948681 0.021226806566119198 0.74322345852851879 0.94570022821426403 0.67700320482254039
decision_type=2 2 2 2 2 2 2 2 2 2 2 2 2 2 2 2 2 2 2 2 2 2 2 2 2 2 2 2 2 2
left_child=5 4 3 -3 -2 8 7 11 9 15 13 12 -7 18 -15 16 -1 -12 -10 20 -9 -5 -8 -19 -17 -23 -6 -28 -29 -4
right_child=1 2 29 21 26 6 22 19 10 -11 17 -13 -14 14 -16 24 -18 23 -20 -21 -22 25 -24 -25 -26 -27 27 28 -30 -31
leaf_value=0.039626385762045371 -0.055896689459957578 -0.1120566384057735 0.0033860897847468509 0.046685451285024375 0.012388164968538709 -0.01808645991225364 -0.066490559091829507 0.0085561945242738774 0.022555307996770184 -0.057491651220793187 -0.050147452199631973 0.018925765738654218 -0.10356760093702105 0.00089635442138988309 -0.013162036620914704 0.072467758986872507 0.0038867483056481138 0 -0.0064081861359917896 0.049182349385137186 -0.052472014080143729 0.017698959728170052 0.016569345665133357 -0.028524029625041455 0.014797116592039566 -0.021953982419339827 0.054410012559065447 0.04245577976996507 -0.00021431067262839043 0.033471305722587087
leaf_weight=549.76316562118518 34.883786264766968 75.971161920671875 714.65643147061928 53.675957305254997 444.72866086087743 659.74407173981672 186.29364726650601 1266.5785657114575 1041.0357537116943 240.84965422252571 216.74707561781543 173.59164443854388 121.36858201800715 19086.975604838786 2256.9532367276697 194.47433546012326 518.72723066740582 432.30547751786798 324.82740889964043 83.767965773753531 95.696557649709575 84.002053598465864 17.486731197313929 271.53694727809489 64.281373264104332 228.61004508385668 186.73799622374645 110.84862776783848 144.17082755666343 123.02902836904468
leaf_count=20144 3501 3531 25668 3934 36752 26618 5485 71999 44375 7198 12307 6723 2891 750848 88261 7032 24427 12320 13390 4914 5187 2454 605 8653 3364 11432 22522 11207 11994 109321
internal_value=0.000238175 0.0071683 -0.00208986 -0.0217491 0.0201441 -0.000305958 -0.00917992 -0.00482538 0.000606551 0.0163278 -0.000433163 -0.022643 -0.0321462 0.000381308 -0.00058545 0.0300091 0.0225236 -0.0205915 0.0155523 0.00686536 0.00397588 -0.00133081 -0.0583706 -0.0109746 0.0592997 -0.0106842 0.0236125 0.0342892 0.0181774 0.00816689
internal_weight=30004.3 2201.31 1279.94 442.259 921.37 27803 2604.53 2400.75 25198.5 1568.1 23630.4 954.704 781.113 22709.8 21343.9 1327.25 1068.49 920.59 1365.86 1446.04 1362.28 366.288 203.78 703.842 258.756 312.612 886.486 441.757 255.019 837.685
internal_count=1359057 242316 156340 21351 85976 1116741 124422 118332 992319 62165 930154 36232 29509 896874 839109 54967 44571 33280 57765 82100 77186 17820 6090 20973 10396 13886 82475 45723 23201 134989
is_linear=0
shrinkage=0.08


Tree=185
num_leaves=31
num_cat=0
split_feature=0 15 4 3 0 7 4 3 0 6 3 15 7 4 14 4 4 15 3 15 7 15 7 19 9 3 7 15 4 3
split_gain=14.3278 73.415 52.8709 61.1317 59.3616 43.7155 42.3084 30.1769 26.1328 118.96 134.013 76.3157 76.3013 70.9114 67.1797 49.6638 27.0323 47.7827 33.5298 26.8494 27.9643 26.5525 17.7288 17.6213 14.2727 13.6082 16.6672 12.1696 10.1591 10.029
threshold=0.90366768836975109 0.057478146627545364 1.5000000000000002 0.92031747102737438 0.92031747102737438 0.81173768639564525 5.5000000000000009 0.93788579106330883 0.7729182541370393 1.0000000180025095e-35 0.96449580788612377 0.10060395300388338 0.65648320317268383 6.5000000000000009 0.91287881135940563 6.5000000000000009 1.5000000000000002 0.18103595823049548 0.70064935088157665 0.21391282230615619 0.72046512365341198 0.19559524208307269 0.77448415756225597 1.0000000180025095e-35 0.40685302019119268 0.97530490159988414 0.75134408473968517 0.022971612401306633 5.5000000000000009 0.86391696333885204
decision_type=2 2 2 2 2 2 2 2 2 2 2 2 2 2 2 2 2 2 2 2 2 2 2 2 2 2 2 2 2 2
left_child=5 6 3 -3 -5 8 22 -6 12 11 13 14 16 -11 -10 -12 17 -1 -18 20 -14 -13 25 -24 -8 -2 -27 -25 -7 -4
right_child=1 2 29 4 7 28 24 -9 9 10 15 21 19 -15 -16 -17 18 -19 -20 -21 -22 -23 23 27 -26 26 -28 -29 -30 -31
leaf_value=0.027392173011668835 0.016793456250510083 0.058237254659720891 0 -0.067856358735456535 0.059505251227868011 0.014938401190031009 0.019625758639393455 -0.0095088234870501585 0.017041038971648388 -0.012192223055147774 -0.0062988491512680957 0.026500879460376096 0.0066047723905930337 -0.038098569449421152 -0.052556982230288936 0.015424199007497098 0.00088718093007289576 0 -0.0069688311628034686 0.053946701063524234 0.032917257173961469 0.065115132568632633 0.023044260437644883 -0.0022850982228045501 -0.064971719664987493 -0.015050570399970273 0.019732337458713906 -0.02061491056280957 0.048885429765738064 0.061733482117418838
leaf_weight=568.45855113219659 659.72779596940018 107.81105224564089 14.133984265608886 78.641158454251126 56.196035742992535 151.12457557851303 9.5091208630037709 108.83718282265909 268.7024275497788 3244.9741159029836 1255.0280431345964 367.55057129089255 861.93809422622144 866.12586587082478 125.66185298695927 1427.203251018771 9323.5527093011551 1373.087791420141 5512.2454446369447 124.99376652095816 380.66422039702229 189.90152972184296 148.95697492162435 1679.6553936290802 78.21328450627334 235.69369076814837 132.74398179561467 270.59425265283789 118.3803296772785 236.71554029727849
leaf_count=29891 43676 8092 1201 1348 4395 27514 307 7747 11941 96166 52675 10957 25196 18148 7374 40785 430095 50446 203568 3874 15927 14447 88712 92334 1324 25187 9963 13415 4561 18776
internal_value=-1.3783e-05 0.00455584 0.030067 0.0092381 -0.0125327 -0.00068748 -0.000213154 0.0141092 -0.00102998 -0.00492097 -0.00865201 0.0214471 0.000622971 -0.0177287 -0.00511568 0.00520754 -0.000851299 0.00799665 -0.00202231 0.0187627 0.0148933 0.0404016 0.00131382 -0.00284341 -0.053512 0.0099292 -0.00199382 -0.00495638 0.0310514 0.0578759
internal_weight=29977 3817.43 602.335 351.485 243.674 26159.6 3215.09 165.033 25890.1 7745.15 6793.33 951.816 18144.9 4111.1 394.364 2682.23 16777.3 1941.55 14835.8 1367.6 1242.6 557.452 3127.37 2099.21 87.7224 1028.17 368.438 1950.25 269.505 250.85
internal_count=1360042 316477 41559 21582 13490 1043565 274918 12142 1011490 252493 207774 44719 758997 114314 19315 93460 714000 80337 633663 44997 41123 25404 273287 194461 1631 78826 35150 105749 32075 19977
is_linear=0
shrinkage=0.08


Tree=186
num_leaves=31
num_cat=0
split_feature=16 4 2 6 4 4 5 1 5 16 15 2 16 1 7 7 16 16 2 1 4 10 1 16 7 16 1 2 16 2
split_gain=11.5398 70.2409 49.944 54.5464 40.1566 36.0325 52.1987 35.7256 30.9761 28.1966 48.0392 56.5925 35.369 64.0107 59.6421 31.3015 28.4433 27.974 49.7633 54.6404 31.7172 33.2451 27.661 24.5812 24.31 26.493 24.0201 40.4748 23.5029 61.9889
threshold=0.92637759447097789 2.5000000000000004 0.92768564820289623 1.0000000180025095e-35 1.5000000000000002 1.5000000000000002 1.0000000180025095e-35 0.76506900787353527 1.0000000180025095e-35 0.94935896992683422 0.12767877429723742 0.36867654323577886 0.98228842020034801 0.76506900787353527 0.6106402873992921 0.28147007524967199 0.96190130710601818 0.86425063014030468 0.58102023601531994 0.57804551720619213 4.5000000000000009 0.55078604817390453 0.70064935088157665 0.79516318440437328 0.81173768639564525 0.66939890384674083 0.64051282405853283 0.64747309684753429 0.87367022037506115 0.37248718738555914
decision_type=2 2 2 2 2 2 2 2 2 2 2 2 2 2 2 2 2 2 2 2 2 2 2 2 2 2 2 2 2 2
left_child=1 2 4 -4 8 9 7 -7 -1 10 -2 -12 13 16 -15 -14 -11 20 19 -19 21 -3 -21 -23 25 -22 -20 -28 -6 -30
right_child=5 17 3 -5 28 6 -8 -9 -10 12 11 -13 15 14 -16 -17 -18 18 26 22 24 23 -24 -25 -26 -27 27 -29 29 -31
leaf_value=0.081869915535246279 -0.0082217485345520494 -0.0057338771759978882 -0.20140667953192193 -0.013386755127048258 0.038727173175741696 -0.056020593273232909 -0.0032670381698838898 0 0.011423748834631584 -0.011484364836914434 -0.033148715330475358 0.049276769967490169 0.054286875034364912 0.036535399570528593 -0.0074808619960817667 0.002305440006436251 -0.046646842374154965 -0.014587941327714068 0.029446225001043495 -0.099294677213005014 0.0021095263602540332 0.027747708803967291 -0.012481934570548969 0.0081194071202109926 0.026639589216023711 -0.0043921217490774248 -0.046969394520434353 -0.0016743068774855792 -0.049079996939048798 0.016216650756515655
leaf_weight=109.14219516063895 293.95241063397043 758.16068350755813 6.4722641979751634 99.344367297020653 229.88774824012216 263.78317425938076 681.56490124121046 94.684849801080418 73.260146965520107 284.97735328772251 58.691872522860649 295.83708948153799 71.960147321682598 223.49366723711864 1413.9916199956751 2461.137628046894 347.7843649238639 408.22430402854661 134.63249441626249 87.277526536825462 8248.9612345960013 577.97443114306952 39.695467690857186 1523.5864292409242 200.47483563392598 7768.8666543558029 131.03641554267233 1917.8466974931434 96.258658260019729 1050.2195932642644
leaf_count=2434 19620 45344 728 9627 7884 10383 29871 3012 2682 17146 3584 10427 4051 5813 77484 220071 17415 28643 3658 3317 320281 24318 1262 64322 7479 289937 4056 71900 8679 44831
internal_value=-4.33611e-06 0.000816396 0.0166331 -0.0348993 0.020334 -0.0029934 -0.0166048 -0.0411303 0.0554894 -0.000354626 0.0152033 0.0349151 -0.00250194 -0.00976318 -0.00128292 0.0039492 -0.0312758 -0.000387698 -0.0079766 -0.0297459 0.000687181 0.00845162 -0.074868 0.0136466 -0.000674219 -0.00103426 -0.0025119 -0.00475635 0.0153753 0.0104061
internal_weight=29953.2 23461.3 1664.58 105.817 1558.77 6491.86 1040.03 358.468 182.402 5451.83 648.481 354.529 4803.34 2270.25 1637.49 2533.1 632.762 21796.7 2718.71 535.197 19078 2859.72 126.973 2101.56 16218.3 16017.8 2183.52 2048.88 1376.37 1146.48
internal_count=1360259 941382 76865 10355 66510 418877 43266 13395 5116 375611 33631 14011 341980 117858 83297 224122 34561 864517 112836 33222 751681 133984 4579 88640 617697 610218 79614 75956 61394 53510
is_linear=0
shrinkage=0.08


Tree=187
num_leaves=31
num_cat=0
split_feature=18 10 16 4 10 4 7 2 7 3 16 0 2 3 2 2 5 15 7 3 16 2 9 7 2 3 9 3 4 16
split_gain=15.2032 18.376 14.4657 64.2245 58.2784 32.777 31.9329 47.4312 55.0167 49.5746 28.9229 26.7239 65.7318 63.4519 98.9927 67.5633 48.7723 36.9837 35.0443 27.3114 49.6874 39.1123 21.9118 18.7623 18.6413 18.262 17.2528 13.4301 11.6269 21.0427
threshold=1.0000000180025095e-35 0.93306982517242443 0.84262126684188854 5.5000000000000009 0.49545417726039892 2.5000000000000004 0.80673459172248851 0.86222714185714733 0.76986128091812145 0.88774341344833385 0.80673459172248851 0.90054944157600414 0.81861472129821788 0.90645834803581249 0.86706829071044933 0.7320508360862733 1.0000000180025095e-35 0.037966517731547363 0.7243877947330476 0.92637759447097789 0.93142634630203258 0.91545844078063976 0.52106758952140819 0.74115687608718883 0.90521115064620983 0.93395638465881359 0.28136573731899267 0.71330726146698009 2.5000000000000004 0.67962265014648449
decision_type=2 2 2 2 2 2 2 2 2 2 2 2 2 2 2 2 2 2 2 2 2 2 2 2 2 2 2 2 2 2
left_child=2 28 3 4 23 27 7 8 -5 -9 -7 13 22 14 16 25 -4 -17 -16 20 -14 -21 -13 26 -8 -15 -1 -6 -2 -30
right_child=1 -3 11 6 5 10 24 9 -10 -11 -12 12 19 15 18 17 -18 -19 -20 21 -22 -23 -24 -25 -26 -27 -28 -29 29 -31
leaf_value=0.0075021929197092527 0 0.011623282972272036 -0.01199212384065375 -0.00074072291125638293 0.084584912308262511 0.022413426155242503 0.050779150299489678 -0.069352634868500865 0.058515267549132 -0.011459338371898251 0.0055858753398981189 0.014188142357775737 -0.016935346937737624 -0.0010036435764546839 0.053668734877862889 -0.0033336058054890955 0.0014648054086802023 -0.038881590300276041 0.013863307813069816 -0.029717392314896555 0.041536456612397174 0.00068801492247106972 0.056725350856604462 -0.024323834590172188 -0.017357853781070007 0.058803239622505617 -0.029180248289243062 0.0041936646960961032 0.0022955093974490136 -0.060053788440732003
leaf_weight=462.27709625304851 66.718193344233441 86.822453622509784 3150.3792092823478 13029.410222479815 59.243234030487656 1487.6747228893219 112.09431546315318 114.37349014001666 96.030829215116682 527.94708234189602 1225.1694821316305 165.98520745825954 139.71914217544327 49.604925404324604 219.50109541424717 268.84718188626357 3757.0533595102388 710.90242107708764 442.05766083971321 298.91763589157927 245.4667808011036 2404.0962638419769 174.76230436405604 275.04126276294119 26.169579147273907 68.044539930902829 94.21441996867361 22.92750636456185 42.324090031710512 109.13335651676607
leaf_count=5976 1855 836 126693 512725 782 55222 4819 1775 2647 12455 47383 6290 11685 2066 12524 14175 141872 17396 42761 10495 15725 235724 21658 9117 538 4638 35919 1351 994 1870
internal_value=-0.000115428 -0.0177419 6.35877e-05 0.00153689 0.0110139 0.0165566 -0.000926187 -0.00132792 -0.00027288 -0.0224712 0.0148969 -0.00205854 0.00389101 -0.00443187 -0.00179597 -0.0223765 -0.00465379 -0.029356 0.0276141 0.000135293 0.0199716 -0.002664 0.0369722 -0.00741295 0.0366102 0.0332692 0.00080233 0.0655166 -0.0301432 -0.0420914
internal_weight=29932.9 304.998 29627.9 17532.6 3626.55 2795.01 13906 13767.8 13125.4 642.321 2712.84 12095.3 3428.95 8666.39 7568.99 1097.4 6907.43 979.75 661.559 3088.2 385.186 2703.01 340.748 831.533 138.264 117.649 556.492 82.1707 218.176 151.457
internal_count=1359966 5555 1354411 690709 155750 104738 534959 529602 515372 14230 102605 663702 301577 362125 323850 38275 268565 31571 55285 273629 27410 246219 27948 51012 5357 6704 41895 2133 4719 2864
is_linear=0
shrinkage=0.08


Tree=188
num_leaves=31
num_cat=0
split_feature=16 4 0 0 14 1 1 1 6 16 4 0 1 10 6 4 0 3 0 0 1 1 0 3 0 16 1 0 0 4
split_gain=14.1463 54.4418 40.417 55.1523 55.561 34.1508 33.4815 63.2138 40.974 33.3109 35.061 27.0611 47.353 38.8432 26.8019 26.6147 78.8839 45.7082 57.5621 56.0051 117.808 76.4645 47.7339 34.2935 42.149 25.9695 36.4791 186.454 68.92 59.4993
threshold=0.83827373385429393 5.5000000000000009 0.65030118823051464 0.81861472129821788 0.18898809701204303 0.68020617961883556 0.7320508360862733 0.90054944157600414 1.0000000180025095e-35 0.78989815711975109 2.5000000000000004 0.86222714185714733 0.99565216898918163 0.58381736278533947 1.0000000180025095e-35 3.5000000000000004 0.58885449171066295 0.70396453142166149 0.74601566791534435 0.71503761410713207 0.77849927544593822 0.80217391252517711 0.64747309684753429 0.60922586917877208 0.51899951696395885 0.90098038315773021 0.71516755223274242 0.6832355558872224 0.6911335587501527 1.5000000000000002
decision_type=2 2 2 2 2 2 2 2 2 2 2 2 2 2 2 2 2 2 2 2 2 2 2 2 2 2 2 2 2 2
left_child=1 2 5 6 14 9 8 -8 -4 -1 -11 -3 -13 -14 -5 25 23 18 22 20 -19 -21 -18 24 -17 -2 28 -28 29 -27
right_child=15 11 3 4 -6 -7 7 -9 -10 10 -12 12 13 -15 -16 16 17 19 -20 21 -22 -23 -24 -25 -26 26 27 -29 -30 -31
leaf_value=0.029492269971766075 0.008468584997049635 4.1251978168611263e-05 0.053641633039557893 0.066271559870301713 0.023932186161371209 0.054322820212490644 -0.044126111425694281 0.012672166333202733 -0.019914259958854274 0.058664821557187316 -0.0097620081516369816 0.025155951985797086 0.022156885196273013 -0.036768970721052237 -0.013419839061155773 -0.056508087085452345 -0.0011724710737473709 -0.082789504953838189 -0.10722425091476864 0.031510697994505801 0.024878612394160254 -0.011093305689061739 0.054979894485109641 -0.082552108447667763 0.010524095120275419 -0.0066682196373907734 0.04366057015734566 -0.0035921023853995216 0.016838257098445223 -0.037763637667113249
leaf_weight=531.41127767857688 1837.2289913769018 13245.296856196819 86.974860203510616 23.219699610497628 993.85712957347278 185.46889706069487 346.62384507908428 186.35261824075133 94.445231014113233 50.111551868962124 360.08012039394816 130.72362867211632 78.175830045991461 442.91691633348819 466.85485560564848 123.50414833225659 176.24346686777426 167.47852335420612 15.909530238510341 321.57159835509083 98.401300392157282 1521.5648645243346 195.9115825999761 106.20577900504577 103.8757731388323 1088.1331570685143 590.02935251406416 5226.9894587005274 444.02640944859013 629.67001636800705
leaf_count=17571 86602 518617 4146 631 48333 5248 11981 7914 4766 768 23711 3366 2798 9657 16335 17591 4134 4765 389 10194 3142 57640 5333 3976 3514 56190 23671 351605 20697 34518
internal_value=-2.84303e-05 0.00145787 0.0106477 0.00422322 0.0130582 0.0229632 -0.0138695 -0.0240363 0.0149839 0.0163629 -0.00041139 -0.000732671 -0.0165834 -0.0274981 -0.00868971 -0.00206492 -0.00889226 -0.00390055 0.0210438 -0.00860499 -0.0426275 -0.00350848 0.0283003 -0.0451761 -0.0256292 -7.62978e-05 -0.00206798 0.00120671 -0.0109357 -0.0182358
internal_weight=29869.3 17222.5 3325.4 2198.33 1483.93 1127.07 714.397 532.976 181.42 941.603 410.192 13897.1 651.816 521.093 490.075 12646.7 2830.67 2497.08 388.065 2109.02 265.88 1843.14 372.155 333.586 227.38 9816.08 7978.85 5817.02 2161.83 1717.8
internal_count=1359803 675842 141404 94106 65299 47298 28807 19895 8912 42050 24479 534438 15821 12455 16966 683961 110678 85597 9856 75741 7907 67834 9467 25081 21105 573283 486681 375276 111405 90708
is_linear=0
shrinkage=0.08


Tree=189
num_leaves=31
num_cat=0
split_feature=19 2 1 10 1 0 2 3 12 1 16 4 3 16 7 7 4 3 3 7 7 2 3 3 13 7 6 1 16 7
split_gain=10.6427 24.1906 18.359 77.0763 17.391 43.8491 54.6619 34.3799 23.5775 23.3422 12.5794 23.0169 20.6 17.7375 15.8022 12.4215 10.2134 28.0094 15.8648 9.93073 9.72819 80.9739 83.3953 35.6498 29.6443 22.5668 16.111 9.605 8.44439 7.95309
threshold=1.0000000180025095e-35 0.13446328043937686 0.80217391252517711 0.67700320482254039 0.50274726748466503 0.47673159837722784 0.51087471842765819 0.60660174489021312 1.0000000180025095e-35 0.58499062061309826 0.26365442574024206 21.500000000000004 0.72613638639450084 0.36899313330650335 0.27953489124774938 0.87428161501884472 18.500000000000004 0.44281046092510229 0.51564025878906261 0.47673159837722784 0.47413024306297308 0.54631218314170849 0.81530213356018078 0.78192934393882763 1.0000000180025095e-35 0.56294015049934398 1.0000000180025095e-35 0.42163743078708654 0.16823899745941165 0.22361110895872119
decision_type=2 2 2 2 2 2 2 2 2 2 2 2 2 2 2 2 2 2 2 2 2 2 2 2 2 2 2 2 2 2
left_child=1 -1 4 15 7 9 -7 8 -3 -6 16 20 13 14 -13 19 17 -2 29 -4 21 23 -23 -12 25 -22 -26 -9 -19 -18
right_child=10 2 3 -5 5 6 -8 27 -10 -11 11 12 -14 -15 -16 -17 18 28 -20 -21 24 22 -24 -25 26 -27 -28 -29 -30 -31
leaf_value=-0.029879136710375277 -0.075671588440815868 0.03802344107285259 -0.041830717840525271 0.068077003802818614 -0.0016885707464423722 -0.057563528312069748 -0.0030915785187277879 0.054944167762041564 0.00079072274889306073 0.068934196830993208 -0.00308917968153976 -0.025287018256816302 0.0079445359324507026 -0.060722296974962245 0.032640165457895692 0.054590215801159907 0.019753964402324752 0.079839726808372397 -0.02158008917697481 0.0028564653714377255 -0.007249541365385157 0.039218506267393378 -0.012102121233431504 0.020181404368616342 -0.0057808247396805333 -2.5718286417564027e-05 0.050830557219774197 0.018449969969845166 0 0.062142151376518719
leaf_weight=122.39812491077464 23.441260799590964 111.95559910187148 29.045586413849378 144.880723353348 43.785123098467011 135.4366851278246 789.77399026253988 100.35828981991654 1742.4761403551092 66.492851972259814 5123.7735859661298 184.84471966947604 118.85616868847137 85.302335705273435 29.203930873190984 23.079522541214828 256.67825653377804 8.2965201918268594 44.328657268401003 483.19525621098001 3399.3991449866298 673.75201762781217 280.2076094893564 453.23648217094888 37.712065971121774 15040.444288689105 102.75755749428208 130.2810872832415 23.526026748761069 35.136816448255558
leaf_count=1932 359 2659 909 251759 859 3964 50044 4354 40368 1181 344555 5946 4860 11629 2116 2448 3565 94 1657 31587 107177 21375 8412 20185 1987 413789 12396 6598 538 575
internal_value=0.000353123 0.00423569 0.00541417 0.0173185 0.00274459 -0.00562737 -0.011504 0.00698234 0.00322078 0.0406489 -0.000229041 -0.000454609 -0.018959 -0.0301216 -0.0160886 0.00278211 0.0139001 -0.0154113 0.0193433 0 -0.000136351 0.00251105 0.0239927 -0.00115296 -0.00107595 -0.00136771 0.0348558 0.0358376 0.0288805 0.0263577
internal_weight=29844.1 3923.16 3800.76 680.201 3120.56 1035.49 925.211 2085.07 1854.43 110.278 25920.9 25529.5 418.207 299.351 214.049 535.32 391.408 55.2638 336.144 512.241 25111.3 6530.97 953.96 5577.01 18580.3 18439.8 140.47 230.639 31.8225 291.815
internal_count=1359877 398662 396730 286703 110027 56048 54008 53979 43027 2040 961215 954427 24551 19691 8062 34944 6788 991 5797 32496 929876 394527 29787 364740 535349 520966 14383 10952 632 4140
is_linear=0
shrinkage=0.08


Tree=190
num_leaves=31
num_cat=0
split_feature=9 14 9 10 9 14 12 12 9 14 10 7 9 10 9 14 10 14 10 3 9 9 10 19 2 14 3 13 9 10
split_gain=12.7778 41.1388 62.0272 33.3711 34.1562 81.0408 45.8113 43.1912 41.4847 29.0508 23.7992 31.9888 23.4157 56.1501 51.8302 75.4298 70.0335 50.9331 62.5728 38.4832 32.1275 21.7134 23.42 17.9565 18.6204 17.3743 16.9102 15.8293 14.3806 13.6112
threshold=0.88019138574600231 0.82085561752319347 0.9542815387248994 0.89672946929931652 0.89803618192672741 0.91987180709838878 1.0000000180025095e-35 1.0000000180025095e-35 0.98021757602691661 0.93541666865348827 0.88318282365798961 0.2014492750167847 0.5179213583469392 0.58381736278533947 0.32274864614009863 0.074175827205181136 0.41394501924514776 0.25833334028720861 0.67700320482254039 0.82807883620262157 0.66542288661003124 0.58079877495765697 0.59384471178054821 1.0000000180025095e-35 0.48528139293193823 0.14642857760190967 0.56949809193611156 1.0000000180025095e-35 0.84753835201263439 0.7208254635334016
decision_type=2 2 2 2 2 2 2 2 2 2 2 2 2 2 2 2 2 2 2 2 2 2 2 2 2 2 2 2 2 2
left_child=10 2 -2 -3 5 -5 -7 8 -6 -9 12 -12 13 14 16 -16 -1 21 20 25 -19 29 -23 28 -25 -15 -26 -20 -13 -14
right_child=1 3 -4 4 7 6 -8 9 -10 -11 11 23 17 19 15 -17 -18 18 27 -21 -22 22 -24 24 26 -27 -28 -29 -30 -31
leaf_value=0.0016006381974483889 -5.1879611203224807e-05 -0.036256463300134989 0.032013274889572577 -0.033751436771049151 -0.019941955344795911 0.068350283617892679 0.0021352403803285682 -0.017607325961704525 0.015820012728130377 0.0021248693762327231 -0.014946873841796311 0.032232106718641892 -0.0090631704163905077 0.057989442173063871 -0.039829286435117905 -0.00089237315621607113 0.073607844005322193 -0.040814152943574829 -0.0048985610764319069 -0.0018786130730714954 0.0045703158239355189 0.047603642551834476 0.010932588874575473 -0.0039440980807317087 0.040215886341434713 0.02062832385010235 0.0074439663118159366 0.027805472459301251 -0.0058714927660134157 0.033275079679955577
leaf_weight=4642.3131949895869 2068.5016913532872 225.24491643017245 466.93695601036052 130.37546367119285 1826.6072646403263 161.18525795573441 121.05664199779494 568.16057310851465 225.33592924192635 2822.7775576356362 442.84714056751545 292.62101051651916 446.16518880674266 90.328020197994192 485.50033437012098 933.38953015606967 83.280801437344053 475.84295084569021 5551.6500956931959 527.7800173129981 117.04735814420565 127.82613100507297 916.96330903198395 958.71199163488927 101.55916902259924 1017.9836788991961 3717.0896848829943 90.110735618007311 70.241616084873385 48.539679413628619
leaf_count=112461 95943 2961 20453 3048 18927 1545 4270 22717 5774 111826 3550 60065 37593 2380 276497 95819 6318 34235 190174 31576 6986 9966 43991 13842 859 32015 88270 7892 14084 2138
internal_value=-7.79368e-05 -0.00267868 0.00584178 -0.00625956 -0.00504841 0.0169027 0.0410385 -0.00675585 -0.015908 -0.00115525 0.000974994 0.00545604 -0.000624347 0.00246516 -0.00102071 -0.0144208 0.00297993 -0.00373658 -0.00696872 0.0156174 -0.0316235 0.00922956 0.0157769 0.00725774 0.00589489 0.0240638 0.00840885 -0.00432372 0.0244417 -0.00429744
internal_weight=29754 8616.18 2535.44 6080.74 5855.5 412.617 282.242 5442.88 2051.94 3390.94 21137.8 5583.07 15554.7 7780.58 6144.48 1418.89 4725.59 7774.15 6234.65 1636.09 592.89 1539.49 1044.79 5140.22 4777.36 1108.31 3818.65 5641.76 362.863 494.705
internal_count=1358175 287464 116396 171068 168107 8863 5815 159244 24701 134543 1070711 180670 890041 557066 491095 372316 118779 332975 239287 65971 41221 93688 53957 177120 102971 34395 89129 198066 74149 39731
is_linear=0
shrinkage=0.08


Tree=191
num_leaves=31
num_cat=0
split_feature=4 0 15 4 7 1 4 7 1 19 7 0 1 1 13 1 10 1 14 7 4 0 10 7 0 14 10 0 7 0
split_gain=13.2687 10.7728 76.8891 42.2892 30.9537 28.0315 27.2234 23.0295 27.8457 18.1798 17.3149 38.4269 49.7926 48.3006 34.2642 26.8597 14.2959 13.922 13.2117 9.14944 9.00279 12.0852 8.02801 8.96409 7.76228 6.02188 4.52141 4.47124 4.03993 3.98149
threshold=36.500000000000007 0.90366768836975109 0.0598654542118311 1.5000000000000002 0.80673459172248851 0.90353596210479747 5.5000000000000009 0.76986128091812145 0.9689110815525056 1.0000000180025095e-35 0.46841755509376531 0.46247655153274542 0.5604878067970277 0.40212766826152807 1.0000000180025095e-35 0.47478812932968145 0.97483214735984813 0.9634092152118684 0.069047622382640853 0.66343042254447948 3.5000000000000004 0.77581480145454418 0.60044842958450328 0.84262126684188854 0.16784037649631503 0.29705883562564855 0.46583126485347753 0.91331186890602123 0.77836257219314586 0.94474968314170849
decision_type=2 2 2 2 2 2 2 2 2 2 2 2 2 2 2 2 2 2 2 2 2 2 2 2 2 2 2 2 2 2
left_child=1 4 6 5 10 26 7 8 -3 -9 11 12 -1 -13 15 -12 -16 20 -19 -7 21 -6 -8 -24 -2 -22 -4 28 -5 -29
right_child=24 2 3 27 17 19 22 9 -10 -11 14 13 -14 -15 16 -17 -18 18 -20 -21 25 -23 23 -25 -26 -27 -28 29 -30 -31
leaf_value=-0.0037857349263882263 0 0.02240371770930202 0 0.044372230156945094 0.023915324874804963 0.040052803613094656 0.0083741646192586078 0.022286235217110421 -0.00451683919364846 -0.00585780292019883 0.058353893392915149 0.034751092667605211 0.040179405482770283 0.0048917166155553714 0.047266575019149951 -0.0029952240689081052 -0.019729680086284083 0.0051196398251337309 0.047371326818321652 -0.0070103240309094183 -0.013468467758831371 -0.054382971733923313 -0.059313339307954786 0.016473881649754246 -0.065574139798309547 0.048667408977343209 0.059108576334742591 0.071597285246155704 0 0
leaf_weight=5426.3853098807667 15.827380497823468 566.70119330599118 5.5011973612708962 56.793444467861264 12.687003890023332 24.924003449566953 10.504727189603726 151.55519180836927 414.31381593135302 2042.9953922513232 40.575375306085334 382.15009993099375 164.61246245827351 3626.334976233662 117.16155686326965 15851.283870325664 17.877291870292538 82.254385992710013 154.14623896787089 211.91333929447865 8.5288913229742338 30.392704807054542 74.091457616566913 5.6752090095833401 26.288530524074304 19.384613665239158 68.547538834329316 138.02606102117716 18.169886946365295 1.536922969513397
leaf_count=302451 269 33087 653 4002 1249 1628 356 91461 42913 109034 931 13120 12802 162276 11041 503410 2766 2793 28160 9247 284 1081 1129 182 1171 939 8859 12975 1110 162
internal_value=-1.49254e-05 4.69295e-05 0.00403217 0.0322882 -0.000530168 0.0124206 -0.000507193 0.000706331 0.0109068 -0.0037952 -0.000841169 0.00183565 -0.00242796 0.00781798 -0.00245453 -0.00281022 0.0368669 0.0244833 0.0337434 -0.000670254 -0.00443786 -0.0279072 -0.0426726 -0.0513801 -0.0424395 0.0256588 0.0537086 0.0594123 0.0346145 0.0699672
internal_weight=29767.1 29725 3791.25 525.412 25933.8 310.886 3265.84 3175.57 981.015 2194.55 25626.4 9599.48 5591 4008.49 16026.9 15891.9 135.039 307.394 236.401 236.837 70.9932 43.0797 90.2714 79.7667 42.1159 27.9135 74.0487 214.526 74.9633 139.563
internal_count=1361541 1360101 316798 38636 1043303 20387 278162 276495 76000 200495 1008797 490649 315253 175396 518148 504341 13807 34506 30953 10875 3553 2330 1667 1311 1440 1223 9512 18249 5112 13137
is_linear=0
shrinkage=0.08


Tree=192
num_leaves=31
num_cat=0
split_feature=16 4 3 0 3 0 7 2 1 3 1 0 16 3 2 1 3 4 0 3 0 1 0 2 2 0 0 12 3 0
split_gain=11.9993 54.8529 41.8026 32.276 31.8914 27.7861 25.7835 57.7048 33.7421 80.3071 30.4911 107.333 86.1924 44.0905 64.9677 52.237 42.015 23.6852 70.9299 30.463 91.1148 73.0573 132.193 66.8033 65.8482 52.9665 70.5609 51.9475 40.385 128.366
threshold=0.87596154212951671 3.5000000000000004 0.80982521176338207 0.78142958879470836 0.99473685026168834 0.70659971237182628 0.71834936738014232 0.80735492706298839 0.99565216898918163 0.91922956705093395 0.60640108585357677 0.58885449171066295 0.6900656819343568 0.89943820238113414 0.60640108585357677 0.77849927544593822 0.66260164976120006 2.5000000000000004 0.63686314225196849 0.89512962102890026 0.9261208474636079 0.79431909322738659 0.71819767355918895 0.72148045897483837 0.85270008444786083 0.82404541969299328 0.62563130259513866 1.0000000180025095e-35 0.94494947791099559 0.94474968314170849
decision_type=2 2 2 2 2 2 2 2 2 2 2 2 2 2 2 2 2 2 2 2 2 2 2 2 2 2 2 2 2 2
left_child=1 2 -1 5 -5 -4 10 -8 -9 -10 11 12 -3 14 -12 -15 -13 19 -19 21 23 25 -23 -21 -24 26 -2 -25 -22 -30
right_child=17 6 3 4 -6 -7 7 8 9 -11 13 16 -14 15 -16 -17 -18 18 -20 20 28 22 24 27 -26 -27 -28 -29 29 -31
leaf_value=0.030262045412646134 0.0049180790231060706 0.0040687907122139303 0.01111333885820048 0.02597709659139821 -0.016018176639517209 -0.064096683467508714 0.04757624215652969 0.019545636614640989 -0.0419481129379723 0.0045301721353629741 -0.03036608545307333 0.047029877676924327 -0.01767686768244367 0.034214672590304092 -0.0051449670951574386 -0.0011267682172790428 0.012275042886343653 -0.039754009926698357 -0.0019889316456940913 0.032224538692212715 0.026998029259466094 0.050921077043855505 -0.010110739495625925 -0.039643206229522811 0.023996545519238903 0.054740411749146255 -0.021214083911271015 0.0030177718984507537 -0.07823413637508915 0.0060300678659887721
leaf_weight=711.36867098002767 1486.038081065115 4932.7203556929417 45.055502526483906 315.4836260456068 172.15254054916295 73.332395428304153 202.66306682689537 685.02589882830944 261.5402359053478 2205.2754377230704 829.89098090371408 410.6757319697208 1521.2040854479383 282.7434361725027 3140.6585518329885 3761.6659010646254 525.84673372106772 399.00265725713325 1553.5023391066134 115.49503324601392 403.10018692497397 502.06072221408249 894.67930721740413 818.58917118599493 598.89710649481094 87.940608198281552 1174.404464055202 225.13187995949738 122.23361518400634 1263.2223952406821
leaf_count=27392 82453 200978 1893 18162 9016 3352 6396 23633 5249 81902 44405 7856 122127 10979 84329 128275 21555 23764 57217 7081 35180 26875 25138 17131 40815 4585 37554 20360 3475 180774
internal_value=0.000298608 0.00141728 0.0171672 0.0014124 0.0108144 -0.0348864 0.000298455 0.00665541 0.00390234 -0.00040777 -0.00107709 0.00261477 -0.00104165 -0.00450075 -0.0104883 0.00134363 0.0278542 -0.00201317 -0.00986995 0 -0.00639432 0.00395361 0.0156026 -0.0238378 0.00349333 -0.00445973 -0.00657562 -0.0303181 0.00485703 -0.00154377
internal_weight=29721.6 20077.3 1317.39 606.024 487.636 118.388 18759.9 3354.5 3151.84 2466.82 15405.4 7390.45 6453.92 8014.96 3970.55 4044.41 936.522 9644.3 1952.5 7691.79 2947.77 4744.02 1995.64 1159.22 1493.58 2748.38 2660.44 1043.72 1788.56 1385.46
internal_count=1359901 797499 59815 32423 27178 5245 737684 117180 110784 87151 620504 352516 323105 267988 128734 139254 29411 562402 80981 481421 264001 217420 92828 44572 65953 124592 120007 37491 219429 184249
is_linear=0
shrinkage=0.08


Tree=193
num_leaves=31
num_cat=0
split_feature=2 1 4 0 10 2 10 0 10 9 12 9 0 1 2 2 6 1 4 2 2 1 0 0 0 1 0 0 1 2
split_gain=16.3428 57.4509 32.716 31.3908 29.7384 29.4313 27.9639 26.9194 26.8136 21.9315 32.1882 20.7783 19.2407 135.964 80.6538 87.0529 63.8854 56.4187 86.4036 55.9478 38.4023 36.4984 172.594 122.451 36.2692 20.8381 17.1827 16.4644 16.038 11.5861
threshold=0.88036698102951061 0.90353596210479747 5.5000000000000009 0.92031747102737438 0.57395204901695263 0.83414238691329967 0.97568368911743175 0.94185259938240062 0.54589802026748668 0.91531941294670116 1.0000000180025095e-35 0.56511989235878002 0.76239567995071422 0.81530213356018078 0.65648320317268383 0.81530213356018078 1.0000000180025095e-35 0.81530213356018078 3.5000000000000004 0.76239567995071422 0.74601566791534435 0.64899963140487682 0.58102023601531994 0.66969698667526256 0.6911335587501527 0.7320508360862733 0.9547502100467683 0.79431909322738659 0.99565216898918163 0.68133461475372326
decision_type=2 2 2 2 2 2 2 2 2 2 2 2 2 2 2 2 2 2 2 2 2 2 2 2 2 2 2 2 2 2
left_child=3 -2 6 12 -4 8 9 -7 29 11 -11 -3 17 16 27 -16 25 21 20 -18 -19 23 -23 -1 -20 -14 -8 -15 -6 -5
right_child=1 2 4 5 28 7 26 -9 -10 10 -12 -13 13 14 15 -17 19 18 24 -21 -22 22 -24 -25 -26 -27 -28 -29 -30 -31
leaf_value=-0.0014695729855921369 0.030442704358838311 -0.0006906532151373443 0.032583304594703447 -0.026896148333213687 0.021935953667818652 -0.059630186750413719 0.047621202651287789 0.020582260748334677 0.058646271089983777 -0.027682539900123 0.016952674122648947 0.011738052108488967 0.068448054196855179 -0.0071826355901069543 -0.025419746602898943 -0.0042984168913756593 -0.015972109367718344 0.052980786709252041 0.012204986745178789 0.022760711499771619 0.01440019266545671 0.026847319584153304 -0.016982526253587302 0.039573150527572508 -0.0066072875095847597 0.027661980677481202 -0.02086862462219944 0.055098602609774582 -0.034623810063036879 0.022691707656765661
leaf_weight=9768.1754848641431 477.02016103809183 2087.3840991141005 51.589413977839286 36.56504400994163 28.706983235359075 42.317589012047392 131.4557917779839 53.763368936968618 144.85165095777484 329.39107159951527 141.02803701246739 1433.5576235717581 156.92828494183777 26.86681999960274 1964.2495262298871 3486.0237519292459 397.27943766451062 355.69467287071166 1316.0304582574863 574.06568282772787 340.49005758984276 701.15868787022919 3054.6490213375 483.38569122740591 1287.9396367660702 224.42393401180743 21.76074178250019 137.00616297383385 315.29753047317354 94.106886360852513
leaf_count=484135 17613 95391 1714 1073 755 1046 25799 2808 21813 4983 42302 163568 13771 606 55851 105441 15215 10069 43874 16503 10237 25767 99957 15617 39932 7486 23588 4940 5762 2547
internal_value=1.95437e-06 0.00416683 0.00134045 -0.000840073 -0.0204363 0.022058 0.00347969 -0.0143655 0.0353596 0.00212682 -0.0139271 0.00433381 -0.00120167 -0.00475105 -0.0102557 -0.0119561 0.0179309 0.00021879 0.009629 0.00675447 0.0345772 -0.00198949 -0.00873273 0.000468438 0.00284416 0.0455284 0.0365305 0.0440299 -0.0291988 0.00715671
internal_weight=29663.2 5017.19 4540.17 24646 395.594 371.605 4144.58 96.081 275.524 3991.36 470.419 3520.94 24274.4 6966.84 5614.15 5450.27 1352.7 17307.5 3300.15 971.345 696.185 14007.4 3755.81 10251.6 2603.97 381.352 153.217 163.873 344.005 130.672
internal_count=1360163 381475 363862 978688 8231 29287 355631 3854 25433 306244 47285 258959 949401 219813 166838 161292 52975 729588 104112 31718 20306 625476 125724 499752 83806 21257 49387 5546 6517 3620
is_linear=0
shrinkage=0.08


Tree=194
num_leaves=31
num_cat=0
split_feature=16 4 10 7 2 7 2 3 16 5 6 6 2 2 3 0 0 0 3 2 3 0 3 16 10 4 3 4 16 0
split_gain=13.4026 45.0624 43.1486 29.0539 28.6913 46.3422 44.944 41.7312 29.8722 22.7988 163.375 144.34 127.434 82.5482 72.0562 80.6314 68.7304 74.3333 70.0366 49.7969 49.7372 46.3994 42.1229 37.6112 24.411 22.2007 21.1528 19.361 22.7284 33.2108
threshold=0.83827373385429393 5.5000000000000009 0.46920476853847509 0.80673459172248851 0.87453705072402965 0.73942822217941295 0.84660634398460399 0.94360822439193737 0.66939890384674083 1.0000000180025095e-35 1.0000000180025095e-35 1.0000000180025095e-35 0.88975694775581371 0.75905716419219982 0.6789083480834962 0.6911335587501527 0.71819767355918895 0.86706829071044933 0.92637759447097789 0.72360688447952282 0.68614074587821972 0.63686314225196849 0.94185259938240062 0.92131063342094432 0.55580469965934765 6.5000000000000009 0.96178188920021068 2.5000000000000004 0.78817018866539013 0.38757823407649999
decision_type=2 2 2 2 2 2 2 2 2 2 2 2 2 2 2 2 2 2 2 2 2 2 2 2 2 2 2 2 2 2
left_child=1 2 26 4 5 8 -7 -6 -3 10 13 12 -11 14 21 -16 20 19 -19 -18 -13 -2 -14 -22 -15 -9 -1 -4 -29 -30
right_child=9 3 27 -5 7 6 -8 25 -10 11 -12 16 22 24 15 -17 17 18 -20 -21 23 -23 -24 -25 -26 -27 -28 28 29 -31
leaf_value=0.0073737369480136004 -0.0094551112379764862 0.0016162590042385124 0.053241574183394411 0.035897259323679077 -0.062895325454278894 0.049690965266454612 0.0037533693136986585 -0.031971644225188112 -0.0064055681705046819 0.069312387182354232 0.096465682870833458 -0.003659894443872041 -0.20099091702621052 0.042905922489808408 -0.05335462663331865 -0.0093605467889223606 -0.03759209313698772 0.020788049129353649 -0.0041196760393947453 -0.010079423305739353 0.0063321907072765946 0.046966999762182951 0 0.038949628426094784 0.0056629554815573191 0.011383500953584386 -0.01941022020690859 0.021923800540106342 -0.034885453201995209 0.010040760553774038
leaf_weight=335.83175928068886 1656.0900126109136 8039.1586597684873 78.994911886657064 133.13996512443919 109.57458631283953 220.8672056864234 367.5445150310552 118.77173977013445 4689.5661752121487 280.06190322936891 89.557310747004522 652.13096325174229 10.204574948878873 133.73173738500918 568.28955936474813 522.41258095345984 534.7603472971532 919.83439204325987 3283.3994558913546 2093.5306809170888 419.68285831803223 93.193161478935508 11.048358278378144 528.8356195010274 699.20501981579764 183.55530698744406 403.85242511302931 1102.5256253022562 108.55982132941426 1289.0378530400703
leaf_count=29910 96129 315635 2192 5237 1633 6226 10583 2254 188627 13479 1625 42568 515 3647 11132 15676 17692 48218 276289 69253 17318 1373 616 23367 44692 4921 13200 40733 9344 46394
internal_value=-2.82305e-05 0.00141603 0.00978458 -0.00057879 -0.000957114 -0.000297855 0.0215396 -0.0216285 -0.00132796 -0.00202654 -0.00722941 0.000199448 0.0541612 -0.00992902 -0.0164424 -0.0325677 -0.00174081 -0.00525477 0.00131133 -0.0157987 0.0131267 -0.00623272 -0.114576 0.0247944 0.0120538 -0.00537137 -0.00706704 0.0146838 0.0132978 0.00632508
internal_weight=29676.9 17181 3318.8 13862.2 13729 13317.1 588.412 411.902 12728.7 12496 3762.48 8733.49 301.315 3672.92 2839.99 1090.7 8432.17 6831.52 4203.23 2628.29 1600.65 1749.28 21.2529 948.518 832.937 302.327 739.684 2579.12 2500.12 1397.6
internal_count=1360478 676889 141773 535116 529879 521071 16809 8808 504262 683589 174274 509315 14610 172649 124310 26808 494705 411452 324507 86945 83253 97502 1131 40685 48339 7175 43110 98663 96471 55738
is_linear=0
shrinkage=0.08


Tree=195
num_leaves=31
num_cat=0
split_feature=15 15 2 7 1 1 0 16 0 13 12 5 10 2 1 16 12 16 7 16 2 16 16 10 7 0 10 7 7 16
split_gain=13.0352 18.8903 37.3996 60.7677 59.3629 80.4308 44.5186 39.6488 31.8318 30.332 27.4797 39.1194 24.9063 23.1891 18.5015 18.0979 17.3779 13.4057 10.1259 9.98811 9.60996 9.48414 8.36493 8.26603 11.3415 7.29919 6.84368 6.17803 5.81936 5.17942
threshold=0.7231087088584901 0.58496737480163585 0.39369101822376257 0.34178434312343603 0.39250700175762182 0.5673658847808839 0.49089705944061285 0.4246212244033814 0.46247655153274542 1.0000000180025095e-35 1.0000000180025095e-35 1.0000000180025095e-35 1.0000000180025095e-35 0.44920890033245092 0.51471862196922313 0.73746865987777721 1.0000000180025095e-35 0.68217894434928905 0.41060766577720648 0.96362435817718517 0.13446328043937686 0.56306818127632152 0.74133810400962841 0.93133512139320385 0.11374663189053537 0.16784037649631503 0.96881943941116344 0.28730159997940069 0.23769168555736545 0.77871939539909374
decision_type=2 2 2 2 2 2 2 2 2 2 2 2 2 2 2 2 2 2 2 2 2 2 2 2 2 2 2 2 2 2
left_child=1 2 4 10 6 12 7 -1 16 14 11 -4 -6 -12 -5 -11 26 20 -19 22 -18 -7 23 -2 25 -25 29 -10 -26 -3
right_child=19 8 3 9 5 21 -8 -9 27 15 13 -13 -14 -15 -16 -17 17 18 -20 -21 -22 -23 -24 24 28 -27 -28 -29 -30 -31
leaf_value=0.010426160773465643 -0.018623615488494585 0.02360089030645382 0.042055615666222679 0.0081067708644668082 0.026038093095500502 -0.013390625094708022 0.04038556574393487 -0.018744101105068182 0.066371736748633836 0.0609615563667633 0.016306957122289922 -0.031400741767185138 -0.075927162246413063 0.052222895884619674 -0.00087791885966037695 0.0098826083989091203 -0.02466161348762309 -0.011278518776746554 0.083180387611728204 0.046353559745451411 0.0073685878048904922 0.032583114671891782 -0.027962568899283596 0.0029098279238366047 -0.0090776349721728156 0.043870432698722088 0.063359435469234157 0.025829124043734483 0.0094620500021881711 -0.012425086619710259
leaf_weight=443.08284378182725 264.61167732800823 164.22848773084115 71.522640619677986 1566.8252482384378 11.713365730131043 38.95352173205174 124.27137679445877 861.67516568415522 51.650264419498853 74.470052920281887 269.07224579252943 112.13646108865942 207.27956444457232 233.88577727383017 21720.575775797792 127.9106246167139 55.68575043277815 449.83596038562246 2.0761867333203545 15.876545018516479 1442.4083331201982 65.145157097787887 127.19923140481114 90.516551523236558 691.50385676286533 43.365839301899541 27.151839943602681 102.65230676493957 116.01526769122574 20.656016862485558
leaf_count=27411 1657 1637 5415 91009 501 5479 4766 168428 918 6420 11196 10083 19914 5589 930567 27656 560 10528 19 136 16008 2610 1202 984 5166 573 304 2013 1000 433
internal_value=0.000121833 0.000494657 -0.000118237 0.000694413 -0.0113926 -0.0421395 -0.00420672 -0.00871402 0.00740963 0 0.0240662 -0.00158998 -0.0692995 0.0336732 -0.00026493 0.0304663 0.00477137 0.00228514 -0.00958888 -0.00753854 0.00599347 0.014088 -0.00847068 -0.00617576 -0.00242792 0.0184312 0.0263195 0.0420617 -0.00617531 0.0185121
internal_weight=29594 28244.9 25928.5 24176.4 1752.12 323.092 1429.03 1304.76 2316.35 23489.8 686.617 183.659 218.993 502.958 23287.4 202.381 2162.04 1950.01 451.912 1349.09 1498.09 104.099 1333.21 1206.01 941.402 133.882 212.036 154.303 807.519 184.885
internal_count=1360182 1349464 1317044 1087935 229109 28504 200605 195839 32420 1055652 32283 15498 20415 16785 1021576 34076 29489 27115 10547 10718 16568 8089 10582 9380 7723 1557 2374 2931 6166 2070
is_linear=0
shrinkage=0.08


Tree=196
num_leaves=31
num_cat=0
split_feature=4 16 3 16 16 3 0 16 3 4 16 0 3 16 3 15 7 3 16 4 3 4 7 1 7 7 16 0 4 16
split_gain=13.2433 30.2506 18.8822 20.3935 17.1362 48.179 39.027 28.2151 33.3095 21.7866 36.7814 25.0908 54.1841 31.1812 22.9731 21.6908 21.477 16.5724 13.4971 17.7695 13.2489 12.3926 11.255 8.85299 9.83583 8.78852 8.29095 22.6729 16.4723 7.82675
threshold=22.500000000000004 0.26365442574024206 0.71937501430511486 0.36899313330650335 0.24037037044763568 0.66260164976120006 0.23294574022293094 0.36899313330650335 0.46709956228733068 13.500000000000002 0.6760731339454652 0.40862709283828741 0.54653680324554454 0.46225070953369146 0.39173060655593878 0.7231087088584901 0.68783602118492138 0.53093111515045177 0.2124435901641846 18.500000000000004 0.51222422719001781 11.500000000000002 0.17712418735027316 0.48514269292354589 0.4901809841394425 0.11374663189053537 0.16823899745941165 0.13873296231031421 36.500000000000007 0.24037037044763568
decision_type=2 2 2 2 2 2 2 2 2 2 2 2 2 2 2 2 2 2 2 2 2 2 2 2 2 2 2 2 2 2
left_child=4 20 3 17 5 6 18 8 15 10 16 13 -13 -11 -12 22 -9 -3 -1 -20 26 -17 -6 -4 -25 -22 27 -2 29 -28
right_child=1 2 23 -5 7 -7 -8 9 -10 11 14 12 -14 -15 -16 21 -18 -19 19 -21 25 -23 -24 24 -26 -27 28 -29 -30 -31
leaf_value=-0.12437828054620498 -0.062576412852338476 -0.029365579075670851 0.051345726478628402 -0.066883074878546389 0.015078103203001587 0.042780582649348461 0.033182465150105062 0.0061780117523668292 -0.010606447837073176 -0.0077032638856553209 -0.015504079278674648 0.042860394688858564 -0.0062253201711470066 -0.042920506419983233 -6.4004119668855817e-05 -0.065561538861935484 0.030493404114131619 0.023111069538445449 -0.10132035111921121 0.0016647336353182774 0.015518651052785732 0.0099305952222300195 0.046503400969376524 -0.032304335361644967 0.017146497888253981 -0.042216546645502215 0.030302671389338506 0.026499109992889999 -0.053602327854163495 0
leaf_weight=33.733963297851005 27.729176095977891 210.81969803140964 16.09323750155454 86.0307175035814 137.10643428709591 35.370511737048218 16.994180343812332 3881.7810755112332 235.47244034921459 529.80105969537544 631.61534816358107 153.83338129323238 1506.5896858705819 238.2703302427326 20514.878291559075 9.361998248845337 247.55094596143681 39.518139381565561 11.24050746927969 22.787847123341635 16.40850849742128 258.90174722706433 247.25183876327355 43.16294855344313 47.142627198387345 49.815340067863872 207.16098608908942 34.32837745337747 13.662779586054965 75.350585730120656
leaf_count=599 480 6443 713 9640 2441 1769 229 148771 8246 17256 64557 6063 67080 30000 964411 52 7634 1935 176 269 460 1902 4190 3618 2699 2588 2561 436 352 1176
internal_value=0.000126249 -0.00957729 -0.0241554 -0.0333869 0.000426519 -0.0290905 -0.0615786 0.00056119 0.0145582 0.00010418 0.000805758 -0.00711876 -0.00146658 -0.0190422 -0.000536297 0.0238927 0.00770952 -0.0201647 -0.0881899 -0.0368766 0.00536133 0.00555912 0.036042 0.00378136 -0.00526526 -0.0255797 0.011795 -0.0126146 0.0175654 0.022436
internal_weight=29579.8 867.223 442.767 336.369 28712.5 120.127 84.7565 28592.4 888.094 27704.3 25275.8 2428.49 1660.42 768.071 21146.5 652.622 4129.33 250.338 67.7623 34.0284 424.456 268.264 384.358 106.399 90.3056 66.2238 358.232 62.0576 296.174 282.512
internal_count=1358746 33101 25048 18018 1325645 3042 1273 1322603 16831 1305772 1185373 120399 73143 47256 1028968 8585 156405 8378 1044 445 8053 1954 6631 7030 6317 3048 5005 916 4089 3737
is_linear=0
shrinkage=0.08


Tree=197
num_leaves=31
num_cat=0
split_feature=4 2 14 16 4 3 3 1 15 1 5 1 7 3 1 3 16 2 16 3 7 7 7 14 14 7 15 13 1 3
split_gain=11.9396 10.2003 23.8279 22.0874 71.9484 98.2678 28.1722 54.4871 45.0501 53.5864 28.7631 22.2407 21.6314 19.5737 70.9494 56.451 16.64 14.2623 8.01904 10.7273 8.95497 7.34029 6.04373 5.53139 5.92759 3.35282 1.92462 1.53966 1.14235 1.10195
threshold=39.500000000000007 0.98529094457626354 0.23303167521953586 0.93813776969909679 1.5000000000000002 0.87226107716560375 0.94360822439193737 0.92637759447097789 0.034394783899188049 0.88047617673873912 1.0000000180025095e-35 0.21778655797243121 0.66343042254447948 0.93643954396247875 0.99565216898918163 0.98887652158737194 0.9797959327697755 0.96712303161621105 0.93582704663276683 0.98749804496765148 0.63686314225196849 0.77712419629096996 0.85825893282890331 0.44097222387790685 0.26969698071479803 0.72804316878318798 0.8000553846359254 1.0000000180025095e-35 0.988887518644333 0.83047896623611461
decision_type=2 2 2 2 2 2 2 2 2 2 2 2 2 2 2 2 2 2 2 2 2 2 2 2 2 2 2 2 2 2
left_child=1 3 18 4 5 11 7 10 16 -10 -5 -1 -7 14 -6 -15 -8 -9 21 25 -21 -3 28 24 -24 -20 27 29 -4 -2
right_child=26 2 22 6 13 12 8 17 9 -11 -12 -13 -14 15 -16 -17 -18 -19 19 20 -22 -23 23 -25 -26 -27 -28 -29 -30 -31
leaf_value=-0.0091816670946062977 -0.072023617230651177 0.011221313309573057 0 -0.015488327645430407 -0.00023721847553488881 -0.08215757479162282 -0.014683500329823308 0.031168961107901315 0.04389919958890675 -0.050252930946325915 -0.00039564289353171203 0.057508639877491705 -0.00044418619592761301 0.014612317180845802 -0.026043027582529982 -0.001013940138963504 0.021275649592916886 -0.020136251579219961 -0.0039571563830070886 -0.04260462941827535 0.0011642415367040864 -0.06055359740855501 0.018595121977058832 0.037001747863712041 -0.048713841146119007 0.022428262405244582 0 0 0.0557195907614223 0
leaf_weight=29.561515342738858 15.358650154848883 7.4472998314304304 1.7364981450227777 1248.4784941865291 15879.081385268364 38.505053101456724 176.29488214398953 340.74645513026553 38.147091667364293 323.73217939961614 2339.7662905063007 323.47332768134947 47.456719777437684 2109.294764793709 708.16495923964249 4873.4132503969722 144.82251098391862 31.231477004228509 22.853508246556885 26.475477759820933 531.85262721835898 18.52942846040969 9.359211108767342 20.265539887082923 10.917939413215207 208.25525849245969 3.2703043268993488 0.58703263069037248 75.715235244091673 1.0920652886707092
leaf_count=544 624 356 639 51283 661693 1474 14383 21349 6315 11909 84764 11184 2810 88864 14667 191864 9893 4167 833 1303 21750 783 1931 46093 5151 9007 31 29 94279 57
internal_value=-8.98748e-06 3.25863e-05 0.00824463 -0.000230748 0.000740507 0.032647 -0.00528269 -0.00263667 -0.0202619 -0.0394289 -0.0057057 0.0514272 -0.0413093 0.000132656 -0.00135611 0.00369053 0.00112085 0.026227 0.00306142 0.00477917 -0.000986947 -0.0363213 0.0411823 0.00936388 -0.0137837 0.0191129 -0.0549381 -0.063443 0.0543196 -0.067783
internal_weight=29605.9 29585.6 933.408 28652.2 24009 438.997 4643.22 3960.22 682.997 361.879 3588.24 353.035 85.9618 23570 16587.2 6982.71 321.117 371.978 815.414 789.437 558.328 25.9767 117.994 40.5427 20.2772 231.109 20.3081 17.0377 77.4517 16.4507
internal_count=1360029 1359288 182125 1177163 973100 16012 204063 161563 42500 18224 136047 11728 4284 957088 676360 280728 24276 25516 34032 32893 23053 1139 148093 53175 7082 9840 741 710 94918 681
is_linear=0
shrinkage=0.08


Tree=198
num_leaves=31
num_cat=0
split_feature=16 4 3 3 1 1 2 16 1 3 4 6 3 1 15 2 3 4 16 4 2 1 14 1 2 16 2 1 4 3
split_gain=13.0482 46.5814 38.4385 20.3091 41.0433 69.3244 57.7477 35.3796 33.9484 33.2924 31.9 28.5441 25.6417 68.0688 51.3572 16.4674 50.4495 39.9405 77.4912 27.5307 21.9045 28.0836 26.76 30.4278 21.5924 21.3609 16.5407 15.7744 14.817 13.8959
threshold=0.86425063014030468 3.5000000000000004 0.8216732144355775 0.91922956705093395 0.99565216898918163 0.93127068877220165 0.76506900787353527 0.61602565646171581 0.85565477609634411 0.95040982961654674 11.500000000000002 1.0000000180025095e-35 0.9495762586593629 0.92637759447097789 0.02709518559277058 0.49752475321292883 0.59317129850387584 1.5000000000000002 0.93582704663276683 1.0000000180025095e-35 0.56691542267799389 0.62115561962127697 0.36931818723678594 0.73499399423599254 0.62575301527977001 0.94935896992683422 0.4712491780519486 0.23132664710283282 2.5000000000000004 0.91458967328071605
decision_type=2 2 2 2 2 2 2 2 2 2 2 2 2 2 2 2 2 2 2 2 2 2 2 2 2 2 2 2 2 2
left_child=1 2 -1 4 5 11 7 -6 9 -5 -8 -3 13 -10 -14 17 28 18 27 26 22 -22 -18 -24 -23 -21 -20 -2 -17 -4
right_child=15 3 29 8 6 -7 10 -9 12 -11 -12 -13 14 -15 -16 16 20 -19 19 25 21 24 23 -25 -26 -27 -28 -29 -30 -31
leaf_value=0.031574000610322027 0 0.0012552075579251142 -0.019890756721487192 0.038338830185517293 0 0.070837592893807311 -0.044960728210371975 0.095495348727498972 -0.038195190602833849 -0.0023637244684080361 0.015135524811315611 -0.0075493604582308749 0.0018058356849815444 0.012750053021959147 0.035313039317199285 0.040007573569997727 0.0055208649146494503 -0.027460767381820263 0.016953219170577651 0.00068952847725519328 0.020647962750960334 -0.021376401751682331 -0.038572731421377612 0.028219076184085756 -0.0015060577162306454 -0.046043344370754878 -0.053856066502150954 0.070532159546760967 0.00047819587839007058 0.010029515973514478
leaf_weight=560.75358441217395 30.311605934459294 7967.8189796497427 144.9358163296929 333.6892990182896 89.783539228636073 80.79329958868766 379.37372415950813 28.360873423356679 330.75254407218017 195.02647468807845 59.372435266974207 3329.5260133932061 4631.071127539657 325.62179531346919 308.85004845887306 231.49546503847887 196.74428250459096 531.77682872630248 183.12521245373136 86.542758957191836 346.21630091728366 363.75150554803986 331.07574151701192 43.66342945291035 7760.3792927780105 171.35125898103433 18.162641721064574 100.35147722524562 92.969975011663337 289.39029549741463
leaf_count=20276 537 307604 6652 12536 1694 1611 7370 565 9675 8105 917 169958 172678 7061 13839 9057 13854 47760 11896 5161 11678 12777 7376 1749 454748 18310 902 2494 4242 17401
internal_value=-0.000216634 0.00102471 0.0178319 8.51194e-05 -0.00182753 -0.000770315 -0.0229442 0.0251352 0.00383661 0.0231437 -0.0363888 -0.00132769 0.00196496 -0.0127744 0.00396669 -0.00248664 -0.00136733 -0.0116441 0.00245747 -0.0128286 -0.00250277 -0.00145431 -0.0176177 -0.0300999 -0.00242802 -0.0300375 0.00863783 0.0558488 0.0293459 0
internal_weight=29543 19055.1 995.08 18060 11935 11378.1 556.891 118.144 6125.01 528.716 438.746 11297.3 5596.3 656.374 4939.92 10487.9 9366.3 1121.62 589.845 459.182 9041.83 8470.35 571.483 374.739 8124.13 257.894 201.288 130.663 324.465 434.326
internal_count=1360483 757942 44329 713613 489719 479173 10546 2259 223894 20641 8287 477562 203253 16736 186517 602541 515481 87060 39300 36269 502182 479203 22979 9125 467525 23471 12798 3031 13299 24053
is_linear=0
shrinkage=0.08


Tree=199
num_leaves=31
num_cat=0
split_feature=18 9 16 16 1 0 0 7 0 16 0 14 0 2 1 1 0 7 16 13 14 9 1 6 1 10 9 16 0 16
split_gain=11.4494 24.0894 10.8001 50.0456 51.0759 68.9994 80.6595 31.0054 15.5981 21.4886 14.7815 23.876 22.8783 14.4914 79.5682 55.9881 55.461 46.214 42.1606 24.7613 21.8242 19.659 17.2308 16.7336 13.1458 12.2849 10.4253 9.26862 7.60825 7.58339
threshold=1.0000000180025095e-35 0.91903391480445873 0.96190130710601818 0.99166667461395275 0.78910306096076976 0.81861472129821788 0.86706829071044933 0.28147007524967199 0.67826876044273388 0.96899038553237926 0.93127068877220165 0.18898809701204303 0.70051544904708873 0.38148742914199835 0.38148742914199835 0.55036231875419628 0.4712491780519486 0.34525330364704138 0.66939890384674083 1.0000000180025095e-35 0.078461539000272765 0.7901836931705476 0.55351883172988903 1.0000000180025095e-35 0.84660634398460399 0.98280790448188793 1.0000000180025095e-35 0.96490147709846508 0.5388936996459962 0.96362435817718517
decision_type=2 2 2 2 2 2 2 2 2 2 2 2 2 2 2 2 2 2 2 2 2 2 2 2 2 2 2 2 2 2
left_child=2 29 13 4 8 24 -7 -5 27 -10 12 -12 -9 14 16 23 18 20 -1 22 28 -22 -19 -16 -6 -21 -17 -4 -15 -2
right_child=1 -3 3 7 5 6 -8 10 9 -11 11 -13 -14 17 15 26 -18 19 -20 25 21 -23 -24 -25 -26 -27 -28 -29 -30 -31
leaf_value=0.0013787123547382796 -0.035825502483617933 0.018350661761622252 -0.017933017485456733 0.052643535428794776 0.00095777530495369512 -0.081374190852669864 -0.0070359206332412383 0.0095007666275796886 -0.044274108779053072 0.013393945949993094 0.00059324077740227686 0.028573163050636178 -0.011287425387333894 0.0023596642170400817 -0.087124718960198425 0.054215146693072529 0.039465897762522552 0.0073916490886496693 -0.017951591361500499 0.038529708077072997 0.03783943103800011 0.011091643243013191 -1.5775104251303151e-05 -0.015937252892296281 0.036193424860359216 -0.020970017371248931 -0.0083089970732221838 -0.065765801120806225 -0.04011472233348045 0.0047131665593716579
leaf_weight=3607.3795248469069 183.27970459931748 86.506944351243874 48.147087943929364 72.948648513411172 116.91965824025101 113.84990151792954 471.78044096813392 518.87688276578774 90.753597087459639 63.790955979013233 672.93747479375088 277.37488531523741 933.30029740501777 53.309519997041207 127.09241414339704 16.762794153066352 206.48659755668632 2262.800594781791 894.37907001998974 154.96824902981098 374.13216833047773 380.10935539138882 17294.365925610218 35.171484827307722 196.61898445352381 18.861866264189302 65.768528535521909 161.86450474450976 38.513240612228401 25.743430581209395
leaf_count=119618 3653 833 3569 4043 2782 3032 33015 28451 2932 1577 25090 112081 53379 15582 8151 233 6640 125265 92671 19055 17225 7001 635890 6206 7587 3558 6842 10007 3464 999
internal_value=0.000212708 -0.01531 0.000377493 -0.00362609 -0.0165654 -0.00602968 -0.0223251 0.00293507 -0.0416854 -0.019794 0.00125307 0.00903424 -0.00374269 0.000970723 -0.00289938 -0.0469059 -0.000530069 0.00191053 -0.00244186 0.00111436 0.0201744 0.0247321 0.000834769 -0.0735887 0.0237775 0.030773 0.00493375 -0.0562159 -0.0149544 -0.0300917
internal_weight=29564.8 295.53 29269.3 3739.16 1263.73 899.169 585.63 2475.44 364.556 154.545 2402.49 950.312 1452.18 25530.1 4953.04 244.795 4708.25 20577.1 4501.76 19731 846.064 754.242 19557.2 162.264 313.539 173.83 82.5313 210.012 91.8228 209.023
internal_count=1360431 5485 1354946 287545 64501 46416 36047 223044 18085 4509 219001 137171 81830 1067401 240361 21432 218929 827040 212289 783768 43272 24226 761155 14357 10369 22613 7075 13576 19046 4652
is_linear=0
shrinkage=0.08


Tree=200
num_leaves=31
num_cat=0
split_feature=9 10 10 14 16 3 0 15 15 3 3 14 0 19 3 4 3 1 10 9 14 10 0 9 14 16 10 0 4 10
split_gain=10.9822 24.3678 33.9372 17.0065 14.2272 13.7587 59.7681 96.5712 94.3412 85.494 69.3383 55.3756 43.551 42.8263 40.5513 34.7776 34.5785 117.53 33.6568 34.5275 63.4352 35.6505 31.2253 25.0874 22.8822 21.5657 18.008 16.4566 15.9156 13.0299
threshold=0.80069687962532055 0.97685134410858165 0.99799197912216198 0.93541666865348827 0.16823899745941165 0.86526826024055492 0.74115687608718883 0.17595458775758746 0.17255059629678729 0.77303028106689464 0.75905716419219982 0.93541666865348827 0.68870675563812267 1.0000000180025095e-35 0.80217391252517711 2.5000000000000004 0.7897985875606538 0.69732204079628002 0.88146743178367626 0.8871574103832246 0.89444443583488475 0.91184088587760936 0.80982521176338207 0.83918827772140514 0.5419580638408662 0.75716626644134533 0.81585493683815014 0.71275749802589428 11.500000000000002 0.76484143733978283
decision_type=2 2 2 2 2 2 2 2 2 2 2 2 2 2 2 2 2 2 2 2 2 2 2 2 2 2 2 2 2 2
left_child=1 4 -3 -4 -1 6 7 10 9 15 12 -11 -2 -7 25 -8 24 -18 23 20 -20 -21 -16 26 -9 -10 -15 -12 -25 -6
right_child=5 2 3 -5 29 13 8 16 14 11 27 -13 -14 18 22 -17 17 -19 19 21 -22 -23 -24 28 -26 -27 -28 -29 -30 -31
leaf_value=-0.036400126178704952 0.01710456665842041 0.04948507968630584 0.016382663061548289 -0.030027912503470137 -0.00072286559748895929 0.068258882581289343 -0.019012460750548816 0.012130140979970713 -0.031047961263387363 -0.042837097411932742 0.059564023655225888 0.002919702478578496 -0.050588382690487654 -0.023735775900096436 -0.042942252900700764 -0.1057938697237549 0.029980272957064041 -0.067067981278093033 -0.0048698829793849723 -0.02227626625527784 0.033461688690014278 0.0027791123025386502 0.025937487231173208 -0.029695470291088277 -0.0042906678306290687 0.029588327642911569 0.015751824338476442 0.019875005204992652 0.010514377867904578 0.003911093411018589
leaf_weight=59.917917732429487 205.67772267276996 154.9199580290242 145.61886784580201 70.881294669268755 9958.8565562516669 55.823548784561353 47.289644762033276 603.96146903348563 35.795825856679585 359.74820457148962 285.43874065138516 303.28465308459818 80.231022461024622 101.10740262249601 135.12960675040085 129.68829160022142 124.93869268368871 198.64770979258174 499.34031062936992 416.98127041706175 593.53866885824391 2597.2386939007847 53.228398714003561 462.90247475871001 4790.1689930321008 321.24707890117134 231.7300040271366 113.58949502044925 63.834414458135143 6316.6679137067695
leaf_count=1465 7704 6316 5479 4742 699294 132573 1565 8892 445 11512 9712 5977 2107 1882 3752 1476 4457 2823 18215 7868 14571 107457 2233 9320 60850 8017 4469 4912 629 209658
internal_value=2.59558e-05 0.00138235 0.0215255 0.000130841 0.00090812 -0.00173035 -0.00384066 -0.000549626 -0.0188784 -0.035654 0.027696 -0.0218023 -0.00188426 0.00151071 0.00675743 -0.0846441 -0.00398243 -0.0292241 0.000660409 0.00370706 0.0158597 -0.000665156 -0.0224826 -0.0136489 -0.00241292 0.0227224 0.00310915 0.0490477 -0.0244686 0.00106643
internal_weight=29517.4 16706.9 371.42 216.5 16335.4 12810.6 7788.07 6402.65 1385.41 840.011 684.937 663.033 285.909 5022.5 545.401 176.978 5717.72 323.586 4966.67 4107.1 1092.88 3014.22 188.358 859.574 5394.13 357.043 332.837 399.028 526.737 16275.5
internal_count=1360372 926954 16537 10221 910417 433418 136434 101457 34977 20530 24435 17489 9811 296984 14447 3041 77022 7280 164411 148111 32786 115325 5985 16300 69742 8462 6351 14624 9949 908952
is_linear=0
shrinkage=0.08


Tree=201
num_leaves=31
num_cat=0
split_feature=4 3 3 3 3 7 4 3 12 10 15 0 7 16 4 4 10 3 3 16 16 10 3 1 15 3 1 10 0 7
split_gain=12.0655 9.59697 30.0166 27.6733 26.9956 19.2176 16.8084 12.9681 10.4272 10.989 9.40334 8.25064 7.59461 7.56604 19.3733 14.8311 7.45794 5.8117 9.42007 5.38365 5.10042 4.38338 4.17472 3.29 3.09031 3.05514 2.1492 1.78089 1.49336 1.20662
threshold=36.500000000000007 0.36254107952117925 0.37590579688549047 0.39173060655593878 0.33589744567871099 1.0000000180025095e-35 14.500000000000002 0.38165266811847692 1.0000000180025095e-35 0.80101522803306591 0.49056966602802282 0.31643131375312811 0.2290398105978966 0.40175439417362219 10.500000000000002 10.500000000000002 0.97568368911743175 0.35388994216918951 0.34549072384834295 0.68819445371627819 0.46720430254936224 0.98367321491241466 0.3483316451311112 0.18490028381347659 0.59627714753150951 0.83752354979515087 0.30068494379520422 0.90946349501609813 0.16784037649631503 0.24068965017795566
decision_type=2 2 2 2 2 2 2 2 2 2 2 2 2 2 2 2 2 2 2 2 2 2 2 2 2 2 2 2 2 2
left_child=1 4 10 7 8 -5 -7 19 9 24 26 12 -12 14 -10 -15 -11 18 -6 -4 -13 -9 -20 27 -1 28 29 -2 -25 -3
right_child=23 2 3 5 17 6 -8 21 13 16 11 20 -14 15 -16 -17 -18 -19 22 -21 -22 -23 -24 25 -26 -27 -28 -29 -30 -31
leaf_value=0.056762913103137212 -0.026694885412807689 -0.0093433055026542738 0.010099741546750914 0.075941676888630585 -0.05943519244320622 0.00084488665011489029 -0.0058800387562250901 -0.059384516100748068 -0.075669665038831782 -0.009887626054820766 0.016504096295430051 0.035528253305769274 0.040456944984995372 -0.0017338777984192916 0.0071795341108900051 -0.024781003526201328 0.043240318459836516 -0.055115362842053504 0.0071685040205456529 -0.032902297194304382 -0.023839422002278808 -0.0042433774893078447 -0.019677630983647883 0 0.0038592284390801092 0 -0.031923179059630227 0.010350469362432247 -0.071862868670688307 0.019069490549256912
leaf_weight=38.048043840575701 9.2047374282556138 20.858244364731949 47.005426575655292 16.460514105801849 30.179039477694459 24368.64511722303 2629.2758607208634 75.943525522467098 13.586409097188151 79.623247942188755 281.94232680485584 5.8990200115367761 159.77014674834209 658.92605920654023 473.44247837885632 250.12366627079609 16.103415109682828 55.322620508133696 44.502720252501604 22.530342891863256 33.913789079990238 18.643831262830645 95.668881565336051 1.2407243181369327 17.672625746112317 2.1195882566971695 15.728354941937139 9.0718265615869296 19.611089497957437 10.028371603722915
leaf_count=2442 237 3779 2632 356 5393 1119096 119274 14704 182 756 2906 60 3222 30351 6859 10027 185 7273 3349 4091 1750 396 6891 33 150 111 9248 80 965 3764
internal_value=-1.35042e-05 4.51206e-05 0.000416071 4.13993e-05 -0.00564596 0.000249194 0.000183066 -0.0322114 -0.00172493 0.0176854 0.0192156 0.0226532 0.025882 -0.00400036 0.00379768 -0.00835117 0 -0.0312201 -0.0211972 -0.00295925 -0.00848996 -0.0508812 -0.0100988 -0.0408472 0.0443182 -0.0591874 -0.0119487 -0.00315957 -0.0674293 0
internal_weight=29521.1 29479.8 27706.6 27178.5 1773.2 27014.4 26997.9 164.123 1547.53 151.447 528.14 481.525 441.712 1396.08 487.029 909.05 95.7267 225.673 170.351 69.5358 39.8128 94.5874 140.172 41.248 55.7207 22.9714 46.615 18.2766 20.8518 30.8866
internal_count=1360562 1359136 1285278 1260549 73858 1238726 1238370 21823 50952 3533 24729 7938 6128 47419 7041 40378 941 22906 15633 6723 1810 15100 10240 1426 2592 1109 16791 317 998 7543
is_linear=0
shrinkage=0.08


Tree=202
num_leaves=31
num_cat=0
split_feature=14 9 15 14 0 3 9 9 9 9 16 3 4 0 3 0 7 1 7 3 7 4 11 19 11 16 0 4 3 4
split_gain=13.1009 41.9314 22.2324 20.6565 65.7977 68.983 67.245 44.6916 38.8796 50.9139 34.2196 31.524 32.2307 29.7337 28.1229 46.5176 26.7635 25.5339 25.1991 38.1787 20.0175 19.779 19.4624 18.2319 15.2216 11.0207 28.2008 41.7824 27.9534 12.9367
threshold=0.79285714030265819 0.96406567096710216 0.7231087088584901 0.93095237016677868 0.86512476205825817 0.89039039611816417 0.9542815387248994 0.59280791878700267 0.95258533954620372 0.99206298589706432 0.69905659556388866 0.78319624066352855 10.500000000000002 0.95024752616882335 0.89512962102890026 0.8263767957687379 0.73735308647155773 0.98213717341423046 0.46247655153274542 0.74133810400962841 0.58280590176582348 11.500000000000002 1.0000000180025095e-35 1.0000000180025095e-35 1.0000000180025095e-35 0.40175439417362219 0.38327018916606909 12.500000000000002 0.65058138966560375 19.500000000000004
decision_type=2 2 2 2 2 2 2 2 2 2 2 2 2 2 2 2 2 2 2 2 2 2 2 2 2 2 2 2 2 2
left_child=1 2 25 4 6 -6 7 -2 10 18 11 21 -13 -7 15 -12 -9 22 23 -20 -16 -5 -11 -10 -3 29 27 -27 -28 -1
right_child=3 24 -4 8 5 13 -8 16 9 17 14 12 -14 -15 20 -17 -18 -19 19 -21 -22 -23 -24 -25 -26 26 28 -29 -30 -31
leaf_value=0.018211644424090345 0.032581751580660553 0.062929906919702017 -0.018092515192795932 0.018325170150389442 -0.052927354576981903 0.056998104406487567 0.032828083728167354 -0.023610149456355721 -0.064720586552978215 0.043732966177811729 0.00042605922150685242 0.0059527018856146141 0.036922056268754763 -0.025383938713116998 0.026481701897645486 0.032923098654704538 0.015538775785997367 0.063214952104843999 -0.055391897752766928 -0.016350669289323723 -0.0088993819176090352 -0.0058434396607116535 -0.00018934523623410755 0.0023339060333897343 0.018549203774315078 -0.0017675403332852722 0.0091302059771594599 -0.033640310909367241 0.00014988659191169943 0.0002878953523009944
leaf_weight=514.22760981491956 98.462897939005416 74.674990085230093 382.4756795236608 315.5697713556001 49.757345627011091 200.75486131454818 174.70379521887844 1698.7735187627914 22.387547897080367 64.809878983920498 1734.5595479193798 414.23095854279381 482.33339029674971 26.652634432135528 100.77491689497401 334.15054838991273 111.22909455842091 43.818982403037808 195.43524987368801 991.5670203850932 2098.9010868183104 653.93607702772715 769.62616030641948 460.19462843336805 197.13929863535304 1027.1526095058016 2696.2420006295615 354.99891339233363 12629.096299754923 548.95220877836982
leaf_count=14323 2258 1618 2808 3003 2141 14594 5355 30664 388 2250 29084 5733 11181 16141 3779 6246 6083 29927 2622 29655 58198 6020 22146 5526 10396 129392 184289 44426 654605 25348
internal_value=7.89017e-06 0.00131906 0.000838565 -0.00216496 -0.00879535 0.0273103 -0.0137297 -0.0181499 -0.000340009 -0.00865367 0.0030911 0.0121176 0.0229034 0.0463159 -0.000827278 0.00581906 -0.02108 0.00678446 -0.0168662 -0.0231183 -0.00714949 0.00191281 0.00327163 -0.00108047 0.0322363 0.00125999 0.000745654 -0.010161 0.00174273 0.00915152
internal_weight=29467.6 18425 18153.1 11042.6 2360.33 277.165 2083.17 1908.47 8682.3 2547.84 6134.46 1866.07 896.564 227.407 4268.39 2068.71 1810 878.255 1669.58 1187 2199.68 969.506 834.436 482.582 271.814 17770.7 16707.5 1382.15 15325.3 1063.18
internal_count=1360199 1067205 1055191 292994 77236 32876 44360 39005 215758 92514 123244 25937 16914 30735 97307 35330 36747 54323 38191 32277 61977 9023 24396 5914 12014 1052383 1012712 173818 838894 39671
is_linear=0
shrinkage=0.08


Tree=203
num_leaves=31
num_cat=0
split_feature=4 16 1 16 0 16 0 16 4 16 1 1 2 16 2 1 0 16 1 4 19 9 2 0 1 1 15 16 16 0
split_gain=13.5589 31.828 26.1404 22.1584 33.7323 28.4021 20.6379 24.7709 23.8942 23.4301 40.3604 18.8667 36.7009 30.0594 18.1168 18.3053 17.7459 13.7894 13.2922 20.6268 13.0024 19.1703 54.6932 14.6377 52.172 19.5057 14.5103 11.3923 10.1758 18.8408
threshold=15.500000000000002 0.31311275064945226 0.42163743078708654 0.31311275064945226 0.19639987498521808 0.4724747389554978 0.36088341474533087 0.41742423176765447 18.500000000000004 0.62192192673683178 0.80217391252517711 0.4817046076059342 0.4817046076059342 0.4380482435226441 0.13446328043937686 0.44552318751811987 0.58499062061309826 0.38529014587402349 0.15484515577554706 26.500000000000004 1.0000000180025095e-35 0.71902769804000866 0.63686314225196849 0.3948992937803269 0.48514269292354589 0.55351883172988903 0.053970633074641235 0.37807808816432958 0.16823899745941165 0.16784037649631503
decision_type=2 2 2 2 2 2 2 2 2 2 2 2 2 2 2 2 2 2 2 2 2 2 2 2 2 2 2 2 2 2
left_child=3 2 18 4 -1 14 7 8 17 11 16 13 -13 -8 -5 -16 -11 -3 28 -20 21 26 -23 24 -22 -25 -7 -10 29 -2
right_child=1 6 -4 5 -6 20 9 -9 27 10 -12 12 -14 -15 15 -17 -18 -19 19 -21 23 22 -24 25 -26 -27 -28 -29 -30 -31
leaf_value=-0.099511790596703037 -0.049519820369948668 -0.0060272589975427209 -0.053604777333743039 -0.027441161104646668 0.0013621191560232516 0.010307195031669004 0.046192280766386408 -0.044749503254784218 -0.015702872411701187 -0.024641452766168415 0.016322889206240115 -0.059277407832874975 -0.0013497595689676528 -0.002478671166486745 0.024192373046426664 -0.0029838794976938371 -0.11283215954373339 0.03335763813626879 0.023512750815757592 -0.0056853502788197161 -0.011988274099753289 0.0062675787909645024 0.059698066472817821 0.0066847803889203174 0.076400162111476863 -0.00087402737668878833 -0.0050331248278065567 -0.050635782098980564 0.0039661247490521811 0.037185607153836078
leaf_weight=30.714360963724175 62.134496382263023 151.35103657965374 38.767670668272331 54.047301140613854 44.547297744720709 593.16204411058425 121.71753008203814 205.78406184655614 287.9182939559214 38.120993954136793 48.312287600514537 73.312112282648741 727.26424991584645 209.26485549709105 641.91902840364492 195.52425102702909 34.544329081771139 81.034447353260475 508.89814110005682 207.94194070932281 1224.4363451236277 886.29847975819575 139.71369007241083 2464.8216845498027 38.941913623159053 18935.910181167084 1153.0434017118423 84.430830469424109 175.45707597583532 14.920370868057942
leaf_count=496 1210 2477 4732 583 1599 82477 5024 20651 8311 1820 2554 9650 32842 13325 9834 8545 719 1695 7406 4551 141816 27292 180953 138977 4003 568870 70588 4909 2038 218
internal_value=-8.46667e-05 -0.00511581 0.00641418 0.000495349 -0.0414458 0.000629167 -0.0108292 -0.020788 -0.0120717 -0.00420065 -0.0369449 -0.000411981 -0.00718805 0.0153647 0.0146257 0.0176774 -0.0731914 0.00744585 0.00924151 0.0148406 0.000129549 0.00530106 0.0139527 -0.000496989 -0.00884724 0 0.000100957 -0.024614 -0.00601146 -0.029538
internal_weight=29474.3 3071.17 1008.12 26403.1 75.2617 26327.8 2063.06 810.519 604.735 1252.54 120.978 1131.56 800.576 330.982 891.491 837.443 72.6653 232.385 969.352 716.84 25436.3 2772.22 1026.01 22664.1 1263.38 21400.7 1746.21 372.349 252.512 77.0549
internal_count=1360165 124132 20155 1236033 2095 1233938 103977 38043 17392 65934 5093 60841 42492 18349 18962 18379 2539 4172 15423 11957 1214976 361310 208245 853666 145819 707847 153065 13220 3466 1428
is_linear=0
shrinkage=0.08


Tree=204
num_leaves=31
num_cat=0
split_feature=2 1 7 0 0 1 3 6 7 1 3 2 16 1 15 16 3 3 7 0 1 3 7 4 4 4 9 2 3 16
split_gain=10.9945 71.0703 67.5918 44.7935 39.9873 170.596 304.456 59.1204 43.7579 58.5585 38.8993 27.9658 113.812 66.1602 48.0742 64.928 56.075 38.8601 41.7009 34.9121 29.2563 24.9117 24.4302 24.2741 22.7045 20.8359 20.3423 23.8073 19.0542 27.4122
threshold=0.85270008444786083 0.89386734366416942 0.76028168201446544 0.90999102592468273 0.8019607961177827 0.85145786404609691 0.83910790085792553 1.0000000180025095e-35 0.65648320317268383 0.80217391252517711 0.73375529050827037 0.89377820491790783 0.85053193569183361 0.95861870050430309 0.045117771252989776 0.94312667846679699 0.91331186890602123 0.87570226192474376 0.78538051247596752 0.84877073764801036 0.97467949986457836 0.93127068877220165 0.57712131738662731 5.5000000000000009 7.5000000000000009 4.5000000000000009 0.43595819175243383 0.80735492706298839 0.88273492455482494 0.96824595332145702
decision_type=2 2 2 2 2 2 2 2 2 2 2 2 2 2 2 2 2 2 2 2 2 2 2 2 2 2 2 2 2 2
left_child=2 24 3 4 8 7 -7 -6 10 -10 -1 12 17 19 22 25 -17 18 -3 -14 -19 -4 -13 -24 28 -16 -5 -28 29 -2
right_child=1 11 21 26 5 6 -8 -9 9 -11 -12 14 13 -15 15 16 -18 20 -20 -21 -22 -23 23 -25 -26 -27 27 -29 -30 -31
leaf_value=0.0010382831701210393 0.051975461215630042 -0.06615398504281414 0.064800480504423913 0.0031033274943337865 0.047668854336980558 -0.11744504643766748 -0.013702519273025271 0.0040585544502027273 0.033642581696708466 0.0023272962618124111 -0.0069812729407703264 -0.064691404677932621 -0.0047523469740642001 0.036621789723058698 0.049598514680015846 0.03674929697419576 -0.02070119604943493 0.044425045932912736 0.032712726152606397 -0.084927311770768912 0.001013152914056446 0.010564431294485071 0.0013591200617044921 -0.026954737660865508 -0.041498955350952958 -0.0048085799268996641 0.062716115524188099 0.0028221566363187895 0.013609060270240968 0.0043402256933598535
leaf_weight=11331.707824600569 299.86222260854083 96.861362976400414 127.72251855842842 150.56071316065209 256.58218614069119 198.45867929048836 1726.3841975178402 878.90177833945927 526.22010571345163 1411.6037139482833 5854.2430227530422 33.311637261225769 47.964404990794719 38.247603660660388 358.29429322688156 162.74553277450468 303.83412621152092 105.07892389733024 31.396680088102585 196.36426802996721 1119.0853211641006 109.20126333580629 3092.7702481150918 201.54465428746335 25.808602489400073 44.454413784333155 131.41034853616293 70.791818106681603 386.52071066479402 115.07721007826331
leaf_count=520591 10141 1838 3394 4978 15469 4348 51025 27189 15376 38448 214635 3789 1124 1716 29736 11256 12581 2819 674 4093 40885 5179 291435 3941 584 1379 20304 4416 12881 3782
internal_value=-8.4535e-07 0.0028518 -0.000842446 -0.00130055 -0.00175981 -0.0102445 -0.0247583 0.0142191 -0.000391337 0.0109781 -0.00168544 -0.00024177 -0.00912683 -0.0548349 0.00318823 0.0198922 -0.000145692 0.000472389 -0.0404321 -0.0702407 0.00503524 0.0411987 -0.00115091 -0.000362838 0.024723 0.0432155 0.0267545 0.0430933 0.027298 0.0393545
internal_weight=29433 6659.22 22773.8 22536.9 22184.1 3060.33 1924.84 1135.48 19123.8 1937.82 17186 5831.95 1635 282.576 4196.95 869.328 466.58 1352.42 128.258 244.329 1224.16 236.924 3327.63 3294.31 827.269 402.749 352.763 202.202 801.46 414.939
internal_count=1360006 434654 925352 916779 887081 98031 55373 42658 789050 53824 735226 407266 53149 6933 354117 54952 23837 46216 2512 5217 43704 8573 299165 295376 27388 31115 29698 24720 26804 13923
is_linear=0
shrinkage=0.08


Tree=205
num_leaves=31
num_cat=0
split_feature=19 1 14 16 9 11 14 9 2 9 9 11 5 6 0 15 9 0 16 1 2 15 9 0 9 11 0 0 7 16
split_gain=12.2517 16.4733 42.5938 12.0769 10.3422 30.1459 36.4516 48.469 44.7934 32.4104 42.7573 26.3529 56.1396 102.844 72.7219 25.9226 35.492 26.1376 10.1396 11.6122 26.6993 43.0586 23.5534 22.2788 19.2237 10.4722 8.14377 7.7833 7.10869 6.51282
threshold=1.0000000180025095e-35 0.90521115064620983 0.18465909361839297 0.2124435901641846 0.59280791878700267 1.0000000180025095e-35 0.34313726425170904 0.91903391480445873 0.43657262623310095 0.98021757602691661 0.96207326650619518 1.0000000180025095e-35 1.0000000180025095e-35 1.0000000180025095e-35 0.8019607961177827 0.37282468378543859 1.0000000180025095e-35 0.37248718738555914 0.2124435901641846 0.49205549061298376 0.49752475321292883 0.30150328576564794 0.70613268017768871 0.46247655153274542 0.86800479888916027 1.0000000180025095e-35 0.18561584502458575 0.13873296231031421 0.48683299124240881 0.16823899745941165
decision_type=2 2 2 2 2 2 2 2 2 2 2 2 2 2 2 2 2 2 2 2 2 2 2 2 2 2 2 2 2 2
left_child=1 18 28 27 11 9 8 -8 -7 10 -6 15 13 -13 -14 16 -5 -17 26 23 21 -21 -22 24 -20 -25 -1 29 -3 -2
right_child=3 2 -4 4 5 6 7 -9 -10 -11 -12 12 14 -15 -16 17 -18 -19 19 20 22 -23 -24 25 -26 -27 -28 -29 -30 -31
leaf_value=-0.034457663681630224 -0.037281618284934447 -0.037298564732161095 0.062468223505936109 0.002242417286642226 0.001888738057580926 -0.011800099882109316 -0.011942189898646418 0.00076588229621412339 0.025732771461227637 0.026952775613232324 -0.023464030643364379 -0.0042658757847312484 0.044718194155136497 0.13148541948550946 -0.0089016364419078915 -0.0012410057437790454 -0.010460856590665393 0.056442346008278514 0.0088255898988613916 0.00062529917653998766 -0.0055944152429973863 -0.077896979876739339 0.020102954828846348 -0.0022614119812653021 -0.0095922118547947018 0.034647469953658153 0.0043933304253462964 0.031298715744960418 0.0075832565205141709 0.017250650741927564
leaf_weight=80.60349438310368 19.304225768311881 18.423505761929846 102.56469138436296 4079.9172875542426 7317.6485496140958 331.73126299351861 4905.5553664184918 3116.7019730567554 496.71023981741746 301.37114681264939 446.78854598975158 1296.5212615215496 485.08267043366504 31.715526926156599 232.86530413826404 91.301341919432161 2133.2429823616476 93.771565965522313 1192.4964761197043 100.87535302316246 797.46882218418978 69.891823327612656 312.52977612946052 51.359992790814431 509.30551842400746 231.52127186582584 45.153384655452101 117.09702740783541 336.30893807176835 25.069617101398762
leaf_count=1428 447 621 216529 29226 80980 29005 147538 108735 22135 7757 4140 142156 11376 372 15407 6878 350509 2268 36640 3369 39618 1251 57700 2512 4840 7775 954 1997 25776 303
internal_value=-0.000166759 0.00403103 0.0182436 -0.000806674 -0.000953499 -0.00209837 -0.00532482 -0.00698768 0.010531 0.00142332 0.00039511 0.00132095 0.00922084 -0.000423459 0.0271641 -0.00118571 -0.00209833 0.0278598 0.00204335 0.00295647 -0.00288832 -0.0319038 0.00155511 0.00680646 0.00320792 0.0274676 -0.0196499 0.0206288 0.00432146 -0.00460528
internal_weight=29370.9 3848.5 457.297 25522.4 25360.9 16916.5 8850.7 8022.26 828.442 8065.81 7764.44 8444.42 2046.18 1328.24 717.948 6398.23 6213.16 185.073 3391.21 3265.45 1280.77 170.767 1110 1984.68 1701.8 282.881 125.757 161.471 354.732 44.3738
internal_count=1360242 399013 242926 961229 958482 400290 307413 256273 51140 92877 85120 558192 169311 142528 26783 388881 379735 9146 156087 153705 101938 4620 97318 51767 41480 10287 2382 2747 26397 750
is_linear=0
shrinkage=0.08


Tree=206
num_leaves=31
num_cat=0
split_feature=4 16 3 7 16 16 3 1 2 7 4 16 7 13 3 3 3 7 4 7 7 16 3 3 7 4 4 3 16 3
split_gain=10.8674 28.765 24.9313 23.9925 23.8395 33.352 38.9344 27.2382 24.7892 59.257 55.3357 56.4426 45.2398 27.1237 27.1063 23.1299 21.6788 20.2159 17.7512 16.5117 16.136 16.0459 41.0417 28.509 15.4384 15.4255 15.0325 13.6431 13.334 12.3828
threshold=16.500000000000004 0.29758481681346899 0.42947559058666235 0.11374663189053537 0.52419984340667736 0.29758481681346899 0.66260164976120006 0.5388936996459962 0.44327485561370855 0.36461389064788824 10.500000000000002 0.6760731339454652 0.43613053858280187 1.0000000180025095e-35 0.75905716419219982 0.5646599829196931 0.72834226489067089 0.2014492750167847 6.5000000000000009 0.2290398105978966 0.17712418735027316 0.57247900962829601 0.77849927544593822 0.53427231311798107 0.16784037649631503 18.500000000000004 18.500000000000004 0.56949809193611156 0.32466214895248419 0.58397436141967785
decision_type=2 2 2 2 2 2 2 2 2 2 2 2 2 2 2 2 2 2 2 2 2 2 2 2 2 2 2 2 2 2
left_child=4 2 24 -4 5 6 -1 17 10 16 11 18 -13 15 -12 -11 -10 -7 -6 26 -5 -21 23 -23 -2 -24 28 -19 -3 -22
right_child=1 19 3 20 8 7 -8 -9 9 13 14 12 -14 -15 -16 -17 -18 27 -20 21 29 22 25 -25 -26 -27 -28 -29 -30 -31
leaf_value=-0.085561434830281197 0.0038024424850148513 0.039316527590169216 0.037024612228312749 -0.048169670638251512 0.038870905854023231 0.0048580180321264313 0.026413916756167281 -0.0027434989174838372 0.034655987657034648 0.016281244859214766 -0.037637739021589983 -0.011274049980953684 0.073425481471059081 0.0327305736217069 0.038417321789589731 -0.00060649721770846497 -0.012481145455774317 0.019115097002887511 0.0089156024955327345 -0.0022571803132202923 0.0045904540509463408 0.018811992252369302 -0.016519521509676293 -0.074540133026801028 0.031870088380213012 0.049084193111931365 -0.036965994075943392 0.045556703938625882 -0.016783065387599733 -0.03901303716226906
leaf_weight=44.95028384413672 281.28719108377118 29.345052436343394 51.385286799719324 84.055682467864244 182.30553940301252 529.41117380998185 27.003618594797445 615.38586007113554 426.21916241992039 527.17289810658986 430.17790098961268 1860.4336608527701 35.876730722604407 156.50690748564011 26.192652514662768 20719.231123511003 64.933262107568225 612.22498004633962 473.02440199540433 1018.1614761931523 153.99856107095547 20.960613731083868 38.775993617491622 96.685573955066502 247.90948181500426 39.404298046254553 258.01660264292877 177.87350689169398 115.8123285352558 49.756477875642304
leaf_count=748 3654 366 1068 1694 3116 7873 1331 26301 15541 31225 46274 161042 1215 30382 1856 884540 3512 16297 23199 62240 2611 1844 2190 3392 3552 1965 7927 6292 3212 4299
internal_value=-1.57709e-05 -0.00507676 0.00652668 -0.0100189 0.00044662 0.00882526 -0.0424732 0.01092 -0.000223825 0.000705644 -0.00703209 -0.00234956 -0.00939857 6.45305e-05 -0.0325569 -0.000176212 0.0280387 0.0173994 0.0177224 -0.0114072 -0.0194533 -0.00651717 -0.0272618 -0.0565145 0.0174259 0.0155853 -0.0254792 0.0255181 -0.00344487 -0.00597035
internal_weight=29394.5 2485.55 868.393 339.196 26908.9 2006.85 71.9539 1934.9 24902.1 21894.1 3008.01 2551.64 1896.31 21402.9 456.371 21246.4 491.152 1319.51 655.33 1617.16 287.811 1213.99 195.826 117.646 529.197 78.1803 403.174 790.098 145.157 203.755
internal_count=1360758 100014 16878 9672 1260744 58842 2079 56763 1201902 965200 236702 188572 162257 946147 48130 915765 19053 30462 26315 83136 8604 71631 9391 5236 7206 4155 11505 22589 3578 6910
is_linear=0
shrinkage=0.08


Tree=207
num_leaves=31
num_cat=0
split_feature=16 4 7 1 12 1 7 16 15 2 2 7 1 2 7 2 1 2 1 1 2 2 5 10 2 2 1 15 4 10
split_gain=9.53276 34.69 37.9703 71.5164 37.5835 21.5404 93.1308 36.1529 30.4648 44.0447 29.3903 18.7308 17.5077 51.0964 23.635 64.1767 50.23 45.8401 83.6332 57.529 117.236 37.7083 26.9323 22.9744 20.3691 19.7994 15.5973 14.2392 13.6331 11.9772
threshold=0.87596154212951671 3.5000000000000004 0.68457102775573742 0.80217391252517711 1.0000000180025095e-35 0.74849396944046032 0.60495716333389293 0.64760348200798046 0.088834539055824294 0.61257407069206249 0.74115687608718883 0.83250823616981517 0.94474968314170849 0.83414238691329967 0.66343042254447948 0.78142958879470836 0.87570226192474376 0.86222714185714733 0.85145786404609691 0.88047617673873912 0.88036698102951061 0.84074437618255626 1.0000000180025095e-35 0.56949043273925792 0.78404876589775097 0.74322345852851879 0.99565216898918163 0.66324833035469066 15.500000000000002 0.96672815084457409
decision_type=2 2 2 2 2 2 2 2 2 2 2 2 2 2 2 2 2 2 2 2 2 2 2 2 2 2 2 2 2 2
left_child=1 4 5 -4 29 6 7 -3 10 -10 -7 26 14 23 15 16 22 18 21 -19 -21 -16 -2 -14 -20 -18 -5 -6 -8 -1
right_child=12 2 3 11 27 8 28 -9 9 -11 -12 -13 13 -15 17 -17 25 19 24 20 -22 -23 -24 -25 -26 -27 -28 -29 -30 -31
leaf_value=-0.0018339977967348363 -0.011590027944982862 0.0030125891580668925 0.060277902692772396 0.011453203706197308 0.033361653425586522 0.0058350360573797468 0.041268312190454459 -0.0072426402738995921 0.011613226341832207 -0.021505309545649699 -0.0099086076556617574 0.034820474050414274 0.0082993904656610447 0.00052580801263537485 -0.00637410707848746 0.028268401073205631 0.059584652635152675 0.039676646355242998 -0.0092019264433207664 -0.084295430926727241 0.0021770955767773325 0.049422871594282006 0.0013248058781742506 0.071358810067408948 -0.044236981311925043 0 0.00056326896557452964 0 -0.023608746885823637 0.042526946971957733
leaf_weight=654.95626529363653 2099.2831645946771 5047.530110167816 148.18944004421792 1168.1194726873946 509.73068846731985 1593.4918939963973 379.11822300459608 3878.5180606813192 308.01134990723222 1331.6153122640171 1432.5328058863961 123.19534168720202 71.067938046355266 1864.3471632796045 584.06618714056458 445.50040162663208 103.69479173683794 202.17102135201276 146.63506697910634 105.95431990764337 1018.4571312779954 84.14942715602956 1990.0615666822305 94.889736536057171 612.54636119958741 60.125529262062628 3106.236007061183 100.42003237025347 15.605041780363534 36.274871135225112
leaf_count=21309 92264 202233 4049 36236 36711 72617 10409 218365 7134 24545 47205 6245 2028 246064 18571 15157 4835 6502 4065 2109 47068 2669 90856 13215 15031 1887 107554 851 351 983
internal_value=0 0.000994022 9.71011e-05 0.00645306 0.0135948 -0.00195879 0.000246599 -0.00142713 -0.00639439 -0.0151702 -0.00156933 0.00453652 -0.00208907 0.00445253 -0.00389443 -0.000407317 -0.00347821 -0.00977441 -0.019703 0.000822385 -0.00616673 0.000729706 -0.00527206 0.0463233 -0.0377839 0.0391826 0.00358662 0.0279851 0.0380399 0.000552885
internal_weight=29316.5 19833.5 18532.2 4545.74 1301.38 13986.4 9320.77 8926.05 4665.65 1639.63 3026.02 4397.55 9482.95 2030.3 7452.64 4698.67 4253.17 2753.98 1427.4 1326.58 1124.41 668.216 4089.34 165.958 759.181 163.82 4274.36 610.151 394.723 691.231
internal_count=1359118 796797 736943 154084 59854 582859 431358 420598 151501 31679 119822 150035 562321 261307 301014 204999 189842 96015 40336 55679 49177 21240 183120 15243 19096 6722 143790 37562 10760 22292
is_linear=0
shrinkage=0.08


Tree=208
num_leaves=31
num_cat=0
split_feature=16 4 0 0 14 1 1 1 7 3 0 5 3 0 1 3 4 7 16 1 0 3 0 4 0 3 0 0 1 0
split_gain=8.67975 31.9867 29.9509 38.7041 39.747 33.732 31.4687 85.8004 29.8094 24.0047 26.9164 20.1621 18.2583 61.2612 42.9941 84.049 60.7773 39.8208 17.8188 16.7013 16.4958 16.349 15.2214 14.2267 75.3742 55.6682 91.6283 66.4222 49.7995 109.925
threshold=0.82807883620262157 5.5000000000000009 0.65030118823051464 0.80982521176338207 0.18898809701204303 0.70064935088157665 0.77849927544593822 0.89512962102890026 0.80673459172248851 0.64051282405853283 0.28097587823867803 1.0000000180025095e-35 0.89943820238113414 0.84575733542442333 0.97332859039306652 0.98373878002166759 6.5000000000000009 0.73097601532936107 0.78989815711975109 0.89009663462638866 0.58885449171066295 0.87570226192474376 0.74115687608718883 3.5000000000000004 0.58885449171066295 0.73375529050827037 0.77003204822540294 0.66969698667526256 0.75716626644134533 0.71503761410713207
decision_type=2 2 2 2 2 2 2 2 2 2 2 2 2 2 2 2 2 2 2 2 2 2 2 2 2 2 2 2 2 2
left_child=1 2 5 6 11 9 22 -8 12 10 -1 -5 13 17 15 -14 -16 -3 -11 -6 -7 -15 -4 -2 -25 26 27 -26 29 -27
right_child=23 8 3 4 19 20 7 -9 -10 18 -12 -13 14 21 16 -17 -18 -19 -20 -21 -22 -23 -24 24 25 28 -28 -29 -30 -31
leaf_value=-0.00041711800836854388 0.000133251115116409 -0.0025250486507564065 -0.0062845538501814461 0.0597774413864939 0.046111999780226301 0.082551602848692771 -0.066136692457173629 0.014960158187452794 0.04007850584824274 0.0078936443756714766 0.032232015115846453 -0.012190112575025893 0.0085162802522168041 -0.066360711453946203 -0.035475294295612983 0.074466534969995765 0.0023959092781702784 0.040842601057452202 -0.043218170338882492 0.015062138485965782 0.02194940223907358 0.0035356058097593198 0.035717205741797972 -0.038392548588022032 0.00093228814053831197 -0.10080759873575447 -0.10136317509101961 0.052906680032079767 -0.0033291986879001949 0.0078167508586876218
leaf_weight=239.11156530860535 9674.9145350107246 8736.8757403569725 154.61557461984194 20.842270846544125 136.28128732176629 73.14923758868099 183.20358176415175 142.58373667084015 111.07541641181524 97.557609400791989 438.2083800716282 455.83806523082239 1003.3578591696059 115.70830891552032 294.1211943324306 137.9962353540177 2872.7755788309732 132.32481486083998 67.247626957236207 773.01901340288168 67.528548257054354 20.268344318159507 76.59995996663929 397.42964643508822 338.02105156494508 105.04688083021756 33.093414057904738 300.62421411255491 1984.028873137293 123.29571329821192
leaf_count=7294 578218 374616 6907 567 6371 1847 5928 5813 4907 4838 22007 15653 32124 2822 6888 5056 98105 2148 3674 38845 2165 303 3832 30506 8468 3301 798 8804 72342 4639
internal_value=0.000144905 0.00137523 0.00894871 0.00307633 0.0102953 0.020322 -0.0145335 -0.0304706 -0.000266161 0.0138242 0.0205529 -0.0081234 -0.000629694 -0.00268873 0.00363516 0.0169196 -0.00112126 -0.00183734 -0.0126784 0.0201175 0.0563113 -0.0550513 0.00741446 -0.00139529 -0.00594388 -0.00135837 0.0186602 0.0258673 -0.00753711 -0.0425585
internal_weight=29306.7 16350.3 2925.79 1942.98 1385.98 982.803 557.003 325.787 13424.5 842.125 677.32 476.68 13313.4 9005.18 4308.25 1141.35 3166.9 8869.2 164.805 909.3 140.678 135.977 231.216 12956.5 3281.54 2884.11 671.739 638.645 2212.37 228.343
internal_count=1359786 652710 125741 83916 61436 41825 22480 11741 526969 37813 29301 16220 522062 379889 142173 37180 104993 376764 8512 45216 4012 3125 10739 707076 128858 98352 18070 17272 80282 7940
is_linear=0
shrinkage=0.08


Tree=209
num_leaves=31
num_cat=0
split_feature=17 3 13 10 9 1 15 0 3 2 3 1 1 3 0 9 4 0 16 0 14 0 1 3 12 4 3 0 16 14
split_gain=12.0791 31.2984 38.3404 25.1504 18.9158 16.0111 14.7722 38.5822 30.7293 26.2184 56.6008 40.7213 186.684 52.5719 66.1168 46.8382 42.5265 33.6296 32.3713 26.8107 23.698 20.5866 18.6758 18.3068 18.1759 16.4845 14.9471 15.5403 11.3179 11.2708
threshold=1.0000000180025095e-35 0.58898946642875682 1.0000000180025095e-35 0.97785946726799022 0.96406567096710216 0.55351883172988903 0.49056966602802282 0.53410854935646068 0.61167800426483165 0.49752475321292883 0.59611794352531444 0.49731183052062994 0.60640108585357677 0.60660174489021312 0.54201978445053112 1.0000000180025095e-35 16.500000000000004 0.59611794352531444 0.52419984340667736 0.51191151142120372 0.14642857760190967 0.49089705944061285 0.52027395367622387 0.57836258411407482 1.0000000180025095e-35 10.500000000000002 0.70396453142166149 0.60640108585357677 0.33615820109844213 0.85164836049079906
decision_type=2 2 2 2 2 2 2 2 2 2 2 2 2 2 2 2 2 2 2 2 2 2 2 2 2 2 2 2 2 2
left_child=6 5 4 -4 -3 28 9 20 -9 11 17 13 15 14 -1 -13 -14 19 -15 -11 -8 -12 -23 -19 29 -26 27 -10 -2 -22
right_child=1 2 3 -5 -6 -7 7 8 26 10 21 12 16 18 -16 -17 -18 23 -20 -21 24 22 -24 -25 25 -27 -28 -29 -30 -31
leaf_value=-0.017908423347721018 0 -0.021938367246281253 0.042640995028704096 -0.037365253608843498 0.04117403112169235 0.053153450594781715 0.064931162298904624 0.058378572803245446 -0.030103466346596434 0.0090384185212337431 0.03145578365676048 0.01473966299861605 0.022651625465546617 0.058960275801520211 0.051044431461855826 -0.076865280137545164 -0.043783985704557875 -0.067630835615915014 0.009018734641991405 0.041452975535987278 0.028805112847510587 0.020669614945703026 -0.00060066451218892744 0.0018780316349645604 0.006440791707687625 -0.0037552622979720621 0.036271523666169023 0.028123619737987209 -0.039366697226471702 0.0031619572334478131
leaf_weight=889.71191378234653 54.724819386336094 258.70175291730629 165.55011970575652 23.401641665272109 28.192875196735258 8.9182868172065337 34.031798619005713 142.91376295918599 76.098622796329437 307.03893902748314 126.34534487122801 35.46534948295448 365.16781699062631 108.54836995858568 93.072556985513074 307.48980903294068 68.002068789490295 30.816150371261756 361.10941296627425 394.80544863692921 244.32296876750479 262.47205706480963 20120.469936787347 61.592929680518864 1722.0323392678838 2448.0007640268595 70.22443487694909 39.175496647629188 252.62465445787529 226.19885599870759
leaf_count=207534 1461 4426 27238 5556 274 243 381 1282 617 15572 5751 1106 16605 7151 2983 32556 8577 1214 18879 12611 3691 10543 864994 1713 36149 34226 6938 924 26753 2593
internal_value=0.000402475 -0.0092973 0.00339545 0.0311995 -0.0145892 -0.0286481 0.000678922 0.0046253 0.0309662 -0.000154098 0.000703366 -0.00840571 -0.0231392 -0.000370605 -0.0109911 -0.0668568 0.0114763 0.0215905 0.0213979 0.027663 0.00270943 -0.000102784 -0.000313916 -0.0219406 0.00214928 0.000419588 0.00802909 -0.00863839 -0.0323468 0.0169768
internal_weight=29327.2 792.114 475.846 188.952 286.895 316.268 28535.1 5003 328.412 23532.1 21303.5 2228.57 776.125 1452.44 982.784 342.955 433.17 794.253 469.658 701.844 4674.59 20509.3 20382.9 92.4091 4640.55 4170.03 185.499 115.274 307.349 470.522
internal_count=1360541 65951 37494 32794 4700 28457 1294590 86801 9761 1207789 912398 295391 58844 236547 210517 33662 25182 31110 26030 28183 77040 881288 875537 2927 76659 70375 8479 1541 28214 6284
is_linear=0
shrinkage=0.08


Tree=210
num_leaves=31
num_cat=0
split_feature=14 9 9 10 14 9 9 10 10 10 9 9 10 0 14 10 5 9 16 4 10 9 0 16 10 9 5 12 9 14
split_gain=9.00034 41.3313 19.9068 30.4386 28.8971 38.7528 38.4588 31.076 22.9301 20.7213 40.3448 46.8002 24.6821 33.2807 23.9431 18.8647 23.1578 18.5834 18.4496 15.0762 13.1801 12.906 12.5698 12.3422 12.0185 41.2846 20.8909 29.0016 20.2388 65.2435
threshold=0.77350428700447094 0.9542815387248994 0.88019138574600231 0.91184088587760936 0.88194444775581371 0.79393151402473461 0.65636926889419567 0.85462316870689403 0.90016075968742382 0.99292451143264782 0.93946442008018505 0.98636335134506237 0.97064974904060375 0.55036231875419628 0.91987180709838878 0.95217302441596996 1.0000000180025095e-35 0.60039526224136364 0.79205974936485302 8.5000000000000018 0.90946349501609813 0.94345891475677501 0.89687398076057445 0.6900656819343568 0.76037362217903148 0.69247421622276317 1.0000000180025095e-35 1.0000000180025095e-35 0.46190130710601812 0.078461539000272765
decision_type=2 2 2 2 2 2 2 2 2 2 2 2 2 2 2 2 2 2 2 2 2 2 2 2 2 2 2 2 2 2
left_child=1 24 4 -4 5 7 15 17 -7 12 14 -12 21 -14 -11 20 -17 -2 -8 -9 -6 -5 -20 -10 28 26 27 -26 29 -1
right_child=2 -3 3 9 6 8 18 19 23 10 11 -13 13 -15 -16 16 -18 -19 22 -21 -22 -23 -24 -25 25 -27 -28 -29 -30 -31
leaf_value=-0.0027643406507552775 0.0091416905870890502 0.028160482124096303 -0.022972890722098866 -0.0064878510262410148 -0.0036764860727820717 -0.056733841940861167 0.018470719448115205 0.023599697974727971 -0.037695388122373157 0.002060634097334358 -0.030489756540240012 0.0066481307776988284 0.0065232380031335262 -0.024051537074546343 0.044758408610758325 -0.0076165969076306596 0.036953601312152709 -0.054245754059918119 -0.00042264756940101815 -0.0062635578224531823 -0.023317556907530963 0.0037420822256877795 0.016980508120543941 -0.0042324437177260425 0.034964093142420445 -0.00062461239354160423 0.022502197171713534 0.00046833942320582609 -0.006334523692974871 0.017799799690143756
leaf_weight=5013.4040545107928 38.558933195046848 345.99346460707238 539.07178629601003 1916.8027099562132 592.7294933864905 120.15300498457509 1167.6066934836344 309.64357648526493 104.68803482188014 150.14619278333339 282.24330632309102 876.1606436900347 297.89285671068865 851.11979932461509 214.80239851854276 161.5089529504985 125.18340243800776 76.001011855492834 925.17039978419962 151.12965790842281 368.14114937427075 1314.9212329239945 358.33125414655478 240.26991641996392 180.13876517301105 5951.7543767179413 812.74886368350417 1056.3100516005798 3493.2691932471134 1222.8212309188566
leaf_count=373413 929 16738 8689 37192 8951 3532 17122 12582 1575 6863 10231 54431 3147 30109 8212 4497 7648 1941 16157 2080 7951 30085 16637 9029 3674 259600 63496 22851 238180 82873
internal_value=-0.000128823 0.000968806 -0.00191711 -0.00481771 0.00199365 -0.00970059 0.00533512 0.00394912 -0.0267878 -0.00311494 0.00485346 -0.00235508 -0.00592472 -0.0159922 0.0278896 -0.00600031 0.0115962 -0.0320823 0.0111702 0.0134992 -0.011449 -0.00227672 0.00435887 -0.0152385 0.000421375 0.00272432 0.0125068 0.0057435 -0.00145642 0.00125334
internal_weight=29258.7 18076.4 11182.3 6443.16 4739.12 1040.44 3698.67 575.333 465.111 5904.09 1523.35 1158.4 4380.74 1149.01 364.949 1247.56 286.692 114.56 2451.11 460.773 960.871 3231.72 1283.5 344.958 17730.4 8000.95 2049.2 1236.45 9729.49 6236.23
internal_count=1360415 1060825 299590 188959 110631 31668 78963 17532 14136 180270 79737 64662 100533 33256 15075 29047 12145 2870 49916 14662 16902 67277 32794 10604 1044087 349621 90021 26525 694466 456286
is_linear=0
shrinkage=0.08


Tree=211
num_leaves=31
num_cat=0
split_feature=2 10 3 0 6 7 4 3 0 2 10 14 12 0 4 2 3 15 7 15 0 0 14 2 7 3 0 15 7 2
split_gain=8.45067 28.2577 8.03011 64.7207 56.5906 48.2389 37.493 31.4076 108.138 28.5656 31.0469 47.4704 25.6142 22.4366 37.5962 31.1487 121.957 59.4049 43.2499 32.5145 32.5102 28.077 23.7821 13.0824 11.7734 11.4264 10.3093 9.60852 9.55187 9.42893
threshold=0.98529094457626354 0.7208254635334016 0.62115561962127697 0.53093111515045177 1.0000000180025095e-35 0.46841755509376531 11.500000000000002 0.58898946642875682 0.56440424919128429 0.58885449171066295 0.55078604817390453 0.12771739065647128 1.0000000180025095e-35 0.51530769467353832 13.500000000000002 0.59611794352531444 0.77303028106689464 0.30670653283596044 0.56992483139038097 0.31671878695487982 0.63686314225196849 0.64326766133308422 0.40588235855102545 0.21483516693115237 0.11374663189053537 0.6900656819343568 0.46697819232940679 0.1662075147032738 0.52803984284400951 0.62258651852607738
decision_type=2 2 2 2 2 2 2 2 2 2 2 2 2 2 2 2 2 2 2 2 2 2 2 2 2 2 2 2 2 2
left_child=2 -2 3 9 7 12 -7 29 -9 10 23 -12 -6 14 22 16 18 21 -15 -18 -19 -17 28 -1 -16 -26 -11 -28 -4 -5
right_child=1 -3 13 4 5 6 -8 8 -10 26 11 -13 -14 15 24 17 19 20 -20 -21 -22 -23 -24 -25 25 -27 27 -29 -30 -31
leaf_value=0.011764996975184641 0.0035204636097680908 0.057107343174068181 0.061666411905604006 0.054632154369463219 -0.010852674726039471 -0.014170900530509048 -0.10485211608860538 -0.043611061111971827 0.044033576395167841 0.054844626794878115 0.061994388677092803 -0.0013699323922218174 0.042632321103981255 -0.022293765789822523 0.03999175209520843 0.010848759915518194 0.0049473733490243968 -0.00067575087396534034 0.057777732056703578 0.038317712804242468 0.037457669008281298 -0.0019174684798015172 0.013600116433545154 -0.031749548652358781 -0.026408990984118367 0.0017772880206340051 0.045338065561251299 -0.0037714150904245231 0 0
leaf_weight=43.483120062210219 864.18868078113337 63.996838087381548 130.13343419342891 309.06102152958192 87.803653109527659 159.21968411232228 33.301414370900602 123.67629835348635 289.72703547621495 67.677398547850316 71.637435354263289 5730.8154849061684 134.45298855320289 1932.6253113447965 27.422209346288582 1180.6339844580343 746.92497634101164 207.68281335658685 38.428906807195744 252.10239791292042 402.64434496497415 15348.397588942464 261.3959418681643 289.21915971810449 148.3520501604653 205.16865152092942 31.190922122856136 68.052688592753839 12.742406895704333 17.052479610109003
leaf_count=8619 35987 146049 13766 5449 10161 7049 887 3906 4345 1542 4081 171320 2347 72086 799 41794 33198 3273 1255 21391 12412 560456 4187 164698 9015 16304 1261 1067 622 383
internal_value=0.000180786 0.00767283 -6.01634e-05 0.00218671 0.0195654 -0.00372837 -0.0329237 0.0327825 0.017223 -0.000984011 -0.00190834 -0.000507381 0.0210248 -0.000869958 0.0123329 -0.00139638 -0.00895307 -7.53199e-05 -0.0205094 0.0136765 0.0243215 -0.000992922 0.0292357 -0.0254986 -0.00533686 -0.00980792 0.0311264 0.0115625 0.0553323 0.0514656
internal_weight=29279.2 928.186 28351 7456.37 1154.29 414.778 192.521 739.517 413.403 6302.08 6135.16 5802.45 222.257 20894.7 785.215 20109.4 2970.08 17139.4 1971.05 999.027 610.327 16529 404.272 332.702 380.943 353.521 166.921 99.2436 142.876 326.114
internal_count=1359709 182036 1177673 387115 34527 20444 7936 14083 8251 352588 348718 175401 12508 790558 44693 745865 127930 617935 73341 54589 15685 602250 18575 173317 26118 25319 3870 2328 14388 5832
is_linear=0
shrinkage=0.08


Tree=212
num_leaves=31
num_cat=0
split_feature=7 2 0 15 4 3 0 3 0 6 3 1 1 4 1 4 3 0 2 14 2 1 5 15 3 10 10 0 19 10
split_gain=10.3448 63.9741 30.7905 48.5086 32.257 39.8079 48.0163 25.0435 24.3677 84.9987 109.284 109.156 65.7613 34.4775 32.8018 82.0095 35.7036 127.094 93.4845 27.7555 27.0832 23.0704 23.3579 21.6124 20.2254 15.6334 15.3191 15.2718 13.4739 13.4884
threshold=0.74883177876472484 0.83752354979515087 0.88036698102951061 0.024476415477693084 1.5000000000000002 0.90054944157600414 0.91715687513351452 0.97646731138229381 0.7897985875606538 1.0000000180025095e-35 0.9495762586593629 0.85857143998146068 0.87570226192474376 11.500000000000002 0.86706829071044933 4.5000000000000009 0.7897985875606538 0.69732204079628002 0.6911335587501527 0.92582416534423839 0.78910306096076976 0.89009663462638866 1.0000000180025095e-35 0.099289249628782286 0.80982521176338207 0.68766534328460704 0.2582839578390122 0.73735308647155773 1.0000000180025095e-35 0.99292451143264782
decision_type=2 2 2 2 2 2 2 2 2 2 2 2 2 2 2 2 2 2 2 2 2 2 2 2 2 2 2 2 2 2
left_child=2 7 8 21 5 -5 -7 -2 14 12 11 -11 -10 -12 16 20 18 -18 -1 -17 -16 -4 -23 28 27 -24 -14 -25 -3 -30
right_child=1 23 3 4 -6 6 -8 -9 9 10 13 -13 26 -15 15 19 17 -19 -20 -21 -22 22 25 24 -26 -27 -28 -29 29 -31
leaf_value=-0.0022982046737787883 0.05928238807452367 0.018887085206315594 0.029941782239328796 0.052585347468698113 0.042312519784792127 -0.040867393285895934 0.021993345664416578 0 0.040509768877976138 -0.0046789017207788004 0.0011055906579169959 -0.040615806717771791 0.044782095818603013 0.043063925968578082 0.053917723144393859 -0.0044492130264178666 0.010030423136198343 -0.02681412008965621 0.019191887892576996 0.01341471115260554 0.012072300182136939 0.044428131115944985 -0.0047010640673791236 0.026840337765824982 0.036837921943196988 -0.032856366212514893 -0.03109568614489986 -0.067988314509468253 -0.0015458824766199769 0.028367305398882218
leaf_weight=11647.42760740761 170.95076853411774 228.06878965721262 104.95796115742996 94.376755046003382 353.41354814501756 133.5972769359505 170.07557917993108 67.009782669143533 381.48533087509168 1100.8653947049934 1457.3415665333669 1083.2688969042501 13.434287981479427 133.20594218325277 282.91763766340591 1572.2130657877642 1064.6368673470643 1346.6503265671199 1452.4941482725408 851.05264592454478 173.45402401549109 41.69331428125588 426.40387212017959 13.064929340776869 178.85460768905614 186.95606081304868 130.65443827897798 19.036511819256702 4315.0133501203163 93.360426485713106
leaf_count=543167 5361 147471 964 6373 30370 5239 18682 3355 19442 30984 49425 25928 133 2801 9552 53031 45915 47755 38573 26600 10846 1979 12148 466 6463 24340 7332 296 153873 31157
internal_value=5.78987e-05 0.00334105 -0.000625884 0.0103987 0.0247699 0.00846583 -0.00535717 0.0434215 -0.00136942 -0.00678776 -0.0110186 -0.0226277 0.023114 0.00484376 -9.22734e-05 0.00773219 -0.00155721 -0.0104931 7.87796e-05 0.00177342 0.0386634 -0.0036708 -0.0094849 0.0012978 0.02604 -0.013738 -0.0216833 -0.0266656 0.000110737 -0.000844708
internal_weight=29287.9 5085.36 24202.6 1511.47 751.463 398.05 303.673 237.961 22691.1 4300.26 3774.68 2184.13 525.574 1590.55 18390.8 2879.64 15511.2 2411.29 13099.9 2423.27 456.372 760.011 655.053 4847.4 210.956 613.36 144.089 32.1014 4636.44 4408.37
internal_count=1360021 348442 1011579 100095 60664 30294 23921 8716 911484 136045 109138 56912 26907 52226 775439 100029 675410 93670 581740 79631 20398 39431 38467 339726 7225 36488 7465 762 332501 185030
is_linear=0
shrinkage=0.08


Tree=213
num_leaves=31
num_cat=0
split_feature=4 3 15 0 13 3 9 10 9 3 7 3 3 0 10 3 0 0 0 1 9 4 10 0 10 7 10 1 3 1
split_gain=9.94694 15.6488 13.3939 38.7156 25.6834 15.5039 13.5489 28.8619 29.5371 25.8187 23.6975 15.0137 13.4681 22.2942 12.0119 11.0396 15.6184 10.3607 14.7224 14.3795 8.31623 7.54788 7.33147 10.3782 10.1645 8.76153 7.27311 7.13292 7.06242 26.9491
threshold=17.500000000000004 0.28801843523979193 0.52502122521400463 0.50944742560386669 1.0000000180025095e-35 0.44281046092510229 0.90019920468330394 0.90336728096008312 0.84970706701278698 0.51899951696395885 0.73942822217941295 0.76253134012222301 0.36254107952117925 0.30860807001590734 0.87727573513984691 0.55625879764556896 0.53410854935646068 0.25158227980136877 0.40862709283828741 0.53390806913375866 0.49668815732002264 1.5000000000000002 0.49545417726039892 0.61348485946655285 0.77811044454574596 0.16784037649631503 0.85462316870689403 0.47478812932968145 0.97801932692527782 0.9569842815399171
decision_type=2 2 2 2 2 2 2 2 2 2 2 2 2 2 2 2 2 2 2 2 2 2 2 2 2 2 2 2 2 2
left_child=2 -2 5 4 12 17 7 8 -7 27 -9 -11 26 -14 -6 -5 -17 -1 19 -19 22 -16 23 -3 25 -24 -4 -8 29 -22
right_child=1 20 3 15 14 6 9 10 -10 11 -12 -13 13 -15 21 16 -18 18 -20 -21 28 -23 24 -25 -26 -27 -28 -29 -30 -31
leaf_value=4.2861631771047297e-05 0.018649238845428212 -0.025854280820028632 0.0072045318692682062 0.068877586975559249 0.0075944786940145507 0.0004667379696647297 0 0.0039912914514287469 -0.012306905064220768 -0.010908423067224249 0.020200506145301885 -0.0014521067183043063 0.019913044530639305 0.0010811729582288578 0.012937216622062186 -0.018427619602016623 0.035662326003485054 -0.036424889658013083 0.036251974275474518 0.063676771981522842 -0.0096102863401182643 -0.042981880614063279 -0.011731917402822579 0.025518300216694954 -0.0053336088949059047 0.042556675297043239 -0.0065086848769987026 0.062671092278242316 -0.028767817788851457 0.058952461629666345
leaf_weight=134.96402434640913 152.1476384937996 79.165829764489899 348.75457158306381 52.235577346174978 42.294632920180447 13305.04175258521 16.332424621098653 2881.2415743868951 1262.5319465467092 1548.7157774419247 732.1311003357423 3657.3341625574712 701.47152677070699 981.12540353306395 10.46042465046048 36.080094523029402 150.9893120222805 214.14491571620601 15.643826295709003 4.0307588413415933 1534.6255564536405 128.46130926557817 16.559393386356533 28.744592525137705 72.711313820051146 82.276031841363874 780.75786894431803 42.104942480887985 115.60480773203017 32.088028312533424
leaf_count=22446 2302 28543 8859 458 811 677637 181 82086 51028 26950 68138 188353 8885 18345 191 420 5781 100788 2904 239 32651 1572 685 2050 872 6998 9039 436 9641 474
internal_value=-0.000105618 -0.00538804 0.00030225 0.00513323 0.00257188 -0.000347748 -8.31623e-05 0.000944859 -0.000633182 -0.00366133 0.00734315 -0.00430368 0.0045183 0.00906269 -0.0260838 0.0358084 0.0241888 -0.0165146 -0.0265426 -0.0324734 -0.0073763 -0.0373564 0.00496321 -0.0102288 0.015445 0.031793 -0.00212039 0.0468705 -0.00952953 -0.00792117
internal_weight=29160.8 2113.92 27046.8 3232.63 2993.33 23814.2 23445.4 18180.9 14567.6 5264.49 3613.37 5206.05 2812.11 1682.6 181.216 239.305 187.069 368.784 233.82 218.176 1961.78 138.922 279.457 107.91 171.547 98.8354 1129.51 58.4374 1682.32 1566.71
internal_count=1359763 84216 1275547 54361 47702 1221186 1094809 878889 728665 215920 150224 215303 45128 27230 2574 6659 6201 126377 103931 101027 81914 1763 39148 30593 8555 7683 17898 617 42766 33125
is_linear=0
shrinkage=0.08


Tree=214
num_leaves=31
num_cat=0
split_feature=7 15 14 4 14 9 3 5 6 7 3 1 1 7 3 3 1 4 1 1 1 1 7 3 5 12 4 13 3 14
split_gain=9.9574 51.1715 23.4979 17.459 19.1571 28.0586 37.8932 16.9664 13.3307 14.9896 13.2932 17.0119 12.5114 11.6919 25.481 47.1029 50.5845 54.1637 48.2531 56.3511 36.7429 35.6938 75.2928 48.7784 40.9834 61.287 48.3969 23.0415 23.7167 18.2768
threshold=0.71209660172462474 0.12032153829932214 0.74166667461395275 10.500000000000002 0.93541666865348827 0.90250155329704296 0.87570226192474376 1.0000000180025095e-35 1.0000000180025095e-35 0.76028168201446544 0.76533168554306041 0.82426470518112194 0.97332859039306652 0.47413024306297308 0.94570022821426403 0.97646731138229381 0.91922956705093395 10.500000000000002 0.93788579106330883 0.88493064045906078 0.83047896623611461 0.64899963140487682 0.56562754511833202 0.74601566791534435 1.0000000180025095e-35 1.0000000180025095e-35 6.5000000000000009 1.0000000180025095e-35 0.60136988759040844 0.18898809701204303
decision_type=2 2 2 2 2 2 2 2 2 2 2 2 2 2 2 2 2 2 2 2 2 2 2 2 2 2 2 2 2 2
left_child=13 3 -3 4 5 7 -7 -2 12 -10 11 -4 -6 27 21 18 20 -18 19 -16 -17 22 23 -15 25 -23 -26 -1 -29 -20
right_child=1 2 10 -5 8 6 -8 -9 9 -11 -12 -13 -14 14 15 16 17 -19 29 -21 -22 24 -24 -25 26 -27 -28 28 -30 -31
leaf_value=0.0018974968409951555 0.019003858809432023 0.054679293446857347 0.034407449868387695 0.022479740750442602 -0.0086117513667159501 -0.028555430864576771 0.035151089117270759 -0.00053502297524689075 -0.013405084275673392 0.0014137155239886381 0.022132639752592966 -0.055289059965030134 -0.052144051477962201 -0.0083211552959067386 0.027933837018437612 -0.0078119603362567869 -0.015784958199221145 0.0097897859598750567 0.015275810934813448 -0.029234407492997005 0.084966096096731683 0.0042029828221325349 0.047071229861760502 0.026869763112892284 0.0010741537274203351 -0.026385706717733482 -0.015462697372264056 -0.027596103878961151 0.029301629930256933 0.057645721748168378
leaf_weight=9309.5189185488543 301.41870742656283 147.96411191217339 15.36404525596299 223.07187737989625 124.78422410971689 66.634959413291654 316.51713307912541 3818.8368378308442 697.89916052423541 1109.4839893696317 244.4527213615147 30.613439623033628 71.869869104017198 1212.5757314637158 249.7362213568922 38.179701860899513 1229.4659824222381 917.02963624746189 116.10910625236284 188.79780104767633 66.500397967814934 590.86810244457956 236.16873159633542 312.50163759878342 4016.2463093852675 1361.3753351458654 1564.152879117868 299.47786382819686 48.585301442821219 214.3287699733628
leaf_count=474059 22957 5393 439 6761 3754 6572 46586 243724 18578 61940 6202 509 5259 42189 14243 1800 50123 36393 3972 6807 2164 17241 6024 14496 140272 29996 46647 27709 2975 14329
internal_value=-9.99291e-05 0.0024818 0.0288156 0.000722672 -1.52673e-05 0.00285542 0.0234344 0.000876866 -0.00653688 -0.0042413 0.0143949 -0.0217421 -0.0262131 -0.000949951 -0.00258776 0.00376242 -0.00202189 -0.00478714 0.0208064 0.0029089 0.0508551 -0.00466944 0.00552113 -0.000941418 -0.00707546 -0.0170589 -0.00354207 0.00112206 -0.0188982 0.0436844
internal_weight=29140.5 7168.91 438.394 6730.52 6507.44 4503.41 383.152 4120.26 2004.04 1807.38 290.43 45.9775 196.654 21971.6 12314 3020.15 2251.18 2146.5 768.972 438.534 104.68 9293.89 1761.25 1525.08 7532.64 1952.24 5580.4 9657.58 348.063 330.438
internal_count=1360113 428674 12543 416131 409370 319839 53158 266681 89531 80518 7150 948 9013 931439 426696 129831 90480 86516 39351 21050 3964 296865 62709 56685 234156 47237 186919 504743 30684 18301
is_linear=0
shrinkage=0.08


Tree=215
num_leaves=31
num_cat=0
split_feature=4 2 9 6 13 19 4 3 14 14 7 10 9 9 14 9 11 10 2 10 3 4 9 10 7 9 3 10 9 6
split_gain=11.3712 20.1647 9.22081 24.706 12.4614 10.2608 8.62544 8.114 7.73474 7.48289 6.90003 8.09229 88.6647 63.4038 48.4991 15.0741 11.1859 10.3541 4.79582 4.76819 4.48804 3.59559 2.5954 3.13249 2.19388 2.01394 1.77319 1.70722 5.58269 4.82266
threshold=29.500000000000004 0.18321678787469867 0.99206298589706432 1.0000000180025095e-35 1.0000000180025095e-35 1.0000000180025095e-35 2.5000000000000004 0.46709956228733068 0.82085561752319347 0.34313726425170904 0.87895438075065624 0.43204939365386968 0.30803118646144872 0.33406755328178411 0.074175827205181136 0.46190130710601812 1.0000000180025095e-35 0.78283873200416576 0.89377820491790783 0.99292451143264782 0.94804319739341747 16.500000000000004 0.82150268554687511 0.64941757917404186 0.51191151142120372 0.48792158067226415 0.28801843523979193 0.63798391819000255 0.30803118646144872 1.0000000180025095e-35
decision_type=2 2 2 2 2 2 2 2 2 2 2 2 2 2 2 2 2 2 2 2 2 2 2 2 2 2 2 2 2 2
left_child=2 22 10 4 5 7 18 -4 -7 -3 11 12 16 17 -14 -15 -1 -13 -5 -8 -20 -6 23 -2 25 -11 -25 28 -12 -29
right_child=1 9 3 6 21 8 19 -9 -10 24 27 13 14 15 -16 -17 -18 -19 20 -21 -22 -23 -24 26 -26 -27 -28 29 -30 -31
leaf_value=-0.00037814106081939441 0.037327570165836738 0 0.036071429593930698 0.020268030275028451 -0.051655549750692933 0.065682441680326789 -0.0028022707849262884 -0.0038885672355838214 -0.0010370976821815002 0 0.020501918878808693 0.056051749969720566 -0.055014862589708287 0.007483491132109602 0.0034701257462445706 -0.00063985923934193429 0.040693330555461121 -0.008621525263145715 -0.075733932157054526 0.057853396334206053 0.00080535300848547922 0 0.023744562328869873 0.0073049059951867702 0 -0.054556719316906782 -0.022066483596601003 -0.017388978961141586 -0.014913103494421476 0.050351507974105647
leaf_weight=4461.128281764948 4.4141018169611916 25.26005484111738 99.080693029332906 24.959514332384064 28.14492994048851 6.3346700590482206 3.2138333418733955 36.139364120439495 555.15535856821225 4.29419270317885 92.37669536343401 145.34431566952844 302.25145153370249 1564.0698833487986 120.89272132339829 21333.310843160616 37.846143266862782 11.663393432569135 3.2125751081748595 83.686063258250215 3.07062164027775 10.54225495461287 38.980703850043938 7.2684039943851522 2.5687645820362368 85.37356348670437 31.260772665264085 2.106333175075636 30.916483352091745 22.198077456979263
leaf_count=88013 519 4204 1317 4023 1111 113 299 9917 10106 120 1787 8932 245800 114779 16268 793455 1653 1349 3350 16009 7627 477 384 59 245 1613 344 1644 2776 21772
internal_value=-0.000138379 -0.0189405 -2.1966e-07 0.00816125 0.00235987 0.00512736 0.0414115 0.0244927 6.27192e-06 -0.0398134 -0.000255007 -0.000353083 -0.00329844 0.000269392 -0.0380865 -7.64722e-05 0 0.050142 0 0.0538387 -0.0403672 -0.0386997 0.00972321 -0.00081602 -0.0498939 -0.0520122 -0.0126473 0.0166888 0.0101391 0.0370556
internal_weight=29177.1 199.421 28977.6 853.54 735.397 696.71 118.143 135.22 561.49 117.497 28124.1 27976.5 4922.12 23054.4 423.144 22897.4 4498.97 157.008 31.2427 86.8999 6.2832 38.6872 81.924 42.9433 92.2365 89.6678 38.5292 147.598 123.293 24.3044
internal_count=1360065 7488 1352577 54349 23041 21453 31308 11234 10219 6182 1298228 1270249 351734 918515 262068 908234 89666 10281 15000 16308 10977 1588 1306 922 1978 1733 403 27979 4563 23416
is_linear=0
shrinkage=0.08


Tree=216
num_leaves=31
num_cat=0
split_feature=16 4 3 14 0 3 16 15 0 7 3 15 15 0 3 10 0 15 3 5 15 4 0 3 0 16 2 15 5 3
split_gain=8.91106 51.8295 84.5609 27.3825 32.5884 21.3453 37.1237 28.8888 100.212 74.2067 28.6611 119.84 58.3777 68.7817 40.4136 31.8711 27.1897 29.1019 26.5791 19.7391 19.4235 19.3957 30.8477 27.1526 83.2311 73.0753 55.6869 47.421 38.3732 37.2272
threshold=0.92131063342094432 2.5000000000000004 0.8521554470062257 0.17914438992738727 0.8216732144355775 0.89699381589889537 0.88047617673873912 1.0000000180025095e-35 0.72314789891242992 0.67962265014648449 0.98936051130294811 0.031947938725352294 0.065758727490901961 0.87206766009330761 0.96693986654281627 0.66802722215652477 0.62563130259513866 0.14610430598258975 0.64747309684753429 1.0000000180025095e-35 0.10806087777018548 1.5000000000000002 0.63686314225196849 0.91010102629661571 0.93127068877220165 0.9569842815399171 0.36867654323577886 0.13223387300968173 1.0000000180025095e-35 0.86391696333885204
decision_type=2 2 2 2 2 2 2 2 2 2 2 2 2 2 2 2 2 2 2 2 2 2 2 2 2 2 2 2 2 2
left_child=1 2 -1 -4 -5 6 7 8 -3 -9 12 19 14 -14 -7 -13 18 -18 -8 -12 -6 23 -23 25 28 26 -2 -27 -25 -28
right_child=21 5 3 4 20 10 16 9 -10 -11 11 15 13 -15 -16 -17 17 -19 -20 -21 -22 22 -24 24 -26 27 29 -29 -30 -31
leaf_value=0.030389432787757131 -0.033825582980734688 0.008841405365835095 -0.037835249659393368 -0.034812052502122354 0 0.012358262258564987 -0.021335063723355013 -0.0011808286357951571 -0.04006447905937871 0.028028157562118374 -0.026845252143678715 -0.00874690862921307 -0.01259630495525736 0.034793638919280195 0.042886350745183502 0.097364519752690143 -0.026494070987611452 0.0056054266404414032 -0.078013611576497804 -0.0015056823722759333 0.050946372986393047 -0.035530598042244087 -0.0046938152106281959 0.014597414698428535 0.0028681679995294909 0.009579004231508299 0.038350540970705928 -0.013227715814031395 -0.040190051757942442 -0.0043912266368741426
leaf_weight=885.44411043081709 90.942181118348344 578.79755969749931 162.05361199231993 91.039798487698135 107.70852615614785 1430.0718347477559 222.31157896899458 10650.487404554486 486.1059252456289 582.20362599727014 202.17704240540479 17.929400097025791 1048.0377121116435 235.08305876704981 351.74895269248373 93.941202196208906 306.93851334009742 412.70990622032696 74.075362046176451 4523.4698107587556 79.16767660077312 264.72224408375769 988.28918573351621 89.208729131816654 1445.3398613336994 1025.3542754919572 661.89352427468839 1330.2322896794285 530.37971285927961 152.82757782346198
leaf_count=36700 7099 10532 7003 2687 12057 47132 17092 484652 7664 16704 22770 2231 34050 14741 14567 4448 12397 9064 2211 161636 4647 16450 39405 5185 194154 68229 25824 50443 17986 8564
internal_value=7.07324e-05 0.000832177 0.0161503 -0.0121661 0.0026402 -0.000120816 -0.00208281 -0.000851721 -0.0134165 0.000330667 0.00316363 -0.000641682 0.00921309 -0.00368833 0.0185775 0.0793425 -0.0167494 -0.00795293 -0.0370907 -0.00265083 0.0221513 -0.00251247 -0.0114512 -0.000370809 -0.00756641 0.00414085 0.0234086 -0.00323322 -0.0319918 0.0301599
internal_weight=29120.7 22541.5 1325.41 439.97 277.916 21216.1 13313.6 12297.6 1064.9 11232.7 7902.46 4837.52 3064.94 1283.12 1781.82 111.871 1016.04 719.648 296.387 4725.65 186.876 6579.19 1253.01 5326.18 2064.93 3261.25 905.663 2355.59 619.588 814.721
internal_count=1358324 924985 63094 26394 19391 861891 560316 519552 18196 501356 301575 191085 110490 48791 61699 6679 40764 21461 19303 184406 16704 433339 55855 377484 217325 160159 41487 118672 23171 34388
is_linear=0
shrinkage=0.08


Tree=217
num_leaves=31
num_cat=0
split_feature=10 13 3 3 14 2 15 14 14 14 10 14 2 6 10 4 3 16 4 3 3 5 10 2 16 4 15 3 14 6
split_gain=9.55749 28.6835 16.0524 20.4347 25.764 25.3684 39.8146 27.7054 22.0433 15.8072 33.6972 19.572 46.8139 62.8185 51.6261 42.9987 30.493 29.862 40.0072 28.9568 23.6083 61.7664 39.1266 22.9327 19.6915 13.211 11.4327 11.3048 10.2214 9.71372
threshold=0.98894992470741283 1.0000000180025095e-35 0.89039039611816417 0.59611794352531444 0.90454545617103588 0.54085850715637218 0.54725956916809093 0.87083333730697643 0.59166666865348827 0.79285714030265819 0.94553062319755565 0.93541666865348827 0.86996778845787059 1.0000000180025095e-35 0.88533130288124096 8.5000000000000018 0.88774341344833385 0.79205974936485302 3.5000000000000004 0.90054944157600414 0.65485891699790966 1.0000000180025095e-35 0.97064974904060375 0.9569842815399171 0.88047617673873912 8.5000000000000018 0.7231087088584901 0.97894504666328441 0.90454545617103588 1.0000000180025095e-35
decision_type=2 2 2 2 2 2 2 2 2 2 2 2 2 2 2 2 2 2 2 2 2 2 2 2 2 2 2 2 2 2
left_child=9 2 3 4 8 6 -5 -7 -2 10 26 12 13 14 -11 -15 -14 20 19 -19 21 -13 -22 -18 -20 29 -1 -12 -27 -4
right_child=1 -3 25 5 -6 7 -8 -9 -10 11 27 17 16 15 -16 -17 23 18 24 -21 22 -23 -24 -25 -26 28 -28 -29 -30 -31
leaf_value=0.00044548607808525808 0.035546427695796336 -0.043528614453650229 0 -0.048946640134373658 0.01970542938851394 0.03700676577970384 0.017607284742028086 -0.0052625436225782586 -0.020059116171297197 -0.039256746437663463 0.012132255206966805 0.00011780998457980764 -0.025656114781526986 -0.016676157918590794 0.010810842802367245 -0.054254572909182758 0.048992708513218908 0.0073919390376591945 -0.013474092790657135 -0.010716861960615238 0.013205423167910575 -0.070252280595521799 -0.015909057723044701 -0.043141446398295459 -0.046079193149947503 0.042527721280066384 -0.017633640059362968 0.041115030750902115 -0.019103703393802199 0.04790644279474033
leaf_weight=16681.498608221184 50.936309754382819 68.63759084774756 30.323296107884744 162.79954164520313 737.57981704434496 122.93364272414146 79.966697362600826 423.4809391480685 221.03126668959158 156.86826004892737 880.77728395042868 1004.9466511788487 53.736834863230797 672.24869696284441 699.77009126281337 287.06488276975142 161.02458489770652 1430.4922692581895 1210.7590889791754 926.46870265918369 1992.2328915361613 81.305264129856369 337.71323236598982 13.595837744320304 134.30510819626943 19.058187478411128 221.70272105844924 99.355738055390248 55.022934809399885 133.37418887719468
leaf_count=990970 482 5412 3942 2628 7409 6273 1859 17551 2592 3377 40974 10315 4673 17804 11512 4239 10896 26995 18154 45306 24905 640 8109 11942 2382 1216 1540 19862 16382 40541
internal_value=6.28937e-05 0.00525304 0.00707811 0.00435183 0.0119139 -0.00513445 -0.0264652 0.00420647 -0.00861347 -0.000336068 0.00104163 -0.0030416 -0.00994005 -0.0142975 0.00128214 -0.02831 0.0235895 -0.00103237 -0.00602415 0.000198416 0.0043312 -0.00530048 0.00889188 0.0399272 -0.0170068 0.0265282 0.000193753 0.0154264 0 0.0389099
internal_weight=29151 2105.14 2036.51 1798.73 1009.55 789.181 242.766 546.415 271.968 27045.9 17883.3 9162.53 2044.31 1815.95 856.638 959.314 228.357 7118.22 3702.03 2356.96 3416.2 1086.25 2329.95 174.62 1345.06 237.779 16903.2 980.133 74.0811 163.697
internal_count=1360882 106287 100875 38794 10483 28311 4487 23824 3074 1254595 1053346 201249 64443 36932 14889 22043 27511 136806 92837 72301 43969 10955 33014 22838 20536 62081 992510 60836 17598 44483
is_linear=0
shrinkage=0.08


Tree=218
num_leaves=31
num_cat=0
split_feature=14 10 6 10 2 2 0 3 0 1 6 3 1 1 6 16 1 0 0 0 12 10 9 9 10 9 3 0 14 9
split_gain=8.1846 16.6768 22.0669 19.7725 15.877 20.8649 17.4288 15.7468 77.3115 89.384 47.0935 39.8964 58.4083 30.992 33.8792 29.5101 25.139 103.237 45.5456 21.5615 12.8508 12.768 41.4331 18.6771 12.3212 16.8094 10.9807 10.5603 10.4405 12.0338
threshold=0.70294117927551281 0.92140716314315807 1.0000000180025095e-35 0.96788921952247631 0.99565216898918163 0.9547502100467683 0.9569842815399171 0.6789083480834962 0.62115561962127697 0.70659971237182628 1.0000000180025095e-35 0.65058138966560375 0.58499062061309826 0.55351883172988903 1.0000000180025095e-35 0.72804316878318798 0.77015754580497753 0.71503761410713207 0.6832355558872224 0.54641148447990429 1.0000000180025095e-35 0.88318282365798961 0.83216577768325817 0.88531070947647106 0.99799197912216198 0.63788443803787243 0.98260739445686351 0.66969698667526256 0.51470589637756359 0.93555310368537914
decision_type=2 2 2 2 2 2 2 2 2 2 2 2 2 2 2 2 2 2 2 2 2 2 2 2 2 2 2 2 2 2
left_child=1 7 20 28 5 6 21 8 11 10 -10 12 -1 14 15 -9 17 -15 -18 -13 -3 22 -2 -23 -22 -26 -8 -11 29 -4
right_child=4 2 3 -5 -6 -7 26 13 9 27 -12 19 -14 16 -16 -17 18 -19 -20 -21 24 23 -24 -25 25 -27 -28 -29 -30 -31
leaf_value=-0.00066152651820725831 -0.00033691271997004211 0.028043167675042772 0.013650992186788264 0.053782522120760401 0.053620043170079484 -0.034021588911838645 0.062190450521137586 0.056121803422169221 0.077554672005375191 0.0024207600430970876 0.020984678390646116 -0.00080577174800521912 0.031011701203431403 -0.02256461948948044 -0.016067867945268086 0.0034549665768570355 0.017781971379540313 0.014133662773181913 -0.0021698577851589703 -0.046542476138869734 0.0023551529168517275 0.0040027549565255921 -0.026396251106695089 -0.0029340891315217583 0.017521375154123497 -0.038537109746142398 -0.050130426293716134 -0.045063459416209525 0.02147605225859239 -0.029655741172397967
leaf_weight=3335.5684068515802 1498.4173249260984 92.47708244815658 101.58884748592391 96.604056690672223 28.250172963282239 121.24132381098025 36.459312538429003 167.21920800080261 206.58482458989602 37.866870252721128 196.48847006005235 120.74732687593132 413.30760640411972 1408.6538801293864 109.86092910572552 125.05315418722967 813.93453676456556 741.71132184521412 6909.7303337368357 163.34342414647108 571.94770211754803 3958.9222910703575 529.41705148484471 6633.1298068657961 40.310106294193247 112.98178244179508 1.0460153604508367 73.575795890428708 361.41731540293222 60.748139432755124
leaf_count=340128 26025 2329 14047 12621 73775 14575 5363 5908 3235 1817 8128 10051 21721 80827 11838 5871 34703 30512 340534 9181 15030 85262 9551 159072 882 2213 83 2801 28594 3635
internal_value=5.32249e-05 0.00124964 0.00946488 0.0207864 -0.00145335 -0.00160854 -0.00127212 0.000438951 0.00436389 0.0334166 0.0509653 0.000581013 0.00282443 -0.00128366 0.0203103 0.0345629 -0.00218913 -0.00982887 -3.64501e-05 -0.0280066 0.000607238 -0.00145612 -0.00726726 -0.000325586 -0.00284014 -0.0226972 0.0497651 -0.0281437 0.0139468 -0.00200055
internal_weight=29068.6 16261.7 1438.08 620.358 12806.9 12778.6 12657.4 14823.6 4547.48 514.516 403.073 4032.97 3748.88 10276.2 402.133 292.272 9874.03 2150.37 7723.66 284.091 817.717 12619.9 2027.83 10592.1 725.24 153.292 37.5053 111.443 523.754 162.337
internal_count=1360312 986606 79351 58897 373706 299931 285356 907255 397062 15981 11363 381081 361849 510193 23617 11779 486576 111339 375237 19232 20454 279910 35576 244334 18125 3095 5446 4618 46276 17682
is_linear=0
shrinkage=0.08


Tree=219
num_leaves=31
num_cat=0
split_feature=7 16 15 7 3 19 10 9 16 14 10 9 10 10 9 14 9 10 7 11 14 15 9 14 12 10 9 9 12 9
split_gain=8.35958 21.7362 20.9508 13.5654 28.9246 12.4235 12.6902 11.8888 11.4019 11.0395 32.9064 30.6581 52.3302 31.3224 25.9178 25.6983 22.829 16.9265 16.506 16.9764 33.3946 40.7608 25.5686 17.0117 43.1746 28.9597 15.8168 13.5829 11.9805 10.7362
threshold=0.74883177876472484 0.7731560766696931 0.10509656369686128 0.77712419629096996 0.96449580788612377 1.0000000180025095e-35 0.99799197912216198 0.56824392080307018 0.69905659556388866 0.40588235855102545 0.58851018548011791 0.34217563271522528 0.4349838942289353 0.40525755286216741 0.26246066391468054 0.25833334028720861 0.62141406536102306 0.76484143733978283 0.74527630209922802 1.0000000180025095e-35 0.93541666865348827 0.30670653283596044 0.97154423594474804 0.82085561752319347 1.0000000180025095e-35 0.96435630321502697 0.52698656916618358 0.72763636708259594 1.0000000180025095e-35 0.91531941294670116
decision_type=2 2 2 2 2 2 2 2 2 2 2 2 2 2 2 2 2 2 2 2 2 2 2 2 2 2 2 2 2 2
left_child=9 3 5 -2 -5 7 29 -3 -6 10 11 12 14 28 -1 -12 -15 26 19 23 21 -21 -22 25 -25 -11 -17 -19 -13 -7
right_child=1 2 -4 4 8 6 -8 -9 -10 18 15 13 -14 16 -16 17 -18 27 -20 20 22 -23 -24 24 -26 -27 -28 -29 -30 -31
leaf_value=0.0012955039569861645 0.009180853207371855 0.0094204196195445834 0.027050465147410718 0.074055609709607229 -0.041623866600846514 -6.8604125551803785e-05 0.029040872796350238 0.064523308229659099 0.021966262789091338 0.0042294203026749461 0.015801187035430941 -0.06152288272812715 0.056114794665136386 -0.0099392515226518294 -0.032935192032435591 0.010505791279846841 0.05133982155771169 0.019130698645315518 -0.040679866800226255 -0.0159133410378875 0.0062887922011130287 -0.0022064805749878371 -0.0078253506895209317 -0.0050335385322293072 0.023962211850739591 0.042024247993051329 -0.012335399914085526 0.00029896542233032007 -0.011465891935846144 -0.011661970207095638
leaf_weight=2971.6378045204765 358.31494562535227 193.77869637797448 183.99229984453996 70.623840463793385 19.96773205449972 3418.3442636697073 81.500888399139512 26.804896757692404 57.305173733857373 2499.8167040148419 1420.1613022459715 103.29305640912207 103.81394805810123 1249.5291005541112 143.53878234406511 257.19230890756808 34.517248912241485 448.98761389575884 65.785182499028451 2346.9246260243144 2615.0394617631264 3474.2261542357737 1185.4663030138181 3306.7532475863845 358.89160082214585 133.5481916102417 694.00898216614587 571.77977396288406 58.710217144413036 602.19077950710926
leaf_count=35609 11079 34191 6587 2111 1430 117383 30168 110589 2586 47629 61263 129228 7066 203160 87151 10824 3011 12633 1535 123349 62940 79216 43298 30060 7275 3711 35896 14809 11711 32644
internal_value=-0.00017728 0.00278577 0.000973761 0.0184371 0.0387826 -0.000129193 -0.00116966 0.0181074 0.00205849 -0.000802146 0.00160077 -0.00273297 0.00157264 -0.0124002 -0.000280724 0.00760311 -0.0079751 0.00159311 -0.00202334 -0.00184084 -0.00395805 -0.00776908 0.00183972 0.00136835 -0.00212229 0.0062828 -0.00596947 0.00879102 -0.0452266 -0.00185712
internal_weight=29056.4 5012.82 4506.61 506.212 147.897 4322.62 4102.04 220.584 77.2729 24043.6 8057.17 4665.04 3218.99 1446.05 3115.18 3392.13 1284.05 1971.97 15986.5 15920.7 9621.66 5821.15 3800.51 6299.01 3665.64 2633.36 951.201 1020.77 162.003 4020.54
internal_count=1360142 348768 331562 17206 6127 324975 180195 144780 4016 1011374 612361 476936 129826 347110 122760 135425 206171 74162 399013 397478 308803 202565 106238 88675 37335 51340 46720 27442 140939 150027
is_linear=0
shrinkage=0.08


Tree=220
num_leaves=31
num_cat=0
split_feature=4 16 1 16 16 5 1 10 1 15 7 7 4 1 9 7 1 1 4 16 1 16 1 7 7 1 15 16 7 4
split_gain=9.15122 26.2482 21.9935 20.2078 19.5608 21.1811 34.6377 62.0425 35.2517 23.3324 57.3725 48.8412 20.7881 29.5143 29.5651 24.3308 22.4748 19.3073 16.1796 15.2863 15.2568 12.7714 16.1237 15.7004 12.6882 11.1423 14.9633 14.4398 10.8113 12.3069
threshold=13.500000000000002 0.34941859543323522 0.36882591247558599 0.34941859543323522 0.69604039192199718 1.0000000180025095e-35 0.82793453335762035 0.59384471178054821 0.64899963140487682 0.17255059629678729 0.64326766133308422 0.6106402873992921 7.5000000000000009 0.93957647681236278 0.57205790281295787 0.71503761410713207 0.25143678486347204 0.23132664710283282 22.500000000000004 0.51754924654960643 0.78910306096076976 0.6195238232612611 0.80217391252517711 0.52565789222717296 0.60495716333389293 0.25143678486347204 0.22291507571935656 0.46225070953369146 0.16784037649631503 33.500000000000007
decision_type=2 2 2 2 2 2 2 2 2 2 2 2 2 2 2 2 2 2 2 2 2 2 2 2 2 2 2 2 2 2
left_child=3 2 28 17 12 6 8 -8 -6 11 -11 -7 13 16 -15 19 -5 -1 21 -14 -20 25 23 -23 -24 27 -27 -3 -2 -30
right_child=1 18 -4 4 5 9 7 -9 -10 10 -12 -13 15 14 -16 -17 -18 -19 20 -21 -22 22 24 -25 -26 26 -28 -29 29 -31
leaf_value=-0.080940803164033334 -0.00031803838269424514 -0.0088709781027024003 -0.032247837974329292 0.0016022257334128707 -0.0025589282811797642 0.012008024276837262 0.050805145699187836 0 -0.017106515089486504 0.002854262171479955 0.034101177992455066 -0.002522826019862391 0.010994884087512405 -0.032700294893789617 0.01630125186177115 0.035377076086021142 0.035900798024528252 0 -0.044500042051981853 -0.0011325444405900964 0.0015715203015798016 -0.018094015353218546 0.046617679774593156 -0.069041239046299441 -0.011031439533924827 -0.0099316330265417571 0.0048063200529622476 -0.054197508111516565 0.016510457419132193 -0.029834746978989735
leaf_weight=32.867479247684969 529.15858148125699 300.42009063257865 85.945391129964264 183.30873210946265 3586.0871737505931 1757.4471537486006 180.23630636252346 943.65009133485 1534.7765072113762 2321.6246430020292 447.76935862153186 9235.322563437152 844.88392879995808 128.35326023791276 184.88967417226559 136.59414348249629 438.34755437107015 34.900569681423804 135.7745140954903 2988.2911165667683 58.156962991870387 154.35632324796097 25.848973119915172 57.567540312302299 111.38694775170006 735.70068274757068 1074.1589916147059 52.204219475672289 740.212499340043 31.744912682421273
leaf_count=492 7685 6168 8530 3144 196668 111247 5441 52747 34238 90996 14350 491296 18823 4515 7795 4556 15848 1348 13126 136802 3522 8474 854 1439 4950 49822 48525 3502 12800 1150
internal_value=0.000108206 -0.00338942 0.00547738 0.000688227 0.00081733 -0.000285403 -0.00415441 0.00847343 -0.00696264 0.00145945 0.00801644 -0.000180784 0.00534385 0.0160794 -0.00347298 0.00275828 0.0261359 -0.0413664 -0.00799589 0.00150966 -0.0301874 -0.00616227 -0.0203551 -0.0339434 0 -0.00375518 -0.00110729 -0.0166927 0.00820573 0.014219
internal_weight=29072 4092.64 1387.06 24979.4 24911.6 20006.9 6244.75 1123.89 5120.86 13762.2 2769.39 10992.8 4904.67 934.899 313.243 3969.77 621.656 67.768 2705.58 3833.18 193.931 2511.64 349.16 211.924 137.236 2162.48 1809.86 352.624 1301.12 771.957
internal_count=1360853 170547 30165 1190306 1188466 996983 289094 58188 230906 707889 105346 602543 191483 31302 12310 160181 18992 1840 140382 155625 16648 123734 15717 9913 5804 108017 98347 9670 21635 13950
is_linear=0
shrinkage=0.08


Tree=221
num_leaves=31
num_cat=0
split_feature=16 1 0 0 3 0 3 1 5 1 6 0 1 1 3 3 16 1 3 16 6 1 3 14 0 16 1 0 10 1
split_gain=7.39157 15.7017 186.97 65.4755 92.5682 75.1049 60.2847 69.4772 57.1212 67.7117 29.0803 28.7253 70.4476 69.2144 27.8979 25.8956 20.4298 19.4004 32.8516 17.6926 16.7635 36.5064 23.9979 13.1987 12.782 10.6765 10.2228 24.7616 10.2134 9.29581
threshold=0.83827373385429393 0.73499399423599254 0.68614074587821972 0.71275749802589428 0.71503761410713207 0.6832355558872224 0.68614074587821972 0.83424907922744762 1.0000000180025095e-35 0.64549729228019725 1.0000000180025095e-35 0.88273492455482494 0.89386734366416942 0.93582704663276683 0.6789083480834962 0.65485891699790966 0.96490147709846508 0.6900656819343568 0.75162336230278026 0.94782215356826793 1.0000000180025095e-35 0.84028983116149913 0.75905716419219982 0.90454545617103588 0.65345367789268505 0.9740215837955476 0.79431909322738659 0.63686314225196849 0.45176798105239874 0.99565216898918163
decision_type=2 2 2 2 2 2 2 2 2 2 2 2 2 2 2 2 2 2 2 2 2 2 2 2 2 2 2 2 2 2
left_child=29 3 20 4 5 14 7 -4 9 -6 17 13 -13 -8 -2 -7 -10 28 -19 23 26 24 -23 -12 -22 -21 27 -3 -5 -1
right_child=1 2 6 10 8 15 11 -9 16 -11 19 12 -14 -15 -16 -17 -18 18 -20 25 21 22 -24 -25 -26 -27 -28 -29 -30 -31
leaf_value=0.0025922398671946014 -0.0037780482047625086 0.022762999292197134 -0.16252277681872102 -0.012562243665363345 -0.0068875564508710744 -0.040078215554811197 -0.010877870377408663 0.0091867335567994892 -0.023432969236651814 -0.087407214723369972 0.028065480718478794 0.040962587231727639 -0.00057226855421411375 0.027820082673374429 -0.028958428832920047 0.058141013094036832 0.026606320525504587 0.063643378734708003 -0.025315051697533328 -0.046512939319277989 0.074121245365308952 -0.040015393398002849 0.046854847384556433 -0.017702803404687356 0.036281931098103959 0 0.033507076114370947 -0.06538307016204277 0.05993623014103041 -0.0015186268679795382
leaf_weight=11899.600619829738 2146.3950637014132 85.873275816702517 27.350749049175647 7.9269489283615249 104.62796337938198 13.818655896349808 3357.2885030510588 24.214544052345445 189.48772770125652 211.03217087588564 162.51929321402713 276.09149413237901 3631.4007843600648 317.64044500330056 324.33588283770951 149.62141463414446 64.373229208926205 37.930460917152232 62.656908243021462 50.693885413922544 210.5004657410027 40.820286743783981 31.539446499616133 44.802948821066821 130.58080777930445 80.730405442918709 223.91600094683417 21.139132563461317 154.59774055947491 4942.2810243647309
leaf_count=501490 133155 1513 733 479 2100 464 95986 582 9434 4018 7198 13777 305918 38683 10620 3919 2460 1001 1884 2080 6590 3319 3154 1389 3702 5715 11738 486 11533 174684
internal_value=0.000286194 -0.0012075 0.000711632 -0.00547006 -0.0100536 -0.00363353 -0.00301019 -0.0853765 -0.0391796 -0.0617409 0.0185464 -0.00237306 0.00237016 -0.0074563 -0.00719994 0.0479436 -0.00985726 0.038278 0.00814019 0.00242112 0.0388602 0.050021 0 0.0172373 0.0608305 -0.0195537 0.0239033 0.00178098 0.0551757 0.00137631
internal_weight=29025.8 12183.9 8378.36 3805.55 3203.69 2634.17 7633.99 51.5653 569.521 315.66 601.859 7582.42 3907.49 3674.93 2470.73 163.44 253.861 263.112 100.587 338.747 744.369 413.441 72.3597 207.322 341.081 131.424 330.928 107.012 162.525 16841.9
internal_count=1359804 683630 486181 197449 166170 148158 455679 1315 18012 6118 31279 454364 319695 134669 143775 4383 11894 14897 2885 16382 30502 16765 6473 8587 10292 7795 13737 1999 12012 676174
is_linear=0
shrinkage=0.08


Tree=222
num_leaves=22
num_cat=0
split_feature=1 7 0 15 3 4 3 7 7 0 0 1 1 1 3 0 4 3 10 3 15
split_gain=7.19766 10.426 6.87236 50.4329 34.8204 29.6964 36.6515 18.9127 15.9345 28.2004 13.0302 79.262 43.0992 11.5693 9.76597 7.91782 6.83497 4.33695 0.625107 0.0748615 0.137434
threshold=1.0000000180025095e-35 1.0000000180025095e-35 0.90366768836975109 0.0598654542118311 0.87570226192474376 1.5000000000000002 0.92885261774063121 0.76506900787353527 0.76239567995071422 0.85857143998146068 0.76239567995071422 0.80901724100112926 0.81872946023941051 0.95861870050430309 0.9740215837955476 0.90999102592468273 3.5000000000000004 0.36254107952117925 0.68766534328460704 0.28801843523979193 0.68052169680595409
decision_type=2 2 2 2 2 2 2 2 2 2 2 2 2 2 2 2 2 2 2 2 2
left_child=-1 17 8 4 15 6 -5 -6 10 16 12 -12 -3 -11 -7 -4 -10 19 -19 20 -2
right_child=1 2 3 5 7 14 -8 -9 9 13 11 -13 -14 -15 -16 -17 -18 18 -20 -21 -22
leaf_value=-0.05204071784951083 0 -0.0020486907093699032 -0.00069400149695092363 0.042242785522619404 0.01047639626094643 0.05598334999390845 -0.013234017872299835 -0.0033220161048079302 0.0095513562675484352 -0.01370339611019176 0.014946483022350521 -0.0081337462091810604 0.0082617753754676733 0.0047779113814383723 -0.013234757408762834 -0.075973592472336884 0.029536678548254321 0 0.071891040189745306 -0.0045245041825560002 0.01080774357825596
leaf_weight=12.212076355641328 2.2717405188595894 13749.774382678685 16.551833525993061 126.90797653200207 873.99646487872633 177.31785122937799 170.52597215796413 2281.6152144480075 220.56855506795182 305.01168985320328 1135.9486390513721 5667.5728603536718 3192.5620614947602 708.27290548816381 8.2761623763581138 42.524922232336394 316.67405881641389 1.3407934186398041 13.891249609550867 2.2381993348244578 5.3633750025182962
leaf_count=144 39 626646 523 9952 70443 17599 10281 205478 33915 9605 46665 178342 107226 28861 622 1986 11428 49 297 32 45
internal_value=-0.000278705 -0.000242449 -0.000296739 0.00291333 -0.000674927 0.0268843 0.0102146 0.000459576 -0.000772781 0.00705575 -0.00129207 -0.00424851 -9.45127e-05 -0.000668043 0.051791 -0.0590791 0.0217904 0.046779 0.0680299 0 0.00511782
internal_weight=29031.4 29019.2 28994.1 3697.72 3214.69 483.028 297.434 3155.61 25296.4 1550.53 23745.9 6803.52 16942.3 1013.28 185.594 59.0768 537.243 25.1054 15.232 9.87331 7.63512
internal_count=1360178 1360034 1359572 316884 278430 38454 20233 275921 1042688 83809 958879 225007 733872 38466 18221 2509 45343 462 346 116 84
is_linear=0
shrinkage=0.08


Tree=223
num_leaves=31
num_cat=0
split_feature=4 16 16 0 16 7 5 4 7 3 0 4 16 3 7 3 3 16 0 16 4 1 3 3 7 3 4 14 9 7
split_gain=7.78831 20.4713 19.1983 24.1338 18.9568 28.2523 24.1828 55.4523 20.6716 20.0364 22.2555 19.0886 20.2271 18.4145 25.6687 18.1541 14.8848 13.659 21.89 24.8979 33.4127 23.9746 22.9229 19.1871 13.366 22.3199 11.8604 10.7022 10.5225 8.83727
threshold=13.500000000000002 0.64346247911453258 0.34941859543323522 0.21680375933647159 0.69604039192199718 0.71503761410713207 1.0000000180025095e-35 10.500000000000002 0.55351883172988903 0.39173060655593878 0.28743545711040502 4.5000000000000009 0.76417112350463878 0.77459675073623668 0.41060766577720648 0.98717737197875988 0.70659971237182628 0.33615820109844213 0.36088341474533087 0.46225070953369146 18.500000000000004 0.42588071525096899 0.48934240639209753 0.57836258411407482 0.16784037649631503 0.42947559058666235 21.500000000000004 0.72077924013137828 0.63384130597114574 0.74322345852851879
decision_type=2 2 2 2 2 2 2 2 2 2 2 2 2 2 2 2 2 2 2 2 2 2 2 2 2 2 2 2 2 2
left_child=2 17 3 -1 5 6 7 -4 -8 11 -11 12 -6 14 -3 29 -12 24 19 20 -19 23 -23 -20 -2 26 -26 -16 -7 -15
right_child=1 13 4 -5 9 28 8 -9 -10 10 16 -13 -14 15 27 -17 -18 18 21 -21 -22 22 -24 -25 25 -27 -28 -29 -30 -31
leaf_value=-0.088344140306067576 -0.0049937645558245777 0.0072424326759336199 0.020870843573523409 0 0.03588731274980176 0.0077143394482531722 -0.011969171346718089 -0.0041473490122768417 0.0035397280355624139 0.069589044875836226 0.0036245813655316553 -0.043212650866227886 -0.013949174698748906 0.034075594117991895 -0.034106769449639439 -0.051517712280659933 -0.0014639047857013462 0.0049240751855942344 0.0010792711954872355 -0.043691045646864178 -0.0297213532784576 0.073343003693682518 -0.0059529175417728369 0.041248587038600217 0.039025731133632204 -0.0025348556135631585 0.010103429327657799 -0.10163249855376633 0.053018245414955187 -0.038765526496168684
leaf_weight=30.102337987624196 510.32386758138455 34.797505559861747 1273.781857901964 38.1296576252862 54.349588060464157 63.52041361751435 818.36037987588861 1000.0300495616939 1633.041268431225 24.31525024828079 4923.0484915422639 120.50927993812002 373.92231645020365 59.674125334640848 51.334459074856568 25.271588773211988 14480.073484019515 438.16183294187067 177.95004616852202 160.60475727283119 287.32570483763266 18.512993872143852 1364.1192568635761 140.59955551076928 189.38623318643658 362.38418261692641 215.71362544804288 38.031765902400366 101.29086667699085 6.5157889200781929
leaf_count=403 7833 2199 43996 1428 837 2275 47694 44796 48435 1166 231917 22634 36769 1513 2356 2421 703401 9687 11419 22731 14797 891 69470 5565 2292 12750 4101 295 3634 175
internal_value=-5.21535e-05 -0.00329477 0.000472663 -0.0403967 0.000599338 0.00506397 0.00386966 0.00981259 -0.00158635 -0.000486556 -5.05668e-05 -0.0154923 -0.00691426 -0.0270536 -0.0465036 0 -0.000163986 -0.00189473 -0.00526337 -0.0154211 -0.00868756 0 -0.00451542 0.0196669 0.00479523 0.0115015 0.0243259 -0.0684017 0.037241 0.0224385
internal_weight=29015.2 4080.71 24934.5 68.232 24866.2 4890.02 4725.21 2273.81 2451.4 19976.2 19427.4 548.781 428.272 215.625 124.164 91.4615 19403.1 3865.08 2587.27 886.092 725.488 1701.18 1382.63 318.55 1277.81 767.484 405.1 89.3662 164.811 66.1899
internal_count=1359880 170495 1189385 1831 1187554 190830 184921 88792 96129 996724 936484 60240 37606 8959 4850 4109 935318 161536 134560 47215 24484 87345 70361 16984 26976 19143 6393 2651 5909 1688
is_linear=0
shrinkage=0.08


Tree=224
num_leaves=22
num_cat=0
split_feature=0 7 3 10 9 14 9 9 14 3 14 1 11 9 10 14 0 16 16 16 9
split_gain=9.55475 10.6497 6.60954 6.57723 26.8034 52.378 90.3982 42.6192 37.6545 27.3503 26.0322 23.5001 16.6656 27.8388 23.2229 9.72964 8.89579 4.37626 0.356467 0.37041 0.0460392
threshold=1.0000000180025095e-35 1.0000000180025095e-35 0.36254107952117925 0.64941757917404186 0.46190130710601812 0.078461539000272765 0.24626532942056659 0.66542288661003124 0.25833334028720861 0.80217391252517711 0.29705883562564855 0.8216732144355775 1.0000000180025095e-35 0.97748586535453807 0.93306982517242443 0.15587044507265094 0.6832355558872224 0.60630899667739879 0.36032786965370184 0.7670542597770692 0.45910002291202551
decision_type=2 2 2 2 2 2 2 2 2 2 2 2 2 2 2 2 2 2 2 2 2
left_child=-1 2 18 4 5 6 -3 8 -6 -7 11 15 13 -12 -14 -5 -13 -9 -2 -20 -4
right_child=1 3 20 10 7 9 -8 17 -10 -11 12 16 14 -15 -16 -17 -18 -19 19 -21 -22
leaf_value=-0.060472399645953766 -0.015116398700965596 0.00075648276152697868 0 0.040167234389299131 -0.0066338219761344751 0.026348372323715688 -0.034297785754527216 0.070359257219264712 -0.035312349516940053 -0.0037537896431124769 0.0016021939492200244 0.026582442354463404 -0.0056020746851000603 0.024954107510744263 0.0016484473524742557 0.014911956431176968 -0.0095303471781165335 0.022717685793126243 0.016584399146856676 0 0.075575309064275176
leaf_weight=11.745173603456349 3.0735752807668195 4471.6072162871405 0.97294789354782452 122.58287678907436 1048.8626674348561 665.18463055243774 520.2587935469146 22.270329698119895 414.67164499126375 257.51768217404606 8590.5175047706107 43.652547282765227 5865.8424276017995 336.28710117629453 5402.1473227745319 776.07371085852719 334.84152643897505 75.637014895590255 5.2062617987394333 2.2800261506345123 14.366190163898862
leaf_count=147 44 49400 30 3136 111788 61791 323888 1343 35540 8444 144684 2554 284079 9638 260263 24120 34626 4505 59 20 328
internal_value=-5.65615e-05 -1.61197e-05 0.0469176 -7.17314e-05 -0.0021195 0.000318283 -0.00289556 -0.0114273 -0.014961 0.0177997 0.00063413 0.0116886 -5.97679e-05 0.00251329 -0.00211262 0.0187372 -0.00465588 0.0380012 0 0.00591277 0.0736473
internal_weight=28985.6 28973.9 25.899 28948 7476.01 5914.57 4991.87 1561.44 1463.53 922.702 21471.9 1277.15 20194.8 8926.8 11268 898.657 378.494 97.9073 10.5599 7.48629 15.3391
internal_count=1360427 1360280 481 1359799 596699 443523 373288 153176 147328 70235 763100 64436 698664 154322 544342 27256 37180 5848 123 79 358
is_linear=0
shrinkage=0.08


Tree=225
num_leaves=31
num_cat=0
split_feature=16 4 14 7 5 0 1 7 12 12 1 0 4 16 0 0 1 1 1 9 14 4 7 0 1 7 9 0 1 14
split_gain=9.6486 32.8141 41.3051 22.3769 20.0411 60.3928 100.106 52.8116 52.707 45.7658 41.9729 36.5589 29.4939 87.9237 30.2086 27.6388 55.9711 53.6836 40.0608 35.8662 22.0393 18.5744 17.89 20.7194 27.368 22.484 20.7964 17.8698 16.6654 16.4489
threshold=0.82650500535964977 5.5000000000000009 0.13961039483547213 0.74115687608718883 1.0000000180025095e-35 0.71819767355918895 0.76506900787353527 0.6106402873992921 1.0000000180025095e-35 1.0000000180025095e-35 0.82793453335762035 0.75123763084411632 2.5000000000000004 0.92546296119689953 0.72812235355377208 0.90501254796981823 0.95861870050430309 0.90353596210479747 0.92893216013908397 0.45910002291202551 0.29705883562564855 5.5000000000000009 0.8078865408897401 0.87559524178504955 0.99565216898918163 0.76506900787353527 0.30143870413303381 0.94791102409362804 0.65648320317268383 0.93541666865348827
decision_type=2 2 2 2 2 2 2 2 2 2 2 2 2 2 2 2 2 2 2 2 2 2 2 2 2 2 2 2 2 2
left_child=1 2 3 -1 8 6 9 -8 29 28 12 -12 13 -10 -14 16 17 -7 -17 -18 -11 -20 23 25 -25 -3 -26 -13 -6 -2
right_child=4 22 -4 -5 5 15 7 -9 10 20 11 27 14 -15 -16 18 19 -19 21 -21 -22 -23 -24 24 26 -27 -28 -29 -30 -31
leaf_value=0.0018855489510814284 0.016494175582815865 -0.00064134182124316865 0.01477381741375244 -0.028165790669512934 -0.026159728595162635 -0.0056866039135771429 0.062666755741969005 0.012150884204012422 0.024142123616871989 0.050110975371070399 0.038717620913702198 -0.0029281992830495853 -0.029814727001449163 -0.020150491482785044 0.013157445800142583 0.021118682292472907 -0.0032543847855817714 -0.033189841858661917 -0.00042219802839371033 0.06336999348764194 0.0090575846010824621 -0.039406728166198106 0.032890163595597599 0.031213403492002953 0.02284563283140802 0.024287364777406666 -0.041534893607982779 -0.099404911951271158 -0.00029781977379860554 -0.0057294761060645563
leaf_weight=499.79217311542379 672.11692084039259 12700.054756627658 2100.021857987047 221.35966700210702 329.34532694456448 3090.3884312053306 318.58759780444598 244.51858370618811 390.40767122048419 104.85490206785471 177.61032640545091 191.7309332194809 1003.304932000945 1024.8408983418012 108.52997520563076 595.76103426867303 86.565867020050064 533.89101691005635 2754.3854138203096 107.91074702373226 435.24675756435317 75.857291704582167 97.352918651691652 45.533767610788345 30.935733323116438 230.75712092263348 214.31067483787774 8.5404708613714302 329.5302279338357 294.92707598487686
leaf_count=32840 37010 508643 82108 7405 38636 100732 9266 13995 16286 2657 15616 20725 42002 43304 3326 37120 3223 14239 262416 16432 12339 1341 4670 1391 361 6776 4838 2100 14542 3950
internal_value=-4.42985e-05 0.00125293 0.00908487 -0.00724888 -0.00168229 0.000370813 0.0136477 0.0413128 -0.0064937 0.000404074 -0.0118992 0.0126101 -0.015645 -0.00777738 -0.0254367 -0.00284352 -0.00752945 -0.00982232 0.00233633 0.0335737 0.0177077 -0.00159116 -0.000396782 -0.000666317 -0.0216064 -0.000174892 -0.0324803 -0.0101429 -0.0135658 0.00955724
internal_weight=29019 16140.1 2821.17 721.152 12878.9 9006.84 1762.08 563.106 3872.01 1198.98 2904.97 377.882 2527.08 1415.25 1111.83 7244.76 3818.76 3624.28 3426 194.477 540.102 2830.24 13318.9 13221.6 290.78 12930.8 245.246 200.271 658.876 967.044
internal_count=1360289 649032 122353 40245 711257 526938 91435 23261 184319 68174 143359 38441 104918 59590 45328 435503 134626 114971 300877 19655 14996 263757 526679 522009 6590 515419 5199 22825 53178 40960
is_linear=0
shrinkage=0.08


Tree=226
num_leaves=31
num_cat=0
split_feature=0 1 3 16 1 0 10 3 7 1 0 1 3 3 6 3 1 7 15 3 0 1 1 3 14 7 1 3 15 0
split_gain=8.26862 100.229 33.4991 106.164 75.2019 42.6092 36.0453 36.3172 29.7418 26.0335 25.9726 65.0346 148.174 38.7735 37.3302 37.6954 34.4626 23.2542 54.5755 38.564 32.9295 101.642 59.1373 29.5033 23.1829 21.4592 20.6988 41.2965 17.4136 35.6588
threshold=0.84877073764801036 0.87007671594619762 0.86319074034690868 0.96720427274703991 0.91010102629661571 0.87007671594619762 0.97483214735984813 0.91715687513351452 0.71834936738014232 0.93957647681236278 0.8019607961177827 0.84273937344551098 0.95040982961654674 0.82807883620262157 1.0000000180025095e-35 0.83424907922744762 0.91331186890602123 0.6351073980331422 0.20339315384626391 0.69631093740463268 0.72314789891242992 0.76239567995071422 0.78629976511001598 0.78192934393882763 0.93541666865348827 0.81173768639564525 0.83752354979515087 0.83910790085792553 0.0598654542118311 0.77003204822540294
decision_type=2 2 2 2 2 2 2 2 2 2 2 2 2 2 2 2 2 2 2 2 2 2 2 2 2 2 2 2 2 2
left_child=8 -2 3 4 5 -3 7 9 10 -4 17 14 13 -13 -12 -16 -14 20 19 -19 22 -22 -1 -20 -9 -6 27 -10 -28 -30
right_child=1 2 6 -5 25 -7 -8 24 26 -11 11 12 16 -15 15 -17 -18 18 23 -21 21 -23 -24 -25 -26 -27 28 -29 29 -31
leaf_value=-0.0027180961039574435 0.031912832061191783 -0.048204896358022886 0.02624042806876322 -0.16508971567420094 -0.065516878882538571 0.044433746194494611 0.030946930358220551 0.00061979830443633071 0.068061901997844496 -0.013074205249917915 0.043421170070160046 -0.089109150920266708 0.063516101876236922 -0.038246669212763103 0.021961433397899684 -0.021765185200845413 -0.00062618804143444731 -0.039931597153944738 0.050636596402330217 0.0042532244790047854 0.011222651112340916 -0.02674941141460923 0.012149575257175155 0 -0.011001819470896125 0.01773711333330474 0.012675912645055134 -0.013269112313060166 0.02181854845205549 -0.024068339862564507
leaf_weight=12199.453359863426 656.94633879877802 34.89228104637732 483.08963642346862 26.649424089815511 121.07119711797714 138.5062289288835 235.44424440541843 3604.9925372905618 97.7124952593731 129.01275307152173 147.80986754070727 142.85874288074046 54.572565137699712 391.86440371148456 226.67732520193385 270.78276980962983 490.34333968986539 129.13793372673354 241.64171745709609 2117.6935037330277 730.68765407000319 1147.2231603426917 1985.3968148654712 100.96354727845755 1560.6102911340622 17.922562503203153 942.86383534987544 58.398186720110971 168.90325071701227 276.590523634688
leaf_count=578121 32981 835 21541 614 4036 5375 54039 262279 2771 8454 8798 3318 1580 9171 6038 8999 17888 3316 7011 65338 26744 35762 69378 2670 48138 528 60034 1938 6461 5943
internal_value=-0.000102125 0.00228244 -0.000779464 -0.0250687 -0.0102072 0.024067 0.000583151 -0.000652208 -0.000872203 0.017656 -0.00169099 -0.0110757 -0.0230866 -0.0528314 0.0087974 -0.00150161 0.00602572 -0.000811803 0.00620149 0.0015596 -0.00195393 -0.0118991 -0.000622304 0.0357227 -0.00286758 -0.0534274 0.00979788 0.0371767 0.00648214 -0.00626668
internal_weight=28930.7 7009.14 6352.19 339.042 312.392 173.399 6013.15 5777.71 21921.6 612.102 20377.1 1724.91 1079.64 534.723 645.27 497.46 544.916 18652.2 2589.44 2246.83 16062.8 1877.91 14184.9 342.605 5165.6 138.994 1544.47 156.111 1388.36 445.494
internal_count=1360099 438820 405839 11388 10774 6210 394451 340412 921279 29995 844132 55792 31957 12489 23835 15037 19468 788340 78335 68654 710005 62506 647499 9681 310417 4564 77147 4709 72438 12404
is_linear=0
shrinkage=0.08


Tree=227
num_leaves=31
num_cat=0
split_feature=2 1 7 10 0 0 2 1 1 4 1 2 1 4 1 0 0 4 1 10 14 2 7 2 7 2 1 2 1 14
split_gain=13.3773 65.9456 28.2243 26.5333 21.4258 26.2589 123.361 107.424 21.2719 68.8045 33.0565 19.8919 89.8203 33.5915 28.4072 26.5093 21.5031 28.0816 18.1898 18.0401 18.0104 17.8616 17.2495 15.6182 15.2138 15.0982 129.714 21.0998 15.0968 13.9777
threshold=0.84262126684188854 0.88493064045906078 0.74883177876472484 0.55078604817390453 0.90501254796981823 0.81530213356018078 0.69732204079628002 0.84273937344551098 0.89009663462638866 3.5000000000000004 0.81530213356018078 0.88493064045906078 0.90054944157600414 5.5000000000000009 0.90353596210479747 0.86222714185714733 0.81284341216087352 5.5000000000000009 0.95861870050430309 0.97785946726799022 0.16228070110082629 0.80982521176338207 0.77712419629096996 0.52689418196678173 0.66343042254447948 0.86222714185714733 0.86512476205825817 0.84877073764801036 0.86319074034690868 0.18898809701204303
decision_type=2 2 2 2 2 2 2 2 2 2 2 2 2 2 2 2 2 2 2 2 2 2 2 2 2 2 2 2 2 2
left_child=2 24 4 -4 5 8 28 -8 10 -10 -1 12 16 14 -13 22 -3 -18 -17 -16 23 -22 -14 -6 -2 26 29 -28 -7 -26
right_child=1 11 3 -5 20 6 7 -9 9 -11 -12 13 15 -15 19 18 17 -19 -20 -21 21 -23 -24 -25 25 -27 27 -29 -30 -31
leaf_value=-0.00053014310850844795 0.047054235538689426 0 -0.01611404865146699 0.039177437174476179 -0.080233372964632468 0.021730550816898536 0.010670520818829594 -0.034127796261357445 0.054049468451452212 0.0024487205203943068 -0.012265940975602879 0.027315555081534618 0.0031846475460077968 -0.021093969455494192 0.0019963227050374026 -0.035748441524260148 -0.12819746411591271 0 -0.0061944254452697568 0.033208689855325747 0.050339439003257463 -0.0036513624373765473 0.041957662198578986 0.0063469826689801136 -0.0028685988626496856 0.029605616025866394 -0.0022910056193638064 -0.13463777522066031 0.063110381066731253 0.037115686447413962
leaf_weight=14661.95406271717 155.81118259863888 18.42295491808909 68.063019973315022 201.37580478463678 9.5896044767487165 232.41001013838104 493.45534045476961 1068.4220028639866 171.85333316756441 2730.6721500827989 1716.0310013696071 332.65366526606158 750.19295694700486 334.77750586501497 3803.4448663412813 174.11901531725744 53.839733817323577 15.417062742671986 615.41390285807574 118.41810336855451 132.1406475067397 46.579248084552091 78.427782419574214 145.36760098147352 64.695723576907767 359.93131669952709 12.730847982122212 37.054914955384447 86.526023595841252 213.11822730744097
leaf_count=659773 4818 445 2085 7947 281 15028 14840 30334 6196 90721 45897 13922 23928 7260 303071 3979 1006 341 23712 46500 22092 2943 2622 4889 2712 12179 280 764 2860 6110
internal_value=0.000101712 0.00311063 -0.000878313 0.0245881 -0.00121062 -0.00153675 -0.0105522 -0.0198833 -0.000646492 0.00564663 -0.00177292 0.000263001 -0.00707283 0.00302927 0.00498757 -0.00257577 -0.0837245 -0.102967 -0.0130974 0.00302059 0.0187171 0.0356807 0.00727604 -0.000351298 0.0240513 0.0183052 0.00514997 -0.107013 0.0342515 0.0273525
internal_weight=28902.9 7138.47 21764.4 269.439 21495 21161.3 1880.81 1561.88 19280.5 2902.53 16378 6295.13 1705.83 4589.29 4254.52 1618.15 87.6798 69.2568 789.533 3921.86 333.677 178.72 828.621 154.957 843.342 687.531 327.6 49.7858 318.936 277.814
internal_count=1359535 453649 905886 10032 895854 865649 63062 45174 802587 96917 705670 426786 56033 370753 363493 54241 1792 1347 27691 349571 30205 25035 26550 5170 26863 22045 9866 1044 17888 8822
is_linear=0
shrinkage=0.08


Tree=228
num_leaves=31
num_cat=0
split_feature=16 16 7 2 16 0 3 0 0 0 7 2 3 2 15 3 3 16 2 0 15 3 0 0 6 3 3 14 0 3
split_gain=7.22966 20.9267 29.958 28.5006 29.4977 41.8118 28.5496 32.1338 25.5024 20.1854 8.24636 48.2678 31.3834 34.6289 32.3633 56.2039 25.2372 16.8483 15.4159 22.542 34.4255 22.9067 97.8683 76.9069 20.9651 11.6701 10.5794 8.13668 8.08287 78.1024
threshold=0.92380261421203624 0.99166667461395275 0.27953489124774938 0.36867654323577886 0.96490147709846508 0.65030118823051464 0.92718276381492626 0.97014260292053234 0.88273492455482494 0.81861472129821788 0.69860395789146434 0.79095324873924266 0.77003204822540294 0.89943820238113414 0.11111690104007722 0.86526826024055492 0.87226107716560375 0.84045451879501354 0.93908473849296581 0.86222714185714733 0.022971612401306633 0.74322345852851879 0.66352203488349926 0.63373982906341564 1.0000000180025095e-35 0.97182539105415355 0.82426470518112194 0.88194444775581371 0.93957647681236278 0.93957647681236278
decision_type=2 2 2 2 2 2 2 2 2 2 2 2 2 2 2 2 2 2 2 2 2 2 2 2 2 2 2 2 2 2
left_child=10 3 -3 -2 6 -6 8 -8 -5 -7 18 26 13 17 16 -16 -14 -13 19 21 24 22 -1 -23 -21 -22 -12 -15 29 -4
right_child=1 2 28 4 5 9 7 -9 -10 -11 11 12 14 27 15 -17 -18 -19 -20 20 25 23 -24 -25 -26 -27 -28 -29 -30 -31
leaf_value=-0.0013276207942524811 -0.046266660025493532 0.052796786251217441 0.0026926134811526116 0.00010850397985357991 -0.057206556549206353 0.0043061171113227886 -0.028634738771362571 0.010596893913600554 0.026664152544707231 -0.020663845345339316 0.062057518618734119 -0.022730907691715929 -0.019153681994792112 0.057072145155273396 0.064283538166084328 -0.0024985568234550492 0.002825462039706874 -0.08263788613291366 -0.061866679266578961 0.055457520229849989 0.038544485637706946 0.013778320742095045 0.022614443937433119 -0.0084849914247984125 -0.012016666361591278 -0.034072589988898512 0.023158727305962419 -0.011016523587608604 0.0076552554519165195 -0.07162086124290197
leaf_weight=8873.7936060341563 106.7547607750148 70.631219594619324 1406.2085758043995 1928.7884267009631 138.55949021431661 350.23318135816953 413.94331481151494 185.79801962632155 259.97613432870821 468.17734851730347 80.581535797893594 94.906092087854631 358.06904975867292 25.340585876481782 139.8671980600775 171.32512222588048 4116.9695670017209 54.139160078280838 21.053983037629223 27.940367913972295 270.69600261221785 1204.4426967977888 1239.9047002160078 5462.5365978774644 252.21939253020537 8.8657614742187416 165.79354618466095 10.218011912787913 870.91391987156385 91.586509999058762
leaf_count=424624 14973 3906 83315 72248 8036 10762 21424 26803 17701 28597 2261 2138 11370 1557 3255 5915 166216 1392 1949 1103 20903 56245 34477 188074 6158 715 6366 492 134302 2892
internal_value=-0.000182777 -0.00258389 0.00316677 -0.00626624 -0.00502331 -0.0171113 -0.000794442 -0.0162292 0.00338924 -0.00982255 0.000479636 0.00326999 0.00150532 -0.0303482 0.00279769 0.0275529 0.00101168 -0.0475061 -0.000350367 -0.00024864 0.0154589 -0.000786549 0.00160151 -0.00443166 -0.00387196 0.0351211 0.0374991 0.0346154 0.00151138 -0.00196818
internal_weight=28870.2 6291.57 2439.34 3852.23 3745.48 956.97 2788.51 599.741 2188.76 818.411 22578.7 5217.21 4970.83 184.604 4786.23 311.192 4475.04 149.045 17361.5 17340.4 559.722 16780.7 10113.7 6666.98 280.16 279.562 246.375 35.5586 2368.71 1497.8
internal_count=1360169 424959 224415 200544 185571 47395 138176 48227 89949 39359 935210 200962 192335 5579 186756 9170 177586 3530 734248 732299 28879 703420 459101 244319 7261 21618 8627 2049 220509 86207
is_linear=0
shrinkage=0.08


Tree=229
num_leaves=31
num_cat=0
split_feature=4 9 6 9 10 12 15 3 15 10 2 10 6 9 10 4 2 1 0 0 3 0 2 15 4 2 9 4 3 2
split_gain=11.1956 11.5462 20.6934 15.9098 52.3928 47.7852 17.0782 13.0905 11.6229 11.5756 11.487 10.879 18.0542 48.9952 24.1228 9.61733 8.08623 32.2852 14.5623 8.01783 7.48335 9.93327 9.47934 22.9068 11.21 5.60656 5.22046 4.75417 4.07778 4.06292
threshold=25.500000000000004 0.99206298589706432 1.0000000180025095e-35 0.96014440059661876 0.99086740612983715 1.0000000180025095e-35 0.51914459466934215 0.56070175766944896 0.18263964354991916 0.98598098754882824 0.35111427307128912 0.98532998561859142 1.0000000180025095e-35 0.94553062319755565 0.99799197912216198 2.5000000000000004 0.88762626051902782 0.90353596210479747 0.94474968314170849 0.19639987498521808 0.60922586917877208 0.53093111515045177 0.60640108585357677 0.3928730189800263 2.5000000000000004 0.89377820491790783 0.99805447459220897 33.500000000000007 0.94804319739341747 0.13446328043937686
decision_type=2 2 2 2 2 2 2 2 2 2 2 2 2 2 2 2 2 2 2 2 2 2 2 2 2 2 2 2 2 2
left_child=1 3 20 11 6 7 9 -6 -7 -5 -8 16 14 -14 -13 25 18 -18 -1 29 21 26 23 -22 -24 -4 -3 -21 -27 -2
right_child=19 2 15 4 5 8 10 -9 -10 -11 -12 12 13 -15 -16 -17 17 -19 -20 27 22 -23 24 -25 -26 28 -28 -29 -30 -31
leaf_value=-0.00044891329128022152 -0.015762134969410414 0.044420492386374404 0.019849759749985145 -0.004447508018953765 0 -0.06695233024509023 0.0018967641031539268 -0.14753419861708564 -0.0018360020930976917 -0.029209817265409419 0.035157782370777858 0.038989591937738995 0.036184678355981319 -0.039926447353002173 -0.0043787906531689187 0.055266135224802365 0.028810179086983169 0.0016125207384706753 0.022343313115470581 -0.014777649457106841 -0.086209305248240012 0.050616980782715995 -0.021840719369792497 -0.0012210450747959349 0.030946642186629646 -0.079018417220729623 0.0039220049498601799 -0.047676203237608468 0 0.0082976267482409698
leaf_weight=20308.553378018369 61.326479521403598 17.734387624193914 24.841216631635692 1154.1993517085848 2.8423131937161079 21.539696518497294 216.03990656978567 29.605939214978207 69.353771291767771 135.1044113031403 99.476300719707069 88.977395011040244 305.27821651580325 59.377255929312014 632.44966123822451 80.207435170646932 297.54759653832207 3933.4291973742229 175.85201758750918 232.41114450736313 23.497893434432626 31.6980651748745 35.690615212908597 85.342677896871464 58.471897837080178 3.0433409200304586 453.09669854017557 37.415140752837033 2.6023702041693468 133.33192039723508
leaf_count=862355 1025 158 4059 37659 22 2512 2144 574 1230 4746 1602 2165 29379 3572 13370 16096 11511 299430 16363 13003 1061 239 2805 2264 10528 3316 4727 2145 7548 2202
internal_value=0.000335303 0.000543549 0.00989637 0.000258689 -0.00715224 -0.0564153 -0.00310318 -0.133705 -0.021622 -0.00726875 0.0132674 0.000762557 0.00858766 0.0229862 0.000981353 0.0414424 0.000410554 0.00359474 -0.000240036 -0.0119028 0.00446498 0.00982027 -0.0079401 -0.0239554 0.00923262 0 0.00623442 -0.0207061 -0.0476035 0
internal_weight=28810.3 28345.9 816.227 27529.6 1728.16 123.342 1604.82 32.4483 90.8935 1289.3 315.516 25801.5 1086.08 364.655 721.427 110.694 24715.4 4230.98 20484.4 464.485 705.532 502.529 203.003 108.841 94.1625 30.4869 470.831 269.826 5.64571 194.658
internal_count=1359810 1341435 52801 1288634 50489 4338 46151 596 3742 42405 3746 1238145 48486 32951 15535 31019 1189659 310941 878718 18375 21782 5124 16658 3325 13333 14923 4885 15148 10864 3227
is_linear=0
shrinkage=0.08


Tree=230
num_leaves=31
num_cat=0
split_feature=14 11 14 10 9 9 10 14 15 10 16 9 9 3 2 9 10 9 14 14 9 10 9 10 9 3 4 2 9 14
split_gain=7.17668 24.8183 33.5416 33.7922 33.0364 34.4857 54.2014 39.6176 24.9808 22.1731 16.0318 15.6192 23.8079 18.7117 21.6082 15.5955 45.0822 49.9799 65.4591 28.6113 29.739 40.654 26.489 22.6996 19.6568 18.3499 15.9808 15.9131 14.5727 14.4367
threshold=0.53589746356010448 1.0000000180025095e-35 0.64495798945426952 0.82156699895858776 0.98021757602691661 0.96014440059661876 0.98092204332351696 0.91987180709838878 0.30670653283596044 0.76484143733978283 0.65881377458572399 0.67541068792343151 0.46759706735610967 0.57294833660125744 0.56440424919128429 0.46190130710601812 0.49545417726039892 0.30803118646144872 0.074175827205181136 0.25833334028720861 0.56172078847885143 0.61125501990318309 0.70613268017768871 0.38605175912380224 0.51521766185760509 0.6900656819343568 1.5000000000000002 0.51087471842765819 0.56172078847885143 0.59166666865348827
decision_type=2 2 2 2 2 2 2 2 2 2 2 2 2 2 2 2 2 2 2 2 2 2 2 2 2 2 2 2 2 2
left_child=9 4 3 28 5 -2 7 -7 10 15 -5 12 -11 -14 -15 16 17 23 -19 20 21 -17 24 -1 -21 27 -22 -18 -3 -10
right_child=1 2 -4 8 -6 6 -8 -9 29 11 -12 -13 13 14 -16 19 25 18 -20 22 26 -23 -24 -25 -26 -27 -28 -29 -30 -31
leaf_value=0.0015132793322943606 0.0027797366764886039 -0.0034809221202014196 -0.0021505720487487376 -0.070247888314442383 0.028396753524795777 0.042890815321933715 -0.11491834210608583 -0.022061555520406877 0.025641335286589136 -0.0069858517309851877 -0.017621301421730972 0.0034804055559731943 0.040892282571452575 -0.012643618579650384 0.023300744080534109 -0.019249887528594477 0.017185071006632899 -0.044596377216974854 0.0042437334582323275 0.0046923044639820494 0.034056216949376508 0.024526715997632436 0.0056525160796342443 0.054169658005400953 -0.022922461992908084 0.0060468664245668866 0.0066199905340281239 0.049899921955040102 -0.057637394971167072 -0.0063685600199120543
leaf_weight=4528.997791060965 6618.956765469622 48.131555508152815 8003.7925820855817 43.617813479244433 295.97097676302292 65.871638090653505 30.805677744754576 361.54551836430255 123.73967347599682 215.15699549138753 268.32617668219791 2200.9487883859465 243.73522496817168 139.71055739838266 370.32288826273543 591.60132755286759 289.74391947751428 354.49388687473584 331.2373770746126 184.25916897975912 170.47523294639905 168.54776603798018 368.50359737206963 48.270032063657709 1007.1367883002313 419.86282146931262 737.2120757124394 165.58205522906792 161.37098117860114 285.41779796968331
leaf_count=87464 106721 2209 374138 1555 9091 1526 588 3348 1938 12856 21739 95961 4060 2826 25521 81336 31048 272982 38210 11624 11778 7331 18685 6164 59360 15691 39150 3330 7920 4531
internal_value=9.13324e-05 -0.00100903 -0.00385012 -0.0182067 0.00241224 0.00128369 -0.0197778 -0.0113012 -0.0095581 0.00153536 -0.0264768 0.00731575 0.015801 0.0225194 0.0131169 -0.000406784 0.00194165 -0.000831131 -0.0209129 -0.00491839 0.00228445 -0.00923735 -0.0127046 0.00216199 -0.0185161 0.0187077 0.0121065 0.0298424 -0.0463124 0.00311841
internal_weight=28843.3 16307.5 8934.4 930.604 7373.15 7077.18 458.223 427.417 721.101 12535.8 311.944 3169.87 968.926 753.769 510.033 9365.92 6138.19 5263 685.731 3227.74 1667.84 760.149 1559.9 4577.27 1191.4 875.189 907.687 455.326 209.503 409.157
internal_count=1360681 535304 414030 39892 121274 112183 5462 4874 29763 825377 23294 141224 45263 32407 28347 684153 454889 404820 311192 229264 139595 88667 89669 93628 70984 50069 50928 34378 10129 6469
is_linear=0
shrinkage=0.08


Tree=231
num_leaves=31
num_cat=0
split_feature=19 3 9 4 16 16 4 16 4 9 2 14 2 12 0 10 10 6 2 10 16 4 2 0 14 0 0 12 10 9
split_gain=8.02338 13.2565 44.7981 12.5374 45.3066 33.7997 24.5682 29.5112 19.4346 15.7453 15.7088 14.8512 11.9643 10.6867 10.2106 9.9711 9.11423 8.40384 8.37952 7.66952 7.43508 15.6593 19.1632 44.7482 33.7858 20.8001 18.592 18.078 13.7426 14.2699
threshold=1.0000000180025095e-35 0.89943820238113414 0.58079877495765697 6.5000000000000009 0.78817018866539013 0.68217894434928905 11.500000000000002 0.46225070953369146 3.5000000000000004 0.70613268017768871 0.2237871661782265 0.21240601688623431 0.26158231496810919 1.0000000180025095e-35 0.70659971237182628 0.50102880597114574 0.60619774460792553 1.0000000180025095e-35 0.72148045897483837 0.47281683981418615 0.84262126684188854 5.5000000000000009 0.8263767957687379 0.65030118823051464 0.16228070110082629 0.80982521176338207 0.2674796879291535 1.0000000180025095e-35 0.97064974904060375 0.91903391480445873
decision_type=2 2 2 2 2 2 2 2 2 2 2 2 2 2 2 2 2 2 2 2 2 2 2 2 2 2 2 2 2 2
left_child=1 3 13 4 12 6 10 -8 9 -6 -5 18 -1 15 -13 -3 -17 -10 -7 -14 21 22 23 26 -24 -25 -2 -26 29 -23
right_child=20 2 -4 5 8 11 7 -9 17 -11 -12 14 19 -15 -16 16 -18 -19 -20 -21 -22 28 24 25 27 -27 -28 -29 -30 -31
leaf_value=0.0080843687015785676 -0.01197819065323227 0.0027939766425291563 0.068310296483693661 -0.0091087187297802519 -0.0025184358150281074 0.0078112554589577854 0.004524059661667734 -0.022569603665049315 -0.024890470545123826 0.020011315080819238 0.027338124138876607 -0.043669173813134753 0 0.031566363263860565 0.013303310821597272 -0.061892615219588082 0.015979837299721203 0.0034052743643969118 -0.05492349018615944 0.053471026645886301 -0.0023117794734962226 -0.00096237736329934508 -0.0054938449188835633 -0.021156746203662889 0.014015813737029471 0.0099682303247831516 0.01780496107393922 0.040259779957597587 -0.0072367261111592283 0.0077182817888118158
leaf_weight=85.218250233447179 155.52037600508993 311.36612736107782 80.440861269830748 88.831731249345466 474.40253762137036 89.818129230290651 809.67609373928281 367.64803129089341 226.61039782956868 323.17677201056631 313.31846906174906 195.60343575508159 25.759855933254585 69.990002740480122 15.524408858011155 25.595017064537387 7.4048269469967627 79.949279080796259 10.860139680789869 163.21408909926322 10542.768716338276 8160.7693044088992 467.71164294725168 613.49993274037843 799.64806045405567 165.62407304393128 695.12658839674259 227.19410997690284 1830.0529956230457 1416.3774379530805
leaf_count=1296 5640 15585 186294 1358 33758 4115 13106 12338 10305 45102 8025 5511 922 34429 3342 797 6471 9148 520 6555 431696 374496 14878 18572 5690 5013 37854 22054 31196 14687
internal_value=-0.000169919 0.00326405 0.0154307 0.00135324 0.00717563 -0.00281336 0.00186981 -0.00386093 0 0.00647899 0.0188813 -0.0266964 0.035968 0.00409128 -0.0385288 -0.00140672 -0.0404049 -0.0170613 0 0.0471848 -0.000692389 0.00047188 0.00549231 -0.000416965 0.0120228 -0.0143149 0.0121347 0.0201444 -0.000890953 0.000308077
internal_weight=28838.7 3764.41 494.797 3269.61 1378.33 1891.28 1579.47 1177.32 1104.14 797.579 402.15 311.806 274.192 414.356 211.128 344.366 32.9998 306.56 100.678 188.974 25074.3 14531.5 3124.32 1629.77 1494.55 779.124 850.647 1026.84 11407.2 9577.15
internal_count=1360753 398977 243576 155401 107086 48315 34827 25444 98313 78860 9383 13488 8773 57282 8853 22853 7268 19453 4635 7477 961776 530080 109701 67079 42622 23585 43494 27744 420379 389183
is_linear=0
shrinkage=0.08


Tree=232
num_leaves=31
num_cat=0
split_feature=14 10 2 15 2 10 3 10 3 4 14 4 2 14 14 10 14 15 10 10 11 15 10 12 2 12 12 15 10 4
split_gain=7.28577 26.6828 43.9065 22.4755 26.0717 22.2075 21.0885 17.6172 31.1469 24.91 20.2891 47.4669 36.7533 17.1165 13.6573 13.0925 14.4071 12.6932 10.8432 19.3103 13.5008 10.7834 12.1564 9.99096 9.31791 9.17123 8.54773 11.4988 8.94167 8.37623
threshold=0.82085561752319347 0.93809869885444652 0.51087471842765819 0.58496737480163585 0.39369101822376257 0.99799197912216198 0.63702240586280834 0.96981090307235729 0.58102023601531994 13.500000000000002 0.89444443583488475 9.5000000000000018 0.86512476205825817 0.59166666865348827 0.77350428700447094 0.96672815084457409 0.60769233107566845 0.46651156246662145 0.97685134410858165 0.99799197912216198 1.0000000180025095e-35 0.39582164585590368 0.80654072761535656 1.0000000180025095e-35 0.4530817717313767 1.0000000180025095e-35 1.0000000180025095e-35 0.44961823523044592 0.89326858520507824 8.5000000000000018
decision_type=2 2 2 2 2 2 2 2 2 2 2 2 2 2 2 2 2 2 2 2 2 2 2 2 2 2 2 2 2 2
left_child=1 14 5 4 21 17 18 10 24 -10 12 -12 -6 -7 -1 16 -4 -3 -5 -20 -21 -2 -23 -17 -9 -15 -16 -28 -29 -18
right_child=3 2 15 6 7 13 -8 8 9 -11 11 -13 -14 25 26 23 29 -19 19 20 -22 22 -24 -25 -26 -27 27 28 -30 -31
leaf_value=0.00038507089811908848 0.0054135340533176188 -0.034546072851976493 -0.0065051864452398064 -0.0013835007198142756 -0.0178249866634527 0.010608242264255115 0.049068759719399994 -0.0034174254394592845 -0.0092859019884583387 -0.041394205717060012 -0.0020282663664856772 0.01841401266186328 0.027763752162028945 0.014621095598328351 0.0019715970249535473 0.056039189573075333 0.025318161627081143 0.0082272425284019377 0.035229300165957024 0.044764256078807907 0.00087830097589911796 0.018966232705052363 -0.050847636068884573 0.023161988908268618 0.030325734103279017 -0.042980774581767779 -0.029530880397508518 -0.023183459734993909 0.021704969337989388 0.0016175479644219006
leaf_weight=16388.138153634885 28.112180648149661 42.849478860239287 160.74601898364108 880.04601648455719 801.6184006389376 55.729973530404095 67.3442003423188 66.219336495618336 1728.0371277919621 170.28879128551853 4252.9158598658069 870.06240250564224 124.6942959911139 12.954192529577993 148.53151542772866 97.729074690774723 428.54687181342797 497.37942131754971 167.15159622649662 44.438540565315634 589.41244994918816 11.964707207836907 127.45995879119437 257.9364899679249 147.72363846635562 159.87662172288401 238.80894509978498 45.055128097505076 59.488213735818135 142.31869746296252
leaf_count=975111 1866 1115 17569 9898 13599 636 2429 647 101651 14538 86704 10303 11021 137 2891 4838 37321 6837 1695 510 5985 1056 2491 28444 1476 2192 11438 1266 835 3701
internal_value=5.30598e-05 0.000991334 0.0100824 -0.00167514 -0.00341907 -0.00436758 0.00652752 -0.00274542 -0.00903082 -0.0123514 -0.00051863 0.00142692 -0.0114002 -0.0250889 -1.50467e-06 0.0204194 0.0137612 0.00425543 0.00458793 0.011315 0.00453181 -0.0342783 -0.0432995 0.0332912 0.0193113 -0.0374739 -0.0130774 -0.0199816 0.000723583 0.0197527
internal_weight=28813.6 18736.1 1856.07 10077.5 8329.1 768.79 1748.39 8161.56 2112.27 1898.33 6049.29 5122.98 926.313 228.561 16880 1087.28 731.612 540.229 1681.05 801.003 633.851 167.537 139.425 355.666 213.943 172.831 491.884 343.352 104.543 570.866
internal_count=1360200 1094331 102790 265869 245352 10917 20517 239939 118312 116189 121627 97007 24620 2965 991541 91873 58591 7952 18088 8190 6495 5413 3547 33282 2123 2329 16430 13539 2101 41022
is_linear=0
shrinkage=0.08


Tree=233
num_leaves=31
num_cat=0
split_feature=16 4 3 2 15 12 4 10 2 16 15 3 16 4 3 16 3 10 4 3 2 2 1 2 1 15 2 16 3 1
split_gain=8.54772 37.8309 32.6032 31.2312 24.44 18.0569 16.7982 33.4379 16.247 21.7504 15.7018 15.3582 15.0118 21.1619 28.8107 28.3351 73.4272 19.7496 24.6323 20.5827 19.442 19.0156 16.8393 14.8477 22.2182 15.7113 65.0815 22.6111 12.4082 40.2048
threshold=0.84262126684188854 4.5000000000000009 0.81872946023941051 0.82793453335762035 0.043920243158936507 1.0000000180025095e-35 3.5000000000000004 0.57395204901695263 0.72148045897483837 0.79516318440437328 0.7231087088584901 0.93127068877220165 0.90990260243415844 1.5000000000000002 0.82426470518112194 0.94312667846679699 0.87841832637786876 0.47641299664974218 2.5000000000000004 0.8263767957687379 0.77581480145454418 0.41421362757682806 0.6832355558872224 0.51887464523315441 0.51471862196922313 0.18802630901336673 0.71503761410713207 0.89237451553344738 0.89943820238113414 0.82793453335762035
decision_type=2 2 2 2 2 2 2 2 2 2 2 2 2 2 2 2 2 2 2 2 2 2 2 2 2 2 2 2 2 2
left_child=1 2 10 8 5 -5 12 -8 11 -10 -1 -4 17 15 -15 16 -14 -2 19 -19 -16 -20 -17 24 -9 27 -27 -25 -3 -30
right_child=6 28 3 4 -6 -7 7 23 9 -11 -12 -13 13 14 20 22 -18 18 21 -21 -22 -23 -24 25 -26 26 -28 -29 29 -31
leaf_value=0.027923167933527445 -0.0087211595583193448 -0.0018981999598494408 -0.012418240119857161 0.00067359650137474884 0.046715789778817296 0.03619944512586569 0.010146271581272889 -0.016782771959439897 -0.0048439831515488295 -0.062176717882505027 -0.0083761360450646024 0.048048337409654369 0.038629364277981075 -0.018346473448847038 0.021539208626481458 -0.011225914412166464 -0.029938281609195518 0.031277389582327141 -0.034090712962962573 0.00092614614454676961 -0.0059190843458258929 0.0051024616897011052 0.00096970598209809519 -0.011342093768018041 -0.082293988258800618 -0.013702277656040221 0.051505197911059897 -0.050018730311507345 0.02513368707433716 0.00065267783695586946
leaf_weight=706.35197378073644 461.50961387666302 9975.2715353594103 99.823628652873595 697.3587869848343 102.61962025795219 102.29974149133341 517.70689689331994 154.76662225551263 94.323651456028529 84.976893045684847 75.866230248939246 30.786123518068052 344.93713969906639 1008.6277491935507 226.64063168722168 877.41434646046764 133.13550918630426 452.3711154307166 81.099285752032301 224.62665224514058 559.22506939798404 934.86190247732884 3966.5407380224979 1046.1461905225806 42.83111538105004 422.25713216445365 121.96249670824182 106.42764762297156 469.30658215272797 4710.661736160554
leaf_count=30773 33199 424895 4710 15296 6809 25218 34185 6924 5141 3276 570 2776 13588 41866 13451 54828 10745 14973 8278 14766 26996 33937 301619 39582 895 7929 4477 4651 19126 155111
internal_value=-1.61916e-05 0.00111498 0.0114598 0.00306196 0.0106966 0.00561393 -0.0016901 -0.00763099 -0.0184746 -0.0338338 0.0241685 0.00190059 -0.000123895 -0.0019124 -0.00941756 0.000594633 0.0190909 0.00570046 0.0097402 0.0215221 0.00188358 0.00166551 -0.00121566 -0.0125874 -0.0334532 -0.00997232 0.000955597 -0.0152523 -0.000239157 0.00292362
internal_weight=28832.7 17149.6 1994.41 1212.19 902.278 799.659 11683.1 2412.1 309.91 179.301 782.218 130.61 9270.99 7116.52 1794.49 5322.03 478.073 2154.47 1692.96 676.998 785.866 1015.96 4843.96 1894.39 197.598 1696.79 544.22 1152.57 15155.2 5179.97
internal_count=1360590 693701 94569 63226 47323 40514 666889 98643 15903 8417 31343 7486 568246 463093 82313 380780 24333 105153 71954 29739 40447 42215 356447 64458 7819 56639 12406 44233 599132 174237
is_linear=0
shrinkage=0.08


Tree=234
num_leaves=31
num_cat=0
split_feature=4 16 16 3 0 16 4 3 16 16 4 3 4 16 1 2 10 4 2 16 3 0 16 0 1 16 3 3 4 0
split_gain=8.50923 22.6307 13.5857 44.0483 22.8572 18.2174 65.6431 15.7264 12.2239 11.7964 14.4311 11.4589 10.4571 13.9387 22.4199 15.8112 10.027 9.88625 9.81737 10.9961 11.8846 9.57446 8.94323 8.76854 16.5749 8.64608 25.5238 8.51966 8.3048 8.2442
threshold=22.500000000000004 0.24037037044763568 0.24037037044763568 0.66260164976120006 0.23294574022293094 0.29758481681346899 15.500000000000002 0.58397436141967785 0.16823899745941165 0.2124435901641846 18.500000000000004 0.52223318815231334 17.500000000000004 0.53907206654548656 0.5388936996459962 0.44327485561370855 0.90946349501609813 30.500000000000004 0.62988328933715831 0.36899313330650335 0.69631093740463268 0.45035210251808172 0.16823899745941165 0.33520600199699407 0.42588071525096899 0.40175439417362219 0.70396453142166149 0.38165266811847692 18.500000000000004 0.22611077129840854
decision_type=2 2 2 2 2 2 2 2 2 2 2 2 2 2 2 2 2 2 2 2 2 2 2 2 2 2 2 2 2 2
left_child=2 8 3 4 9 6 21 28 16 -1 -11 -10 13 14 -7 -15 17 -2 19 23 -21 -4 -6 27 -25 29 -27 -3 -8 -14
right_child=1 18 5 -5 22 12 7 -9 11 10 -12 -13 25 15 -16 -17 -18 -19 -20 20 -22 -23 -24 24 -26 26 -28 -29 -30 -31
leaf_value=-0.11464023431637116 -0.077454778532968574 -0.0014119379403139932 -0.091337478548860082 0.04377538313479061 0.073933423127176989 0.011869872381542723 0.01076069721160521 -0.031649509126302752 0.023753113620796684 -0.090055475655803824 0.002901188814840157 -0.027059278895811546 -0.015923661448850792 -0.0055645002353189145 -0.0043914223845894279 0.00078225156341477488 0.0051379413463903782 0 0.02562609668104401 -0.062375844178212604 -0.0075482663565314273 0.012516149732031507 -0.017245572703405924 0.049025274210944193 -0.026098793082297751 -0.029834719411660948 0.0044816520541348711 -0.030109681031579606 0.047843139438777681 0.0083023493992575338
leaf_weight=30.895647979396017 20.044884965407618 124.72691159877286 30.009699547903438 33.760861610560823 5.1327216504141697 1607.4386237634462 68.226145519089187 15.758970806302385 220.70023118177778 11.042164245853199 22.238824969623238 25.442374311824096 124.21356839222426 2842.8013116672082 797.04209786768115 21290.509472810889 48.302872222833685 17.040439317599521 23.493344335402071 71.486543518394683 51.082897733307618 2.3878573211404719 12.831891301786527 33.256793110151193 29.801988664024975 302.06935115589295 238.00522823814026 175.53505922172553 184.83650266243785 286.58235134921415
leaf_count=601 524 2695 808 1813 58 42208 788 1017 2899 182 261 1283 2088 234255 34548 962378 1076 441 1658 9337 3115 93 189 1294 3141 22944 11868 5725 2139 9052
internal_value=0.000166532 -0.00772876 0.000411523 -0.0263217 -0.057827 0.00053349 0.0199468 0.0336472 0.00813582 -0.0792283 -0.031495 0.0174297 0.000311351 0.000612942 0.00641521 2.7005e-05 -0.016367 -0.0454611 -0.018344 -0.0210353 -0.0419712 -0.0787546 0.0122635 -0.013064 0.0118612 -0.00789751 -0.0145159 -0.0189313 0.0388678 0.000488859
internal_weight=28746.7 840.914 27905.8 115.902 82.1413 27789.9 301.219 268.822 331.531 64.1766 33.281 246.143 27488.7 26537.8 2404.48 24133.3 85.3882 37.0853 509.384 485.89 122.569 32.3976 17.9646 363.321 63.0588 950.87 540.075 300.262 253.063 410.796
internal_count=1360478 33188 1327290 3104 1291 1324186 4845 3944 6223 1044 443 4182 1319341 1273389 76756 1196633 2041 965 26965 25307 12452 901 247 12855 4435 45952 34812 8420 2927 11140
is_linear=0
shrinkage=0.08


Tree=235
num_leaves=31
num_cat=0
split_feature=9 1 13 9 14 9 12 9 14 14 9 9 14 9 9 14 19 12 14 0 6 14 14 14 18 16 19 4 9 4
split_gain=6.21929 22.1391 13.5196 9.83693 22.6317 20.8618 15.8879 32.8886 31.5861 20.8046 39.1994 34.3273 12.6732 22.8222 17.7622 23.311 12.2001 11.5827 10.2706 8.77765 12.1412 8.0618 12.0651 7.99568 7.60441 7.15469 7.04449 6.83586 6.57098 6.27156
threshold=0.99206298589706432 0.98213717341423046 1.0000000180025095e-35 0.88019138574600231 0.82085561752319347 0.96207326650619518 1.0000000180025095e-35 0.91531941294670116 0.93541666865348827 0.93541666865348827 0.95258533954620372 0.97504448890686046 0.88194444775581371 0.73247623443603527 0.77689129114151012 0.60769233107566845 1.0000000180025095e-35 1.0000000180025095e-35 0.90454545617103588 0.90054944157600414 1.0000000180025095e-35 0.64495798945426952 0.57738095521926891 0.92582416534423839 1.0000000180025095e-35 0.55646631121635448 1.0000000180025095e-35 10.500000000000002 0.75051021575927745 8.5000000000000018
decision_type=2 2 2 2 2 2 2 2 2 2 2 2 2 2 2 2 2 2 2 2 2 2 2 2 2 2 2 2 2 2
left_child=3 2 19 12 5 29 7 18 -9 10 -8 -11 14 23 21 26 -17 -7 -6 20 -2 22 -1 -14 25 -15 -16 -25 -23 -5
right_child=1 -3 -4 4 6 17 9 8 -10 11 -12 -13 13 24 15 16 -18 -19 -20 -21 -22 28 -24 27 -26 -27 -28 -29 -30 -31
leaf_value=0.00078540505988373857 0.0038012822074620744 0.063164970132081708 -0.038017346023939566 0.0039293120223568732 -0.01940703373074714 0.051577237952882764 -0.02342958544986895 0.016494433373870136 -0.021177472268828174 0.0071168968429882185 0.026582944303899972 -0.018248946740326781 0.03251339551239163 0.022830889884614378 0.014154052526102818 0.0039393812036213989 -0.013406090652774609 0.013023647237650855 0.0072224207807734357 -0.056868161424876974 0.037826253492537126 0.0082471524002285853 -0.013089485312759731 -0.006182655506229361 -0.021323871111944736 0.0090509717907208895 -0.00017070062050559266 0.0060713337832408419 -0.0042685935706623943 -0.0051988211142287889
leaf_weight=11077.823365404036 705.79414671880568 37.527719403241463 41.417343264249212 1386.89059619408 101.94318545189708 69.610424634103765 536.27053739382063 150.09762010635677 1390.8364933831854 1729.9763159711129 115.98813313878964 418.53800293699715 35.715598908829634 306.48804144299356 259.30274290543457 286.53403785326827 1744.8618856154717 228.33992984969154 619.61039113231709 8.4042013402849971 71.846393194129632 1498.7710147933594 410.66651022632323 1185.4477632422895 39.057116325700918 1700.9575811175728 1180.684167226419 369.47429169676616 305.33382056170922 725.01439752559963
leaf_count=757755 11041 30211 1500 88968 1358 1508 19267 3680 13630 54601 6295 12683 897 4152 39490 48294 34487 12365 5685 5006 7397 60510 15650 29721 332 36431 25715 7469 10788 12794
internal_value=-2.45351e-05 0.00663004 0.00350983 -0.00023793 -0.00272424 0.00361144 -0.00577186 -0.0107636 -0.017363 -0.00167048 -0.0141581 0.00207035 0.000665432 0.00494486 -0.000254697 -0.00535378 -0.0108772 0.0232617 0.00313225 0.00612667 0.00737087 0.00106642 0.000270035 -0.00215761 0.010535 0.0112858 0.00233812 -0.00315822 0.00603455 0.000715175
internal_weight=28739.2 864.99 827.462 27874.2 7473.12 2409.86 5063.26 2262.49 1540.93 2800.77 652.259 2148.51 20401.1 3637.14 16764 3471.38 2031.4 297.95 721.554 786.045 777.641 13292.6 11488.5 1590.64 2046.5 2007.45 1439.99 1554.92 1804.1 2111.9
internal_count=1359680 55155 24944 1304525 232834 115635 117199 24353 17310 92846 25562 67284 1071691 79002 992689 147986 82781 13873 7043 23444 18438 844703 773405 38087 40915 40583 65205 37190 71298 101762
is_linear=0
shrinkage=0.08


Tree=236
num_leaves=31
num_cat=0
split_feature=3 3 3 7 3 3 4 3 3 7 0 15 0 9 15 15 7 3 3 2 3 3 9 0 3 4 15 7 1 9
split_gain=6.71214 15.9604 14.5267 12.3599 12.1189 10.0497 10.1194 8.15931 25.7945 7.54002 6.52825 6.12011 5.1428 5.81645 4.49126 4.48675 4.43965 4.16878 4.01562 9.05313 6.86999 5.57772 4.4601 3.73282 2.83712 2.728 1.90911 1.8781 3.55982 3.54895
threshold=0.36254107952117925 0.35388994216918951 0.36491677165031439 1.0000000180025095e-35 0.37089946866035467 0.28801843523979193 19.500000000000004 0.37590579688549047 0.39173060655593878 0.18635658919811252 0.24068965017795566 0.56474497914314281 0.24068965017795566 0.92545253038406383 0.57452526688575756 0.68052169680595409 0.16784037649631503 0.23669467866420749 0.33084577322006231 0.2237871661782265 0.31662489473819738 0.33589744567871099 0.64720091223716747 1.0000000180025095e-35 0.79516318440437328 25.500000000000004 0.7231087088584901 0.24845679104328158 0.30860807001590734 0.8611605465412141
decision_type=2 2 2 2 2 2 2 2 2 2 2 2 2 2 2 2 2 2 2 2 2 2 2 2 2 2 2 2 2 2
left_child=1 5 12 24 -5 6 10 9 -9 -6 23 -12 13 16 17 -16 -2 -8 20 25 22 -21 -7 -1 -4 -20 -15 29 -29 -14
right_child=2 -3 3 4 7 18 14 8 -10 -11 11 -13 27 26 15 -17 -18 -19 19 21 -22 -23 -24 -25 -26 -27 -28 28 -30 -31
leaf_value=-0.039441156935174068 0.018793224948148859 -0.046407367781030488 0.073580457593409573 -0.044147718791954872 -0.0033004778943302908 -0.025394531702046825 0 -0.032301118132788978 0.00054022767805612807 0.023963384638257087 -0.019180345449518091 0.047759927791948729 0.030098228207282977 0 -0.013754678747474188 0.023597854109487823 -0.016166369201199668 0.077708388058957842 -0.018225378072201513 0.014203376046269907 -0.043325915528639104 -0.0073629504200640617 -0.0033909826742968188 -0.00088004154820231929 0 0.0021796523269537195 0.043488426715111238 0.058510513827661433 0.0035279027208260901 -0.0025502896002734254
leaf_weight=11.980780997699183 29.195758432935691 51.713857493770774 13.193706673770063 33.916076411383983 85.386931935245229 86.004433165035152 1.582429986578062 148.85149740451379 26352.237719338937 173.96909335783857 4.9101527117818469 27.574971591006033 39.514902847335179 4.0058971876278546 17.461924239294603 82.558036353904754 60.012530223342765 12.599377094666123 220.58041110631893 180.83547464229559 46.836107294588146 116.05446244413542 239.45071047375677 607.76106321371117 0.90891119479420091 33.759807103211642 23.196064670570195 36.954641612894193 18.053195554177364 24.136422472540289
leaf_count=137 422 7285 291 6348 1253 10097 118 21824 1238337 8509 1237 396 2048 27 226 619 1318 724 4576 10410 5938 14294 4353 13276 45 559 161 1966 2567 215
internal_value=0.000336834 -0.0044581 0.000652321 0.000470679 0.000418729 -0.00294691 0.00366794 0.000489427 0.000343669 0.0144895 -5.01913e-06 0.0321647 0.02026 0.0061129 0.0251075 0.0152088 -0.00263637 0.0644168 -0.00859907 -0.00380891 -0.015123 0.00526077 -0.00998605 -0.0021913 0.0648533 -0.0149102 0.0357288 0.0320367 0.0449294 0.0161033
internal_weight=28785.2 1741.66 27043.5 26808.5 26794.4 1689.95 766.429 26760.4 26501.1 259.356 652.227 32.4851 235.069 116.41 114.202 100.02 89.2083 14.1818 923.521 551.23 372.291 296.89 325.455 619.742 14.1026 254.34 27.202 118.659 55.0078 63.6513
internal_count=1359576 74245 1285331 1276607 1276271 66960 16733 1269923 1260161 9762 15046 1633 8724 1928 1687 845 1740 842 50227 29839 20388 24704 14450 13413 336 5135 188 6796 4533 2263
is_linear=0
shrinkage=0.08


Tree=237
num_leaves=31
num_cat=0
split_feature=4 16 16 0 19 7 4 3 3 14 4 16 16 2 7 12 1 1 0 3 0 4 12 14 1 7 3 16 16 4
split_gain=7.59751 30.7789 8.58537 22.5539 13.4771 10.7745 13.2512 9.84816 8.92697 38.5778 10.5815 26.6841 24.9544 7.72446 54.6948 65.8917 48.2257 81.4169 30.8408 16.1438 7.54657 6.29984 5.40931 4.38811 4.31297 5.29486 3.96452 4.26947 6.10681 3.55226
threshold=28.500000000000004 0.2124435901641846 0.2124435901641846 0.13873296231031421 1.0000000180025095e-35 0.11374663189053537 25.500000000000004 0.44281046092510229 0.89943820238113414 0.18465909361839297 1.5000000000000002 0.95875850319862377 0.92052632570266735 0.44920890033245092 0.41060766577720648 1.0000000180025095e-35 0.44552318751811987 0.58499062061309826 0.47673159837722784 0.53427231311798107 0.24068965017795566 23.500000000000004 1.0000000180025095e-35 0.88194444775581371 0.18490028381347659 0.11374663189053537 0.72613638639450084 0.28165064752101904 0.26365442574024206 13.500000000000002
decision_type=2 2 2 2 2 2 2 2 2 2 2 2 2 2 2 2 2 2 2 2 2 2 2 2 2 2 2 2 2 2
left_child=2 24 3 21 8 7 20 -5 10 22 11 -4 -12 16 15 -15 18 -18 -6 -16 -7 -1 -10 -23 25 -2 27 28 -3 -9
right_child=1 26 4 5 13 6 -8 29 9 -11 12 -13 -14 14 19 -17 17 -19 -20 -21 -22 23 -24 -25 -26 -27 -28 -29 -30 -31
leaf_value=-0.09124370612784008 0 -0.04057802024784541 0.041178779080354902 -0.019251470141431092 -0.0036396575380675047 -0.061145823866873623 0.015173086953718795 0 -0.00062713058902582372 0.059280006870018297 0.0028888733398519167 -0.0010330618728952501 -0.036812267134702717 -0.0093059824347366347 0.027021403805930221 0.032740790271448071 -0.059691115760189456 0.0087446239273523164 0.01736310155971078 -0.00098491501759884192 0.0013802817604077983 -0.046458043265572638 0.024982982626340588 0.0063449326464112554 -0.0047686192124857746 0.040487139572570968 -0.001915880593300329 -0.070270601626124543 0.0075302135878370707 0.066305890491946975
leaf_weight=22.523205336594401 33.606353692593984 46.189536198435235 150.67303895541318 8.8136688704835233 3107.9227315425869 32.730068167424179 40.221119529720454 2.1017625169770353 327.67613341448305 95.2066177265242 2596.9281151370087 230.49295302864539 100.14826176283532 356.95034620103615 127.29644937623743 674.7112777483344 238.49760577355664 196.22377272326776 516.98458549578208 19538.453045435246 10.932810685717412 12.16486563970102 55.690302619295835 11.946787004009821 36.683895357797155 47.002028843795415 22.472144703169761 40.978686903818016 15.699755911868122 24.841767651101691
leaf_count=389 565 1161 14050 125 227683 692 763 76 16581 214593 95609 33492 8803 32134 9962 15932 29063 11380 17867 608888 966 256 10438 197 963 609 1819 3788 518 596
internal_value=-4.45647e-05 -0.0140001 7.11475e-05 -0.0177765 0.00018473 0 -0.0143884 0.0352194 0.00478994 0.0149881 0.00313081 0.0155559 0.00129008 -0.000471267 0.000147431 0.0180637 -0.00366127 -0.0286887 -0.000580373 -0.000788674 -0.0436687 -0.0619976 0.00295492 -0.018203 0.0142118 0.0244925 -0.0411606 -0.0477644 -0.0263315 0.0582709
internal_weight=28722.8 242.632 28480.1 166.276 28313.9 119.641 83.884 35.7572 3556.82 478.573 3078.24 381.166 2697.08 24757 20697.4 1031.66 4059.63 434.721 3624.91 19665.7 43.6629 46.6349 383.366 24.1117 117.292 80.6084 125.34 102.868 61.8893 26.9435
internal_count=1359958 9423 1350535 4060 1346475 3218 2421 797 393566 241612 151954 47542 104412 952909 666916 48066 285993 40443 245550 618850 1658 842 27019 453 2137 1174 7286 5467 1679 672
is_linear=0
shrinkage=0.08


Tree=238
num_leaves=31
num_cat=0
split_feature=15 0 3 14 3 1 0 13 5 6 6 1 0 3 0 1 1 1 0 16 3 12 1 9 3 9 6 3 6 9
split_gain=8.41478 53.3246 30.2546 30.2444 28.9084 72.4825 71.232 26.4142 20.48 190.087 170.574 107.876 48.1844 53.5557 94.3432 53.1403 38.0051 33.4878 116.975 139.507 59.614 40.9108 31.5471 31.121 30.591 20.9773 20.4214 54.0422 19.133 18.086
threshold=0.38706235587596899 0.62563130259513866 0.75162336230278026 0.11437908560037614 0.62115561962127697 0.45867486298084265 0.54201978445053112 1.0000000180025095e-35 1.0000000180025095e-35 1.0000000180025095e-35 1.0000000180025095e-35 0.89699381589889537 0.80982521176338207 0.6900656819343568 0.63373982906341564 0.58204832673072826 0.90521115064620983 0.69416099786758434 0.65545505285263073 0.60922586917877208 0.68614074587821972 1.0000000180025095e-35 0.4712491780519486 1.0000000180025095e-35 0.95488464832305919 0.56172078847885143 1.0000000180025095e-35 0.80810147523880016 1.0000000180025095e-35 0.60891634225845348
decision_type=2 2 2 2 2 2 2 2 2 2 2 2 2 2 2 2 2 2 2 2 2 2 2 2 2 2 2 2 2 2
left_child=8 2 3 7 6 -6 -5 -2 9 12 11 29 13 14 -1 -15 -14 21 19 -19 -20 23 -23 -12 25 -13 -3 -28 -4 -10
right_child=1 26 28 4 5 -7 -8 -9 10 -11 17 24 16 15 -16 -17 -18 18 20 -21 -22 22 -24 -25 -26 -27 27 -29 -30 -31
leaf_value=-0.0088249081042790986 0.092435968234502369 0.044109001806665493 0.054346788457362891 -0.0013908024737608784 0.014718374833369428 -0.035329569917891011 0.032484729992721943 -0.017589991849214125 0.085943382051272457 0.10296733954234764 -0.0035363525708667189 0 0.03179989173448005 0.019604248515655943 0.043151561001725812 -0.02328549717857669 -0.0064452154537441974 -0.0037128313942391233 -0.045783886957488966 0.048010041454770301 -0.0015475143242972753 0.097803470343151191 0.00050747067240168283 -0.033196785471285628 0.0095351585492775923 -0.19218431639413752 0.027519756989116139 -0.1091215415143952 -0.025378532347603861 0.045227746425197071
leaf_weight=1428.2750863416031 36.215126219249214 251.40525380719191 97.134229057861376 5533.4455306059899 298.14122953810147 461.20067604801443 422.63853662708425 15.728931961159104 136.35714886107598 95.402604569597315 379.92590013542394 3.3913063150102998 311.7999150262367 194.96061872757855 259.67902001261973 2087.9513151424389 335.75874802957514 643.99660744076937 193.25039201351319 674.66521700591511 13315.623888795348 17.353684942230757 549.9703677505895 612.5167470371216 7.7457370709889792 11.729785295679902 99.343192297994392 17.456950991225312 17.608165972167626 260.39923085350529
leaf_count=191939 1480 15230 4185 151553 3890 4249 4270 2244 5769 1880 6533 139 11862 5707 4335 77383 22390 27802 5897 25140 627424 574 16550 123300 452 570 3087 2427 981 11168
internal_value=-0.000372599 0.00197548 0.000354569 -0.000327056 -0.000842221 -0.0155021 0.00101137 0.0576906 -0.00117137 -0.00582908 0.000126802 0.0501953 -0.00822001 -0.0115403 -0.000630382 -0.0195179 0.0118272 -0.00116044 3.41212e-06 0.0227106 -0.00220888 -0.0122912 0.00459163 -0.0220773 -0.101843 -0.15504 0.0314324 0.00214254 0.0402272 0.0605146
internal_weight=28771.1 7250.32 6882.11 6767.37 6715.43 759.342 5956.08 51.9441 21520.8 4713.83 16806.9 419.623 4618.42 3970.87 1687.95 2282.91 647.559 16387.3 14827.5 1318.66 13508.9 1559.77 567.324 992.443 22.8668 15.1211 368.205 116.8 114.742 396.756
internal_count=1360410 193596 172852 167686 163962 8139 155823 3724 1166814 315496 851318 18098 313616 279364 196274 83090 34252 833220 686263 52942 633321 146957 17124 129833 1161 709 20744 5514 5166 16937
is_linear=0
shrinkage=0.08


Tree=239
num_leaves=31
num_cat=0
split_feature=16 16 3 0 1 12 1 7 3 0 3 7 4 3 16 3 0 3 1 3 1 1 0 1 1 16 6 3 0 3
split_gain=7.70312 36.2857 35.4719 64.7592 63.8587 39.8656 40.2576 33.1304 29.5051 37.5102 19.7552 17.6576 16.7934 102.07 35.7038 40.1946 39.0513 21.0301 35.8074 36.6444 33.5806 74.0749 62.9791 21.7871 20.6712 20.1117 12.3277 10.3388 8.6719 29.9826
threshold=0.99166667461395275 0.96490147709846508 0.86526826024055492 0.83910790085792553 0.84660634398460399 1.0000000180025095e-35 0.85565477609634411 0.27953489124774938 0.95180022716522228 0.96449580788612377 0.80217391252517711 0.73623713850975048 1.5000000000000002 0.88774341344833385 0.9529346525669099 0.8521554470062257 0.84262126684188854 0.89699381589889537 0.78629976511001598 0.96449580788612377 0.99565216898918163 0.94360822439193737 0.72481885552406322 0.89512962102890026 0.92031747102737438 0.93582704663276683 1.0000000180025095e-35 0.75582656264305126 0.92031747102737438 0.93788579106330883
decision_type=2 2 2 2 2 2 2 2 2 2 2 2 2 2 2 2 2 2 2 2 2 2 2 2 2 2 2 2 2 2
left_child=1 12 3 4 10 -5 -7 -2 -4 11 -3 -10 13 14 15 -1 -16 20 19 -19 21 -14 -22 -20 26 -26 -15 -6 -9 -30
right_child=7 2 8 5 27 6 -8 28 9 -11 -12 -13 17 24 16 -17 -18 18 23 -21 22 -23 -24 -25 25 -27 -28 -29 29 -31
leaf_value=0.038212164011234 0.056662133136091745 -0.045625702485582037 0.018567672740315878 -0.028133072500997069 0 0.011419745980280368 -0.19479381479233021 -0.0014416887455484079 0.020218921548670929 0.0054240531289208487 0.0054335655534279116 -0.084538552644328982 -0.0019495398654974488 0.0073286366719431716 -0.0034041772764781849 -0.020623614761837838 0.053579867602109761 0.033351861973423075 -0.0092187601526784665 -0.0381200972148956 0.014402704902272358 0.064292514547142507 -0.045082603330672273 0.0032339639708674167 -0.050036748223658514 0.0012831913109782132 -0.040548231164137735 0.041262265146956384 0.052132844311223753 0.003711756587869658
leaf_weight=666.05420848069843 70.553838284316953 277.25838691158242 258.38665236023189 34.246543922054116 54.180173221680889 5.0749847891565905 26.724208248760988 1344.040370613402 7.5320344742794978 100.5623426493712 50.794009637727868 57.096597295203537 14304.908164959365 31.926788242490147 499.29835954003283 76.701508130219736 85.184023859434092 388.74975873907806 1023.4593772960761 45.74849348402131 173.49644460699346 103.75710921155405 299.81717644759192 6947.721423866672 50.970535880333955 344.64970142122456 246.51179679604684 90.266862493104782 86.418611838991637 909.18143747327667
leaf_count=27528 3966 13072 11941 821 1942 144 453 78411 385 14816 1278 1300 620823 1215 24171 4714 3411 21385 34126 3322 3561 5155 7102 278667 6328 36348 7702 3209 5881 135648
internal_value=8.38854e-05 -0.000308142 -0.0155188 -0.0290601 -0.0177314 -0.100903 -0.160455 0.00441177 0.0014627 -0.0241117 -0.0372766 -0.0694567 0.000267179 0.0072936 0.0202012 0.0318252 0.00501343 -0.000331225 0.00285845 0.0251144 -0.00214393 -0.00143929 -0.0230207 0.00161026 -0.0178477 -0.00547131 -0.0344616 0.025349 0.0026504 0.00831414
internal_weight=28661.3 26251.1 962.123 538.545 472.499 66.0457 31.7992 2410.19 423.578 165.191 328.052 64.6286 25289 2001.3 1327.24 742.756 584.482 23287.7 8405.68 434.498 14882 14408.7 473.314 7971.18 674.059 395.62 278.439 144.447 2339.64 995.6
internal_count=1358825 1134919 49361 20919 19501 1418 597 223906 28442 16501 14350 1685 1085558 111417 59824 32242 27582 974141 337500 24707 636641 625978 10663 312793 51593 42676 8917 5151 219940 141529
is_linear=0
shrinkage=0.08


Tree=240
num_leaves=31
num_cat=0
split_feature=4 0 1 3 10 7 15 0 3 1 7 0 1 3 4 1 4 7 10 3 3 14 10 3 14 10 4 1 14 5
split_gain=10.6629 20.2707 35.9842 49.6503 24.6413 22.1413 14.0403 13.7874 33.7094 54.8098 27.9346 20.0808 19.2937 12.6484 11.9856 11.0319 10.8146 10.5454 8.03734 24.6426 12.4692 10.3452 35.941 20.2983 28.0687 12.5387 9.68081 8.75516 8.44312 19.8688
threshold=8.5000000000000018 0.84074437618255626 0.99565216898918163 0.98936051130294811 0.61125501990318309 0.73623713850975048 0.042684840038418777 0.78611555695533764 0.93908473849296581 0.91922956705093395 0.65030118823051464 0.76845377683639537 0.71010184288024913 0.9569842815399171 10.500000000000002 0.99565216898918163 13.500000000000002 0.77712419629096996 0.98532998561859142 0.89943820238113414 0.61451050639152538 0.85164836049079906 0.92541947960853588 0.87570226192474376 0.60769233107566845 0.80101522803306591 6.5000000000000009 0.78910306096076976 0.87083333730697643 1.0000000180025095e-35
decision_type=2 2 2 2 2 2 2 2 2 2 2 2 2 2 2 2 2 2 2 2 2 2 2 2 2 2 2 2 2 2
left_child=18 5 3 6 -4 7 -3 10 15 -10 12 -12 -2 16 17 -9 -7 -6 21 20 26 22 -1 27 -25 -23 -20 -24 29 -22
right_child=1 2 4 -5 14 13 -8 8 9 -11 11 -13 -14 -15 -16 -17 -18 -19 19 -21 28 25 23 24 -26 -27 -28 -29 -30 -31
leaf_value=0.00049970412196388681 1.1946239993209417e-05 0.027876710399191297 0.035795767532860324 0.090640465270107523 -0.072027849195582874 0.055974638919815585 -0.048853266584195511 -0.02637618626298803 0.05980928247987688 -0.01577567181733238 0.026292078210924552 -0.0046547501173236231 -0.0092186560460426614 0 -0.004608410597917713 -0.078916724090630969 -0.0084384794802105246 -0.010729550649159661 0.017984166662779761 0.034037277543874186 -0.013799707542142714 0.019424441800396323 0.011828690329952721 -0.0080689549488242255 0.038553186851448588 -0.0028500271008473298 -0.0078849783374601995 -0.0040375691038504313 -0.010148904897239642 0.048192698370219535
leaf_weight=11618.873759434486 5402.6561733031413 15.765076716539623 17.998318760452094 32.405625930168753 114.80394375542528 82.502814398636474 42.321658775050309 97.249020979921625 69.837345981082763 333.74870379075583 383.99860722736048 190.71549396437331 1958.4116821384596 70.628672537573948 37.503142687382933 47.237314152269391 14.049828809256722 31.029133286781871 386.06439728469923 185.21641992440436 67.931226398199215 160.49900611654266 769.05004800715687 98.876783733776392 349.31983210256658 5201.0748445744193 108.38413533347193 291.31854525367089 467.801598144948 52.703467204862136
leaf_count=688697 244477 398 990 967 1378 1695 722 1923 1734 9151 10007 4983 72646 2670 1364 1066 325 618 4924 50248 2539 2735 16862 19647 49489 124994 1251 16454 21024 4689
internal_value=0.000200155 -0.00208444 -0.0226762 0.0173575 -0.0414299 -0.00135864 -0.0249332 -0.00195152 -0.0141887 -0.00173286 -0.00107783 0.015795 -0.00242672 0.026982 -0.0506099 -0.0466888 0.0450721 -0.0608341 0.00124262 0.00740666 0.00256918 0.000809307 0.00202476 0.0136245 0.0279393 -0.00213595 0.0119711 0.00732103 -0.00509568 0.0128504
internal_weight=28700 8942.86 291.827 90.4924 201.335 8651.04 58.0867 8483.85 548.072 403.586 7935.78 574.714 7361.07 167.181 183.336 144.486 96.5526 145.833 19757.1 1268.1 1082.88 18489 13127.4 1508.57 448.197 5361.57 494.449 1060.37 588.436 120.635
internal_count=1360667 357114 6437 2087 4350 350677 1120 345987 13874 10885 332113 14990 317123 4690 3360 2989 2020 1996 1003553 84675 34427 918878 791149 102452 69136 127729 6175 33316 28252 7228
is_linear=0
shrinkage=0.08


Tree=241
num_leaves=31
num_cat=0
split_feature=15 10 9 6 2 16 15 2 9 0 13 3 0 16 3 16 13 10 3 0 11 10 3 2 2 10 0 10 15 9
split_gain=8.39315 9.75535 8.41844 17.122 9.96212 9.22021 7.18599 23.1252 26.7401 22.194 19.9019 14.4164 19.1962 14.2505 14.0541 12.9056 10.8449 11.1371 8.85628 7.18365 6.74588 7.30412 6.6174 13.2233 9.46842 6.4955 6.89405 9.2615 5.79992 5.66131
threshold=0.7231087088584901 0.93133512139320385 0.99206298589706432 1.0000000180025095e-35 0.89943820238113414 0.52803984284400951 0.49056966602802282 0.37248718738555914 0.39688599109649664 0.53093111515045177 1.0000000180025095e-35 0.57836258411407482 0.55403152108192455 0.73746865987777721 0.52223318815231334 0.4246212244033814 1.0000000180025095e-35 0.87523585557937633 0.68614074587821972 0.55036231875419628 1.0000000180025095e-35 0.97568368911743175 0.6789083480834962 0.54085850715637218 0.65142410993576061 0.99799197912216198 0.18561584502458575 0.94136744737625133 0.37282468378543859 0.90948107838630687
decision_type=2 2 2 2 2 2 2 2 2 2 2 2 2 2 2 2 2 2 2 2 2 2 2 2 2 2 2 2 2 2
left_child=2 29 6 5 -5 -4 7 8 28 16 14 19 -13 -12 -9 -10 18 -18 -8 -11 21 -3 23 -7 -24 26 -22 -28 -1 -2
right_child=1 20 3 4 -6 22 9 10 15 11 13 12 -14 -15 -16 -17 17 -19 -20 -21 25 -23 24 -25 -26 -27 27 -29 -30 -31
leaf_value=0.0016442000077645015 -0.023629636076693931 -0.002702588507174935 0.025020065085457493 0.047442953489922259 -0.019274958617142898 -0.0039883950178805482 0.0020174663844036 0.015725387371084171 -0.0018964072537697239 0.079777280993047373 0.055353146377648516 -0.027603851197057633 0.025900449135612819 0.0067122213674699338 -0.00031844820824727211 -0.031444220517544065 0.00439007486675024 -0.036492767540873862 0.03181575626565971 0.015239911538373133 0.014721354484387078 0.036378823315958361 -0.042391035651654613 0.040438881984508519 0.00034534592954400345 -0.011393698222264144 0.02819310528034373 -0.011138476434381109 0.040478307340239147 0.0039912640188354814
leaf_weight=73.750479632666611 248.98587835539365 49.862108747474849 92.305447849982556 93.440779899059635 10.274177530124687 207.23842418636195 3083.5797151249717 349.99524719887268 144.32717770853378 37.031328882207163 64.784658044262869 48.876058228728652 179.83931869297157 110.18768425412509 22001.685648264283 362.37529504889972 64.942415310011711 88.9804544444778 61.226292209459643 28.633940877509303 169.12525920307962 52.186147385538789 50.783303978609183 47.652910663207876 64.157629453387926 446.22949596808758 38.457707510329783 258.33519144315505 41.376717401668429 45.169734171591699
leaf_count=29000 1610 362 4490 16823 14474 2363 62785 57545 18364 290 6426 628 7959 26941 967211 111466 1388 1407 1383 312 1238 618 1740 776 10974 4332 268 1999 5076 273
internal_value=0.000150977 -0.00608749 0.000456791 0.0100769 0.0387795 0.00294666 0.000245402 -0.000265095 -0.0154241 0.00357453 0.000149586 0.0244704 0.0134361 0.0266483 -5.66073e-05 -0.0234414 0.00162713 -0.0186415 0.00269799 0.0569689 -0.00215235 0.0165542 -0.00239599 0.00432001 -0.0181825 -0.00449847 0.00181648 -0.00512916 0.018037 -0.0188576
internal_weight=28615.8 1308.35 27307.4 565.853 103.715 462.138 26741.6 23148.5 621.83 3593.11 22526.7 294.381 228.715 174.972 22351.7 506.702 3298.73 153.923 3144.81 65.6653 1014.2 102.048 369.832 254.891 114.941 912.148 465.918 296.793 115.127 294.156
internal_count=1360521 10700 1349821 51640 31297 20343 1298181 1222029 163906 76152 1058123 9189 8587 33367 1024756 129830 66963 2795 64168 602 8817 980 15853 3139 12714 7837 3505 2267 34076 1883
is_linear=0
shrinkage=0.08


Tree=242
num_leaves=31
num_cat=0
split_feature=4 16 16 4 16 2 1 1 0 0 0 1 0 2 1 1 6 10 14 1 9 2 0 0 1 14 4 0 10 16
split_gain=6.70302 20.5949 18.3625 23.406 17.0118 16.4406 37.9902 77.0386 141.955 64.2634 59.2485 34.1982 65.1022 49.1728 263.315 38.3617 24.3822 20.3103 18.2178 15.9789 17.3267 17.2487 18.6505 15.4833 15.0546 17.6151 13.1763 10.5893 11.3743 10.4822
threshold=13.500000000000002 0.62192192673683178 0.70871210098266613 7.5000000000000009 0.34941859543323522 0.52689418196678173 0.6832355558872224 0.52689418196678173 0.48808848857879644 0.58499062061309826 0.57307061553001415 0.60922586917877208 0.63686314225196849 0.60640108585357677 0.70064935088157665 0.67017546296119701 1.0000000180025095e-35 0.55078604817390453 0.069047622382640853 0.93957647681236278 0.53361582756042492 0.25677657127380377 0.30068494379520422 0.23294574022293094 0.76239567995071422 0.70294117927551281 6.5000000000000009 0.75905716419219982 0.7208254635334016 0.33615820109844213
decision_type=2 2 2 2 2 2 2 2 2 2 2 2 2 2 2 2 2 2 2 2 2 2 2 2 2 2 2 2 2 2
left_child=2 29 3 19 23 6 7 9 -9 -4 -8 12 17 14 -13 -15 -12 -7 -14 21 -21 -1 -23 -5 25 -3 -22 28 -26 -2
right_child=1 24 5 4 -6 11 10 8 -10 -11 16 13 18 15 -16 -17 -18 -19 -20 20 26 22 -24 -25 27 -27 -28 -29 -30 -31
leaf_value=0.0020493520217022749 0.0046617345029607363 -0.011258999035145673 -0.0089720368277423079 -0.076459607723918271 0.0026155989178233818 -0.030214621755389574 0.085163516444090176 0.059101464295532216 -0.062800030408308491 0.024871735327108131 -0.055343130430884763 -0.083966555845946464 -0.0077841753417327028 0.017164939524000857 0.017870584361896005 -0.00062146893104647496 0.015363684313501007 0.005578590090290699 0.045760910223598919 -0.020213731604741818 -0.00086209236633206566 0.060939054361180009 0.021235531656186742 0 -0.022677527143065798 -0.062251799594521755 0.035692586934682712 -0.018080498495786006 0.049234951852882826 -0.0042802225240625739
leaf_weight=216.96206405061639 1260.8426591263997 104.88092521559884 2076.4152915924806 28.413718931638869 4236.2317076857616 114.53492145932796 67.497254782138043 69.282981310694595 330.55593090119874 427.72710947104315 36.445808755976032 260.22667815095156 38.775082121581363 818.20313103479384 411.58923332832273 13428.095344097579 119.56989016610896 665.27789039846539 351.79154737216413 140.58091772550688 133.81461897037661 100.5857877685703 417.07813791149601 33.417659604279834 14.206095761015602 87.119169792276807 101.84802413400394 87.969367302619503 36.393423395129503 2441.889772699029
leaf_count=4073 26998 7728 175200 402 173734 19996 1496 4063 18524 17215 1046 11572 2847 27696 14585 655126 5410 9251 12165 5074 6108 2914 17104 1322 919 1055 3527 4559 430 128731
internal_value=5.75058e-05 -0.00295729 0.000558293 0.00467695 0.00195144 -0.00059362 -0.00589955 -0.00839969 -0.040813 -0.00308945 0.0253563 0.000429388 0.0135734 -0.000595284 -0.0216683 0.000394489 -0.00136563 0 0.0400093 0.0150228 0.00113124 0.0218654 0.0297655 -0.0379491 -0.0219633 -0.0362017 0.0146845 -0.000546609 0.0259437 -0.00119
internal_weight=28658.2 4033.3 24624.9 5408.93 4298.06 19216 3127.49 2903.98 399.839 2504.14 223.513 16088.5 1170.38 14918.1 671.816 14246.3 156.016 779.813 390.567 1110.87 376.244 734.626 517.664 61.8314 330.569 192 235.663 138.569 50.5995 3702.73
internal_count=1360870 170420 1190450 214258 175458 976192 222954 215002 22587 192415 7952 753238 44259 708979 26157 682822 6456 29247 15012 38800 14709 24091 20018 1724 14691 8783 9635 5908 1349 155729
is_linear=0
shrinkage=0.08


Tree=243
num_leaves=31
num_cat=0
split_feature=15 3 6 14 13 2 6 1 7 3 5 3 7 3 3 1 16 6 5 7 16 2 7 1 1 6 2 14 2 1
split_gain=8.71205 31.8951 51.8732 30.4411 21.1555 16.836 53.4018 71.4524 152.035 66.7847 60.4817 48.1003 47.4562 80.8045 35.8721 34.4607 30.574 29.8758 21.5741 20.8812 18.7165 17.2453 69.8083 63.6233 52.7845 50.3478 24.7206 16.3501 14.8069 117.842
threshold=0.40769839286804205 0.75905716419219982 1.0000000180025095e-35 0.14642857760190967 1.0000000180025095e-35 0.54631218314170849 1.0000000180025095e-35 0.54641148447990429 0.33508773148059851 0.65261757373809826 1.0000000180025095e-35 0.60660174489021312 0.47673159837722784 0.81530213356018078 0.63702240586280834 0.63702240586280834 0.42980295419692999 1.0000000180025095e-35 1.0000000180025095e-35 0.33508773148059851 0.59290647506713878 0.64747309684753429 0.60736888647079479 0.77849927544593822 0.69732204079628002 1.0000000180025095e-35 0.69732204079628002 0.048809524625539787 0.48934240639209753 0.48934240639209753
decision_type=2 2 2 2 2 2 2 2 2 2 2 2 2 2 2 2 2 2 2 2 2 2 2 2 2 2 2 2 2 2
left_child=5 3 -3 4 27 6 7 11 14 -10 -8 18 13 17 -9 19 -17 -7 -1 -12 -13 22 23 -14 25 -23 -26 -2 29 -5
right_child=1 2 -4 28 -6 12 10 8 9 -11 15 20 21 -15 -16 16 -18 -19 -20 -21 -22 24 -24 -25 26 -27 -28 -29 -30 -31
leaf_value=-0.024503186891915635 0.12294635844054948 0.058285556731371965 -0.048578964397914634 0.0012211299144667827 -0.026492403471868663 0.0494793380196316 0.12953924398909228 0.10931203622510725 -0.012190807466805752 -0.08668838966402076 0.018653789961948317 0.046406573994628886 -0.017776458813878217 -0.016389561921654406 0 -0.018379006490573838 0.027807092175443856 0.015057125338105652 0.053187490754539671 -0.021299933991451882 0.0055265031281685325 0.041317722501804481 0.062808659860873806 0.011451464214454917 -0.012269374577014458 -0.00021285175970332099 -3.649513483619973e-05 0.032636225698277704 0.01172986906398329 -0.079063673852572486
leaf_weight=484.76313229318475 19.170494689724364 135.44777952336153 30.962855515748743 5652.2742229122232 15.340929664234862 334.18363578631761 20.102292346851755 36.778915153412527 119.23819146153255 257.06824175391375 100.12775909129232 94.171274271266157 1732.7697501345301 310.81044328966527 34.550506919276813 109.76059109283597 408.06140666393367 353.73009235191785 18.175983782497497 362.14316445615259 309.50795302195183 373.3445557553332 82.539576038856467 645.9219484246405 1139.875762002699 353.96017222854061 14172.841653847643 57.684706001527957 715.88569266010018 114.45677275530761
leaf_count=167332 289 14076 2944 136454 1361 9078 265 1165 7788 9394 20297 5367 66744 14302 1747 9049 20510 17788 771 63533 14025 8492 2474 23274 38560 14323 675531 2535 8671 1104
internal_value=8.09799e-07 0.0025195 0.0366316 0.00160461 0.0460778 -0.000769185 -0.00715185 -0.0175125 -0.0435144 -0.0639717 0.0067345 -0.00433049 0 0.0169449 0.0594356 0.00340857 0.017629 0.0322465 -0.0208846 -0.0121966 0.0159057 -0.000915774 -0.00714416 -0.00976527 3.18852e-05 0.0210239 -0.000961261 0.0632515 0.000912426 -0.000411735
internal_weight=28595.7 6741.22 166.411 6574.81 92.1961 21854.4 2354.45 1354.25 447.636 376.306 1000.2 906.618 19500 998.724 71.3294 980.093 517.822 687.914 502.939 462.271 403.679 18501.3 2461.23 2378.69 16040 727.305 15312.7 76.8552 6482.62 5766.73
internal_count=1359243 167434 17020 150414 4185 1191809 321243 207589 20094 17182 113654 187495 870566 41168 2912 113389 29559 26866 168103 83830 19392 829398 92492 90018 736906 22815 714091 2824 146229 137558
is_linear=0
shrinkage=0.08


Tree=244
num_leaves=31
num_cat=0
split_feature=4 16 4 3 4 7 3 16 3 4 16 10 16 3 4 3 0 7 4 15 4 0 3 4 1 16 0 4 15 13
split_gain=7.55146 5.52435 27.9566 20.185 21.0531 16.7906 16.4453 15.2234 14.1074 11.7039 11.519 9.44102 8.36633 15.7997 21.7542 15.7772 23.4684 14.8839 13.4132 6.14433 6.04678 5.53895 9.51156 5.6419 16.131 14.442 4.63128 4.95416 4.08432 2.09122
threshold=36.500000000000007 0.36899313330650335 17.500000000000004 0.6900656819343568 21.500000000000004 0.17712418735027316 0.46265329420566564 0.40946348011493688 0.97259759902954113 15.500000000000002 0.28165064752101904 0.85254529118537914 0.55051019787788402 0.99473685026168834 11.500000000000002 0.39173060655593878 0.28743545711040502 0.56992483139038097 10.500000000000002 0.7231087088584901 23.500000000000004 0.2930081188678742 0.52223318815231334 18.500000000000004 0.2237871661782265 0.26365442574024206 0.21680375933647159 25.500000000000004 0.47536796331405645 1.0000000180025095e-35
decision_type=2 2 2 2 2 2 2 2 2 2 2 2 2 2 2 2 2 2 2 2 2 2 2 2 2 2 2 2 2 2
left_child=1 5 12 4 7 21 9 -4 11 19 -11 -5 13 14 -3 18 -17 -15 -14 -7 -10 23 -23 25 -25 -1 27 -8 -28 -2
right_child=29 2 3 8 -6 6 26 -9 20 10 -12 -13 15 17 -16 16 -18 -19 -20 -21 -22 22 -24 24 -26 -27 28 -29 -30 -31
leaf_value=-0.054090625608517316 -0.03857181433557727 0.021216697665404686 0.0081982824906813925 -0.0047820902100824472 -0.057133541356101769 0.060439377724635951 -0.045063357743953904 -0.026144548002923408 -0.030567153714771058 0.030330183282681233 0.0046066818045837465 0.026276178888349544 -0.007217105400197963 -0.017661106107476728 0.0021397384529826943 0.045302836930329916 0.00022906726504512304 0.0079529226269398449 -0.044463060630923375 0 0.010723350341191252 0.060720198231504263 -0.018628644401394959 0.0034151386756366832 -0.049461472813896734 -0.0041813150884201164 -0.0075766207413504741 0.0046055665068107324 0.0093414353270192523 0
leaf_weight=47.245494150894956 36.050095205475372 595.16482376595377 109.93396771587322 105.41692974540274 102.97873645048094 60.268657954060473 24.645888035738608 252.14550050161961 96.74582821392687 186.93356888258131 315.15944456410216 123.84570715868904 872.51324703989303 322.82388021333827 1120.2516759682512 69.230301203220733 22765.29725050629 246.66952236165525 64.697007712267805 18.791196558158845 19.852263924782164 16.384957796304665 10.160525497223714 409.18993551906897 35.387541628821054 162.03374604971759 150.70963718315397 12.077710097844827 204.11313978298131 1.5400489680760063
leaf_count=959 1374 12347 3310 8640 12297 753 409 19417 6406 2719 7134 1753 74288 11936 47293 3350 1096489 8356 12172 158 2040 228 367 5986 912 1941 13750 201 2240 69
internal_value=0.000173328 0.000229127 -4.15357e-05 -0.0146288 -0.0254222 0.00471151 0.0114796 -0.0153119 0 0.019973 0.0147039 0.0115151 0.000409021 0.00502772 0.00889393 -2.91577e-05 0.000382616 -0.00631552 -0.0101804 0.0486674 -0.0220693 -0.00474385 0.0271379 -0.00647716 -0.000941131 -0.0171944 -0.000816113 -0.026299 0.00170546 -0.0334625
internal_weight=28558.3 28520.7 26867.6 810.919 465.058 1653.1 972.699 362.079 345.861 581.153 502.093 229.263 26056.6 2284.91 1715.42 23771.7 22834.5 569.493 937.21 79.0599 116.598 680.402 26.5455 653.857 444.577 209.279 391.546 36.7236 354.823 37.5901
internal_count=1359294 1357851 1320094 53863 35024 37757 27364 22727 18839 10764 9853 10393 1266231 79932 59640 1186299 1099839 20292 86460 911 8446 10393 595 9798 6898 2900 16600 610 15990 1443
is_linear=0
shrinkage=0.08


Tree=245
num_leaves=31
num_cat=0
split_feature=4 16 16 4 1 9 4 2 2 3 3 3 19 10 2 14 3 16 15 2 1 3 15 4 16 1 1 14 2 3
split_gain=7.95018 16.6013 8.06572 29.5339 14.5554 16.8143 13.8651 31.1256 13.3659 10.5665 23.4264 14.4538 8.61706 19.2044 38.1596 21.8974 11.2724 14.9118 11.7216 8.03311 7.5606 6.57567 5.013 4.79019 3.44358 3.26243 3.09945 4.11916 2.85752 2.71474
threshold=30.500000000000004 0.2124435901641846 0.40175439417362219 10.500000000000002 0.45867486298084265 0.41390292346477514 17.500000000000004 0.34525330364704138 0.33981132507324224 0.75905716419219982 0.54261502623558056 0.99473685026168834 1.0000000180025095e-35 0.86377084255218517 0.63686314225196849 0.77350428700447094 0.39173060655593878 0.73401361703872692 0.58496737480163585 0.4530817717313767 0.2046049237251282 0.72613638639450084 0.24339524656534198 14.500000000000002 0.24037037044763568 0.33498349785804754 0.12632978707551959 0.64495798945426952 0.53036636114120495 0.52223318815231334
decision_type=2 2 2 2 2 2 2 2 2 2 2 2 2 2 2 2 2 2 2 2 2 2 2 2 2 2 2 2 2 2
left_child=2 20 3 22 5 25 12 -8 -7 10 -9 -11 13 15 -15 -4 17 -14 -18 23 26 -3 -1 -6 -24 -5 -2 29 -21 -28
right_child=1 21 6 4 19 8 7 9 -10 11 -12 -13 16 14 -16 -17 18 -19 -20 28 -22 -23 24 -25 -26 -27 27 -29 -30 -31
leaf_value=-0.011088404769288381 0 -0.055901350879572861 0.00072421562392802671 0.052303885673800052 0 0.0052128730987578151 -0.046642522404332309 0.0244710865047605 0.035545968861326598 0.023632067878671482 -0.029203239476555922 -0.014431821393420698 -0.0024298940718344179 0.007638163882387662 0.060451501401900441 -0.075034249225686037 -0.00049724819556830845 -0.024651654923008696 0.010900625732330362 0.0088524143647211589 -0.032774070675624052 0 0 -0.049840616757177839 -0.08171518576218878 0 0.066422075286028295 0.0020783891451802402 -0.014067108644423844 0
leaf_weight=21.917356869465948 19.785235054032455 57.950098058207004 2001.5322654708589 62.022319683397654 11.80874101876543 1560.301370518333 127.16655385615013 64.558839522800554 96.960290650058596 156.21756726328022 183.27203730113251 96.223032978377887 694.43701950237664 764.85530584426306 96.274772529118309 19.709844056327711 21362.652048761338 274.73692222354657 588.01514418260194 62.924695329147653 17.105452496623911 13.80730585493802 1.5593434449983785 43.289056331717802 25.387804834259441 8.8418309803273569 15.55171588342637 25.297688829072285 61.749670954472094 1.3858970860601392
leaf_count=850 335 3329 183148 3657 643 25063 13771 5862 2227 5620 11910 7282 40330 26932 160640 1746 794548 45358 9635 4144 540 1013 54 6655 429 1471 387 203 2540 34
internal_value=-6.32997e-05 -0.0180825 3.00103e-05 0.00498443 0.00669171 0.00900963 -0.000331619 -0.0120351 0.00718539 -0.00254695 -0.014381 0.00850321 -3.85456e-05 0.00407345 0.0140423 -0.000118901 -0.000563421 -0.00898765 -0.000182221 -0.014365 0.00554422 -0.0448838 -0.0531387 -0.0385469 -0.0752436 0.0462778 0.0201565 0.031566 -0.00137018 0.057803
internal_weight=28537.3 150.883 28386.4 1956.76 1907.9 1728.13 26429.7 627.438 1657.26 500.271 247.831 252.441 25802.2 2882.37 861.13 2021.24 22919.8 969.174 21950.7 179.772 79.126 71.7574 48.8645 55.0978 26.9471 70.8642 62.0205 42.2353 124.674 16.9376
internal_count=1360356 5841 1354515 47733 46400 32418 1306782 44445 27290 30674 17772 12902 1262337 372466 187572 184894 889871 85688 804183 13982 1499 4342 1333 7298 483 5128 959 624 6684 421
is_linear=0
shrinkage=0.08


Tree=246
num_leaves=31
num_cat=0
split_feature=16 4 3 2 7 4 1 2 16 14 14 4 16 2 2 1 1 1 3 2 16 3 4 1 7 2 14 14 1 7
split_gain=8.07938 29.6699 23.3452 21.4591 98.0388 46.9298 45.9649 39.3292 34.6702 34.2324 33.0934 26.0314 30.0738 22.7328 22.1783 87.282 213.744 38.7627 54.187 28.74 22.0306 19.814 19.4293 18.2948 16.0168 25.806 17.9576 17.0298 14.0602 14.0007
threshold=0.68496242165565502 7.5000000000000009 0.99473685026168834 0.52689418196678173 0.45867486298084265 6.5000000000000009 0.52689418196678173 0.47856706380844122 0.78989815711975109 0.078461539000272765 0.63068181276321422 2.5000000000000004 0.89323708415031444 0.27334994077682501 0.64747309684753429 0.77849927544593822 0.64899963140487682 0.72834226489067089 0.72613638639450084 0.7320508360862733 0.76043477654457103 0.80982521176338207 6.5000000000000009 0.52689418196678173 0.628892481327057 0.71892556548118602 0.91287881135940563 0.42261904478073126 0.71516755223274242 0.60736888647079479
decision_type=2 2 2 2 2 2 2 2 2 2 2 2 2 2 2 2 2 2 2 2 2 2 2 2 2 2 2 2 2 2
left_child=1 2 -1 5 9 8 7 -7 13 -5 -11 12 -10 -2 15 16 -6 18 -16 -19 -9 28 -4 -13 25 29 -26 -27 -8 -3
right_child=3 24 22 4 14 6 21 20 11 10 -12 23 -14 -15 17 -17 -18 19 -20 -21 -22 -23 -24 -25 26 27 -28 -29 -30 -31
leaf_value=0.02606410133196755 -0.007414364427954262 -6.2490237152073674e-05 -0.023237584434197257 -0.008189647752544351 0.0022981470012926526 -0.029924326669492213 -0.09577423912456505 -0.012965562335902309 0.0301369100560459 0.058316251487162164 0.019155559429564369 -0.0099819932002152729 -0.0037663714481701691 0.028307833214603995 0.031550685714651978 0.027920939468182283 -0.055047593440746459 -0.012283202423415398 -0.0031708993724112785 0.00050003291755922519 0.037219670023331777 0.014733734329131566 0.022905456074496119 -0.038814505954349779 0.0018116963466936551 0.0037831978117504102 0.023518461610061416 -0.033750970576639283 0 0.024328526187050014
leaf_weight=551.7587857282906 155.22096842623432 6111.0239944719833 135.51440414914032 120.31046412982687 1406.4372690713099 408.45580982819592 81.371438347185176 102.98407229645818 197.86200736426144 266.7001822379716 331.21211638664863 785.9567114926831 935.29199392164992 354.79664561567188 583.37557446423489 360.62020531772032 582.61262139668906 1243.0781506214262 546.4230774812695 11313.65633476491 105.95602422006777 10.294985200976951 93.319564674409776 177.46367795142578 691.67452266797591 102.11003275115945 388.68391776014323 235.19530109084735 12.748822344721701 149.12415334511752
leaf_count=15876 5358 269260 5832 12638 52169 44533 6473 4871 6723 6860 8778 67566 69798 21764 15283 12714 21655 40523 21021 584983 2924 431 3756 9995 23027 3934 10073 6375 425 4772
internal_value=0.000286719 0.00236371 0.0171823 -0.000580468 0.000576903 -0.00644653 -0.0244363 -0.0154929 -0.00136633 0.0293943 0.0372274 -0.00597905 0.00211935 0.0171589 -0.000712544 -0.00788837 -0.0145147 0.000510129 0.0146767 -0.000757116 0.0120112 -0.0727311 -0.00364858 -0.0156312 0.000826106 -0.000632217 0.00984099 -0.0220318 -0.0841729 0.000511947
internal_weight=28541.2 8458.4 780.593 20082.8 16754.4 3328.4 721.811 617.396 2606.59 718.223 597.912 2096.57 1133.15 510.018 16036.2 2349.67 1989.05 13686.5 1129.8 12556.7 208.94 104.415 228.834 963.42 7677.81 6597.45 1080.36 337.305 94.1203 6260.15
internal_count=1360390 342905 25464 1017485 776624 240861 59657 52328 181204 28276 15638 154082 76521 27122 748348 86538 73824 661810 36304 625506 7795 7329 9588 77561 317441 284341 33100 10309 6898 274032
is_linear=0
shrinkage=0.08


Tree=247
num_leaves=31
num_cat=0
split_feature=16 4 16 0 3 14 15 7 7 4 0 14 3 0 4 7 15 3 4 2 3 15 0 16 3 3 3 0 10 6
split_gain=7.25332 27.3433 25.5072 30.5437 44.244 25.5384 22.6916 21.4989 19.8785 18.1074 34.8713 27.5618 21.8419 19.2951 16.5501 14.8607 50.1516 40.3543 40.3391 32.5908 33.7786 23.5187 36.8015 40.0913 33.4701 26.2956 45.2067 16.9231 14.6924 13.9075
threshold=0.8521554470062257 5.5000000000000009 0.81302964687347423 0.84660634398460399 0.78830561041831981 0.13961039483547213 0.077385891228914275 0.72046512365341198 0.74115687608718883 3.5000000000000004 0.60107529163360607 0.88194444775581371 0.61633428931236278 0.53093111515045177 2.5000000000000004 0.60736888647079479 0.18802630901336673 0.80810147523880016 11.500000000000002 0.72812235355377208 0.96693986654281627 0.2745156735181809 0.63373982906341564 0.67962265014648449 0.72834226489067089 0.89699381589889537 0.97530490159988414 0.63686314225196849 0.75052741169929515 1.0000000180025095e-35
decision_type=2 2 2 2 2 2 2 2 2 2 2 2 2 2 2 2 2 2 2 2 2 2 2 2 2 2 2 2 2 2
left_child=1 2 5 4 14 8 -5 -6 -1 -2 12 -12 13 -11 -4 21 19 18 -18 28 -21 25 23 -23 -24 27 -27 -3 -17 -19
right_child=9 15 3 6 7 -7 -8 -9 -10 10 11 -13 -14 -15 -16 16 17 29 -20 20 -22 22 24 -25 -26 26 -28 -29 -30 -31
leaf_value=0.0073457591082649867 0 -0.007048374290713021 0.040934667346910925 0.0057322947217272567 -0.03960658467783644 0.017728218950843991 0.044350839894986054 0.015625079724153248 -0.025380956879986948 -0.046391283691621883 0.0024380461065368403 -0.019845420660571839 -0.073790511104637774 0.0079830519892823224 -0.0012065035067624691 0.0026334677943582597 0.060401648579600176 0.02513587413378908 -0.022815660196943015 -0.011306633377002972 0.0046169252050423468 0.0017578502366767824 0.035986054916206565 -0.014643108660711605 -0.0042831246274633375 0.018332953628009508 -0.01194616349230419 -0.024306592350796807 0.033493981221877189 -0.031254256169885017
leaf_weight=416.05730579304145 9010.721212625027 787.61591550842604 60.420156690583099 712.16233138590906 308.53562124397649 1643.1701622931341 111.49642958913682 45.407833243440109 159.49529572258325 74.270833183170907 1120.056766087404 508.42848780418353 71.835392137043527 77.155864373911754 615.0788843508999 181.09626555087652 228.15058748237789 38.478516679046152 38.574473956367001 1453.4660153147161 2033.2305320686837 4679.4793307693999 328.74618409742834 1189.912450915388 206.23268429169912 511.7174220780289 805.43167217550217 741.04468530120357 252.46197913108881 67.429505464504473
leaf_count=25903 562015 126517 1396 31466 10654 64847 7172 1543 5351 11456 46710 12547 2490 2447 34399 8434 5354 1097 386 32661 65988 144585 6260 54409 8407 15787 34559 26939 6850 1483
internal_value=0.000121664 0.00112935 0.00687646 0 -0.00922296 0.0126531 0.0113891 -0.0319561 -0.00158825 -0.00149748 -0.00869133 -0.00446056 -0.0380762 -0.0182937 0.00260078 -0.000588647 0.00328328 0.0311351 0.0475793 0.000558823 -0.00198184 -0.00240365 0.000262561 -0.00154954 0.0202702 -0.0084499 -3.67528e-05 -0.0155709 0.0211454 -0.0091144
internal_weight=28477.4 17614.9 4071.82 1853.1 1029.44 2218.72 823.659 353.943 575.553 10862.5 1851.75 1628.49 223.262 151.427 675.499 13543.1 4292.89 372.633 266.725 3920.25 3486.7 9250.18 6404.37 5869.39 534.979 2845.81 1317.15 1528.66 433.558 105.908
internal_count=1360112 722447 182731 86630 47992 96101 38638 12197 31254 637665 75650 59257 16393 13903 35795 539716 122253 8320 5740 113933 98649 417463 213661 198994 14667 203802 50346 153456 15284 2580
is_linear=0
shrinkage=0.08


Tree=248
num_leaves=31
num_cat=0
split_feature=1 2 1 2 3 3 7 3 3 3 3 1 2 3 3 7 6 3 1 1 3 2 2 2 7 2 3 2 14 2
split_gain=6.39661 45.4979 52.0117 114.617 92.2124 94.9303 47.7136 131.722 41.7868 35.7953 53.9392 34.8769 65.5929 35.4385 29.9703 37.8408 30.1549 29.8534 129.716 62.8907 64.9632 67.2507 46.1725 45.7866 42.653 57.5379 41.9153 47.3205 62.6491 30.802
threshold=0.91331186890602123 0.84074437618255626 0.83752354979515087 0.68457102775573742 0.95861870050430309 0.91331186890602123 0.65648320317268383 0.8216732144355775 0.91458967328071605 0.91458967328071605 0.7897985875606538 0.85145786404609691 0.85270008444786083 0.9569842815399171 0.89323708415031444 0.7243877947330476 1.0000000180025095e-35 0.93582704663276683 0.9759001135826112 0.93582704663276683 0.98260739445686351 0.91331186890602123 0.74115687608718883 0.85857143998146068 0.7807200849056245 0.88975694775581371 0.98425099253654491 0.84660634398460399 0.13961039483547213 0.73363915085792553
decision_type=2 2 2 2 2 2 2 2 2 2 2 2 2 2 2 2 2 2 2 2 2 2 2 2 2 2 2 2 2 2
left_child=1 2 6 -4 5 -5 9 -8 -9 10 -1 -3 13 -13 15 -14 -16 18 23 20 21 29 -20 -2 -24 -26 27 28 -21 -19
right_child=17 11 3 4 -6 -7 7 8 -10 -11 -12 12 14 -15 16 -17 -18 19 22 26 -22 -23 24 -25 25 -27 -28 -29 -30 -31
leaf_value=-0.00041097800103198824 0.052561825666938226 0.044808856988799904 0.023545925426507939 -0.016136227608225681 0.058115525432152579 -0.061822056132551831 0.041905580813078443 -0.031685189356947113 0.016090210273865778 0.019891399085130219 -0.01521012355803833 -0.059787196238969047 0.048387540616949068 0.047649014004201566 0.040128043497073239 0.0072785455791644325 -0.0059954550770717754 0.017103530818727761 0.034394525596962253 -0.0063937690553249335 0.06768262258107971 -0.0019899939303884228 -0.034093864083246411 0.015572394522105957 0.067492093208413706 -0.017581406142042646 -0.001812773097278988 0.0038739674928411844 0.055073224872577244 -0.071470228710937
leaf_weight=12266.034860142656 391.70547857352267 182.1720805357254 420.05268362499919 1289.2258140563717 80.352087314546225 380.26715895129382 572.52340878935502 314.03472499800409 176.32023203086464 473.74891705827577 1808.1290613814635 119.64374361374212 270.70324112840535 17.782973090183077 103.34229301998494 325.46177428429655 544.53295591955248 22.981976805291197 110.36290936193473 152.63437804053683 36.839986827879329 218.63683741894056 456.69731051001054 516.29541564980173 67.179344570973626 164.0594947686177 5344.1043056032149 1112.7843932963478 307.46516548282125 235.82169591935599
leaf_count=570578 13014 5808 13629 30655 2950 10233 15763 9995 8314 28688 78758 2756 10931 570 3817 12449 19550 1008 2672 5019 1433 12204 19991 36019 1823 31700 302027 83159 18825 5773
internal_value=-1.60993e-05 -0.00084561 -0.00200505 -0.0135976 -0.0226468 -0.0267914 -0.000379603 0.015929 -0.0141943 -0.00158718 -0.00232834 0.0122011 0.00763973 -0.0435769 0.0135774 0.0264584 0.00136759 0.00172199 0.0112519 -0.000450771 -0.0273189 -0.0356065 -0.0120926 0.0319051 -0.0199756 0.00736217 0.00154206 0.0130116 0.0344885 -0.0628232
internal_weight=28481.9 19344.3 17780.7 2169.9 1749.85 1669.49 15610.8 1062.88 490.355 14547.9 14074.2 1563.64 1381.47 137.427 1244.04 596.165 647.875 9137.57 1706.3 7431.27 514.28 477.441 798.299 908.001 687.936 231.239 6916.99 1572.88 460.1 258.804
internal_count=1360111 825444 769563 57467 43838 40888 712096 34072 18309 678024 649336 55881 50073 3326 46747 23380 23367 534667 105219 429448 20418 18985 56186 49033 53514 33523 409030 107003 23844 6781
is_linear=0
shrinkage=0.08


Tree=249
num_leaves=31
num_cat=0
split_feature=2 1 1 3 1 2 12 6 15 2 1 1 1 6 2 3 3 9 1 1 3 4 3 15 13 14 3 5 4 4
split_gain=6.27051 46.3879 53.6079 29.8467 31.3208 26.1503 23.7876 26.0704 23.5143 22.8798 48.5167 161.876 42.013 46.9915 41.0795 23.8586 21.8871 19.9029 18.2469 29.5875 18.163 17.8043 16.4689 14.9282 11.9822 11.3912 10.3149 12.8032 9.16786 9.06937
threshold=0.38148742914199835 0.38148742914199835 0.52027395367622387 0.57294833660125744 0.42588071525096899 0.47478812932968145 1.0000000180025095e-35 1.0000000180025095e-35 0.48011682927608496 0.53747394680976879 0.6832355558872224 0.5388936996459962 0.63224515318870556 1.0000000180025095e-35 0.6442561447620393 0.75162336230278026 0.57836258411407482 0.88531070947647106 0.5673658847808839 0.47478812932968145 0.51899951696395885 3.5000000000000004 0.60136988759040844 0.30150328576564794 1.0000000180025095e-35 0.16228070110082629 0.61451050639152538 1.0000000180025095e-35 6.5000000000000009 14.500000000000002
decision_type=2 2 2 2 2 2 2 2 2 2 2 2 2 2 2 2 2 2 2 2 2 2 2 2 2 2 2 2 2 2
left_child=1 6 21 5 26 18 -1 8 16 10 11 -6 13 -11 -14 -12 -8 -9 19 24 -7 -3 -4 29 -2 -10 -5 -28 -20 -24
right_child=3 2 22 4 9 20 7 17 25 12 15 -13 14 -15 -16 -17 -18 -19 28 -21 -22 -23 23 -25 -26 -27 27 -29 -30 -31
leaf_value=0.016072657607568878 0.0055726770299383988 -0.010891722834791043 0.063384434468038847 0.0013827220348305482 -0.00010084167466086525 0.048077257872961743 -0.030135462626716736 0.096103631703307518 0.037540291945518237 0.023425532536675928 0.040704887461547046 -0.055638300320395864 -0.012241571132469277 -0.0052567593916761947 0.00050973162115445223 0.0015583824767268076 0.028602411896912518 -0.018028577063378234 0.073820595673623424 -0.060533503080678813 0.015372679229464016 -0.087794384401165465 0.043979266146058293 -0.041063405877717715 -0.045589001836139717 -0.0020298376136675309 0.050094340223358048 -0.0020538837407830229 -0.014647517807015016 -0.019772274307951383
leaf_weight=471.89170487111733 729.00236148681142 31.906832669697906 18.747908124512833 75.221963307321857 1334.5807376047669 151.72220892650512 318.56216001777648 24.586862203890632 41.832693576772726 989.90935111081308 146.72386201573681 446.48909809919678 1788.763229619075 562.93373999111463 16249.030374253998 318.60400309911529 39.649419477391348 9.4191141150076856 27.428783150513485 44.347086673607919 478.26786923789223 96.145819004386794 30.00361270452413 47.424179879395524 25.080777679781022 3753.9017401103447 131.59502042384338 30.773268610220839 4.2542870478791874 16.241350623660765
leaf_count=24285 58483 2789 1513 2752 64317 8463 130045 545 603 26170 5580 32673 69856 33453 749736 16356 1736 272 744 8069 20700 10432 2826 623 3682 71359 3601 3532 637 4334
internal_value=-2.39241e-05 -0.00263126 -0.0365423 0.000512611 -0.000214106 0.011572 -0.000809694 -0.00276703 -0.00341083 -0.000538753 -0.00817935 -0.0142297 0.000331069 0.0129415 -0.000748958 0.0145435 -0.0228892 0.0621302 0.00199998 -0.000333752 0.0238175 -0.0709645 0.00265699 -0.0104721 0.00337118 -0.00150283 0.0283609 0.0394887 0.0572024 0.0187227
internal_weight=28435 4900.31 240.47 23534.7 22074.6 1460.1 4659.84 4187.95 4153.95 21837 2246.4 1781.07 19590.6 1552.84 18037.8 465.328 358.212 34.006 830.113 798.43 629.99 128.053 112.417 93.6691 754.083 3795.73 237.59 162.368 31.6831 46.245
internal_count=1360166 251362 22517 1108804 1008026 100778 228845 204560 203743 998141 118926 96990 879215 59623 819592 21936 131781 817 71615 70234 29163 13221 9296 7783 62165 71962 9885 7133 1381 7160
is_linear=0
shrinkage=0.08


end of trees

feature_importances:
Column_3=913
Column_0=757
Column_10=693
Column_1=667
Column_16=640
Column_2=607
Column_4=595
Column_9=468
Column_14=433
Column_7=384
Column_15=351
Column_12=273
Column_19=183
Column_5=181
Column_6=180
Column_11=78
Column_13=42
Column_18=32
Column_17=5

parameters:
[boosting: gbdt]
[objective: binary]
[metric: auc]
[tree_learner: serial]
[device_type: cpu]
[data_sample_strategy: bagging]
[data: ]
[valid: ]
[num_iterations: 250]
[learning_rate: 0.08]
[num_leaves: 31]
[num_threads: 4]
[seed: 42]
[deterministic: 0]
[force_col_wise: 0]
[force_row_wise: 0]
[histogram_pool_size: -1]
[max_depth: 6]
[min_data_in_leaf: 20]
[min_sum_hessian_in_leaf: 0.001]
[bagging_fraction: 0.8]
[pos_bagging_fraction: 1]
[neg_bagging_fraction: 1]
[bagging_freq: 1]
[bagging_seed: 400]
[bagging_by_query: 0]
[feature_fraction: 0.8]
[feature_fraction_bynode: 1]
[feature_fraction_seed: 30056]
[extra_trees: 0]
[extra_seed: 12879]
[early_stopping_round: 0]
[early_stopping_min_delta: 0]
[first_metric_only: 0]
[max_delta_step: 0]
[lambda_l1: 2]
[lambda_l2: 5]
[linear_lambda: 0]
[min_gain_to_split: 0]
[drop_rate: 0.1]
[max_drop: 50]
[skip_drop: 0.5]
[xgboost_dart_mode: 0]
[uniform_drop: 0]
[drop_seed: 17869]
[top_rate: 0.2]
[other_rate: 0.1]
[min_data_per_group: 100]
[max_cat_threshold: 32]
[cat_l2: 10]
[cat_smooth: 10]
[max_cat_to_onehot: 4]
[top_k: 20]
[monotone_constraints: ]
[monotone_constraints_method: basic]
[monotone_penalty: 0]
[feature_contri: ]
[forcedsplits_filename: ]
[refit_decay_rate: 0.9]
[cegb_tradeoff: 1]
[cegb_penalty_split: 0]
[cegb_penalty_feature_lazy: ]
[cegb_penalty_feature_coupled: ]
[path_smooth: 0]
[interaction_constraints: ]
[verbosity: -1]
[saved_feature_importance_type: 0]
[use_quantized_grad: 0]
[num_grad_quant_bins: 4]
[quant_train_renew_leaf: 0]
[stochastic_rounding: 1]
[linear_tree: 0]
[max_bin: 255]
[max_bin_by_feature: ]
[min_data_in_bin: 3]
[bin_construct_sample_cnt: 200000]
[data_random_seed: 175]
[is_enable_sparse: 1]
[enable_bundle: 1]
[use_missing: 1]
[zero_as_missing: 0]
[feature_pre_filter: 1]
[pre_partition: 0]
[two_round: 0]
[header: 0]
[label_column: ]
[weight_column: ]
[group_column: ]
[ignore_column: ]
[categorical_feature: ]
[forcedbins_filename: ]
[precise_float_parser: 0]
[parser_config_file: ]
[objective_seed: 16083]
[num_class: 1]
[is_unbalance: 0]
[scale_pos_weight: 1]
[sigmoid: 1]
[boost_from_average: 1]
[reg_sqrt: 0]
[alpha: 0.9]
[fair_c: 1]
[poisson_max_delta_step: 0.7]
[tweedie_variance_power: 1.5]
[lambdarank_truncation_level: 30]
[lambdarank_norm: 1]
[label_gain: ]
[lambdarank_position_bias_regularization: 0]
[eval_at: ]
[multi_error_top_k: 1]
[auc_mu_weights: ]
[num_machines: 1]
[local_listen_port: 12400]
[time_out: 120]
[machine_list_filename: ]
[machines: ]
[gpu_platform_id: -1]
[gpu_device_id: -1]
[gpu_device_id_list: ]
[gpu_use_dp: 0]
[num_gpu: 1]

end of parameters

pandas_categorical:null
