tree
version=v4
num_class=1
num_tree_per_iteration=1
label_index=0
max_feature_idx=9
objective=binary sigmoid:1
feature_names=Column_0 Column_1 Column_2 Column_3 Column_4 Column_5 Column_6 Column_7 Column_8 Column_9
feature_infos=[0:1] [0:1] [0:1] [0:1] [0:65] [0:1] [0:1] [0:1] [0:1] [0:1]
tree_sizes=3041 3455 3455 3466 3464 3451 3475 3484 3494 3476 3475 3491 3498 3500 3503 3511 3499 3470 3510 3497 3487 3508 3514 3505 3497 3519 3506 3511 3516 3506 3505 3516 3509 3514 3502 3527 3524 3485 3513 3504 3526 3506 3511 3526 3513 3495 3532 3532 3532 3528 3526 3530 3530 3527 3534 3536 3529 3531 3533 3530 3524 3541 3541 3512 3537 3528 3523 3518 3545 3528 3538 3478 3524 3541 3502 3524 3562 3534 3538 3534 3560 3489 3526 3554 3531 3552 3548 3431 3531 3465 3469 3546 3517 3492 3542 3490 3542 3562 3504 3555 2793 3500 3438 3481 3559 3433 1814 2831 3566 3531 3502 3472 2686 3549 3472 3467 1765 2242 3506 3417 3165 3536 3502 3529 3463 3516 2235 2828 3539 2980 2539 3543 2098 3345 3483 3536 3504 3527 3537 3375 3487 3412 2768 3439 3448 2805 2926 3442 3489 3514 3443 3447 3483 3444 3546 3491 3400 3477 2819 3360 3557 3465 3368 3505 3468 3536 3546 3434 3379 3518 3497 3283 3567 3503 3453 3480 3104 2992 3431 3516 3484 3475 3436 3496 3483 3449 3409 3501 3466 3528 3466 3511 3455 3474 3527 3476 3503 3476 3493 3482 3485 3375 3055 3430 3459 3406 3487 3533 3452 3503 3434 3494 3528 3515 1914 3155 3390 3406 3545 3505 3479 3529 3532 3487 3514 3368 3490 3520 3399 3484 3380 3413 3449 3489 2817 3510 3544 3491 3420 3450 3421 3440 3346 3512 3534 3553 2835 3449 3433 3415

Tree=0
num_leaves=31
num_cat=0
split_feature=6 2 8 5 1 6 8 8 6 0 1 5 6 1 8 6 2 6 0 0 4 8 4 2 1 0 2 0 0 1
split_gain=1.1011e+06 65389.3 18336.2 6883.22 11367 3790.51 4560.75 2331.82 3417.91 1633.74 1567.23 1160.77 2342.37 1092.94 1069.54 1174.7 1393.8 782.965 469.21 422.538 410.296 360.801 358.372 281.264 227.02 212.04 191.443 168.958 151.595 133.836
threshold=0.57370692491531383 0.80735492706298839 1.0000000180025095e-35 1.0000000180025095e-35 0.73746865987777721 0.63202878832817089 1.0000000180025095e-35 0.75000000000000011 0.46683587133884435 0.79502627253532421 0.88047617673873912 1.0000000180025095e-35 0.41799478232860571 0.86526826024055492 1.0000000180025095e-35 0.70782846212387096 0.67826876044273388 0.49280537664890295 0.63686314225196849 0.61938297748565685 4.5000000000000009 0.75000000000000011 5.5000000000000009 0.70064935088157665 0.66300368309021007 0.76239567995071422 0.88975694775581371 0.78142958879470836 0.53410854935646068 0.92031747102737438
decision_type=2 2 2 2 2 2 2 2 2 2 2 2 2 2 2 2 2 2 2 2 2 2 2 2 2 2 2 2 2 2
left_child=1 3 17 4 9 6 10 -5 23 24 27 -4 26 20 15 16 25 -3 -10 21 -6 -8 29 -9 -1 -7 -13 -2 -15 -17
right_child=5 2 11 7 13 14 19 8 18 -11 -12 12 -14 28 -16 22 -18 -19 -20 -21 -22 -23 -24 -25 -26 -27 -28 -29 -30 -31
leaf_value=-0.15257625434674615 -0.13526830914613569 -0.15182942879705186 0.15344040900979114 -0.15950657462700568 0.056760563380281688 -0.087727272727272737 -0.070313901345291474 -0.14350802937881241 -0.010071942446043165 0.13625231910946198 0.11423463687150838 -0.12133828996282528 0.13980353634577605 -0.0056637168141592921 0.15900654408332496 0.1339084422352281 0.12435988902100674 0.026474820143884893 0.12472749540722596 0.1509309838472834 -0.045637583892617448 0.11517138599105814 0.11396869427382603 -0.037446808510638301 -0.10336931632319267 0.11012987012987013 -0.01510204081632653 0.012307692307692309 0.13119648737650935 0.15580288097043213
leaf_weight=5027.5 735.75 1894.5 5178.25 146562.25 563 347 106.5 2003.25 273 129.75 218.75 264 1013 51.5 136568.75 3113.25 625.75 168.75 403.25 1697.5 442 162.75 2518.5 183 759.25 33.5 191 50.25 1133.75 6590
leaf_count=20110 2943 7578 20713 586249 2252 1388 426 8013 1092 519 875 1056 4052 206 546275 12453 2503 675 1613 6790 1768 651 10074 732 3037 134 764 201 4535 26360
internal_value=6.43231e-05 -0.142412 0.0709255 -0.154209 -0.0822954 0.155106 0.0653922 -0.158107 -0.0862354 -0.13991 -0.0729289 0.135596 0.0722335 0.0732308 0.156882 0.134887 0.0512237 -0.13714 0.0704 0.136143 0.0115644 0.0412762 0.141738 -0.134809 -0.146243 -0.06869 -0.0777391 -0.125613 0.125117 0.148867
internal_weight=319009 166241 8709.5 157532 8106.75 152768 2971.5 149425 2862.5 5916.5 1004.75 6646.25 1468 2190.25 149797 13228 1006.25 2063.25 676.25 1966.75 1005 269.25 12221.8 2186.25 5786.75 380.5 455 786 1185.25 9703.25
internal_count=1276037 664964 34838 630126 32427 611073 11886 597699 11450 23666 4019 26585 5872 8761 599187 52912 4025 8253 2705 7867 4020 1077 48887 8745 23147 1522 1820 3144 4741 38813
is_linear=0
shrinkage=0.08


Tree=1
num_leaves=31
num_cat=0
split_feature=6 0 8 5 1 6 8 8 6 3 3 5 6 8 3 6 6 0 1 3 3 8 1 1 1 3 3 0 0 0
split_gain=937661 54110.9 14216.4 6662.46 12322.9 3274.92 4493.27 2505.5 3213.02 2064.97 1218.63 812.698 1745.63 756.628 695.952 1159.89 649.861 593.841 538.259 378.904 362.795 609.623 351.551 332.57 183.337 177.426 161.26 155.072 127.48 121.772
threshold=0.57370692491531383 0.83239698410034191 1.0000000180025095e-35 1.0000000180025095e-35 0.78629976511001598 0.64888572692871105 1.0000000180025095e-35 0.75000000000000011 0.45293442904949194 0.82426470518112194 0.84660634398460399 0.23693957179784778 0.42022895812988287 1.0000000180025095e-35 0.81016731262207042 0.75309395790100109 0.47895757853984838 0.60736888647079479 0.90353596210479747 0.79772728681564342 0.77303028106689464 0.75000000000000011 0.68870675563812267 0.89386734366416942 0.68870675563812267 0.86729559302330028 0.8521554470062257 0.6351073980331422 0.48528139293193823 0.90366768836975109
decision_type=2 2 2 2 2 2 2 2 2 2 2 2 2 2 2 2 2 2 2 2 2 2 2 2 2 2 2 2 2 2
left_child=1 3 16 4 10 6 9 -5 23 -2 22 -4 -13 14 15 24 -3 -10 19 -6 21 -8 -1 -9 -7 -18 -14 -11 -20 -16
right_child=5 2 11 7 18 13 20 8 17 27 -12 12 26 -15 29 -17 25 -19 28 -21 -22 -23 -24 -25 -26 -27 -28 -29 -30 -31
leaf_value=-0.14256119911718279 -0.12046933506166144 -0.14148986166566652 0.14275642582810874 -0.14764989233066592 -0.020914098925474144 -0.064404423969416799 -0.044166992435898618 -0.1321643967257683 -0.032862156952568063 -0.072735384387526331 0.070584940115082415 -0.077138192110325174 -0.00068655149535799798 0.14727307225416478 0.12594508500271803 0.11470264193352629 -0.11332860604349751 0.106540350314261 -0.021526929357716634 0.088067352639745328 0.1446995721400941 0.12646361934197628 -0.081541104633981731 0.036384354103468949 0.03678566312305373 0.05631148131368699 0.1396952477059081 0.12094462859654587 0.13415588263864142 0.14460053501301187
leaf_weight=5254.8114549815655 879.41265557706356 1636.0981535613537 4975.5512894541025 145939.81062652171 324.84115523099899 288.26750448346138 190.57555258274078 2016.7360599637032 295.42247425019741 24.407953202724457 185.93766711652279 362.04741521179676 53.482597455382347 134813.5747718811 5111.5844483077526 1921.8843866884708 48.091197103261948 554.62875562906265 31.499746531248093 528.55373819172382 2114.9053069651127 421.82266621291637 724.21057458221912 74.286539763212204 181.80487656593323 147.01807525753975 812.33065265417099 332.20036250352859 1194.9221493601799 5398.2154351770878
leaf_count=21138 3532 6583 20015 587476 1302 1156 765 8106 1183 98 746 1452 215 542670 20538 7721 193 2227 126 2120 8509 1696 2902 298 730 589 3265 1333 4803 21719
internal_value=-5.46067e-05 -0.131941 0.0705076 -0.142296 -0.0721895 0.143552 0.0715738 -0.146174 -0.0727769 -0.0547138 -0.128984 0.128321 0.0693539 0.14548 0.126681 0.087195 -0.12507 0.0579971 0.0959898 0.0465174 0.128862 0.0731773 -0.135271 -0.126028 -0.0249562 0.0119116 0.130886 0.106423 0.129956 0.135607
internal_weight=316839 165160 8034.62 157126 8244.78 151679 3963.32 148881 2941.07 1236.02 6164.96 6203.41 1227.86 147715 12901.8 2391.96 1831.21 850.051 2079.82 853.395 2727.3 612.398 5979.02 2091.02 470.072 195.109 865.813 356.608 1226.42 10509.8
internal_count=1275206 664739 32312 632427 33137 610467 15933 599290 11814 4963 24786 24947 4932 594534 51864 9607 7365 3410 8351 3422 10970 2461 24040 8404 1886 782 3480 1431 4929 42257
is_linear=0
shrinkage=0.08


Tree=2
num_leaves=31
num_cat=0
split_feature=6 2 8 3 6 6 8 8 3 6 6 8 6 8 8 3 6 6 6 1 0 8 6 0 2 4 0 2 0 6
split_gain=807987 48319.7 13598.4 5485.04 9197.45 2789.92 3806.64 2022.39 1751.94 760.68 1681.9 740.293 1477.84 707.589 684.975 616.482 1031.83 600.273 598.485 1593.2 315.969 345.21 306.509 218.591 205.414 179.926 172.586 167.447 159.381 144.069
threshold=0.57370692491531383 0.80735492706298839 1.0000000180025095e-35 0.87026646733284008 1.0000000180025095e-35 0.64888572692871105 1.0000000180025095e-35 0.75000000000000011 0.84273937344551098 1.0000000180025095e-35 0.42022895812988287 0.75000000000000011 0.47895757853984838 0.75000000000000011 1.0000000180025095e-35 0.81016731262207042 0.71711125969886791 0.47895757853984838 1.0000000180025095e-35 0.73746865987777721 0.62563130259513866 0.75000000000000011 0.50108224153518688 0.52704679965972911 0.83131474256515514 4.5000000000000009 0.49731183052062994 0.70064935088157665 0.60107529163360607 0.43147574365139013
decision_type=2 2 2 2 2 2 2 2 2 2 2 2 2 2 2 2 2 2 2 2 2 2 2 2 2 2 2 2 2 2
left_child=1 3 17 11 23 6 8 22 24 -4 13 18 29 -11 15 16 27 -3 19 -1 21 -8 -6 -5 -2 -17 -9 -7 -14 -13
right_child=5 2 9 4 7 14 20 26 -10 10 -12 12 28 -15 -16 25 -18 -19 -20 -21 -22 -23 -24 -25 -26 -27 -28 -29 -30 -31
leaf_value=-0.12915692358800565 -0.11670403441235934 -0.13318066230663181 0.1329351746497732 -0.01703996670150815 -0.13592827165681742 -0.077107991080902161 -0.047120144531155969 -0.10419082472740643 0.10507084418932713 -0.12753741176644856 0.1243139723516162 -0.12943403676007981 -0.017943205315798263 0.09189081320947691 0.13793054278918954 0.13284017176785776 0.10232708890761787 0.011837789497621378 -0.1385285741606157 -0.014344597954196717 0.13160958954379146 0.1090342676172795 -0.013409690655337885 0.12485210213962669 0.083786623905985208 0.1068961652885785 0.11657788745528609 0.057881693704403388 0.079237833099472729 -0.065147408224479494
leaf_weight=5595.6508618146181 848.52924045920372 1825.4318886995316 5072.0728476643562 69.914725214242935 3677.6882379055023 265.73160511255264 139.49541574716568 20.361745893955231 331.91785842180252 312.56959161162376 980.6267965734005 1824.3881036490202 175.41914990544319 128.61407795548439 132511.74323000014 7897.9102099388838 2046.7785230875015 199.83497110009193 139327.206697613 902.73518712818623 2305.189458578825 236.95443242788315 139.70698592066765 1374.102995172143 29.670932188630104 2479.448075979948 240.16905272006989 69.787700533866882 260.97566136717796 284.73571911454201
leaf_count=22842 3444 7462 20727 280 15058 1068 560 82 1344 1263 3989 7431 702 517 542575 32251 8306 802 570553 3624 9419 964 570 5576 119 10072 972 281 1056 1152
internal_value=-1.27035e-05 -0.123473 0.0619453 -0.13374 -0.0553354 0.134412 0.0673562 -0.116765 -0.0501886 0.118387 0.0660936 -0.136655 -0.0933075 -0.0628981 0.136205 0.118227 0.0810145 -0.118799 -0.137407 -0.113255 0.120454 0.0508918 -0.13151 0.117837 -0.109313 0.126711 0.0970841 -0.0481228 0.0400504 -0.121006
internal_weight=311575 162412 8519.15 153893 5521.94 149163 3891.76 4077.93 1210.12 6493.88 1421.81 148371 2545.52 441.184 145271 12759.7 2382.3 2025.27 145826 6498.39 2681.64 376.45 3817.4 1444.02 878.2 10377.4 260.531 335.519 436.395 2109.12
internal_count=1275061 664658 34760 629898 22538 610403 15850 16682 4907 26496 5769 607360 10341 1780 594553 51978 9655 8264 597019 26466 10943 1524 15628 5856 3563 42323 1054 1349 1758 8583
is_linear=0
shrinkage=0.08


Tree=3
num_leaves=31
num_cat=0
split_feature=6 2 5 3 5 6 6 3 6 5 1 2 6 2 0 6 3 2 9 0 3 6 0 0 0 9 6 5 0 3
split_gain=702844 42116.7 8602.98 4846 7186.39 4590.91 2371.56 2703.91 1203.24 706.598 1767.28 519.009 347.717 358.401 304.952 285.106 809.647 271.839 255.273 238.187 211.567 187.962 177.928 124.424 124.24 119.262 152.325 107.768 97.2591 69.9486
threshold=0.57370692491531383 0.80735492706298839 1.0000000180025095e-35 0.89039039611816417 1.0000000180025095e-35 0.44923661649227148 0.63202878832817089 0.77694860100746166 0.49280537664890295 1.0000000180025095e-35 0.75147059559822094 0.66978195309638988 0.52397373318672191 0.68020617961883556 0.79502627253532421 0.69710868597030651 0.76253134012222301 0.65733855962753307 1.0000000180025095e-35 0.53410854935646068 0.81530213356018078 0.52397373318672191 0.58885449171066295 0.3260560035705567 0.48528139293193823 1.0000000180025095e-35 0.42022895812988287 0.45843496918678289 0.90054944157600414 0.81530213356018078
decision_type=2 2 2 2 2 2 2 2 2 2 2 2 2 2 2 2 2 2 2 2 2 2 2 2 2 2 2 2 2 2
left_child=1 3 -3 9 24 25 7 11 28 10 14 27 -11 -14 -1 16 17 23 -7 -10 -12 -20 -9 -8 -5 26 -4 -2 -6 -24
right_child=6 2 5 4 8 18 15 22 19 12 20 -13 13 -15 -16 -17 -18 -19 21 -21 -22 -23 29 -25 -26 -27 -28 -29 -30 -31
leaf_value=-0.12096140320240652 -0.022843057630823001 0.1253642684907251 -0.099922373125778743 -0.020534987167156765 -0.1247053395617832 0.10886726435425896 0.1052273821018164 -0.0238083867578621 -0.098316609252028897 -0.13056464325166611 -0.030033714666603012 0.061140220445471634 -0.1092850471184047 -0.0077860262850795213 0.087870011188677946 0.12907088086959162 0.12533557376905299 0.098727503445013465 -0.042979881922379073 0.088533955527438424 0.048872160691870351 0.083277480773386273 0.057014643270470788 -0.0058540825240393692 0.11955937532710864 -0.12953036453814129 -0.011062352227598091 -0.089371243049681817 -0.023103983715830185 0.12550028997341289
leaf_weight=5584.8772708028555 220.22009572386742 4956.6168815344572 1126.3800801336765 38.469040066003799 2925.6419743448496 888.23510441184044 68.281507194042206 52.877057552337646 49.019076660275459 136816.42986290157 535.02092018723488 230.19153125584126 1892.339026927948 257.04522398114204 40.88264724612236 138309.9592076987 3467.963952973485 322.15987920761108 142.00302551686764 220.42505021393299 358.87636567652225 148.86142648756504 123.98794862627983 523.85635079443455 1244.9455295950174 953.99831284582615 144.69856032729149 641.11797784268856 68.124341547489166 1556.7019110769033
leaf_count=23289 909 20739 4680 154 12273 3671 284 216 202 574739 2146 950 7926 1069 166 580483 14525 1339 584 906 1451 612 515 2162 5144 3978 602 2645 282 6494
internal_value=5.37112e-05 -0.116554 0.0581538 -0.126293 -0.0448454 -0.0397006 0.12698 0.0541681 -0.107909 -0.128835 -0.102749 -0.044239 -0.130054 -0.0972673 -0.119339 0.128418 0.107666 0.0401556 0.0876101 0.052786 0.00156257 0.0214119 0.116171 0.00746101 0.115173 -0.107281 -0.090015 -0.0727765 -0.122489 0.120727
internal_weight=303910 158393 8360.79 150032 4546.63 3404.18 145517 2825.1 3263.21 145485 6519.66 1091.53 138966 2149.38 5625.76 142692 4382.26 914.298 1179.1 269.444 893.897 290.864 1733.57 592.138 1283.41 2225.08 1271.08 861.338 2993.77 1680.69
internal_count=1275135 664613 34866 629747 18961 14127 610522 11729 13663 610786 27052 4504 583734 8995 23455 598793 18310 3785 4867 1108 3597 1196 7225 2446 5298 9260 5282 3554 12555 7009
is_linear=0
shrinkage=0.08


Tree=4
num_leaves=31
num_cat=0
split_feature=6 2 8 3 5 6 8 8 3 8 3 6 8 6 5 1 5 6 8 6 3 8 6 2 2 0 0 0 2 0
split_gain=615789 36729 10535.8 4248.23 6245.05 2260.87 2729.1 1484.92 984.76 826.02 793.215 1182.86 763.847 1397.54 691.035 1586.24 593.078 1278.96 682.779 474.68 245.532 263.762 217.89 204.64 185.127 157.691 144.38 139.78 126.062 122.098
threshold=0.57370692491531383 0.80735492706298839 1.0000000180025095e-35 0.89039039611816417 1.0000000180025095e-35 0.63202878832817089 1.0000000180025095e-35 0.75000000000000011 0.84273937344551098 1.0000000180025095e-35 0.78319624066352855 0.75309395790100109 0.75000000000000011 0.48563170433044439 1.0000000180025095e-35 0.73746865987777721 0.21800179779529574 0.43147574365139013 0.75000000000000011 0.48563170433044439 0.69860395789146434 0.75000000000000011 0.50108224153518688 0.68020617961883556 0.90353596210479747 0.62258651852607738 0.48528139293193823 0.49731183052062994 0.91545844078063976 0.60107529163360607
decision_type=2 2 2 2 2 2 2 2 2 2 2 2 2 2 2 2 2 2 2 2 2 2 2 2 2 2 2 2 2 2
left_child=1 3 19 12 26 6 8 22 -2 10 11 23 14 25 15 -1 -4 18 -18 -3 21 -8 -6 -7 -12 -14 -5 -9 -21 -15
right_child=5 2 16 4 7 9 20 27 -10 -11 24 -13 13 29 -16 -17 17 -19 -20 28 -22 -23 -24 -25 -26 -27 -28 -29 -30 -31
leaf_value=-0.11450021124449535 -0.10569115893583483 -0.11956680742147882 0.11903485663920883 -0.036265187780384352 -0.12195466387916229 -0.073946405668886508 -0.066095206950854135 -0.091156759129446138 0.084007883726584659 0.12403571838534365 0.099837410538315977 0.091890938515180334 -0.11825232315209043 0.00011651959447558355 -0.1246288566906712 -0.0042913486058429543 -0.11361966421125413 0.11368449439147447 0.095831897382913325 -0.046955095134826166 0.11798274943104443 0.094599866447333647 -0.0098871770907230823 0.043246005238527577 0.12213875316369388 -0.065912732651626088 0.11368684135480127 0.11381550812526958 0.080301697155524862 0.089876588980161487
leaf_weight=5343.4610398411751 727.04629051685333 1774.0118313729763 4811.5343756377697 38.694324538111687 2828.5846458524466 404.96113835275173 100.43353371322155 19.097819939255714 225.16331155598164 125926.09379021823 5089.8892791420221 1523.3607935905457 1531.841518625617 161.96160081028938 132099.3385258615 994.70833998918533 319.8147829324007 903.51187425851822 138.49388393759727 100.00355450809002 1576.3976207822561 165.67622217535973 119.76964691281319 118.77039878070354 5213.5345131009817 536.98131166398525 1205.4077778458595 205.23308692872524 89.06078577041626 250.94514390826225
leaf_count=22927 3038 7606 20741 155 12239 1646 407 79 943 546154 21691 6446 6547 653 573411 4011 1339 3820 559 402 6756 683 489 487 22501 2268 5101 848 359 1016
internal_value=-4.38147e-06 -0.110904 0.0544594 -0.120164 -0.0427901 0.120643 0.0491906 -0.102349 -0.0604625 0.122084 0.102128 0.0562742 -0.122587 -0.0781249 -0.12338 -0.0972463 0.105793 0.0586249 -0.0496301 -0.106748 0.105956 0.0332607 -0.117481 -0.0469096 0.111191 -0.104936 0.108768 0.0940611 0.0126906 0.0554739
internal_weight=294544 153472 8136.43 145336 4416.79 141071 2794.72 3172.69 952.21 138277 12350.5 2047.09 140919 2481.73 138438 6338.17 6173.35 1361.82 458.309 1963.08 1842.51 266.11 2948.35 523.732 10303.4 2068.82 1244.1 224.331 189.064 412.907
internal_count=1275322 664570 34826 629744 18911 610752 11827 13655 3981 598925 52771 8579 610833 10484 600349 26938 26459 5718 1898 8367 7846 1090 12728 2133 44192 8815 5256 927 761 1669
is_linear=0
shrinkage=0.08


Tree=5
num_leaves=31
num_cat=0
split_feature=6 0 8 5 3 6 8 8 6 3 8 3 4 4 6 6 0 3 3 5 6 8 0 3 8 3 6 3 3 0
split_gain=543050 32291.9 7133.82 4646.63 7132.09 2015.69 2728.4 1844.01 2082.02 1183.6 632.094 567.796 575.468 529.919 449.802 442.949 408.185 342.017 327.129 319.062 851.124 279.862 278.866 237.234 408.375 172.201 250.736 169.05 124.198 115.869
threshold=0.57370692491531383 0.84262126684188854 1.0000000180025095e-35 1.0000000180025095e-35 0.8078865408897401 0.64888572692871105 1.0000000180025095e-35 0.75000000000000011 0.46683587133884435 0.82426470518112194 1.0000000180025095e-35 0.70659971237182628 2.5000000000000004 5.5000000000000009 0.75309395790100109 0.49280537664890295 0.64899963140487682 0.80217391252517711 0.91331186890602123 0.23693957179784778 0.39755295217037206 0.75000000000000011 0.59417229890823375 0.77694860100746166 0.75000000000000011 0.65419578552246105 0.7807200849056245 0.89512962102890026 0.9495762586593629 0.57735043764114391
decision_type=2 2 2 2 2 2 2 2 2 2 2 2 2 2 2 2 2 2 2 2 2 2 2 2 2 2 2 2 2 2
left_child=1 3 15 4 11 6 9 -5 17 -2 13 -1 -13 25 18 -3 27 -9 -15 -4 21 -21 -10 24 -8 26 -7 -6 -16 -11
right_child=5 2 19 7 16 10 23 8 22 29 -12 12 -14 14 28 -17 -18 -19 -20 20 -22 -23 -24 -25 -26 -27 -28 -29 -30 -31
leaf_value=-0.11142516583634908 -0.097888602187266804 -0.11123318605583693 0.11566100807840154 -0.11914327832416413 -0.058455308205110232 -0.054417756284106951 -0.038345756418626337 -0.10415592459716992 -0.013657756060454327 -0.09777308111786262 0.11880022376016657 0.027390393360729837 -0.087589753245422369 -0.064063281544029307 0.060196761268268999 0.0327992597901407 0.096343365170390688 0.01405388726676883 0.078604949610390953 -0.11096974347504654 0.10511746805601467 0.078716188053463976 0.093694806737802575 0.11710536319625464 0.1025372516715618 0.11030922402587212 0.094783551917289377 0.052817080420949687 0.099894111602224014 0.092763551398005725
leaf_weight=4530.3869903981686 809.35953663289547 1261.7308937907219 4328.0093759596348 130596.2932639569 161.85904707014561 98.68725773692131 188.12492601573467 1884.5919817835093 214.81855717301369 17.049858406186104 120493.94340869784 408.63736625015736 845.75630711019039 259.27583701908588 1018.2464649379253 149.09526413679123 1585.9257376194 167.02596008777618 163.09582249820232 186.7698562592268 821.77190750837326 62.201112866401672 518.48790597915649 1902.9852464348078 407.98882065713406 8908.6284938752651 229.77270676195621 178.44940993189812 1147.0202477425337 311.07293196022511
leaf_count=20055 3446 5597 19292 588912 669 407 769 8288 872 69 542920 1734 3640 1065 4405 607 6862 696 706 800 3566 250 2168 8493 1744 39521 997 757 4980 1334
internal_value=2.42055e-05 -0.106063 0.0640376 -0.114275 -0.0538067 0.115434 0.0564766 -0.117768 -0.0531157 -0.0459984 0.117051 -0.0981979 -0.0500462 0.0991692 0.0667733 -0.0958368 0.079333 -0.0944437 -0.00832347 0.105896 0.0659241 -0.0623333 0.0621502 0.103181 0.0578613 0.108186 0.0493317 0 0.0814813 0.0810637
internal_weight=283857 147902 6809.58 141092 7711.01 135955 3636.58 133381 2784.92 1137.48 132319 5784.78 1254.39 11824.7 2587.64 1410.83 1926.23 2051.62 422.372 5398.75 1070.74 248.971 733.306 2499.1 596.114 9237.09 328.46 340.308 2165.27 328.123
internal_count=1275621 664765 30112 634653 33717 610856 15855 600936 12024 4849 595001 25429 5374 52081 11156 6204 8288 8984 1771 23908 4616 1050 3040 11006 2513 40925 1404 1426 9385 1403
is_linear=0
shrinkage=0.08


Tree=6
num_leaves=31
num_cat=0
split_feature=6 2 5 5 1 6 6 2 0 6 0 0 1 1 4 9 0 6 6 0 1 0 1 0 1 1 6 9 2 2
split_gain=480046 29296.9 4761.2 3992.01 5694.53 2921.15 1851.04 2233.7 930.567 710.144 764.067 446.402 356.578 321.958 240.347 181.184 164.354 143.958 138.781 410.386 146.684 127.269 103.966 100.569 99.9298 92.0175 89.155 88.6088 98.2158 87.7884
threshold=0.57370692491531383 0.82519841194152843 1.0000000180025095e-35 1.0000000180025095e-35 0.77849927544593822 0.4419247061014176 0.64888572692871105 0.67826876044273388 0.79502627253532421 0.52397373318672191 0.67942845821380626 0.61938297748565685 0.6820855736732484 0.89386734366416942 4.5000000000000009 1.0000000180025095e-35 0.90054944157600414 0.50108224153518688 0.71711125969886791 0.63224515318870556 0.71503761410713207 0.270728349685669 0.38507877290248876 0.77003204822540294 0.91010102629661571 0.92768564820289623 0.4294890314340592 1.0000000180025095e-35 0.90815371274948131 0.56980520486831676
decision_type=2 2 2 2 2 2 2 2 2 2 2 2 2 2 2 2 2 2 2 2 2 2 2 2 2 2 2 2 2 2
left_child=1 3 -3 4 8 27 7 11 12 16 -11 21 -1 14 -6 -7 -5 -17 19 20 22 -2 -8 -13 -9 -12 -18 28 -4 -23
right_child=6 2 5 9 13 15 18 24 -10 10 25 23 -14 -15 -16 17 26 -19 -20 -21 -22 29 -24 -25 -26 -27 -28 -29 -30 -31
leaf_value=-0.10797060762476406 0.064373265509846872 0.11037819793969755 -0.096219148999587625 -0.11429483998097366 0.064607703503232763 0.096930508351136105 0.075958988150404722 0.073897883670448958 0.097940491731061632 -0.093329039826937132 0.0043551297555617773 0.010988144518367637 -0.047845644411152091 0.096471229506984835 -0.021065601304733148 -0.054448200169857602 -0.06562174040501248 0.065633223173757568 0.11300901479385904 0.10751252840677959 0.094603173132400631 -0.082632039677101296 -0.011864400471831679 0.095426245183546907 0.1141070077632647 0.098682979977233798 0.091217032379447019 -0.11319327941620035 -0.042590484427928156 -0.011879949086070719
leaf_weight=4612.5353235155344 42.485451802611351 4271.8053750097752 544.95131619274616 125221.61358839273 507.51804915070534 807.8069636374712 111.21807765960693 621.90662555396557 152.49789972603321 1646.8982628285885 416.20820942521095 362.44979321956635 756.63091953098774 1038.9981950074434 347.56170304119587 99.065611451864243 53.744158878922462 158.55894583463669 121970.79951629043 4136.7797081321478 192.56766118109226 661.64689154922962 324.16516710817814 118.58545264601707 1572.4958080947399 74.828845992684364 33.230152577161789 709.88123273849487 408.76089565455914 143.75063702464104
leaf_count=21244 183 19830 2466 589220 2116 3586 502 2790 672 7588 1842 1592 3218 4668 1436 432 238 686 572287 19273 879 2877 1409 543 7257 324 143 3267 1815 622
internal_value=-1.35778e-05 -0.101829 0.0576866 -0.110113 -0.0529613 -0.0247852 0.110871 0.0534772 -0.0940121 -0.113435 -0.0672619 -0.028222 -0.0995799 0.0665594 0.0296783 0.0783371 -0.114218 0.018691 0.112463 0.0983423 0.0373062 -0.0630764 0.0108144 0.0329007 0.102978 0.0199021 -0.00225773 -0.0909616 -0.0737428 -0.0703526
internal_weight=272122 141863 7000.83 134862 7415.74 2729.02 130259 3523.32 5521.66 127447 2137.94 1328.92 5369.17 1894.08 855.08 1065.43 125309 257.625 126736 4764.73 627.951 847.883 435.383 481.035 2194.4 491.037 86.9743 1663.59 953.712 805.398
internal_count=1275005 664791 32082 632709 33354 12252 610214 15864 25134 599355 9754 5817 24462 8220 3552 4704 589601 1118 594350 22063 2790 3682 1911 2135 10047 2166 381 7548 4281 3499
is_linear=0
shrinkage=0.08


Tree=7
num_leaves=31
num_cat=0
split_feature=6 2 8 3 5 8 6 8 3 8 6 5 1 5 8 6 2 6 6 3 6 2 2 6 9 2 6 3 8 3
split_gain=427236 25931.3 7296.65 3268.24 4961.43 1845.23 2929.45 1417.53 1210.61 654.193 1007.41 414.481 863.778 409.709 910.489 596.997 403.471 349.5 330.761 290.63 220.287 199.777 188.288 97.9521 95.1698 84.0653 71.3092 173.852 176.642 65.9005
threshold=0.57370692491531383 0.80735492706298839 1.0000000180025095e-35 0.85880398750305187 1.0000000180025095e-35 1.0000000180025095e-35 0.66915422677993786 0.75000000000000011 0.84074437618255626 0.75000000000000011 0.44923661649227148 1.0000000180025095e-35 0.70659971237182628 0.21800179779529574 0.75000000000000011 0.45729483664035803 0.88548010587692272 0.48563170433044439 0.77125644683837902 0.81302964687347423 0.51295477151870739 0.64899963140487682 0.74883177876472484 0.40827012062072759 1.0000000180025095e-35 0.38507877290248876 0.61348485946655285 0.72850123047828685 0.75000000000000011 0.93710443377494823
decision_type=2 2 2 2 2 2 2 2 2 2 2 2 2 2 2 2 2 2 2 2 2 2 2 2 2 2 2 2 2 2
left_child=1 3 17 9 25 6 8 20 22 11 -11 12 -1 -4 15 -15 18 -3 19 -8 -6 -12 -2 -9 -19 -5 27 28 -7 -20
right_child=5 2 13 4 7 26 16 23 -10 10 21 -13 -14 14 -16 -17 -18 24 29 -21 -22 -23 -24 -25 -26 -27 -28 -29 -30 -31
leaf_value=-0.10366968305576869 -0.096140876011695658 -0.10594826597797301 0.10488902559904401 -0.034588544801173356 -0.10824014257278876 -0.063874571251496329 -0.025030371753085326 -0.0080137865886429106 0.07854918798385542 -0.097272984779768271 -0.0062521321983604891 -0.11108592251740744 -0.023411742248943816 -0.093473304176242902 0.10797131267211298 0.084027794854943244 0.10723004090386158 0.0536256691959991 0.075094991220001073 0.070557004549083355 0.00076367371153783059 0.094636448102600856 0.024865262876174247 0.1126086641362278 -0.060794670231013218 0.092149563278274046 0.11036856683593843 0.10416521952677797 0.07857718109234782 0.095631446960213792
leaf_weight=4534.0166555345058 843.61009532213211 1572.9615118652582 4287.7892835587263 30.10668095946312 3332.3103732317686 85.402289241552353 360.16230669617653 50.250662341713905 417.15354795753956 1671.9924819916487 393.56475983560085 115409.47818346322 1069.2834189832211 329.62948273122311 760.8198204189539 184.79931783676147 5195.6608019918203 115.50138364732265 2702.5620918273926 452.22555419802666 119.93559858202934 177.39928752183914 86.860063418745995 206.77846044301987 70.265342593193054 1297.5378760099411 111325.46532283723 847.65687438845634 138.59594467282295 1985.1401614844799
leaf_count=21733 3716 7509 20748 122 16349 352 1523 209 1914 7956 1645 569696 4428 1491 3445 834 25203 474 12618 2114 512 736 361 891 286 5903 548107 4054 603 9361
internal_value=-8.05179e-05 -0.0983038 0.0480876 -0.106661 -0.0433875 0.106961 0.0770867 -0.0908845 -0.0338765 -0.109244 -0.0659961 -0.110041 -0.088417 0.0929919 0.0526117 -0.0292061 0.0910919 -0.0937197 0.0757344 0.0280899 -0.104411 0.0253657 -0.0846013 0.0887127 0.00904893 0.0890365 0.110157 0.0876104 0.0233581 0.0839185
internal_weight=260055 135614 7321.77 128293 5036.92 124440 12043.4 3709.28 1347.62 123256 2242.96 121013 5603.3 5563.04 1275.25 514.429 10695.8 1758.73 5500.09 812.388 3452.25 570.964 930.47 257.029 185.767 1327.64 112397 1071.66 223.998 4687.7
internal_count=1274893 664967 34787 630180 23986 609926 56810 17961 5991 606194 10337 595857 26161 26518 5770 2325 50819 8269 25616 3637 16861 2381 4077 1100 760 6025 553116 5009 955 21979
is_linear=0
shrinkage=0.08


Tree=8
num_leaves=31
num_cat=0
split_feature=5 2 8 8 8 5 2 0 0 5 1 5 5 1 8 5 4 0 2 8 1 5 5 2 0 5 0 8 1 0
split_gain=319136 48564 9763.18 9269.61 7308.57 8593.51 2961.33 1923.83 1914.34 1134.11 2180.45 868.791 600.438 552.848 436.335 564.721 369.784 325.979 293.235 266.098 265.554 264.676 246.76 185.37 142.082 130.224 480.017 506.015 125.977 106.142
threshold=0.49358868598937994 0.75905716419219982 1.0000000180025095e-35 0.75000000000000011 1.0000000180025095e-35 0.61708205938339245 0.71892556548118602 0.84877073764801036 0.598850578069687 1.0000000180025095e-35 0.80901724100112926 0.42886061966419226 0.42672246694564825 0.90353596210479747 0.75000000000000011 1.0000000180025095e-35 4.5000000000000009 0.81861472129821788 0.88548010587692272 1.0000000180025095e-35 0.92637759447097789 0.39762559533119207 0.69056183099746715 0.90521115064620983 0.6820855736732484 0.56303486227989208 0.59417229890823375 0.75000000000000011 0.92031747102737438 0.64326766133308422
decision_type=2 2 2 2 2 2 2 2 2 2 2 2 2 2 2 2 2 2 2 2 2 2 2 2 2 2 2 2 2 2
left_child=1 3 11 7 5 6 17 9 12 10 -1 23 -5 14 15 -4 28 29 -13 -9 -8 -10 24 -3 -18 26 27 -6 -7 -2
right_child=4 2 13 8 25 16 20 19 21 -11 -12 18 -14 -15 -16 -17 22 -19 -20 -21 -22 -23 -24 -25 -26 -27 -28 -29 -30 -31
leaf_value=-0.089988005118517705 -0.10167066524441358 -0.0962303897565394 0.070834638957710194 -0.0685125966388061 -0.044719827742920416 0.080356549762699903 0.0057784487201349285 -0.040043459192141223 0.033721453686468311 -0.10677423547459848 0.050794571973690042 -0.03575458152580941 0.039012996809459306 0.10185657966133806 0.097417430042118225 -0.038521000425601075 -0.054384474364204065 0.081087115892697542 0.066575019419835332 0.08635274551801643 0.090430563710683781 0.089946998494666364 0.070292642031543479 -0.045530889758092094 0.049722425371274678 0.106968895949296 0.10263884825434665 0.085565929812130723 0.10549279841770444 -0.058834631047051958
leaf_weight=5095.9717995226383 2571.5303794592619 2009.1326714456081 708.32148046791553 1381.5159584730864 302.40440595149994 2068.0627272427082 360.89011099934578 144.24582393467426 921.33592221140862 109404.11231404543 811.99748457968235 351.98672902584076 431.49005825817585 8738.5100486129522 931.75038804113865 518.19508238136768 169.65093331038952 64.183224320411682 353.47519858181477 365.40186730027199 715.28952902555466 1347.4406740069389 2096.4634978026152 635.17735831439495 156.03223371505737 93502.180587440729 6083.0671200454235 495.86053390800953 4311.1683055758476 484.464600071311
leaf_count=24935 12993 10200 3345 6821 1532 10043 1703 718 4469 567797 3607 1716 2110 44365 4662 2597 765 311 1756 1770 3525 6757 10038 3123 737 483995 31282 2484 21884 2352
internal_value=3.72315e-05 -0.0834706 0.0561473 -0.100063 0.0988425 0.0423542 -0.0517868 -0.104238 0.0183715 -0.104925 -0.0705851 -0.0632016 -0.0427969 0.0928632 0.056225 0.0245339 0.0872612 -0.0912412 0.0154007 0.0502264 0.062349 0.0673089 0.0602461 -0.0842214 -0.00402617 0.106153 0.0949681 0.0360398 0.0974383 -0.0950394
internal_weight=247531 134150 14246.5 119904 113381 12997.7 4196.36 115822 4081.78 115312 5907.97 3349.77 1813.01 10896.8 2158.27 1226.52 8801.38 3120.18 705.462 509.648 1076.18 2268.78 2422.15 2644.31 325.683 100384 6881.33 798.265 6379.23 3055.99
internal_count=1274392 690748 71764 618984 583644 64351 20884 598827 20157 596339 28542 16795 8931 54969 10604 5942 43467 15656 3472 2488 5228 11226 11540 13323 1502 519293 35298 4016 31927 15345
is_linear=0
shrinkage=0.08


Tree=9
num_leaves=31
num_cat=0
split_feature=6 2 8 3 8 8 6 3 0 8 6 5 2 4 6 5 3 5 6 8 6 2 2 5 0 0 6 6 8 3
split_gain=343046 20582.2 4846.92 3507.52 4537.55 1671.02 2339.79 979.612 792.07 561.685 855.566 468.445 762.037 383.784 310.388 304.356 246.124 228.83 586.05 251.678 208.686 138.781 120.372 106.563 101.432 93.9153 83.2681 79.6868 171.489 225.788
threshold=0.57370692491531383 0.83131474256515514 1.0000000180025095e-35 0.85880398750305187 1.0000000180025095e-35 1.0000000180025095e-35 0.66915422677993786 0.82426470518112194 0.57735043764114391 0.75000000000000011 0.47895757853984838 1.0000000180025095e-35 0.63211598992347728 5.5000000000000009 0.47895757853984838 0.23693957179784778 0.93710443377494823 0.21800179779529574 0.39755295217037206 0.75000000000000011 0.7807200849056245 0.84877073764801036 0.74115687608718883 0.41191250085830694 0.60736888647079479 0.58643677830696117 0.71711125969886791 0.61348485946655285 0.75000000000000011 0.8078865408897401
decision_type=2 2 2 2 2 2 2 2 2 2 2 2 2 2 2 2 2 2 2 2 2 2 2 2 2 2 2 2 2 2
left_child=1 3 14 9 -5 6 7 22 -6 11 24 12 -1 21 -3 -10 20 -4 19 -19 -15 26 -2 -12 -11 -9 -8 28 29 -7
right_child=5 2 17 4 8 27 13 25 15 10 23 -13 -14 16 -16 -17 -18 18 -20 -21 -22 -23 -24 -25 -26 -27 -28 -29 -30 -31
leaf_value=-0.094291310237768419 -0.088018058369210672 -0.099445222674171788 0.099759297440482619 -0.10152917906034954 -0.069069368008708873 -0.059207381552479559 0.01744507429638165 -0.077173264406511469 0.089607432473583493 -0.099826853659744794 0.09461691915094117 -0.10492073888372395 -0.014534529211256093 -0.037407745995337222 0.016197796644487124 0.017132487343161557 0.079525513400150252 -0.098808922306735616 0.090337949654517233 0.072742883603311687 0.045943780755013902 0.10041027440329515 0.011444492704945394 0.0095752395679612034 -0.056038819100804792 0.079022814717583281 0.080305660360787998 0.10413614891815817 0.098593559886275953 0.091175852503084492
leaf_weight=4337.2950103878975 786.77280394732952 1127.793529048562 3637.6232794225216 2835.873391866684 297.42721305787563 115.24700812995434 153.61092181503773 21.33825258910656 1394.073974981904 1223.2627601474524 141.7846931964159 104324.6682625711 939.50161753594875 248.41413335502148 166.80718114972115 516.28485059738159 1180.5582710951567 180.31894834339619 783.61818765103817 72.411755308508873 779.37766280770302 5258.893704533577 82.06340354681015 281.50823450088501 529.93808630108833 396.44144390523434 2308.3411519527435 100595.68823599815 745.99687369167805 130.461385384202
leaf_count=22355 3680 5785 19364 15267 1464 489 687 88 6815 6219 596 571131 4100 1069 690 2484 5828 834 3858 293 3719 27903 341 1176 2469 1915 11568 548534 3826 686
internal_value=-5.55437e-05 -0.0925803 0.0522702 -0.0999842 -0.0346353 0.100659 0.0712432 -0.0300736 0.0512521 -0.10293 -0.0622506 -0.103733 -0.0801486 0.0843964 -0.0844167 0.0702001 0.0545959 0.0902138 0.0562368 -0.0485779 0.0255595 0.0928585 -0.0784288 0.0392061 -0.0868791 0.0698483 0.0764917 0.103902 0.0795368 0.0202279
internal_weight=235593 122790 5968.57 116822 5043.66 112803 11215.8 1286.62 2207.79 111778 2176.49 109601 5276.8 9929.2 1294.6 1910.36 2208.35 4673.97 1036.35 252.731 1027.79 7720.85 868.836 423.293 1753.2 417.78 2461.95 101587 991.705 245.708
internal_count=1275233 664900 30824 634076 26030 610333 56798 6024 10763 608046 10460 597586 26455 50774 6475 9299 10616 24349 4985 1127 4788 40158 4021 1772 8688 2003 12255 553535 5001 1175
is_linear=0
shrinkage=0.08


Tree=10
num_leaves=31
num_cat=0
split_feature=6 0 8 5 1 8 6 8 6 3 3 0 0 6 3 1 1 6 3 3 0 5 5 6 0 0 6 3 6 3
split_gain=307340 18501 4267.68 3239.99 4307.3 1624.59 2075.45 1507.98 1383.43 933.658 523.994 362.987 307.518 262.129 235.735 235.588 215.407 201.969 162.667 159.87 133.762 116.411 106.688 391.223 100.67 96.1483 83.3568 202.185 82.4076 168.039
threshold=0.57370692491531383 0.84262126684188854 1.0000000180025095e-35 1.0000000180025095e-35 0.78629976511001598 1.0000000180025095e-35 0.66915422677993786 0.75000000000000011 0.43147574365139013 0.81872946023941051 0.81872946023941051 0.5673658847808839 0.88478556275367748 0.46683587133884435 0.84889996051788341 0.91545844078063976 0.66300368309021007 0.72797745466232311 0.78629976511001598 0.82426470518112194 0.628892481327057 0.21800179779529574 0.23693957179784778 0.38605175912380224 0.6106402873992921 0.64899963140487682 0.52397373318672191 0.83047896623611461 0.61348485946655285 0.79772728681564342
decision_type=2 2 2 2 2 2 2 2 2 2 2 2 2 2 2 2 2 2 2 2 2 2 2 2 2 2 2 2 2 2
left_child=1 3 13 4 10 6 9 26 19 -2 16 -10 17 -3 21 18 -1 20 -6 -9 -8 -4 -16 -24 -11 -12 -5 -28 29 -7
right_child=5 2 14 7 15 28 12 8 11 24 25 -13 -14 -15 22 -17 -18 -19 -20 -21 -22 -23 23 -25 -26 -27 27 -29 -30 -31
leaf_value=-0.098669006616694921 -0.078006381896769991 -0.097296485882364364 0.058753968724712891 -0.10240070324249652 -0.019921870754768249 0.025543033048685375 -0.045028315655503727 -0.092840388134712154 -0.036503070565879439 -0.066086673147727398 -0.034367437304264448 0.070057416537532821 0.097030086246541289 0.0047000659044240259 0.098485874596775005 0.086117129482874283 -0.051590206609376459 0.072505126397356942 0.053308585533776348 0.011546881461266586 0.047000048693016633 -0.066428474664621595 -0.04774894919957802 0.091152848446741472 0.078658223881431164 0.06108656057609569 -0.090742166161502533 0.014885863177690003 0.10151835473834282 0.099110494260688992
leaf_weight=3589.7704198509455 824.08354930579662 1018.632614672184 94.034705728292465 100077.16366046667 286.75158350169659 302.14245231449604 149.22969199717045 1405.7355466336012 290.38747544586658 28.408622220158577 105.24329167604446 655.92933841049671 4319.7531345933676 187.36440105736256 3390.5284880250692 1014.8804638236761 793.49414539337158 4780.4388568252325 566.83672845363617 96.584672465920448 284.71124355494976 86.37313324213028 155.16251707077026 679.40229707956314 391.12416204810143 165.89019541442394 1425.2339071631432 122.00556547939777 95180.130861222744 644.13003450632095
leaf_count=19773 3932 5499 495 579567 1185 1396 625 7369 1289 119 461 2958 24177 803 18941 5307 3750 24656 2589 415 1358 413 702 3466 1949 709 7877 554 548699 3577
internal_value=7.12731e-05 -0.0899834 0.0516703 -0.0971742 -0.042393 0.097964 0.0684008 -0.100604 -0.0383593 -0.0286103 -0.0835723 0.03717 0.0810799 -0.0813641 0.0881755 0.0600494 -0.0902514 0.0677553 0.0285487 -0.0860071 0.0148351 -0.000491327 0.0919954 0.065007 0.067817 0.0235043 -0.1021 -0.0822888 0.101273 0.0760465
internal_weight=223112 116207 5611.5 110596 6522.87 106904 10777.7 104073 2448.64 1243.62 4654.4 946.317 9534.13 1206 4405.5 1868.47 4383.26 5214.38 853.588 1502.32 433.941 180.408 4225.09 834.565 419.533 271.133 101624 1547.24 96126.4 946.272
internal_count=1274610 664122 30319 633803 33774 610488 56816 600029 12031 6000 24693 4247 50816 6302 24017 9081 23523 26639 3774 7784 1983 908 23109 4168 2068 1170 587998 8431 553672 4973
is_linear=0
shrinkage=0.08


Tree=11
num_leaves=31
num_cat=0
split_feature=6 0 8 5 1 8 6 8 6 1 3 3 0 1 6 3 1 3 5 3 3 6 3 5 6 6 3 3 6 8
split_gain=276681 16691.2 3898.1 2972.51 3723.42 1628.36 1845.01 1382.91 1265.08 1038.98 478.335 322.813 262.459 258.088 253.404 248.298 224.672 162.966 155.815 152.403 134.374 118.981 145.442 97.7721 369.829 85.5857 192.945 81.278 79.1378 205.036
threshold=0.57370692491531383 0.83910790085792553 1.0000000180025095e-35 1.0000000180025095e-35 0.78629976511001598 1.0000000180025095e-35 0.69710868597030651 0.75000000000000011 0.43683740496635443 0.89386734366416942 0.84273937344551098 0.67028987407684337 0.90366768836975109 0.66300368309021007 0.49280537664890295 0.86319074034690868 0.91545844078063976 0.81016731262207042 1.0000000180025095e-35 0.79772728681564342 0.82426470518112194 0.7807200849056245 0.7454303801059724 0.26789985597133642 0.39755295217037206 0.52397373318672191 0.82807883620262157 0.86729559302330028 0.64888572692871105 0.75000000000000011
decision_type=2 2 2 2 2 2 2 2 2 2 2 2 2 2 2 2 2 2 2 2 2 2 2 2 2 2 2 2 2 2
left_child=1 3 14 4 10 6 9 25 20 17 13 -10 21 -1 -3 18 19 -2 -4 -6 -9 22 -8 -17 -25 -5 -27 -16 29 -7
right_child=5 2 15 7 16 28 12 8 11 -11 -12 -13 -14 -15 27 23 -18 -19 -20 -21 -22 -23 -24 24 -26 26 -28 -29 -30 -31
leaf_value=-0.095726656526874607 -0.075663271984386216 -0.092024341919105399 0.062689587895622026 -0.10016764745319549 -0.017378600812788803 0.033760542843804947 -0.018355565084496067 -0.088499110510045512 -0.022735497713058214 0.080770898355581211 0.043353601689388628 0.077272348503230184 0.096293025476295341 -0.045735299616557618 -0.090258922962001567 0.095858534405422052 0.08320549090574661 0.012576379052043713 -0.06048910327093477 0.052349056230709234 0.0076477859767546631 0.072740025225068949 0.058806841958576633 -0.045668220275685949 0.090239931630676687 -0.088336996800122178 0.012477707255144264 0.048212414822016214 0.099313003331671784 0.096111532561202598
leaf_weight=3418.2054648399353 866.60098871588707 1053.5329383611679 142.13261283934116 94394.29383687675 317.63558299839497 455.28963959217072 207.8884144872427 1390.6244865208864 327.95623531937599 470.62836781144142 187.06883919239044 535.82152336835861 3537.3019657880068 853.91568620502949 29.30351884663105 3212.9006653130054 941.79420550167561 153.17572024464607 113.32370135188103 518.42482329905033 95.598577961325645 4560.2107375264168 571.92680786550045 156.0418044924736 621.64792241156101 1354.7140266746283 129.14255802333355 119.89499291777611 88814.087963044643 1506.6577031165361
leaf_count=19852 4203 5950 767 579734 1311 2363 912 7617 1437 2455 806 2473 20998 4081 128 18933 5124 726 555 2415 409 24632 2980 712 3321 7862 590 501 542933 8628
internal_value=2.11054e-05 -0.0878425 0.0486045 -0.0949629 -0.0413191 0.0955046 0.0653608 -0.0983651 -0.0375208 -0.0168663 -0.0803389 0.0392052 0.0791856 -0.0858369 -0.0782339 0.0846201 0.0564108 -0.0622564 0.00731942 0.0257221 -0.0822024 0.0677439 0.0380466 0.089513 0.0626483 -0.0998527 -0.079443 0.0179333 0.0989418 0.0818463
internal_weight=211058 109914 5448.78 104465 6237.04 101144 10367.7 98228.2 2350 1490.41 4459.19 863.778 8877.33 4272.12 1202.73 4246.05 1777.85 1019.78 255.456 836.06 1486.22 5340.03 779.815 3990.59 777.69 95878.2 1483.86 149.199 90776 1961.95
internal_count=1275408 664578 30867 633711 33589 610830 56906 600122 11936 7384 24739 3910 49522 23933 6579 24288 8850 4929 1322 3726 8026 28524 3892 22966 4033 588186 8452 629 553924 10991
is_linear=0
shrinkage=0.08


Tree=12
num_leaves=31
num_cat=0
split_feature=6 2 5 3 5 6 3 6 2 1 4 6 3 0 2 6 3 2 0 5 0 0 2 3 3 0 0 2 0 6
split_gain=249590 14591.3 2902.62 3677.33 2669.63 1982.38 1851.54 1174.18 485.421 473.488 349.986 340.813 494.656 277.637 140.93 137.438 351.388 138.703 131.066 120.094 106.746 100.479 99.3231 97.3065 71.9585 71.0071 68.3545 65.0066 64.6875 49.3961
threshold=0.55588430166244518 0.83131474256515514 1.0000000180025095e-35 0.8078865408897401 0.21800179779529574 0.64888572692871105 0.81016731262207042 0.4419247061014176 0.69416099786758434 0.68870675563812267 4.5000000000000009 0.49280537664890295 0.84273937344551098 0.6776927411556245 0.65733855962753307 0.71711125969886791 0.78192934393882763 0.68020617961883556 0.55612829327583324 0.45176798105239874 0.54923510551452648 0.270728349685669 0.89825496077537548 0.89512962102890026 0.84660634398460399 0.90054944157600414 0.30368906259536749 0.89377820491790783 0.61257407069206249 0.94715359807014476
decision_type=2 2 2 2 2 2 2 2 2 2 2 2 2 2 2 2 2 2 2 2 2 2 2 2 2 2 2 2 2 2
left_child=1 2 3 9 -3 6 8 -6 19 -1 -11 25 14 23 -13 16 17 26 -14 28 -8 -21 -9 -5 -15 -4 -7 29 -2 -17
right_child=5 4 11 13 7 15 20 22 -10 10 -12 12 18 24 -16 27 -18 -19 -20 21 -22 -23 -24 -25 -26 -27 -28 -29 -30 -31
leaf_value=-0.091990824424632675 -0.035631649286661314 0.091697477096186863 -0.097800598765126062 -0.038607398813606281 -0.074874338150129102 0.089419344148585073 -0.036222454257652519 0.01115513184949342 0.053117063783998504 0.019859151449307832 -0.079913294300939436 -0.087192118856788112 -0.076938399097041282 0.028126190964227488 -0.030699342312436161 0.090987182213447648 0.092442329222360037 0.076666872422345572 0.055848242078549444 0.068689799601906215 0.091140907489665038 -0.069444287612079922 0.077757854297964876 0.039729082970177777 0.086046079013358381 -0.013099561901856224 -0.0026488821397628553 0.098164268145491257 0.035958212340763615 0.096695128447359086
leaf_weight=3425.7687196582556 207.25942233204842 3130.92205119133 88933.136452510953 190.8669191300869 1227.0945640206337 52.568109735846519 38.795446306467056 220.75521968305111 366.4669449031353 481.49716019630432 411.92744746804237 2444.7320926785469 54.09955196082592 173.32682338356972 337.89094577729702 27996.034006863832 2787.670652359724 282.12399257719517 231.52490943670273 29.962720364332199 1830.7438921481371 937.27211846411228 449.84846916794777 205.21570052206516 1118.2128427028656 69.422306090593338 472.08625014126301 40137.393930628896 124.22818848490715 20873.731579512358
leaf_count=20891 1083 19515 578714 846 6936 304 180 1126 1883 2099 1880 15237 286 749 1871 177899 17535 1660 1134 151 10881 5015 2421 1009 6140 356 2436 259971 634 134882
internal_value=-3.29841e-05 -0.0864916 -0.0933067 -0.0393363 0.0463583 0.0926919 0.0337614 -0.0284049 -0.0274813 -0.0784553 -0.0261531 -0.0968237 -0.0701608 0.060624 -0.080457 0.0949376 0.0789615 0.0319014 0.0292559 -0.0504633 0.088323 -0.0646694 0.0563146 0.00157016 0.078535 -0.0977371 0.00703092 0.0955766 -0.0081915 0.0934381
internal_weight=199243 103106 98077.6 6006.82 5028.62 96136.3 3534.73 1897.7 1665.19 4319.19 893.425 92070.8 3068.25 1687.62 2782.62 92601.6 3594.45 806.778 285.624 1298.72 1869.54 967.235 670.604 396.083 1291.54 89002.6 524.654 89007.2 331.488 48869.8
internal_count=1275724 661210 631212 33614 29998 614514 19827 10483 8766 24870 3979 597598 18528 8744 17108 594687 21935 4400 1420 6883 11061 5166 3547 1855 6889 579070 2740 572752 1717 312781
is_linear=0
shrinkage=0.08


Tree=13
num_leaves=31
num_cat=0
split_feature=6 0 8 5 3 8 6 8 6 3 4 0 4 3 3 0 0 5 8 6 3 6 0 6 3 8 3 9 3 0
split_gain=225007 13037.6 3129.23 2773.88 2954.87 2170.58 2183.8 1043.64 820.621 796.04 444.884 327.933 278.844 298.913 259.685 247.997 244.491 232.134 466.949 221.173 142.542 134.346 117.661 117.122 275.858 379.033 88.6822 83.521 68.8626 64.9887
threshold=0.55588430166244518 0.84262126684188854 1.0000000180025095e-35 1.0000000180025095e-35 0.78319624066352855 1.0000000180025095e-35 0.66915422677993786 0.75000000000000011 0.42022895812988287 0.86319074034690868 5.5000000000000009 0.60495716333389293 2.5000000000000004 0.65058138966560375 0.93710443377494823 0.62563130259513866 0.80717849731445324 0.23693957179784778 0.75000000000000011 0.4392793476581574 0.83935481309890758 0.44923661649227148 0.93127068877220165 0.64888572692871105 0.77694860100746166 0.75000000000000011 0.82426470518112194 1.0000000180025095e-35 0.70521390438079845 0.63224515318870556
decision_type=2 2 2 2 2 2 2 2 2 2 2 2 2 2 2 2 2 2 2 2 2 2 2 2 2 2 2 2 2 2
left_child=1 3 21 4 12 6 9 -5 26 29 22 -10 13 -1 16 -6 -12 -4 19 -19 -17 -3 28 24 25 -7 -9 -23 -8 -2
right_child=5 2 17 7 15 23 10 8 11 -11 14 -13 -14 -15 -16 20 -18 18 -20 -21 -22 27 -24 -25 -26 -27 -28 -29 -30 -31
leaf_value=-0.07791641218018705 -0.083012180329215188 -0.091415656372195356 0.090114659671483438 -0.096213759869028664 -0.016122383599652144 -0.051448763848643796 0.040004857469655708 -0.085382975186922214 -0.035866511256674727 0.065041215064776572 0.019675581646461583 0.064927848458780552 -0.087393922652239289 0.011051152457987956 0.06502987003590828 0.017294346426073755 -0.12026456241276451 -0.08681591456274014 0.093503271176811842 0.053927296728428623 0.076205055699566829 0.028001274560205992 0.095094663821811184 0.095491822389313086 0.094060723125992146 0.076938148181539809 0.00018075170467194581 -0.082123594756633639 0.075818932687326437 -0.039256175891918994
leaf_weight=523.85518074035645 741.43583206832409 840.76909524202347 2946.475548684597 84497.345103815198 310.11699701845646 226.0247266292572 424.41847124695778 1156.8253656923771 350.55927109718323 374.26233594119549 853.15866868197918 485.43100014328957 3056.6527717262506 437.98530974984169 1021.9172304421663 358.81684650480747 82.988087400794029 194.74777674674988 410.03631791472435 105.65110018849373 1106.1060635447502 110.85576131939888 2499.2236224710941 78675.772963121533 1516.9506505727768 398.11145955324173 79.049334406852722 65.416786283254623 3429.7039183527231 351.4792055785656
leaf_count=3346 4214 5276 19344 585971 1477 1041 2305 7035 1698 2031 4401 2274 18873 2266 5897 1700 453 971 2249 581 6228 497 16703 542434 9727 2051 344 306 21071 1706
internal_value=-3.67992e-06 -0.0846509 0.0456403 -0.0912481 -0.0375677 0.0906598 0.0549743 -0.0948364 -0.0384883 -0.0348393 0.0708594 0.0225091 -0.0755266 -0.0373909 0.0372292 0.048248 0.00652706 0.080167 0.0383446 -0.0367198 0.0619923 -0.0781331 0.0811615 0.094972 0.0756188 0.0301504 -0.0798025 -0.0131226 0.0719735 -0.0693289
internal_weight=187632 97036.7 4673.95 92362.7 5793.53 90595.4 9778.59 86569.2 2071.86 1467.18 8311.41 835.99 4018.49 961.84 1958.06 1775.04 936.147 3656.91 710.435 300.399 1464.92 1017.04 6353.35 80816.9 2141.09 624.136 1235.87 176.273 3854.12 1092.92
internal_count=1274470 660436 29224 631212 33890 614034 58781 597322 11351 7951 50830 3972 24485 5612 10751 9405 4854 23145 3801 1552 7928 6079 40079 555253 12819 3092 7379 803 23376 5920
is_linear=0
shrinkage=0.08


Tree=14
num_leaves=31
num_cat=0
split_feature=5 2 8 8 8 5 3 5 3 0 5 1 4 1 8 5 5 3 2 3 0 1 0 0 2 1 3 5 8 2
split_gain=169424 26787.3 5792.81 5067.7 4918.44 4390.88 1532.74 1214.04 1720.15 965.348 464.421 448.749 396.638 331.378 322.257 318.179 297.402 249.517 243.319 215.471 212.668 210.405 176.033 166.327 154.142 150.015 145.964 332.426 493.219 117.391
threshold=0.49358868598937994 0.74883177876472484 1.0000000180025095e-35 0.75000000000000011 1.0000000180025095e-35 0.6088932752609254 0.83424907922744762 1.0000000180025095e-35 0.8078865408897401 0.60736888647079479 0.41394501924514776 0.90353596210479747 4.5000000000000009 0.66300368309021007 0.75000000000000011 1.0000000180025095e-35 0.4226078093051911 0.93710443377494823 0.88548010587692272 0.81302964687347423 0.86295148730278026 0.78910306096076976 0.61620295047760021 0.59417229890823375 0.87007671594619762 0.91331186890602123 0.8216732144355775 0.57979589700698864 0.75000000000000011 0.65733855962753307
decision_type=2 2 2 2 2 2 2 2 2 2 2 2 2 2 2 2 2 2 2 2 2 2 2 2 2 2 2 2 2 2
left_child=1 3 10 7 5 6 24 8 13 16 -3 14 25 -1 15 -4 -5 21 -12 -11 -9 -14 -10 -8 -2 -7 27 28 29 -6
right_child=4 2 11 9 26 12 23 20 22 19 18 -13 17 -15 -16 -17 -18 -19 -20 -21 -22 -23 -24 -25 -26 -27 -28 -29 -30 -31
leaf_value=-0.089536637715216597 -0.08217521987007205 -0.07509660474560724 0.051565554058391534 -0.055115300966204581 -0.039916096801260438 0.059984058867574526 -0.077183278540808045 -0.093830257517836149 -0.021416003032624621 0.03060099971231256 -0.042006867452344859 0.08747758138758778 0.033479953836385246 -0.033237820020883456 0.082676156242818571 -0.034065291012248575 0.025077188004164346 0.064773222015079249 0.048351876389131632 0.090434666376747574 0.012885036339077376 -0.047290818958655313 0.059671865304012979 0.05871314383528714 0.075145276815028167 0.090877308036941537 0.094636040019118295 0.089772919810214818 0.079724242486790123 0.038956251467634914
leaf_weight=2903.5972043126822 2264.081682831049 2041.2648956626654 650.88861103355885 1091.2754380106926 344.02782000601292 1584.7101791352034 57.183354809880257 76571.58918184042 213.6230541318655 951.12297461926937 424.68968062102795 6503.5789577364922 656.64641344547272 892.76492218673229 768.58590389788151 475.11280944943428 398.94792245328426 1065.9441791176796 337.73563139140606 666.42098204791546 115.9275699108839 294.2513484954834 772.4156436920166 747.28519240021706 35.829009026288986 3242.3436929285526 55750.165469512343 13343.367239192128 1237.5730111151934 178.45507816970348
leaf_count=19842 15153 13982 3624 6907 2243 9709 327 565643 985 5756 2649 45242 3556 4412 5103 3086 2415 6520 2128 4455 713 1620 4151 4629 204 22595 409636 97542 8504 1183
internal_value=-2.68597e-05 -0.0720008 0.0442258 -0.087398 0.0852856 0.0325653 -0.046268 -0.0912227 -0.0519526 0.0128009 -0.0552377 0.0774634 0.0683549 -0.0764004 0.0428636 0.0153016 -0.0335279 0.0382664 -0.00171744 0.0555535 -0.093666 0.00820177 0.0419235 0.0484386 -0.0794973 0.0808408 0.0926827 0.0854331 0.0522805 -0.0125599
internal_weight=176581 95779.5 11201.9 84577.7 80801.9 9948.28 3104.38 81469.9 4782.4 3107.77 2803.69 8398.17 6843.9 3796.36 1894.59 1126 1490.22 2016.84 762.425 1617.54 76687.5 950.898 986.039 804.469 2299.91 4827.05 70853.6 15103.4 1760.06 522.483
internal_count=1274514 691093 75814 615279 583421 64313 20313 595746 29390 19533 18759 57055 44000 24254 11813 6710 9322 11696 4777 10211 566356 5176 5136 4956 15357 32304 519108 109472 11930 3426
is_linear=0
shrinkage=0.08


Tree=15
num_leaves=31
num_cat=0
split_feature=6 2 6 6 6 3 6 6 3 3 1 4 2 0 2 0 9 9 2 0 0 2 0 6 1 6 4 3 6 6
split_gain=185318 12418 2517.16 1913.38 1754.89 2143.45 604.499 561.89 874.523 398.987 349.627 245.028 230.578 178.076 133.497 132.01 116.875 101.518 135.23 95.9144 91.3546 86.5453 81.4443 73.7586 72.6395 71.6864 64.8616 63.6273 56.0713 49.9408
threshold=0.59384471178054821 0.78705966472625744 1.0000000180025095e-35 0.46186167001724249 1.0000000180025095e-35 0.8078865408897401 0.52397373318672191 0.69710868597030651 0.77849927544593822 0.83047896623611461 0.6820855736732484 4.5000000000000009 0.66978195309638988 0.6776927411556245 0.60736888647079479 0.33520600199699407 1.0000000180025095e-35 1.0000000180025095e-35 0.91545844078063976 0.5673658847808839 0.52223318815231334 0.88548010587692272 0.87559524178504955 0.52397373318672191 0.80217391252517711 0.94715359807014476 16.500000000000004 0.87841832637786876 0.4723315834999085 0.42674797773361212
decision_type=2 2 2 2 2 2 2 2 2 2 2 2 2 2 2 2 2 2 2 2 2 2 2 2 2 2 2 2 2 2
left_child=1 4 -3 17 5 10 22 8 12 14 -1 -12 15 24 -8 -2 -5 18 -4 -17 -11 25 28 -18 -7 -9 -10 -15 -6 -24
right_child=7 2 3 16 6 13 9 21 26 20 11 -13 -14 27 -16 19 23 -19 -20 -21 -22 -23 29 -25 -26 -27 -28 -29 -30 -31
leaf_value=-0.085861442609160718 0.080852349909714488 0.082925736700559499 -0.072237071817072659 0.079635283503250789 -0.093284501801100733 -0.035932351066411294 -0.074423291681708317 0.084360638883010833 0.086098737773407499 -0.077893410996493148 0.015800046953547291 -0.07180393415125734 0.057143279147143497 0.032508280363079907 -0.020122025493431721 -0.056454574202626014 -0.032562605558110296 -0.093067526870321035 -0.010044120684302403 -0.0010042306389602001 0.061189193162734967 0.093213598575721437 -0.057970391018203629 0.050418096725529757 0.033201714040637161 0.091678255973518252 -0.006223455672510295 0.082583943394725912 -0.081122910798940226 0.056256046223527159
leaf_weight=2885.5774087905884 71.741698414087296 2994.2771148979664 762.63148048520088 787.45591711997986 71420.845058277249 167.66867543756962 1221.8705883026123 23379.567706987262 2609.6463416218758 29.304794579744339 423.6994397342205 383.10096715390682 350.98341001570225 250.20595048367977 396.91200360655785 396.25232188403606 105.99679267406464 767.03527526557446 327.30692173540592 409.65770381689072 233.84070812165737 34991.269133448601 61.246841996908188 170.21855084598064 216.81981113553047 16877.636965960264 45.676035895943642 610.06100830435753 3037.4123024940491 33.138264253735542
leaf_count=20732 413 21583 5085 4900 562123 756 8175 175683 18985 147 1892 1886 2118 1125 2297 2129 556 5236 1874 2203 1277 273426 357 1009 1089 131156 263 3828 22765 170
internal_value=-6.3651e-05 -0.0804429 0.0314335 -0.0213537 -0.0885786 -0.0422312 -0.0915672 0.0885957 0.0586585 -0.0464314 -0.0728308 -0.0257868 0.0026895 0.0483382 -0.0613106 -0.0191063 0.0639367 -0.0703343 -0.0538379 -0.0286455 0.0439401 0.0901348 -0.0927013 0.0179928 0.00256851 0.0874435 0.0844418 0.0684765 -0.092796 -0.0154434
internal_weight=166419 87286.6 5914.92 2920.64 81371.7 4937.13 76434.6 79132.4 3883.96 1881.93 3692.38 806.8 1228.64 1244.76 1618.78 877.652 1063.67 1856.97 1089.94 805.91 263.146 75248.5 74552.6 276.215 384.488 40257.2 2655.32 860.267 74458.3 94.3851
internal_count=1275238 668862 40243 18660 628619 31308 597311 606376 26111 11896 24510 3778 6863 6798 10472 4745 6465 12195 6959 4332 1424 580265 585415 1565 1845 306839 19248 4953 584888 527
is_linear=0
shrinkage=0.08


Tree=16
num_leaves=31
num_cat=0
split_feature=6 2 8 8 5 3 6 2 8 6 5 8 2 2 6 4 3 3 3 4 3 4 6 6 8 3 2 2 9 3
split_gain=167814 10013.4 3491.48 2117.97 1703.31 1872.38 1679.11 834.921 744.863 624.069 350.234 565.174 342.739 254.313 251.219 158.374 157.094 143.209 125.849 151.303 121.016 155.221 115.593 108.38 219.292 284.302 81.4327 70.1587 65.7973 55.3665
threshold=0.55588430166244518 0.78705966472625744 1.0000000180025095e-35 1.0000000180025095e-35 1.0000000180025095e-35 0.81530213356018078 0.70782846212387096 0.77459675073623668 0.75000000000000011 0.43683740496635443 0.23693957179784778 0.75000000000000011 0.89377820491790783 0.57712131738662731 0.46683587133884435 4.5000000000000009 0.7454303801059724 0.91458967328071605 0.89039039611816417 4.5000000000000009 0.9495762586593629 5.5000000000000009 0.44923661649227148 0.64888572692871105 0.75000000000000011 0.79772728681564342 0.70064935088157665 0.89825496077537548 1.0000000180025095e-35 0.83935481309890758
decision_type=2 2 2 2 2 2 2 2 2 2 2 2 2 2 2 2 2 2 2 2 2 2 2 2 2 2 2 2 2 2
left_child=1 4 22 6 5 13 7 17 -6 26 29 14 20 -1 -12 -15 -11 -2 19 -7 21 -8 -3 24 25 -5 -10 -9 -24 -4
right_child=3 2 10 23 8 18 12 27 9 16 11 -13 -14 15 -16 -17 -18 -19 -20 -21 -22 -23 28 -25 -26 -27 -28 -29 -30 -31
leaf_value=-0.082041764853613003 -0.067123667350349997 -0.089158302323175204 0.043895079466220566 -0.040978311401448267 -0.092035319676475019 0.05914604116501132 0.053464214462819862 0.024886530459383376 -0.080400321327889629 -0.003125919635188293 -0.077140026939740508 0.082348218699093131 0.086399266019893783 -0.0052237618685046661 0.06152519062909953 -0.071463079249209194 0.081287388404928759 0.031700352569718288 0.068687595580825267 -0.036945675399931086 0.069082220868354777 0.011310363985563017 0.0042012895710424646 0.091017185459081065 0.086638452870668278 0.080960879083120676 -0.0047857649600549224 0.08845949273288399 -0.075817793239426154 0.084426494057774221
leaf_weight=2639.9193384647369 1106.3299112319946 1195.1474558189511 272.95199877023697 226.79186847805977 69025.37801963836 211.24944837391376 1683.5220490396023 196.84562090039253 1059.5616771876812 410.89779943227768 326.7912121117115 488.46028830111027 2962.8560211583972 555.75106266140938 106.36532117426395 398.57249368727207 206.97321566939354 97.319230318069458 720.9186670333147 197.29772698879242 1409.3921458050609 856.55702243745327 153.69695070385933 65119.06367700547 1392.302044287324 252.79500187933445 105.36059728264809 297.84062185883522 105.02250869572163 2603.1539323031902
leaf_count=19735 6403 8997 1642 1082 581471 999 11049 1076 7284 1888 1897 2911 23367 2856 614 2279 996 527 4527 893 9648 4766 726 542720 9935 1796 551 1955 553 20214
internal_value=-1.26798e-05 -0.0801812 0.02659 0.0856482 -0.0876082 -0.0409722 0.0482156 -0.0229318 -0.0907139 -0.0393494 0.0669549 0.0236268 0.0657234 -0.0692044 -0.0424109 -0.0332836 0.0253193 -0.0589029 0.0486378 0.0124684 0.0500824 0.0393622 -0.0786076 0.0904533 0.0705598 0.023139 -0.0737479 0.0639849 -0.0284959 0.0807183
internal_weight=156385 80783.5 5251.59 75601.6 75531.9 4723.71 8610.66 1698.34 70808.2 1782.79 3797.72 921.617 6912.33 3594.24 433.157 954.324 617.871 1203.65 1129.47 408.547 3949.47 2540.08 1453.87 66991 1871.89 479.587 1164.92 494.686 258.719 2876.11
internal_count=1275357 661033 37554 614324 623479 31289 58791 9961 592190 10719 27278 5422 48830 24870 2511 5135 2884 6930 6419 1892 25463 15815 10276 555533 12813 2878 7835 3031 1279 21856
is_linear=0
shrinkage=0.08


Tree=17
num_leaves=31
num_cat=0
split_feature=6 2 8 8 6 3 6 8 2 6 2 1 6 8 4 6 0 3 4 3 3 1 6 3 8 6 0 2 3 2
split_gain=152484 9061.89 2942.33 2060.16 1784.61 1772.48 1420.5 759.811 698.809 535.611 368.152 308.036 307.739 493.5 228.627 225.82 212.832 205.152 204.979 162.573 142.773 240.512 115.032 218.871 268.994 102.849 88.8779 74.5685 65.3781 64.5598
threshold=0.55588430166244518 0.79805827140808117 1.0000000180025095e-35 1.0000000180025095e-35 1.0000000180025095e-35 0.78319624066352855 0.69710868597030651 0.75000000000000011 0.79805827140808117 0.42022895812988287 0.90353596210479747 0.66300368309021007 1.0000000180025095e-35 0.75000000000000011 4.5000000000000009 0.4419247061014176 0.63686314225196849 0.89039039611816417 5.5000000000000009 0.90645834803581249 0.9495762586593629 0.99565216898918163 0.64888572692871105 0.80217391252517711 0.75000000000000011 0.43683740496635443 0.52704679965972911 0.91922956705093395 0.8263767957687379 0.72255688905715953
decision_type=2 2 2 2 2 2 2 2 2 2 2 2 2 2 2 2 2 2 2 2 2 2 2 2 2 2 2 2 2 2
left_child=1 4 25 6 5 11 8 -6 19 28 20 -1 -4 15 -13 -14 -11 18 -7 -2 21 -8 23 24 29 -3 -19 -27 -9 -5
right_child=3 2 12 22 7 17 10 9 -10 16 -12 14 13 -15 -16 -17 -18 26 -20 -21 -22 -23 -24 -25 -26 27 -28 -29 -30 -31
leaf_value=-0.084803653257094658 -0.064658482987452928 -0.087709777575334408 0.079664160164467604 -0.055887998168964767 -0.090873103880730555 0.041758878429620207 0.041250394899867086 -0.07943108558955847 0.067152086493883753 -0.024465111090394592 0.085600678629270385 0.014242941243589036 -0.078953399024285859 0.08026661115945434 -0.071180726391148613 0.046457739019220318 0.062321689133096887 -0.031540573248412487 -0.048611499018734509 0.04248243410389433 0.067010706468611569 -0.065983424650889286 0.089746669928882014 0.089463059463614339 0.069312323750675503 -0.061482250818072195 0.073189569241438324 0.02285108878848395 0 0.047820716177469733
leaf_weight=2415.5757931992412 1030.4210648983717 1003.1331953853369 2606.9165667518973 195.64171528816223 64658.464058831334 381.21002428233624 2453.8911413401365 953.48186744749546 398.77757943421602 381.20939277112484 2653.5232888683677 411.21137763559818 281.70281010866165 469.70931771397591 379.39077572524548 129.56276699900627 333.30291393399239 51.058001846075058 269.580361738801 94.08508375287056 1475.8252864703536 136.07520928233862 60983.648842282593 1140.1053420603275 414.97606880962849 178.4665709361434 695.78264348208904 99.02044466137886 70.52651347219944 41.80016228556633
leaf_count=19619 6197 8002 21135 937 582670 1782 15656 6956 2545 1913 22356 1954 1670 2912 2131 748 1597 217 1306 513 10637 820 543233 9270 2438 980 4696 472 325 203
internal_value=-1.61557e-05 -0.0789547 0.0277508 0.0842001 -0.0861249 -0.0378417 0.0465128 -0.0894672 -0.023101 -0.0369778 0.0623237 -0.0705993 0.0658351 0.0245138 -0.0267384 -0.0389768 0.0159482 0.0371743 0.00399508 -0.0554042 0.0470063 0.0354385 0.0891418 0.0682821 0.030626 -0.0757036 0.0656547 -0.0309499 -0.0739611 -0.0363611
internal_weight=146788 75769.3 4768.51 71018.8 71000.8 4603.81 8242.6 66397 1523.28 1738.52 6719.31 3206.18 3487.89 880.975 790.602 411.266 714.512 1397.63 650.79 1124.51 4065.79 2589.97 62776.2 1792.52 652.418 1280.62 746.841 277.487 1024.01 237.442
internal_count=1275890 661085 35919 614805 625166 31705 58724 593461 9255 10791 49469 23704 26465 5330 4085 2418 3510 8001 3088 6710 27113 16476 556081 12848 3578 9454 4913 1452 7281 1140
is_linear=0
shrinkage=0.08


Tree=18
num_leaves=31
num_cat=0
split_feature=5 2 8 8 8 5 3 5 3 3 3 8 4 5 0 2 1 3 5 8 0 2 0 0 1 0 3 1 2 2
split_gain=114379 18300.5 4406.35 4187.26 3505.27 2868.51 1211.93 942.656 1044.89 581.847 464.434 351.97 317.606 316.656 227.134 218.685 215.542 167.311 288.983 407.875 164.791 161.202 155.666 144.357 137.699 136.486 132.068 245.99 121.794 121.198
threshold=0.49358868598937994 0.7320508360862733 1.0000000180025095e-35 1.0000000180025095e-35 0.75000000000000011 0.64161032438278209 0.83424907922744762 1.0000000180025095e-35 0.77303028106689464 0.78192934393882763 0.84074437618255626 0.75000000000000011 4.5000000000000009 0.42886061966419226 0.5673658847808839 0.86295148730278026 0.66300368309021007 0.8216732144355775 0.60156488418579113 0.75000000000000011 0.86295148730278026 0.72646823525428783 0.28718703985214239 0.61257407069206249 0.94360822439193737 0.6351073980331422 0.96051946282386791 0.77459675073623668 0.88548010587692272 0.92768564820289623
decision_type=2 2 2 2 2 2 2 2 2 2 2 2 2 2 2 2 2 2 2 2 2 2 2 2 2 2 2 2 2 2
left_child=1 4 13 5 7 6 21 8 16 14 11 15 24 29 22 -4 -1 18 19 -5 -9 -2 -6 -10 -7 -8 27 -14 -15 -3
right_child=3 2 10 17 9 12 25 20 23 -11 -12 -13 26 28 -16 -17 -18 -19 -20 -21 -22 -23 -24 -25 -26 -27 -28 -29 -30 -31
leaf_value=-0.083985379282154243 -0.078306514957588114 -0.075529317628183906 -0.028845031581363988 -0.010249859066554751 0.054710941791780557 0.054956586062870127 -0.058887226825720139 -0.088915448052654847 -0.027493659373363843 0.074191985454004183 0.07834062377278013 0.073871015652900718 0.044869774504068156 -0.030598452424582766 0.016035985135608624 0.066942831399783742 -0.029485325637076582 0.089713060791619198 0.083898116202437409 0.073467688682649634 0.016711865243028003 -0.0012221829501475252 -0.050864767843371801 0.039717392692189241 0.086912456111826089 0.053173584088467098 0.055965260558254605 -0.039502175591674911 0.043849926833536286 -0.022064897956809687
leaf_weight=2260.7725385129452 1857.9241814911366 1751.4648875743151 644.29871927946806 527.96413228660822 94.193407617509365 1568.54325389117 71.07873360812664 58394.270830318332 274.13216031342745 664.0189353376627 5653.5193492099643 594.4763026535511 535.03995272517204 334.61987772583961 888.79905724525452 194.03923241049051 605.77255168557167 42863.984991587698 10037.103450581431 1225.7478971704841 90.668430715799332 196.31072212010622 856.37579820305109 746.18318809568882 2167.3385643512011 760.50430779159069 747.83024625480175 368.42321168631315 235.01756919920444 337.60434334725142
leaf_count=19527 15209 15364 4223 4061 709 11704 450 562570 1439 5251 48912 4686 3197 2375 6101 1440 3285 409777 94923 10575 647 1158 6383 4285 19302 5597 5508 2250 1769 2458
internal_value=-0.000134244 -0.0671263 0.0350686 0.0793019 -0.0824812 0.0262131 -0.0380725 -0.0862067 -0.0478691 0.0102624 0.068017 0.0270404 0.0606829 -0.0526526 -0.0128682 -0.00621909 -0.0725953 0.0873318 0.0786271 0.0482156 -0.0887475 -0.0710386 -0.0400041 0.0214575 0.0736297 0.0431093 0.0311616 0.0102596 0 -0.0670389
internal_weight=137548 74620.2 9745.04 62927.8 64875.2 8272.99 2885.82 62371.8 3886.86 2503.39 7086.33 1432.81 5387.18 2658.71 1839.37 838.338 2866.55 54654.8 11790.8 1753.71 58484.9 2054.23 950.569 1020.32 3735.88 831.583 1651.29 903.463 569.637 2089.07
internal_count=1275135 691424 81227 583711 610197 64375 22414 591753 28536 18444 59261 10349 41961 21966 13193 5663 22812 519336 109559 14636 563217 16367 7092 5724 31006 6047 10955 5447 4144 17822
is_linear=0
shrinkage=0.08


Tree=19
num_leaves=31
num_cat=0
split_feature=6 3 8 8 6 5 1 2 8 0 4 6 2 5 6 5 6 6 2 8 3 3 0 3 1 2 3 2 2 0
split_gain=126297 7695.71 4035.49 1951.82 1204.48 804.918 810.29 679.689 573.671 462.422 415.881 412.676 309.844 203.703 504.26 159.852 130.274 124.888 196.178 206.178 124.619 114.299 113.512 106.223 238.576 73.1598 64.1071 63.492 63.2512 59.5546
threshold=0.55588430166244518 0.85880398750305187 1.0000000180025095e-35 1.0000000180025095e-35 0.71711125969886791 1.0000000180025095e-35 0.68870675563812267 0.77459675073623668 0.75000000000000011 0.55612829327583324 4.5000000000000009 0.42022895812988287 0.91545844078063976 0.24786074459552768 0.4226078093051911 0.34158597886562353 0.4723315834999085 0.64888572692871105 0.70064935088157665 0.75000000000000011 0.90366768836975109 0.78830561041831981 0.69860395789146434 0.9495762586593629 0.99565216898918163 0.92893216013908397 0.8263767957687379 0.87007671594619762 0.90353596210479747 0.25198413431644445
decision_type=2 2 2 2 2 2 2 2 2 2 2 2 2 2 2 2 2 2 2 2 2 2 2 2 2 2 2 2 2 2
left_child=1 5 16 4 7 6 21 20 25 -4 22 27 23 -11 -15 -13 -3 18 19 26 29 -1 -8 24 -6 -7 -5 -10 -9 -2
right_child=3 2 9 17 12 8 10 28 11 13 -12 15 -14 14 -16 -17 -18 -19 -20 -21 -22 -23 -24 -25 -26 -27 -28 -29 -30 -31
leaf_value=-0.079998176198450607 0.078015818687376115 -0.084364737790517175 -0.058845054765876689 -0.050665662715628938 0.042534162714001011 -0.089088987949258971 0.072225221957764707 0.026216007187607075 -0.076658059962139091 0.075090052349839148 -0.05619604377675784 0.10870300480742785 0.084862717160198317 -0.040820339440279699 0.083749660231334899 -0.0069151454435117691 -0.020303888722389335 0.087533444470635172 0.085295785732292378 0.063938491892138544 0.030248977561211046 0.023701669577202933 0.011338348361816953 0.064007532981480389 -0.060538815903418738 0.017066671252456155 0.058608265192436643 0.070912578983587993 0.085622979766388815 -0.062193550553953231
leaf_weight=2311.0656300336123 14.693313181400297 1946.0657921358943 199.12540225684643 192.61694375425577 2303.5590931773186 55226.666121900082 322.19432853162289 219.1830268278718 935.11523161828518 2836.2588557228446 506.41789191961288 82.838437773287296 2125.0376600474119 362.59335647523403 472.21069047600031 579.51658990979195 238.51729460060596 53299.831635840237 1026.5134620591998 364.52646214514971 103.46249803155661 65.576440215110779 513.81284765899181 1437.8341379165649 147.72266966849566 37.570016130805016 35.964944988489151 14.210444167256354 278.5797465890646 1019.4732842668891
leaf_count=20843 78 18583 1374 949 15642 570370 1594 1295 7149 24631 2587 420 20262 2190 3303 2944 1379 542654 9216 2370 590 389 2828 11434 871 220 254 59 2132 6472
internal_value=-5.05391e-05 -0.07668 0.00928648 0.0815737 0.043629 -0.0852726 -0.0490093 -0.0171302 -0.0876365 0.0583557 0.000574801 -0.0402299 0.0601779 0.0648278 0.0295318 0.00801116 -0.0775059 0.0868516 0.0641129 0.0267768 -0.0512663 -0.077026 0.0352841 0.0465572 0.0361469 -0.0890124 -0.0319011 -0.0739215 0.060303 -0.0596817
internal_weight=129219 66649.8 6054.77 62569 7649.55 60595 3719.07 1635.39 56875.9 3870.19 1342.43 1611.68 6014.15 3671.06 834.804 662.355 2184.58 54919.5 1619.62 593.108 1137.63 2376.64 836.007 3889.12 2451.28 55264.2 228.582 949.326 497.763 1034.17
internal_count=1275082 660863 51460 614219 58776 609403 28241 10567 581162 31498 7009 10572 48209 30124 5493 3364 19962 555443 12789 3573 7140 21232 4422 27947 16513 570590 1203 7208 3427 6550
is_linear=0
shrinkage=0.08


Tree=20
num_leaves=31
num_cat=0
split_feature=6 3 8 8 2 2 8 5 6 6 2 0 6 3 8 0 5 6 0 5 3 6 8 4 2 0 2 6 4 0
split_gain=114959 7994 3731.8 1323.19 903.095 639.758 584.611 635.779 475.233 467.587 419.126 392.704 266.574 240.716 142.241 104.201 98.7103 523.122 90.0576 79.1035 67.0955 137.785 233.295 66.5565 85.1715 65.6705 57.3188 56.932 46.6501 42.1662
threshold=0.59384471178054821 0.85880398750305187 1.0000000180025095e-35 1.0000000180025095e-35 0.86295148730278026 0.90054944157600414 0.75000000000000011 1.0000000180025095e-35 0.77125644683837902 0.49280537664890295 0.59207093715667736 0.57735043764114391 0.48563170433044439 0.81302964687347423 1.0000000180025095e-35 0.62258651852607738 0.23693957179784778 0.4392793476581574 0.28718703985214239 0.40443298220634466 0.84273937344551098 0.69710868597030651 0.75000000000000011 5.5000000000000009 0.79805827140808117 0.64630925655365001 0.65733855962753307 0.51295477151870739 5.5000000000000009 0.76239567995071422
decision_type=2 2 2 2 2 2 2 2 2 2 2 2 2 2 2 2 2 2 2 2 2 2 2 2 2 2 2 2 2 2
left_child=1 4 12 5 6 8 7 10 13 15 -1 -4 -3 18 -6 -8 29 -18 -2 -11 21 22 26 -10 -25 -14 -5 -9 -15 -13
right_child=3 2 11 20 14 -7 9 27 23 19 -12 16 25 28 -16 -17 17 -19 -20 -21 -22 -23 -24 24 -26 -27 -28 -29 -30 -31
leaf_value=-0.072097851983054961 0.090857599044507853 -0.08242749801328017 -0.045601581274912109 -0.05237451387483328 -0.044820109876721227 0.08167644404768877 -0.077736241625401117 -0.088464192985219917 0.05660924126042801 0.088057854314942438 -0.012656250550677848 0.046495073576435106 -0.071799664112804237 0.052914783273936596 0.068402724830164061 -0.027119913860733771 -0.028422629479479294 0.086836580600911775 -0.045865335309284924 0.011808091088141444 0.088009223346623588 0.082923462513837531 0.075336588762491885 0.045417041341428425 0 0.021306940416017474 0.028967999076746864 -0.070828281018099765 0.0031388509674961785 0.077807591971091258
leaf_weight=2266.8879624456167 26.928789630532265 1880.6588954925537 211.67465917021036 139.29020865261555 88.9257493019104 2433.446946002543 832.18705830723047 50528.203340604901 1887.2541076019406 127.31963462382555 1154.5851057395339 376.12148039788008 56.607643783092499 277.00506964325905 279.94855515658855 405.14346961677074 396.79188200831413 668.6890933662653 717.09558635950089 278.64044858515263 38119.535946577787 11860.295169569552 528.73557920753956 928.38873597979546 377.21546889096498 221.67193859070539 83.236589215695858 1420.5863466709852 224.14811528474092 2283.251595877111
leaf_count=20720 129 19031 1468 728 677 24142 6671 561361 14809 642 6245 2564 392 1947 2070 2328 2386 5487 3962 1393 418178 127224 4390 6182 2680 1128 589 12722 1354 21884
internal_value=-6.88546e-05 -0.0743237 0.0127498 0.0817564 -0.0835762 0.0486989 -0.0843849 -0.0857839 0.0305092 -0.0370334 -0.0521336 0.0591049 -0.0716397 -0.0112757 0.0404454 -0.0614674 0.0651512 0.0438316 -0.0401298 0.0368917 0.0862256 0.0807891 0.0465562 0.0468471 0.0324517 0.000869379 -0.021277 -0.0879919 0.0312188 0.0735346
internal_weight=121080 63477.9 6095.47 57602.6 57382.4 6871.48 57013.6 55370.3 4438.04 1643.29 3421.47 3936.53 2158.94 1245.18 368.874 1237.33 3724.85 1065.48 744.024 405.96 50731.1 12611.6 751.262 3192.86 1305.6 278.28 222.527 51948.8 501.153 2659.37
internal_count=1275483 669169 54340 606314 614829 55205 612082 601048 31063 11034 26965 33789 20551 7392 2747 8999 32321 7873 4091 2035 551109 132931 5707 23671 8862 1520 1317 574083 3301 24448
is_linear=0
shrinkage=0.08


Tree=21
num_leaves=31
num_cat=0
split_feature=6 2 5 6 5 3 6 2 1 6 3 3 6 3 9 4 5 4 3 4 1 5 1 1 2 9 1 5 3 3
split_gain=104667 6564.56 2400.55 1175.82 1049.07 858.371 856.01 816.014 233.323 233.161 183.628 172.235 289.706 170.088 149.39 147.962 133.963 130.076 114.513 123.736 112.839 86.5839 69.5307 66.8203 64.6806 94.5999 60.936 52.2238 51.0051 46.8342
threshold=0.55588430166244518 0.74883177876472484 1.0000000180025095e-35 0.64888572692871105 1.0000000180025095e-35 0.78319624066352855 0.4419247061014176 0.69416099786758434 0.66300368309021007 0.49280537664890295 0.8216732144355775 0.84273937344551098 0.73721536993980419 0.8078865408897401 1.0000000180025095e-35 4.5000000000000009 0.46596425771713262 6.5000000000000009 0.91010102629661571 4.5000000000000009 0.90521115064620983 0.40443298220634466 0.91331186890602123 0.30877573788166052 0.88548010587692272 1.0000000180025095e-35 0.26365442574024206 0.39258070290088659 0.65419578552246105 0.81016731262207042
decision_type=2 2 2 2 2 2 2 2 2 2 2 2 2 2 2 2 2 2 2 2 2 2 2 2 2 2 2 2 2 2
left_child=1 4 20 7 5 8 24 13 -1 -6 21 12 17 16 -8 -10 -2 28 19 -7 29 -11 -9 -19 -4 -26 -18 -16 -5 -3
right_child=3 2 6 11 9 18 14 22 15 10 -12 -13 -14 -15 27 -17 26 23 -20 -21 -22 -23 -24 -25 25 -27 -28 -29 -30 -31
leaf_value=-0.079441793922979911 0.0078207294484797362 0.0019000433852284654 -0.078041981544771655 0.009746827092316666 -0.086986295132831903 0.038318285013574871 0.053937447878439224 0.041534766219309564 0.011459551925639829 -0.021139230699201463 0.018586227671294756 0.08449551011486868 0.077103023551575514 0.041164312166733295 0.042688768934069976 -0.063361848291801484 0.056935038422231757 0.074637798970894856 0.054188424198897238 -0.034990584343527441 0.078100112094995428 -0.073572827742403007 0.08360126321902614 -0.025256752950930071 -0.015173137528192864 -0.086437260828414936 -0.061444530685360245 -0.039529395497833311 0.06292754914869729 0.052435507875231428
leaf_weight=1906.2487880736589 288.00138206034899 185.30552788078785 1410.4160168394446 157.97015384584665 47888.210997149348 271.37951593101025 530.11303725093603 413.91453775018454 351.32383887469769 252.75832779705524 179.47227615863085 39319.05230525136 12174.107467658818 209.83628509938717 59.22028736025095 313.9366220086813 23.892201699316502 45.285741701722145 411.40090701729059 310.47138265520334 1912.1218162998557 1365.5504733994603 819.32747717946768 273.25909573584795 317.50762251019478 195.73364850878716 654.24061743915081 198.21765343099833 546.90348945558071 352.56327475607395
leaf_count=19614 1923 864 14077 1138 567066 1348 3840 3090 1731 2423 1212 452546 133841 1566 406 2000 153 370 2971 1595 19761 13998 8130 1895 2212 1669 4654 1318 4933 2861
internal_value=-3.39247e-06 -0.0745511 0.0115564 0.0792725 -0.0829002 -0.0408101 -0.0402381 0.0244666 -0.0651883 -0.0859123 -0.0570538 0.0817812 0.0736533 -0.0230714 0.0297407 -0.0238193 -0.0373278 0.0322861 0.0221547 -0.000490992 0.0689037 -0.0655723 0.0698364 -0.00962681 -0.0689735 -0.0432314 -0.0566533 -0.0195535 0.0513871 0.0354977
internal_weight=113338 58412 5161.2 54925.8 53250.8 3564.76 2711.21 2409.21 2571.51 49686 1797.78 52516.6 13197.5 1175.97 787.551 665.26 966.134 1023.42 993.252 581.851 2449.99 1618.31 1233.24 318.545 1923.66 513.241 678.133 257.438 704.874 537.869
internal_count=1275205 660966 47008 614239 613958 29259 23522 19516 23345 584699 17633 594723 142177 8296 5564 3731 6730 8336 5914 2943 23486 16421 11220 2265 17958 3881 4807 1724 6071 3725
is_linear=0
shrinkage=0.08


Tree=22
num_leaves=31
num_cat=0
split_feature=6 2 8 8 6 8 3 2 6 1 6 6 3 1 3 4 4 6 6 9 9 6 3 3 3 6 8 2 4 1
split_gain=94959.9 6823.4 2653.51 1454.23 915.15 787.547 722.234 648.92 428.59 421.896 365.492 231.194 199.96 186.951 135.877 150.865 127.646 104.646 219.61 102.974 85.4966 80.8331 105.809 80.333 75.8804 127.604 254.907 71.8584 67.2848 97.0612
threshold=0.59384471178054821 0.73735308647155773 1.0000000180025095e-35 1.0000000180025095e-35 1.0000000180025095e-35 0.75000000000000011 0.75582656264305126 0.90054944157600414 0.4419247061014176 0.908033847808838 0.7807200849056245 0.46186167001724249 0.81016731262207042 0.62020397186279308 0.89943820238113414 4.5000000000000009 2.5000000000000004 0.48563170433044439 1.0000000180025095e-35 1.0000000180025095e-35 1.0000000180025095e-35 0.51295477151870739 0.82807883620262157 0.81016731262207042 0.83047896623611461 0.72797745466232311 0.75000000000000011 0.63211598992347728 5.5000000000000009 0.54446640610694896
decision_type=2 2 2 2 2 2 2 2 2 2 2 2 2 2 2 2 2 2 2 2 2 2 2 2 2 2 2 2 2 2
left_child=1 4 11 7 6 21 13 10 23 17 12 -3 27 -1 15 -8 -15 18 -4 -10 -13 -6 -23 -7 25 26 -5 -2 -12 -30
right_child=3 2 9 24 5 8 14 -9 19 -11 28 20 -14 16 -16 -17 -18 -19 -20 -21 -22 22 -24 -25 -26 -27 -28 -29 29 -31
leaf_value=-0.081304578999821978 -0.055063920114760682 -0.081460025129597075 0.030400757441144056 -0.017508570650162963 -0.086913117397695555 -0.070620054740224356 0.031195252329054589 0.078816495768700048 0.050397245957637678 0.068051073783344074 0.050714016322909936 0.02263833358581185 0.026219864061089001 0.021292658161606727 0.048617475745042313 -0.043389851983229012 -0.054210039327730344 0.067449201208948276 -0.046554593084671872 -0.014163528721572149 -0.054497057167669762 -0.072909809573327364 0.0032248351831047255 0.015170116506348344 0.086319011038339041 0.08078006473254451 0.075555963366957371 -0.0011964532402460734 0.073202288974427709 0.013910771790400813
leaf_weight=1615.2984458953142 501.88517228513956 1457.9488756358624 585.20771005004644 261.64277970790863 43941.105850793421 803.5314033254981 312.68277784436941 2135.3446249961853 362.0939129665494 2605.6563929393888 1666.9117554649711 211.69445120543242 524.2829680070281 207.45086846500635 407.12970295548439 375.3699771091342 426.99858079105616 165.1158190369606 391.88023035228252 269.2887669801712 153.43003403395414 1185.2879003509879 124.6431377902627 71.425199672579765 33972.692594923079 9417.6449275016785 631.52081687003374 239.87270764261484 215.99095075577497 961.83231588453054
leaf_count=17817 2991 16251 4065 1717 563529 7323 1528 24146 1948 26228 14467 1176 3722 1194 2984 2141 3107 1166 3137 1331 966 12079 702 361 428451 114939 5929 1194 1440 7177
internal_value=-0.000107554 -0.0721739 0.0117824 0.0792908 -0.0815125 -0.0844094 -0.0409053 0.0430489 -0.0272365 0.0502972 0.0243574 -0.0672294 -0.0112713 -0.0668069 0.0122186 -0.00928357 -0.0292987 0.00953653 -0.000380655 0.0227153 -0.009641 -0.0863058 -0.065559 -0.0633885 0.0843936 0.0779955 0.0481699 -0.0379829 0.0402619 0.0251825
internal_weight=106203 55673.2 5570.93 50529.6 50102.3 46757.4 3344.93 6246.12 1506.34 3747.86 4110.78 1823.07 1266.04 2249.75 1095.18 688.053 634.449 1142.2 977.088 631.383 365.124 45251 1309.93 874.957 44283.5 10310.8 893.164 741.758 2844.74 1177.82
internal_count=1275206 669033 52989 606173 616044 587273 28771 55137 10963 34596 30991 18393 7907 22118 6653 3669 4301 8368 7202 3279 2142 576310 12781 7684 551036 122585 7646 4185 23084 8617
is_linear=0
shrinkage=0.08


Tree=23
num_leaves=31
num_cat=0
split_feature=6 2 8 8 5 8 2 2 6 6 2 6 0 0 5 6 5 0 9 6 0 0 6 4 6 8 2 2 0 4
split_gain=86435.7 6281 2464.94 1446.17 914.606 757.244 602.789 439.649 414.819 353.219 345.773 214.584 189.797 177.729 146.202 351.26 124.172 102.711 86.6678 78.4154 111.065 72.9689 66.9151 66.5378 55.5298 118.009 121.646 53.7475 53.4945 49.7259
threshold=0.59384471178054821 0.73443555831909191 1.0000000180025095e-35 1.0000000180025095e-35 1.0000000180025095e-35 0.75000000000000011 0.91010102629661571 0.57712131738662731 0.43683740496635443 0.7807200849056245 0.86295148730278026 0.44923661649227148 0.6106402873992921 0.74023336172103893 0.26789985597133642 0.43415953218936926 0.3531774133443833 0.28718703985214239 1.0000000180025095e-35 0.50108224153518688 0.6820855736732484 0.84877073764801036 0.97881317138671886 5.5000000000000009 0.66915422677993786 0.75000000000000011 0.75905716419219982 0.91010102629661571 0.65485891699790966 5.5000000000000009
decision_type=2 2 2 2 2 2 2 2 2 2 2 2 2 2 2 2 2 2 2 2 2 2 2 2 2 2 2 2 2 2
left_child=1 4 11 6 7 19 9 13 28 12 14 -3 17 -1 -4 -16 -10 -2 27 -6 -21 -9 23 -11 25 26 -5 -13 -7 -14
right_child=3 2 10 24 5 8 -8 21 16 22 -12 18 29 -15 15 -17 -18 -19 -20 20 -22 -23 -24 -25 -26 -27 -28 -29 -30 -31
leaf_value=-0.066582405098788378 0.075751375005171248 -0.08183429350121238 0.040204902545311956 -0.020394272173430032 -0.086331457452243229 -0.075966363066780951 0.079224069695711954 -0.0068911793178788542 0.10178769843450322 0.046980512232157788 0.06913890772636487 -0.012889658316407735 0.027469110215539928 0.061569157857603085 -0.063580471460507479 0.053138103211467953 0.0050733575219679842 -0.063169114242575597 -0.058241267662978845 -0.075251260743849802 -0.010730471177572851 0.063809392973596404 0.083352771156612701 0.020832379166139857 0.084114155973226495 0.0798745217437144 0.077283577048163035 0.06304974318101661 -0.022389902274038743 -0.012123243613542651
leaf_weight=1940.7260812819004 31.880514308810234 1367.6436568498611 878.8411166742444 179.11284144222736 40474.507285915315 632.96337702125311 1874.1775937229395 1105.551061861217 96.192350991070271 1571.4640031456947 2105.766478382051 156.72666258364916 514.91763889044523 66.778125695884228 351.75423695892096 301.3755404278636 561.45947436988354 414.56503932923079 173.73631970584393 1293.3265134692192 205.52532436698675 96.942096874117851 214.81865855306387 1099.3694296255708 40036.058597363532 954.72394388914108 139.97859156131744 87.941076509654522 164.44771459698677 322.72762249410152
leaf_count=20487 154 16515 7192 1058 558498 6303 22720 7037 505 14352 22573 979 3562 466 2989 2149 2943 2554 1206 14345 1694 871 1878 8162 537687 10997 1618 457 1145 1959
internal_value=-2.41003e-06 -0.0711425 0.0103052 0.0782071 -0.080618 -0.0836687 0.0415524 -0.0392286 -0.0266589 0.0245071 0.0481035 -0.0665107 -0.0102718 -0.0620977 0.0189544 -0.00948504 0.0201222 -0.0521653 -0.0156695 -0.0856378 -0.0665755 -0.000818343 0.0400298 0.0363362 0.0835604 0.0657695 0.0224925 0.0144805 -0.0653252 0.0120437
internal_weight=99416 52062.2 5423.79 47353.8 46638.4 43428.4 6043.92 3210 1455.06 4169.74 3637.74 1786.05 1284.09 2007.5 1531.97 653.13 657.652 446.446 418.404 41973.4 1498.85 1202.49 2885.65 2670.83 41309.9 1273.82 319.091 244.668 797.411 837.645
internal_count=1275055 668354 54060 606701 614294 585433 55341 28861 10896 32621 34903 19157 8229 20953 12330 5138 3448 2708 2642 574537 16039 7908 24392 22514 551360 13673 2676 1436 7448 5521
is_linear=0
shrinkage=0.08


Tree=24
num_leaves=31
num_cat=0
split_feature=6 5 1 8 8 0 0 6 1 1 6 0 6 0 4 1 6 0 0 6 8 4 4 1 1 4 8 1 0 0
split_gain=78410.5 5427.88 2275.18 1991.13 1670.77 685.551 562.328 534.813 316.823 204.815 202.768 278.017 175.094 158.909 151.325 146.816 129.604 178.466 129.594 129.532 107.196 96.3915 83.9407 114.779 100.357 80.613 79.3161 72.592 68.8297 65.8736
threshold=0.55588430166244518 1.0000000180025095e-35 0.80217391252517711 1.0000000180025095e-35 0.75000000000000011 0.88036698102951061 0.6569296419620515 0.71711125969886791 0.61257407069206249 0.90353596210479747 0.49280537664890295 0.69860395789146434 0.49280537664890295 0.69614070653915416 5.5000000000000009 0.91715687513351452 0.66915422677993786 0.63224515318870556 0.57919329404830944 0.39755295217037206 0.75000000000000011 5.5000000000000009 5.5000000000000009 0.93957647681236278 0.44920890033245092 5.5000000000000009 1.0000000180025095e-35 0.89386734366416942 0.628892481327057 0.75123763084411632
decision_type=2 2 2 2 2 2 2 2 2 2 2 2 2 2 2 2 2 2 2 2 2 2 2 2 2 2 2 2 2 2
left_child=1 2 8 5 10 7 12 15 13 25 -3 -12 -6 -1 18 28 17 20 -10 27 -5 -7 23 -9 -24 29 -13 -8 -2 -4
right_child=3 4 9 16 6 21 19 22 14 -11 11 26 -14 -15 -16 -17 -18 -19 -20 -21 -22 -23 24 -25 -26 -27 -28 -29 -30 -31
leaf_value=-0.075888106380358214 -0.059519357892455445 -0.085273878111184254 0.073369939139546689 -0.036868897361032403 -0.06121252901379301 0.07317753832912452 -0.034851480973730004 0.03070517987449815 0.094105560551088152 0.070538695700043078 -0.073865223806939037 -0.017794577298975985 0.028167202450962301 0.080935071611516529 -0.049998245870422224 0.038928080499676158 0.083290596982078996 0.073990763622810193 -0.0055179405591938412 0.064950211694699597 0.047323734210127144 -0.025172990257477771 0.076871316973143408 0.077871917161076429 0.0089512223579825065 -0.023503547151091757 0.062895742816331826 0.058342426313567931 -0.016825422844567183 0.014038649393774838
leaf_weight=1467.3725917115808 595.21497686952353 39257.329198665917 190.97777614742517 162.77590760588646 802.15474815666676 2081.3147242963314 163.05368529260159 1135.9854057729244 91.854885853827 1943.1594201400876 1177.3258295506239 258.60811615735292 164.01342300325632 37.664156973361969 480.09737718105316 161.34126757830381 37289.37746655196 1290.6273639500141 592.00657256692648 569.49742251634598 221.39673564583063 61.027904838323593 155.30352449417114 481.7481819614768 1149.3176590129733 191.07498396933079 105.18455141037703 73.104940205812454 434.56572783738375 339.03316544741392
leaf_count=17935 4728 576635 959 902 7477 25602 1098 9693 636 22335 15184 1837 738 294 3527 1092 537663 15222 3559 4066 1598 510 1049 5292 8481 1072 810 332 2495 2731
internal_value=8.45946e-06 -0.0713091 0.00474025 0.0755613 -0.0808398 0.0335863 -0.00467897 0.0143909 -0.0473883 0.0570127 -0.0841425 -0.0550368 -0.0458081 -0.0716026 -0.0157693 -0.0306365 0.0822913 0.0597647 0.00821694 0.0444253 0.0112244 0.0702493 0.0328192 0.0450463 0.0174213 0.0201081 0.00563825 -0.00472754 -0.0418256 0.0362023
internal_weight=93123.5 47903.5 5333.24 45220 42570.3 6255.82 1771.82 4113.48 2669 2664.25 40798.4 1541.12 966.168 1505.04 1163.96 1191.12 38964.2 1674.8 683.861 805.656 384.173 2142.34 2922.35 1617.73 1304.62 721.086 363.793 236.159 1029.78 530.011
internal_count=1275552 661225 53048 614327 608177 58942 13711 32830 25951 27097 594466 17831 8215 18229 7722 8315 555385 17722 4195 5496 2500 26112 24515 14985 9530 4762 2647 1430 7223 3690
is_linear=0
shrinkage=0.08


Tree=25
num_leaves=31
num_cat=0
split_feature=6 2 8 8 5 8 2 1 1 6 6 6 0 0 0 8 5 1 0 6 0 1 6 8 1 6 2 5 5 6
split_gain=71612.2 5526.96 2076.19 1418.08 830.237 686.67 556.292 470.046 400.748 326.653 270.707 213.363 153.305 146.586 118.582 96.2355 263.088 95.7997 84.7224 83.3596 103.138 78.304 65.1697 137.012 146.719 63.1319 61.301 58.0256 55.8331 206.164
threshold=0.59384471178054821 0.72646823525428783 1.0000000180025095e-35 1.0000000180025095e-35 1.0000000180025095e-35 0.75000000000000011 0.89377820491790783 0.62020397186279308 0.92031747102737438 0.49280537664890295 0.7807200849056245 0.4723315834999085 0.69860395789146434 0.6106402873992921 0.60736888647079479 0.75000000000000011 1.0000000180025095e-35 0.78629976511001598 0.28718703985214239 0.49280537664890295 0.64630925655365001 0.92893216013908397 0.69710868597030651 0.75000000000000011 0.88493064045906078 0.97881317138671886 0.94932374358177196 0.43645593523979193 0.24786074459552768 0.39755295217037206
decision_type=2 2 2 2 2 2 2 2 2 2 2 2 2 2 2 2 2 2 2 2 2 2 2 2 2 2 2 2 2 2
left_child=1 4 11 6 7 19 10 12 15 14 13 -3 -1 18 -7 16 -4 -9 -2 -6 -21 -13 23 24 -5 -12 -8 -11 -10 -30
right_child=3 2 8 22 5 9 26 17 28 27 25 21 -14 -15 -16 -17 -18 -19 -20 20 -22 -23 -24 -25 -26 -27 -28 -29 29 -31
leaf_value=-0.074355271205811133 0.075840383288181171 -0.077460191092694169 0.025986140055996181 -0.018715103156122216 -0.085292082351484735 -0.071246213396953473 0.053542844533391393 -0.023162679330177322 0.073517061738725478 0.072524099600227168 0.031454925470173513 -0.040423139113405782 0.077344004487354318 0.0098759183863139331 -0.011733429395943922 0.04938120724373242 -0.058805470971593242 0.018081168952132458 -0.058209248907685807 -0.075531287271419723 -0.022729020850975005 0.03535634612999021 0.082672803508567858 0.078461655078840828 0.07736307420064395 0.080682512687765051 0.085362345167417045 0.0084977802151026266 -0.031636917145998929 0.070457971593272703
leaf_weight=1421.3298830688 27.377830862998962 1379.2130787223577 692.84318900108337 224.27168622612953 34594.076750218868 624.27826640754938 686.07109352946281 848.47845785319805 1522.6590364798903 159.51862590759993 2348.1749002486467 189.99971275031567 39.043916128575802 762.73097091168165 339.01977486908436 289.12446495145559 347.25581271201372 615.98170267790556 396.93473875522614 1290.9297706857324 307.73064398765564 151.90675010532141 34249.873279519379 1229.5029623955488 176.18431640416384 182.80308356881142 1189.2188073322177 219.71540134400129 165.66857580468059 478.79780625924468
leaf_count=18410 136 18956 5257 1542 553093 6422 8750 5930 19476 867 20423 1287 306 4997 2277 1983 3506 3689 2559 16762 2954 815 530965 16497 2415 1712 16488 1184 928 4758
internal_value=-5.28122e-05 -0.0691514 0.0083073 0.0760461 -0.0791437 -0.082348 0.0384752 -0.0378961 0.0437263 -0.0258763 0.0204492 -0.0634697 -0.0699403 -0.0109381 -0.0506355 0.00895195 -0.00231587 -0.0057033 -0.0484048 -0.0844345 -0.0655696 -0.00626927 0.0818924 0.0651926 0.0235935 0.0352256 0.0739797 0.0364391 0.064912 0.0439253
internal_weight=87150.7 45677.6 5217.47 41473.1 40460.1 37535.3 5593.31 2924.83 3496.35 1342.53 3718.02 1721.12 1460.37 1187.04 963.298 1329.22 1040.1 1464.46 424.313 36192.7 1598.66 341.906 35879.8 1629.96 400.456 2530.98 1875.29 379.234 2167.13 644.466
internal_count=1275344 668860 56966 606484 611894 583559 55065 28335 35908 10750 29827 21058 18716 7692 8699 10746 8763 9619 2695 572809 19716 2102 551419 20454 3957 22135 25238 2051 25162 5686
is_linear=0
shrinkage=0.08


Tree=26
num_leaves=31
num_cat=0
split_feature=6 5 8 3 8 3 3 6 4 4 0 3 3 3 6 8 6 5 9 6 3 4 3 0 0 0 0 8 3 0
split_gain=65177.8 4712.24 2194.33 1936.11 1222.82 809.121 500.219 385.119 288.592 284.893 181.76 173.199 158.009 157.589 288.509 268.285 141.19 119.416 114.456 111.567 201.443 95.2612 94.7542 94.1834 91.7358 91.2742 89.387 80.6476 69.0849 66.9032
threshold=0.53866082429885875 1.0000000180025095e-35 1.0000000180025095e-35 0.81530213356018078 0.75000000000000011 0.81016731262207042 0.78319624066352855 0.80123457312583934 4.5000000000000009 3.5000000000000004 0.6776927411556245 0.63224515318870556 0.93710443377494823 0.83047896623611461 0.72797745466232311 0.75000000000000011 0.42022895812988287 0.3577608615159989 1.0000000180025095e-35 0.47895757853984838 0.81016731262207042 6.5000000000000009 0.65648320317268383 0.94791102409362804 0.80717849731445324 0.76028168201446544 0.28718703985214239 1.0000000180025095e-35 0.91922956705093395 0.51649147272109996
decision_type=2 2 2 2 2 2 2 2 2 2 2 2 2 2 2 2 2 2 2 2 2 2 2 2 2 2 2 2 2 2
left_child=1 3 5 9 19 7 16 21 23 11 -5 -1 25 14 15 -4 -6 -18 29 -3 -21 22 -2 -7 -9 -10 -23 -22 -12 -8
right_child=2 4 13 10 6 8 18 24 12 -11 28 -13 -14 -15 -16 -17 17 -19 -20 20 27 26 -24 -25 -26 -27 -28 -29 -30 -31
leaf_value=-0.058534602084232522 -0.054476234206547791 -0.084295298954742276 -0.022415955118624899 -0.0016328416085561858 -0.065817551700693352 0.051921269799255876 -0.054372271696069091 0.03828073867421064 0.0054002264295996182 -0.067389827364380331 0.037563087575575756 0.01182028207301887 0.036990929973094437 0.083709956081726031 0.076525069039218643 0.060473481302415547 0.084464201143776049 -0.024796656641889389 -0.023988506628101133 -0.07477292748203504 -0.025239493211826156 0.053269835720637301 0.0048185542505210198 0.083812048935659911 -0.065210389555289766 -0.071333406748991787 -0.073481617313615771 0.07062097056631253 0.071705675588963957 0.083444038534607259
leaf_weight=333.48628983646631 291.14730756729841 33426.798690479249 375.07324812561274 317.85981969535351 610.72112110257149 1666.6252303794026 19.2363251298666 736.43913920968771 269.74530296772718 1537.5500884056091 559.94169354438782 651.2710887119174 913.46146884560585 25867.348219692707 7138.5112247057259 718.38855061680079 71.478413589298725 382.04950168728828 85.420608259737492 1281.2166376933455 202.63021158427 33.217488266527653 400.9204683676362 1013.898310251534 53.636844843626022 148.36783400923014 521.08305598050356 71.971559755504131 1535.1178296506405 371.19660916924477
leaf_count=4308 2664 568901 2724 1757 6719 18976 117 6337 1793 17492 4899 4241 8054 432484 115148 7301 402 2115 529 19530 1573 219 2719 14785 435 968 4597 570 20220 2721
internal_value=4.12259e-05 -0.0703095 0.0726913 0.00302839 -0.0802229 0.0282128 -0.0103026 -0.012775 0.0490471 -0.0459018 0.0542322 -0.012019 0.018344 0.0805709 0.0706429 0.0319229 -0.0408353 -0.00649436 0.0573658 -0.0832947 -0.0614926 -0.0404666 -0.0201086 0.064177 0.0306878 -0.0219718 -0.0651914 0.00012634 0.0627678 0.0756477
internal_weight=81605.8 41457.9 40147.9 4935.23 36522.7 6048.54 1540.1 2036.44 4012.1 2522.31 2412.92 984.757 1331.57 34099.3 8231.97 1093.46 1064.25 453.528 475.854 34982.6 1555.82 1246.37 692.068 2680.52 790.076 418.113 554.301 274.602 2095.06 390.433
internal_count=1275298 656094 619204 52917 603177 61547 12603 16971 44576 26041 26876 8549 10815 557657 125173 10025 9236 2517 3367 590574 21673 10199 5383 33761 6772 2761 4816 2143 25119 2838
is_linear=0
shrinkage=0.08


Tree=27
num_leaves=31
num_cat=0
split_feature=6 5 8 1 8 2 2 6 1 2 1 0 6 6 6 0 4 6 8 0 8 5 6 0 2 0 1 1 4 0
split_gain=59341.5 4396.01 1876.81 1617.08 1515.55 651.572 478.965 401.531 291.84 204.519 171.263 164.492 163.022 151.859 146.905 181.108 128.066 115.858 142.794 101.973 99.533 97.8389 82.9612 81.9696 81.1 78.2332 77.1761 62.5661 71.9141 59.0048
threshold=0.55588430166244518 1.0000000180025095e-35 1.0000000180025095e-35 0.80901724100112926 0.75000000000000011 0.88548010587692272 0.65733855962753307 0.7807200849056245 0.58898946642875682 0.91545844078063976 0.90353596210479747 0.58885449171066295 0.41605369746685034 0.43683740496635443 0.66915422677993786 0.69860395789146434 4.5000000000000009 0.48563170433044439 1.0000000180025095e-35 0.64899963140487682 0.75000000000000011 0.3279555886983872 0.39755295217037206 0.64326766133308422 0.94932374358177196 0.28718703985214239 0.55612829327583324 0.70659971237182628 8.5000000000000018 0.48528139293193823
decision_type=2 2 2 2 2 2 2 2 2 2 2 2 2 2 2 2 2 2 2 2 2 2 2 2 2 2 2 2 2 2
left_child=1 3 5 8 9 7 12 11 19 17 -5 25 -6 -11 15 20 23 -3 -19 -1 -4 -14 -8 -10 -7 -2 -13 -9 -29 -12
right_child=2 4 14 10 6 24 22 27 16 13 29 26 21 -15 -16 -17 -18 18 -20 -21 -22 -23 -24 -25 -26 -27 -28 28 -30 -31
leaf_value=-0.075472339229479046 0.050425321567624248 -0.084042009743955731 -0.024495759717149172 0.016262782311435221 -0.068524316730810442 0.047962332077283149 0.0038942818708482749 0.053791222875937267 0.045585756828997868 -0.061580328832694667 -0.035987046934425108 0.076909815058286979 0.12059240020723856 0.042037928576865398 0.081130193124767075 0.07555910996830352 -0.042073982381136174 -0.071046851228466476 -0.002417683503624249 0.045422638327603175 0.0453016768172506 -0.014071953881527013 0.068243633796882336 -0.012248030061011479 0.083840867530705798 -0.064247981106167473 -0.007659571371107109 0.032837444966300762 -0.0051812832168347221 0.066681851537968795
leaf_weight=1134.4739620685577 35.917474359273911 31051.024704419076 216.96755711734295 674.08833822607994 524.94630564004183 742.43913000077009 185.55385281145573 616.77981944382191 241.31091849505901 234.80842263251543 31.641186624765396 69.787934765219688 32.453759245574474 139.28758680075407 30136.47757197544 928.86116506904364 594.17362176626921 1233.1563490442932 236.28316221386194 41.652580372989178 308.52793953940272 428.53573916852474 458.88852602243423 421.32852781563997 1058.7810171768069 509.59324283152819 889.13130483031273 1296.2013409137726 410.82150923460722 1634.4106939658523
leaf_count=16676 199 571064 1271 4646 6225 9884 1093 5240 1810 2475 130 472 171 894 538349 13747 4901 18222 2749 393 2841 2466 3771 2448 16651 4316 5992 12628 3385 22247
internal_value=-5.86299e-05 -0.0686197 0.0723249 0.00330708 -0.0785672 0.0296892 -0.0031667 0.0109372 -0.0422827 -0.0822985 0.0507621 -0.021157 -0.0382449 -0.0225324 0.0799115 0.0543581 -0.0152186 -0.0829775 -0.0601655 -0.0708812 0.0162227 -0.00305598 0.0501346 0.0087571 0.0693145 -0.0560176 -0.0009718 0.0317845 0.0236058 0.0645344
internal_weight=76518.3 39298 37220.3 4773.08 34524.9 5629.45 1630.38 3828.23 2432.94 32894.6 2340.14 1504.43 985.936 374.096 31590.8 1454.36 1256.81 32520.5 1469.44 1176.13 525.495 460.989 644.442 662.639 1801.22 545.511 958.919 2323.8 1707.02 1666.05
internal_count=1277356 662381 614975 53251 609130 58767 13726 32232 26228 595404 27023 10979 8862 3369 556208 17859 9159 592035 20971 17069 4112 2637 4864 4258 26535 4515 6464 21253 16013 22377
is_linear=0
shrinkage=0.08


Tree=28
num_leaves=31
num_cat=0
split_feature=6 3 8 8 5 8 2 3 6 0 3 6 6 3 6 8 6 2 2 2 9 2 0 2 3 0 3 0 5 5
split_gain=53836 4746.19 1877.36 1435.46 650.364 714.17 479.694 277.041 257 228.017 209.936 202.631 153.192 118.185 163.76 206.992 111.224 106.784 88.1173 87.4342 85.7991 70.0986 64.297 62.1268 61.0124 60.0999 59.1483 58.7753 54.0517 48.579
threshold=0.59384471178054821 0.84273937344551098 1.0000000180025095e-35 1.0000000180025095e-35 1.0000000180025095e-35 0.75000000000000011 0.91545844078063976 0.68133461475372326 0.42022895812988287 0.6776927411556245 0.9495762586593629 0.44923661649227148 0.82200187444686901 0.83047896623611461 0.72797745466232311 0.75000000000000011 0.51295477151870739 0.65733855962753307 0.86295148730278026 0.64899963140487682 1.0000000180025095e-35 0.60107529163360607 0.62563130259513866 0.61938297748565685 0.91922956705093395 0.48528139293193823 0.67028987407684337 0.81530213356018078 0.46920476853847509 0.28644689917564398
decision_type=2 2 2 2 2 2 2 2 2 2 2 2 2 2 2 2 2 2 2 2 2 2 2 2 2 2 2 2 2 2
left_child=1 4 11 6 7 16 10 23 29 25 12 -3 26 14 15 28 -6 -10 -9 -18 22 -14 -13 -1 -11 -4 -2 -16 -5 -7
right_child=3 2 9 13 5 8 -8 18 17 24 -12 20 21 -15 27 -17 19 -19 -20 -21 -22 -23 -24 -25 -26 -27 -28 -29 -30 -31
leaf_value=-0.07021727322531103 -0.040481493753543846 -0.07737744499307625 -0.05865102272841323 0.025345714232256778 -0.083700307823928566 0.0058349541281413845 0.07490082692952689 -0.016394261702807118 -0.010277670797311985 0.033318379641814534 0.046654882846339396 -0.061149565193394685 0.050570552784179212 0.082575833675806787 0.076291244352367726 0.064289925755517757 -0.068020584670528225 0.056142259122186497 0.067118887446972045 -0.009843621014072091 -0.056840657333036407 0.011597147097796136 0.041524150244488162 -0.015579143710827784 0.06298659786392069 0.0098955111962373069 -0.0022588557403525186 0.041474086342152806 -0.052981198919376617 -0.066818843030173547
leaf_weight=1136.2069676220417 394.1404357329011 1173.3758530393243 107.25497473031282 78.377441614866257 28014.793696947396 60.500204637646675 1321.8101276159286 1161.5492383018136 466.34484707564116 632.31274795904756 1185.5967696644366 43.351901359856129 427.80264061689377 22071.305259011686 5829.484585352242 449.47286172956228 782.28315999731421 224.24989806488156 81.413748934864998 220.14777432009578 143.89920701831579 995.53100823611021 186.61979775875807 163.3515388071537 1966.4711838811636 290.39606799185276 768.50939163565636 370.30925682559609 161.64650124311447 554.54605884104967
leaf_count=17098 2676 21135 1051 494 556861 663 21981 8089 2570 6158 12422 535 3753 428185 107859 5966 11128 1512 929 1720 1222 9222 1196 1081 26213 2253 5220 6936 1208 6475
internal_value=-2.79471e-05 -0.0662752 0.0103209 0.0727405 -0.0768696 -0.0801353 0.0334756 -0.0377779 -0.021989 0.0472806 0.0188352 -0.0610748 0.00595346 0.0796337 0.0701316 0.0324007 -0.0827419 0.0113087 -0.010549 -0.0555152 -0.00914131 0.0235592 0.0205989 -0.0635581 0.0559073 -0.00869431 -0.0154713 0.0742725 -0.026756 -0.0594246
internal_weight=71463.1 37409.1 4543.68 34054 32865.4 30322.9 5093.39 2542.52 1305.64 2996.43 3771.58 1547.25 2585.98 28960.6 6889.29 689.497 29017.2 690.595 1242.96 1002.43 373.871 1423.33 229.972 1299.56 2598.78 397.651 1162.65 6199.79 240.024 615.046
internal_count=1273811 667889 59763 605922 608126 580929 55274 27197 11220 35675 33293 24088 20871 550648 122463 7668 569709 4082 9018 12848 2953 12975 1731 18179 32371 3304 7896 114795 1702 7138
is_linear=0
shrinkage=0.08


Tree=29
num_leaves=31
num_cat=0
split_feature=6 6 8 3 8 2 6 3 1 3 6 8 4 0 2 3 6 0 4 3 6 6 3 4 3 2 1 4 4 0
split_gain=48999.7 4023.32 2113.9 1429.57 1069.62 648.486 405.004 369.215 322.457 181.972 264.278 163.765 161.002 153.16 140.541 139.887 119.358 111.319 101.073 99.4604 86.9806 81.3722 113.026 63.1422 58.921 57.4254 57.1896 56.6449 55.2602 52.5524
threshold=0.53866082429885875 1.0000000180025095e-35 1.0000000180025095e-35 0.81530213356018078 0.75000000000000011 0.91545844078063976 0.72797745466232311 0.81016731262207042 0.62020397186279308 0.83047896623611461 0.71711125969886791 0.75000000000000011 3.5000000000000004 0.67942845821380626 0.91922956705093395 0.93127068877220165 0.40546767413616186 0.64326766133308422 5.5000000000000009 0.9569842815399171 0.42471814155578619 0.49280537664890295 0.82426470518112194 5.5000000000000009 0.91922956705093395 0.69416099786758434 0.94665718078613292 3.5000000000000004 6.5000000000000009 0.81530213356018078
decision_type=2 2 2 2 2 2 2 2 2 2 2 2 2 2 2 2 2 2 2 2 2 2 2 2 2 2 2 2 2 2
left_child=1 3 5 8 14 6 15 16 -1 10 11 23 17 -5 21 28 -6 -10 26 -20 -16 -3 -23 -4 27 -18 -8 -15 -2 -12
right_child=2 4 9 13 7 -7 18 -9 12 -11 29 -13 -14 24 20 -17 25 -19 19 -21 -22 22 -24 -25 -26 -27 -28 -29 -30 -31
leaf_value=-0.071394724686535127 -0.021644401995120091 -0.083075768892768173 0.013545726947359513 -0.00063087079360601539 -0.063000009191700984 0.073620981577801822 0.029320237314489187 0.055499708428659054 0.070494443368782508 0.082001142981911634 0.074916346539002088 0.052713219638142315 -0.04125128648086139 0.051421365016516757 -0.05949426801626926 0.032108015835554407 -0.021520684979149402 -0.0044205194981929256 -0.011833099633917444 0.034393094780522548 0.025618554044795971 -0.069350796149578287 0.0080426714410943029 -0.053098413451629183 0.068403025690599514 0.043747852663677894 0.064020282742060827 -0.0059315032345575672 -0.05765096056085265 0.041547049026984223
leaf_weight=1111.3071053847671 634.34053230285645 26919.588313631713 199.33838989585638 316.597875893116 505.6180619597435 1278.4243583418429 1224.6601530984044 389.3130671903491 177.10315728932619 20795.47618156299 5490.4930550828576 581.82366536930203 559.90267968177795 383.44054674729705 195.2331118658185 208.63612672686577 418.57254306972027 406.02354907244444 687.87746482342482 514.35686496645212 117.89455741643906 753.74448984861374 138.16593927145004 156.26160462200642 1306.8150498978794 102.49470089375973 428.19331268593669 145.88658797740936 518.21468827873468 365.18284148350358
leaf_count=18247 5123 573781 1447 1792 6347 22193 12338 3053 1126 432502 108570 6513 4238 3851 2255 1596 2698 2303 4800 4855 821 13120 1000 1082 20274 577 5566 1064 4936 7095
internal_value=-8.59994e-05 -0.0676059 0.069193 0.0036598 -0.0782421 0.0238113 0.00860117 -0.0102305 -0.0407824 0.0782198 0.0665687 0.0266744 -0.0106989 0.0502602 -0.0816582 -0.0271869 -0.0354583 0.018466 0.0257371 0.00787204 -0.0270468 -0.0822623 -0.0572054 -0.0156262 0.0590999 -0.00808434 0.0385722 0.0354074 -0.0381511 0.0728998
internal_weight=67031 33947.7 33083.3 4407.08 29540.6 5494.7 4216.28 1416 2254.34 27588.6 6793.1 937.424 1143.03 2152.74 28124.6 1361.19 1026.69 583.127 2855.09 1202.23 313.128 27811.5 891.91 355.6 1836.14 521.067 1652.85 529.327 1152.56 5855.68
internal_count=1275163 656547 618616 52895 603652 61407 39214 12675 25914 557209 124707 9042 7667 26981 590977 11655 9622 3429 27559 9655 3076 587901 14120 2529 25189 3275 17904 4915 10059 115665
is_linear=0
shrinkage=0.08


Tree=30
num_leaves=31
num_cat=0
split_feature=6 5 8 1 8 0 6 0 1 1 6 0 6 0 4 9 1 1 0 4 0 8 4 0 9 0 6 5 1 1
split_gain=44706.8 3727.47 2012.83 1166.83 1076.83 533.843 372.675 298.197 206.678 185.862 167.308 166.458 129.677 192.367 124.024 116.019 102.967 102.457 102.135 101.785 89.7231 71.3215 70.9203 104.499 69.123 64.2299 63.8859 62.7697 54.824 53.7932
threshold=0.53866082429885875 1.0000000180025095e-35 1.0000000180025095e-35 0.78629976511001598 0.75000000000000011 0.93127068877220165 0.63202878832817089 0.60736888647079479 0.60736888647079479 0.92031747102737438 0.66915422677993786 0.6351073980331422 0.4723315834999085 0.66978195309638988 4.5000000000000009 1.0000000180025095e-35 0.94665718078613292 0.42163743078708654 0.6569296419620515 4.5000000000000009 0.59417229890823375 1.0000000180025095e-35 4.5000000000000009 0.57307061553001415 1.0000000180025095e-35 0.74023336172103893 0.44923661649227148 0.45843496918678289 0.77015754580497753 0.91545844078063976
decision_type=2 2 2 2 2 2 2 2 2 2 2 2 2 2 2 2 2 2 2 2 2 2 2 2 2 2 2 2 2 2
left_child=1 3 5 8 12 6 20 26 18 19 11 27 -3 -14 16 29 -8 -16 -1 25 -2 -15 23 -10 -22 -5 -6 -4 -29 -9
right_child=2 4 10 9 7 -7 14 15 22 -11 -12 -13 13 21 17 -17 -18 -19 -20 -21 24 -23 -24 -25 -26 -27 -28 28 -30 -31
leaf_value=-0.070484330086096822 -0.067240601722817081 -0.082561493441500794 0.050523929622845708 0.071923090279185253 -0.067138943129755352 0.077260026840903204 0.024710677487337504 0.025031600378117344 0.0903955897318625 0.061646849132152175 0.079119220837588669 0.067354052043039514 -0.074026323511088676 -0.027969552176936731 0.068117452402014611 -0.019091773466349493 0.067096665767244434 0.0008191756832444557 0.047979284067454185 -0.023334116636379174 0.019731312401937855 0.050198933838100881 -0.037333216288965042 -0.0087971396183673441 -0.045367693161840458 0.014299119436522456 -0.0099984110471243257 -0.031260992661952799 0.062773509433644903 0.079866248028707801
leaf_weight=1013.8686432652175 365.66550891473889 24655.867845714092 133.84432911500335 185.81090763956308 421.05943240970373 965.18034217506647 1338.4010030627251 319.17062229663134 74.301584251224995 1343.9672251008451 24274.895103868097 1038.4203296415508 1090.3993351645768 271.295275259763 154.76163073629141 250.48327479511499 519.23961493000388 1603.4046617299318 43.838770944625139 299.36605168133974 206.06031147018075 96.791404705494642 449.98585052415729 462.93517920002341 198.65971150621772 390.22907314449549 190.12922498583794 229.68786301463842 42.14346969127655 193.1160519272089
leaf_count=17628 4908 564745 959 925 5893 17776 13433 2209 504 21111 537757 16479 22254 2879 1145 1703 8113 13176 431 1856 1496 909 3984 2890 1662 3728 966 1652 431 1864
internal_value=1.39707e-05 -0.0667359 0.0682345 0.00281721 -0.0775302 0.023525 0.0115896 -0.00833709 -0.0406868 0.0429751 0.0775246 0.0504289 -0.0811622 -0.0571966 0.0223848 0.0248247 0.0367924 0.00701018 -0.0652212 0.0139402 -0.0386889 -0.00658838 -0.0140433 0.0053335 -0.0119962 0.033621 -0.0498486 0.00642294 -0.0152339 0.046584
internal_weight=62823 31752.6 31070.4 4264.3 27488.3 5351.37 4386.19 1373.96 2044.93 2219.37 25719 1444.1 26114.4 1458.49 3615.81 762.77 1857.64 1758.17 1057.71 875.406 770.386 368.087 987.223 537.237 404.72 576.04 611.189 405.676 271.831 512.287
internal_count=1275466 656479 618987 53057 603422 61709 43933 12635 25437 27620 557278 19521 590787 26042 35867 5776 21546 14321 18059 6509 8066 3788 7378 3394 3158 4653 6859 3042 2083 4073
is_linear=0
shrinkage=0.08


Tree=31
num_leaves=31
num_cat=0
split_feature=6 5 8 3 8 3 3 1 6 3 6 0 8 1 6 0 0 6 5 1 3 5 9 0 5 0 1 9 0 1
split_gain=40474.5 3556.72 1966.92 1196.28 1015.51 537.922 306.823 275.89 221.42 205.442 271.155 202.055 177.866 142.864 179.054 135.219 122.233 111.765 139.243 83.5072 91.1597 71.345 70.5843 66.1776 62.4841 61.1349 215.668 52.1962 50.6479 76.4642
threshold=0.53866082429885875 1.0000000180025095e-35 1.0000000180025095e-35 0.81530213356018078 0.75000000000000011 0.84273937344551098 0.8263767957687379 0.68870675563812267 0.82200187444686901 0.83047896623611461 0.71711125969886791 0.94791102409362804 0.75000000000000011 0.90353596210479747 0.43683740496635443 0.83910790085792553 0.69282051920890819 0.39755295217037206 0.3279555886983872 0.7099788784980775 0.96178188920021068 0.69056183099746715 1.0000000180025095e-35 0.57735043764114391 0.46920476853847509 0.77629500627517711 0.99565216898918163 1.0000000180025095e-35 0.78142958879470836 0.99565216898918163
decision_type=2 2 2 2 2 2 2 2 2 2 2 2 2 2 2 2 2 2 2 2 2 2 2 2 2 2 2 2 2 2
left_child=1 3 5 7 13 8 17 -1 21 10 12 19 24 -3 -15 -5 -9 -6 -19 -7 -21 23 -8 -2 -4 -12 -27 -16 -10 -30
right_child=2 4 9 15 6 11 22 16 28 -11 25 -13 -14 14 27 -17 -18 18 -20 20 -22 -23 -24 -25 -26 26 -28 -29 29 -31
leaf_value=-0.062401327541463249 -0.059413567410188967 -0.081861351132006391 0.027025641570324638 0.023959974196353099 -0.061849822267715945 0.076120460926626263 0.07019094026001825 0.025094315722600107 0.033526741695973666 0.080955357574409401 0.074210848398116647 0.080439961260852524 0.051142469551118695 -0.069892649474476501 0.0346699006065537 0.066456450653596469 -0.034534127956820163 0.11828478148183588 -0.020170555313055366 0.0097206057674621999 0.043073871933002536 0.014162677758133438 -0.025589748616633611 -0.019259854298772285 -0.044125850483787678 0.061298072741927723 -0.090721738705946228 -0.038536308386619804 0.0069447311258236354 -0.14231725204355394
leaf_weight=1251.8000086843967 482.81378183141351 23258.288899131119 109.20512830838561 882.82537138089538 437.51869701594114 245.74909073114395 295.05406267940998 449.51274445652962 657.7885939925909 17959.438830949366 4416.1239804551005 727.32267013564706 537.31666327640414 736.74594009295106 162.18460448458791 1108.3793334886432 420.30009235441685 45.889844063669443 517.49796487390995 1059.6804136410356 1071.4305523224175 197.86863156408072 53.513417825102806 621.55181174352765 241.92137448117137 638.04566966742277 60.633881099522114 93.41160487383604 128.24586049839854 21.042323000729084
leaf_count=20995 5622 574354 751 7684 5896 2273 2543 2743 6555 431960 100208 14718 6508 13754 1461 19283 2255 294 3529 12132 12876 1505 354 4545 1775 14219 1379 909 1263 178
internal_value=-4.0177e-06 -0.0657224 0.0669177 0.003292 -0.0768147 0.0223156 -0.00909988 -0.0384215 -0.00878615 0.0766082 0.0635201 0.043481 0.0223028 -0.0805736 -0.0499716 0.0478025 -0.0035684 -0.031702 -0.00767008 0.0319593 0.0266257 -0.0292043 0.0548799 -0.0371474 -0.0214787 0.0706196 0.047327 0.00707552 0.0239389 -0.0169871
internal_weight=58889.1 29712.9 29176.2 4112.82 25600.1 5213.49 1349.47 2121.61 2109.31 23962.7 6003.25 3104.18 888.443 24250.6 992.342 1991.2 869.813 1000.91 563.388 2376.86 2131.11 1302.23 348.567 1104.37 351.127 5114.8 698.68 255.596 807.077 149.288
internal_count=1274521 656054 618467 52960 603094 61667 12616 25993 19668 556800 124840 41999 9034 590478 16124 26967 4998 9719 3823 27281 25008 11672 2897 10167 2526 115806 15598 2370 7996 1441
is_linear=0
shrinkage=0.08


Tree=32
num_leaves=31
num_cat=0
split_feature=6 3 8 8 8 1 0 4 6 0 6 0 4 3 3 1 6 8 1 0 9 3 0 0 4 3 0 6 6 4
split_gain=36693.3 3670.12 1458.4 1247.6 739.25 532.215 350.567 273.066 270.262 219.858 177.735 163.045 154.23 150.884 144.574 235.901 139.524 162.013 113.79 87.5229 81.8451 76.446 63.2514 56.3145 503.408 51.1853 50.6833 50.3587 42.8624 30.8703
threshold=0.59384471178054821 0.84273937344551098 1.0000000180025095e-35 1.0000000180025095e-35 1.0000000180025095e-35 0.68870675563812267 0.93127068877220165 5.5000000000000009 0.49280537664890295 0.71892556548118602 0.4419247061014176 0.53694942593574535 5.5000000000000009 0.84273937344551098 0.9569842815399171 0.70659971237182628 0.72797745466232311 0.75000000000000011 0.94360822439193737 0.6106402873992921 1.0000000180025095e-35 0.91010102629661571 0.30368906259536749 0.81530213356018078 7.5000000000000009 0.65419578552246105 0.54923510551452648 0.46186167001724249 0.51295477151870739 3.5000000000000004
decision_type=2 2 2 2 2 2 2 2 2 2 2 2 2 2 2 2 2 2 2 2 2 2 2 2 2 2 2 2 2 2
left_child=1 4 6 10 28 8 12 9 19 -7 -3 -5 18 16 15 -14 17 29 25 -6 26 27 -10 -18 -25 -2 -12 -13 -1 -4
right_child=2 3 13 11 5 7 -8 -9 22 -11 20 21 14 -15 -16 -17 23 -19 -20 -21 -22 -23 -24 24 -26 -27 -28 -29 -30 -31
leaf_value=-0.082532059777574107 -0.018000380261638027 -0.074315348148571964 0.01167054543938538 -0.042013995814737533 -0.075737503271000609 0.037461939507653134 0.074398167310903179 -0.055796690459621746 0.12086509488641926 -0.027419493023577515 -0.066690479741612102 0.011527930167187266 0.014169269023730292 0.080898567453825038 0.029957532665286082 -0.063021462007080337 0.0723762362665301 0.060885625943776632 0.059126583558618127 -0.042731619188685115 -0.05603854342645051 0.055647026136371416 -0.0076279354713398471 0.061928609392342682 -0.30061297904854534 0.024035211384144703 0.035621806342170728 0.073351199726491498 -0.059820698457214487 -0.044684167805197808
leaf_weight=17636.246236700565 207.32811220362782 875.04158481582999 97.467951096594334 132.35116547346115 3703.218173276633 665.88429138064384 809.14932106435299 723.29219059273601 21.400530938059092 659.74429479241371 30.799128737300634 515.45646525919437 551.22239325940609 16102.855462938547 549.1025698184967 457.84731846302748 4701.4300161935389 389.83597288280725 617.9527074098587 651.8611695356667 137.16004680097103 1825.0204058885574 333.55177759006619 399.23880992084742 21.05329467728734 1321.5588081851602 203.88191949576139 99.183591574430466 666.89962038770318 144.31441847980022
leaf_count=474517 1697 20958 862 1355 86365 6032 17361 9515 152 6333 473 5140 4204 419283 5365 2872 114521 6394 9887 11636 1355 28239 2861 9403 471 13543 1468 1082 11012 959
internal_value=6.27672e-05 -0.0622257 0.0682865 0.0107829 -0.0733569 -0.0506157 0.0267965 -0.0164226 -0.065423 0.00506954 -0.0546966 0.0426332 0.0162713 0.0768403 -0.00279464 -0.0208349 0.0653937 0.0291599 0.030158 -0.0708886 -0.00773045 0.0473673 0.00124586 0.0697981 0.0400713 0.0181905 0.0204158 0.0222739 -0.0817298 -0.0215418
internal_weight=55251.3 28881 26370.4 3818.89 25062.1 6758.95 4514.16 2048.92 4710.03 1325.63 1246.88 2572.01 3705.01 21856.2 1558.17 1009.07 5753.34 631.618 2146.84 4355.08 371.841 2439.66 354.952 5121.72 420.292 1528.89 234.681 614.64 18303.1 241.782
internal_count=1275315 668493 606822 60070 608423 122894 54929 21880 101014 12365 24254 35816 37568 551893 12441 7076 132610 8215 25127 98001 3296 34461 3013 124395 9874 15240 1941 6222 485529 1821
is_linear=0
shrinkage=0.08


Tree=33
num_leaves=31
num_cat=0
split_feature=6 2 8 8 5 8 2 3 3 6 3 6 6 4 2 3 2 8 6 6 5 3 5 3 4 3 6 5 6 4
split_gain=33318.7 3468.59 1419.4 1103.29 628.838 500.009 389.361 274.291 254.799 232.958 160.578 147.133 144.586 141.844 140.132 121.286 159.194 114.104 96.9389 90.609 78.2997 73.7031 72.2367 64.9961 63.2066 81.0094 42.2541 41.8263 172.748 39.9332
threshold=0.59384471178054821 0.6911335587501527 1.0000000180025095e-35 1.0000000180025095e-35 1.0000000180025095e-35 0.75000000000000011 0.94932374358177196 0.88047617673873912 0.69282051920890819 0.44923661649227148 0.84273937344551098 0.43147574365139013 0.72797745466232311 5.5000000000000009 0.88261792063713085 0.9495762586593629 0.79805827140808117 0.75000000000000011 0.46186167001724249 0.49280537664890295 0.42008402943611151 0.8078865408897401 0.34158597886562353 0.64051282405853283 4.5000000000000009 0.90366768836975109 0.8519614338874818 0.27964508533477789 0.39755295217037206 5.5000000000000009
decision_type=2 2 2 2 2 2 2 2 2 2 2 2 2 2 2 2 2 2 2 2 2 2 2 2 2 2 2 2 2 2
left_child=1 4 6 9 8 19 13 14 29 -3 12 -7 17 23 18 16 -15 -4 -5 -6 -11 -21 -13 26 -10 -26 -2 -9 -29 -1
right_child=2 3 10 7 5 11 -8 27 24 20 -12 22 -14 15 -16 -17 -18 -19 -20 21 -22 -23 -24 -25 25 -27 -28 28 -30 -31
leaf_value=-0.040834632860484846 -0.041189558532506512 -0.074466957354564545 -0.0151273403598723 -0.017957752582196417 -0.082244479341099228 -0.05465570000374316 0.080679645018458132 0.060402722372170051 0.023408797217316219 0.050218623582000486 0.080325886932118742 0.087251449320353086 0.068571286703913104 -0.0062580635145360834 0.065982064090496464 0.026603043419319371 -0.097507591909306787 0.054230609585006972 0.043917855218219365 -0.064541577491279839 -0.025330764805148787 0.00020431653823863624 -0.0041229322978109835 0.033035846211074686 -0.037205605770993112 0.025680931022232567 0.038591623362810419 -0.039636486839953647 0.061921720984736979 -0.07465610998010902
leaf_weight=482.31019990518689 128.33088512346148 1029.6644698493183 244.10374044626951 943.30479798093438 18653.881163049489 475.9006103836 696.04629131779075 1192.2182998098433 381.75121748819947 118.25212512537837 14910.441344898194 57.421693362295628 4807.6946492865682 861.394287109375 190.38953468576074 567.53462876752019 138.80241560190916 376.93624390661716 189.65175019949675 901.3796015009284 298.08138678595424 122.82130559533834 468.49504635110497 1985.4840421974659 421.63524926826358 182.08205813914537 56.069445297122002 147.53140399232507 350.06469547376037 529.67016306892037
leaf_count=8114 949 26528 1841 8854 542042 7003 16403 21894 2697 1214 418323 332 124513 6139 2288 5629 764 6489 1489 17987 2661 1092 2729 24704 3965 1297 561 1109 4926 10538
internal_value=-6.18279e-05 -0.0612977 0.0670092 0.00316545 -0.0739784 -0.0781252 0.0259019 0.0307562 -0.0308777 -0.0541255 0.0759536 -0.0226355 0.0638524 0.0155639 0.00332102 -0.00267853 -0.0195024 0.0268104 -0.007312 -0.0809356 -0.00315126 -0.0566586 0.00628007 0.0287934 -0.00171172 -0.0179209 -0.0157078 0.0520739 0.0313978 -0.0589741
internal_weight=51909.3 27136.5 24772.8 4459.16 22677.3 20679.9 4433.66 3013.16 1997.45 1446 20339.2 1001.82 5428.73 3737.62 1323.35 1567.73 1000.2 621.04 1132.96 19678.1 416.334 1024.2 525.917 2169.88 985.469 603.717 184.4 1689.81 497.596 1011.98
internal_count=1275074 668759 606315 70963 597796 571185 55149 40560 26611 30403 551166 10064 132843 38746 12631 12532 6903 8330 10343 561121 3875 19079 3061 26214 7959 5262 1510 27929 6035 18652
is_linear=0
shrinkage=0.08


Tree=34
num_leaves=31
num_cat=0
split_feature=6 5 8 8 1 2 2 6 1 6 2 6 1 2 2 5 6 6 5 1 2 5 4 9 1 8 6 8 1 4
split_gain=30329.3 3020.04 1865.12 996.104 752.577 478.67 239.38 222.43 189.569 177.918 161.532 205.316 150.756 139.701 110.24 102.988 100.723 83.6688 78.3657 69.4082 66.5133 66.2111 55.772 52.9356 50.4567 49.9154 58.7346 48.7814 39.1335 38.9573
threshold=0.53866082429885875 1.0000000180025095e-35 1.0000000180025095e-35 0.75000000000000011 0.79772728681564342 0.93127068877220165 0.69732204079628002 0.79082906246185314 0.58643677830696117 0.66915422677993786 0.72255688905715953 0.43683740496635443 0.87007671594619762 0.84262126684188854 0.628892481327057 0.47281683981418615 0.41036838293075567 0.97881317138671886 0.34299720823764807 0.25586470961570745 0.88036698102951061 0.35448791086673742 5.5000000000000009 1.0000000180025095e-35 0.45923791825771337 0.75000000000000011 0.72797745466232311 0.75000000000000011 0.92390406131744396 2.5000000000000004
decision_type=2 2 2 2 2 2 2 2 2 2 2 2 2 2 2 2 2 2 2 2 2 2 2 2 2 2 2 2 2 2
left_child=1 4 5 10 8 7 16 14 -1 12 -3 -12 15 28 19 -4 -5 24 -18 -2 25 -13 -10 -8 -9 26 -11 -17 29 -6
right_child=2 3 9 6 13 -7 23 17 22 20 11 21 -14 -15 -16 27 18 -19 -20 -21 -22 -23 -24 -25 -26 -27 -28 -29 -30 -31
leaf_value=-0.063243883386170527 0.073845211340435007 -0.081148551727051391 0.057420574059398863 -0.058408712646727728 0.029467364346002251 0.074542883681273819 0.061807296143145347 0.065807782808174148 0.0031745648743655669 0 -0.070911806613955547 0.086646322718186716 0.076388644401648637 0.061074288718447722 0.0048216153769350409 -0.034009065971727342 0.083432806631268161 0.076930417174900886 -0.015889899349065637 -0.041121101766030607 0.08185919782433812 -0.013616388864533358 -0.034498499742388507 -0.0021425240069854598 0.015395364635282453 0.074088814588980617 0.061221148014894658 0.019631464186582605 0.037907058491323316 -0.010934126452547112
leaf_weight=773.20352898538113 29.706548828631639 18180.717063963413 269.27727372571826 399.38730150088668 245.95294124633074 812.08913140371442 299.75881575420499 133.94084415584803 658.66416927427053 103.34566625580192 968.82051302492619 43.256317581981421 527.38333835452795 913.40849928557873 850.94572946801782 197.84772378206253 53.456582214683294 168.84231504425406 380.42402095720172 774.93989158794284 8552.4188171587884 326.96138711646199 394.68395489454269 106.78803416341543 2039.4198400564492 8241.0832812897861 1312.2164017222822 225.80888885632157 369.56583666428924 379.57377111539245
leaf_count=16799 225 565069 2637 6380 1570 19477 2800 1270 4725 1705 21946 413 12380 18608 6880 1454 334 2140 2489 8285 258555 3297 4116 686 23255 239872 36848 2935 4865 2380
internal_value=-3.85724e-05 -0.0628168 0.0633943 -0.0747296 0.00336399 0.0187248 -0.00503696 0.00726735 -0.0332495 0.0744366 -0.0791456 -0.0516312 0.0442413 0.0384843 -0.0150922 0.0191732 -0.0296646 0.0231389 -0.0024771 -0.0362492 0.0764387 -0.000476744 -0.0108864 0.0447988 0.0187196 0.0715816 0.0566634 -0.00514992 0.017387 0.00480542
internal_weight=48733.9 24494.6 24239.3 20759.6 3735.05 4809.88 1239.81 3997.8 1826.55 19429.4 19519.8 1339.04 1220.32 1908.5 1655.59 692.934 833.268 2342.2 433.881 804.646 18209.1 370.218 1053.35 406.547 2173.36 9656.65 1415.56 423.657 995.093 625.527
internal_count=1274395 656477 617918 603414 53063 61532 12689 42055 25640 556386 590725 25656 19406 27423 15390 7026 9203 26665 2823 8510 536980 3710 8841 3486 24525 278425 38553 4389 8815 3950
is_linear=0
shrinkage=0.08


Tree=35
num_leaves=31
num_cat=0
split_feature=6 3 8 8 8 1 0 6 4 0 6 3 0 6 8 4 3 1 1 3 0 1 9 0 4 3 6 0 1 4
split_gain=27536.9 2955.21 1392.47 964.699 677.622 414.53 301.54 240.397 191.163 244.449 180.006 167.792 153.608 140.625 123.255 113.953 132.665 198.824 107.52 99.0885 83.228 81.2264 69.6581 60.6727 509.034 58.8738 48.5888 42.246 36.8387 34.4903
threshold=0.59384471178054821 0.82426470518112194 1.0000000180025095e-35 1.0000000180025095e-35 1.0000000180025095e-35 0.70064935088157665 0.93127068877220165 0.44923661649227148 5.5000000000000009 0.6820855736732484 0.4419247061014176 0.84074437618255626 0.51000401377677929 0.72797745466232311 0.75000000000000011 4.5000000000000009 0.93710443377494823 0.80217391252517711 0.94665718078613292 0.91922956705093395 0.55612829327583324 0.65545505285263073 1.0000000180025095e-35 0.77629500627517711 7.5000000000000009 0.63224515318870556 0.51295477151870739 0.52419984340667736 0.70064935088157665 6.5000000000000009
decision_type=2 2 2 2 2 2 2 2 2 2 2 2 2 2 2 2 2 2 2 2 2 2 2 2 2 2 2 2 2 2
left_child=1 4 6 10 26 7 15 25 9 -7 -3 13 -5 14 29 18 17 -17 -2 21 -9 -14 27 -15 -25 -6 -1 -12 -28 -4
right_child=2 3 11 12 5 8 -8 20 -10 -11 22 -13 19 23 -16 16 -18 -19 -20 -21 -22 -23 -24 24 -26 -27 28 -29 -30 -31
leaf_value=-0.081676317845487262 0.016941915551787673 -0.072858405481137534 0.0037258260977022983 -0.053495711690227737 -0.077231122119380824 0.058086948021122485 0.072306728799073808 -0.040157473371567075 -0.052422600865066428 -0.021511501765199902 -0.066604292514216054 0.079432626743393936 0.094472574778270119 0.070897480492948584 0.054984901588617616 0.0043273006249389227 0.026172354158994594 -0.07036621468874954 0.063241217047099743 0.050325474185955683 0.020690883292065098 0.0080748325416836204 -0.048816534220450139 0.062471325665872789 -0.20757111132281433 -0.054257739555823095 -0.067508870421960743 0.031696380993521164 -0.017682938500145805 -0.056513862120697846
leaf_weight=13899.198868835345 1320.3005241006613 843.82274718023837 152.15927585214376 116.91768252104521 2291.0605742149055 370.32578086480498 675.47750438377261 315.0043656565249 536.35399297811091 714.51249803416431 26.452960699796677 12962.390821542591 72.392584778368473 3497.1903095394373 336.14154754951596 756.07809427380562 728.14187828451395 319.16669336333871 429.37394796684384 1561.274158526212 253.4439596068114 785.85411927476525 151.73725865595043 611.17623091861606 43.095062412321568 1226.1128672976047 421.26363975927234 215.95926674082875 140.06698659062386 91.141831681132317
leaf_count=469785 14056 25406 1249 1392 66648 3158 17477 4375 7861 7129 498 421116 614 103904 6348 5762 7773 1916 8211 27379 2395 8428 1713 17591 1018 29646 9214 1725 1612 557
internal_value=6.35665e-06 -0.0593006 0.064784 0.0056232 -0.0714577 -0.0479713 0.0234503 -0.0615525 -0.0135626 0.00565564 -0.0520901 0.0746439 0.0339016 0.0614194 0.0238002 0.0140286 -4.93287e-06 -0.0179191 0.0285429 0.0382925 -0.0128052 0.0160528 -0.00687127 0.0665967 0.0430023 -0.0693562 -0.0806957 0.0191935 -0.0556244 -0.0188795
internal_weight=45863.6 23941.8 21921.8 3774.41 20167.3 5706.81 4228.54 4085.62 1621.19 1084.84 1237.97 17693.3 2536.44 4730.9 579.443 3553.06 1803.39 1075.24 1749.67 2419.52 568.448 858.247 394.149 4151.46 654.271 3517.17 14460.5 242.412 561.331 243.301
internal_count=1275956 668978 606978 67155 601823 121212 55195 103064 18148 10287 29342 551783 37813 130667 8154 37718 15451 7678 22267 36421 6770 9042 3936 122513 18609 96294 480611 2223 10826 1806
is_linear=0
shrinkage=0.08


Tree=36
num_leaves=31
num_cat=0
split_feature=5 2 8 8 8 5 5 3 2 3 2 8 3 0 8 5 2 3 0 5 3 4 3 0 9 5 3 9 5 0
split_gain=20184.2 4335.76 2141.3 876.114 802.645 701.686 506.12 288.757 264.707 222.043 220.629 181.517 153.516 137.405 132.933 125.292 122.28 110.543 90.7016 80.8239 74.8526 64.6766 58.7492 58.518 48.8964 44.9082 38.6327 38.1259 37.3292 39.3613
threshold=0.49013115465641027 0.6911335587501527 1.0000000180025095e-35 0.75000000000000011 1.0000000180025095e-35 1.0000000180025095e-35 0.5867464840412141 0.83047896623611461 0.94932374358177196 0.68457102775573742 0.89377820491790783 0.75000000000000011 0.83047896623611461 0.55488622188568126 0.75000000000000011 0.66815477609634411 0.84877073764801036 0.89699381589889537 0.80717849731445324 0.97732415795326244 0.9569842815399171 4.5000000000000009 0.78319624066352855 0.25198413431644445 1.0000000180025095e-35 0.44492964446544653 0.84660634398460399 1.0000000180025095e-35 0.54847925901412975 0.78456193208694469
decision_type=2 2 2 2 2 2 2 2 2 2 2 2 2 2 2 2 2 2 2 2 2 2 2 2 2 2 2 2 2 2
left_child=1 3 6 5 16 9 12 11 19 -1 14 15 -2 23 17 24 25 -6 -7 20 -8 -11 -15 -5 -4 -3 -20 -18 -13 -30
right_child=2 4 7 13 10 18 8 -9 -10 21 -12 28 -14 22 -16 -17 27 -19 26 -21 -22 -23 -24 -25 -26 -27 -28 -29 29 -31
leaf_value=-0.056500748142896677 -0.055924848549326667 -0.058224593148600075 0.018212437735794011 0.066339145194164992 -0.0089442383171183717 -0.079134521520501877 0.0029588298439751351 0.078799793325983011 0.079903483305671208 0.024103713941871722 0.062680535037643703 0.032683733994537348 0.006547877228903866 0.010104896867968369 0.051845079649449628 0.048690881297130222 0.019073820380442398 0.036573732168817139 -0.064119563949938285 0.073366418214422038 0.03274480828155539 -0.01721457298982209 0.065070874899574069 -0.040313380549384638 -0.03851066525227697 -0.0072230889957136555 0.046793620222708388 -0.030113088649186555 0.068619231117804283 0.03855431430936742
leaf_weight=827.73429848253727 794.7646833602339 805.32878516428173 165.5298691932112 30.269953951239586 932.23519213497639 15349.726309690624 1794.0645892564207 11656.815488483757 478.91006113961339 401.61440293118358 1340.483929714188 287.82118419185281 359.64482231624424 433.82915893569589 617.91842282190919 435.96656469628215 265.92932770401239 529.63462167978287 26.018496405333281 142.26376082748175 777.0857579447329 595.07676048576832 176.5168536324054 404.80648855492473 215.66129138320684 138.20585395954549 50.889461709186435 155.46716376766562 2575.1014378592372 366.81957989186049
leaf_count=18005 16272 23093 2729 484 9874 545745 18354 405678 14077 2932 33052 5988 4573 5521 12368 13226 4097 9421 757 2039 11375 5708 3372 6384 3408 1886 800 3097 80162 10607
internal_value=-0.000102317 -0.0511072 0.0586036 -0.0688369 0.016651 -0.0731454 0.00885707 0.0723559 0.025297 -0.0260078 0.0373581 0.0536808 -0.0363798 0.00211808 0.0208491 0.0195571 -0.0350674 0.00750628 -0.0786995 0.015471 0.0120693 -0.000368525 0.0266611 -0.0318602 -0.0135478 -0.0510002 0.00569393 0.000411578 0.0622214 0.0649966
internal_weight=43132.1 23081.7 20050.4 18296.5 4785.2 17251.1 4346.73 15703.7 3192.32 1824.43 3420.27 4046.9 1154.41 1045.42 2079.79 817.158 1364.93 1461.87 15426.6 2713.41 2571.15 996.691 610.346 435.076 381.191 943.535 76.908 421.396 3229.74 2941.92
internal_count=1275084 686596 588488 589708 96888 573947 66690 521798 45845 26645 64715 116120 20845 15761 31663 19363 32173 19295 547302 31768 29729 8640 8893 6868 6137 24979 1557 7194 96757 90769
is_linear=0
shrinkage=0.08


Tree=37
num_leaves=31
num_cat=0
split_feature=6 6 6 3 2 2 2 6 6 1 9 0 4 3 0 6 0 9 0 1 4 1 4 2 4 1 1 1 3 1
split_gain=22659.6 2680.36 918.703 590.932 490.472 376.774 299.359 238.476 215.83 188.607 182.584 124.215 121.728 144.278 105.01 102.14 99.3753 94.0984 74.6931 76.7353 70.8842 68.5315 68.3007 66.5027 57.425 50.847 50.3199 46.3782 41.6862 78.3485
threshold=0.52397373318672191 1.0000000180025095e-35 0.71711125969886791 0.78319624066352855 0.72646823525428783 0.70064935088157665 0.90353596210479747 0.40633355081081396 0.94715359807014476 0.62020397186279308 1.0000000180025095e-35 0.86706829071044933 5.5000000000000009 0.93710443377494823 0.58885449171066295 0.4419247061014176 0.66978195309638988 1.0000000180025095e-35 0.65485891699790966 0.70438539981842052 2.5000000000000004 0.62575301527977001 5.5000000000000009 0.8521554470062257 2.5000000000000004 0.27334994077682501 0.94665718078613292 0.28759399056434637 0.92820322513580333 0.85857143998146068
decision_type=2 2 2 2 2 2 2 2 2 2 2 2 2 2 2 2 2 2 2 2 2 2 2 2 2 2 2 2 2 2
left_child=1 3 4 9 10 15 8 -7 12 -1 24 -5 26 -14 22 -3 -17 -9 25 -20 -16 -18 -11 28 -2 -12 -4 -26 29 -6
right_child=2 5 6 11 23 7 -8 17 -10 14 18 -13 13 -15 20 16 21 -19 19 -21 -22 -23 -24 -25 27 -27 -28 -29 -30 -31
leaf_value=-0.063720928375311722 0.050135318464678162 -0.080353248437329189 0.051968128857073234 0.017127691171980625 0.039275559450865319 -0.06157434806109436 0.079081528712489968 0.023877161866479094 0.071845066326308285 0.086096811729897985 0.045749159836044495 0.059540550586121926 0.016804326923176575 0.053797802197965205 0.005897365818162143 -0.065022183078188994 0.083613760192896111 -0.037839297298273483 0.040130671129116002 -0.046435496174576985 -0.047184732031426861 -0.029281302169575151 -0.0070759719907308805 0.069324851916592739 0.079118646243469162 -0.057788457052842343 0.073992257592581712 -0.0027473926449583103 0.063604876417409986 -0.041180446950903615
leaf_weight=695.15026023983955 219.1830478515476 13344.839487954974 3073.269612794742 1158.4844960272312 250.47440976649523 1040.252129836008 6692.964265557006 402.97682868689299 4158.2648499011993 104.63306901231408 26.763320963829756 731.67624089121819 1391.8394482564181 1348.5357524976134 288.74776981398463 1445.7614175230265 41.129278128966689 253.15843273326755 134.63442813046277 118.46809577941895 343.20775994285941 130.40982418134809 86.399705685675144 790.86153296940029 42.554109985008836 559.77879278734326 961.49204144440591 612.05031041055918 171.17281249165535 105.00882808677852
leaf_count=18062 2897 514237 85759 11225 2935 25644 245093 5431 140115 712 312 17241 31306 38664 1754 46013 583 3973 1554 1326 2666 2854 1160 20602 452 7535 31026 7590 3709 1300
internal_value=-0.00016046 -0.060703 0.0586442 0.00388781 0.0178509 -0.073925 0.0656427 -0.0378444 0.057369 -0.0331681 -0.0102929 0.0337438 0.0484142 0.0351319 -0.00693903 -0.077991 -0.0582134 0 -0.0368844 0 -0.0228238 0 0.0440351 0.0544735 0.015142 -0.0524469 0.0573412 0.00289133 0.0314285 0.0148237
internal_weight=40724.1 20066.8 20657.3 3408.3 3030.95 16658.5 17626.4 1696.39 10933.4 1518.14 1713.43 1890.16 6775.14 2740.38 822.988 14962.1 1617.3 656.135 839.645 253.103 631.956 171.539 191.033 1317.52 873.787 586.542 4034.76 654.604 526.656 355.483
internal_count=1273730 651555 622175 52820 50212 598735 571963 35048 326870 24354 21666 28466 186755 69970 6292 563687 49450 9404 10727 2880 4420 3437 1872 28546 10939 7847 116785 8042 7944 4235
is_linear=0
shrinkage=0.08


Tree=38
num_leaves=31
num_cat=0
split_feature=6 5 6 3 3 2 2 6 6 1 2 5 0 0 3 1 6 3 4 0 5 0 0 5 2 1 0 0 0 3
split_gain=20496.5 2592.11 872.735 536.306 436.575 407.768 297.278 238.278 201.048 178.095 157.2 113.934 111.242 108.444 107.533 419.699 103.504 105.922 81.7165 101.266 77.9088 76.3659 61.8059 54.5654 42.4881 41.0079 39.6429 36.803 35.0584 34.9886
threshold=0.52397373318672191 1.0000000180025095e-35 0.71711125969886791 0.81530213356018078 0.83935481309890758 0.70396453142166149 0.90353596210479747 0.4226078093051911 0.94715359807014476 0.61257407069206249 0.69416099786758434 0.47281683981418615 0.77836257219314586 0.25198413431644445 0.93710443377494823 0.99565216898918163 0.4419247061014176 0.8263767957687379 4.5000000000000009 0.65485891699790966 0.35566239058971411 0.84877073764801036 0.4901809841394425 0.32600644230842596 0.93063354492187511 0.82793453335762035 0.69614070653915416 0.64899963140487682 0.49731183052062994 0.91458967328071605
decision_type=2 2 2 2 2 2 2 2 2 2 2 2 2 2 2 2 2 2 2 2 2 2 2 2 2 2 2 2 2 2
left_child=1 3 4 9 10 16 8 24 14 26 11 -2 -12 -13 15 -4 -3 23 19 -11 -9 28 -6 -18 -7 -14 -1 -19 -5 -30
right_child=2 5 6 21 22 7 -8 20 -10 18 12 13 25 -15 -16 -17 17 27 -20 -21 -22 -23 -24 -25 -26 -27 -28 -29 29 -31
leaf_value=-0.06213531262988576 0.012105761157079651 -0.079934837516851709 0.044640881956045229 -0.035540262708850703 -0.05938274820196001 -0.06329535716466847 0.078515501582291564 0.071803677020593162 0.070657693227978269 0.049895158596640697 0.056252834253006256 0.092626212821026302 0.021458391802730341 -0.043660070602852125 0.060495371738216244 -0.079662458715576243 0.008396378227186186 -0.021424589714553795 -0.035289350141262006 -0.013037183058864024 -0.0057282593822562322 0.056280727038222553 0.058329322281909048 -0.066121885076118325 -0.016849206299443486 -0.059877665214936295 0.068271702109827623 0.068135469185738609 0.0097333998136562745 0.044483217404306122
leaf_weight=634.73493545874953 424.74329832568765 12419.444278916344 3790.1426971703768 58.939452834427357 24.098069040104747 906.95688106305897 6225.0270492713898 95.960341772064567 3900.2193205337971 255.60343036428094 341.29539301246405 33.766227897256613 62.677335977554321 858.12341465987265 2514.6350679509342 176.83945216797292 60.816836260259151 59.707295749336481 386.35031968727708 429.75489472970366 448.10551935620606 767.06862039119005 1139.4904117938131 1374.5197858028114 162.82614120841026 86.663455558940768 10.188049655407665 47.047915939241648 436.04290323331952 343.82555273547769
leaf_count=17713 5045 515924 102671 293 187 24683 245538 1164 140487 1778 4159 361 699 10989 80544 3503 1816 1310 3815 2480 5899 18738 27894 45798 2254 882 103 653 3104 4963
internal_value=6.7657e-05 -0.059351 0.0574317 0.00474861 0.0173874 -0.073032 0.0645783 -0.0346274 0.0561723 -0.0262477 -0.0071552 -0.0216179 0.0311594 -0.0378344 0.0473836 0.0389661 -0.0774458 -0.0571032 -0.00601428 0.010393 0.00818448 0.0379606 0.0555109 -0.0628352 -0.0564862 -0.0251155 -0.0593197 0.0178961 0.0207835 0.0254434
internal_weight=38475.6 18897.9 19577.7 3322.51 2970.86 15575.4 16606.9 1613.85 10381.8 1716.63 1807.27 1316.63 490.636 891.89 6481.62 3966.98 13961.5 1542.09 1071.71 685.358 544.066 1605.88 1163.59 1435.34 1069.78 149.341 644.923 106.755 838.808 779.868
internal_count=1275447 652488 622959 52987 50216 599501 572743 34000 327205 25889 22135 16395 5740 11350 186718 106174 565501 49577 8073 4258 7063 27098 28081 47614 26937 1581 17816 1963 8360 8067
is_linear=0
shrinkage=0.08


Tree=39
num_leaves=31
num_cat=0
split_feature=6 2 8 8 8 0 2 6 1 6 5 2 1 8 6 6 5 0 0 0 6 5 2 9 0 6 0 5 2 5
split_gain=18534.9 2483.52 1336.11 730.874 601.039 310.971 307.727 186.563 177.602 172.884 230.106 118.331 113.682 110.207 116.644 90.5051 81.4274 78.6557 93.9284 74.7724 70.8866 105.111 57.4509 57.1954 48.8434 35.0382 30.7042 27.176 24.4713 21.3991
threshold=0.61348485946655285 0.6911335587501527 1.0000000180025095e-35 1.0000000180025095e-35 1.0000000180025095e-35 0.54923510551452648 0.94932374358177196 0.4294890314340592 0.93957647681236278 0.43147574365139013 0.2623975276947022 0.88036698102951061 0.64326766133308422 0.75000000000000011 0.73721536993980419 0.97881317138671886 0.36074022948741918 0.3260560035705567 0.55488622188568126 0.25198413431644445 0.46683587133884435 0.3080128282308579 0.48313754796981817 1.0000000180025095e-35 0.81861472129821788 0.52397373318672191 0.64630925655365001 0.41394501924514776 0.89825496077537548 0.38505995273590093
decision_type=2 2 2 2 2 2 2 2 2 2 2 2 2 2 2 2 2 2 2 2 2 2 2 2 2 2 2 2 2 2
left_child=1 3 6 24 7 12 15 -3 20 10 -7 13 19 14 26 17 -11 -2 -19 -5 21 -6 -14 28 25 -1 -4 -22 -9 -25
right_child=2 4 11 5 8 9 -8 23 -10 16 -12 -13 22 -15 -16 -17 -18 18 -20 -21 27 -23 -24 29 -26 -27 -28 -29 -30 -31
leaf_value=-0.080975808640545502 0.079811209278283474 -0.070711059920207181 -0.034997428361428801 0.016176539057385468 0.012689870895298289 -0.0077356755090802979 0.07832765466324336 0 0.048874659712360415 0.099067272072279791 -0.067041852656181303 0.080665733349152904 -0.049130412228583165 0.06952613367729206 0.05492180255008261 0.07182915121858291 0.0077339144420552333 -0.038997472716116442 0.007950213214531595 -0.071086939076064545 0.081305039169899215 -0.040550644497731748 0.021449252287047013 0.021068419666765394 0.010178556008392212 -0.05550893893316932 0.020079137237439478 0.023886265092562732 0.048887517378462267 -0.048210300801354793
leaf_weight=10310.342583661899 83.378858827054501 674.14146826602519 118.62971813976765 60.106952188536525 881.82012163847685 1057.5167418420315 457.24548314884305 197.41606627777219 1150.3997558355331 70.004175558686256 697.70341723412275 6068.5687624402344 140.21148515492678 6208.1595366541296 976.62826689146459 132.81941801868379 413.29717067442834 298.50195069611073 2644.755497507751 1979.2502331696451 83.837015204131603 318.73829469643533 142.31926723569632 27.383077010512352 34.387890903279185 448.5485313385725 128.52888844162226 178.05082806758583 94.444778244942427 177.5319139007479
leaf_count=470538 691 25131 859 1632 8971 11735 16333 2231 25288 640 25273 263957 2523 244417 36309 2232 4809 2458 32139 69982 990 4988 2216 467 762 8720 2427 2183 721 2304
internal_value=0.000108406 -0.0539781 0.0605858 -0.0682811 0.00403186 -0.0412843 0.0173151 -0.0434343 0.0254067 -0.0198368 -0.0315244 0.0721552 -0.0618059 0.0651348 0.0425356 0.00832478 0.0221698 0.00537134 0.0030765 -0.0684034 0.00673356 -0.00142188 -0.0132661 -0.00576417 -0.0796486 -0.0799552 -0.00589144 0.0440458 0.016524 -0.037909
internal_weight=36254.7 19137.5 17117.2 15353.7 3783.76 4560.41 3616.7 1170.92 2612.85 2238.52 1755.22 13500.5 2321.89 7431.95 1223.79 3159.46 483.301 3026.64 2943.26 2039.36 1462.45 1200.56 282.531 496.776 10793.3 10758.9 247.159 261.888 291.861 204.915
internal_count=1273926 672104 601822 598830 73274 118810 53853 30854 42420 42457 37008 547969 76353 284012 39595 37520 5449 35288 34597 71614 17132 13959 4739 5723 480020 479258 3286 3173 2952 2771
is_linear=0
shrinkage=0.08


Tree=40
num_leaves=31
num_cat=0
split_feature=8 3 2 0 3 0 2 8 8 1 4 1 0 0 1 3 4 1 0 0 0 3 3 8 0 2 1 0 0 1
split_gain=13100.3 5061.56 791.417 525.433 433.086 260.85 226.404 201.518 195.184 150.355 147.252 331.646 277.398 137.989 127.219 115.528 113.607 101.068 86.5286 80.9907 69.0553 66.6552 57.1858 54.2779 54.2648 54.6034 43.9091 42.3064 37.6634 31.1344
threshold=0.75000000000000011 0.81016731262207042 0.65733855962753307 0.88989898562431347 0.8216732144355775 0.6106402873992921 0.91545844078063976 1.0000000180025095e-35 1.0000000180025095e-35 0.64051282405853283 7.5000000000000009 0.96449580788612377 0.74682730436325084 0.59611794352531444 0.30877573788166052 0.68457102775573742 5.5000000000000009 0.98213717341423046 0.2290398105978966 0.25198413431644445 0.54923510551452648 0.91922956705093395 0.61938297748565685 1.0000000180025095e-35 0.95275297760963451 0.8019607961177827 0.60922586917877208 0.53694942593574535 0.6106402873992921 0.81530213356018078
decision_type=2 2 2 2 2 2 2 2 2 2 2 2 2 2 2 2 2 2 2 2 2 2 2 2 2 2 2 2 2 2
left_child=1 2 7 5 10 26 13 18 9 -7 22 14 -13 -4 -12 19 -17 -15 -1 -9 -16 -10 -2 24 25 -5 27 -3 -20 -28
right_child=4 3 6 23 -6 8 -8 15 21 -11 11 12 -14 17 20 16 -18 -19 28 -21 -22 -23 -24 -25 -26 -27 29 -29 -30 -31
leaf_value=-0.01261308300184592 0.025385673265382429 -0.037921850283764734 0.040636405342044553 0.070741104753523493 0.076516214131384125 0.068920829153924099 0.073920746603426721 0.02035534943049238 0.017090082393684668 -0.010401506771556194 0.076057320850126134 0.014900823811752107 -0.48705527260431475 -0.027874363033970236 -0.023969131723771173 0.0045917482366991851 -0.053544334480615151 -0.12267179507061216 -0.078510312930150469 -0.063918795351905464 0.027409601963119878 0.049351241476904638 0.058090839703151015 0.061486005384075178 0.056229933226048162 0.0066865011196184342 -0.076743572992333448 0.049790590694178141 -0.062733985044322094 -0.034430508255711006
leaf_weight=146.56312320195138 442.47334448434412 79.38714263215661 178.4010525289923 101.70837780274451 8576.0818089190871 160.87880405783653 151.66990370117128 70.360219731926918 901.27194323576987 1923.472147565335 216.05863126367331 11.478442303836347 10.227437118068336 1897.6181398816407 281.23449660465121 401.30684385821223 445.64971038512886 71.627402652055025 8425.3318039048463 2192.3776772581041 394.6038482170552 794.6871868763119 2159.3587302993983 1352.6987703368068 478.43213682435453 467.73453328758478 213.68738743662834 55.2708426322788 1371.9474494103342 305.3573842458427
leaf_count=5037 12298 2589 3386 1595 382868 2381 3776 2346 17353 34953 7646 400 185 42294 6858 7800 13167 1008 394084 83554 10330 22321 71320 48481 15557 10541 6754 1143 55106 7368
internal_value=-0.000184878 -0.0366969 -0.0621874 0.0205439 0.0667874 0.00416748 -0.0187649 -0.0698137 0.012281 -0.00405222 0.0429331 0.0149512 -0.262529 -0.0255414 0.0233085 -0.0516981 -0.0259451 -0.0317054 -0.075434 -0.0611886 0.00577551 0.0324016 0.0526497 0.0506542 0.0362939 0.018922 -0.0422464 -0.000280655 -0.0763505 -0.0527219
internal_weight=34279 22187.4 15352.9 6834.59 12091.5 4434.01 2299.32 13053.5 3780.31 2084.35 3515.43 913.603 21.7059 2147.65 891.897 3109.69 846.957 1969.25 9943.84 2262.74 675.838 1695.96 2601.83 2400.57 1047.88 569.443 653.703 134.658 9797.28 519.045
internal_count=1274499 782594 611558 171036 491905 94862 50464 561094 77008 37334 109037 25419 585 46688 24834 106867 20967 43302 454227 85900 17188 39674 83618 76174 27693 12136 17854 3732 449190 14122
is_linear=0
shrinkage=0.08


Tree=41
num_leaves=31
num_cat=0
split_feature=6 5 8 8 3 2 3 6 6 1 6 3 2 2 6 5 9 1 9 5 2 9 3 5 6 5 5 6 3 6
split_gain=15468.5 2211.13 1745.57 755.369 365.32 344.229 296.524 164.72 137.745 130.15 127.415 109.756 109.08 107.001 82.7787 74.8912 103.154 70.1152 69.6753 69.3942 54.057 45.5596 38.452 37.5523 37.0744 54.1849 33.2036 31.9088 31.6366 31.4795
threshold=0.52397373318672191 1.0000000180025095e-35 1.0000000180025095e-35 0.75000000000000011 0.7577352523803712 0.94932374358177196 0.84273937344551098 0.72797745466232311 0.63202878832817089 0.66300368309021007 0.46683587133884435 0.67028987407684337 0.84262126684188854 0.60495716333389293 0.97881317138671886 0.47281683981418615 1.0000000180025095e-35 0.37573529779911047 1.0000000180025095e-35 0.41039136052131658 0.84877073764801036 1.0000000180025095e-35 0.89699381589889537 0.36323411762714392 0.40546767413616186 0.34802019596099859 0.3080128282308579 0.97309362888336193 0.61451050639152538 0.36645218729972845
decision_type=2 2 2 2 2 2 2 2 2 2 2 2 2 2 2 2 2 2 2 2 2 2 2 2 2 2 2 2 2 2
left_child=1 4 5 10 9 8 7 15 19 28 20 24 22 -12 17 -4 -17 -10 29 -2 -3 -21 -6 -15 -5 -26 -20 -9 -1 -13
right_child=2 3 6 11 12 -7 -8 27 14 -11 13 18 -14 23 -16 16 -18 -19 26 21 -22 -23 -24 -25 25 -27 -28 -29 -30 -31
leaf_value=-0.070551329892708389 0.026934056035523391 -0.080052229046643192 0.048418304537754156 -0.059646272925641251 0.00087503214357591806 0.074946530551456877 0.076762687591704112 0.053203589698373951 0.066070861150143087 -0.00075277293736066746 -0.066763186797457283 0 0.052632537824478791 0.069303923296330686 0.070231891395195409 0.034246657040884698 -0.035367606924977146 0.0029105436190984104 0.067102124423790224 -0.015203986839929009 -0.044039546019357417 -0.06048651987017048 0.030158809651131203 -0.01588359867921171 0.079483464713065582 -0.027246746961909429 -0.033539654078238293 0.073330437062821011 -0.032100167438703336 0.052533402320941724
leaf_weight=366.59633850492537 107.49036278016865 10761.50945809111 328.10225457511842 195.44013236090541 777.70914219692349 445.77326221950352 8636.3595031425357 2239.0294024962932 112.68192394450307 523.32686846330762 494.35414130426943 101.96867453306913 651.28493780456483 32.862628495320678 127.94994349777699 272.71297696605325 262.39627397060394 2812.7286216076463 18.434439871460199 268.89004163816571 314.55870973318815 339.59512675739825 461.36696333438158 247.8614485822618 30.273673620074987 203.79182734712958 160.97264318168163 800.59841959550977 272.18984227627516 276.83039112389088
leaf_count=12355 1426 554827 3932 4810 4910 16751 422764 90047 966 3594 21985 884 18438 441 2290 4091 3249 33402 147 3668 5481 5935 6752 4349 247 1792 1316 34463 6883 2733
internal_value=-0.00015218 -0.0566917 0.0534665 -0.0712379 0.00445457 0.00887179 0.0684349 0.0498913 0.000926265 -0.0307015 -0.0768384 -0.00383038 0.0261754 -0.0445222 0.00838155 0.0186381 0 0.00550656 0.0193149 -0.0304834 -0.0790642 -0.0410239 0.0119848 -0.00431298 -0.0341554 -0.0113995 -0.0207918 0.058669 -0.0547922 0.0387506
internal_weight=32645.6 15891.3 16754.3 12838.9 3052.47 4215.11 12539.2 3902.84 3769.34 1162.11 11851.1 987.712 1890.36 775.078 3053.36 863.212 535.109 2925.41 558.206 715.976 11076.1 608.485 1239.08 280.724 429.506 234.066 179.407 3039.63 638.786 378.799
internal_count=1274928 651944 622984 599012 52932 64438 558546 135782 47687 22832 587083 11929 30100 26775 36658 11272 7340 34368 5080 11029 560308 9603 11662 4790 6849 2039 1463 124510 19238 3617
is_linear=0
shrinkage=0.08


Tree=42
num_leaves=31
num_cat=0
split_feature=6 5 2 6 2 3 3 6 6 9 5 1 6 4 3 1 2 3 4 9 4 0 0 1 3 9 2 0 5 4
split_gain=13910.7 2137.37 725.18 638.965 388.096 336.753 200.233 192.628 183.432 133.453 180.892 126.323 114.634 107.951 94.5093 437.772 93.3411 93.2821 81.2193 75.6381 73.1407 49.457 46.9929 45.2501 46.304 44.6891 45.3032 43.0533 39.4527 38.6146
threshold=0.52397373318672191 1.0000000180025095e-35 0.88548010587692272 0.77125644683837902 0.70064935088157665 0.75582656264305126 0.91458967328071605 0.40633355081081396 0.97685134410858165 1.0000000180025095e-35 0.46195203065872198 0.55403152108192455 0.4419247061014176 5.5000000000000009 0.93710443377494823 0.99565216898918163 0.84262126684188854 0.8263767957687379 2.5000000000000004 1.0000000180025095e-35 6.5000000000000009 0.56562754511833202 0.48808848857879644 0.66300368309021007 0.91458967328071605 1.0000000180025095e-35 0.91715687513351452 0.54085850715637218 0.28996570408344274 8.5000000000000018
decision_type=2 2 2 2 2 2 2 2 2 2 2 2 2 2 2 2 2 2 2 2 2 2 2 2 2 2 2 2 2 2
left_child=1 5 3 6 12 11 9 25 14 20 -11 -1 -3 -4 15 -5 23 28 21 -9 -2 -13 -8 -7 -25 26 -6 -20 -14 -16
right_child=2 4 13 8 7 16 22 19 -10 10 -12 18 17 -15 29 -17 -18 -19 27 -21 -22 -23 -24 24 -26 -27 -28 -29 -30 -31
leaf_value=-0.065142311509107292 0.02886754319468814 -0.078812473434597102 0.076423415501988834 0.042965472730144533 -0.051091945036361927 0.062291175612076984 -0.059123867996989231 0.025174075213140183 0.076160521973331591 0.035713236066863017 -0.04458347553172632 0.097445579003402227 0.051259496490178517 0 0.066013555415940089 -0.085783009643216987 0.051309998023107387 0.020646193545405346 0.019972040565916151 -0.032567112440247251 -0.012299134102908891 0.0079347134013994392 0.052853172063827385 -0.0027924225961076066 0.031312969614187093 -0.078671748029561575 0.0071606174310363622 -0.042210441919677752 -0.060387913079995602 0.041605677857541851
leaf_weight=399.51267861947417 728.41150822304189 9295.6860737875104 5640.2989625837654 3554.6979023255408 413.93411991745234 105.27975718677044 19.742021298035979 375.989193206653 1539.6780310571194 226.4956887383014 780.27188516408205 43.738559037446976 15.490074016153811 118.93728741444647 1459.1205400470644 172.11507046222687 620.32682552188635 98.268772639334202 81.223638439550996 228.86260699480772 432.95477059297264 243.91229193843901 547.28727398999035 773.52133084088564 369.36024834960699 341.43180162087083 100.09238443523645 365.3299194201827 1129.1676014661789 697.08207168616354
leaf_count=14502 11431 515273 283599 121458 13247 1006 178 5434 73638 3184 11416 522 431 4406 61942 3815 18412 2002 1710 3936 5698 1855 15165 4815 5995 11128 1275 4374 46983 26707
internal_value=2.93362e-05 -0.0552309 0.0521206 0.0391963 -0.0703311 0.0050835 0.00606166 -0.0313457 0.0513721 -0.00496857 -0.0262735 -0.0291699 -0.0757006 0.0748343 0.0447983 0.0368697 0.0259747 -0.0520765 -0.009071 0.00297584 0.0133966 0.0235243 0.0481921 0.0131011 0.00817887 -0.055675 -0.0394809 -0.0304498 -0.0585215 0.0583112
internal_weight=30918.2 15001.1 15917.1 10157.9 11998.9 3002.21 2735.16 1460.31 7422.69 2168.13 1006.77 1133.72 10538.6 5759.24 5883.02 3726.81 1868.49 1242.93 734.204 604.852 1161.37 287.651 567.029 1248.16 1142.88 855.458 514.027 446.554 1144.66 2156.2
internal_count=1275537 652900 622637 334632 599709 53191 47072 35020 287560 31729 14600 22963 564689 288005 213922 125273 30228 49416 8461 9370 17129 2377 15343 11816 10810 25650 14522 6084 47414 88649
is_linear=0
shrinkage=0.08


Tree=43
num_leaves=31
num_cat=0
split_feature=6 5 2 6 2 3 6 6 0 6 1 1 2 3 1 0 3 1 0 5 1 0 4 4 1 9 5 4 1 1
split_gain=12543.7 1938.76 703.048 563.759 379.067 285.651 191.291 174.325 152.95 126.942 119.881 110.316 109.069 108.85 453.173 93.515 93.2727 117.398 89.0614 75.4068 68.6105 57.6286 69.7891 59.6526 47.3882 43.3131 39.0912 37.5015 33.8247 36.8455
threshold=0.52397373318672191 1.0000000180025095e-35 0.90353596210479747 0.75309395790100109 0.6911335587501527 0.7577352523803712 0.97685134410858165 0.39755295217037206 0.6106402873992921 0.44923661649227148 0.27334994077682501 0.54950982332229625 0.68020617961883556 0.93710443377494823 0.99565216898918163 0.84877073764801036 0.93127068877220165 0.62258651852607738 0.63686314225196849 0.33260554075241094 0.60736888647079479 0.50263157486915599 13.500000000000002 3.5000000000000004 0.21164613962173465 1.0000000180025095e-35 0.27964508533477789 8.5000000000000018 0.62258651852607738 0.94360822439193737
decision_type=2 2 2 2 2 2 2 2 2 2 2 2 2 2 2 2 2 2 2 2 2 2 2 2 2 2 2 2 2 2
left_child=1 5 3 8 9 11 13 26 10 -3 -2 -1 -12 14 -5 28 17 -10 24 -9 -20 22 -13 -23 -11 -21 -6 -15 -7 -30
right_child=2 4 -4 6 7 15 -8 19 16 18 12 21 -14 27 -16 -17 -18 -19 20 25 -22 23 -24 -25 -26 -27 -28 -29 29 -31
leaf_value=-0.063728783815401535 0.073622041663160526 -0.078311774958742877 0.075986825107519515 0.041423572009739208 -0.0050657261390775052 0.064361186656260741 0.075215347855990614 0.069121170121291847 0.062585936325371253 0.0798266922737043 -0.035366146375924883 0.1202363045168432 0.085338253796839098 0.063573270983848407 -0.076633541197001331 0.048393541316540577 0.05344437231735024 -0.0021752325232837454 0.081030980256403748 0.0050012435630906165 -0.025786065655981863 0.0042716802482953486 -0.050468693095538086 -0.042483685717986934 -0.06141820223098484 -0.037537650564507981 -0.063171696693371068 0.040127499842060703 -0.0021077871712993361 0.030243678606717683
leaf_weight=367.44375474564731 75.234651762992144 8688.0582547616214 4785.8818836752325 3688.5697633530945 90.390753600746393 64.594146784394979 1511.7959822621197 78.301163492724299 212.73180954903364 10.411568446084855 812.34793045558035 39.013503607362509 45.503020826727152 1680.6259373035282 215.10881568863988 621.2807505838573 416.34446916170418 986.71147506684065 46.519586637616158 374.02079680003226 146.71930583380163 377.52099156193435 18.467667641118169 310.2703142631799 813.35611056722701 247.30639524012804 714.08498694188893 703.65340222418308 831.45921878889203 300.04330723546445
leaf_count=14192 958 518550 261843 131063 2577 578 77959 1207 3101 335 12091 711 581 76306 4426 18661 12400 14336 887 5945 4081 3215 428 4417 36267 4867 23989 27759 5708 5030
internal_value=-9.67632e-06 -0.0541847 0.0505934 0.0388033 -0.0693252 0.00370076 0.0494746 -0.0316258 0.00605303 -0.0751322 -0.019582 -0.0280819 -0.0283208 0.0432055 0.0347875 0.0232716 0.0209702 0.00939002 -0.0475626 -0.00212529 0.000516743 -0.00998597 0.0631813 -0.0167436 -0.0589691 -0.0118395 -0.0569122 0.0568193 0.00994234 0.00642546
internal_weight=29273.8 14139.3 15134.5 10348.6 11209.2 2930.09 7799.75 1504.1 2548.87 9705.06 933.086 1112.72 857.851 6287.96 3903.68 1817.38 1615.79 1199.44 1017.01 699.628 193.239 745.272 57.4812 687.791 823.768 621.327 804.476 2384.28 1196.1 1131.5
internal_count=1274468 651645 622823 360980 598705 52940 317513 38585 43467 560120 13630 22963 12672 239554 135489 29977 29837 17437 41570 12019 4968 8771 1139 7632 36602 10812 26566 104065 11316 10738
is_linear=0
shrinkage=0.08


Tree=44
num_leaves=31
num_cat=0
split_feature=6 8 8 3 6 3 3 0 4 6 0 8 1 4 1 1 5 6 3 0 0 5 0 4 1 0 6 8 4 4
split_gain=11256.3 1999.58 1275.19 730.045 255.71 218.191 216.601 206.629 180.916 149.445 134.842 118.15 99.4876 92.2761 106.883 87.0101 85.5399 84.518 84.511 69.5084 66.4232 64.7426 63.0808 239.071 52.5806 51.5081 42.0154 40.2091 36.7314 33.982
threshold=0.61348485946655285 1.0000000180025095e-35 1.0000000180025095e-35 0.67028987407684337 0.4723315834999085 0.89039039611816417 0.84660634398460399 0.94791102409362804 5.5000000000000009 0.49280537664890295 0.6106402873992921 0.75000000000000011 0.65545505285263073 4.5000000000000009 0.37573529779911047 0.94791102409362804 0.44835317134857183 0.82200187444686901 0.96580946445465099 0.53144779801368724 0.48528139293193823 0.41394501924514776 0.77629500627517711 7.5000000000000009 0.94665718078613292 0.84877073764801036 0.4392793476581574 0.75000000000000011 14.500000000000002 3.5000000000000004
decision_type=2 2 2 2 2 2 2 2 2 2 2 2 2 2 2 2 2 2 2 2 2 2 2 2 2 2 2 2 2 2
left_child=1 4 7 9 25 8 11 13 15 12 -6 17 27 24 -15 -5 -11 29 -16 -14 -7 -12 -13 -24 -2 -1 -22 -3 -10 -4
right_child=2 3 6 5 10 20 -8 -9 28 16 21 22 19 14 18 -17 -18 -19 -20 -21 26 -23 23 -25 -26 -27 -28 -29 -30 -31
leaf_value=-0.079858978654275367 0.0097054276251944457 -0.072034137981311142 0.017368907796193 0.0039670623834082474 -0.06476308207552027 -0.04458788820317694 0.075799365079567874 0.073173732560866234 -0.025720298014595057 0.059776029884197855 0.04168198656411836 0.064073769019180424 0.079035010456358745 0.067044913753894181 -0.02940170791243784 0.076080075384470036 -0.029381858789042332 0.043496858137316956 0.011714266232782461 -0.030384010954871022 0.028773271400579892 -0.023207701632100591 0.048887556103917415 -0.14713732789757403 0.046443740258237602 -0.033841256721458088 0.065477231212847306 -0.035303040703015869 -0.064755129474303424 -0.037795754007486519
leaf_weight=7240.3277816735208 1126.9103837758303 1342.778911344707 118.30688701756299 1458.1960768429562 546.83788625709713 62.763412749394774 6838.5576692959294 297.52138539962471 693.15121005941182 104.20400152727962 121.59665731340647 2006.3900938285515 37.848145361989737 101.76293583959341 957.06322149187326 111.30651062354445 180.51420778036118 384.73139461129904 469.31953278370202 258.25703384075314 1104.5666990429163 425.9683802369982 381.58743731025606 39.226934688165784 323.84673840180039 181.90744030475616 258.49945148266852 261.66914878226817 212.31131348200142 158.64941860176623
leaf_count=475686 15193 74104 2460 18484 22192 839 413648 14446 13997 952 1634 95414 638 956 7421 1802 1839 16412 6600 5364 25199 6305 18059 943 9407 5089 6660 5881 5755 2020
internal_value=-9.6584e-06 -0.0484078 0.0535018 -0.0133398 -0.0734264 0.00736909 0.0677814 0.010149 -0.00694182 -0.0503114 -0.0368052 0.0498847 -0.0583939 0.00368861 -0.00994823 0.00940818 0.00316525 0.0193622 -0.015768 -0.0147865 0.0322594 -0.00826144 0.0580828 0.0287259 0.0181476 -0.0787762 0.0360648 -0.0662714 -0.0353542 -0.0137736
internal_weight=27806.6 14602.7 13203.9 6086.07 8516.64 3900.79 9927.45 3276.42 2474.97 2185.27 1094.4 3088.89 1900.55 2978.9 1528.15 1569.5 284.718 661.688 1426.38 296.105 1425.83 547.565 2427.2 420.814 1450.76 7422.24 1363.07 1604.45 905.463 276.956
internal_count=1275399 672420 602979 161514 510906 72736 548956 54023 40038 88778 30131 135308 85987 39577 14977 20286 2791 20892 14021 6002 32698 7939 114416 19002 24600 480775 31859 79985 19752 4480
is_linear=0
shrinkage=0.08


Tree=45
num_leaves=31
num_cat=0
split_feature=6 5 8 8 3 2 3 8 6 0 2 5 6 5 6 4 0 6 4 0 3 6 4 3 3 4 0 2 2 4
split_gain=10133.4 1787.05 1535.75 809.632 341.726 264.473 212.15 155.705 139.586 165.744 124.859 104.315 85.38 81.3521 74.7679 73.6702 81.1809 70.3482 58.8599 241.503 53.6832 48.0397 45.6589 54.2464 43.7097 42.0887 38.4552 36.4319 32.9482 30.3706
threshold=0.52397373318672191 1.0000000180025095e-35 1.0000000180025095e-35 0.75000000000000011 0.84273937344551098 0.94932374358177196 0.63224515318870556 0.75000000000000011 0.4419247061014176 0.64630925655365001 0.84262126684188854 0.3080128282308579 0.97881317138671886 0.3531774133443833 0.38477630913257604 8.5000000000000018 0.28718703985214239 0.846389800310135 7.5000000000000009 0.78142958879470836 0.6291005313396455 0.34384952485561376 2.5000000000000004 0.91458967328071605 0.76138716936111461 5.5000000000000009 0.78142958879470836 0.84877073764801036 0.87206766009330761 5.5000000000000009
decision_type=2 2 2 2 2 2 2 2 2 2 2 2 2 2 2 2 2 2 2 2 2 2 2 2 2 2 2 2 2 2
left_child=1 6 5 8 7 12 -1 17 27 -10 22 21 15 -11 28 20 -17 25 -9 -20 -2 -5 -8 -24 -16 -4 -19 -3 -13 -6
right_child=2 3 4 11 29 -7 10 18 9 13 -12 14 -14 -15 24 16 -18 26 19 -21 -22 -23 23 -25 -26 -27 -28 -29 -30 -31
leaf_value=-0.048426631064736159 -0.029637780250359694 -0.079699300824456185 0.012386215568616724 0.014936651363385497 0.078191337183355289 0.07138322486992571 0.02118998303879412 0.059670043629020605 -0.070403985821555437 0.088204436521823179 0.046070657726222396 -0.056918198690592857 0.068370728907662506 -0.019481011084453298 -0.0076378092929989608 0.064070021359139848 -0.029419830550597416 0.05096202896686066 0.044534518385352051 -0.14532359672684392 0.0073540736095701253 0.11560957903673723 -0.01545979428647372 0.022627484493182665 0.038504423866725063 -0.035364810823643109 -0.023136488937454763 -0.0450117511288326 0.035459895716810005 0.06390511649512931
leaf_weight=406.99743297323585 277.50056369043887 7605.9874679204077 270.80399390868843 63.320851977914572 5000.827573351562 341.3845206014812 610.136095918715 1931.4597900807858 722.56183064728975 46.178388264030218 573.94869294390082 193.70767597481608 102.2026255428791 351.47332214098424 354.59085712581873 58.104077193886042 879.63487737253308 286.85694941878319 534.28262249752879 41.416167926043272 2197.2828626558185 65.7668287884444 911.00214254669845 316.94252977333963 199.17432925850153 198.73437005840242 46.739387588575482 243.23518591932952 22.58427494764328 1584.8756134305149
leaf_count=14622 4305 530264 4510 1044 327867 16786 5044 91029 43469 738 18723 4243 2233 7639 3737 606 10178 12925 21934 814 30585 697 9983 4857 2115 2450 1977 5170 116 94762
internal_value=0 -0.051557 0.0475578 -0.0675978 0.0642401 0.00467635 0.00456057 0.0430453 -0.0748501 -0.047683 0.0136493 0.00458443 -0.00184962 -0.00563837 -0.00652445 -0.00409644 -0.0231482 0.0120372 0.0528709 0.0294668 0.00309021 0.0698186 0.00334129 -0.00544749 0.008868 -0.00764714 0.0399194 -0.0786741 -0.0459662 0.0748287
internal_weight=26439.7 12687.6 13752.1 9868.58 9896 3856.11 2819.03 3310.29 8969.44 1120.21 2412.03 899.145 3514.73 397.652 770.057 3412.52 937.739 803.135 2507.16 575.699 2474.78 129.088 1838.08 1227.94 553.765 469.538 333.596 7849.22 216.292 6585.7
internal_count=1275422 652461 622961 599232 558268 64693 53229 135639 587280 51846 38607 11952 47907 8377 10211 45674 10784 21862 113777 22748 34890 1741 19884 14840 5852 6960 14902 535434 4359 422629
is_linear=0
shrinkage=0.08


Tree=46
num_leaves=31
num_cat=0
split_feature=8 3 5 5 3 2 2 8 5 5 5 1 1 0 5 2 1 0 5 0 2 0 5 0 1 2 5 0 2 0
split_gain=7628.42 2864.13 707.582 549.907 377.529 318.598 192.635 169.986 171.751 157.078 156.24 139.164 123.975 117.623 64.4951 63.7521 84.0992 62.946 61.2296 56.3314 55.0856 53.8297 49.7602 49.4483 152.189 158.102 43.092 41.4491 39.7008 36.2456
threshold=0.75000000000000011 0.81016731262207042 0.55582657456398021 1.0000000180025095e-35 0.84660634398460399 0.93127068877220165 0.64051282405853283 1.0000000180025095e-35 0.44835317134857183 0.45843496918678289 0.53583100438117992 0.66300368309021007 0.52479505538940441 0.33520600199699407 0.24786074459552768 0.92031747102737438 0.99565216898918163 0.51191151142120372 0.49358868598937994 0.72812235355377208 0.89825496077537548 0.28718703985214239 0.21800179779529574 0.78456193208694469 0.99565216898918163 0.91545844078063976 0.29280610382556921 0.78142958879470836 0.56980520486831676 0.88036698102951061
decision_type=2 2 2 2 2 2 2 2 2 2 2 2 2 2 2 2 2 2 2 2 2 2 2 2 2 2 2 2 2 2
left_child=1 2 3 12 10 7 -5 8 27 14 17 -10 -1 -4 -9 16 -15 21 22 -14 -8 -2 -7 -12 -25 -26 -19 -3 -23 -24
right_child=4 5 13 6 -6 18 20 9 11 -11 23 -13 19 15 -16 -17 -18 26 -20 -21 -22 28 29 24 25 -27 -28 -29 -30 -31
leaf_value=-0.063985659849945475 0.063410727633833722 -0.0594635191919161 0.080851675219738767 -0.075761926126397983 0.074264566747485494 0.053020301728256565 -0.042477926478926571 0.015671358504006017 0.069921995263931211 0.056094845074992537 0.058338971074797463 -0.0034543645988298712 0.0050251478230771626 -0.0073305447859398354 -0.028831207521965413 0.070564879645046028 -0.11666197795125662 0.092172625675915609 0.068632744895129549 -0.036566125008843806 0.0501401282004003 -0.042482310093735418 0.088504079344445097 0.043865047969338294 -0.24040221808864257 0.055158360601275713 0.020488244782238391 -0.016819047568316314 0.079474698808693595 -0.0083728836072377751
leaf_weight=279.94356298446655 38.040879637002945 407.37364939041436 99.307520830072463 7144.4277020152658 5398.1377063225955 275.08873615507036 1046.1140274163336 1082.7566116582602 178.37128563597798 612.83136704191566 1649.3810973865911 1663.2730314740911 868.25140871666372 1126.8959263404831 251.25103172380477 57.872943723574281 42.299633869901299 54.939649909734726 647.36213749274611 267.33144145086408 37.155105192214251 216.95329028740525 22.834160416387022 276.96377405989915 21.610878112725914 16.513508133590221 822.14093876909465 252.88019028957933 13.104832630604504 209.4561406923458
leaf_count=12749 937 23637 1985 514567 365328 10720 44454 16818 2453 33799 87441 25090 11567 20615 6580 2585 398 861 38980 1523 715 4824 576 13861 381 906 17156 7244 317 5283
internal_value=-0.000120586 -0.0317365 -0.0555007 -0.0630325 0.0614305 0.0147647 -0.0709597 0.00498371 -0.00875968 0.0227046 0.0390166 0.00373589 -0.0167559 -0.000589933 0.00709376 -0.00761229 -0.0119022 0.0152415 0.0521251 -0.00474309 -0.0389384 -0.0180922 0.0302866 0.0527211 0.0223616 -0.117119 0.0256569 -0.0436202 -0.0333118 0.00214008
internal_weight=25080.9 16573.1 10969.6 9643.22 8507.79 5603.48 8227.7 4448.74 2501.9 1946.84 3109.65 1841.64 1415.53 1326.38 1334.01 1227.07 1169.2 1145.18 1154.74 1135.58 1083.27 268.099 507.379 1964.47 315.088 38.1244 877.081 660.254 230.058 232.29
internal_count=1274350 782338 611158 585575 492012 171180 559736 115621 58424 57197 126684 27543 25839 25583 23398 23598 21013 24095 55559 13090 45169 6078 16579 102589 15148 1287 18017 30881 5141 5859
is_linear=0
shrinkage=0.08


Tree=47
num_leaves=31
num_cat=0
split_feature=6 8 8 3 6 3 2 1 6 2 1 8 2 6 5 9 1 1 6 2 5 5 6 2 6 2 5 6 6 2
split_gain=8346.51 1697.39 1124.32 535.095 254.069 216.007 206.29 182.545 103.22 85.8802 84.6597 81.4602 75.6428 74.0156 197.499 82.7683 71.9261 66.5734 66.5502 64.0899 52.7208 51.7389 46.6158 46.5039 38.5667 30.5124 26.6391 24.814 24.3835 28.2337
threshold=0.61348485946655285 1.0000000180025095e-35 1.0000000180025095e-35 0.65419578552246105 0.47895757853984838 0.85028737783432018 0.94932374358177196 0.91715687513351452 0.44923661649227148 0.64899963140487682 0.65545505285263073 0.75000000000000011 0.84877073764801036 0.43415953218936926 0.27605257928371435 1.0000000180025095e-35 0.28759399056434637 0.44920890033245092 0.97881317138671886 0.45199692249298101 0.41394501924514776 0.39258070290088659 0.76552855968475353 0.39455153048038488 0.4723315834999085 0.65733855962753307 0.30564402043819433 0.42022895812988287 0.98532998561859142 0.90353596210479747
decision_type=2 2 2 2 2 2 2 2 2 2 2 2 2 2 2 2 2 2 2 2 2 2 2 2 2 2 2 2 2 2
left_child=1 4 6 8 12 11 17 13 10 -6 -3 22 -1 14 -5 -15 -10 -2 19 -19 -11 -18 25 -9 -25 -4 -12 -14 29 -13
right_child=2 3 5 7 9 -7 -8 23 16 20 26 28 27 15 -16 -17 21 18 -20 -21 -22 -23 -24 24 -26 -27 -28 -29 -30 -31
leaf_value=-0.079171359330779484 0.047755032933939637 -0.068409119974529919 -0.030066287093863848 0.00050056393610072687 -0.052502250529640686 0.074159946570746357 0.074769742118973206 -0.063295087951209819 0.095833992909089491 0.048404479675567366 0.010053446905640336 0.044957144710401076 -0.044017568596080102 0.044848903389778101 -0.053489826216631883 -0.015051179887458839 0.039021043700632987 -0.074010084534528939 0.063470714442807524 -0.0011224434566264479 -0.019618628232685398 -0.039326112052599844 0.036527276330425192 0.026352128857871797 0.067795940747476427 0.029427875299178587 -0.052110998925027997 0.018058689703124291 0.074604129464312816 0.076369495113837393
leaf_weight=5869.1379218995571 187.29104530066252 1142.8306569987908 144.84825589321554 1593.7485406957567 542.96072289627045 5460.8948308108374 270.68090173695236 27.202243963256478 31.295467321760952 91.070507928729057 130.14450130891055 1532.9023052975535 111.5823241174221 321.54237015359104 587.73642557486892 260.65496279858053 62.31877776235342 74.859840616583824 93.736432932317257 2531.5983843635768 294.3354416070506 248.19985294062644 414.89294421114028 937.81949726492167 177.79498852603137 80.717422340996563 59.016300298273563 55.888917142525315 353.0779286744073 240.22945310734212
leaf_count=480408 1928 71318 1245 17316 22284 410045 16347 414 361 832 1500 78805 3992 4179 25651 3106 888 666 2184 32747 3199 3983 18704 23866 5960 1314 2855 667 22768 15787
internal_value=-0.000290173 -0.0452976 0.049285 -0.01237 -0.0716282 0.0648555 0.00863208 0.00381986 -0.0501497 -0.0321326 -0.0602093 0.0463318 -0.0776441 -0.00725921 -0.0140614 0.0178588 -0.0101846 0.00225831 -0.000920729 -0.00341481 -0.00272103 -0.0227261 0.0206902 0.0306668 0.0333728 -0.0079062 -0.00935969 -0.0224507 0.0539139 0.0495057
internal_weight=23931 12545.3 11385.7 5580.3 6964.98 8227.56 3158.17 3906.5 1673.81 928.367 1331.99 2766.67 6036.61 2763.68 2181.48 582.197 341.814 2887.49 2700.19 2606.46 385.406 310.519 640.459 1142.82 1115.61 225.566 189.161 167.471 2126.21 1773.13
internal_count=1275319 672779 602540 161397 511382 548668 53872 80492 80905 26315 75673 138623 485067 50252 42967 7285 5232 37525 35597 33413 4031 4871 21263 30240 29826 2559 4355 4659 117360 94592
is_linear=0
shrinkage=0.08


Tree=48
num_leaves=31
num_cat=0
split_feature=6 5 3 6 0 4 6 3 0 4 4 0 4 6 3 5 1 3 1 1 1 6 5 1 1 6 1 9 6 1
split_gain=7502.5 1529.93 591.299 325.43 310.299 210.15 180.41 175.505 152.893 319.788 149.022 171.339 130.079 126.158 108.506 88.3344 88.0493 79.2692 201.075 76.5292 69.4468 67.2524 52.8064 48.3896 45.9082 45.8477 43.5108 42.2196 41.1124 39.3618
threshold=0.51295477151870739 1.0000000180025095e-35 0.84660634398460399 0.82200187444686901 0.6569296419620515 4.5000000000000009 0.42022895812988287 0.89039039611816417 0.79502627253532421 7.5000000000000009 7.5000000000000009 0.33520600199699407 4.5000000000000009 0.94715359807014476 0.65419578552246105 0.35663852095603948 0.99565216898918163 0.93127068877220165 0.7320508360862733 0.94665718078613292 0.75716626644134533 0.44923661649227148 0.27605257928371435 0.92390406131744396 0.74849396944046032 0.97881317138671886 0.77849927544593822 1.0000000180025095e-35 0.93156540393829357 0.75905716419219982
decision_type=2 2 2 2 2 2 2 2 2 2 2 2 2 2 2 2 2 2 2 2 2 2 2 2 2 2 2 2 2 2
left_child=1 7 3 10 21 19 22 12 25 -10 14 -12 -1 17 20 -8 -11 18 -7 28 -2 -3 -6 -16 -13 -5 -23 -17 29 -4
right_child=2 4 5 8 6 13 15 -9 9 16 11 24 -14 -15 23 27 -18 -19 -20 -21 -22 26 -24 -25 -26 -27 -28 -29 -30 -31
leaf_value=0.0078931418900501475 -0.029164024301178159 -0.077703630930549689 0.073730132679173541 0.042459410175669253 -0.0013931048369020785 0.068790200900186699 0.063630141884474703 0.034226079410386391 0.024958472980768899 -0.029899395375002941 0.068053302439972499 -0.033966977764328686 -0.034816794531958475 0.064847716653810131 0.020799362894750123 0.0037292902348464185 -0.25195591749996771 0.035948654531802675 -0.043252282320362274 0.075252940210194824 0.065783539950555733 -0.05439039413574747 -0.060163701507157906 0.074899140180907986 -0.090155432275887903 0.072146381351263542 0.022983564755502423 -0.042497589909582675 0.070570968960455435 0.035323167806643498
leaf_weight=1072.1741543356329 426.75246497429907 5590.9952664636075 229.76162188127637 1743.4047722155228 113.88144043181092 153.89556624088436 105.17113658878952 820.14656094647944 310.42656227294356 21.057309973053634 92.542374107986689 512.09272141847759 782.41312997415662 795.13156475685537 979.38562805671245 294.33647092338651 32.912333297543228 1283.9378432547674 283.25933991745114 3027.3575295656919 50.066066125407815 574.07562493812293 1087.4660453591496 118.84673248883337 120.34207368828356 454.87906607147306 44.829870368354023 208.71666656807065 618.21889816783369 903.73952108435333
leaf_count=13273 7902 484768 10976 77494 4933 5464 1942 23100 13923 420 1802 9444 16717 55686 17863 5931 265 57517 7225 232648 1007 34174 57680 4696 1472 28806 1171 5532 44273 47649
internal_value=1.74473e-06 -0.0488541 0.042991 0.0212977 -0.0663207 0.0574043 -0.0368397 0.00348117 0.0408758 -0.00665618 -0.000488001 -0.0304479 -0.0100844 0.0384118 0.0132536 -0.00103702 -0.177911 0.0259535 -0.00311523 0.0673199 -0.0182832 -0.0748491 -0.0547541 0.0271118 -0.045533 0.0488248 -0.0483902 -0.0153648 0.0533436 0.0435384
internal_weight=22852.2 10694.2 12158 4862.71 8019.47 7295.3 1809.57 2674.73 2562.68 364.396 2300.03 724.977 1854.59 2516.22 1575.05 608.224 53.9696 1721.09 437.155 4779.08 476.819 6209.9 1201.35 1098.23 632.435 2198.28 618.905 503.053 1751.72 1133.5
internal_count=1275753 649221 626532 165094 596131 461438 76018 53090 120908 14608 44186 12718 29990 125892 31468 13405 685 70206 12689 335546 8909 520113 62613 22559 10916 106300 35345 11463 102898 58625
is_linear=0
shrinkage=0.08


Tree=49
num_leaves=31
num_cat=0
split_feature=6 8 8 3 3 2 6 4 1 3 4 4 1 2 6 8 9 3 4 1 1 4 1 4 4 1 6 2 3 1
split_gain=6659.08 1481.9 1352.79 431.216 337.814 200.773 116.815 104.506 93.5888 90.9477 85.3176 89.4641 109.779 85.1808 78.6294 72.171 59.2897 57.1864 53.3509 443.272 51.4733 44.4219 43.7066 41.5578 40.4708 39.2216 31.1545 29.2345 29.1186 68.0858
threshold=0.51295477151870739 1.0000000180025095e-35 1.0000000180025095e-35 0.68457102775573742 0.84660634398460399 0.9529346525669099 0.72797745466232311 2.5000000000000004 0.63702240586280834 0.88493064045906078 8.5000000000000018 10.500000000000002 0.99565216898918163 0.84877073764801036 0.82200187444686901 0.75000000000000011 1.0000000180025095e-35 0.59870129823684703 4.5000000000000009 0.80901724100112926 0.53694942593574535 5.5000000000000009 0.94360822439193737 13.500000000000002 5.5000000000000009 0.70064935088157665 0.40546767413616186 0.42179392278194433 0.94665718078613292 0.74388790130615245
decision_type=2 2 2 2 2 2 2 2 2 2 2 2 2 2 2 2 2 2 2 2 2 2 2 2 2 2 2 2 2 2
left_child=1 13 5 8 6 10 16 22 15 23 17 12 -12 -1 -13 -3 -4 25 -8 -20 -19 -10 -5 -9 -6 -2 -17 -11 29 -26
right_child=2 3 4 7 24 -7 18 9 21 27 11 14 -14 -15 -16 26 -18 20 19 -21 -22 -23 -24 -25 28 -27 -28 -29 -30 -31
leaf_value=-0.077657771404427797 -0.049904682201673434 -0.068356308341026489 0.032575786322226942 0.01082278142649898 0.076888202798311836 0.068090194664410339 0.058742398485417228 -0.015528193059754079 0.0091166640679617265 -0.041598125009359707 -0.020817245299794417 -0.030413276882475082 -0.120209181309773 -0.022346616416566673 0.026038686600619414 -0.050954082673411991 -0.0094927909054999451 0.055254494870447486 0.056826727194118409 -0.09926388452319003 0.0041939305225383011 -0.047640769135185244 0.04417914829893739 -0.057256690872083363 0.074360431318453948 0.057747234834097529 0.0039666518234922326 0.017845585595555082 0.065460305892723364 -0.0040677937780419096
leaf_weight=5272.2487424146384 175.02531078737229 983.68390516284853 444.8167277937755 812.92102251853794 3752.5949590122327 260.57411889359355 1270.9725883910432 982.33185010589659 230.87787224538624 51.21699898224324 194.5252196630463 376.34699391201138 114.59194038435817 197.98248239792883 262.68065914139152 107.58377840928733 398.04901671782136 130.33538839500397 725.83324135746807 133.20854512602091 2151.9978802418336 133.59545628912747 375.46579899266362 183.5004621213302 128.61083673778921 19.068780625239015 146.98236974701285 687.24422317091376 965.02611682936549 142.08000293839723
leaf_count=492498 3813 74078 7039 11075 325425 16251 80153 18738 4161 781 2554 5857 1080 4902 2906 4260 5213 2078 42044 5419 32605 4409 11516 6254 8774 206 1699 14164 75870 9237
internal_value=-0.000112523 -0.0474201 0.0411693 -0.0143855 0.0597101 0.00104478 0.0381454 0.00303176 -0.0479989 -0.00852117 -0.00410185 -0.0244638 -0.0594989 -0.0757074 -0.00693753 -0.0584891 0.0125811 0.00366321 0.0481334 0.0320028 0.00729417 -0.0116175 0.0216366 -0.0224493 0.0724789 -0.0373401 -0.0191618 0.0132555 0.0587042 0.0332875
internal_weight=21812 10165.6 11646.3 4695.4 7961.19 3685.15 2972.88 3092.68 1602.72 1904.29 3424.57 948.145 309.117 5470.23 639.028 1238.25 842.866 2476.43 2130.01 859.042 2282.33 364.473 1188.39 1165.83 4988.31 194.094 254.566 738.461 1235.72 270.691
internal_count=1275059 648535 626524 151135 559174 67350 139868 62528 88607 39937 51099 12397 3634 497400 8763 80037 12252 38702 127616 47463 34683 8570 22591 24992 419306 4019 5959 14945 93881 18011
is_linear=0
shrinkage=0.08


Tree=50
num_leaves=31
num_cat=0
split_feature=6 8 8 3 6 3 0 4 6 3 8 0 0 1 4 0 4 5 0 5 1 4 3 4 1 4 6 0 4 3
split_gain=5972.69 1527.08 1023.08 388.793 246.582 216.189 145.465 124.191 109.116 106.722 90.3244 84.678 83.6084 76.7456 73.4565 69.7177 117.613 69.1718 70.0678 64.5857 57.4932 66.5533 76.8918 49.6825 102.671 41.9707 39.1235 36.745 36.4765 32.7208
threshold=0.61348485946655285 1.0000000180025095e-35 1.0000000180025095e-35 0.65648320317268383 0.4723315834999085 0.84273937344551098 0.95024752616882335 1.5000000000000002 0.42022895812988287 0.90645834803581249 0.75000000000000011 0.84877073764801036 0.57919329404830944 0.6789083480834962 15.500000000000002 0.77629500627517711 7.5000000000000009 0.35959984362125402 0.30368906259536749 0.42008402943611151 0.44920890033245092 8.5000000000000018 0.81302964687347423 8.5000000000000018 0.74849396944046032 5.5000000000000009 0.97881317138671886 0.48528139293193823 5.5000000000000009 0.92820322513580333
decision_type=2 2 2 2 2 2 2 2 2 2 2 2 2 2 2 2 2 2 2 2 2 2 2 2 2 2 2 2 2 2
left_child=1 4 6 8 11 10 20 -5 13 14 23 -1 -6 -3 -9 -12 -17 -10 -19 -14 -2 26 -23 -4 -25 -7 -22 -11 -15 -21
right_child=2 3 5 7 12 25 -8 9 17 27 15 -13 19 28 -16 16 -18 18 -20 29 21 22 -24 24 -26 -27 -28 -29 -30 -31
leaf_value=-0.078758418126259042 0.044230921118411141 -0.066243536147983603 0.026185786989922227 0.028034451294709654 -0.060838825900646348 0.076775986984389186 0.071217023816098138 -0.0097047823225609314 0.07337221917319002 -0.038527159005240334 0.058343691869365992 -0.015991498150122362 0.035825585326326709 0.02448606194244967 -0.06414060517333306 0.03821634767095939 -0.085581891256182457 0.095682636348870573 -0.031948569813601786 -0.039101817906307103 0.0031675094020503915 -0.062957848421379442 -0.0042809854659142917 0.00067735101500257305 -0.18970727787252081 0.057431360675842806 0.062831809591323437 0.025286358429762776 -0.054342480077108492 0.010703827431919935
leaf_weight=4631.0370177589357 181.02902685850859 917.44146924186498 451.22002018336207 1017.7579298615456 367.42919681593776 3413.5093670124188 199.05357421375811 1753.7625974230468 51.56893044617027 56.471075451932847 1455.60577784013 151.37612162251025 133.46071251947433 97.143856477923691 171.74851161800325 280.32221902348101 53.947884911671281 24.641672042198479 332.38137401361018 326.47908248845488 1927.7199955116957 211.61100424453616 442.3039629869163 106.86707098782063 16.434640960767865 1124.0285299587995 68.561483857221901 719.29087917692959 53.952523346059024 104.68253017403185
leaf_count=475614 1924 68743 16910 22421 20171 323243 14020 33372 965 812 93526 5042 2222 1332 6243 17050 909 387 7953 7054 29844 1539 4419 3115 381 93123 2015 17201 1905 888
internal_value=-7.55115e-05 -0.0409339 0.0447897 -0.00949533 -0.0694598 0.0617949 0.00596715 0.00426787 -0.0441529 -0.00466279 0.0418639 -0.0768239 -0.0312951 -0.0575744 -0.0147967 0.0507424 0.0167981 -0.00839492 -0.0214977 -0.0114233 0.00120579 -0.00175066 -0.0238457 0.0137285 -0.0298557 0.0720877 0.00544846 0.0202192 -0.00347558 -0.0266585
internal_weight=20842.8 10910.6 9932.21 5196.16 5714.46 6901.94 3030.28 3719.03 1477.13 2701.27 2364.4 4782.41 932.052 1068.54 1925.51 1789.88 334.27 408.592 357.023 564.622 2831.23 2650.2 653.915 574.522 123.302 4537.54 1996.28 775.762 151.096 431.162
internal_count=1274343 672325 602018 161334 510991 548257 53761 80049 81285 57628 131891 480656 30335 71980 39615 111485 17959 9305 8340 10164 39741 37817 5958 20406 3496 416366 31859 18013 3237 7942
is_linear=0
shrinkage=0.08


Tree=51
num_leaves=31
num_cat=0
split_feature=6 5 2 6 0 3 4 1 6 0 5 1 6 3 6 4 4 4 2 3 3 5 0 2 3 0 2 3 1 4
split_gain=5437.94 1325.74 662.795 353.4 294.709 181.689 178.797 281.219 166.878 130.697 100.746 90.6514 64.6533 63.3305 58.3162 52.8848 80.1002 42.41 40.2732 39.9519 37.6787 32.7637 32.1209 30.6646 27.9877 27.5467 25.9005 25.6106 88.7747 21.7875
threshold=0.51295477151870739 0.21800179779529574 0.90353596210479747 0.94715359807014476 0.64326766133308422 0.92820322513580333 4.5000000000000009 0.78910306096076976 0.39541453123092657 0.88273492455482494 0.33260554075241094 0.49731183052062994 0.44923661649227148 0.65648320317268383 0.97881317138671886 8.5000000000000018 10.500000000000002 1.5000000000000002 0.60736888647079479 0.8521554470062257 0.91922956705093395 0.26789985597133642 0.76239567995071422 0.94932374358177196 0.78629976511001598 0.25198413431644445 0.73735308647155773 0.92031747102737438 0.99565216898918163 5.5000000000000009
decision_type=2 2 2 2 2 2 2 2 2 2 2 2 2 2 2 2 2 2 2 2 2 2 2 2 2 2 2 2 2 2
left_child=1 9 3 5 12 6 13 -8 21 11 -10 24 26 -2 27 -7 -17 22 25 -12 -19 -6 -13 29 -1 -14 -3 28 -5 -4
right_child=2 4 23 14 8 15 7 -9 10 -11 19 17 18 -15 -16 16 -18 20 -20 -21 -22 -23 -24 -25 -26 -27 -28 -29 -30 -31
leaf_value=-0.063383587351631507 -0.0035031045470577844 -0.078106860376291679 0.060861359288470029 0.038976705286083574 -0.0016607770462842317 0.048233621553143702 0.0086287508471807779 -0.058380781962869971 0.073605351286999479 0.044916782568118978 -0.033399466563996082 0.036212399295426308 0.04081829410058252 0.030759256465816131 0.072024058602687652 -0.025192651937037919 0.038383769751705613 -0.012001620675887789 0.017363744333741792 0.0046887999741442371 0.018240218330035276 -0.062086633149757486 -0.0090314101576910531 0.078464095989102589 0.026360741338323477 -0.057187518201943503 0.0023351842747195923 0.058897976228940857 -0.087159367292345288 -0.009077683180444435
leaf_weight=191.0486749811098 418.26434635464102 4320.8882387736812 957.71893886197358 557.34167844615877 67.43639048282057 1198.9923609243706 1541.0677349753678 535.12829755805433 80.180719935335219 398.10989095084369 433.1217636000365 314.10371675342321 13.809298357926307 1754.1018123244867 895.87866541277617 180.34219103585929 386.67649478465319 1234.116476809606 51.602756028063595 281.90496346727014 327.07522078882903 902.32786360289901 136.76623678766191 1842.3693488864228 19.646482634358108 448.30669373646379 21.59750519413501 397.68642013147473 32.76515318825841 24.049557998776436
leaf_count=12345 10860 469232 80020 32945 3456 71685 41173 11164 2026 16193 18174 3373 644 65824 75273 7141 16414 17169 1866 4775 6806 58471 1537 180886 171 31798 746 31000 904 1368
internal_value=-0.000166851 -0.0451337 0.0385799 0.0266245 -0.0641854 0.0170894 0.00805759 -0.00866448 -0.03586 0.00296691 -0.00837037 -0.00455871 -0.0743997 0.0240961 0.0568595 0.0386433 0.0178399 0.000644939 -0.0459842 -0.0182324 -0.00552568 -0.0580789 0.0221887 0.0718526 -0.0538564 -0.0535107 -0.0776678 0.0426514 0.0310308 0.0589487
internal_weight=19964.4 9242.04 10722.4 7898.25 6621.18 6014.57 4248.56 2076.2 1764.97 2620.87 795.207 2222.76 4856.2 2172.37 1883.67 1766.01 567.019 2012.06 513.719 715.027 1561.19 969.764 450.87 2824.14 210.695 462.116 4342.49 987.793 590.107 981.768
internal_count=1275439 648782 626657 364383 591188 224261 129021 52337 86902 57594 24975 41401 504286 76684 140122 95240 23555 28885 34308 22949 23975 61927 4910 262274 12516 32442 469978 64849 33849 81388
is_linear=0
shrinkage=0.08


Tree=52
num_leaves=31
num_cat=0
split_feature=6 8 8 3 3 6 0 4 6 3 8 0 0 4 0 0 0 8 5 9 5 5 6 4 4 4 6 8 0 0
split_gain=4720.65 1417.33 950.282 334.881 242.287 228.448 127.98 95.4688 92.496 87.4006 85.8903 81.1251 76.1479 143.086 71.5516 67.594 57.7486 56.2993 104.311 53.6962 51.4636 49.5382 48.4344 43.7478 40.1675 39.7877 34.4921 34.4856 33.579 32.8802
threshold=0.61348485946655285 1.0000000180025095e-35 1.0000000180025095e-35 0.65419578552246105 0.85028737783432018 0.4723315834999085 0.95275297760963451 5.5000000000000009 0.43147574365139013 0.88493064045906078 0.75000000000000011 0.57919329404830944 0.76028168201446544 8.5000000000000018 0.84877073764801036 0.30368906259536749 0.3260560035705567 0.75000000000000011 1.0000000180025095e-35 1.0000000180025095e-35 0.2623975276947022 0.35959984362125402 0.97881317138671886 8.5000000000000018 5.5000000000000009 10.500000000000002 0.83157190680503856 0.75000000000000011 0.48528139293193823 0.77629500627517711
decision_type=2 2 2 2 2 2 2 2 2 2 2 2 2 2 2 2 2 2 2 2 2 2 2 2 2 2 2 2 2 2
left_child=1 5 6 8 10 14 16 17 20 27 26 -7 -12 -14 -1 -10 -2 18 -5 -13 24 -17 -18 -6 -3 -25 -4 -9 -11 -28
right_child=2 3 4 7 23 11 -8 9 15 28 12 19 13 -15 -16 21 22 -19 -20 -21 -22 -23 -24 25 -26 -27 29 -29 -30 -31
leaf_value=-0.078095753931257297 0.071325956773570717 -0.0086668835232074169 -0.0088269245228985767 0.018975079740396941 0.074851502865697098 -0.061470117727356839 0.070561014784105855 -0.03603922952227747 0.10019086460360802 -0.037214706010680436 0.056538500197552972 0.011175768781073158 0.033109968982103014 -0.11279753205271437 -0.018848196012554729 0.059885457024451715 -0.0041983354538640064 0.039412007235100632 -0.025320247373965606 -0.03807552622422216 -0.070563337204283108 -0.029580662404916129 0.057649533493722219 0.0087196637019635193 -0.059336098396420407 0.060418478979365385 0.042302160696196529 0.0012432991979701258 0.023890891025492116 -0.024725990762977986
leaf_weight=3991.1769140455872 65.012330409139395 232.73824769351631 280.6523557798937 1392.8584813643247 3329.5277006598189 340.769376039505 167.79668364394456 663.71880542393774 28.938438559882343 60.569081100635231 1300.8055245419964 297.63955493457615 373.0743942540139 43.303391163237393 146.11678937915713 39.861756120808423 2633.8041646741331 465.82665414083749 442.67376936413348 256.97555013466626 565.2341568833217 299.01322578918189 78.409310396760702 131.17611120454967 186.36422238033265 466.98297859262675 241.46586598735303 197.0680907741189 406.28615992423147 51.108189981430769
leaf_count=475239 729 8323 4983 25744 355647 20095 13744 22135 380 915 91660 4565 24551 839 5072 635 37083 8247 13541 5561 54896 6436 2397 11061 10620 43360 13823 2285 7537 2560
internal_value=-0.000214084 -0.0381817 0.0412593 -0.00787711 0.0589792 -0.0681067 0.00375466 0.00475577 -0.0417927 -0.0122336 0.0380129 -0.030928 0.046974 0.0163975 -0.0760672 -0.00693651 -0.000343747 0.0146315 0.00816572 -0.0114947 -0.0545546 -0.0178738 -0.00224866 0.0711011 -0.0320094 0.0495125 0.0107177 -0.0273611 0.0153137 0.029837
internal_weight=19176.9 10013.8 9163.12 4981.15 6218.1 5032.68 2945.02 3629 1352.15 1327.64 2290.41 895.384 1717.18 416.378 4137.29 367.813 2777.23 2301.36 1835.53 554.615 984.337 338.875 2712.21 3927.69 419.102 598.159 573.226 860.787 466.855 292.574
internal_count=1274663 672226 602437 161694 548484 510532 53953 80404 81290 32872 138416 30221 117050 25390 480311 7451 40209 47532 39285 10126 73839 7071 39480 410068 18943 54421 21366 24420 8452 16383
is_linear=0
shrinkage=0.08


Tree=53
num_leaves=31
num_cat=0
split_feature=8 3 2 3 5 5 2 1 3 4 5 2 1 1 4 2 4 1 1 2 5 5 1 2 2 4 4 1 5 4
split_gain=3979.15 1497.71 487.897 307.697 251.325 234.987 218.4 195.54 138.555 205.768 96.7001 77.6625 117.795 74.1811 73.8265 62.8401 60.7298 64.1423 55.5061 52.3934 50.5691 43.9886 39.9079 39.4729 39.0733 34.9564 34.2523 33.6296 32.8007 31.0209
threshold=0.75000000000000011 0.78319624066352855 0.67826876044273388 0.86391696333885204 0.65636926889419567 1.0000000180025095e-35 0.93127068877220165 0.66300368309021007 0.9495762586593629 4.5000000000000009 0.44835317134857183 0.89377820491790783 0.99565216898918163 0.37573529779911047 7.5000000000000009 0.48528139293193823 7.5000000000000009 0.78910306096076976 0.53178024291992199 0.86512476205825817 0.55582657456398021 0.57979589700698864 0.80217391252517711 0.37866288423538214 0.52689418196678173 8.5000000000000018 16.500000000000004 0.59611794352531444 0.29736660420894628 12.500000000000002
decision_type=2 2 2 2 2 2 2 2 2 2 2 2 2 2 2 2 2 2 2 2 2 2 2 2 2 2 2 2 2 2
left_child=1 2 4 11 5 18 7 26 9 -9 -7 12 21 -6 -14 -10 19 -18 -1 22 28 24 -4 -15 -2 -5 -3 -23 -8 -16
right_child=3 6 16 25 13 10 20 8 15 -11 -12 -13 14 23 29 -17 17 -19 -20 -21 -22 27 -24 -25 -26 -27 -28 -29 -30 -31
leaf_value=-0.055824303620858225 -0.00069561364348468186 0.06162956508229616 0.012072438710318902 0.0745094781273926 0.071460400590584894 -0.074617912555363958 0.045236087901927936 0.0024874207743957044 -0.051448124413647441 -0.04396081060260576 -0.044733300925954643 0.074282366424320526 0.037939265289897925 -0.13007790049496473 -0.15220594067554888 0.017424354973820774 0.01042985201287654 -0.083042376560501216 -0.0069577494752413151 0.056785023044281666 0.0651524574661725 0.062993396504765251 -0.022046562224392541 -0.00748080176343471 0.030792066105187043 0.050154278877361839 -0.0061405646704515869 0.032600353703331864 0.0022864833709208207 0.0063222915892726583
leaf_weight=204.94011689722538 377.92121593747288 349.38528536772355 561.83374855015427 2746.3167340001091 73.875456185080111 3965.4376389775425 242.80375632829964 1427.6348872049712 84.262488989159465 1052.9071759199724 911.19655417045578 269.27748579531908 21.920399472117424 13.086650084704159 38.304854597896338 1440.7836843682453 74.717991063371301 106.50440606568009 550.99296830967069 107.37722867541015 391.61769149731845 371.75207157805562 352.21843426860869 334.39064546953887 697.43700430821627 543.25294106919318 49.298435307573527 807.5761894043535 226.781210873276 6.8724541887640944
leaf_count=13160 9867 11125 16621 303475 1949 483368 11177 37508 3875 30537 44081 23804 1134 174 597 48707 2715 2709 9294 3503 37209 27489 7618 6747 17375 48627 2746 59574 8099 263
internal_value=6.37263e-05 -0.0254193 -0.0489774 0.0543292 -0.0582172 -0.0626722 0.00703239 -0.000153368 -0.00553122 -0.0172127 -0.0691183 0.0334913 0.0285422 0.000996555 -0.0717756 0.0133587 -0.00228474 -0.0443993 -0.0206959 0.00521124 0.0437545 0.0317505 -0.000949209 -0.0143317 0.019626 0.0706181 0.052881 0.0425416 0.0250738 -0.126675
internal_weight=18402.7 12522 7256.57 5880.63 6053.92 5632.57 5265.47 4404.27 4005.59 2480.54 4876.63 2591.06 2321.78 421.353 67.0977 1525.05 1202.65 181.222 755.933 1021.43 861.203 2254.69 914.052 347.477 1075.36 3289.57 398.684 1179.33 469.585 45.1773
internal_count=1275127 782922 591939 492205 558773 549903 190983 134498 120627 68045 527449 140103 116299 8870 1994 52582 33166 5424 22454 27742 56485 114305 24239 6921 27242 352102 13871 87063 19276 860
is_linear=0
shrinkage=0.08


Tree=54
num_leaves=31
num_cat=0
split_feature=8 3 2 3 2 5 5 1 3 4 0 0 4 1 0 0 1 0 2 1 5 1 0 2 3 1 4 0 1 5
split_gain=3585.04 1363.37 424.224 308.765 249.479 173.801 167.295 165.324 162.623 194.049 109.078 88.0848 80.0138 156.517 77.9377 76.6574 68.3669 61.0511 53.5768 50.9317 48.2638 48.173 72.7518 44.7555 43.7346 41.8561 36.0343 31.6495 124.365 29.9901
threshold=0.75000000000000011 0.75582656264305126 0.64051282405853283 0.85028737783432018 0.93127068877220165 0.66815477609634411 1.0000000180025095e-35 0.62258651852607738 0.9495762586593629 4.5000000000000009 0.57735043764114391 0.56562754511833202 7.5000000000000009 0.78629976511001598 0.52419984340667736 0.2290398105978966 0.42163743078708654 0.78456193208694469 0.8521554470062257 0.55403152108192455 0.5247064232826234 0.30877573788166052 0.58370205760002147 0.6911335587501527 0.78629976511001598 0.83424907922744762 5.5000000000000009 0.77836257219314586 0.85053193569183361 0.29736660420894628
decision_type=2 2 2 2 2 2 2 2 2 2 2 2 2 2 2 2 2 2 2 2 2 2 2 2 2 2 2 2 2 2
left_child=1 2 5 12 7 6 19 10 9 -9 -3 -4 18 21 -10 -8 -7 23 27 -1 29 -14 -23 -13 -15 -19 -5 -2 -29 -6
right_child=3 4 11 26 20 16 15 8 14 -11 -12 17 13 24 -16 -17 -18 25 -20 -21 -22 22 -24 -25 -26 -27 -28 28 -30 -31
leaf_value=-0.052047242419479896 0.03864140836624002 -0.013676720534842335 0.059413091670038068 0.074979418709450948 0.043546706408788841 0.060633822686513003 0.0099600611033328779 -0.00063322312536959191 -0.053165034675166895 -0.041123571753148548 0.074741893397706968 -0.028991798832397071 0.070360584246836208 -0.12422182284661137 0.018554433577258125 -0.070953397027338383 -0.02396556740818262 -0.0075019304067329793 0.071301173288078515 -0.0024262180342663063 0.063808617694219957 -0.018452955477014664 0.046496094243166905 0.0053442519276684398 -0.020084075195058022 -0.12375846638145077 0.054045065879293509 0.031033725893689468 -0.12249158450312127 0.0015582076577586189
leaf_weight=219.13510227017105 1205.1105782194063 126.89604237861931 109.61049815872684 2322.4506345074624 239.56440443731844 78.000963287428021 71.618179860524833 1757.2557018622756 98.275826867669821 1337.7076684129424 266.43948981910944 396.22092249291018 114.5826659668237 56.130662857554853 1421.6538105467334 4143.3709077467211 226.2017646022141 37.853934643790126 300.73707559937611 342.49896460771561 398.44464635709301 227.01767474319786 202.83732459880412 598.45923579903319 56.087631175294518 47.685990991070867 862.21132113784552 205.08759089931846 35.129333176650107 211.7055517854169
leaf_count=14479 62830 7967 3013 280105 11314 2167 5544 47326 4455 45271 8204 18499 7619 1155 48585 489726 4576 955 25764 6319 39130 8699 8836 17105 1391 1034 82418 11689 1344 7004
internal_value=7.59957e-05 -0.02434 -0.0502504 0.0530792 0.00338774 -0.0603156 -0.0640466 -0.00339676 -0.00768692 -0.0182237 0.0460014 -0.00706338 0.0312078 0.00703608 0.0136531 -0.0695305 -0.00112617 -0.0141989 0.0401608 -0.0223579 0.0433488 0.0251095 0.0120091 -0.00824972 -0.0766148 -0.0773341 0.0694554 0.0333474 0.00588987 0.0244321
internal_weight=17716 12128.6 6270.66 5587.38 5857.94 5080.83 4776.62 5008.23 4614.89 3094.96 393.336 1189.83 2402.72 656.656 1519.93 4214.99 304.203 1080.22 1746.06 561.634 849.715 544.438 429.855 994.68 112.218 85.5399 3184.66 1445.33 240.217 451.27
internal_count=1274523 782673 563417 491850 219256 522811 516068 161808 145637 92597 16171 40606 129327 27700 53040 495270 6743 37593 101627 20798 57448 25154 17535 35604 2546 1989 362523 75863 13033 18318
is_linear=0
shrinkage=0.08


Tree=55
num_leaves=31
num_cat=0
split_feature=8 0 1 2 4 2 5 5 5 1 5 5 8 1 1 0 0 1 5 0 5 1 2 5 0 5 0 5 1 2
split_gain=3145.71 1201.52 317.223 311.843 308.775 261.314 160.979 132.84 270.249 141.437 102.322 86.8874 75.5748 69.1961 66.166 57.3528 53.0824 47.2082 47.1462 43.4838 40.5689 38.5341 62.5428 34.0225 33.6931 32.5527 32.3577 39.9547 32.3082 30.6806
threshold=0.75000000000000011 0.57735043764114391 0.6789083480834962 0.93127068877220165 5.5000000000000009 0.88036698102951061 0.65636926889419567 0.45176798105239874 1.0000000180025095e-35 0.59611794352531444 0.55582657456398021 1.0000000180025095e-35 1.0000000180025095e-35 0.21164613962173465 0.3483316451311112 0.51191151142120372 0.65240275859832775 0.30877573788166052 0.54847925901412975 0.86295148730278026 1.0000000180025095e-35 0.5388936996459962 0.54085850715637218 0.99163165688514721 0.61257407069206249 0.70986828207969677 0.84660634398460399 0.26789985597133642 0.49731183052062994 0.57275134325027477
decision_type=2 2 2 2 2 2 2 2 2 2 2 2 2 2 2 2 2 2 2 2 2 2 2 2 2 2 2 2 2 2
left_child=1 2 6 7 -4 10 11 8 19 24 15 28 -11 -13 -8 17 -10 -2 26 -3 29 -17 -23 -12 -9 -22 -5 -28 -1 -6
right_child=5 3 4 18 20 -7 14 9 16 12 23 13 -14 -15 -16 21 -18 -19 -20 -21 25 22 -24 -25 -26 -27 27 -29 -30 -31
leaf_value=-0.056283552222790932 0.050807514739653857 -0.0022287742355994507 0.090288424463506212 0.071552893118182928 -0.019792524586635316 0.075966979926484768 0.069647782296094779 0.0077560272666611909 -0.059798009016378842 -0.010464153137069701 0.044633267177725505 0.010543688883803408 0.019950085973958382 -0.075227342337186032 -0.026748237610993458 0.067973874646963584 -0.03079716629636681 -0.03277120678169658 0.063102636290153558 0.034887348540435584 -0.070351302539347904 -0.051034041416689949 0.027596441430661488 0.077825120200990083 0.07078223279784189 0.0056518451730066315 0.039943831640363928 -0.0096517296088409078 -0.0050590625255277979 0.080418342176062363
leaf_weight=147.12464383151382 49.424583467654884 1463.6297006178647 163.53708893572912 73.518669569864869 109.21085558459163 1786.3286311598495 62.420194085687399 81.857101796660572 658.85409474838525 2214.3144178502262 2036.8937978646718 56.884973786771297 677.19955763453618 3104.0021965978667 134.30508319754153 134.1011170274578 1212.7333729541861 193.9573209779337 372.66669755149633 228.39279581233859 210.89296368183568 64.211823485326022 844.73528648214415 244.44028837606311 214.35891232360154 37.867465120740235 193.09520706906915 207.50663492642343 181.71258703991771 18.495850939303637
leaf_count=10334 1502 15695 3736 2128 849 233232 1854 2676 79161 36084 188740 4667 40938 411338 2330 3741 74216 5269 39061 7696 18801 1538 29638 28924 6188 796 10325 7334 6808 144
internal_value=3.43344e-05 -0.0229914 -0.0571593 -0.00393943 0 0.0508909 -0.065537 -0.00970697 -0.0203134 0.00211326 0.0382021 -0.0695037 -0.00326368 -0.073619 0.00401289 0.0198368 -0.0412237 -0.0144733 0.0416438 0.00277498 -0.0397337 0.0280261 0.0216178 0.0484221 0.0543144 -0.0582678 0.0239603 0.0140572 -0.0289563 -0.00159015
internal_weight=17178.7 11824.6 4226.45 7598.13 540.004 5354.09 3686.45 6751.34 3563.61 3187.73 3567.76 3489.72 2891.51 3160.89 196.725 1286.43 1871.59 243.382 846.787 1692.02 376.467 1043.05 908.947 2281.33 296.216 248.76 474.121 400.602 328.837 127.707
internal_count=1275743 783159 461657 321502 24326 492584 437331 262654 176768 85886 259352 433147 77022 416005 4184 41688 153377 6771 58848 23391 20590 34917 31176 217664 8864 19597 19787 17659 17142 993
is_linear=0
shrinkage=0.08


Tree=56
num_leaves=31
num_cat=0
split_feature=6 8 8 3 3 0 5 6 6 0 4 1 0 6 1 4 6 9 8 1 1 6 9 5 6 5 3 1 4 5
split_gain=3255.91 1149.65 848.669 301.724 221.781 105.124 100.933 152.04 107.99 96.5165 94.7019 287.052 124.342 80.8617 57.8719 57.1441 54.7102 51.6863 50.3258 46.6725 41.8034 40.6636 46.7664 62.1001 40.6476 33.5518 32.3069 53.8023 25.0112 23.6317
threshold=0.52397373318672191 1.0000000180025095e-35 1.0000000180025095e-35 0.84660634398460399 0.63224515318870556 0.95275297760963451 0.3080128282308579 0.40827012062072759 0.36074022948741918 0.74210175871849071 4.5000000000000009 0.82426470518112194 0.6900656819343568 0.81844761967659008 0.94360822439193737 5.5000000000000009 0.43147574365139013 1.0000000180025095e-35 0.75000000000000011 0.66300368309021007 0.90521115064620983 0.97881317138671886 1.0000000180025095e-35 0.46195203065872198 0.4294890314340592 0.37296918034553533 0.92031747102737438 0.68870675563812267 5.5000000000000009 0.33401361107826238
decision_type=2 2 2 2 2 2 2 2 2 2 2 2 2 2 2 2 2 2 2 2 2 2 2 2 2 2 2 2 2 2
left_child=1 9 5 10 16 21 8 18 14 -1 20 13 -13 -12 -6 -5 19 -9 -8 -3 -4 22 -2 -24 -11 -26 27 -17 -21 -18
right_child=2 4 3 15 6 -7 7 17 -10 24 11 12 -14 -15 -16 26 29 -19 -20 28 -22 -23 23 -25 25 -27 -28 -29 -30 -31
leaf_value=-0.07699943044389268 0.00551799547655477 -0.064259441733817133 0.036915248737274302 0.074521785565847307 -0.0013840921197828435 0.063152009198341283 -0.072044570885018269 0.032106027228780205 0.11852557421471374 -0.05537285069435554 0.003773920152649865 0.021184007159995046 -0.12796219235255726 0.051570022205672209 0.028193986301872545 0.071070637130101866 0.082135078338294532 -0.020353889221723463 -0.016532936972075918 0.023173225022563807 0.075207845381617608 0.054062068336442323 0.036098416122921077 -0.019203101910132723 0.05865376127651703 -0.023075048110786527 0.055659560668262567 -0.029149819244683083 -0.056048906614884382 -0.013765498685359853
leaf_weight=3108.5390562824905 1593.2568400437012 593.81898605357856 1028.5181140350178 2323.6183740883134 1722.6939211157151 159.03315392136574 318.0995935224928 276.87852626712993 50.947037466336042 250.75673619378358 432.32762466929853 46.779631332494318 114.70633054338396 491.56440266082063 552.38977527897805 52.015907609369606 13.379081521183251 201.64254778716713 172.40906100813299 66.68099191877991 241.28005373198539 73.958804490044713 136.96406253706664 1385.0807266673073 36.111732850316912 138.32410225318745 744.00409847078845 79.184121979400516 34.116030810866505 143.36689982190728
leaf_count=477569 22891 63469 62848 324895 25102 14184 23269 5160 971 19961 8520 2172 3009 38552 19564 4951 220 3855 2466 1124 23942 2433 2046 22913 596 2665 83167 6052 1561 4994
internal_value=-0.000384881 -0.0385463 0.0325228 0.0516878 -0.00990398 0.000655382 -0.000427791 -0.0221006 0.00856055 -0.072048 0.0297402 0.0121034 -0.0844575 0.0295172 0.00577336 0.0677254 -0.0461766 0.00968731 -0.0532194 -0.0557607 0.0445833 -0.00250491 -0.00398359 -0.01402 -0.0350025 -0.00410092 0.0491789 0.0105595 -0.00350984 -0.00230471
internal_weight=16582.4 7680.15 8902.29 5554 4146.42 3348.29 3295.06 969.03 2326.03 3533.73 2355.18 1085.38 161.486 923.892 2275.08 3198.82 851.362 478.521 490.509 694.616 1269.8 3189.26 3115.3 1522.04 425.193 174.436 875.204 131.2 100.797 156.746
internal_count=1275121 652546 622575 558108 151755 64467 80387 34750 45637 500791 139043 52253 5181 47072 44666 419065 71368 9015 25735 66154 86790 50283 47850 24959 23222 3261 94170 11003 2685 5214
is_linear=0
shrinkage=0.08


Tree=57
num_leaves=31
num_cat=0
split_feature=6 6 2 6 0 3 4 1 6 3 6 9 9 3 1 3 1 3 6 0 3 4 0 2 2 2 1 9 3 6
split_gain=2818.08 1038.65 538.865 292.988 228.047 126.777 135.451 240.745 118.508 74.8725 57.4612 62.4502 56.8532 63.6483 55.0982 53.5664 51.3986 73.0249 44.2138 43.7626 35.4815 31.0602 38.8525 30.247 29.2734 27.7082 22.1723 20.6659 47.6759 17.5021
threshold=0.49280537664890295 1.0000000180025095e-35 0.91545844078063976 0.94715359807014476 0.64630925655365001 0.93127068877220165 7.5000000000000009 0.66300368309021007 0.38605175912380224 0.5912291705608369 0.97881317138671886 1.0000000180025095e-35 1.0000000180025095e-35 0.83047896623611461 0.80901724100112926 0.65419578552246105 0.8521554470062257 0.96051946282386791 0.43683740496635443 0.88036698102951061 0.8216732144355775 16.500000000000004 0.58102023601531994 0.56635218858718883 0.94932374358177196 0.69732204079628002 0.58643677830696117 1.0000000180025095e-35 0.84660634398460399 0.53866082429885875
decision_type=2 2 2 2 2 2 2 2 2 2 2 2 2 2 2 2 2 2 2 2 2 2 2 2 2 2 2 2 2 2
left_child=1 9 3 5 18 6 15 -8 27 26 11 -5 13 -10 -14 -2 -7 -18 25 21 -13 22 -11 -20 -4 -3 -1 28 -6 -26
right_child=2 4 24 10 8 16 7 -9 12 19 -12 20 14 -15 -16 -17 17 -19 23 -21 -22 -23 -24 -25 29 -27 -28 -29 -30 -31
leaf_value=-0.062175354777375784 -0.0072665982968645858 -0.07667951730652646 0.051218691842382091 0.060788031563645185 -0.062454473752554453 0.066736612618974553 0.01201543171194071 -0.058427287537102288 -0.022015592270725973 0.03184439522421556 0.068397879848929546 -0.010939547382948693 -0.001087439997445644 0.041802072442187754 -0.074243892618571991 0.019084485918078646 -0.01536052359919639 0.033330998286091318 -0.056304159554613993 0.034699073021849276 0.033368053888193659 -0.03814458477316815 0.00060015890799183921 -0.00019140112768654881 0.012575985301015242 0 0.0036474536722633753 -0.073058675853209784 -0.0069593435317697573 0.077867025645622437
leaf_weight=126.79918062221259 614.83737680362538 2788.6454932675697 528.8546182657592 364.04890715144575 278.12402229988948 221.16169134154916 724.14413789846003 533.28323919931427 183.12540756259114 306.06595305725932 683.44641551934183 181.51111534098163 145.43090521078557 205.20523924287409 123.04022695217282 2307.260239967145 232.84460910595953 1080.0773221510462 328.61372609669343 340.74548816867173 286.3559065843001 101.818558155559 1470.5171072147787 82.463603961281478 35.038554335944355 32.616486909799278 36.934805162250996 283.94728218810633 165.23000286519527 1201.6687820665538
leaf_count=10345 18998 459397 61899 35773 26201 14464 23924 10423 10292 6896 77998 9639 9198 3902 4029 90929 14455 72545 37380 16467 23057 1808 16996 5076 723 1772 631 24053 5400 180252
internal_value=-0.000232185 -0.0382944 0.0293739 0.0196386 -0.060418 0.0112862 0.00400876 -0.0178461 -0.0328569 0.00453626 0.050885 0.0359838 -0.00783387 0.0114034 -0.0359445 0.0134824 0.0309318 0.0245487 -0.0721014 0.00848584 0.0159064 0.00356626 0.00614692 -0.0455698 0.0689762 -0.0758231 -0.0467108 -0.0550281 -0.0424376 0.0762041
internal_weight=15993.9 6999.32 8994.53 7228.97 4616.44 5713.61 4179.52 1257.43 1384.1 2382.88 1515.36 831.916 656.802 388.331 268.471 2922.1 1534.08 1312.92 3232.34 2219.15 467.867 1878.4 1776.58 411.077 1765.56 2821.26 163.734 727.301 443.354 1236.71
internal_count=1274922 639843 635079 392205 586700 245738 144274 34347 83075 53143 146467 68469 27421 14194 13227 109927 101464 87000 503625 42167 32696 25700 23892 42456 242874 461169 10976 55654 31601 180975
is_linear=0
shrinkage=0.08


Tree=58
num_leaves=31
num_cat=0
split_feature=8 3 3 3 4 1 0 0 1 0 0 1 0 1 4 5 8 4 1 5 0 5 1 1 4 1 0 5 5 4
split_gain=2354.84 957.963 293.381 233.073 190.985 185.208 131.352 130.801 104.4 126.037 94.9454 162.252 94.4821 91.0513 88.3314 74.7783 57.2118 51.993 108.79 50.087 46.3384 46.261 59.8648 40.6581 40.3893 39.0686 78.8087 28.918 26.8783 24.0796
threshold=0.75000000000000011 0.67028987407684337 0.85028737783432018 0.83047896623611461 7.5000000000000009 0.63224515318870556 0.55848154425621044 0.25198413431644445 0.70438539981842052 0.94360822439193737 0.77003204822540294 0.79772728681564342 0.598850578069687 0.81120249629020702 7.5000000000000009 0.43377923965454107 1.0000000180025095e-35 7.5000000000000009 0.66300368309021007 0.55582657456398021 0.5388936996459962 1.0000000180025095e-35 0.5673658847808839 0.93957647681236278 8.5000000000000018 0.37573529779911047 0.54261502623558056 0.87103942036628734 0.42672246694564825 11.500000000000002
decision_type=2 2 2 2 2 2 2 2 2 2 2 2 2 2 2 2 2 2 2 2 2 2 2 2 2 2 2 2 2 2
left_child=1 5 17 4 10 7 14 15 20 16 11 -3 27 -12 -7 -1 -10 23 25 -11 -5 -6 -23 -2 -4 -19 -27 -9 -14 -26
right_child=2 3 24 8 21 6 -8 12 9 19 13 -13 28 -15 -16 -17 -18 18 -20 -21 -22 22 -24 -25 29 26 -28 -29 -30 -31
leaf_value=-0.048070633651689849 0.02891094063865151 -0.012299643246255584 0.071207250115393347 -0.017752023793057532 -0.013944673198016512 0.083213434699929728 -0.034269518025960836 -0.071231169122343924 -0.010321557165572674 0.01915123749661685 0.0040537571552315644 0.042467467082140616 -0.040857693323509692 -0.060954849683870736 -0.057776118486531802 0.07318805166651117 0.012043706174685096 0.065155555459205011 -0.039327365574822297 0.067435125395777645 0.063867600893263682 -0.016155497156276934 -0.072509114688405388 0.071569844284043019 0.012166715203029636 -0.03419492155412239 0.050459907532310673 0.0012274212178232924 0.0080780533441238075 0.054906930885807483
leaf_weight=53.786730244290084 1394.876287015155 1298.5274832504801 2066.6471983175725 46.739619564730674 193.36905474495143 115.4517612173222 479.02377928979695 2558.9555361093953 1751.3786344942637 359.70898378407583 220.46021117363125 465.98399470094591 159.36599905509502 342.16315443767235 31.935009934008121 66.516170788556337 1248.2854575337842 134.400198884774 213.79310276545584 238.59350276784971 291.18686624336988 168.84855138603598 546.12319508381188 165.53763576829806 134.26833942718804 122.75746886152774 149.57170069264248 31.172795258462429 116.92886572005227 310.77977435057983
leaf_count=7494 83289 67499 313069 2801 3080 3977 27996 388009 46239 16786 5964 11875 21172 8323 3057 2309 53393 9568 6230 30826 8428 18582 49643 18475 13684 4759 7214 961 4530 35534
internal_value=0.000349186 -0.0202242 0.0476358 -0.00326624 -0.0191747 -0.0537873 -0.0137755 -0.0620884 0.00977831 0.00570003 -0.00691158 0.00215233 -0.0655284 -0.0353885 0.0507212 0.0179422 -0.000956633 0.0259597 0.00599364 0.0390706 0.0520177 -0.0502072 -0.0596274 0.0337528 0.0663049 0.0303931 0.0117947 -0.0702968 -0.0198037 0.0426464
internal_weight=15477.1 10784.5 4692.63 7171.37 3235.48 3613.14 626.411 2986.73 3935.89 3597.97 2327.13 1764.51 2866.42 562.623 147.387 120.303 2999.66 2180.94 620.522 598.302 337.926 908.341 714.972 1560.41 2511.7 406.729 272.329 2590.13 276.295 445.048
internal_count=1274766 782944 491822 323439 164966 459505 35030 424475 158473 147244 93661 79374 414672 14287 7034 9803 99632 129535 27771 47612 11229 71305 68225 101764 362287 21541 11973 388970 25702 49218
is_linear=0
shrinkage=0.08


Tree=59
num_leaves=31
num_cat=0
split_feature=6 5 2 6 2 3 1 4 9 6 6 4 3 5 2 4 4 9 2 1 5 9 3 1 5 4 2 3 6 2
split_gain=2373.03 953.989 487.373 253.18 195.143 146.463 138.988 111.358 103.957 82.9926 73.8695 60.1523 61.3334 46.2659 41.4475 36.0322 80.3655 34.2206 30.1166 28.1606 25.6437 23.6413 21.4765 19.2273 18.8889 17.4741 16.2814 19.87 15.9412 13.8346
threshold=0.49280537664890295 0.21800179779529574 0.91545844078063976 0.97881317138671886 0.6911335587501527 0.9495762586593629 0.99565216898918163 5.5000000000000009 1.0000000180025095e-35 0.38605175912380224 0.43147574365139013 2.5000000000000004 0.7454303801059724 0.34802019596099859 0.56635218858718883 8.5000000000000018 10.500000000000002 1.0000000180025095e-35 0.94932374358177196 0.61257407069206249 0.33854293823242193 1.0000000180025095e-35 0.90054944157600414 0.74849396944046032 0.29280610382556921 5.5000000000000009 0.56635218858718883 0.54415586590766918 0.59384471178054821 0.4403389841318131
decision_type=2 2 2 2 2 2 2 2 2 2 2 2 2 2 2 2 2 2 2 2 2 2 2 2 2 2 2 2 2 2
left_child=1 11 3 5 10 6 8 -8 -2 21 -3 23 19 -11 -12 -7 -17 -15 25 -13 -16 24 -14 26 -6 -4 27 -1 -20 -21
right_child=2 4 18 -5 9 15 7 -9 -10 13 14 12 22 17 20 16 -18 -19 28 29 -22 -23 -24 -25 -26 -27 -28 -29 -30 -31
leaf_value=-0.03859306283064437 0.021706814109574299 -0.073923124224399187 0.051537218084673313 0.067296004856672517 0.0047289161316257039 0.045209586836957326 0.043893215158453423 -0.072390403579522186 -0.0023180642605300471 0.04838826918691843 -0.05400081236161474 -0.051259342328189315 -0.004634972989264346 0.0043664313714381273 0.079511314826421833 -0.026375762497991385 0.040062883243809348 -0.045005963455816769 0.028250816513431937 0.052586239885288023 -0.016045391059165633 -0.07595193381161329 0.019191793037083037 0.027967226316615395 -0.044743911034357431 -0.044844011804321141 -0.012175893458465162 0.043252165099796597 0.078475625517322886 -0.016334612516698668
leaf_weight=17.750708421692252 2451.664522734005 2747.982895010151 475.12059950549155 618.25488095637411 55.409621357917786 953.29939195839688 62.784480860456824 225.90580863226205 2149.4539914606139 89.121675941627473 365.11603501951322 205.44131480110809 537.31200015870854 224.44812928233296 15.449787083081899 167.42295766202733 345.60164515161887 138.72856046771631 60.329619564116001 14.228715694509445 135.90964713087305 158.97387424809858 422.75609623035416 627.23920528776944 213.13544997479767 6.9382861978374413 174.75680527603254 86.975921330042183 1018.9064312158152 275.27533282106742
leaf_count=1623 106539 491967 61418 77983 2340 85926 2973 3478 85654 2294 44995 16607 4570 5480 610 8194 21583 4813 2350 332 8614 10152 11489 15061 11029 535 1671 2360 179042 3561
internal_value=-6.33521e-05 -0.0364546 0.0276609 0.0185571 -0.0595602 0.013742 0.00703441 -0.0462395 0.0104583 -0.0256336 -0.0686018 0.00406261 -0.00593029 -0.00129541 -0.0395446 0.0359014 0.0180268 -0.0144137 0.068037 -0.0287114 -0.00303762 -0.0507 0.00573618 0.0202182 -0.0340513 0.0493754 0.00207899 0.0267951 0.0759588 -0.0115687
internal_weight=15041.7 6506.01 8535.68 6974.39 4144.28 6356.13 4889.81 288.69 4601.12 879.817 3264.46 2361.74 1455.01 452.298 516.475 1466.32 513.025 363.177 1561.29 494.945 151.359 427.519 960.068 906.723 268.545 482.059 279.483 104.727 1079.24 289.504
internal_count=1275243 639568 635675 392330 582294 314347 198644 6451 192193 36108 546186 57274 36559 12587 54219 115703 29777 10293 243345 20500 9224 23521 16059 20715 13369 61953 5654 3983 181392 3893
is_linear=0
shrinkage=0.08


Tree=60
num_leaves=31
num_cat=0
split_feature=6 8 8 6 2 3 3 6 6 1 4 2 4 9 5 6 2 1 5 1 4 1 2 3 3 4 5 4 3 1
split_gain=2056.66 924.158 599.742 241.274 175.281 139.59 113.994 78.3796 72.576 72.1782 87.6425 68.4731 66.9779 59.8766 85.6464 78.5495 48.995 46.5303 45.1854 38.578 100.336 59.5159 35.9263 33.7224 31.2103 28.8066 25.835 23.2944 21.4041 27.757
threshold=0.61348485946655285 1.0000000180025095e-35 0.75000000000000011 0.44923661649227148 0.94932374358177196 0.61451050639152538 0.86391696333885204 0.97881317138671886 0.43683740496635443 0.48050633072853094 8.5000000000000018 0.61938297748565685 16.500000000000004 1.0000000180025095e-35 0.25658351182937628 0.38605175912380224 0.84262126684188854 0.66300368309021007 0.42008402943611151 0.60736888647079479 5.5000000000000009 0.99565216898918163 0.60107529163360607 0.44562648236751562 0.65240275859832775 5.5000000000000009 0.42482461035251623 5.5000000000000009 0.8078865408897401 0.60495716333389293
decision_type=2 2 2 2 2 2 2 2 2 2 2 2 2 2 2 2 2 2 2 2 2 2 2 2 2 2 2 2 2 2
left_child=1 3 4 16 7 8 19 9 17 24 -11 28 13 15 -15 -7 -1 -3 -13 -4 22 -22 -21 -10 -2 -8 -25 -19 -5 -30
right_child=2 5 6 11 -6 12 25 -9 23 10 -12 18 -14 14 -16 -17 -18 27 -20 20 21 -23 -24 26 -26 -27 -28 -29 29 -31
leaf_value=-0.077401179049303978 0.018072379450417862 -0.063896590341312856 0.059446410885979468 -0.054959282727897775 0.072997904078340906 0.0029054378242640696 0.074413103985723608 0.055807585414775422 0.068458570530954013 0.0049811855482608811 -0.026920355806793465 0.033924224001310489 -0.045568423919945665 0.0063990805081442529 -0.032768442835475177 0.038696903326946794 -0.018153572211131355 0.043634097971188689 -0.020077720598603209 -0.012187698899249547 0.0075659318997394545 -0.078671500415367093 0.049036866564176725 0.02588533692057908 0.075326636024111632 0.050746577365405943 -0.03464837831726101 -0.05179097426202426 0.073717186834340934 -0.038041210828135247
leaf_weight=2245.3173187309876 188.83344794809818 422.80156913073733 375.73347100056708 381.77998433029279 247.16897658444941 1358.3954279259779 1403.3909130836837 171.23971583833918 34.120705380570143 2277.0147027466446 720.24609101144597 134.79643888631836 178.70795307680964 975.34899463038892 553.68737210286781 554.03631889866665 104.15885584009811 40.546477402094752 331.28458893252537 61.004559819586575 205.83878745837137 61.875374095514417 673.74351859558374 62.814367769751698 97.255798270460218 570.78355332603678 121.93927921028808 19.898971058893949 16.244072584435344 37.981345467735082
leaf_count=457643 2841 57831 33819 38874 37952 35663 265954 14305 614 61274 10807 2377 8050 19091 20536 13936 4757 760 5593 5274 14277 1201 73071 1703 2250 79134 2655 1055 307 1285
internal_value=-0.000217799 -0.0291689 0.0308424 -0.0613574 0.00857142 -0.00487439 0.0553374 0.00381675 -0.0373937 0.000975831 -0.00266357 -0.0257258 0.00143137 0.00398096 -0.00774035 0.0134316 -0.0748867 -0.0545569 -0.00392574 0.0371938 0.0284408 -0.0128559 0.0436892 0.000157701 0.0390451 0.0677968 -0.0130846 0.0082181 -0.048358 0
internal_weight=14628 7573.86 7054.13 3251.56 3701.76 4322.3 3352.37 3454.59 702.121 3283.35 2997.26 902.086 3620.18 3441.47 1529.04 1912.43 2349.48 483.247 466.081 1378.2 1002.46 267.714 734.748 218.874 286.089 1974.17 184.754 60.4454 436.005 54.2254
internal_count=1274889 672730 602159 510836 129429 161894 472730 91477 64618 77172 72081 48436 97276 89226 39627 49599 462400 59646 7970 127642 93823 15478 78345 4972 5091 345088 4358 1815 40466 1592
is_linear=0
shrinkage=0.08


Tree=61
num_leaves=31
num_cat=0
split_feature=6 8 8 6 2 3 2 1 6 0 5 6 5 5 0 6 1 8 2 3 1 0 2 1 0 0 9 2 6 5
split_gain=1842.79 864.259 582.421 227.09 167.23 116.205 113.075 112.342 80.2328 77.8895 70.2003 68.9869 117.557 113.329 50.6688 50.2617 47.5789 47.2881 47.0112 45.8556 58.7251 43.5586 40.8247 36.1265 33.2669 29.8444 27.6154 26.2876 21.0525 19.3591
threshold=0.61348485946655285 1.0000000180025095e-35 0.75000000000000011 0.44923661649227148 0.94932374358177196 0.76138716936111461 0.88036698102951061 0.61257407069206249 0.97881317138671886 0.59417229890823375 0.37296918034553533 0.41605369746685034 0.26789985597133642 0.34802019596099859 0.3260560035705567 0.98532998561859142 0.26365442574024206 0.75000000000000011 0.84262126684188854 0.86391696333885204 0.87841832637786876 0.88478556275367748 0.89825496077537548 0.52479505538940441 0.51000401377677929 0.48528139293193823 1.0000000180025095e-35 0.68614074587821972 0.38605175912380224 1.0000000180025095e-35
decision_type=2 2 2 2 2 2 2 2 2 2 2 2 2 2 2 2 2 2 2 2 2 2 2 2 2 2 2 2 2 2
left_child=1 3 4 18 8 11 15 25 14 27 -11 12 23 -13 -2 19 -15 -14 -1 20 -4 22 -9 -3 -16 -7 -12 -5 -20 -23
right_child=2 5 6 9 -6 7 -8 21 -10 10 26 13 17 16 24 -17 -18 -19 28 -21 -22 29 -24 -25 -26 -27 -28 -29 -30 -31
leaf_value=-0.077049556803744465 0.06240251137109952 -0.046117629140678816 0.032800976703242585 -0.060346904653011686 0.073089203391696625 -0.0018969092593628426 0.075531712224143094 -0.0052436377078260493 0.0572393282714753 0.059561641378645565 -0.00094386972880283694 0.092629982860219187 -0.075489675212913374 0.094084582113353174 -0.030827530069994669 0.072961950153937416 -0.014363055043345698 -0.019475746863375987 -0.046893025129078274 0.05292047390818197 -0.027037841456463201 0.036928656098488888 0.062721009995510335 -0.0027987216587609175 0.0010852634763838271 0.10012706792356561 -0.04019858940034738 0.064829450335665534 0.022713038376624351 0.0026680424373670231
leaf_weight=2077.7435281551443 77.441321599297225 146.63816941296682 899.7442626603879 318.60944283241406 230.14865625184029 18.445215919986367 1108.8631422831677 1565.9481756980531 162.700827376917 80.097725183703005 261.51524054771289 73.832459663972259 352.81938373064622 21.867016084957868 219.44427812518552 319.9991740542464 572.28738827304915 149.75081462133676 61.797789333853871 735.87783529935405 111.97773259179667 299.19696233794093 53.479390516877174 715.87754238955677 2971.707557794638 96.961606923025101 212.49819865310565 5.9598034853115669 40.149213674943894 179.1109454263933
leaf_count=457241 1526 15020 77122 35094 37904 726 228134 25263 14379 1658 5280 1223 62698 360 2735 51724 13445 5990 3371 110971 5181 15849 1671 12249 72737 1620 6424 120 1382 5349
internal_value=-0.000216013 -0.0281581 0.0296084 -0.0605496 0.00779009 -0.00474641 0.054656 0.0078804 0.00326371 -0.0257383 -0.00702207 -0.0185557 -0.0288422 0.00228594 0.00044477 0.0432278 -0.00935291 -0.0594707 -0.0744185 0.0374993 0.0259202 0.0034789 -0.00271455 -0.0105713 -0.001104 0.0830903 -0.0191115 -0.0566142 -0.0182041 0.0245905
internal_weight=14142.5 7304.59 6837.9 3058.37 3661.44 4246.22 3176.46 2213.14 3431.29 878.68 554.111 2033.07 1365.09 667.987 3268.59 2067.6 594.154 502.57 2179.69 1747.6 1011.72 2097.74 1619.43 862.516 3191.15 115.407 474.013 324.569 101.947 478.308
internal_count=1274446 672033 602413 510570 129281 161463 473132 50478 91377 48576 13362 110985 95957 15028 76998 244998 13805 68688 461994 193274 82303 48132 26934 27269 75472 2346 11704 35214 4753 21198
is_linear=0
shrinkage=0.08


Tree=62
num_leaves=31
num_cat=0
split_feature=6 8 8 3 5 8 3 6 5 9 0 3 0 6 3 6 0 9 1 0 1 6 9 1 6 1 6 0 1 5
split_gain=1661.38 832.063 582.448 287.388 172.143 161.452 86.6845 57.9631 108.24 66.1119 65.6627 85.7279 55.0778 52.8423 51.7739 49.6277 47.0253 43.6564 35.3513 46.3784 85.3679 42.0588 33.878 33.783 25.6592 24.0045 21.5682 21.4257 20.7926 20.3257
threshold=0.49280537664890295 1.0000000180025095e-35 1.0000000180025095e-35 0.85880398750305187 0.28212994337081915 0.75000000000000011 0.86319074034690868 0.73721536993980419 0.45478595793247228 1.0000000180025095e-35 0.77629500627517711 0.76689496636390697 0.95275297760963451 0.35651239752769476 0.5912291705608369 0.4392793476581574 0.89943820238113414 1.0000000180025095e-35 0.25586470961570745 0.51191151142120372 0.51899951696395885 0.85794997215271007 1.0000000180025095e-35 0.94360822439193737 0.57370692491531383 0.80901724100112926 0.96881943941116344 0.71892556548118602 0.58643677830696117 0.33689932525157934
decision_type=2 2 2 2 2 2 2 2 2 2 2 2 2 2 2 2 2 2 2 2 2 2 2 2 2 2 2 2 2 2
left_child=1 6 12 7 13 15 -1 8 -4 -10 26 -12 18 14 28 -6 -5 27 -2 21 -21 -20 -7 -16 -14 -24 -9 -8 -3 -17
right_child=2 4 3 16 5 22 17 10 9 -11 11 -13 24 -15 23 29 -18 -19 19 20 -22 -23 25 -25 -26 -27 -28 -29 -30 -31
leaf_value=-0.075725282444819741 0.062222014489764312 -0.058515939146268486 0.043554726635416756 0.050873044991078697 -0.069690328761584375 0.015457255662947367 -0.046630018692408938 0.034459340129866088 0.012576251749581144 -0.042058866325185386 -0.082089438925919203 0.02006299419370532 -0.016524793202467653 0.11121174225855555 0.00020331696405131956 0.086198627356266544 0.075560726719676646 -0.066938515996838713 -0.048674496573374457 0.058597150348834851 -0.0048395458354406401 0.026604144185449083 -0.010312040798849748 0.023810547615173636 0.06718387149138573 -0.078449405463574901 0.062456031812537213 0.019202735833032697 0.0046279960877097168 -0.019916164776094421
leaf_weight=2035.6473567241337 45.851642332971096 113.81927256518975 305.44286903878674 1171.7480790792033 543.98556510871276 322.43547981325537 37.391476350370795 847.26450125453994 268.72220327612013 283.65159335406497 59.390155975241214 280.67494173208252 24.335769763216376 24.043866130989045 1722.3063477561809 7.874247016850858 1059.7664207378402 88.056770401541144 244.92671503731981 137.7070136833936 2732.9620194737799 52.284309258684516 169.91418247111142 501.16647680290043 99.717752961441875 39.475236270576715 262.96983819082379 117.71873337961733 39.180425365455449 92.71410588780418
leaf_count=472410 842 13437 4824 178499 73199 5516 6189 77046 5977 4652 3234 22993 214 586 26572 184 228553 8304 9630 3020 45647 652 3869 19505 13893 330 35010 4424 858 5075
internal_value=-0.000289798 -0.032559 0.0236829 0.042321 -0.00840944 -0.0334238 -0.0702937 0.0223481 0.00559017 -0.0153182 0.0320969 0.000828084 -0.00164374 0.0038266 0.00244174 -0.0601861 0.0628117 -0.0235699 -0.00374223 -0.00484397 -0.00164423 -0.0346813 -0.000431284 0.00563762 0.0495188 -0.025434 0.0414844 0.00137293 -0.0416985 -0.00640552
internal_weight=13733.1 5855.73 7877.42 4539.63 3576.92 1176.4 2278.81 2308.12 857.817 552.374 1450.3 340.065 3337.79 2400.52 2376.47 644.574 2231.51 243.167 3213.73 3167.88 2870.67 297.211 531.825 2223.47 124.054 209.389 1110.23 155.11 153 100.588
internal_count=1275144 640458 634686 560788 149131 88173 491327 153736 15453 10629 138283 26227 73898 60958 60372 78458 407052 18917 59791 58949 48667 10282 9715 46077 14107 4199 112056 10613 14295 5259
is_linear=0
shrinkage=0.08


Tree=63
num_leaves=31
num_cat=0
split_feature=6 8 8 0 5 6 6 6 1 4 1 1 1 0 9 8 4 1 0 1 4 6 9 5 6 0 6 0 5 5
split_gain=1423.93 838.569 492.388 245.167 130.39 129.737 94.79 89.4828 88.2389 72.9548 91.367 71.9038 44.6714 44.3166 35.056 34.8529 33.0625 32.3954 54.3095 65.6215 26.9624 24.8696 23.493 21.6378 20.9588 20.433 19.7016 28.6503 17.6576 16.7513
threshold=0.50108224153518688 1.0000000180025095e-35 1.0000000180025095e-35 0.88478556275367748 0.30564402043819433 0.39755295217037206 0.96788921952247631 0.36253654956817633 0.89009663462638866 8.5000000000000018 0.51649147272109996 0.91545844078063976 0.45923791825771337 0.95275297760963451 1.0000000180025095e-35 0.75000000000000011 1.5000000000000002 0.32466214895248419 0.51000401377677929 0.51191151142120372 5.5000000000000009 0.85372987389564525 1.0000000180025095e-35 0.35566239058971411 0.59384471178054821 0.60736888647079479 0.44923661649227148 0.66978195309638988 0.37525510787963873 0.5247064232826234
decision_type=2 2 2 2 2 2 2 2 2 2 2 2 2 2 2 2 2 2 2 2 2 2 2 2 2 2 2 2 2 2
left_child=1 8 13 6 7 15 9 12 26 11 -11 -4 25 17 29 -6 -14 -2 21 -20 -5 -19 -10 -16 -15 -3 -1 -28 -29 -7
right_child=2 4 3 20 5 14 -8 -9 22 10 -12 -13 16 24 23 -17 -18 18 19 -21 -22 -23 -24 -25 -26 -27 27 28 -30 -31
leaf_value=-0.077313394722304071 0.046350677956657198 -0.056267058162921088 0.022032878158747417 0.075533632743540371 -0.071481841094907697 0.0101275815634539 0.059188353955678077 0.10421609644423631 -0.00010542713709581988 0.045108087742575742 -0.017595289385758908 0.058818614279867794 0.019933593975853991 -0.011212684893145412 0.029467475886231317 -0.025941947333707475 -0.0013415332832495302 -0.051820655254797253 0.055736892556945777 -0.0030032821641590626 0 0.010939172501354007 -0.054939135585374742 -0.033675382932821123 0.064824993760769584 0.049061306400401419 -0.064611942065189609 0.06978892708026746 -0.023183020340502042 0.085404483481798493
leaf_weight=1741.7199499250855 80.494204979855567 105.22348612360656 1471.2850654395297 1071.7034545510542 353.49564833426848 299.63464517286047 568.3654240288306 51.204417373519391 150.4443743515294 205.68601806415245 500.02325232326984 455.29348985175602 637.19559526629746 24.481773460283875 34.555903926491737 184.15912026539445 1674.0089879129082 195.44884971156716 122.36782231507823 2722.5080292592756 30.491124541964382 43.704395491629839 74.658013235079125 215.09196701832116 90.245483436621726 7.7273576823063186 155.49229466402903 12.579299707431344 45.960353199392557 16.406658463645726
leaf_count=448765 1722 13134 102812 244838 54961 10186 91312 1443 8602 11200 35889 70358 16237 277 1193 5171 37986 6900 2493 44525 4049 513 6224 9292 13800 136 28160 465 2390 267
internal_value=0.000275695 -0.0296847 0.02306 0.0408415 -0.0057809 -0.0286064 0.0294713 0.00436578 -0.0687337 0.0228941 0.000643882 0.0309388 0.00198064 -0.000249848 -0.00149404 -0.056561 0.00448528 -0.00210261 -0.00349203 -0.000327168 0.0734327 -0.039707 -0.0197857 -0.0238999 0.0474722 -0.0459304 -0.0742211 -0.047136 0 0.0158031
internal_weight=13341.7 5759.56 7582.1 4302.85 3578.7 1103.34 3200.65 2475.36 2180.85 2632.29 705.709 1926.58 2424.16 3279.25 565.689 537.655 2311.2 3164.52 3084.03 2844.88 1102.19 239.153 225.102 249.648 114.727 112.951 1955.75 214.032 58.5397 316.041
internal_count=1275300 644612 630688 560458 150006 81070 311571 68936 494606 220259 47089 173170 67493 70230 20938 60132 54223 56153 54431 47018 248887 7413 14826 10485 14077 13270 479780 31015 2855 10453
is_linear=0
shrinkage=0.08


Tree=64
num_leaves=31
num_cat=0
split_feature=6 8 8 6 2 3 0 2 5 6 2 0 3 0 3 9 5 6 0 0 4 0 5 4 5 5 0 4 3 2
split_gain=1278.69 670.572 418.556 240.334 133.567 121.115 95.1124 83.417 67.9038 56.4156 54.9036 53.9955 52.8901 48.5035 49.9499 43.3434 68.3192 43.3139 42.4997 41.611 40.2363 44.3477 37.6641 26.0036 21.9963 21.5472 20.1247 20.12 19.6976 23.6601
threshold=0.61348485946655285 1.0000000180025095e-35 0.75000000000000011 0.44923661649227148 0.95861870050430309 0.87026646733284008 0.51191151142120372 0.56980520486831676 0.36402158439159399 0.97881317138671886 0.19433516263961795 0.84877073764801036 0.78192934393882763 0.77376341819763195 0.76253134012222301 1.0000000180025095e-35 1.0000000180025095e-35 0.38364128768444067 0.33520600199699407 0.628892481327057 8.5000000000000018 0.76506900787353527 0.53583100438117992 5.5000000000000009 0.69705626368522655 0.21800179779529574 0.51000401377677929 5.5000000000000009 0.94494947791099559 0.67826876044273388
decision_type=2 2 2 2 2 2 2 2 2 2 2 2 2 2 2 2 2 2 2 2 2 2 2 2 2 2 2 2 2 2
left_child=1 3 4 11 9 13 7 10 26 18 -3 -1 20 -4 24 17 -17 -14 -2 -10 21 -8 -20 -7 -15 -12 -5 -16 29 -25
right_child=2 6 5 8 -6 23 12 -9 19 -11 25 -13 15 14 27 16 -18 -19 22 -21 -22 -23 -24 28 -26 -27 -28 -29 -30 -31
leaf_value=-0.076006835746745605 0.059506533544577148 0.094741491497334532 0.03996418441584991 -0.028131188594624483 0.074404534620320859 0.072393151469902037 0.0024524818994212548 0.090208073493941845 -0.050666974086597073 0.052237743178289088 -0.020562897980490581 -0.011187286010863448 0.01106915244318859 0.0067588879143978134 0.030717431021022246 0.010093248554755151 -0.044144417166737233 0.048039883557552225 0.016676666837450917 -0.011613744019979104 -0.035973791141225293 -0.040831883338915881 -0.0041613305551935122 0.053438223979565283 -0.096994420438724679 -0.054122596762379849 0.060501555059618281 -0.015993145691590972 0.055344339585821245 -0.022781264113466031
leaf_weight=1663.558126680553 75.287909996230155 13.957231395645065 909.01201827824116 14.745626425836234 178.93370531522669 1043.3479777148459 1167.086902394658 28.666542360326275 307.03546506119892 145.35348870395683 218.62883973214775 94.640293952077627 767.46996403066441 14.415636468678711 199.66266788728535 583.9687630571425 193.16850436246023 282.32080733170733 711.7025744644925 437.76929722679779 287.47515303618275 168.3202961999923 2449.9725856764708 42.193083356134593 35.236424386966974 386.72331729601137 74.653558842837811 74.289568849373609 377.06464353669435 50.660321468487382
leaf_count=457935 1562 641 103392 2377 35502 261615 37865 824 34885 14782 13155 4774 17178 776 24638 13878 4821 8262 11778 9044 14872 2246 65598 6029 2005 47724 2514 2367 66466 6052
internal_value=0.000282667 -0.0240599 0.0261276 -0.0558654 0.00795613 0.0495794 -0.00385601 -0.0318641 -0.0200767 0.00428895 -0.0384481 -0.0726501 0.00139692 0.0305223 0.00330836 0.0107592 -0.00337975 0.021344 0.00200925 -0.0281568 -0.00904483 -0.00301585 0.000497764 0.0648452 -0.0660813 -0.0425321 0.0434717 0.0174174 0.047164 0.011179
internal_weight=12997.3 6690.19 6307.13 2592.4 3561.25 2745.88 4097.79 647.976 834.204 3382.32 619.309 1758.2 3449.81 1232.62 323.604 1826.93 777.137 1049.79 3236.96 744.805 1622.88 1335.41 3161.68 1513.27 49.6521 605.352 89.3992 273.952 469.918 92.8534
internal_count=1275557 672995 602562 511529 129222 473340 161466 62344 48820 93720 61520 462709 99122 133178 29786 44139 18699 25440 78938 43929 54983 40111 77376 340162 2781 60879 4891 27005 78547 12081
is_linear=0
shrinkage=0.08


Tree=65
num_leaves=31
num_cat=0
split_feature=6 8 8 3 6 8 4 1 2 2 6 2 4 4 6 3 3 9 6 9 2 1 1 4 6 6 6 3 1 1
split_gain=1147.74 694.646 477.866 265.516 118.487 186.703 102.77 215.634 82.7733 76.9976 71.5436 56.8408 49.8259 44.8319 41.3491 40.0939 33.1537 30.1037 43.3359 27.3735 21.4797 19.4993 19.4152 18.8345 18.4229 18.0864 17.2132 16.6158 36.8542 14.6896
threshold=0.47895757853984838 1.0000000180025095e-35 1.0000000180025095e-35 0.90366768836975109 1.0000000180025095e-35 0.75000000000000011 4.5000000000000009 0.80217391252517711 0.75123763084411632 0.8521554470062257 0.81844761967659008 0.95861870050430309 2.5000000000000004 5.5000000000000009 0.43683740496635443 0.75931033492088329 0.61451050639152538 1.0000000180025095e-35 0.93359273672103893 1.0000000180025095e-35 0.50287356972694408 0.64630925655365001 0.62258651852607738 16.500000000000004 0.96881943941116344 0.96672815084457409 0.38605175912380224 0.96178188920021068 0.99565216898918163 0.82426470518112194
decision_type=2 2 2 2 2 2 2 2 2 2 2 2 2 2 2 2 2 2 2 2 2 2 2 2 2 2 2 2 2 2
left_child=1 8 11 6 12 14 9 10 -1 24 -8 17 -3 -5 -6 -9 -14 27 29 26 -7 -20 -22 -18 -4 -15 -10 28 -2 -19
right_child=2 4 3 13 5 20 7 15 19 -11 -12 -13 16 25 -16 -17 23 18 21 -21 22 -23 -24 -25 -26 -27 -28 -29 -30 -31
leaf_value=-0.075651509661859212 0.0024400456864151453 0.017532591341875965 0.020280636833164591 0.072442920789393184 -0.066842287489629323 -0.021410253216862817 0.0019820545579917344 -0.11949477877576371 -0.029071647456370933 0.070212771688513906 0.047574471849015323 0.049760456108241168 -0.046919270210301206 0.031921287034317278 -0.0046995565179811178 -0.040602158142274733 0 -0.011055458435303702 0.053255755785882437 -0.05876911273672028 0.054141376109456185 0.0025593233800027576 0.0067086595391531254 -0.036117604607792862 0.054038440574304659 0.066577524941268007 0.02681460947256924 0.018126809026079129 -0.047881349191896336 -0.029186477263087394
leaf_weight=1593.875399868004 1201.1184724541381 873.92281004134566 878.63477765349671 1095.7377199667972 531.55688916984946 127.21008873544633 515.84631825005636 56.674302733503282 57.835119241382927 325.00671874172986 390.42441047751345 121.79208493791521 115.75474367430434 391.05957896634936 85.906060162000358 196.17245156317949 1174.2732351617888 657.2773390924558 54.227748572826385 68.090841756900772 65.155809293501079 320.19394068280235 327.09766127634794 95.151188877411187 124.69777892762795 157.27643750235438 74.575128757860512 349.90651069348678 95.74040333321318 581.42771833855659
leaf_count=470723 21757 20008 59827 275933 79699 4969 11083 1834 5248 56842 42714 15802 10034 52466 4748 9280 21399 18489 1037 6420 1560 6781 3564 1666 19262 33043 2351 6809 664 9100
internal_value=-0.000399851 -0.0293272 0.0195691 0.037808 -0.00796839 -0.0289829 0.0211545 0.00356206 -0.0695273 0.0363149 0.0219523 -0.00268968 0.00257743 0.062767 -0.0585608 -0.0608803 -0.00677196 -0.00477147 -0.0125398 -0.0194083 0.0060931 0.0109285 0.0155726 -0.00281579 0.024882 0.0426625 0.00107019 0.00275628 -0.00132165 -0.0197776
internal_weight=12703.6 5190.4 7513.21 4131.53 3396.03 1136.93 2487.46 1159.12 1794.38 1328.34 906.271 3381.68 2259.1 1644.07 617.463 252.847 1385.18 3259.89 1613.13 200.501 519.464 374.422 392.253 1269.42 1003.33 548.336 132.41 1646.77 1296.86 1238.71
internal_count=1275112 632389 642723 562284 147647 94540 200842 64911 484742 135931 53797 80439 53107 361442 84447 11114 33099 64637 35407 14019 10093 7818 5124 23065 79089 85509 7599 29230 22421 27589
is_linear=0
shrinkage=0.08


Tree=66
num_leaves=31
num_cat=0
split_feature=8 0 1 4 2 3 0 1 6 6 0 6 6 1 3 1 6 9 6 1 3 6 6 0 9 4 4 1 0 6
split_gain=1057.1 449.639 247.72 215.016 203.657 138.06 137.409 122.069 108.114 194.223 114.757 98.886 84.5562 74.183 67.7082 62.1404 59.0523 57.7573 47.7151 43.4871 59.9477 41.995 36.1118 34.6407 27.6844 24.6378 24.3594 20.6187 43.9429 20.4994
threshold=0.75000000000000011 0.5673658847808839 0.66300368309021007 6.5000000000000009 0.88036698102951061 0.8216732144355775 0.28718703985214239 0.70438539981842052 0.45729483664035803 1.0000000180025095e-35 0.8019607961177827 0.4723315834999085 0.66915422677993786 0.58380147814750682 0.76138716936111461 0.85053193569183361 0.97227710485458385 1.0000000180025095e-35 0.99799197912216198 0.60736888647079479 0.94494947791099559 1.0000000180025095e-35 1.0000000180025095e-35 0.69860395789146434 1.0000000180025095e-35 16.500000000000004 5.5000000000000009 0.81872946023941051 0.6820855736732484 0.75309395790100109
decision_type=2 2 2 2 2 2 2 2 2 2 2 2 2 2 2 2 2 2 2 2 2 2 2 2 2 2 2 2 2 2
left_child=1 2 6 -4 12 8 11 -7 9 23 13 -1 24 -10 21 -12 17 -9 19 -14 -21 -8 25 -3 -2 -5 -6 28 -26 -24
right_child=4 5 3 22 26 7 14 16 10 -11 15 -13 18 -15 -16 -17 -18 -19 -20 20 -22 -23 29 -25 27 -27 -28 -29 -30 -31
leaf_value=-0.059396322130303263 0.018292621669378884 0.0055876633289292498 0.083407666559644281 0.028398424340721387 0.073598655812952579 0.058052838878443702 -0.027660291894235634 0.010466108986266376 0.051026385455215081 -0.066827671322305951 -0.0070497340195647788 0.073593586928442867 0.059658921254644712 -0.00095704149382574717 0.0043197388773006861 -0.10455837832364485 0.059109294906410467 -0.011255639670760135 0.07275301300627969 0.011389550523537897 0.051404555322862554 -0.070825193976660469 -0.06919439433530214 -0.025375069782841275 -0.02198762268067635 -0.042211623898073931 0 -0.057598382295322215 0.03793882566738644 -0.0028078715881626375
leaf_weight=55.100738146575168 539.23823461774737 512.47575429454446 155.59348461404443 79.877288406714797 840.78219473850913 271.66226318851113 183.11080060852692 1712.6242328679655 201.72066375124268 593.93762940377928 81.24929087003693 81.974071421660483 282.57060075947084 1133.6007677924354 86.321129651274532 92.399942904245108 109.32621715776622 1434.1857222293038 212.38761587487534 794.02055904059671 350.74019367899746 1514.4231194176245 131.17385647818446 405.48312008567154 233.38049745187163 45.155190724879503 31.290612227283418 44.874939478933811 111.21938085742295 45.234643313568085
leaf_count=14942 11706 6451 5085 748 228755 8779 15414 69952 6010 139867 1324 2619 35075 27227 7667 1144 15044 58344 45756 88811 70711 376082 22908 2527 4580 419 4264 1125 1426 832
internal_value=-2.93084e-05 -0.0145633 -0.0443258 0.00823414 0.0376 -0.00370587 -0.056903 0.00700766 -0.016261 -0.031347 -0.000986475 0.0187998 0.0260701 0.00693753 -0.0628459 -0.0613046 0.00261738 0.00051332 0.0369905 0.0313219 0.023959 -0.0663579 -0.0307735 -0.00797929 0.00652303 0.00102474 0.0710335 -0.009392 -0.00192275 -0.0536001
internal_weight=12367.1 8926.63 2377.96 457.034 3440.5 6548.67 1920.93 3527.8 3020.87 1511.9 1508.97 137.075 2568.43 1335.32 1783.86 173.649 3256.14 3146.81 1639.72 1427.33 1144.76 1697.53 301.441 917.959 928.713 125.032 872.073 389.475 344.6 176.408
internal_count=1275594 783385 446716 29992 492209 336669 416724 152119 184550 148845 35705 17561 259190 33237 399163 2468 143340 128296 240353 194597 159522 391496 24907 8978 18837 1167 233019 7131 6006 23740
is_linear=0
shrinkage=0.08


Tree=67
num_leaves=31
num_cat=0
split_feature=8 0 1 2 4 2 0 1 5 5 0 0 2 1 5 5 0 7 5 5 0 4 4 4 5 5 2 2 0 1
split_gain=908.497 412.399 212.861 193.943 184.967 105.09 102.386 95.8022 77.4858 60.8755 56.1969 52.5795 77.203 58.9916 50.0835 43.8033 43.7964 42.1769 36.1193 32.3226 31.5399 22.4421 21.4077 19.2249 18.5863 17.901 10.6315 5.72314 5.55313 5.67729
threshold=0.75000000000000011 0.5673658847808839 0.6789083480834962 0.88036698102951061 6.5000000000000009 0.9569842815399171 0.270728349685669 0.53694942593574535 1.0000000180025095e-35 0.43645593523979193 0.61938297748565685 0.88989898562431347 0.8019607961177827 0.92390406131744396 0.99805447459220897 0.29490134119987493 0.88273492455482494 1.0000000180025095e-35 0.57979589700698864 0.40633355081081396 0.91922956705093395 17.500000000000004 5.5000000000000009 1.5000000000000002 0.42008402943611151 0.30019763112068182 0.61633428931236278 0.52419984340667736 0.55848154425621044 0.75147059559822094
decision_type=2 2 2 2 2 2 2 2 2 2 2 2 2 2 2 2 2 2 2 2 2 2 2 2 2 2 2 2 2 2
left_child=1 2 6 14 28 7 19 10 23 -10 24 13 -13 -9 15 -2 17 -17 20 -1 -7 26 -5 -8 -3 -22 -6 -23 -4 -30
right_child=3 5 4 22 21 18 8 11 9 -11 -12 12 -14 -15 -16 16 -18 -19 -20 -21 25 27 -24 -25 -26 -27 -28 -29 29 -31
leaf_value=-0.03386384461109028 0.081368183526203203 -0.037305682300219613 0.095501116641802608 0.072156527830171721 -0.018493409046095019 0.069579439333043114 0.042919632104738509 -0.015491213441859003 -0.075824898799111334 -0.040068174780054443 0.073055149163643002 0.062049273605771671 -0.0015295708973175259 0.0049512717956055313 0.07569516264305487 0.014818777949447654 0.069954468234195336 0.074615587988335647 0.069350351159430765 0.052419365025316529 0.025813870046643022 -0.070684124673369486 0.000388894661678771 -0.022864567022132149 0.027992781248598449 -0.016334260314525135 0.034591167117376219 -0.0024858371159676811 -0.003660141514263456 0.059498913574458474
leaf_weight=37.938425041735172 73.566215050406754 48.8688232335262 109.04830967867747 782.81433366425335 146.119766586693 56.396462814183906 26.88330939412117 3955.0539538401645 1062.2047075945884 488.1131112924777 146.69463737728074 151.34454813692719 538.79580524703488 1153.9234592991415 114.5479310231749 2148.5768865810242 103.18846377078444 75.307395422598347 131.50449320627376 69.113867865875363 123.9212415642105 69.21547947707586 32.233850705437362 201.96537963766605 51.921155594522133 120.93016619700938 22.385947292204946 14.80195071082562 10.487862390233206 10.897951526567338
leaf_count=9625 1738 11631 2942 228359 10112 2369 1682 194570 351397 43092 8002 6377 30275 35107 27840 195237 23181 10546 30538 3999 8224 6580 4353 14486 2623 6305 803 925 364 266
internal_value=5.79175e-05 -0.0134662 -0.0427817 0.0356006 0.0111313 -0.00314961 -0.0538127 -0.00590798 -0.0584041 -0.0648349 0.0422435 -0.0080251 0.0125288 -0.0108424 0.0244251 0.02176 0.0196365 0.0170783 0.0346533 0.0202668 0.0180994 -0.0283566 0.069533 -0.0137001 -0.00242208 0.00444656 -0.00972537 -0.061281 0.0869867 0.0276369
internal_weight=12078.8 8748.53 2269.18 3330.24 382.957 6479.35 1886.22 6046.6 1779.17 1550.32 247.485 5799.12 690.14 5108.98 2515.19 2400.64 2327.07 2223.88 432.752 107.052 301.248 252.523 815.048 228.849 100.79 244.851 168.506 84.0174 130.434 21.3858
internal_count=1273548 782294 446273 491254 21992 336021 424281 288585 410657 394489 22256 266329 36652 229677 258542 230702 228964 205783 47436 13624 16898 18420 232712 16168 14254 14529 10915 7505 3572 630
is_linear=0
shrinkage=0.08


Tree=68
num_leaves=31
num_cat=0
split_feature=3 2 0 0 1 2 2 1 2 0 1 0 3 4 0 1 2 1 5 1 4 5 4 1 0 5 0 5 0 0
split_gain=584.811 262.845 186.823 178.655 200.288 166.387 145.89 139.449 133.821 127.742 189.233 183.789 123.607 145.555 108.333 221.739 105.378 97.8857 97.4572 93.0468 92.4599 90.9368 87.8242 70.0476 51.4964 49.5589 49.4323 46.1219 45.6497 34.0405
threshold=0.8216732144355775 0.58898946642875682 0.28718703985214239 0.78456193208694469 0.83910790085792553 0.83910790085792553 0.94609123468399059 0.69614070653915416 0.70396453142166149 0.53144779801368724 0.58898946642875682 0.62258651852607738 0.9569842815399171 4.5000000000000009 0.70396453142166149 0.6911335587501527 0.78456193208694469 0.64326766133308422 1.0000000180025095e-35 0.78629976511001598 4.5000000000000009 0.51935565471649181 11.500000000000002 0.74388790130615245 0.89377820491790783 0.42482461035251623 0.65240275859832775 0.65636926889419567 0.48528139293193823 0.51191151142120372
decision_type=2 2 2 2 2 2 2 2 2 2 2 2 2 2 2 2 2 2 2 2 2 2 2 2 2 2 2 2 2 2
left_child=1 2 25 8 16 -6 7 29 14 17 11 -11 13 24 19 -16 23 27 -12 -3 -7 -8 -19 -5 -9 -1 -10 -4 -14 -2
right_child=6 3 9 4 5 20 21 12 26 10 18 -13 28 -15 15 -17 -18 22 -20 -21 -22 -23 -24 -25 -26 -27 -28 -29 -30 -31
leaf_value=-0.012367854389616141 -0.0093091711289270667 -0.0083996162628759818 -0.062956619988711035 0.020172014223152596 -0.14006903325844458 0.029284795869844404 0.017738190864696662 0.0026474098508570236 0.056781450395026405 -0.020374461090215307 -0.0053006544777762709 0.059384688305639526 -0.033488312131031976 -0.02798524131641153 0.033398694149185747 -0.11204119400103144 0.038418244778681665 0.074487495549291197 -0.075109787183418555 0.046378037735788878 -0.094446869646378939 0.07307486112534109 -0.051487786435928967 -0.11869706510784629 0.036309452849245583 0.070654908221059312 0.018670886514505883 -0.011562859083484534 0.02733976792387903 0.064434684968586189
leaf_weight=63.479529976146296 39.196530438959599 960.95507950591855 1351.8118815412745 34.064529453404248 158.47689708392136 88.987617308273911 335.89122103829868 959.55911466642283 297.03615963226184 577.48254414577968 192.50424716155976 265.40957470284775 76.233917464734986 909.68321524350904 108.12357575306669 159.02772290725261 208.31196326669306 67.070124658057466 415.40119035937823 244.33026065817103 59.803356124088168 475.80109102721326 63.859304928220809 52.335943848127499 420.56559588178061 129.32818015129305 905.6254905287642 133.01662202971056 1754.8932920033112 384.99794388981536
leaf_count=13828 3361 71073 339865 1382 4133 4278 27501 57494 16047 89404 2448 19532 6367 37047 6039 8234 7563 4369 55149 9820 902 155545 8165 1996 49740 11343 45780 6761 179033 30266
internal_value=-0.000171987 -0.0162393 -0.0323071 -0.000184728 -0.0394224 -0.0841141 0.0194005 0.0137404 0.00864235 -0.0371492 -0.0196406 0.00475346 0.00916221 -0.00316889 -0.00743848 -0.0530576 0.00726521 -0.0526626 -0.0534881 0.0027182 -0.0208599 0.0506204 0.0122336 -0.0640872 0.0131148 0.0428901 0.0284121 -0.0585142 0.0246359 0.0572187
internal_weight=11893.3 6536.44 3259.36 3277.08 601.98 307.268 5356.82 4545.13 2675.1 3066.56 1450.8 842.892 4120.94 2289.81 1472.44 267.151 294.712 1615.76 607.905 1205.29 148.791 811.692 130.929 86.4005 1380.12 192.808 1202.66 1484.83 1831.13 424.194
internal_count=1274465 728111 550864 177247 20254 9313 546354 363308 156993 525693 166533 108936 329681 144281 95166 14273 10941 359160 57597 80893 5180 183046 12534 3378 107234 25171 61827 346626 185400 33627
is_linear=0
shrinkage=0.08


Tree=69
num_leaves=31
num_cat=0
split_feature=8 0 1 0 6 4 5 0 6 5 1 6 5 8 6 0 0 1 5 6 4 1 4 6 6 0 5 1 9 4
split_gain=757.449 360.314 197.825 163.403 135.714 135.632 103.259 97.1351 89.1985 313.865 113.479 83.4569 56.6572 56.4387 50.419 41.5825 40.5026 38.4792 35.0453 34.6632 33.696 31.5021 31.0457 30.3385 29.5692 27.244 24.7538 23.5883 24.964 23.4159
threshold=0.75000000000000011 0.57735043764114391 0.6789083480834962 0.88478556275367748 0.53866082429885875 7.5000000000000009 1.0000000180025095e-35 0.33520600199699407 0.43683740496635443 0.26789985597133642 0.60922586917877208 0.68505835533142101 0.3080128282308579 1.0000000180025095e-35 0.99086740612983715 0.89512962102890026 0.64899963140487682 0.78629976511001598 0.68435126543045055 0.86978259682655346 5.5000000000000009 0.92031747102737438 8.5000000000000018 0.38477630913257604 0.33262412250041967 0.73363915085792553 0.44835317134857183 0.93127068877220165 1.0000000180025095e-35 16.500000000000004
decision_type=2 2 2 2 2 2 2 2 2 2 2 2 2 2 2 2 2 2 2 2 2 2 2 2 2 2 2 2 2 2
left_child=1 2 4 11 6 -4 -1 -6 9 17 16 12 24 21 18 -15 20 -3 -13 -9 -10 -12 -20 -14 -2 -19 -25 -11 -29 -7
right_child=3 8 5 -5 7 29 -8 19 10 27 13 14 23 15 -16 -17 -18 25 22 -21 -22 -23 -24 26 -26 -27 -28 28 -30 -31
leaf_value=-0.015848586112361451 0.0049148072849078961 -0.011405987204214348 0.064477427314557315 0.068965820364676772 0.05941630300613289 -0.006085334307940715 -0.075144150565403037 -0.043281741788125959 -0.018646230760941258 -0.067865925088813436 -0.012373433234824227 0.05014502502319064 -0.035802042771482849 0.010086168620470737 0.072764605854864092 0.057239606843845749 0.074709983400485347 0.0298601459525016 0.029401545697205829 0.013341742310762426 0.05003089425591805 0.0052944986644747737 -0.0020902275759225371 0.018664268416775393 0.099406755579540193 0.0033053268936580316 -0.010665457290217395 -0.0027384392313028853 -0.06776498061676374 -0.056487519099861327
leaf_weight=239.37380707170814 40.194471007212996 690.87717045820318 166.15865595079958 654.03191952290945 86.340075454674661 157.47723443876021 1088.7434621430002 322.49395397678018 77.43964046286419 538.21610536752269 1516.6019946013112 380.64434909611009 134.16011306084692 625.80654203426093 202.18797829095274 148.32780639943667 179.1289413520135 378.08378503471613 722.50980820623226 80.175708576571196 93.267757524270564 1103.2891561982688 262.91746429633349 389.38378849159926 52.93026443105191 748.39835426677018 334.51378890359774 101.03881342639215 61.671066823648289 99.743735858937725
leaf_count=17113 894 13300 5033 215544 2360 10472 408748 6671 3371 127302 26272 50370 4290 37417 49992 31739 5932 4031 121279 2102 3559 35485 33375 6666 984 24876 8304 4016 3663 8837
internal_value=0 -0.0124487 -0.0399473 0.033322 -0.0514083 0.00889498 -0.0646765 -0.0147589 -0.00256057 -0.0142046 0.00523752 0.0238874 0.00495552 0.000688209 0.0352161 0.0196357 0.0482913 0.00328805 0.0292968 -0.0315896 0.0183216 -0.00487624 0.0208697 -0.00143953 0.0625814 0.012452 0.00491127 -0.0594881 -0.0296246 -0.0269446
internal_weight=11676.1 8502.65 2240.51 3173.47 1817.13 423.38 1328.12 489.01 6262.15 2518.29 3743.86 2519.44 951.182 3394.03 1568.26 774.134 349.836 1817.36 1366.07 402.67 170.707 2619.89 985.427 858.058 93.1247 1126.48 723.898 700.926 162.71 257.221
internal_count=1273997 782299 461336 491698 436994 24342 425861 11133 320963 177188 143775 276154 21138 130913 255016 69156 12862 42207 205024 8773 6930 61757 154654 19260 1878 28907 14970 134981 7679 19309
is_linear=0
shrinkage=0.08


Tree=70
num_leaves=31
num_cat=0
split_feature=6 8 8 2 3 1 6 8 0 0 0 6 2 9 6 0 1 6 1 0 2 3 0 6 1 2 1 0 1 2
split_gain=661.455 565.362 292.587 228.116 97.4241 105.998 95.816 118.388 67.0669 64.5523 60.6878 41.7631 34.255 26.4085 33.7794 25.086 28.3704 23.2499 22.9701 20.567 18.6767 17.6721 21.0721 16.7181 14.2946 14.098 11.6876 11.2965 45.8811 44.0938
threshold=0.4723315834999085 1.0000000180025095e-35 1.0000000180025095e-35 0.88548010587692272 0.91922956705093395 0.99565216898918163 1.0000000180025095e-35 0.75000000000000011 0.75123763084411632 0.76506900787353527 0.31643131375312811 0.43683740496635443 0.97646731138229381 1.0000000180025095e-35 0.93359273672103893 0.47413024306297308 0.61257407069206249 0.39541453123092657 0.94360822439193737 0.79502627253532421 0.71010184288024913 0.53694942593574535 0.59611794352531444 0.55588430166244518 0.67017546296119701 0.80982521176338207 0.30877573788166052 0.74210175871849071 0.74388790130615245 0.7320508360862733
decision_type=2 2 2 2 2 2 2 2 2 2 2 2 2 2 2 2 2 2 2 2 2 2 2 2 2 2 2 2 2 2
left_child=1 8 12 4 5 10 18 11 25 -7 -4 -8 13 27 19 26 -17 -10 21 -15 -20 -3 -23 -14 -16 -1 -9 29 -29 -2
right_child=2 6 3 -5 -6 9 7 15 17 -11 -12 -13 23 14 24 16 -18 -19 20 -21 -22 22 -24 -25 -26 -27 -28 28 -30 -31
leaf_value=-0.075148792941177031 0.0029464876258287784 -0.045002224052639622 0.076746499194304027 0.069549500044557816 0.047211388019336414 0.011263297432223427 -0.062275271273079968 0.014728313783205707 -0.046704131173399319 -0.11483659253302519 0.012905378138726506 0.0017751419259333801 -0.0034663869777282418 -0.0089225899729315702 0.045765987708290122 0.044853749691404411 -0.0020392786274990395 0.0057298994929157292 -0.0061948591696633906 -0.031196558025145347 0.029640823090669146 0.017216039751280179 -0.0035739389181804315 0.06240396034559987 0.0029312147672315618 0.011701797905657127 -0.059337595796536087 0.059305794493776327 -0.0081370087984647625 0.057167335665413946
leaf_weight=1145.0761203677393 678.69462511548772 49.277403085492551 96.916507469024509 782.55779614532366 670.90250926278532 38.068395164329559 428.91652472899295 11.636661842465399 109.18260811967775 60.709680444560945 1955.9901700082701 70.6717609600164 28.87095970287919 806.51882214331999 57.402934482321143 103.41297060344368 321.55857288092375 91.922334616538137 116.6418566647917 419.87152119004168 335.70592283923179 405.40883394563571 1278.8386852084659 72.950657655252144 305.67016827245243 7.6055297222919753 50.610647478140891 65.299215828068554 761.77752369362861 108.53202074859291
leaf_count=460993 16067 6322 10036 261933 139158 2154 79766 423 14473 1694 148494 4266 197 22357 1192 3042 3738 4852 1396 7816 17935 13262 14180 14243 6837 595 2696 1260 12925 1164
internal_value=3.69623e-05 -0.023706 0.0156174 0.0313652 0.0206178 0.0121614 -0.00515031 -0.0257973 -0.0668955 -0.0664956 0.0161762 -0.0529698 -0.00153057 -0.00305853 -0.0103915 0.00199507 0.00938849 -0.0224034 0.00413529 -0.016774 0.0200837 0 0.00137177 0.0429409 0.0106679 -0.0743895 -0.0430467 0.00407255 -0.00229561 0.0109373
internal_weight=11437.2 4526.47 6910.73 3605.15 2822.59 2151.68 3172.68 986.807 1353.79 98.7781 2052.91 499.588 3305.59 3203.77 1589.46 487.219 424.972 201.105 2185.87 1226.39 452.348 1733.52 1684.25 101.822 363.073 1152.68 62.2473 1614.3 827.077 787.227
internal_count=1275466 627939 647527 563469 301536 162378 147026 93931 480913 3848 158530 84032 84058 69618 38202 9899 6780 19325 53095 30173 19331 33764 27442 14440 8029 461588 3119 31416 14185 17231
is_linear=0
shrinkage=0.08


Tree=71
num_leaves=31
num_cat=0
split_feature=6 8 8 2 5 6 0 6 8 3 5 5 3 4 4 2 0 2 2 4 6 4 6 3 0 6 6 0 2 5
split_gain=581.321 532.455 275.896 199.693 107.717 78.5355 75.2434 65.6886 64.6455 54.8137 62.3285 41.9664 37.9286 49.2343 34.6598 32.4172 23.5787 81.5903 55.2205 37.0611 28.7041 23.233 19.4274 17.9563 17.2286 16.0985 15.7056 14.4274 13.6037 11.2125
threshold=0.47895757853984838 1.0000000180025095e-35 1.0000000180025095e-35 0.88548010587692272 0.30564402043819433 0.97154423594474804 0.75123763084411632 0.36253654956817633 0.75000000000000011 0.92820322513580333 0.44492964446544653 0.49358868598937994 0.75582656264305126 7.5000000000000009 5.5000000000000009 0.97646731138229381 0.79277813434600841 0.65261757373809826 0.73735308647155773 8.5000000000000018 0.55588430166244518 8.5000000000000018 0.38605175912380224 0.81872946023941051 0.66978195309638988 0.37368187308311468 0.63202878832817089 0.91331186890602123 0.93127068877220165 0.30412051081657415
decision_type=2 2 2 2 2 2 2 2 2 2 2 2 2 2 2 2 2 2 2 2 2 2 2 2 2 2 2 2 2 2
left_child=1 6 15 5 7 9 28 12 11 10 -4 -6 13 -3 -5 16 18 23 20 -19 -2 -11 29 -18 -20 -10 -17 -14 -1 -8
right_child=2 4 3 14 8 -7 22 -9 25 21 -12 -13 27 -15 -16 26 17 19 24 -21 -22 -23 -24 -25 -26 -27 -28 -29 -30 -31
leaf_value=-0.073998556153408099 -0.032270113920108132 0 0.039208938516526036 0.07171907095500854 -0.057779662455534384 0.055935911502270175 0 0.096541298990598184 -0.031221566914367862 0.053970900679127062 0.0023227679774118449 0.060242011659452595 0.0067641100114055721 -0.04548976964550154 -0.013538805719269012 0 -0.018560322258009545 -0.011902348172513275 0.061327878923609538 -0.057524865468955425 -0.00021524558202697019 0.015843162113018467 0.002146988036173041 0.073705048669954462 0.018670540412439394 0.0027732047904113571 0.065961153292132493 0.029516392500814514 0.031054347847292642 -0.059829482835722932
leaf_weight=1085.7591293398291 205.21294666733593 633.97793627157807 359.66996074281633 700.21922864741646 380.09775559953414 356.98932212195359 22.27278412412852 43.716907048597932 117.40990082267672 292.56825720984489 1558.5961283545475 15.051549422787501 1268.6377010273281 196.55890731001273 27.108395364135504 32.786065408028662 10.91942785354331 1013.0678078073543 75.713528977707028 127.6103652138263 1267.131787372753 185.94904766487889 113.05473436787724 77.382790111005306 392.23487438820302 301.50849307514727 61.474100589752197 212.31379679217935 3.2600265750661483 71.058287520892918
leaf_count=465282 20160 19596 9259 258152 69650 80428 2748 1357 3622 67488 116580 560 18722 15841 3953 533 141 21736 924 1155 15405 27054 6279 1832 4564 4929 14075 13296 80 10428
internal_value=0.000509726 -0.0218535 0.0153422 0.0309935 -0.00410596 0.0209889 -0.0649681 0.00451708 -0.0291242 0.0156115 0.00940598 -0.0521877 0.00250295 -0.0110483 0.0682522 -0.00132541 -0.00277861 -0.0114501 0.00264699 -0.0173747 -0.0048854 0.0398026 -0.019049 0.0601975 0.0264861 -0.00663292 0.0436017 0.010222 -0.0733973 -0.0451552
internal_weight=11209.3 4464.68 6744.63 3481.1 3169.27 2753.77 1295.4 2355.21 814.068 2396.78 1918.27 395.149 2311.49 830.537 727.328 3263.53 3169.27 1228.98 1940.29 1140.68 1472.34 478.517 206.386 88.3022 467.948 418.918 94.2602 1480.95 1089.02 93.3311
internal_count=1275829 632390 643439 562914 147573 300809 484817 68812 78761 220381 125839 70210 67455 35437 262105 80525 65917 24864 41053 22891 35565 94542 19455 1973 5488 8551 14608 32018 465362 13176
is_linear=0
shrinkage=0.08


Tree=72
num_leaves=31
num_cat=0
split_feature=6 5 2 6 6 9 5 6 2 6 5 1 6 2 2 9 3 9 6 1 1 4 5 6 5 3 2 4 1 3
split_gain=491.973 455.508 232.204 147.133 129.696 82.485 100.626 100.945 74.2929 55.3935 53.7738 41.6836 39.4419 35.6757 35.1033 26.1619 23.035 22.9333 22.033 13.7806 13.1149 12.5257 9.5941 8.83509 8.82036 7.3531 6.45081 6.36629 5.21907 5.19755
threshold=0.4723315834999085 0.25658351182937628 0.94609123468399059 0.97881317138671886 0.39541453123092657 1.0000000180025095e-35 0.41799478232860571 0.70782846212387096 0.56635218858718883 0.95666620135307323 0.33260554075241094 0.48050633072853094 0.63202878832817089 0.75123763084411632 0.86706829071044933 1.0000000180025095e-35 0.58898946642875682 1.0000000180025095e-35 0.29571340978145605 0.58643677830696117 0.18808962404727939 16.500000000000004 0.38364128768444067 0.36074022948741918 0.28996570408344274 0.88493064045906078 0.48313754796981817 5.5000000000000009 0.70438539981842052 0.83935481309890758
decision_type=2 2 2 2 2 2 2 2 2 2 2 2 2 2 2 2 2 2 2 2 2 2 2 2 2 2 2 2 2 2
left_child=1 14 3 5 13 9 22 -8 20 11 -10 -2 -4 25 16 23 19 -12 21 -1 -6 -18 -7 -15 -22 -3 -20 -21 -27 -5
right_child=2 4 12 29 8 6 7 -9 10 -11 17 -13 -14 15 -16 -17 18 -19 26 27 24 -23 -24 -25 -26 28 -28 -29 -30 -31
leaf_value=-0.048441085580091484 0.041827578417111204 -0.071645578335511773 0.0069352821450920669 0.042530462724982093 0.047004098467009155 0.06840164661754064 -0.032720085548147072 0.002288568168182467 0.075764033740025494 0.062193040588411644 0.0059873349766432719 0.0096952267030246692 0.074502376050276084 -0.025382501671526479 0.029843635761022884 -0.070290346963984271 0.0031253617423485161 -0.033551516259310354 0 0.027754848036191535 0.016141271872744934 -0.02632193292724793 0.025761420350464324 0.012554421778001937 -0.053365066125742627 0.0049255810564055981 0.098260055409490663 -0.035889664417414945 -0.043160205071887246 0.069654707251999501
leaf_weight=89.733869963558391 287.09569765208289 1002.8862827613484 70.432989075081423 165.33972770394757 3.5123733268119386 107.09948636894114 734.74312825594097 1807.4334773372393 49.014250300242566 151.65086993342265 225.82191559113562 2654.5954906935804 440.82106517162174 97.904376484919339 290.56543747894466 72.7497546763625 1722.4720870698802 148.54122110363096 3.6183813563548055 26.751923697884195 6.3866517022252074 92.06379407143686 84.243737252429128 53.295904072467238 323.93658075341955 11.409013337455688 14.720884191803632 8.6659993818029744 43.085489245830104 201.20268494170159
leaf_count=17924 15669 400333 4501 27846 526 3135 23431 134001 2518 25807 13739 168974 181357 4550 17014 5599 29313 13758 1131 559 1544 2764 3085 2432 102570 1610 1933 508 6841 59543
internal_value=0.000507079 -0.0206296 0.0140516 0.00971597 -0.0479742 0.00656667 -0.0035091 -0.00781123 -0.0212106 0.0155133 0.000753552 0.0129511 0.0656612 -0.063522 0.00414102 -0.0320819 0.000179026 -0.00951472 0.00256255 -0.0322563 -0.0491383 0.00147514 0.0515772 -0.0110121 -0.0513234 -0.069848 0.0799329 0.00571038 -0.0308357 0.0585872
internal_weight=10991.8 4287.14 6704.66 6193.4 2038.54 5826.86 2733.52 2542.18 757.213 3093.34 423.377 2941.69 511.254 1281.33 2248.59 223.95 1958.03 374.363 1832.88 125.152 333.836 1814.54 191.343 151.2 330.323 1057.38 18.3393 35.4179 54.4945 366.542
internal_count=1274515 627166 647349 461491 556020 374102 163652 157432 134655 210450 30015 184643 185858 421365 71146 12581 54132 27497 35141 18991 104640 32077 6220 6982 104114 408784 3064 1067 8451 87389
is_linear=0
shrinkage=0.08


Tree=73
num_leaves=31
num_cat=0
split_feature=8 3 6 2 6 4 3 6 4 1 0 2 3 6 6 1 1 2 0 0 9 8 0 4 0 1 6 6 1 4
split_gain=471.532 270.774 180.295 167.481 101.322 77.6913 81.5607 66.3057 65.7835 84.5312 49.9918 63.0456 48.2402 45.8088 156.485 51.3625 43.6121 146.072 73.4409 42.29 41.3192 39.8398 33.0754 33.0506 31.6323 26.6132 46.3871 41.2402 21.1058 20.5307
threshold=0.75000000000000011 0.65419578552246105 0.53866082429885875 0.88548010587692272 1.0000000180025095e-35 8.5000000000000018 0.81016731262207042 0.98894992470741283 10.500000000000002 0.99565216898918163 0.3260560035705567 0.52689418196678173 0.87026646733284008 0.46186167001724249 1.0000000180025095e-35 0.59611794352531444 0.60495716333389293 0.60495716333389293 0.57307061553001415 0.48528139293193823 1.0000000180025095e-35 1.0000000180025095e-35 0.64630925655365001 8.5000000000000018 0.63686314225196849 0.52479505538940441 0.53866082429885875 0.25439137220382696 0.74849396944046032 8.5000000000000018
decision_type=2 2 2 2 2 2 2 2 2 2 2 2 2 2 2 2 2 2 2 2 2 2 2 2 2 2 2 2 2 2
left_child=1 2 4 7 29 13 25 12 9 -8 -4 -12 16 14 22 24 18 -18 -2 -10 -16 -17 -3 -14 -15 26 -7 -27 -25 -1
right_child=3 5 10 -5 -6 6 8 -9 19 -11 11 -13 23 15 20 21 17 -19 -20 -21 -22 -23 -24 28 -26 27 -28 -29 -30 -31
leaf_value=0 0.0013476976018687683 0.032392893208628523 0.057164296946893664 0.067815019499860546 -0.07037977339868276 -0.053381408983003011 0.0079654017444434188 0.06783403691465266 -0.037548165089538003 -0.075420578890971104 -0.037920947945553445 0.016987781894227536 0.048645482724370429 0.0041255739146461943 -0.022745661537485903 0.0016206156800686142 -0.074083854950775949 0.010212819766171388 0.062013536698832979 0.019282602721723323 -0.068355101515128955 0.025795294320387855 0.001903408048359738 0.063893735545425073 0.076679058880031514 -0.011117892863778274 0.052294061409380997 -0.066012621775609931 -0.0023485207218887651 -0.052380954612672455
leaf_weight=204.53465455397964 329.18924683146179 281.59438324626535 73.817654807586223 554.45425174571574 839.54193638998549 51.130203827982768 147.69036640459672 160.64655806962401 92.112227427773178 150.62787196249701 268.77558477502316 253.08868372230791 373.60589615697972 65.81326571945101 343.96718769927975 1987.4870680696331 149.69400175614282 870.17404287797399 209.88754907879047 561.73580508807208 221.85356585192494 560.60146146034822 1179.7714201612398 31.17093518958427 110.56060071266256 134.22003038984258 45.230447018519044 314.77764095843304 180.22542384895496 57.892825799994171
leaf_count=10231 18952 3257 2114 227416 390335 19115 4211 49166 7520 3366 6117 4986 85214 2292 55332 49562 7188 58631 14801 18577 48914 62687 26918 4320 4120 3656 971 52873 26917 6086
internal_value=0.000561962 -0.00944791 -0.0377344 0.0284085 -0.0568369 -0.00171398 -0.0175879 0.0187323 -0.00321736 -0.0341598 -0.00195098 -0.0110797 0.0148294 0.00326843 -0.00577967 0.0100577 0.0072982 -0.00230501 0.0256146 0.0108094 -0.0413511 0.00704202 0.00797804 0.0343957 0.0513482 -0.0421303 -0.00206742 -0.0502584 0.00793031 -0.0124071
internal_weight=10805.9 7946.82 1697.65 2859.05 1101.97 6249.17 1497.52 2304.59 952.166 298.318 595.682 521.864 2143.95 4751.65 2027.19 2724.46 1558.94 1019.87 539.077 653.848 565.821 2548.09 1461.37 585.002 176.374 545.358 96.3607 448.998 211.396 262.427
internal_count=1275845 783240 419869 492605 406652 363371 110289 265189 33674 7577 13217 11103 216023 253082 134421 118661 99572 65819 33753 26097 104246 112249 30175 116451 6412 76615 20086 56529 31237 16317
is_linear=0
shrinkage=0.08


Tree=74
num_leaves=31
num_cat=0
split_feature=6 5 2 0 6 6 1 2 4 0 5 0 0 3 2 6 6 0 6 0 9 9 1 2 1 3 2 5 5 0
split_gain=404.694 345.77 216.213 136.577 129.237 86.6332 66.4846 152.073 73.3215 55.7326 51.2935 49.309 83.8428 31.5118 27.2074 25.147 25.0375 24.3618 20.7885 19.7391 17.5751 14.9511 20.2038 10.4182 9.32436 8.0358 7.42622 6.48937 22.5093 6.4292
threshold=0.47895757853984838 0.26789985597133642 0.94932374358177196 0.60495716333389293 0.97881317138671886 0.38605175912380224 0.44562648236751562 0.45199692249298101 8.5000000000000018 0.6569296419620515 0.33260554075241094 0.51000401377677929 0.33520600199699407 0.55470088124275219 0.69732204079628002 0.61348485946655285 0.35319472849369055 0.86706829071044933 0.42022895812988287 0.64326766133308422 1.0000000180025095e-35 1.0000000180025095e-35 0.90521115064620983 0.58898946642875682 0.55403152108192455 0.83935481309890758 0.19433516263961795 0.9878295660018922 0.9208967685699464 0.58643677830696117
decision_type=2 2 2 2 2 2 2 2 2 2 2 2 2 2 2 2 2 2 2 2 2 2 2 2 2 2 2 2 2 2
left_child=1 13 4 14 6 21 11 9 -9 -8 -7 12 -2 24 18 -4 17 19 26 -15 -12 22 -5 -20 -1 27 -3 28 -6 -18
right_child=2 3 15 5 25 10 7 8 -10 -11 20 -13 -14 16 -16 -17 29 -19 23 -21 -22 -23 -24 -25 -26 -27 -28 -29 -30 -31
leaf_value=-0.059882061839815724 0.064378883471197662 0 0.013852615511170181 -0.04927054504361985 0.055221582421288384 0.065253694953868888 -0.082326953457567548 0.011600065798360617 -0.010858632858310348 0.036406229927258033 0.0027917098756325008 0.081956718434592638 -0.017830757970028376 0.0098075984248965284 0.022657120096543654 0.074575354182694759 0 0.023740942151500466 -0.045957970002067521 -0.0069996501428755669 -0.029019384345715018 -0.068603263757826674 -0.0014392505965454567 0.013685860094375507 0.0020192717248724134 0.070167057569240493 -0.074693320362559656 0.064131118399820664 -0.014717798720613524 0.10915582715828814
leaf_weight=61.223444539355114 138.01228600321338 7.3495123721659175 59.72605872922577 185.21603281528223 57.595983331324533 62.805640195147134 166.05388416349888 3885.1516813974595 1211.6079881268088 24.730518423952162 273.60783605650067 109.61096414923668 170.32226067222655 724.0398370961193 17.083970417268574 378.3943769314792 3.7226659653242704 304.66829993901774 185.70282306708395 1148.4886325267144 172.96739016880747 161.2775994935073 90.880849457345903 14.156962677720001 13.600381448050028 181.12823867751285 734.88334121939261 48.104698594659567 47.266305417520925 13.095704515231771
leaf_count=15703 8400 2553 3345 38927 10354 3415 6688 287949 52630 1473 17315 7219 9258 27847 1050 177826 1194 17582 54092 16573 17475 35568 3529 2157 818 60370 375550 10497 7054 696
internal_value=0.000377495 -0.0190172 0.0129068 -0.044093 0.00891086 -0.0221059 0.00602213 0.00354373 0.00622438 -0.0655822 7.35967e-05 0.0365862 0.0188962 0.00202781 -0.0654022 0.0669082 0.00388308 0.00294562 -0.0672792 -0.000406858 -0.00935993 -0.0480074 -0.0344011 -0.0407212 -0.0472044 0.0569549 -0.073896 0.0385718 0.0230052 0.0894213
internal_weight=10652.5 4174.77 6477.71 1905.93 6039.58 946.755 5705.49 5287.54 5096.76 190.784 509.381 417.946 308.335 2268.84 959.177 438.12 2194.02 2177.2 942.093 1872.53 446.575 437.374 276.097 199.86 74.8238 334.095 742.233 152.967 104.862 16.8184
internal_count=1275107 632044 643063 551631 461892 116229 373617 348740 340579 8161 38205 24877 17658 80413 435402 181171 63892 62002 434352 44420 34790 78024 42456 56249 16521 88275 378103 27905 17408 1890
is_linear=0
shrinkage=0.08


Tree=75
num_leaves=31
num_cat=0
split_feature=8 3 2 6 5 3 0 2 1 0 2 1 1 1 2 1 6 6 3 1 2 6 5 0 0 1 0 5 0 3
split_gain=386.307 211.467 141.536 133.221 123.424 62.9866 57.6662 55.8785 52.9321 73.2762 51.8553 59.6445 51.7122 47.08 46.3661 44.877 83.7696 40.3942 40.218 75.4428 63.8488 38.8852 38.2152 34.3343 28.0538 23.4021 42.2305 19.2033 13.0681 11.3742
threshold=0.75000000000000011 0.65419578552246105 0.90353596210479747 0.49280537664890295 1.0000000180025095e-35 0.94494947791099559 0.33520600199699407 0.60736888647079479 0.61257407069206249 0.57735043764114391 0.6106402873992921 0.80217391252517711 0.38148742914199835 0.7099788784980775 0.95861870050430309 0.54201978445053112 0.50108224153518688 0.59384471178054821 0.92820322513580333 0.84273937344551098 0.86295148730278026 0.86978259682655346 1.0000000180025095e-35 0.68783602118492138 0.93127068877220165 0.51899951696395885 0.48808848857879644 0.36323411762714392 0.43288289010524755 0.59317129850387584
decision_type=2 2 2 2 2 2 2 2 2 2 2 2 2 2 2 2 2 2 2 2 2 2 2 2 2 2 2 2 2 2
left_child=1 3 5 4 25 8 -5 21 9 12 13 -12 -2 -10 15 16 22 24 20 -20 -17 -8 -3 -9 -16 -1 -27 -26 -18 -11
right_child=2 14 -4 6 -6 -7 7 23 10 29 11 -13 -14 -15 17 18 28 -19 19 -21 -22 -23 -24 -25 27 26 -28 -29 -30 -31
leaf_value=-0.043643560641592041 0.047903876496742957 0.028805788155673407 0.06764684141994691 0.054258683421577872 -0.072742444740371767 0.045053624549252727 -0.041387753131025266 0.045784860609575533 -0.084493518021916195 0 0.027577171838991246 -0.0094782565822010712 -0.015922323848655554 -0.00049579892913268169 0.062942560349089738 -0.013844665703102547 -0.00012671033697444321 0.066304398954951729 0.051501370171500617 -0.0017331278131977861 0.021278401222446855 0.020429658175409111 -0.057506955026690239 -0.055085217141171407 0.010713072403477762 0.11599757568254643 -0.0042271661257356763 -0.04020256015640819 0.068879745575118154 0.068546307451178484
leaf_weight=73.05826226528734 119.46068580634892 48.681611316278577 429.56031039578374 79.146410047309473 673.22139534156304 431.31142385164276 359.77337639080361 112.37773146713153 73.614505565958098 19.79650841280818 528.29098153777886 568.41906658245716 225.2947563547641 102.18039476231206 41.261696273926646 3501.6096163863549 14.566300254547967 103.45724040584173 186.92679450847208 1477.0257895512041 358.0158192331437 72.305177431087941 75.462190807680599 20.728560623247176 135.06956030754372 15.785263778176157 166.31148265255615 65.148512792773545 153.42659941711463 227.01627636759076
leaf_count=11253 12332 1584 206593 2764 381103 114982 13733 2622 3598 989 45345 63537 12476 8030 1259 191331 491 35611 6002 65309 12880 2282 34042 318 8814 687 4335 1355 5145 23973
internal_value=-0.000242217 -0.00938514 0.0256163 -0.0355266 -0.0548711 0.0175512 -0.00720018 -0.0164876 0.0109986 0.0306772 0.00164077 0.00827046 0.00610518 -0.037919 -0.00266232 -0.00438406 0.02581 0.0255573 -0.00603184 0.00428769 -0.010522 -0.0305616 -0.0226166 0.0274923 0.00645998 -0.00661091 0.0081609 -0.00565045 0.0621407 0.063562
internal_weight=10458.3 7733.36 2724.94 1572.71 928.376 2295.38 644.331 565.185 1864.07 591.568 1272.5 1096.71 344.755 175.795 6160.65 5815.71 292.137 344.937 5523.58 1663.95 3859.63 432.079 124.144 133.106 241.48 255.155 182.097 200.218 167.993 246.813
internal_count=1274775 782920 491855 419097 397378 285262 21719 18955 170280 49770 120510 108882 24808 11628 363823 316784 41262 47039 275522 71311 204211 16015 35626 2940 11428 16275 5022 10169 5636 24962
is_linear=0
shrinkage=0.08


Tree=76
num_leaves=31
num_cat=0
split_feature=8 3 6 0 5 6 0 1 6 1 1 7 5 0 6 8 9 6 1 1 5 0 0 0 1 0 6 0 3 5
split_gain=363.856 198.795 126.382 123.584 108.069 61.6701 53.8608 44.5524 74.7638 49.9638 68.2107 39.3234 36.7984 36.7492 36.6571 35.9317 33.9578 30.4244 29.244 26.6911 25.0388 22.8228 18.0355 16.3055 14.472 35.119 13.8776 7.16494 6.72829 6.55951
threshold=0.75000000000000011 0.65419578552246105 0.49280537664890295 0.90366768836975109 1.0000000180025095e-35 0.99086740612983715 0.33520600199699407 0.54201978445053112 0.50108224153518688 0.94360822439193737 0.98425099253654491 1.0000000180025095e-35 1.0000000180025095e-35 0.91545844078063976 0.86978259682655346 1.0000000180025095e-35 1.0000000180025095e-35 0.95529049634933483 0.60495716333389293 0.92893216013908397 0.87577831745147716 0.79502627253532421 0.89943820238113414 0.42644809186458593 0.49731183052062994 0.50263157486915599 0.46683587133884435 0.16843971610069278 0.68133461475372326 0.46920476853847509
decision_type=2 2 2 2 2 2 2 2 2 2 2 2 2 2 2 2 2 2 2 2 2 2 2 2 2 2 2 2 2 2
left_child=1 2 4 5 24 11 -4 8 12 13 22 16 -3 15 18 -9 17 -2 -8 -15 -18 -12 -11 -10 -1 -26 -5 -6 -25 -14
right_child=3 7 6 26 27 -7 14 9 23 10 21 -13 29 19 -16 -17 20 -19 -20 -21 -22 -23 -24 28 25 -27 -28 -29 -30 -31
leaf_value=-0.043151608143329634 0.016778728222214746 0.031741112905902924 0.051618938916082081 0.0043262002140439298 0.0023301597097378788 0.06807512380450996 -0.040477347149571956 -0.018497666722499674 -0.012203304256164902 0.079170582249586577 0.013186379061204298 0.071643149083983934 -0.061508559463022118 0.050600014490015291 0.024140013015376226 -0.0029945275627517843 0.0078918105139576741 0.061109906388089621 0.0014171623703049616 -0.010272573893643104 -0.023519043914361163 -0.0063971624414965646 0.026735586870417494 0.017121248306481464 0.070309158731891905 -0.014558924738588228 0.071871643834080387 -0.072927747963524775 0.077599508548632803 0.0046924425020298706
leaf_weight=57.163791169878095 1055.190062191803 47.440625816583633 79.779552581021562 26.677526514977217 3.7282518836436784 144.90967411966994 307.30909586302005 1905.8736419561319 12.136267605237661 82.001845636288635 620.45214456564281 70.784738596412353 65.932583157438785 106.49299405096099 106.68808487267233 1978.6699106977321 706.06987904792186 109.92118127411231 150.48262099130079 69.798359703272581 205.15345803601667 962.28539698803797 124.16978192934766 24.438033200101927 33.24044633936137 163.66791679151356 349.83410680096131 623.21775578800589 127.58761877240613 5.2484655180014661
leaf_count=9659 107884 1582 2726 506 1393 53013 12541 146078 450 2920 24318 13982 32781 5886 3592 59251 60061 24924 2742 4626 39205 66553 12411 642 1865 4705 192712 380067 4524 1079
internal_value=-0.000127488 -0.00900868 -0.0348122 0.0252678 -0.0544499 0.0181082 -0.00749888 -0.00254164 0.0281228 -0.00407408 0.00700202 0.0145112 -0.0188506 -0.00899537 -0.016515 -0.010656 0.0123193 0.0213411 -0.0264938 0.0259978 0.000555564 0.0011964 0.0497293 0.0625651 -0.00945465 0.000361699 0.0676246 -0.0722121 0.0697513 -0.0545394
internal_weight=10326.3 7657.81 1525.28 2668.54 881.018 2292.03 644.259 6132.53 282.784 5849.74 1788.91 2147.12 118.622 4060.83 564.48 3884.54 2076.33 1165.11 457.792 176.291 911.223 1582.74 206.172 164.162 254.072 196.908 376.512 626.946 152.026 71.181
internal_count=1274678 782391 419290 492287 397689 299069 21601 363101 41058 322043 106202 246056 35442 215841 18875 205329 232074 132808 15283 10512 99266 90871 15331 5616 16229 6570 193218 381460 5166 33860
is_linear=0
shrinkage=0.08


Tree=77
num_leaves=31
num_cat=0
split_feature=8 3 3 6 6 4 3 4 1 4 1 1 0 6 0 3 8 6 4 0 1 6 1 6 6 1 4 6 0 6
split_gain=304.503 182.213 129.812 111.499 101.535 57.9934 67.55 70.5612 99.2717 50.4742 119.714 51.5733 43.192 39.8419 37.3002 36.1189 35.82 92.3367 34.9572 32.8628 81.7405 31.3963 35.032 30.2279 25.8866 33.805 23.2415 22.0159 18.2854 18.0893
threshold=0.75000000000000011 0.65419578552246105 0.93127068877220165 0.49280537664890295 1.0000000180025095e-35 8.5000000000000018 0.81302964687347423 10.500000000000002 0.99565216898918163 5.5000000000000009 0.78629976511001598 0.908033847808838 0.33520600199699407 0.97881317138671886 0.4654348641633988 0.77003204822540294 1.0000000180025095e-35 0.40075758099555975 8.5000000000000018 0.63686314225196849 0.598850578069687 0.86978259682655346 0.598850578069687 0.4392793476581574 1.0000000180025095e-35 0.56562754511833202 6.5000000000000009 0.93762966990470897 0.58643677830696117 0.96311414241790783
decision_type=2 2 2 2 2 2 2 2 2 2 2 2 2 2 2 2 2 2 2 2 2 2 2 2 2 2 2 2 2 2
left_child=1 3 9 4 26 13 24 8 -8 11 19 27 -5 16 -9 28 17 -3 -4 20 -11 22 -14 -18 -7 -26 -1 -2 -12 -20
right_child=2 5 18 12 -6 6 7 14 -10 10 15 -13 21 -15 -16 -17 23 -19 29 -21 -22 -23 -24 -25 25 -27 -28 -29 -30 -31
leaf_value=0.0057558252779322805 0.0093503255571335282 -0.054796339409265045 0.063657560002482752 0.04604668323026543 -0.07048576589406895 -0.0073149005016323512 0.011941271567238237 -0.037786827477814859 -0.078849517494870597 0.021409658181188215 0.0008625120467042871 0.064068737427414868 -0.041146940960992036 0.056290403488782371 0.019476510684106715 -0.028244349004295888 0.0034074426437458133 -2.4739789279148869e-05 0.0031298914626952624 0.042141721158768138 -0.071254106281608887 0.022008982740347998 0.004380057538276934 0.025124845787756499 -0.008019404552341217 -0.063283066287591436 -0.045325835697692052 0.0394374915207664 -0.11529005921282108 0.057074943843696949
leaf_weight=181.29926829179749 758.40442003915086 212.39988289901521 523.72761025268119 78.246461081784219 582.03583084675483 141.89834631420672 144.32639660337009 77.065883179311641 151.68794486764818 287.97171189496294 6.8596720031928262 168.89213648031 291.66452524974011 82.351296672830358 571.13072957913391 161.13758572377264 1618.280301242019 2161.2531150293071 131.88232364342548 204.47542169061489 71.808885683538392 106.92877590563148 159.50160116772167 556.46895000815857 105.5034298497485 281.55369820748456 75.113405250478536 201.70395118871238 57.013025965774432 57.244927454739809
leaf_count=8242 56009 71114 239125 2744 381037 3275 4113 6728 3293 21942 353 59471 12307 15546 19162 8397 45467 67667 20509 16480 3332 3649 2989 53395 27749 46494 8167 42477 1636 22015
internal_value=0.000334928 -0.00779088 0.0237717 -0.0329819 -0.0520916 -0.00165619 -0.0154694 -0.00241423 -0.0345885 0.0127629 -0.00257417 0.0235899 -0.00734344 0.00271559 0.0121862 -0.0514399 0.0016497 -0.00509797 0.0528778 0.0169118 0.00175304 -0.0154554 -0.0248294 0.00908272 -0.038233 -0.0489219 -0.00917668 0.0160085 -0.101336 0.0213316
internal_weight=10209.8 7578.71 2631.12 1474.79 838.449 6103.92 1473.17 944.211 296.014 1918.27 789.266 1129 636.341 4630.75 648.197 225.01 4548.4 2373.65 712.855 564.256 359.781 558.095 451.166 2174.75 528.955 387.057 256.413 960.108 63.8727 189.127
internal_count=1274884 783138 491746 419135 397446 364003 110814 33296 7406 210097 52140 157957 21689 253189 25890 10386 237643 138781 281649 41754 25274 18945 15296 98862 77518 74243 16409 98486 1989 42524
is_linear=0
shrinkage=0.08


Tree=78
num_leaves=31
num_cat=0
split_feature=6 5 2 6 0 9 5 6 6 4 1 1 9 6 4 3 2 5 1 1 4 0 1 1 0 0 3 0 0 0
split_gain=259.636 308.873 169.908 96.4469 85.8708 64.8909 75.089 96.0825 41.4555 38.6815 72.0603 31.7113 34.2085 30.9327 26.7607 27.833 25.2134 19.3011 17.571 16.241 14.4452 13.6504 52.9103 25.0418 25.2363 22.4056 13.2811 24.3139 13.1287 12.7747
threshold=0.46683587133884435 0.27964508533477789 0.94932374358177196 0.97881317138671886 0.61938297748565685 1.0000000180025095e-35 0.46195203065872198 0.69710868597030651 0.37368187308311468 4.5000000000000009 0.61257407069206249 0.62258651852607738 1.0000000180025095e-35 0.63202878832817089 2.5000000000000004 0.61451050639152538 0.73443555831909191 0.37848961353302008 0.18808962404727939 0.94665718078613292 2.5000000000000004 0.74210175871849071 0.74388790130615245 0.85857143998146068 0.84877073764801036 0.8019607961177827 0.89943820238113414 0.71892556548118602 0.69614070653915416 0.54641148447990429
decision_type=2 2 2 2 2 2 2 2 2 2 2 2 2 2 2 2 2 2 2 2 2 2 2 2 2 2 2 2 2 2
left_child=1 14 3 5 16 9 17 -8 -6 19 -11 20 -13 -4 21 -16 18 -7 -3 -2 -10 22 29 24 -23 -25 27 -17 -28 -1
right_child=2 4 13 -5 8 6 7 -9 11 10 -12 12 -14 -15 15 26 -18 -19 -20 -21 -22 23 -24 25 -26 -27 28 -29 -30 -31
leaf_value=0.034684492437261315 0.018457855773539481 0.032568934954589783 0.010433817225616511 0.051843060408372728 -0.047032176067574191 0.060212908797280001 -0.037856500580590619 -0.00016237409996615622 -0.013407976123783628 0.03281434795635603 -0.0060740465684827865 0.0015831458399494316 -0.045341589983243856 0.073860353135072762 -0.040722109961943441 0.0017791481401562134 0.03377999003470173 0.016753810714638072 -0.06602729310854008 0.043666051524866425 0.078092507887361912 -0.031442503277432442 0.056178956244876663 0.071571563393816776 0.043065174044059018 0.0077126364455213032 -0.0081676327532486208 -0.027392970897711928 0.021311842507665154 -0.0093308448519006989
leaf_weight=48.041929407627322 1207.9200535787968 6.7687507495284072 68.140471179736778 287.75567403517198 300.27392487425823 94.496063854778185 577.3356704908656 1719.2024223840563 10.057532332953995 406.27225462184288 1162.8638081619283 260.89169143210165 149.49359137110878 299.23640020051971 117.10455848835409 643.18417131528258 11.953517673071472 262.57511614193209 752.47427761135623 204.55885892233346 31.761373135843314 158.42044861521572 179.56034079100937 40.245460676494986 29.285116543527693 203.40141092403792 135.7112348463852 245.58838482666761 271.65622261329554 201.14485493779648
leaf_count=6696 91033 2122 4446 88186 56067 3014 18946 133640 1766 22944 65177 17734 16581 177283 27398 23253 581 11905 429771 36130 4481 1420 1646 636 704 12113 1747 3069 10627 4926
internal_value=0.000362799 -0.0161281 0.0103474 0.00701529 -0.0439406 0.00465392 -0.00439753 -0.00976962 -0.0241233 0.0127571 0.00396533 -0.00821327 -0.0154653 0.0628238 0.00249816 -0.00418597 -0.0627908 0.0293695 -0.0647316 0.0223626 0.0535873 0.0136266 0.0237111 0.00307953 -0.018172 0.0201314 -0.000618203 -0.00621091 0.011123 0
internal_weight=10087.4 3797.02 6290.36 5922.98 1523.67 5635.22 2653.61 2296.54 752.478 2981.61 1569.14 452.204 410.385 367.377 2273.34 1413.24 771.197 357.071 759.243 1412.48 41.8189 860.1 428.747 431.352 187.706 243.647 1296.14 888.773 407.367 249.187
internal_count=1276042 623338 652704 470975 529103 382789 167505 152586 96629 215284 88121 40562 34315 181729 94235 66094 432474 14919 431893 127163 6247 28141 13268 14873 2124 12749 38696 26322 12374 11622
is_linear=0
shrinkage=0.08


Tree=79
num_leaves=31
num_cat=0
split_feature=8 3 2 6 5 6 4 3 0 7 6 2 0 0 4 4 3 6 2 6 6 4 0 5 6 4 4 2 6 0
split_gain=238.622 132.486 122.414 97.8771 112.541 55.1766 47.458 58.1855 50.3192 38.5642 36.3672 34.6354 43.9991 32.2575 28.9088 45.5175 31.8583 28.3358 22.7098 28.1402 22.9776 21.1706 19.2744 18.7465 40.0776 16.3512 15.526 12.5696 11.0453 9.85782
threshold=0.75000000000000011 0.65419578552246105 0.88548010587692272 0.44923661649227148 1.0000000180025095e-35 0.99086740612983715 8.5000000000000018 0.91458967328071605 0.81284341216087352 1.0000000180025095e-35 0.8519614338874818 0.58898946642875682 0.33520600199699407 0.52704679965972911 8.5000000000000018 12.500000000000002 0.92820322513580333 0.97881317138671886 0.95861870050430309 0.66915422677993786 0.43147574365139013 7.5000000000000009 0.61620295047760021 1.0000000180025095e-35 0.47895757853984838 11.500000000000002 5.5000000000000009 0.70064935088157665 0.46683587133884435 0.52419984340667736
decision_type=2 2 2 2 2 2 2 2 2 2 2 2 2 2 2 2 2 2 2 2 2 2 2 2 2 2 2 2 2 2
left_child=1 3 5 4 21 9 17 23 13 14 11 12 -5 -9 16 -16 -2 18 20 -20 -3 29 -13 27 -25 -10 28 -8 -4 -1
right_child=2 6 26 10 -6 -7 7 8 25 -11 -12 22 -14 -15 15 -17 -18 -19 19 -21 -22 -23 -24 24 -26 -27 -28 -29 -30 -31
leaf_value=0.030759228336718993 0.0090483633529758484 -0.0076732915727395577 0.013018669221961231 0.030250771050439967 -0.073280797281207621 0.066325433653502644 -0.017689370762502019 -0.030155556180283778 -0.063728752257774468 0.070786766914184063 0.028724589314892978 0.053595557995810977 -0.038619155835087689 0.022535002782635715 -0.028155207677360988 0.016553993921731756 0.044118640974975948 0.049490527946656732 0.007280002286855305 0.063767137356672082 0.0043554389950764731 -0.046203330135254336 -0.0069793115925754256 -0.071822301197621632 -0.022808211324860408 0.012581115997828241 -0.001216294398913912 0.02701074595691302 0.069349811601992023 -0.0057401098541194654
leaf_weight=65.37586817657575 1176.4749280670658 1703.0057110734051 34.192931089317426 64.38556898618117 462.49091837357264 115.10983668034896 221.85483949910849 82.412650003330782 76.754060060949996 60.579008806147613 135.11780485254712 53.716563955997117 360.32015182462055 441.87408985872753 303.23637768765911 267.84100673650391 193.96311261306982 73.889029698446393 244.10942233819515 72.758953279699199 2498.1117232394172 59.245010337559506 67.398932345444337 151.16686385602225 421.71713844290935 16.960118924034759 18.871372225694358 41.994730917736888 349.82994855451398 127.23850718187168
leaf_count=5957 96366 117265 625 2866 360900 48357 3749 5393 1432 11928 5241 1580 31250 12046 23345 25401 59837 15527 12712 29413 78191 7115 1643 77805 8983 591 3441 284 222931 3365
internal_value=0 -0.00721418 0.0212442 -0.0293966 -0.0500185 0.01338 -0.00204897 -0.0146273 0.00375686 0.0100985 -0.00732268 -0.0167164 -0.0275756 0.0137437 0.00794576 -0.00694672 0.0142707 0.00191268 0.00104535 0.0215367 -0.000485929 -0.00608383 0.0196776 -0.0283373 -0.036528 -0.0483598 0.0615076 -0.00960967 0.0649772 0.00630341
internal_weight=9962 7441.9 2520.1 1395.29 714.35 2117.2 6046.61 1454.73 618.001 2002.09 680.939 545.821 424.706 524.287 1941.52 571.077 1370.44 4591.87 4517.99 316.868 4201.12 251.859 121.115 836.734 572.884 93.7142 402.894 263.85 384.023 192.614
internal_count=1275539 783308 492231 419917 377337 265234 363391 110283 19462 216877 42580 37339 34116 17439 204949 48746 156203 253108 237581 42125 195456 16437 3223 90821 86788 2023 226997 4033 223556 9322
is_linear=0
shrinkage=0.08


Tree=80
num_leaves=31
num_cat=0
split_feature=8 3 2 2 2 1 4 3 0 3 1 0 3 2 1 0 5 1 1 0 0 4 5 5 1 5 5 1 4 3
split_gain=206.969 149.035 108.433 62.5761 50.9491 44.5003 44.8583 67.4782 43.3101 42.8473 40.6774 92.0695 114.268 38.9575 83.6932 36.7512 27.1225 27.0758 39.1767 30.4834 26.7481 25.6641 24.0096 39.9699 15.6857 15.1131 13.6221 13.1938 13.1923 13.0847
threshold=0.75000000000000011 0.65419578552246105 0.90353596210479747 0.598850578069687 0.2152509689331055 0.51899951696395885 8.5000000000000018 0.84660634398460399 0.50878274440765392 0.93405798077583324 0.81120249629020702 0.73735308647155773 0.77303028106689464 0.70064935088157665 0.68614074587821972 0.81530213356018078 1.0000000180025095e-35 0.94360822439193737 0.98425099253654491 0.74443343281745922 0.51649147272109996 7.5000000000000009 1.0000000180025095e-35 0.42482461035251623 0.49731183052062994 0.42672246694564825 0.69705626368522655 0.97467949986457836 5.5000000000000009 0.76689496636390697
decision_type=2 2 2 2 2 2 2 2 2 2 2 2 2 2 2 2 2 2 2 2 2 2 2 2 2 2 2 2 2 2
left_child=1 3 9 4 -1 8 17 16 26 10 13 21 -13 14 -2 -9 -8 19 -19 -7 -5 -12 24 -24 -6 27 -3 -11 -4 -10
right_child=2 5 28 20 22 6 7 15 29 25 11 12 -14 -15 -16 -17 -18 18 -20 -21 -22 -23 23 -25 -26 -27 -28 -29 -30 -31
leaf_value=0.044379031810794868 0.01965259081889217 -0.025663880666301091 0.06543114252071161 0.067420794667621645 -0.046547306681773148 0.0051434710107698678 -0.0099810839827444448 0.0060599557603289115 0.025586814460332792 0.045879080817777557 0.053160364294825194 -0.13517758796546225 -0.013232316929519568 0.042711335030321394 -0.039753339987808896 -0.042541556936657801 -0.050607233640408048 0.045740733929359199 0.0050488000152764632 -0.010211300275701538 -0.0061364889997199525 -0.0087601248986363036 -0.065392344688325027 -0.029552586067620974 0.0044584500831791425 0.04222357430949096 0.048929124114583486 -0.033983621909021891 -0.025752615638905855 0.083904384465887841
leaf_weight=38.737075256067328 769.04133063647896 70.338483151048422 316.33657392300665 31.063587704673409 51.651089504826814 1605.0209386848146 168.57710857037455 681.92493744369131 58.689137261593714 15.338304450502617 129.89627149689477 55.51840264024213 293.26738190010656 266.08982009196188 182.81934501603246 111.29600280965678 351.70765761705115 176.3044710381655 1016.888707205886 1682.7217040429823 242.14669606892858 54.959727027686313 446.03834511386231 425.08527338015847 104.54200775455683 358.65150025195908 14.012915864121167 31.392891334719025 5.4375549315009257 75.075299115618691
leaf_count=6044 63551 19580 205397 1770 9530 96290 2798 22074 8818 1163 14594 2185 38630 25742 13249 2120 61123 15139 74272 57352 20960 3174 322510 52872 5590 121193 413 1977 1096 3911
internal_value=-2.55942e-05 -0.00678307 0.0199256 -0.0308699 -0.0395985 -0.00137007 -0.0027433 -0.0157217 0.0336376 0.0132904 0.00769812 -0.0104738 -0.0347315 0.0158012 0.00792746 -0.000782588 -0.0379689 0.00103871 0.0113607 -0.00267034 0.00271314 0.0341621 -0.0431197 -0.0483546 -0.0123366 0.0366755 -0.00943681 -0.00277704 0.0630302 0.0613145
internal_weight=9830.57 7351.82 2478.75 1339.26 1066.05 6012.56 5794.44 1313.51 218.116 2156.97 1751.59 533.642 348.786 1217.95 951.861 793.221 520.285 4480.94 1193.19 3287.74 273.21 184.856 1027.32 871.124 156.193 405.383 84.3514 46.7312 321.774 133.764
internal_count=1275117 783166 491951 419276 396546 363890 331168 88115 32722 285458 161125 58583 40815 102542 76800 24194 63921 243053 89411 153642 22730 17768 390502 375382 15120 124333 19993 3140 206493 12729
is_linear=0
shrinkage=0.08


Tree=81
num_leaves=31
num_cat=0
split_feature=6 2 3 6 5 6 5 6 6 5 7 5 6 1 3 5 6 1 5 5 0 1 4 2 3 0 5 0 1 5
split_gain=186.259 154.419 123.611 77.966 68.9282 127.061 62.3114 51.4455 48.3736 47.0145 44.6535 39.4226 37.7157 37.4075 34.3515 28.3747 25.2511 22.4852 20.1693 20.0204 15.14 13.2312 10.7149 10.6202 9.59681 8.82006 8.55262 8.00059 11.4091 7.23978
threshold=0.61348485946655285 0.94932374358177196 0.61167800426483165 0.97881317138671886 0.30412051081657415 0.39755295217037206 0.40827012062072759 0.43683740496635443 0.4419247061014176 0.51449581980705272 1.0000000180025095e-35 0.62529620528221141 0.35651239752769476 0.66300368309021007 0.96178188920021068 0.38623648881912237 0.87386798858642589 0.24316334724426272 0.23693957179784778 0.34158597886562353 0.60495716333389293 0.72377106547355663 5.5000000000000009 0.9547502100467683 0.83935481309890758 0.64038833975791942 0.21800179779529574 0.60107529163360607 0.79205974936485302 0.9878295660018922
decision_type=2 2 2 2 2 2 2 2 2 2 2 2 2 2 2 2 2 2 2 2 2 2 2 2 2 2 2 2 2 2
left_child=2 3 8 9 12 23 7 -7 13 16 14 -8 18 26 -11 -10 19 -17 20 -2 -4 -19 25 -6 29 -15 -1 -14 -29 -5
right_child=1 -3 4 24 5 6 11 -9 15 10 -12 -13 27 22 -16 17 -18 21 -20 -21 -22 -23 -24 -25 -26 -27 -28 28 -30 -31
leaf_value=-0.034536853522330602 -0.021130421063932054 0.071094635391465461 0.017077368708578251 0.012814993216323291 -0.054669513792255653 -0.017941995475680639 -0.020063752145291582 0.038123158384557931 0.038276543898713121 -0.0049147167073352498 0.069088714562352133 0.048931319463231412 0 0.041394285729190655 0.014003278020003188 0.04300930735040278 0.055427103806229006 -0.038763601792922937 -0.029071106647103735 0.020767591193541053 0 0.031009020669222311 -0.042855087554054538 -0.0052509368333559393 0.065840197660971572 -0.033503062757116772 -0.069842655777766424 0.1090390671731072 0.026205332267824091 0.058026580338830805
leaf_weight=91.417364992201328 75.856713453191333 251.16943379875738 419.27626646880526 87.3478567203274 465.42680414486676 149.30368866038043 922.28950921143405 308.1104071700247 49.238470341078937 2693.6660693560261 54.872690885793418 50.302862571086735 13.164703995338639 36.68423773010727 789.45743007073179 21.677720549399965 123.361288420856 205.37594495271333 122.68126609153114 567.32546780514531 1587.7236036816612 12.721437257132491 17.005941195762716 38.481195093598217 132.01480131933931 6.8058114025043315 351.5416419293615 25.605121367727406 33.212013127398677 37.300408555776812
leaf_count=14542 1976 178303 10298 17474 166337 27572 46749 12583 5715 182096 15159 1565 4677 1834 103079 747 10850 24604 30724 23473 33974 317 3952 1157 60248 944 280972 2093 1307 10545
internal_value=-0.000593227 0.0105787 -0.011535 0.00713709 -0.00592094 -0.0169357 -0.00457881 0.0194809 -0.0404114 0.00451332 0.00056403 -0.0160996 0.00369828 -0.0553931 -0.000567116 -0.0132713 0.0224122 -0.0250761 0.0016286 0.0154544 0.00365227 -0.0333729 0.00102131 -0.0512987 0.0496022 0.0241278 -0.0633803 0.0587712 0.0704907 0.0292945
internal_weight=9740.42 4812.37 4928.05 4561.2 4135.58 1933.91 1430.01 457.414 792.469 4304.54 3538 972.592 2201.66 503.455 3483.12 289.014 766.543 239.775 2129.68 643.182 2007 218.097 60.496 503.908 256.663 43.49 442.959 71.9818 58.8171 124.648
internal_count=1275866 603203 672663 424900 339036 255963 88469 40155 333627 336633 300334 48314 83073 302244 285175 31383 36299 25668 74996 25449 44272 24921 6730 167494 88267 2778 295514 8077 3400 28019
is_linear=0
shrinkage=0.08


Tree=82
num_leaves=31
num_cat=0
split_feature=6 5 2 6 6 5 9 6 6 0 5 5 3 0 1 0 2 0 1 1 0 6 0 1 1 6 9 1 5 5
split_gain=164.882 214.814 145.714 108.673 68.7872 63.3738 70.2559 51.5249 46.8449 37.0178 29.1314 23.8302 23.1596 21.9495 21.5589 21.3887 18.2891 17.4574 42.0149 26.9443 24.1071 21.1672 16.1052 41.8177 16.4685 13.6254 12.3299 13.3982 11.479 16.1397
threshold=0.50108224153518688 0.27964508533477789 0.9529346525669099 0.38901458680629736 0.97881317138671886 0.48110784590244299 1.0000000180025095e-35 0.70782846212387096 0.95217302441596996 0.56562754511833202 0.33260554075241094 0.5247064232826234 0.73623713850975048 0.25198413431644445 0.62258651852607738 0.598850578069687 0.53178024291992199 0.6776927411556245 0.68870675563812267 0.83424907922744762 0.57919329404830944 0.31501455605030065 0.51191151142120372 0.55898165702819835 0.30877573788166052 0.53866082429885875 1.0000000180025095e-35 0.90521115064620983 0.99163165688514721 0.9208967685699464
decision_type=2 2 2 2 2 2 2 2 2 2 2 2 2 2 2 2 2 2 2 2 2 2 2 2 2 2 2 2 2 2
left_child=1 12 4 15 5 22 8 -8 -7 13 -11 -12 17 -5 -14 -3 -15 18 -1 21 -20 -19 24 -24 -2 -4 27 -17 29 -6
right_child=2 3 25 9 28 6 7 -9 -10 10 11 -13 14 16 -16 26 -18 19 20 -21 -22 -23 23 -25 -26 -27 -28 -29 -30 -31
leaf_value=-0.017838561347881775 0.042921026205170847 -0.072408603781298903 0 0.042273495196000169 0.057898122321504875 0.0063039758415284987 -0.03347973206704629 -0.0037114665634953364 0.050155253912406515 0.043061851920610413 -0.015341558223941244 0.051323741901946635 0.05086632889166199 -0.056268724578856601 0.0066938320553973432 -0.042068240017829786 0.00065396315078505342 -0.05696704525943367 0.062817034771542934 0.020450195185842943 0.0028229665773614994 0.066655849609536411 0.073473662567153777 0.019113084486712763 -0.018670914027034937 0.071029277243925826 -0.062374166912777737 -0.00015404358461244895 0.073611343684254218 0.0061392803375181857
leaf_weight=337.22761672578054 31.903948934050277 358.14882682875032 17.155774550745264 13.182369622634722 76.215444201603532 1966.6928959190845 483.00938144675456 1644.0176272542449 166.53456022322644 64.875155898975208 568.52708957943833 30.741515842149965 71.099286168464459 207.85311860893853 1475.982142552617 155.28730578033719 36.738164166687056 121.04400378337596 74.527047484647483 42.014277785667218 107.14028097421397 4.2549807563191271 103.64151590445545 726.30023585702293 104.06424642307684 246.47381171432789 134.43628172948956 81.403258922626264 78.323466986068524 90.999923776602373
leaf_count=51199 875 291402 551 2527 26049 150163 13215 132867 34222 4145 49951 882 1893 105452 36010 41494 11625 2168 843 387 1570 313 3135 27469 3766 175203 38639 3539 38595 24343
internal_value=9.83598e-05 -0.012602 0.00873157 -0.0344435 0.0058697 0.0038694 -0.000296778 -0.010609 0.00991142 -0.0158121 -0.005433 -0.0112606 0.00351595 -0.0413323 0.00898428 -0.0575106 -0.0472359 -0.00855695 -0.00090214 -0.0306535 0.0293154 -0.0491443 0.0223165 0.0264925 -0.00207404 0.0663199 -0.0419367 -0.0286164 0.0468795 0.0316557
internal_weight=9619.82 3884.48 5735.33 1651.19 5471.7 5226.16 4260.25 2127.03 2133.23 921.917 664.144 599.269 2233.29 257.774 1547.08 729.276 244.591 686.208 518.895 167.313 181.667 125.299 965.91 829.942 135.968 263.63 371.127 236.691 245.539 167.215
internal_count=1274492 644039 630453 549656 454699 365712 330467 146082 184385 174582 54978 50833 94383 119604 37903 375074 117077 56480 53612 2868 2413 2481 35245 30604 4641 175754 83672 45033 88987 50392
is_linear=0
shrinkage=0.08


Tree=83
num_leaves=31
num_cat=0
split_feature=6 5 2 6 6 9 5 6 0 6 6 4 9 3 3 6 4 2 3 2 9 4 0 3 5 5 3 0 0 2
split_gain=138.102 196.819 104.193 89.2977 61.4773 56.1343 61.7407 59.9976 53.2819 42.9453 35.534 30.229 25.4513 23.9971 22.5535 20.7901 19.9223 18.6199 17.8071 14.7733 13.8078 10.2581 18.5977 9.78125 9.61265 13.2596 16.1815 9.17244 22.1614 17.6753
threshold=0.4723315834999085 0.26789985597133642 0.94932374358177196 0.38364128768444067 0.97881317138671886 1.0000000180025095e-35 0.47281683981418615 0.70782846212387096 0.55612829327583324 0.63202878832817089 0.95896023511886608 4.5000000000000009 1.0000000180025095e-35 0.83424907922744762 0.83424907922744762 0.53866082429885875 2.5000000000000004 0.73443555831909191 0.58898946642875682 0.19433516263961795 1.0000000180025095e-35 16.500000000000004 0.51191151142120372 0.91458967328071605 0.99805447459220897 0.88929739594459545 0.81016731262207042 0.75809821486473095 0.89377820491790783 0.63211598992347728
decision_type=2 2 2 2 2 2 2 2 2 2 2 2 2 2 2 2 2 2 2 2 2 2 2 2 2 2 2 2 2 2
left_child=1 16 4 17 5 10 15 -8 19 23 11 -2 13 -10 -14 -7 27 -3 -18 -5 -19 22 -20 -4 25 -6 -27 -1 29 -29
right_child=2 3 9 8 24 6 7 -9 12 -11 -12 -13 14 -15 -16 -17 18 20 21 -21 -22 -23 -24 -25 -26 26 -28 28 -30 -31
leaf_value=0.019346305316693742 0.017778458552418924 -0.065234716608326054 0.038678556351615226 0.043897553878301021 0.062087183296088422 -0.00029249723939673894 -0.033418459659762888 -0.0029782988522767434 -0.0078905984943602944 0.071061969778324463 0.056351735953670955 0.0008399807557147572 -0.0051740742813357696 0.035431912860555241 -0.065999525520295685 0.037291096101151208 -0.041579285799118015 -0.013623585803852551 0.034035964015293789 -0.055099250772547327 -0.065240210347565497 -0.027500014865673515 -0.0025087134800206752 -0.025753121864712313 0.072246123294229289 -0.01909063272404184 0.038300920385753473 0.042600294588146917 0.024398091029754161 -0.022542815309595992
leaf_weight=456.04803309019189 1283.4895876962692 507.37180325092049 16.572916637989692 4.7673607522156081 55.832424375694245 136.62921502359677 555.0843304391019 1653.9235768312356 166.40693427820224 215.61731711099856 101.48385094688274 1459.6781180064427 136.60229513637023 145.52681377343833 54.398837577900849 248.10726720071398 71.164157159859315 121.50087313039694 91.783597090048715 190.13487561256625 50.357199586927891 85.756237072986551 1107.8847736080643 41.77785285608843 65.10848414839711 49.0140382994432 64.760381163330749 24.614135965006426 163.19914765586145 197.20812172046863
leaf_count=11115 113870 353171 867 957 19578 7728 17623 131720 25922 176825 22864 75930 27096 4013 3154 8047 18424 7510 5602 119105 6011 3643 27308 3465 36482 9183 23090 234 11431 2646
internal_value=-0.000369569 -0.0128022 0.00708113 -0.036463 0.00469878 0.00291684 -0.0055491 -0.0107578 -0.0158714 0.0548709 0.0106884 0.0088414 -0.00163802 0.012056 -0.0245558 0.0237012 0.00200036 -0.0571143 -0.00390752 -0.05084 -0.0310696 -0.00154491 0.000284073 -0.00331908 0.0443973 0.0310276 0.0124667 0.0116853 0.00206904 -0.0138292
internal_weight=9521.8 3574.73 5947.08 1377.07 5673.11 5438.4 2593.74 2209.01 697.837 273.968 2844.65 2743.17 502.935 311.934 191.001 384.736 2197.66 679.23 1356.59 194.902 171.858 1285.42 1199.67 58.3508 234.715 169.607 113.774 841.069 385.021 221.822
internal_count=1274614 627342 647272 546939 466115 377782 165118 149343 180247 181157 212664 189800 60185 29935 30250 15775 80403 366692 54977 120062 13521 36553 32910 4332 88333 51851 32273 25426 14311 2880
is_linear=0
shrinkage=0.08


Tree=84
num_leaves=31
num_cat=0
split_feature=8 2 3 6 5 6 4 7 5 0 2 0 0 2 3 2 6 0 5 6 0 4 4 6 2 0 3 3 2 0
split_gain=165.659 90.6972 90.2927 79.1487 74.8903 35.7599 34.8595 29.9482 32.3712 28.3906 34.7962 25.2022 23.1214 120.088 80.5688 54.8212 37.535 23.345 21.8398 18.8546 18.4334 18.0736 17.5818 15.9474 14.3388 13.4018 12.1406 11.7077 11.5794 11.5443
threshold=0.75000000000000011 0.88036698102951061 0.65419578552246105 0.53866082429885875 1.0000000180025095e-35 0.99086740612983715 16.500000000000004 1.0000000180025095e-35 0.33260554075241094 0.37075218558311468 0.52689418196678173 0.89377820491790783 0.7897985875606538 0.65261757373809826 0.83047896623611461 0.72812235355377208 0.4723315834999085 0.66978195309638988 0.78281378746032726 0.4419247061014176 0.62258651852607738 5.5000000000000009 5.5000000000000009 0.36645218729972845 0.63686314225196849 0.5673658847808839 0.8078865408897401 0.9569842815399171 0.2152509689331055 0.48808848857879644
decision_type=2 2 2 2 2 2 2 2 2 2 2 2 2 2 2 2 2 2 2 2 2 2 2 2 2 2 2 2 2 2
left_child=2 5 3 4 21 7 12 8 23 -5 25 -10 15 26 -15 16 -4 -17 24 -6 -12 29 -3 -2 -8 -11 -14 -24 -21 -1
right_child=1 22 6 9 19 -7 18 -9 11 10 20 -13 13 14 -16 17 -18 -19 -20 28 -22 -23 27 -25 -26 -27 -28 -29 -30 -31
leaf_value=0.049113129137334816 0.01162570881050227 0.061858171193837144 -0.012532527273074554 0.039407177995716726 -0.072566231387390032 0.061158548648340076 -0.050981700201675209 0.068335482840313114 0.0027994862314420026 -0.041492030356862782 0.029399361608527519 0.059226537233168862 0.0021098756215201827 -0.044294360836133397 -0.0040244864538306353 0.04888403024856474 0.0077871517688962314 0.014116530747162464 0.020802235971611044 0.051797822652758098 -0.014468062909681412 -0.037495405751981188 -0.055016231680176608 0.069396423230037266 0.0028453890886467278 0.0019059391148178442 0.070457446302766041 0.038645329402655165 -0.036687406827952296 -0.0013072065253610765
leaf_weight=30.577822518069297 66.964313781820238 315.58605820924276 1197.7171622760361 80.976608519558795 334.72210165846627 87.29162696225103 168.25983957730932 49.875575025449507 1667.4190634292318 187.97255253442563 139.04098571627401 47.764342722948641 24.95634090481326 384.50039515597746 1806.3370356500382 148.98042314732447 1114.48386914609 845.23608996963594 36.173571376595646 4.5701270124409339 97.231599722057581 74.549113299930468 11.46987294650171 73.15169813320972 31.385247910628095 50.035564471967518 128.52938399277627 11.98214230267331 106.6677891119034 128.53595567494631
leaf_count=3199 1945 228240 148709 2503 355222 47153 30149 11496 177438 4820 3221 18500 820 9521 107978 4458 27232 27598 1096 424 1653 9037 820 2243 1186 1041 5507 3474 34393 4003
internal_value=0.000331028 0.0188326 -0.00571276 -0.0253425 -0.0435618 0.0121461 -0.00154968 0.00966246 0.00781973 -0.00256706 -0.0104037 0.00463146 -0.000250534 -0.00634695 -0.0112496 0.0040267 -0.0026737 0.019705 -0.0313641 -0.0626518 0.010758 -0.00590769 0.0569153 0.044241 -0.0418752 -0.0318587 0.060771 -0.00315724 -0.0296039 0.00860853
internal_weight=9452.94 2331.5 7121.44 1234.88 679.623 1992.47 5886.56 1905.17 1855.3 555.257 474.281 1715.18 5650.74 2344.32 2190.84 3306.42 2312.2 994.217 235.819 445.96 236.273 233.663 339.038 140.116 199.645 238.008 153.486 23.452 111.238 159.114
internal_count=1275079 491309 783770 419516 406278 258775 364254 211622 200126 13238 10735 195938 331823 123826 117499 207997 175941 32056 32431 390039 4874 16239 232534 4188 31335 5861 6327 4294 34817 7202
is_linear=0
shrinkage=0.08


Tree=85
num_leaves=31
num_cat=0
split_feature=8 0 3 2 1 1 3 4 1 0 5 0 1 2 0 0 3 1 2 5 4 2 1 0 9 1 4 2 1 0
split_gain=143.742 87.0646 77.743 65.9565 62.2229 52.7392 39.0165 73.5895 49.4218 40.1846 35.4202 35.1621 31.8985 62.2703 61.1275 57.1779 70.457 43.8068 32.4066 29.65 28.8763 28.7978 40.8625 28.3529 25.0728 18.6315 16.7707 14.628 13.9205 13.5884
threshold=0.75000000000000011 0.88478556275367748 0.67028987407684337 0.56980520486831676 0.56562754511833202 0.24316334724426272 0.96178188920021068 7.5000000000000009 0.94360822439193737 0.80717849731445324 1.0000000180025095e-35 0.53144779801368724 0.60736888647079479 0.60107529163360607 0.56294015049934398 0.60107529163360607 0.7577352523803712 0.39250700175762182 0.39455153048038488 0.42008402943611151 5.5000000000000009 0.87007671594619762 0.78319624066352855 0.48808848857879644 1.0000000180025095e-35 0.53178024291992199 5.5000000000000009 0.38507877290248876 0.91715687513351452 0.71892556548118602
decision_type=2 2 2 2 2 2 2 2 2 2 2 2 2 2 2 2 2 2 2 2 2 2 2 2 2 2 2 2 2 2
left_child=2 12 3 5 11 -1 7 8 -6 -9 25 -4 14 15 17 20 -17 -2 -19 -12 -14 22 -15 -5 27 -7 -3 -8 -26 -25
right_child=1 26 4 23 6 10 24 9 -10 -11 19 -13 13 21 -16 16 -18 18 -20 -21 -22 -23 -24 29 28 -27 -28 -29 -30 -31
leaf_value=0.038156579641977002 0.042146104991894612 0.062812061928430113 -0.005040603038410767 0.079254721877988515 -0.004115016383718622 -0.032797546548157003 -0.045983325991860301 -0.019598457558781757 0.029082957363666961 -0.070653984117798649 -0.06269099595922864 0.05585862600607417 0.046575979396457613 0.027191175241564308 0.05845901592017709 -0.15941702173283076 -0.0020736633482120342 -0.11095998409367434 -0.0068565295055780622 -0.029376698282576681 -0.03296769136851025 0.046890530352779063 -0.0037159930235208072 0.0015372856798763095 0.037315459425142944 0.019898184136134579 -0.0087987079215778793 0.021741811211100033 -0.0060110380566216794 -0.052347873067257952
leaf_weight=56.164941520837601 109.29267555417027 280.485404154344 81.758253277279437 24.191156697750557 2769.5960118090734 72.001759435515851 15.033691347576676 814.00679179426515 314.87161499110516 113.06950144458096 350.26889882754767 182.63296114181867 44.728510761284269 425.04598862607963 235.59425395156723 37.421164411120117 35.851787059451453 17.716192266787402 157.42028778512031 417.40013316378463 65.782328559434973 131.45595678745303 731.57644684484694 421.80671699589584 46.258064039051533 90.290303621441126 17.183327493374236 672.53721908247098 571.5677000208525 26.958160692185629
leaf_count=10644 12957 212307 18049 1685 117082 12212 1720 63170 25008 1592 325313 15521 3263 39624 26435 1332 4299 975 9521 59799 8296 51679 118211 45468 1677 3566 3480 40745 38658 1421
internal_value=0.000529942 0.0179357 -0.00511645 -0.0215286 -0.000781877 -0.0332717 -0.00270793 -0.00663955 -0.000632697 -0.0263426 -0.0379377 0.0366887 0.0117271 0.00553206 0.0287371 -0.0372105 -0.0895248 0.00298091 -0.0210631 -0.0450916 0 0.0118746 0.00757246 0.00271305 0.00923126 -0.00280566 0.0580725 0.0197087 -0.00223666 -0.00188824
internal_weight=9329.97 2289.55 7040.41 1459.08 5581.33 986.126 5316.94 4011.54 3084.47 927.076 929.961 264.391 1991.89 1471.86 520.023 183.784 73.273 284.429 175.136 767.669 110.511 1288.08 1156.62 472.956 1305.4 162.292 297.669 687.571 617.826 448.765
internal_count=1275709 492379 783330 460108 323222 411534 289652 206852 142090 64762 400890 33570 276592 226704 49888 17190 5631 23453 10496 385112 11559 209514 157835 48574 82800 15778 215787 42465 40335 46889
is_linear=0
shrinkage=0.08


Tree=86
num_leaves=31
num_cat=0
split_feature=8 3 2 6 5 1 4 3 4 3 1 0 6 0 2 5 6 8 6 0 5 6 4 0 5 4 6 6 4 6
split_gain=137.665 80.889 78.041 66.4413 72.6369 39.6111 42.0834 44.4075 53.106 39.26 45.5725 46.8794 32.6537 30.818 33.6155 29.141 31.3867 24.6721 56.532 24.2344 21.2475 20.9127 20.4565 18.6769 18.5682 17.956 16.6639 11.5489 10.5719 9.70724
threshold=0.75000000000000011 0.65419578552246105 0.90353596210479747 0.44923661649227148 0.21800179779529574 0.51899951696395885 8.5000000000000018 0.91458967328071605 11.500000000000002 0.94494947791099559 0.99565216898918163 0.76506900787353527 0.47895757853984838 0.31643131375312811 0.60736888647079479 0.31890305876731878 0.66915422677993786 1.0000000180025095e-35 0.40633355081081396 0.65240275859832775 1.0000000180025095e-35 0.49280537664890295 5.5000000000000009 0.41421362757682806 1.0000000180025095e-35 8.5000000000000018 0.85794997215271007 0.64888572692871105 9.5000000000000018 0.35058240592479711
decision_type=2 2 2 2 2 2 2 2 2 2 2 2 2 2 2 2 2 2 2 2 2 2 2 2 2 2 2 2 2 2
left_child=1 3 9 4 25 12 17 20 -9 10 15 -12 24 -5 26 29 -17 18 -7 -16 -8 -19 -13 -14 28 -1 -15 -11 -3 -2
right_child=2 5 -4 13 -6 6 7 8 -10 27 11 22 23 14 19 16 -18 21 -20 -21 -22 -23 -24 -25 -26 -27 -28 -29 -30 -31
leaf_value=0.00031813595918249644 0.017762175811072881 0.067018289588146748 0.060898816574613143 0.040017053918872739 -0.070671514031973429 -0.047767003140025355 -0.0086342344322264657 -0.025695460942210691 0.022221645160439906 0.00027076404578291489 0.030803226380546351 0.014724093694615907 -0.019964906277992113 -0.031131239127544431 0.047521002678147538 -0.0049015555433532653 0.018218730796783301 0.003020147409410433 -0.00069985281229057274 -0.019531527145672117 -0.039465572457003426 0.022007139702193514 -0.096068773599911256 0.067582154786298768 -0.045246514503648159 -0.053149640363004194 0.0079665461704342654 0.043817589578524795 -0.0054128970860046633 0.075821205775676359
leaf_weight=187.56855275691487 46.270151627715677 17.781785853207111 236.26454573369119 74.054450432304293 300.43659708841005 173.01550723367836 237.29962214082479 261.6223535425961 327.26512457116041 53.842180835199542 31.010382551583461 8.4548825657693651 12.583088466199113 358.11677347030491 81.734873237204738 672.90520205814391 817.97198023326928 1627.3812802345492 2078.9996652952395 49.533597600646317 442.14657121896744 488.03649670863524 59.273841722984798 114.59298567578662 37.467641198541969 44.261929647065699 76.606721575837582 280.44700603408273 20.045100056566298 51.724766968749464
leaf_count=11666 1290 492 205816 3675 357627 68231 3224 6147 12312 2829 2355 1378 541 32602 2715 13697 148700 45278 66038 1178 66337 63518 1440 4601 26443 7367 2411 112235 729 1409
internal_value=0.000516264 -0.00500082 0.0176882 -0.0241369 -0.044936 -0.00111357 -0.00240178 -0.0152093 0.000627212 0.0124222 0.00728753 -0.0438346 0.0331663 -0.00637787 -0.0130257 0.0106924 0.00769496 0.00129415 -0.00448458 0.0212566 -0.0290731 0.00751755 -0.0799766 0.057282 -0.00660422 -0.0101211 -0.0238653 0.0373827 0.028749 0.0521541
internal_weight=9268.72 7010.55 2258.16 1172.31 532.267 5838.24 5635.77 1268.33 588.887 2021.9 1687.61 98.7391 202.471 640.046 565.992 1588.87 1490.88 4367.43 2252.02 131.268 679.446 2115.42 67.7287 127.176 75.2945 231.83 434.723 334.289 37.8269 97.9949
internal_count=1274281 783132 491149 419241 376660 363891 331085 88020 18459 285333 170269 5173 32806 42581 38906 165096 162397 243065 134269 3893 69561 108796 2818 5142 27664 19033 35013 115064 1221 2699
is_linear=0
shrinkage=0.08


Tree=87
num_leaves=31
num_cat=0
split_feature=2 6 5 6 6 5 9 6 6 6 0 2 1 0 3 9 0 2 5 6 0 4 6 2 1 2 5 5 5 0
split_gain=98.1585 78.7975 212.016 54.41 52.8421 48.4767 51.8048 50.7657 45.0102 42.8337 35.2039 27.2016 22.5619 22.344 19.0003 16.1947 13.6422 11.249 11.1703 10.5809 11.775 9.9317 7.35059 6.56544 5.75031 4.78152 3.76179 9.67105 3.35029 2.29861
threshold=0.95861870050430309 0.43147574365139013 0.28644689917564398 0.98770472407341015 0.64888572692871105 0.37525510787963873 1.0000000180025095e-35 0.95217302441596996 0.64888572692871105 0.66915422677993786 0.59611794352531444 0.53178024291992199 0.51471862196922313 0.92031747102737438 0.5912291705608369 1.0000000180025095e-35 0.48528139293193823 0.19433516263961795 0.34726379811763769 0.34649567306041723 0.60495716333389293 3.5000000000000004 0.36854232847690588 0.68614074587821972 0.45199692249298101 0.53694942593574535 0.99163165688514721 0.9208967685699464 0.49358868598937994 0.99565216898918163
decision_type=2 2 2 2 2 2 2 2 2 2 2 2 2 2 2 2 2 2 2 2 2 2 2 2 2 2 2 2 2 2
left_child=1 2 14 5 13 8 7 -7 16 -8 17 -10 22 -2 21 -14 -3 -4 29 20 -16 24 -12 -19 -1 -21 27 -5 -20 -15
right_child=4 3 10 26 -6 6 9 -9 11 -11 12 -13 15 18 19 -17 -18 23 28 25 -22 -23 -24 -25 -26 -27 -28 -29 -30 -31
leaf_value=-0.04019687570403175 0.06108375678994233 0 0.016110655505632981 0.054545579494323815 0.073405815617828205 0.0055030032611925782 -0.023754742762544804 0.050507939316065453 -0.076632990275793691 -0.0008490288453328308 0 0.01003286655997083 -0.020823408707088594 0.031782146989848256 0.013583389229270784 -0.054435584185984237 0.05365209332531129 -0.068759254872243936 -0.028795359268083246 0 -0.00087147856665659607 -0.050044513011293992 0.090074695145350409 0 0.013546600379841161 0.068865281624190602 0.069706472179307061 0 0.0011924936350073978 0.0055293573772167686
leaf_weight=12.950563914724624 46.725588632223662 31.484949452802539 5.7261091085965736 47.553842327150051 162.20625211659353 2544.4262606088887 727.61541033466347 167.89040035492508 26.230635476880707 1878.4558408229495 4.8146793312043865 78.555167424143292 285.78930322924862 44.249948161945213 462.31184406881221 162.22176472033607 240.44786101224599 351.99159870948642 62.182461819436867 5.4269382506026913 1507.1522699236521 62.017035726166796 7.8067561665084213 7.3469488431001073 37.491582720191218 17.657735674758442 62.727647379797418 35.93817442067666 21.393473825824913 77.390285150904674
leaf_count=5154 2243 5641 2500 20978 164466 193218 42970 41634 525 153144 2525 3748 53699 3342 24336 47831 9731 364081 2232 2874 32715 25115 1803 886 5210 2161 38837 13714 2611 5662
internal_value=0.000412485 -0.00137633 -0.012083 0.0039738 0.0382473 0.00268412 0.000676193 0.00843547 0.0302321 -0.00733883 -0.0463122 -0.0127066 -0.0304039 0.0140007 0.0013456 -0.0338138 0.0472864 -0.0652706 0.00132133 0.00325349 0.00246643 -0.0297957 0.0568061 -0.0672099 0 0.0523106 0.0513975 0.0326725 -0.0196788 0.0172207
internal_weight=9186.18 8772.03 2930.71 5841.33 414.148 5695.11 5318.39 2712.32 376.719 2606.07 825.697 104.786 460.633 251.942 2105.01 448.011 271.933 365.065 205.216 1992.55 1969.46 112.459 12.6214 359.339 50.4421 23.0847 146.22 83.492 83.5759 121.64
internal_count=1275586 1095030 570890 524140 180556 450611 430966 234852 19645 196114 473325 4273 105858 16090 97565 101530 15372 367467 13847 62086 57051 35479 4328 364967 10364 5035 73529 34692 4843 9004
is_linear=0
shrinkage=0.08


Tree=88
num_leaves=31
num_cat=0
split_feature=8 2 3 6 4 3 2 5 4 3 4 9 9 7 2 5 6 3 4 2 6 2 3 6 6 5 2 2 4 6
split_gain=104.555 64.2663 58.1606 58.1094 35.6962 42.938 47.6901 34.0278 32.0445 32.0044 31.6391 28.6904 23.2478 23.0986 22.7905 22.3435 22.0485 21.4175 20.6873 19.5725 17.4599 15.7327 15.1695 14.2586 16.2583 12.3705 12.3497 10.8164 9.29846 8.88478
threshold=0.75000000000000011 0.86295148730278026 0.59317129850387584 0.47895757853984838 4.5000000000000009 0.91458967328071605 0.86706829071044933 0.31890305876731878 14.500000000000002 0.94494947791099559 5.5000000000000009 1.0000000180025095e-35 1.0000000180025095e-35 1.0000000180025095e-35 0.79805827140808117 0.21800179779529574 0.88615176081657421 0.45222154259681707 5.5000000000000009 0.23132664710283282 0.4723315834999085 0.4901809841394425 0.96693986654281627 0.97881317138671886 0.96209374070167553 0.42672246694564825 0.51649147272109996 0.88036698102951061 2.5000000000000004 0.32994845509529119
decision_type=2 2 2 2 2 2 2 2 2 2 2 2 2 2 2 2 2 2 2 2 2 2 2 2 2 2 2 2 2 2
left_child=2 7 3 15 12 8 11 29 14 13 20 -7 21 19 -6 -1 -10 -5 -8 -9 -3 -4 -12 24 -14 -11 -19 -23 -28 -2
right_child=1 10 4 17 5 6 18 9 16 25 22 -13 23 -15 -16 -17 -18 26 -20 -21 -22 27 -24 -25 -26 -27 28 -29 -30 -31
leaf_value=-0.017924753622467777 0.014600120191408683 0 0.04347912695601884 0.032406606056197933 -0.0079134904936363059 0.023686908117247 -0.0019301594095024689 0.058915082605414171 -0.049811427839515185 -0.014246296278117243 -0.04419173930455661 -0.0039236353151981488 -0.0037978972685237962 0.062780510888877497 -0.034934464223477332 -0.069754836374026991 0.021198631976542689 -0.028931214985044362 -0.061684101593923908 -0.0018888258279880137 0.061908528049475206 0.0034756681746382183 0.035078208271100191 0.039812606867208201 -0.048846877292370382 0.037937289373015652 0.045667667129260951 0.018407398227398362 -0.0083369241687706267 0.070523361592914113
leaf_weight=91.00673096824903 40.193506497424096 35.48616540315561 78.895582945726346 71.117293020011857 1426.8454983356642 493.77453104848973 72.734149023308419 29.675894402898848 239.18281901750015 25.791528646252118 30.765101621276699 447.21098008623812 1470.1318547208211 32.990835958393291 235.52884666679893 196.35313791083172 25.443818880710751 157.38254014926497 86.220882288878784 1413.7888171967352 275.21948570670793 1258.3069500915008 20.897531917435117 40.104779930727091 49.121161883405875 227.71031847462291 24.035345677984878 427.57062612444861 55.22772685973905 64.394324697786942
leaf_count=13196 1045 745 12461 3533 165887 17610 3589 5506 56984 1728 1851 14538 94821 6912 3686 265589 606 10167 2620 138447 242014 61100 6753 11619 2544 85717 883 39505 1893 1961
internal_value=-0.000218845 0.0149547 -0.0050482 -0.0288834 -0.0027686 -0.0090596 0.00342389 0.00870414 -0.0162585 0.00584332 0.0456146 0.0104443 0.0029169 0.00118004 -0.0119311 -0.0544748 -0.0421239 -0.00398819 -0.0362106 -0.000329253 0.0552079 0.00922211 -0.0090374 -0.0041233 -0.00551486 0.0318363 -0.016032 0.0074005 0.00787845 0.0521386
internal_weight=9143.11 2196.91 6946.2 595.123 6351.07 3026.94 1099.94 1834.55 1927 1729.96 362.368 940.986 3324.13 1476.46 1662.37 287.36 264.627 307.763 158.955 1443.46 310.706 1764.77 51.6626 1559.36 1519.25 253.502 236.646 1685.88 79.2631 104.588
internal_count=1275510 492679 782831 295261 487570 265520 38357 241316 227163 238310 251363 32148 222050 150865 169573 278785 57590 16476 6209 143953 242759 113066 8604 108984 97365 87445 12943 100605 2776 3006
is_linear=0
shrinkage=0.08


Tree=89
num_leaves=31
num_cat=0
split_feature=2 6 6 3 1 3 2 4 1 2 1 4 3 3 6 1 6 3 5 5 9 5 9 9 4 5 3 3 4 6
split_gain=75.9717 62.3668 55.2096 45.8213 104.335 85.6653 55.8206 64.749 53.9294 49.0296 48.3502 25.8772 25.3261 25.1281 20.5852 18.6217 13.9812 12.3718 9.64507 22.4854 13.2568 5.58299 5.65201 5.56276 4.66668 3.20006 2.28492 1.82226 1.81391 1.10688
threshold=0.95861870050430309 0.97881317138671886 0.61348485946655285 0.65419578552246105 0.59611794352531444 0.7577352523803712 0.598850578069687 4.5000000000000009 0.24316334724426272 0.53178024291992199 0.78910306096076976 13.500000000000002 0.97530490159988414 0.99462366104125988 0.49280537664890295 0.80217391252517711 0.40075758099555975 0.83935481309890758 0.88929739594459545 0.9878295660018922 1.0000000180025095e-35 0.27964508533477789 1.0000000180025095e-35 1.0000000180025095e-35 10.500000000000002 0.32600644230842596 0.81530213356018078 0.96051946282386791 27.500000000000004 0.98894992470741283
decision_type=2 2 2 2 2 2 2 2 2 2 2 2 2 2 2 2 2 2 2 2 2 2 2 2 2 2 2 2 2 2
left_child=1 3 13 8 5 11 7 -6 16 14 -8 -5 -7 23 -10 -11 28 18 26 20 -20 -15 -23 -2 -18 27 -3 -25 -1 -21
right_child=2 17 -4 4 6 12 10 -9 9 15 -12 -13 -14 21 -16 -17 24 -19 19 29 -22 22 -24 25 -26 -27 -28 -29 -30 -31
leaf_value=-0.038904889228689322 0.051463020368565704 0.058674868827633606 0.071754393540579178 0.014939302307087661 0.0068170049382813456 0.069880665089423186 0.011875413863534181 -0.038712542782338717 -0.044791840913463388 -0.0065951353725508654 -0.0048450189861085034 -0.040728757271472828 -0.044766522752522013 0.0033187668019184898 -0.018574504168955994 0.036818739071640877 0.015141021104640565 0.061966819738070528 0.037179136782103189 0 -0.052320013130876405 -0.0074052042592298089 -0.05842085315925865 0.036263279828694775 0.074145154063952959 -0.013423814595191777 0 0 0.0014353869370533638 0.057175777451248959
leaf_weight=8.5512092576245742 69.276423963718116 27.914255568757657 148.32356399641139 281.25947395770345 304.72904807137093 258.00023486732971 1532.7756944777211 541.33746052632341 400.80613830086077 544.21956809994299 3942.5852481752518 60.066887836728711 7.9599100433988488 64.418408671976067 444.53446241281927 66.143984105088748 23.187200790620409 99.145004135207273 7.9630180008243761 1.773554852814416 37.864315373823047 54.756550383637659 20.891789927147329 18.69538941222709 47.015730113431346 14.78579442494083 2.046299166919197 6.4037916348315767 0.88737900840351436 25.767046496737748
leaf_count=6487 3659 7965 166644 45858 21063 26563 92543 61485 331226 73316 294101 18347 794 5447 20821 3507 2332 61935 1882 265 7203 2018 921 1265 4426 466 544 577 537 10377
internal_value=-0.000170741 -0.00176535 0.0337841 -0.00284363 -4.58926e-05 0.0314638 -0.00312073 -0.0221824 -0.0153243 -0.0189562 -0.000128532 0.00423422 0.0650961 0.00959064 -0.0313835 -0.00136951 0.046369 0.0415213 0.018472 0 -0.031493 -0.0118893 -0.0262266 0.0378671 0.0590868 0.00758535 0.0531314 0.0254515 -0.0248471 0.0536022
internal_weight=9064.08 8666.53 397.552 8464.06 6928.71 607.287 6321.43 846.067 1535.35 1455.7 5475.36 341.326 265.96 249.228 845.341 610.364 79.6415 202.473 103.328 73.3679 45.8273 140.067 75.6483 109.161 70.2029 39.885 29.9606 25.0992 9.43859 27.5406
internal_count=1274574 1093577 180997 1003406 560754 91562 469192 82548 442652 428870 386644 64205 27357 14353 352047 76823 13782 90171 28236 19727 9085 8386 2939 5967 6758 2308 8509 1842 7024 10642
is_linear=0
shrinkage=0.08


Tree=90
num_leaves=31
num_cat=0
split_feature=8 6 2 6 0 3 4 7 1 4 0 1 3 2 2 6 2 1 0 0 2 0 6 2 6 0 1 4 2 0
split_gain=82.6948 207.555 68.5649 49.2835 43.6591 39.0037 35.7067 33.4772 33.2563 39.9953 20.902 59.115 56.2125 67.861 47.0283 34.4506 21.4823 18.294 17.394 15.3621 22.55 15.1944 13.7178 8.13373 6.44997 5.50991 6.34933 5.40941 5.01021 4.80772
threshold=1.0000000180025095e-35 0.4226078093051911 0.88261792063713085 0.52397373318672191 0.89377820491790783 0.87026646733284008 5.5000000000000009 1.0000000180025095e-35 0.27334994077682501 8.5000000000000018 0.79277813434600841 0.84273937344551098 0.96459901332855236 0.84262126684188854 0.78142958879470836 0.53866082429885875 0.91715687513351452 0.44920890033245092 0.66978195309638988 0.82891985774040233 0.7933771312236787 0.87559524178504955 1.0000000180025095e-35 0.90054944157600414 0.25439137220382696 0.74210175871849071 0.79205974936485302 4.5000000000000009 0.93127068877220165 0.28718703985214239
decision_type=2 2 2 2 2 2 2 2 2 2 2 2 2 2 2 2 2 2 2 2 2 2 2 2 2 2 2 2 2 2
left_child=1 5 4 21 7 28 -5 8 29 -10 14 19 13 -13 15 18 -14 -17 -3 20 -12 -4 -23 -8 -7 -16 -27 -21 -1 -2
right_child=2 10 3 6 -6 24 23 -9 9 -11 11 12 16 -15 25 17 -18 -19 -20 27 -22 22 -24 -25 -26 26 -28 -29 -30 -31
leaf_value=-0.071359051128310411 0.065018495291838535 -0.043529571625041535 0.047742268177214511 0.062787233301884071 0.053384723045757608 0.062061272675583055 0 0.068385554523355277 0.0055450269555538476 -0.011319589115573347 -0.033027756575772567 -0.069490319325707872 0.013012140465668828 -0.012565950483509978 0.053430286762433464 0.031991995247892945 -0.026467141294576869 0.0011146419250548764 0.00048690812269642738 0.055492828761377469 0.033228692747221067 0.013452681841835274 -0.024142739096396141 -0.077376531626250994 -0.014298197525936316 0.059981591236383219 0.0088903951822798706 0 0 0.00039779885395615063
leaf_weight=360.6221609703498 55.316498372587375 157.28709094121587 49.538613150129095 283.73618496913696 106.22736073116539 2.2871546832611775 17.975072403787639 44.045250245020725 3279.9393044296885 1232.6874793576426 48.764894241467118 211.38870717899408 358.26371851377189 383.72736167814583 104.82217050623149 131.70757886068895 110.36765224544797 1355.7151506342925 77.84037404996343 91.969880863558501 76.854224553797394 187.40753051918 86.199177488917485 7.5885549096856257 80.042286165524274 18.859939804300666 86.229606296401471 13.3093052750919 2.0077603077515951 14.266987847106064
leaf_count=411300 9488 67882 1629 259350 28333 258 2884 12781 256622 118818 942 3094 7662 11174 2600 3324 12754 17350 5956 2233 894 14279 1753 1580 15152 243 1821 160 99 2416
internal_value=0.000795164 -0.00842832 0.00714001 0.031807 0.00377967 -0.0593374 0.0544856 0.0025497 0.00180814 0.000895373 -0.00127845 -0.00916283 -0.0172241 -0.0334629 0.0039311 -0.000378393 0.00319528 0.00405398 -0.0285846 0.0268753 0.00600352 0.00911302 0.000813331 -0.0276185 -0.00691292 0.0392257 0.0218206 0.0489272 -0.0705484 0.0548292
internal_weight=9037 3672.07 5364.93 632.445 4732.48 444.959 309.3 4626.26 4582.21 4512.63 3227.11 1294.65 1063.75 595.116 1932.46 1722.55 468.631 1487.42 235.127 230.898 125.619 323.145 273.607 25.5636 82.3294 209.912 105.09 105.279 362.63 69.5835
internal_count=1274831 564898 709933 281475 428458 426809 263814 400125 387344 375440 138089 38913 34684 14268 99176 94512 20416 20674 73838 4229 1836 17661 16032 4464 15410 4664 2064 2393 411399 11904
is_linear=0
shrinkage=0.08


Tree=91
num_leaves=31
num_cat=0
split_feature=8 3 5 0 1 2 1 4 4 0 5 2 1 0 1 2 2 0 2 3 4 3 0 1 0 4 0 0 1 5
split_gain=82.047 56.1931 66.4512 53.2995 97.6022 94.0461 67.3883 64.2794 52.1012 50.5159 55.7254 46.4608 32.8836 38.673 31.2623 66.3396 29.7822 29.6451 28.6341 69.247 29.5278 27.9016 24.0283 48.9843 23.8355 22.3317 21.7666 21.1867 17.8359 16.7637
threshold=1.0000000180025095e-35 0.91922956705093395 0.42482461035251623 0.75513628125190746 0.80217391252517711 0.84877073764801036 0.83424907922744762 4.5000000000000009 9.5000000000000018 0.5604878067970277 0.42482461035251623 0.61938297748565685 0.60922586917877208 0.64326766133308422 0.65545505285263073 0.75582656264305126 0.62575301527977001 0.28718703985214239 0.61257407069206249 0.88047617673873912 3.5000000000000004 0.76253134012222301 0.74210175871849071 0.80217391252517711 0.7243877947330476 5.5000000000000009 0.42644809186458593 0.6569296419620515 0.89386734366416942 0.33260554075241094
decision_type=2 2 2 2 2 2 2 2 2 2 2 2 2 2 2 2 2 2 2 2 2 2 2 2 2 2 2 2 2 2
left_child=9 3 29 6 14 11 17 -7 -8 10 -1 -6 13 21 -5 -16 -12 -2 19 20 -14 -11 28 -24 -21 -4 -19 -10 -20 -3
right_child=1 2 25 4 5 7 8 -9 27 12 16 -13 18 -15 15 -17 -18 26 22 24 -22 -23 23 -25 -26 -27 -28 -29 -30 -31
leaf_value=-0.059134256934514226 0.052770754312627524 0.0086702348263505771 0.054614877230581067 0.070763885941287685 0.058634164640353294 0.031621313021186148 0.049420225219019197 -0.056717798146333522 0.017081397723312099 -0.019260742169911926 -0.016670173035507441 -0.054518719093613312 -0.01478858439362981 0.056328894427414032 -0.035003780687718734 0.040393101892136539 0.061516311754713816 -0.029813918125725959 -0.00038478479179458378 -0.0071782449591308644 -0.082071020134778475 0.066292512005508161 0.022957217804050706 -0.01550857656869604 0.083671847245057954 0.022474369167814142 0.0027424148237588674 -0.052077801631185749 0.026065327669493092 -0.026148559455194422
leaf_weight=244.93636848632013 67.719021734781563 518.56671938387444 326.30584423278924 62.572192157444078 19.082238782255445 201.84351902449271 366.40802733710734 65.175211664987728 55.609795270604081 132.52393682894763 340.4058087283629 478.68708414048888 78.681447291688528 113.02394955803175 120.40311027411371 176.92939703166485 28.760056966682896 134.07008504704572 567.66895844758255 31.724464721861295 113.41504665260436 24.430462717893533 240.17450998694403 1461.6242118690279 29.839128304854967 297.70293441700051 2305.595915083657 45.733167098253034 217.67456512979697 100.50427494081669
leaf_count=303155 12053 23744 253340 9082 1495 48069 39589 2160 1646 46219 50665 22999 11898 8190 6184 11472 659 27007 45291 1334 27926 1623 9011 52030 632 81430 160546 1295 6369 8194
internal_value=0.000308624 0.0066264 0.0215034 0.00205597 -0.0126908 -0.0288878 0.00769633 0.00882469 0.0354273 -0.0089557 -0.029819 -0.0493227 -0.00460483 0.0216394 0.0212132 0.00925838 -0.00941075 0.00239924 -0.00728295 -0.0327246 -0.0563986 -0.00332065 -0.00456354 -0.00993481 0.0374294 0.0398361 0.000830538 -0.0136048 0.0068625 0.00259692
internal_weight=8967.79 5342.91 1243.08 4099.83 1124.69 764.788 2975.14 267.019 467.751 3624.88 614.102 497.769 3010.78 269.978 359.905 297.333 369.166 2507.39 2740.8 253.66 192.096 156.954 2487.14 1701.8 61.5636 624.009 2439.67 101.343 785.344 619.071
internal_count=1275307 710305 366708 343597 101461 74723 242136 50229 42530 565002 354479 24494 210523 56032 26738 17656 51324 199606 154491 41790 39824 47842 112701 61041 1966 334770 187553 2941 51660 31938
is_linear=0
shrinkage=0.08


Tree=92
num_leaves=31
num_cat=0
split_feature=8 6 3 6 4 1 0 1 3 3 0 1 1 4 1 0 2 1 2 3 0 3 2 1 2 4 3 4 6 0
split_gain=69.2614 173.635 53.324 54.504 48.6206 95.8328 84.296 51.2131 47.4804 41.7684 34.2462 90.4283 62.9145 32.9083 26.2386 70.6255 63.074 18.7535 50.2285 47.4845 45.2486 58.1307 51.9533 39.4246 37.9123 33.7769 18.442 17.6679 17.3224 15.4353
threshold=1.0000000180025095e-35 0.4294890314340592 0.93710443377494823 0.51295477151870739 5.5000000000000009 0.66300368309021007 0.6106402873992921 0.94791102409362804 0.78830561041831981 0.87026646733284008 0.74023336172103893 0.77015754580497753 0.61257407069206249 8.5000000000000018 0.99565216898918163 0.71503761410713207 0.65733855962753307 0.82426470518112194 0.73735308647155773 0.87570226192474376 0.74210175871849071 0.81016731262207042 0.82519841194152843 0.73375529050827037 0.68614074587821972 4.5000000000000009 0.80217391252517711 3.5000000000000004 0.36400441825389868 0.80982521176338207
decision_type=2 2 2 2 2 2 2 2 2 2 2 2 2 2 2 2 2 2 2 2 2 2 2 2 2 2 2 2 2 2
left_child=1 9 4 -4 7 6 8 10 -6 -1 11 -2 -12 -5 16 -16 -7 18 19 23 25 22 -22 -3 -23 -19 27 -20 -8 -28
right_child=2 17 3 13 5 14 28 -9 -10 -11 12 -13 -14 -15 15 -17 -18 20 26 -21 21 24 -24 -25 -26 -27 29 -29 -30 -31
leaf_value=-0.068706697023626959 0.0011969622002531964 -0.00019410425629674198 0.0040636172881647788 0.054318349863518647 -0.012637606162118906 -0.046328780575894214 0.0029944016416873103 0.056563653180793094 0.065304109062469071 -0.0037347583770142015 0.082458963743790858 0.045153010102196016 -0.010262895123313838 0.0099294647317587949 0.018132060995089624 -0.095294207437060796 0 0.050803138297225728 0.021603746995916832 0.045306751556652182 -0.11404383720662783 0.060760710691013138 -0.0052788247467621752 -0.040770887166766398 -0.01206231204430251 0.00019828338087104285 -0.011592939085523205 0.084757754240629896 0.068842437875969151 0.046757889938836311
leaf_weight=338.16331751490361 1082.5814419788076 893.80292255588574 559.66792307281867 350.37925745022949 452.50508230051491 321.39243704057299 37.089443809178192 131.13909851544304 50.912021484982688 84.884999234986026 44.070741107338108 413.55594928347273 938.18975851789583 170.41043827292742 48.193040474900045 97.119760892936029 452.93548104021465 117.09343440819066 66.911348985508084 116.62218044896144 63.251670201076195 42.063799124909565 54.157643581507728 182.03960449597798 1186.8132282269653 294.68964120501187 67.312679568305612 69.586752880830318 156.32409130316228 41.165081824176013
leaf_count=422233 76500 70430 22707 268252 70778 12807 2390 47951 4232 15886 7935 24693 86518 46655 1338 2090 21325 3035 940 2675 1025 804 660 4670 36399 4245 902 718 14405 710
internal_value=0.00013144 -0.0083779 0.00596664 0.0217972 0.00186047 -0.00897715 0.0131962 0.00863933 -0.00387572 -0.0562397 0.00593031 0.0135636 -0.00554417 0.0403305 -0.0259319 -0.0572601 -0.0195178 -0.0019136 0.00478751 -0.00191231 -0.00748139 -0.0146322 -0.0674456 -0.00736484 -0.00920383 0.0154089 0.0374261 0.0567878 0.0574153 0.0102246
internal_weight=8925.02 3618.56 5306.47 1080.46 4226.01 1616.47 696.831 2609.54 503.417 423.048 2478.4 1496.14 982.26 520.79 919.641 145.313 774.328 3195.51 1437.44 1192.46 1758.07 1346.29 117.409 1075.84 1228.88 411.783 244.976 136.498 193.414 108.478
internal_count=1275908 565332 710576 337614 372962 129365 91805 243597 75010 438119 195646 101193 94453 314907 37560 3428 34132 127213 81045 77775 46168 38888 1685 75100 37203 7280 3270 1658 16795 1612
is_linear=0
shrinkage=0.08


Tree=93
num_leaves=31
num_cat=0
split_feature=8 2 3 1 6 5 2 1 1 4 6 6 1 2 3 5 4 6 2 4 1 3 4 1 5 5 4 1 4 3
split_gain=63.0846 52.9239 37.5979 68.262 62.4758 100.306 43.8792 58.0515 41.2992 40.6044 31.9655 29.6259 30.9043 79.8113 40.5089 31.8677 29.4076 23.2485 21.3362 19.6743 19.402 18.969 40.3283 45.529 20.8989 17.986 17.9527 16.1958 14.255 13.324
threshold=0.75000000000000011 0.87007671594619762 0.71330726146698009 0.59611794352531444 0.44923661649227148 1.0000000180025095e-35 0.628892481327057 0.72046512365341198 0.61633428931236278 3.5000000000000004 0.85372987389564525 0.99799197912216198 0.51649147272109996 0.51471862196922313 0.67028987407684337 0.32600644230842596 2.5000000000000004 0.44923661649227148 0.72255688905715953 8.5000000000000018 0.30877573788166052 0.9569842815399171 3.5000000000000004 0.94360822439193737 0.23693957179784778 0.21800179779529574 5.5000000000000009 0.91010102629661571 11.500000000000002 0.58102023601531994
decision_type=2 2 2 2 2 2 2 2 2 2 2 2 2 2 2 2 2 2 2 2 2 2 2 2 2 2 2 2 2 2
left_child=2 11 4 17 5 19 8 9 10 -8 -6 12 14 16 20 -15 -14 25 -9 -1 -2 22 23 -5 -24 -4 -3 -23 -29 -10
right_child=1 26 3 21 6 -7 7 18 29 -11 -12 -13 13 15 -16 -17 -18 -19 -20 -21 -22 27 24 -25 -26 -27 -28 28 -30 -31
leaf_value=0.00061265797077057424 0.049251218155913136 0.052628885109880834 0.03032536141885505 -0.0013177757818487554 -0.011572412378804839 -0.065680195559719559 0 -0.044438147038896654 0.0066697288190244973 0.089247444057094269 0.03523456919495678 0.058361396518129556 0 0.049569125185118856 0.079277230866528645 0.0016488814138529207 -0.092929444549232118 0.058018203241175632 0.012682199559801849 -0.042973397040957199 -0.0039504891085169877 0.03593630495089431 -0.0017920025996742187 0.042376778453335748 -0.021063022792281259 -0.043439612681609667 -0.0010319372864842128 -0.0012075997571769036 0.020328446412835682 -0.060570117997826113
leaf_weight=381.36723382445052 53.355346976430155 237.00030790819437 56.524738447275013 1564.9886235939921 469.30383973394055 311.03640359081328 49.332629841286689 59.687353952787817 16.298324279603548 95.86340072855819 110.77301836200058 64.3984831252601 26.021109477500431 91.281402441672981 70.808901054959279 1281.2292383049498 71.759336490416899 160.46767045761226 108.36036646924913 73.553600932704285 157.37239104451146 99.70318679313641 567.83302194054704 163.49042837310117 1084.8277164848987 26.671888822049368 40.6189237110666 995.72116999037098 236.85190801904537 116.53381503658602
leaf_count=12685 6487 235946 1133 55572 38913 433139 1411 1377 639 2456 4573 44403 2368 2274 11185 168062 4514 7380 2862 7691 9168 3947 6775 19562 77819 17788 6883 73341 10343 4453
internal_value=-8.43293e-05 0.0120116 -0.00386673 -0.000239751 -0.0137816 -0.0309957 -0.000689169 0.0238756 -0.0117966 0.0601559 -0.00213583 0.00687524 0.00473078 0 0.0287661 0.00512041 -0.0679584 0.0405771 -0.00737905 -0.00647721 0.00960758 -0.00242449 -0.0056319 0.00283314 -0.0145636 0.00374102 0.0443322 0.00558647 0.0028669 -0.0512164
internal_weight=8843.04 2093.85 6749.19 4957.08 1792.11 765.957 1026.15 313.244 712.909 145.196 580.077 1816.23 1751.83 1470.29 281.537 1372.51 97.7804 243.664 168.048 454.921 210.728 4713.42 3381.14 1728.48 1652.66 83.1966 277.619 1332.28 1232.57 132.832
internal_count=1275149 491290 783859 273660 510199 453515 56684 8106 48578 3867 43486 248461 204058 177218 26840 170336 6882 26301 4239 20376 15655 247359 159728 75134 84594 18921 242829 87631 83684 5092
is_linear=0
shrinkage=0.08


Tree=94
num_leaves=31
num_cat=0
split_feature=6 9 6 3 1 6 5 5 6 5 5 5 6 4 1 1 3 3 3 8 4 4 5 5 3 3 3 1 6 3
split_gain=60.0636 52.3343 53.3918 35.5219 93.1611 34.207 78.2527 67.8033 53.5925 73.3915 29.9009 41.7634 38.0946 29.3723 39.2167 34.9039 21.849 21.7846 15.9994 13.4066 7.40778 6.98725 4.63132 9.27183 12.0583 3.8932 3.84781 2.79187 2.0543 3.45129
threshold=0.98532998561859142 1.0000000180025095e-35 0.95217302441596996 0.78629976511001598 0.64051282405853283 0.59384471178054821 0.50802230834960949 0.2623975276947022 0.42674797773361212 0.40827012062072759 0.8611605465412141 0.92545253038406383 0.88251724839210521 2.5000000000000004 0.82426470518112194 0.74849396944046032 0.93710443377494823 0.99462366104125988 0.93957647681236278 0.75000000000000011 1.0000000180025095e-35 1.5000000000000002 0.9878295660018922 0.88929739594459545 0.87026646733284008 0.95861870050430309 0.77003204822540294 0.83910790085792553 0.9656645953655244 0.89512962102890026
decision_type=2 2 2 2 2 2 2 2 2 2 2 2 2 2 2 2 2 2 2 2 2 2 2 2 2 2 2 2 2 2
left_child=1 2 3 13 17 7 18 21 19 -10 12 -12 -8 15 -15 -1 -6 -5 20 -9 -7 27 23 -2 -25 -20 -23 -3 29 -4
right_child=22 5 28 4 16 6 10 8 9 -11 11 -13 -14 14 -16 -17 -18 -19 25 -21 -22 26 -24 24 -26 -27 -28 -29 -30 -31
leaf_value=-0.0065826224566453255 0.06052764772705628 0.0015601117910907345 0.014194501793263946 0.075813216308173142 -0.0015564758657355539 0 -0.0096233903414674003 -0.06984635868496919 0.028564259081185192 -0.034008410216365852 -0.038729037899918412 -0.00023361857264612187 0.020994941209828401 -0.0061365461222372434 -0.046100912871428659 0.030600643520953551 0.013921741206587818 -0.04432037381539488 -0.03848122961075031 -0.025413184236464676 0.050359801744047021 -0.012580207081932802 0.068396503093473698 -0.022973158267931604 0.045089748081699924 0.0084338719857143252 -0.00030824324808718506 0.019505269258393271 0.064688704695949881 0.054301095692261749
leaf_weight=376.79038628551643 35.309980090329191 154.64771299058339 53.823949562036432 145.95060979679693 1300.4567590644583 17.113218110054731 721.32808510557516 219.96472554272623 157.63700162025634 437.68693976500072 358.92244477450731 374.50277864508098 399.09997849146021 1150.6612652229087 180.62118094970356 269.82449142832775 1029.7561042318412 5.4462022385559967 9.7171928356983681 79.771992862224579 217.09560013725422 279.37120235245675 61.798554167791735 31.08584944147151 24.547053231945029 39.201073549629655 452.15405981318327 108.01485191448592 69.712883982312633 33.129570354678435
leaf_count=59917 21164 2737 9215 14164 81798 1460 49442 233518 15694 34055 42476 54111 53187 253935 7552 13651 153645 507 1162 3460 6977 15263 51022 8409 19604 6101 8978 5758 26797 18610
internal_value=-0.000261678 -0.001172 0.00461806 0.00293925 0.00932787 -0.00784763 -0.000828159 -0.0156799 -0.0315943 -0.0170732 -0.00691217 -0.0194238 0.00118561 -0.00499897 -0.0118306 0.0088037 0.00523023 0.0691898 0.0378819 -0.0591569 0.0464379 -0.00110581 0.048636 0.0306759 0.00566134 -0.000622228 -0.00526576 0.00976399 0.0498467 0.033337
internal_weight=8795.14 8642.4 4616.17 4459.51 2481.61 4026.23 2136.98 1889.25 895.061 595.324 1853.85 733.425 1120.43 1977.9 1331.28 646.615 2330.21 151.397 283.127 299.737 234.209 994.188 152.741 90.9429 55.6329 48.9183 731.525 262.663 156.666 86.9535
internal_count=1274369 1174170 639791 585169 250114 534379 214916 319463 286727 49749 199216 96587 102629 335055 261487 73568 235443 14671 15700 236978 8437 32736 100199 49177 28013 7263 24241 8495 54622 27825
is_linear=0
shrinkage=0.08


Tree=95
num_leaves=31
num_cat=0
split_feature=8 2 3 7 2 2 4 1 1 2 3 5 5 3 9 5 1 1 3 2 4 5 3 1 1 5 3 5 5 9
split_gain=47.0167 43.3469 30.2967 30.0075 28.4462 25.1472 24.0252 29.1826 23.6397 36.2262 25.2898 21.2931 15.815 14.4125 14.3914 15.1871 13.0099 12.7825 10.603 10.3406 9.28348 8.37185 6.98199 11.091 6.94321 6.45641 5.29578 5.1249 3.67194 3.08111
threshold=0.75000000000000011 0.93957647681236278 0.5912291705608369 1.0000000180025095e-35 0.2152509689331055 0.51191151142120372 17.500000000000004 0.51649147272109996 0.41533938050270086 0.41421362757682806 0.94665718078613292 0.66815477609634411 0.40633355081081396 0.71330726146698009 1.0000000180025095e-35 0.98048734664917003 0.32466214895248419 0.63224515318870556 0.78192934393882763 0.60107529163360607 3.5000000000000004 0.40081967413425451 0.60136988759040844 0.36451049149036413 0.7320508360862733 0.38724207878112799 0.88493064045906078 0.76957115530967724 1.0000000180025095e-35 1.0000000180025095e-35
decision_type=2 2 2 2 2 2 2 2 2 2 2 2 2 2 2 2 2 2 2 2 2 2 2 2 2 2 2 2 2 2
left_child=2 3 4 8 -1 12 7 13 22 17 -11 19 -6 21 18 -16 -14 -10 -9 28 24 -4 23 -2 -7 -3 -15 -22 -8 -24
right_child=1 25 6 -5 5 20 11 14 9 10 -12 -13 16 26 15 -17 -18 -19 -20 -21 27 -23 29 -25 -26 -27 -28 -29 -30 -31
leaf_value=0.044106661589337952 0.038861652707916146 0 -0.01197749391590644 0.067785824144790771 -0.057451811996209329 0.0042763691687642815 -0.026043095670028105 -0.0041868473955235502 -0.095934104407438561 0.0010801534504375539 0.026934939259813696 0.016618089931879437 0.012930276793220554 0.062089638872305834 -0.0066402507513571964 0.041988809276390482 -0.03253888328499465 0 0.0056633115899379942 0 -0.025169546305847751 0.024691909838069605 0.086016411265925671 -0.015510978365078964 0.067496614415350695 0.06835034817216562 0.0078688847591475361 0.025756740209589516 -0.065716002989919101 0.014549200767455011
leaf_weight=32.994039676850662 69.423584013769869 13.980497941782231 59.026700941991294 47.89107837236952 155.91437885674532 48.385487371997442 52.801359269069508 1066.3382475200051 25.757811706804205 1436.6434640192892 290.16399346687831 43.749086115160026 46.540645154746016 68.840327264973894 2683.979943935643 35.994311585323885 141.30921952056815 15.987655939010436 1953.5413606875227 26.063736267271452 65.557161182456184 88.120522264420288 23.856239484914113 27.125479263369925 13.093133067304732 88.197801778733265 24.103894273401238 8.2080437457188946 73.225963209668407 14.333959884068461
leaf_count=5770 9303 2350 45783 19451 199877 12904 1358 106992 1357 163459 134789 1203 7563 7902 181677 6255 40290 2231 91497 1401 22136 13608 3131 1580 466 151966 1847 271 34444 2348
internal_value=0.000254047 0.0108444 -0.00297929 0.00800677 -0.0216044 -0.02687 -0.00139307 -0.000451419 0.00624509 0.0036312 0.00558227 -0.0286224 -0.0382468 0.0265459 -0.00163066 -0.00586215 -0.0204009 -0.065617 0.00213109 -0.042769 0.00123945 0.0090205 0.0380518 0.0219985 0.0242111 0.060637 0.0507813 -0.0161962 -0.0519435 0.0676867
internal_weight=8741.15 2053.36 6687.79 1951.18 512.002 479.008 6175.79 5979.95 1903.29 1768.55 1726.81 195.84 343.764 240.091 5739.85 2719.97 187.85 41.7455 3019.88 152.091 135.244 147.147 134.739 96.5491 61.4786 102.178 92.9442 73.7652 126.027 38.1902
internal_count=1275209 491965 783244 337649 289277 283507 493967 455561 318198 301836 298248 38406 247730 69140 386421 187932 47853 3588 198489 37203 35777 59391 16362 10883 13370 154316 9749 22407 35802 5479
is_linear=0
shrinkage=0.08


Tree=96
num_leaves=31
num_cat=0
split_feature=8 0 1 2 0 3 0 1 2 4 6 6 0 0 2 3 1 2 1 0 0 1 0 3 4 4 4 9 3 8
split_gain=45.075 41.8748 26.6402 45.9318 44.5747 65.5937 43.2758 33.0992 28.7079 27.2431 25.2705 185.719 37.5553 22.5647 67.7989 55.6723 66.6708 45.8372 59.2291 70.1536 59.497 29.7768 48.5949 26.1994 22.9645 21.4497 24.06 20.6191 19.7993 18.8984
threshold=0.75000000000000011 0.92031747102737438 0.60736888647079479 0.598850578069687 0.57919329404830944 0.76253134012222301 0.58370205760002147 0.36032786965370184 0.35043859481811529 7.5000000000000009 0.4419247061014176 1.0000000180025095e-35 0.6351073980331422 0.8019607961177827 0.68614074587821972 0.96178188920021068 0.85053193569183361 0.64051282405853283 0.64051282405853283 0.63686314225196849 0.60736888647079479 0.72046512365341198 0.65240275859832775 0.81016731262207042 3.5000000000000004 8.5000000000000018 12.500000000000002 1.0000000180025095e-35 0.86526826024055492 1.0000000180025095e-35
decision_type=2 2 2 2 2 2 2 2 2 2 2 2 2 2 2 2 2 2 2 2 2 2 2 2 2 2 2 2 2 2
left_child=10 2 6 4 9 -6 7 -2 -9 -4 11 -1 -13 17 23 16 -16 18 20 -20 -12 24 -23 -15 -19 -5 -27 28 -14 -17
right_child=1 -3 3 25 5 -7 -8 8 -10 -11 13 12 27 14 15 29 -18 21 19 -21 -22 22 -24 -25 -26 26 -28 -29 -30 -31
leaf_value=0.0021968250649591803 0.047547022481774767 0.054333544298657083 0.052158211605559383 0.012550211504412073 -0.12855267601581219 0.0029150169359911065 0.054541398987580127 -0.12180080955405237 -0.0030382595739639894 -0.034802644370024012 -0.0084831891316921558 -0.068595491204176448 -0.037313218885916648 -0.033575196560814889 0.016561180562052597 0.00023704744033080653 -0.038928157541321944 0.0066331663574834918 -0.0056942019944369758 -0.077307913286374375 0.037458126830668959 0.050589422458738237 0.0024207448924045507 0.070140925829597023 0.059134902072724725 -0.027159921151631003 0.021791831727854528 -0.05611857721971817 0.008146141819377329 0.042563865260393643
leaf_weight=2023.9939992309082 78.315872989536729 124.30251340384712 38.06369106261991 975.11266042906209 51.927636870183051 37.949290093791205 174.00375455932226 9.1787619005190191 212.67252877273131 43.686794998240657 578.66116916976171 292.32524654007284 107.12064257828752 13.382857404998502 171.87246522854548 468.81024166266434 602.07534356467659 94.525191635941155 247.34484226506902 136.14179925841745 254.51576921041124 151.76849686045898 991.99933774658712 87.090681555797346 150.58779816655442 202.23341709253145 85.409484664851334 108.64615947447601 122.79272076673806 75.490423218521755
leaf_count=53048 11654 168614 2778 212922 2126 5562 24622 582 13661 6415 50615 453533 39038 231 4177 20934 27187 2471 8717 3918 9395 4406 26761 4818 3682 22125 21237 37356 5997 27190
internal_value=-0.000324823 0.0100707 0.00696989 0.00139022 -0.0366948 -0.0741276 0.0233241 0.00410625 -0.0112335 0.0045152 -0.00351791 -0.00957113 -0.0472969 0.000442721 -0.00761574 -0.012609 -0.0263729 0.00489803 -0.00633449 -0.0321975 0.00549963 0.01484 0.00914398 0.0538724 0.0400652 0.00681706 -0.011954 -0.0277106 -0.0126964 0.00673274
internal_weight=8712 2032.86 1908.55 1434.38 171.627 89.8769 474.171 300.167 221.851 81.7505 6679.15 2654.88 630.885 4024.27 1418.72 1318.25 773.948 2605.54 1216.66 383.487 833.177 1388.88 1143.77 100.474 245.113 1262.76 287.643 338.56 229.913 544.301
internal_count=1275772 492298 323684 273165 16881 7688 50519 25897 14243 9193 783474 588972 535924 194502 84537 79488 31364 109965 72645 12635 60010 37320 31167 5049 6153 256284 43362 82391 45035 48124
is_linear=0
shrinkage=0.08


Tree=97
num_leaves=31
num_cat=0
split_feature=8 2 7 4 1 0 0 2 1 1 1 0 8 1 0 4 0 0 1 3 0 1 1 0 0 4 2 1 0 3
split_gain=46.0714 35.9543 34.299 32.3171 33.4963 64.117 47.6125 47.4558 41.4807 41.336 29.0791 26.7923 25.0642 18.437 25.2094 21.053 17.932 16.8596 46.6774 28.9193 16.1903 13.8891 12.3943 29.4983 22.1821 50.0147 27.7424 25.6806 16.0452 10.6136
threshold=1.0000000180025095e-35 0.53694942593574535 1.0000000180025095e-35 2.5000000000000004 0.51649147272109996 0.51471862196922313 0.33520600199699407 0.51471862196922313 0.61257407069206249 0.61633428931236278 0.93957647681236278 0.66978195309638988 0.75000000000000011 0.53410854935646068 0.55612829327583324 4.5000000000000009 0.89943820238113414 0.65485891699790966 0.73746865987777721 0.79772728681564342 0.33520600199699407 0.69614070653915416 0.62258651852607738 0.65485891699790966 0.58102023601531994 5.5000000000000009 0.62258651852607738 0.75716626644134533 0.7897985875606538 0.76138716936111461
decision_type=2 2 2 2 2 2 2 2 2 2 2 2 2 2 2 2 2 2 2 2 2 2 2 2 2 2 2 2 2 2
left_child=1 11 3 10 5 6 -5 8 -6 -9 17 13 16 14 20 -16 -12 18 -2 -19 -1 -15 23 29 25 -24 27 -26 -28 -3
right_child=2 22 -4 4 7 -7 -8 9 -10 -11 12 -13 -14 21 15 -17 -18 19 -20 -21 -22 -23 24 -25 26 -27 28 -29 -30 -31
leaf_value=0.0047413096623878884 0.0032164562981082819 -0.015712465449959082 0.067887698523808951 0.04878836057199841 -0.082089492222575819 0.06405200302119754 -0.021854491204360116 0.028193808145133396 -0.013793688661298946 -0.0037161807623984668 0.059170311482639938 0.020809859507713233 0.06542208871963881 -0.06640851332083271 -0.032648726730535045 0.054900456716034718 0.002626330542341215 -0.014026070967520437 0.060924239286364652 0.013757555367975016 -0.036783961627316661 -0.016243692476288357 0.086061600120996146 0.057576334033400116 -0.07546870914944287 -0.022219372740472327 0.0032039081676881898 -0.0068149349151411173 -0.009815579524129172 0.038194518734046549
leaf_weight=67.63896093092626 308.65311236187699 117.39088499188074 49.767105488135712 80.708626336010639 79.054834561655298 138.11404415231664 206.40981899923645 286.73213394207414 209.9283827386098 2364.4130409974605 44.029930305609014 68.605986420356203 109.76005650841398 123.67458022318897 20.869429064070573 44.14425007434329 161.95893789769616 414.10548389982432 125.79826270509511 551.49691265053116 263.46253540780162 67.638339704921236 48.382652085419977 65.844350922852755 64.813078565290198 49.078117174416548 1061.5004559903755 83.438358551909914 1359.4574698150973 23.09382356092101
leaf_count=27027 25125 45533 30652 14771 9193 18858 43064 27580 12363 251993 6103 5228 145659 63287 8048 10401 29366 17444 7010 71118 244807 14586 4268 4268 15871 7721 57749 6589 47451 1804
internal_value=-9.8371e-05 -0.00714662 0.00472047 0.00400419 -0.000509361 0.0202869 -0.000953965 -0.00360079 -0.0340995 -0.000158172 0.0129258 -0.0240087 0.0348168 -0.0296446 -0.0187409 0.0241872 0.0165867 0.00776858 0.0207933 0.00166663 -0.0278806 -0.0503533 -0.00320564 0.0152791 -0.00472168 0.0315498 -0.00621837 -0.0393563 -0.00404622 -0.00474299
internal_weight=8659.96 3529.03 5130.93 5081.16 3365.36 425.232 287.118 2940.13 288.983 2651.15 1715.8 656.034 315.749 587.428 396.115 65.0137 205.989 1400.05 434.451 965.602 331.101 191.313 2873 206.329 2666.67 97.4608 2569.21 148.251 2420.96 140.485
internal_count=1274937 564638 710299 679647 377822 76693 57835 301129 21556 279573 301825 373384 181128 368156 290283 18449 35469 120697 32135 88562 271834 77873 191254 51605 139649 11989 127660 22460 105200 47337
is_linear=0
shrinkage=0.08


Tree=98
num_leaves=31
num_cat=0
split_feature=8 3 1 2 0 0 1 2 2 3 3 2 5 1 0 2 5 0 0 1 5 5 0 0 1 1 3 1 1 0
split_gain=37.2486 39.6573 35.3534 40.0715 37.6742 34.2246 32.8747 44.5993 31.4845 30.4706 20.3847 28.3865 18.5241 18.2579 26.3255 24.0372 40.8868 36.0659 18.1694 19.2081 16.9257 14.8714 11.9016 10.1565 10.0483 9.924 9.2932 8.56636 8.46039 23.2285
threshold=0.75000000000000011 0.94665718078613292 0.51649147272109996 0.52689418196678173 0.47413024306297308 0.3260560035705567 0.78319624066352855 0.78456193208694469 0.69416099786758434 0.71535181999206554 0.58578637242317211 0.2152509689331055 0.4226078093051911 0.48808848857879644 0.55612829327583324 0.48528139293193823 0.23693957179784778 0.6569296419620515 0.48808848857879644 0.56294015049934398 0.70337250828742992 0.62529620528221141 0.52976614236831676 0.6351073980331422 0.72834226489067089 0.64630925655365001 0.61451050639152538 0.97467949986457836 0.58643677830696117 0.48808848857879644
decision_type=2 2 2 2 2 2 2 2 2 2 2 2 2 2 2 2 2 2 2 2 2 2 2 2 2 2 2 2 2 2
left_child=10 2 4 9 5 -2 8 -8 -5 22 11 -1 27 14 20 16 24 -18 25 -20 -12 28 -4 -11 -15 -17 -7 -3 -13 -30
right_child=1 12 3 6 -6 26 7 -9 -10 23 13 21 -14 15 -16 18 17 -19 19 -21 -22 -23 -24 -25 -26 -27 -28 -29 29 -31
leaf_value=0.045221334395183214 0.050655606943553214 0.036541566408723802 -0.028662736112123683 0.0039005640945624998 0.058212109360135211 -0.045995668822335287 -0.03539749202827254 0.0071199711321185254 0.043548770475194544 -0.026476779282764953 -0.015022325562348842 -0.037954976413687683 0.04125069511411672 0.023930556512038112 0.057100428762991547 0 -0.063137029669163902 0.027509208133440485 0.022491764424654979 -0.0023118639666616365 0.053793398456427319 0.0035266581923610084 -0.10920015915949075 0.041724343117628439 -0.016589652462319273 0.082850566191794484 0.0097616817026746176 -0.029185959522874613 0.074838176817974555 -0.029706050746713075
leaf_weight=34.608371832146076 46.398924830369651 11.961152403760932 32.865365595906042 414.18965968239354 142.1383047568961 63.24778847489506 247.92056628188584 405.70793062821031 188.62340400851099 24.262151662434917 105.48102388711413 281.8502749762265 306.03618746841676 91.254992289352231 77.068937690608436 15.169029467506332 154.93448300057207 28.383015472412808 201.76054883218603 5379.4864006980206 23.818275875644758 84.840317909896839 35.495745651132893 20.782811537035741 57.411392435373273 20.415487431164365 18.506546125747263 37.19941944204038 12.747730669070732 51.397478755010525
leaf_count=5785 9194 1548 2013 36669 16601 3937 27470 110020 21256 1329 58034 257008 250392 3713 9183 6182 64479 2662 44965 313961 657 2407 1702 3089 479 1208 1485 4637 1229 11215
internal_value=0.000228851 0.00981335 0.00440776 -0.000733064 0.030583 0 0.00332842 -0.00891022 0.0168261 -0.0453225 -0.00264082 -0.0187197 0.0339221 -0.00138479 0.0216528 -0.00222836 -0.0230023 -0.0478949 -0.000952689 -0.00136725 0 -0.0246829 -0.0772544 0.00281753 0.00721077 0.0522843 -0.0316945 -0.00834266 -0.0320076 -0.00270646
internal_weight=8615.96 1995.34 1640.14 1369.85 270.292 128.153 1256.44 653.628 602.813 113.406 6620.63 465.444 355.197 6155.18 206.368 5948.82 331.984 183.317 5616.83 5581.25 129.299 430.836 68.3611 45.045 148.666 35.5845 81.7543 49.1606 345.995 64.1452
internal_count=1274509 491342 234765 203548 31217 14616 195415 137490 57925 8133 783167 277644 256577 505523 67874 437649 71333 67141 366316 358926 58691 271859 3715 4418 4192 7390 5422 6185 269452 12444
is_linear=0
shrinkage=0.08


Tree=99
num_leaves=31
num_cat=0
split_feature=6 9 6 4 4 1 6 5 4 2 6 1 5 6 5 6 5 4 1 8 1 6 5 1 5 5 4 2 2 1
split_gain=39.0752 42.1486 44.7838 29.4614 26.7282 18.6547 19.7947 18.3456 37.6962 19.5658 20.059 17.6079 21.9763 28.0478 19.4801 18.0761 37.8478 20.3688 16.404 15.3426 14.0578 43.0189 16.4098 9.02725 6.77749 8.36348 8.74485 6.00758 4.79361 3.39455
threshold=0.98598098754882824 1.0000000180025095e-35 0.957820624113083 2.5000000000000004 8.5000000000000018 0.94474968314170849 0.53866082429885875 0.88019138574600231 12.500000000000002 0.5388936996459962 0.76552855968475353 0.94360822439193737 0.8611605465412141 0.88251724839210521 0.93359273672103893 0.57370692491531383 1.0000000180025095e-35 3.5000000000000004 0.70438539981842052 1.0000000180025095e-35 0.5388936996459962 0.41605369746685034 0.28644689917564398 0.89009663462638866 0.99163165688514721 0.88929739594459545 8.5000000000000018 0.77459675073623668 0.51649147272109996 0.6820855736732484
decision_type=2 2 2 2 2 2 2 2 2 2 2 2 2 2 2 2 2 2 2 2 2 2 2 2 2 2 2 2 2 2
left_child=1 2 3 5 11 23 -7 9 19 10 -6 12 13 -3 -14 16 -13 -17 -11 -9 21 -5 -22 -1 25 -2 27 -27 -28 -10
right_child=24 4 -4 20 7 6 -8 8 29 18 -12 15 14 -15 -16 17 -18 -19 -20 -21 22 -23 -24 -25 -26 26 28 -29 -30 -31
leaf_value=0.010888957095587602 0.05356446427447973 -0.0061410779604599451 0.056201868111008003 -0.027058426899005134 -0.036943246382121722 0.012918273111591612 0.05994873809367509 -0.039213115656273154 0.035691187119218884 0.022975079040963915 0.012385584516817812 0.016607860849947476 -0.039252870065313882 0.022920943150498935 -0.0012544509180455615 0.047283572954876257 -0.050297094284323336 0.0068314009231871895 -0.010639077993310868 -0.11026749086328723 0.0069558666057224538 0.028283025525640486 -0.0074873136825382748 -0.0090704981423184346 0.067972956804871684 -0.0068089122080379561 0.003996311140605717 0.044309554732007234 -0.070652262661077117 -0.00054668464886506614
leaf_weight=1042.9599656444625 30.813843104202533 1735.1459163342952 100.58369213304832 119.85483029019088 270.5697074693162 163.35976124519948 98.367882340331562 76.161267681745812 16.97247015760513 116.19840070098871 57.11524084082339 132.18817838700488 213.94273393764161 235.89060434082057 157.97293350004475 113.88525303790811 82.828932336298749 286.43737039374537 381.11924850902869 37.445467915618792 676.88208176020999 303.26125073147705 1845.5896596235107 155.63986817188561 47.079668055986986 18.842067562916782 2.354120554693508 23.619893410708755 8.5596861435333249 35.752724437741563
leaf_count=97202 20756 204210 40281 130802 104566 7520 88089 766 1933 14216 3704 8526 17935 22713 16670 76956 3534 35040 19005 4253 23463 35107 199172 18296 48749 6710 904 18572 2273 2180
internal_value=1.35855e-05 -0.000652252 0.00461202 0.00333562 -0.00669745 0.0126155 0.0319865 -0.0180617 -0.0423797 -0.0127403 -0.0278074 -0.0028112 -0.00601524 -0.00253281 -0.0237681 0.00908068 -0.00899538 0.0191755 -0.00231608 -0.0676432 -0.00122439 0.0121 -0.00354222 0.00813735 0.0425299 0.023495 0.00029401 0.0199275 -0.0482998 0.0104278
internal_weight=8587.39 8456.13 4506.5 4405.92 3949.63 1460.33 261.728 991.335 166.332 825.003 327.685 2958.29 2342.95 1971.04 371.916 615.34 215.017 400.323 497.318 113.607 2945.59 423.116 2522.47 1198.6 131.269 84.1896 53.3758 42.462 10.9138 52.7252
internal_count=1274103 1176139 639932 599651 536207 211107 95609 150623 9132 141491 108270 385584 261528 226923 34605 124056 12060 111996 33221 5019 388544 165909 222635 115498 97964 49215 28459 25282 3177 4113
is_linear=0
shrinkage=0.08


Tree=100
num_leaves=25
num_cat=0
split_feature=7 5 4 2 1 4 3 1 1 1 1 8 2 2 5 4 1 5 3 5 3 3 3 5
split_gain=34.3146 32.3915 32.3976 30.6674 67.5691 66.1147 36.6893 51.1719 40.9052 25.538 42.6869 21.1242 22.9562 19.8932 18.8764 18.3102 14.7407 2.18307 1.32446 2.00555 0.367612 0.0679882 0.302237 0.231143
threshold=1.0000000180025095e-35 0.98310789465904247 8.5000000000000018 0.81530213356018078 0.99565216898918163 10.500000000000002 0.80217391252517711 0.7099788784980775 0.30877573788166052 0.94665718078613292 0.98213717341423046 1.0000000180025095e-35 0.88036698102951061 0.88036698102951061 0.88247200846672069 4.5000000000000009 0.86706829071044933 0.99163165688514721 0.8078865408897401 0.9878295660018922 0.44562648236751562 0.72850123047828685 0.51925924420356762 0.9878295660018922
decision_type=2 2 2 2 2 2 2 2 2 2 2 2 2 2 2 2 2 2 2 2 2 2 2 2
left_child=1 2 9 6 16 -6 8 -8 -4 11 13 12 -1 -11 -13 -12 -5 18 21 -20 -19 22 -3 -23
right_child=-2 17 3 4 5 -7 7 -9 -10 10 15 14 -14 -15 -16 -17 -18 20 19 -21 -22 23 -24 -25
leaf_value=-0.0097295645410480705 0.066437261450436838 0 0.029540244744967671 -0.040068176663192595 -0.10503110605514961 0.0045353309474815773 0.04512953144049571 -0.0029361664396607384 -0.022696557592950351 0.072657724806699409 0.015911281364867101 0.0059193616599201868 0.017869580343359334 0.013615611941416854 -0.017470477416040665 -0.0042430016999079126 0.047061367917367855 0 0.042746530665408886 0 0.066376967521569394 -0.0119660349223951 0.013903168591653527 0
leaf_weight=1703.1938362204528 45.446291805506917 0.77977193443802928 101.39361743611516 9.8218316777492856 94.880106016411446 49.658245729573537 165.51873759855516 812.28825720254099 839.35870431945659 97.627555846556788 622.25026186511968 2865.7765976117516 209.26886258658487 72.947059628437273 231.58261722742463 513.12700220805709 51.89894595334772 1.3150397835997854 17.923788048850842 3.7046295461186665 41.078978064615512 5.7381578462664038 6.9566927586565726 1.2491667306167071
leaf_count=308146 30628 168 28007 230 2132 2469 13309 49052 230505 14056 195561 199856 5354 31582 59649 46720 2025 1495 6508 1761 43794 628 1162 245
internal_value=0.000639741 0.000231212 -0.000240999 -0.00879144 -0.0378623 -0.067425 -0.00549263 0.00522558 -0.0167709 0.00261499 0.0125557 0 -0.0065874 0.0494262 0.00409364 0.0066837 0.0288345 0.0497492 0.0223064 0.0330307 0.0650693 0 0.00543978 -0.00220414
internal_weight=8564.78 8519.34 8440.59 2124.82 206.259 144.538 1918.56 977.807 940.752 6315.77 1305.95 5009.82 1912.46 170.575 3097.36 1135.38 61.7208 78.7462 36.3522 21.6284 42.394 14.7238 7.73646 6.98732
internal_count=1275042 1244414 1188653 327729 6856 4601 320873 62361 258512 860924 287919 573005 313500 45638 259505 242281 2255 55761 10472 8269 45289 2203 1330 873
is_linear=0
shrinkage=0.08


Tree=101
num_leaves=31
num_cat=0
split_feature=6 5 5 6 3 6 4 0 2 5 6 2 3 0 5 5 2 6 0 3 4 3 2 2 0 4 2 6 0 0
split_gain=33.2593 128.808 46.2347 35.878 33.0591 33.8858 30.8634 45.45 29.0533 28.9923 27.4903 24.6856 76.4791 45.0426 19.841 15.6332 15.1196 12.059 11.1565 27.4945 25.003 22.1788 16.763 13.621 9.48886 39.6465 13.2187 9.22057 8.9373 11.5774
threshold=0.42471814155578619 0.28644689917564398 0.36854232847690588 0.66915422677993786 0.9569842815399171 0.92009389400482189 3.5000000000000004 0.75809821486473095 0.69416099786758434 0.68435126543045055 0.37368187308311468 0.84877073764801036 0.92637759447097789 0.91922956705093395 0.33260554075241094 0.42482461035251623 0.63211598992347728 0.34384952485561376 0.598850578069687 0.7454303801059724 12.500000000000002 0.53694942593574535 0.54923510551452648 0.59207093715667736 0.73735308647155773 10.500000000000002 0.76239567995071422 0.43683740496635443 0.44327485561370855 0.82891985774040233
decision_type=2 2 2 2 2 2 2 2 2 2 2 2 2 2 2 2 2 2 2 2 2 2 2 2 2 2 2 2 2 2
left_child=1 17 3 27 6 24 11 8 -8 -9 -3 13 -13 -4 -12 -16 -5 18 20 -20 21 -1 -22 -21 25 -6 -26 -2 -29 -30
right_child=2 10 4 16 5 -7 7 9 -10 -11 14 12 -14 -15 15 -17 -18 -19 19 23 22 -23 -24 -25 26 -27 -28 28 29 -31
leaf_value=-0.03483266545016922 0 -0.052296563343460563 -0.0012030682931288594 -0.054111044704888117 -0.066486787073650591 0.036196558091323654 -0.0055327318617244886 -0.0032271669368578431 0.01904237550548921 -0.036561661299142387 0.028852761852399867 0.041752281311428101 -0.038775300420195391 0.072024453648355399 -0.035804269550237841 0.013231496714120265 0.013425418383485418 0.054602091074050452 -0.019866812413506085 0.030402906283379411 -0.030164877360217966 0.030495747634806409 0.034164765370636944 0.0017654707756582972 0.043945856942208941 0.013960174595718888 0.0056218023824844976 0 0.062293518589278271 0.011306847415959007
leaf_weight=30.630957087734714 20.762032071128488 362.85833222427755 1367.7831861341256 31.541627372032963 51.688469815650024 320.3819296490401 1322.9997554305883 287.90818719714298 395.69875775434775 437.35601849347586 41.888114827597747 329.65137860679533 91.238240038306685 50.84924543229863 211.56358724363963 43.367397340392927 41.050951529585291 23.743503480654908 376.7639348366356 114.57023387291702 108.54598416556837 322.4326508193044 27.071147428621771 1133.2301848136703 61.824702416895889 117.45788855315186 585.19234623032389 17.625004314875696 190.56092358965543 45.78179120036657
leaf_count=14347 4928 301720 100622 832 2946 146122 109272 10666 20705 28330 18767 76198 37448 11330 120812 21666 3403 9574 10474 1729 13799 24228 808 31084 7317 7380 125999 2446 8239 1806
internal_value=0.000536661 -0.00659401 0.00402485 0.0321411 0.00216567 0.0142726 -0.00102227 -0.00693998 7.12362e-05 -0.0236607 -0.0373697 0.00675067 0.02367 0.00155304 -0.0180276 -0.026753 -0.0154532 0.00289666 0.00211267 -0.000993908 0.0126697 0.0239739 -0.0154277 0.00463346 0.00530359 -0.0109075 0.00983811 0.0453405 0.0494818 0.0535187
internal_weight=8564.02 2796.67 5767.35 347.322 5420.03 1136.55 4283.48 2443.96 1718.7 725.264 659.677 1839.52 420.89 1418.63 296.819 254.931 72.5926 2136.99 2113.25 1624.56 488.681 353.064 135.617 1247.8 816.163 169.146 647.017 274.73 253.968 236.343
internal_count=1274997 569008 705989 21654 684335 289764 394571 168973 129977 38996 462965 225598 113646 111952 161245 142478 4235 106043 96469 43287 53182 38575 14607 32813 143642 10326 133316 17419 12491 10045
is_linear=0
shrinkage=0.08


Tree=102
num_leaves=31
num_cat=0
split_feature=6 9 6 3 1 4 6 5 5 6 2 4 1 1 1 4 6 1 5 4 6 3 6 3 2 6 4 2 4 4
split_gain=36.3108 35.2306 52.7951 21.0795 66.0986 20.1483 19.7757 31.0169 27.6622 29.4442 21.6417 17.3942 37.7875 25.3458 17.241 14.977 14.6766 14.6613 14.3785 29.0454 26.2547 14.0549 3.2167 2.78811 1.17168 1.16888 0.979393 1.15181 0.9259 0.45805
threshold=0.98894992470741283 1.0000000180025095e-35 0.95217302441596996 0.78629976511001598 0.6820855736732484 8.5000000000000018 0.63202878832817089 0.54244148731231701 0.32600644230842596 0.42674797773361212 0.97801932692527782 2.5000000000000004 0.83047896623611461 0.74849396944046032 0.81530213356018078 4.5000000000000009 0.37368187308311468 0.25586470961570745 0.8611605465412141 12.500000000000002 0.81844761967659008 0.99462366104125988 0.95896023511886608 0.59317129850387584 0.58499062061309826 0.44923661649227148 19.500000000000004 0.54641148447990429 24.500000000000004 5.5000000000000009
decision_type=2 2 2 2 2 2 2 2 2 2 2 2 2 2 2 2 2 2 2 2 2 2 2 2 2 2 2 2 2 2
left_child=1 2 3 11 21 6 8 14 16 -10 -9 13 -13 -1 -8 -6 -3 25 20 -20 -19 -5 -4 24 -2 -7 27 -25 -27 -26
right_child=23 5 22 4 15 17 7 10 9 -11 -12 12 -14 -15 -16 -17 -18 18 19 -21 -22 -23 -24 26 29 28 -28 -29 -30 -31
leaf_value=-0.0064564983013756664 0.013686280577093608 -0.0025379880596748984 0.024372372186861814 0.057392740124449074 0.0093877874192964377 0 0.046580002772520175 -0.0036655060663642355 -0.05462336051765318 -0.012542328209424193 0.059700958562170107 -0.0039377363892609046 -0.044425408477734248 0.025856676940301387 0.0010444655653996848 -0.0036358655942987732 0.048390462953349929 -0.02114002833366067 -0.057101205858959697 0.006010474102606576 0.013176920066609579 -0.033636675408280844 0.06156265398900429 0 0 0.047923367775521877 0 0.053134363834735424 0 -0.039002498631147617
leaf_weight=368.63841498424881 7.017817771062254 809.02690445704502 50.063576920336345 176.91983238395187 1175.7104449521285 4.1235243358241886 142.45351175410906 1220.3641359221947 138.85859098876244 496.64762582461117 30.343884454312501 1111.6456566526031 167.80464715053677 255.56916826576344 95.183344044431578 1058.0823772797303 32.876422685629223 579.16914293487207 140.55172063212376 61.027025741990656 178.93662292900262 6.1306193641503333 92.457874957646709 8.9567481168487557 0.43674565348192107 18.568669835920449 4.593597066239453 85.534579513245262 3.8313542407122432 0.37680985522456467
leaf_count=59777 4013 51243 16878 17551 170211 3393 5190 124413 107332 30791 50129 254844 6983 13537 13921 61828 6622 126426 5827 4413 9242 568 39485 5931 241 1751 4606 77216 370 123
internal_value=-0.00048456 -0.00110452 0.00374179 0.00209377 0.00707127 -0.00661579 -0.0032421 0.00318179 -0.00981038 -0.0223415 -0.00176913 -0.00414371 -0.00952468 0.00661953 0.0293979 0.00315305 -8.63533e-05 -0.0165323 -0.0183272 -0.0375369 -0.0127972 0.0526799 0.0508522 0.04475 0 0.0359417 0.0482148 0.04995 0.0419433 -0.0300443
internal_weight=8521.9 8414.99 4463.02 4320.5 2416.84 3951.96 2965.75 1488.34 1477.41 635.506 1250.71 1903.66 1279.45 624.208 237.637 2233.79 841.903 986.208 959.685 201.579 758.106 183.05 142.521 106.916 7.83137 26.5235 99.0849 94.4913 22.4 0.813556
internal_count=1274855 1182725 641662 585299 250158 541063 389641 193653 195988 138123 174542 335141 261827 73314 19111 232039 57865 151422 145908 10240 135668 18119 56363 92130 4377 5514 87753 83147 2121 364
is_linear=0
shrinkage=0.08


Tree=103
num_leaves=31
num_cat=0
split_feature=6 9 6 5 8 5 6 6 6 0 5 4 0 1 0 5 1 1 0 2 1 5 5 2 1 1 5 1 0 0
split_gain=34.1295 37.5914 30.1833 58.9948 51.895 30.1804 27.0684 24.0811 22.4703 22.3125 20.2665 18.3798 18.5125 62.5664 28.8395 12.4614 12.4098 10.5897 46.1796 34.167 6.95982 6.34691 6.11063 8.66354 12.5835 14.8353 8.92594 5.65871 5.03606 4.16774
threshold=0.97881317138671886 1.0000000180025095e-35 0.63202878832817089 0.54244148731231701 1.0000000180025095e-35 0.46596425771713262 0.44923661649227148 0.95529049634933483 0.53866082429885875 0.94474968314170849 0.8611605465412141 2.5000000000000004 0.76506900787353527 0.74849396944046032 0.91715687513351452 0.45478595793247228 0.81530213356018078 0.49731183052062994 0.51000401377677929 0.48528139293193823 0.4246212244033814 0.54847925901412975 0.99805447459220897 0.76239567995071422 0.74388790130615245 0.88493064045906078 0.91440781950950634 0.92031747102737438 0.60736888647079479 0.43288289010524755
decision_type=2 2 2 2 2 2 2 2 2 2 2 2 2 2 2 2 2 2 2 2 2 2 2 2 2 2 2 2 2 2
left_child=1 7 4 16 8 6 -6 11 21 10 -5 12 13 -1 -14 -10 29 18 -13 -19 -7 -3 23 24 28 26 -26 -18 -2 -4
right_child=22 2 3 9 5 20 -8 -9 15 -11 -12 17 14 -15 -16 -17 27 19 -20 -21 -22 -23 -24 -25 25 -27 -28 -29 -30 -31
leaf_value=-0.0013919400484523686 0 -0.055635235547011365 0 0.00036183813948764991 -0.0065229237445991574 0.0035458949102984152 0.028179675289518393 0.043121408645376828 0.023920899152196556 0.048144665859928319 -0.017528369903067921 -0.0053448282042986781 -0.010533603672951832 0.045658518465321221 0.022478642296849195 -0.025609591864983947 -0.0066720475207826778 -0.036025912062019737 0.062143919706926135 0.00021725571745848465 -0.040276254770284972 0 0.066104177831228711 0.04353341452672449 0 0.017542706454181923 -0.11280886010188379 0.024897694934410693 0.04741094672394229 0.049244445336383447
leaf_weight=393.82542623399058 16.134085481287912 250.21115144042415 16.661025424487889 902.73800383813796 1133.4037366523698 18.143901092291344 158.95412290171953 94.365606498264242 36.092557770665735 42.038261338049779 705.87644900230225 222.38123466653633 461.21848737803521 319.46567387940013 260.04793392168358 123.44583586440422 53.822443407378159 173.00161430618027 84.338079333741916 2446.1152763781138 179.08838596905116 10.03359546617139 34.79473560542101 64.657919636345468 4.131112041592135 11.498010639334096 9.8689990228158404 72.482015832501929 26.400124514446361 165.81838837295072
leaf_count=61515 5106 241445 540 67615 66764 611 3518 38349 794 50356 64181 113658 35530 22160 88950 4060 2805 39997 18609 214309 4071 890 46389 45040 1655 5886 2277 12405 9719 5895
internal_value=-0.000191042 -0.000939117 -0.00671925 0.00017987 -0.0138648 -0.00667599 -0.00203918 0.00404676 -0.0386186 -0.00576655 -0.0074194 0.00311605 0.0105216 0.0196292 0.00122126 -0.0130454 0.0320627 -0.0004721 0.0133983 -0.00217984 -0.0354658 -0.0531512 0.0350082 0.0235877 0.000757882 -0.0372094 -0.0833804 0.0104845 0.0284041 0.0454668
internal_weight=8491.05 8323.57 3868.81 1959.44 1909.37 1489.59 1292.36 4454.76 419.783 1650.65 1608.61 4360.39 1434.56 713.291 721.266 159.538 308.784 2925.84 306.719 2619.12 197.232 260.245 167.485 132.69 68.0323 25.4981 14.0001 126.304 42.5342 182.479
internal_count=1275099 1159027 525950 203797 322153 74964 70282 633077 247189 182152 131796 594728 208155 83675 124480 4854 21645 386573 132267 254306 4682 242335 116072 69683 24643 9818 3932 15210 14825 6435
is_linear=0
shrinkage=0.08


Tree=104
num_leaves=31
num_cat=0
split_feature=6 5 3 1 2 0 9 2 1 1 6 1 2 5 0 1 0 0 1 0 0 3 8 6 3 0 1 1 3 3
split_gain=28.2597 36.9799 43.3825 42.0602 40.2712 53.6747 26.3584 18.8737 71.8358 17.2407 17.0593 16.3892 16.0326 35.5196 26.4611 23.0552 23.8394 19.9144 19.6956 82.7699 36.2605 19.5646 15.9926 42.0209 25.9499 20.6999 39.1488 26.7063 26.4965 24.7963
threshold=0.92009389400482189 0.69056183099746715 0.85028737783432018 0.82426470518112194 0.83131474256515514 0.69860395789146434 1.0000000180025095e-35 0.65261757373809826 0.66300368309021007 0.79772728681564342 0.97685134410858165 0.99565216898918163 0.65733855962753307 0.85660174489021312 0.76506900787353527 0.70438539981842052 0.60495716333389293 0.66978195309638988 0.64899963140487682 0.60736888647079479 0.66978195309638988 0.84074437618255626 1.0000000180025095e-35 0.39755295217037206 0.87226107716560375 0.64038833975791942 0.70438539981842052 0.60736888647079479 0.83424907922744762 0.79772728681564342
decision_type=2 2 2 2 2 2 2 2 2 2 2 2 2 2 2 2 2 2 2 2 2 2 2 2 2 2 2 2 2 2
left_child=6 -2 3 7 5 -5 22 8 -3 -4 -11 -6 14 15 18 17 -17 -14 19 -8 -20 -15 23 24 -1 26 -24 -27 -28 -29
right_child=1 2 9 4 11 -7 12 -9 -10 10 -12 -13 13 21 -16 16 -18 -19 20 -21 -22 -23 25 -25 -26 27 28 29 -30 -31
leaf_value=-0.061441664387346315 0.044624244633642916 0.019754045106353663 0.062421176362912355 0.0019217340431294013 0.024511539505334801 -0.1187697230095425 -0.025722495232508771 0.026768820372184043 -0.08808102910442879 0.0086143512225297821 0.05141108232620601 -0.042196134760510241 -0.0050665805336084857 0.006445507279697703 0.026232208287299944 0.049545389917356929 -0.003248470567848829 0.056279692904938984 -0.017049445350435809 0.029932952940434125 -0.070911079848545361 -0.048709393683967303 0.0031001893066335377 0.00051719906401168341 0.0071796264097495092 0.045792771042639797 0.055090074639262021 -0.015020478786229551 0.0028617681072255863 0.0063014810905512985
leaf_weight=114.95788138956414 178.15088636730798 130.1778198859538 55.61020557305892 32.596866866049822 53.862418287695618 60.538545782503206 562.05438559026516 146.38188117911341 50.37026600446552 419.31277157447767 68.840650812373497 34.060539298050571 46.766354057413992 48.70747679239139 90.834402967011556 51.828310988901649 1395.4785967707576 82.388831097749062 368.45152316213353 238.23747904039919 104.65805714286398 144.10664197403821 525.61206495636725 1525.0888834969664 43.010681071551517 76.435014638060238 209.27231641139952 535.64562600568752 97.769999827840365 973.33653808402596
leaf_count=189489 38243 23779 14873 3033 8481 3640 229993 18213 4144 107788 76504 7386 2970 2977 6034 2021 96647 4095 32158 23713 7342 19026 59146 90077 7486 8107 8825 19674 3323 155893
internal_value=0.00011447 0.0113176 0.00534012 -0.0112119 -0.041692 -0.0769523 -0.00177449 0.00556007 -0.0110309 0.021056 0.0154342 -0.000488526 -0.0073057 -0.00216123 -0.0138284 0.00174655 -0.00108368 0.033513 -0.0169026 -0.00887285 -0.029916 -0.0341569 0.00241648 -0.00350364 -0.0421291 0.00660184 0.016789 0.00111502 0.0392844 -0.00118613
internal_weight=8464.54 1229.9 1051.75 507.988 181.058 93.1354 7234.64 326.93 180.548 543.764 488.153 87.923 3133.51 1769.28 1364.24 1576.46 1447.31 129.155 1273.4 800.292 473.11 192.814 4101.13 1683.06 157.969 2418.07 832.654 1585.42 307.042 1508.98
internal_count=1275080 306084 267841 68676 22540 6673 968996 46136 27923 199165 184292 15867 426976 127736 299240 105733 98668 7065 293206 253706 39500 22003 542020 287052 196975 254968 71294 183674 12148 175567
is_linear=0
shrinkage=0.08


Tree=105
num_leaves=31
num_cat=0
split_feature=7 3 1 1 3 2 1 2 4 5 2 3 2 4 6 5 1 3 3 2 3 6 2 6 6 1 3 2 6 4
split_gain=31.347 24.9517 71.0564 37.5159 113.441 33.3842 28.5706 99.0825 93.0478 33.954 36.5031 31.4636 35.0052 29.554 28.5653 77.9319 44.1986 22.9786 56.842 34.8438 20.7629 17.0483 16.495 8.82173 7.24617 5.25539 4.00167 3.82064 1.84439 1.68031
threshold=1.0000000180025095e-35 0.81016731262207042 0.70438539981842052 0.80901724100112926 0.91010102629661571 0.72812235355377208 0.82426470518112194 0.73735308647155773 2.5000000000000004 0.23693957179784778 0.82793453335762035 0.74322345852851879 0.83131474256515514 4.5000000000000009 0.42022895812988287 0.26789985597133642 0.74133810400962841 0.89512962102890026 0.9569842815399171 0.86295148730278026 0.99462366104125988 0.40827012062072759 0.75582656264305126 0.4723315834999085 0.66915422677993786 0.94185259938240062 0.96693986654281627 0.31851120293140417 0.64888572692871105 1.0000000180025095e-35
decision_type=2 2 2 2 2 2 2 2 2 2 2 2 2 2 2 2 2 2 2 2 2 2 2 2 2 2 2 2 2 2
left_child=1 6 20 4 5 -4 7 14 11 25 -11 22 -13 24 15 -1 -16 19 -19 -5 23 -15 -8 29 -9 -10 -6 -25 -22 -3
right_child=-2 2 3 17 26 -7 8 13 9 10 -12 12 -14 21 16 -17 -18 18 -20 -21 28 -23 -24 27 -26 -27 -28 -29 -30 -31
leaf_value=-0.0024436556895873866 0.066539321238276633 0 -0.061240093707220798 0.0054040604185050887 0.05237562449757345 -0.0088376721491491804 0.075205000080733636 0.0060970092004726754 -0.011334068980497183 -0.074655397809096163 -0.017849959939471537 -0.035145462684633352 0.036148285527195165 0 0.0036971664477104559 -0.049432114378842242 -0.033863443904355368 -0.016950128063008874 0.0091023517399611963 0.039967973266068851 -0.061180541429343434 0.07279293714512107 0.010363083590776962 0 0.03406837761146126 0.029401619692633801 0 0.056723205357219565 0 0.025524721365043419
leaf_weight=762.62902163458057 40.726961536594899 8.0137142506428045 219.39015719041345 728.25621615780983 102.61698598522344 134.00637981347973 62.02128000947414 178.45341691374779 99.430664432235062 205.65286450160784 129.38910719682463 99.234376829001121 70.53457646354218 24.516555646143388 1767.4876234917319 321.19998679448327 220.9323259931698 812.48104646566208 1551.1378845114959 254.09156566971797 8.6048812555381993 132.84256832208484 53.486810013535433 4.1107403920032075 103.05692609294783 19.285741452476941 12.142613145755602 194.73731792770559 0.93736879448988553 110.48933360652882
leaf_count=48280 30680 292 14027 31426 8586 7100 2429 4399 754 12541 5753 3902 10382 1251 153075 433491 9917 101566 296666 37748 799 6644 7459 392 9038 149 1562 28475 295 6320
internal_value=0.000476286 9.71555e-05 0.00453251 0.00139773 -0.0196297 -0.0422163 -0.00418696 -0.00111909 -0.0184417 -0.0408816 -0.0537734 0.0167892 -0.00442252 0.0341618 -0.00625827 -0.016679 -0.00047038 0.00441247 6.25284e-05 0.0146635 0.0400544 0.06186 0.048183 0.0440763 0.0173112 -0.00250237 0.047447 0.0550698 -0.0518659 0.0228509
internal_weight=8431.9 8391.17 4141.02 3814.12 468.156 353.397 4250.15 3511.12 739.035 453.758 335.042 285.277 169.769 438.869 3072.25 1083.83 1988.42 3345.97 2363.62 982.348 326.893 157.359 115.508 317.351 281.51 118.716 114.76 198.848 9.54225 118.503
internal_count=1275398 1244718 535254 498681 31275 21127 709464 666095 43369 19197 18294 24172 14284 21332 644763 481771 162992 467406 398232 69174 36573 7895 9888 35479 13437 903 10148 28867 1094 6612
is_linear=0
shrinkage=0.08


Tree=106
num_leaves=16
num_cat=0
split_feature=7 5 0 2 2 8 9 5 0 2 5 5 2 5 4
split_gain=30.3074 23.6031 22.1648 39.0959 32.1911 18.9972 16.4668 19.9293 14.3913 12.8477 5.15268 1.76311 1.68886 0.769244 0.37878
threshold=1.0000000180025095e-35 0.99163165688514721 0.93127068877220165 0.8521554470062257 0.94791102409362804 0.75000000000000011 1.0000000180025095e-35 0.8611605465412141 0.71357852220535289 0.91922956705093395 0.40443298220634466 0.38838963210582739 0.68020617961883556 0.97732415795326244 1.5000000000000002
decision_type=2 2 2 2 2 2 2 2 2 2 2 2 2 2 2
left_child=1 2 4 11 6 9 8 -8 -1 -5 -7 12 -4 14 -6
right_child=-2 -3 3 5 13 10 7 -9 -10 -11 -12 -13 -14 -15 -16
leaf_value=0.0062992151267931406 0.066367197309204748 0.061867193206091485 0 -0.078430370044749204 0.055199582144983168 0 -0.0026996258709301346 -0.017280875776494582 -0.0031667986070399025 0 0.055474611487747662 0.074993467885936138 0.036883169171836191 0 0
leaf_weight=2062.5468739781209 39.168314935493981 34.173859757647733 7.0475025781779577 8.7997135300538485 60.841307805676479 10.30739066089154 2950.8536108261324 762.51359693196719 2017.233387153683 307.02128612392698 46.915404715429759 58.449242486123694 20.971759751148056 0.63039963401388277 3.0244756606698493
leaf_count=358403 30681 45536 392 608 30344 2507 394319 76529 152237 48202 114889 16925 1272 895 1312
internal_value=0.00026914 -6.12426e-05 -0.00037194 0.0165826 -0.0013937 0.00456222 -0.00189572 -0.00575602 0.00158146 -0.00288026 0.0451405 0.0636079 0.027252 0.0527354 0.0536467
internal_weight=8390.5 8351.33 8317.16 459.512 7857.64 373.044 7793.15 3713.37 4079.78 315.821 57.2228 86.4685 28.0193 64.4962 63.8658
internal_count=1275051 1244370 1198834 184795 1014039 166206 981488 470848 510640 48810 117396 18589 1664 32551 31656
is_linear=0
shrinkage=0.08


Tree=107
num_leaves=25
num_cat=0
split_feature=6 7 9 6 3 0 0 6 5 5 6 6 3 3 5 5 4 3 0 4 0 0 5 0
split_gain=31.813 22.6648 22.2607 23.0455 18.3405 27.3999 18.3864 17.7595 49.602 35.8375 48.9292 19.4671 13.2576 6.776 4.58 9.73904 10.0528 8.33124 5.91223 5.30964 1.98265 0.988931 0.654489 0.459182
threshold=0.97881317138671886 1.0000000180025095e-35 1.0000000180025095e-35 0.9656645953655244 0.96051946282386791 0.74210175871849071 0.48528139293193823 0.61348485946655285 0.50802230834960949 0.25658351182937628 0.40827012062072759 0.9656645953655244 0.93957647681236278 0.7243877947330476 0.9878295660018922 0.88929739594459545 8.5000000000000018 0.81016731262207042 0.78738203644752514 10.500000000000002 0.78142958879470836 0.62563130259513866 0.96881943941116344 0.69282051920890819
decision_type=2 2 2 2 2 2 2 2 2 2 2 2 2 2 2 2 2 2 2 2 2 2 2 2
left_child=1 2 3 4 5 -1 -6 9 12 13 -11 -10 -9 -4 15 -2 17 18 -17 20 -18 -19 -3 -21
right_child=14 22 7 -5 6 -7 -8 8 11 10 -12 -13 -14 -15 -16 16 19 21 -20 23 -22 -23 -24 -25
leaf_value=0.0054206856134102486 0.056167864507790911 0.061712841891707601 -0.012061135343310624 0.059253473279722829 -0.03829833079216604 -0.0090308657512189264 0.016123971823990727 0.043064602629821473 -0.002144525267052836 -0.057561829049144544 -0.011890231614205595 -0.033101528189674531 -0.0017641970016835989 0.0033286302275362489 0.060799471081593087 0.0094175630185404265 0 0 -0.059442981845940539 0.0095907566881214198 -0.10333238516277508 0.048789344508428457 0 -0.013974724094321107
leaf_weight=2194.3725098467985 34.62785822985461 33.271430482258438 237.80317944809212 41.395381278038258 35.626931644335855 1352.8630752649042 764.56833140284289 190.35200039294432 1630.5657424808596 197.66715290296997 651.76108168056817 138.21767066072789 44.799129413382616 730.63597175083123 39.945893390002311 24.189482507790675 3.7171375383622971 0.24259644938865577 5.221125498530454 7.3586601945571584 2.6406778239761479 32.833952407294419 0.91638995087123376 4.2270654928870499
leaf_count=360438 25360 24710 14311 19187 3348 107911 127363 7801 159319 217433 72515 20376 6857 16592 51047 6385 755 68 694 2282 275 27846 879 1121
internal_value=0.000130246 -0.000535971 -0.000844369 0.00301811 0.00237844 -5.08334e-05 0.0132795 -0.00531987 -4.14822e-05 -0.0110347 -0.0229802 -0.00474028 0.033999 -0.000328548 0.0354763 0.023186 0.00465713 0.0215281 -0.00501823 -0.039009 -0.0778837 0.0468936 0.0601043 0
internal_weight=8399.82 8244.82 8210.63 4388.83 4347.43 3547.24 800.195 3821.8 2003.93 1817.87 849.428 1768.78 235.151 968.439 155.004 115.059 80.4307 62.4872 29.4106 17.9435 6.35782 33.0765 34.1878 11.5857
internal_count=1274873 1159040 1133451 618247 599060 468349 130711 515204 194353 320851 289948 179695 14658 30903 115833 64786 39426 34993 7079 4433 1030 27914 25589 3403
is_linear=0
shrinkage=0.08


Tree=108
num_leaves=31
num_cat=0
split_feature=6 5 3 0 1 9 1 1 3 1 1 0 0 5 3 3 1 5 6 5 3 6 3 0 1 0 1 3 5 8
split_gain=24.8587 39.5923 42.8193 50.4206 28.7238 19.207 18.4059 25.075 17.5332 42.5469 27.5538 146.522 24.8656 20.0704 14.9009 14.2224 17.9621 14.2181 67.3519 40.5647 22.4755 20.8248 13.8652 13.5684 11.6642 10.0085 54.5191 18.5726 8.71414 8.51213
threshold=0.91496315598487865 0.80076336860656749 0.82807883620262157 0.74443343281745922 0.78910306096076976 1.0000000180025095e-35 0.77459675073623668 0.87007671594619762 0.7577352523803712 0.61257407069206249 0.70438539981842052 0.60107529163360607 0.28718703985214239 0.65636926889419567 0.76253134012222301 0.71535181999206554 0.70659971237182628 0.25658351182937628 0.40633355081081396 0.38115416467189794 0.83935481309890758 0.59384471178054821 0.91715687513351452 0.41955395042896276 0.77849927544593822 0.70396453142166149 0.75716626644134533 0.93710443377494823 0.51449581980705272 0.75000000000000011
decision_type=2 2 2 2 2 2 2 2 2 2 2 2 2 2 2 2 2 2 2 2 2 2 2 2 2 2 2 2 2 2
left_child=5 24 3 15 -5 8 -4 22 10 23 12 -12 -1 -14 -6 16 -3 -7 29 20 -20 -21 -8 -10 -2 26 -11 -27 -13 -19
right_child=1 2 6 4 14 17 7 -9 9 25 11 28 13 -15 -16 -17 -18 18 19 21 -22 -23 -24 -25 -26 27 -28 -29 -30 -31
leaf_value=0.037571032921885267 0.057724305679270942 0.005773993583320404 0.060091853272186579 0.0014217704754119227 -0.12674688659680169 0.0016721350142417501 -0.043753879549831273 0.019880884609040934 -0.023668384735771833 -0.024536632678099472 0.081987296649484342 -0.0054406721716194996 -0.020781219242469784 0.013896120774604566 -0.048059088939609092 0.024087784340127604 -0.049164300264081841 -0.067492574282860679 0.050520681295757985 -0.022960145873567189 -0.019927446881803704 -0.0031842035032504162 0.016758602951393215 0.057890296446506666 0.021590751657055433 -0.0060829560208834179 0.028747352578580774 0.010298385880977718 -0.0319536596054888 -0.02109984337008464
leaf_weight=52.480708082031924 109.10463462938787 109.39456154723302 54.085485277435509 39.635046711919131 26.808269679138903 969.78099774717703 66.339893599622883 448.41444778292498 8.9269192461506446 167.25883094297023 130.63079559057951 302.61971180990804 782.74069718897226 114.29023011575919 81.091155076428549 120.96983855572762 49.846580921264831 129.21305745979771 115.27571637267829 478.09055864112452 31.422608140273951 1251.2260920581757 28.769342846309883 119.87204918940552 182.11711487450521 1038.2118868262914 409.93874729677918 761.92333562814747 115.46527651135693 52.763292412506416
leaf_count=10452 16132 18323 14892 5401 1411 30867 7572 172046 1666 15266 7331 16596 262256 5182 5383 17429 7291 211755 17749 55707 1333 98623 5455 11923 49011 60074 21149 118240 5399 2969
internal_value=0.000519238 0.0106 0.00297191 -0.0160539 -0.0531395 -0.00135157 0.0168756 0.0117749 0.00225407 0.00636894 -0.00452087 0.00953023 -0.0128159 -0.0161331 -0.0737742 0.00350041 -0.0114221 -0.00616879 -0.00993629 -0.00526381 0.0342166 -0.00879419 -0.0239286 0.0503685 0.036414 0.00381727 0.0129539 0.000771278 -0.0134322 -0.0558209
internal_weight=8348.71 1316.58 1025.35 427.745 147.534 7032.13 597.609 543.524 4004.36 2506.13 1498.23 548.716 949.512 897.031 107.899 280.211 159.241 3027.77 2057.99 1876.01 146.698 1729.32 95.1092 128.799 291.222 2377.33 577.198 1800.14 418.085 181.976
internal_count=1274883 320346 255203 55238 12195 954537 199965 185073 535534 228318 307216 29326 277890 267438 6794 43043 25614 419003 388136 173412 19082 154330 13027 13589 65143 214729 36415 178314 21995 214724
is_linear=0
shrinkage=0.08


Tree=109
num_leaves=31
num_cat=0
split_feature=4 1 6 3 4 1 1 1 1 8 3 6 5 3 5 1 3 3 1 4 1 1 5 4 3 6 5 6 1 3
split_gain=22.7469 25.0266 39.6624 32.6563 46.0326 77.4884 29.177 52.879 28.2237 23.0499 18.3014 20.0281 19.4594 17.9089 16.4924 15.303 15.0436 14.9087 17.1283 14.7197 23.0095 22.5279 18.9818 13.1545 12.4414 10.9687 16.8463 8.92056 8.84638 15.2609
threshold=8.5000000000000018 0.53694942593574535 0.44923661649227148 0.81872946023941051 10.500000000000002 0.99565216898918163 0.92390406131744396 0.71503761410713207 0.87298336625099193 0.75000000000000011 0.93127068877220165 0.46683587133884435 0.31890305876731878 0.73746865987777721 0.66815477609634411 0.30877573788166052 0.77694860100746166 0.58578637242317211 0.47673159837722784 11.500000000000002 0.93788579106330883 0.79772728681564342 1.0000000180025095e-35 17.500000000000004 0.77459675073623668 0.46683587133884435 1.0000000180025095e-35 0.57370692491531383 0.60736888647079479 0.67028987407684337
decision_type=2 2 2 2 2 2 2 2 2 2 2 2 2 2 2 2 2 2 2 2 2 2 2 2 2 2 2 2 2 2
left_child=9 2 16 19 5 8 7 -6 -5 17 12 -12 -11 15 -7 -4 -2 25 -19 21 27 24 -23 -8 -3 26 -1 -21 29 -14
right_child=1 3 13 4 6 14 23 -9 -10 10 11 -13 28 -15 -16 -17 -18 18 -20 20 -22 22 -24 -25 -26 -27 -28 -29 -30 -31
leaf_value=-0.0020005914871123985 -0.043089518281820935 0.0087663375703758081 0.041439572526368373 -0.013860318911949219 0.0441321474492136 -0.023059252200179695 0.028638711291205265 -0.036416375399842188 0.050304502626472791 0.046543527553823835 -0.019459871612759586 0.042635006378159444 0.003837910113427101 0.061699982401534299 -0.0753236153089617 0 0.023096117783477709 0.039048846430455704 0.00035933997516729871 -0.030489901693892731 0.019306750972586207 0.021507324054523897 -0.057081424148702473 -0.0080348731200743945 -0.043040176205136053 -0.0032480683673476985 -0.066707049622070941 -0.066309212592334993 0.00034046153066096137 0.049869049458656889
leaf_weight=55.09853488439694 94.365742026668158 194.34840137304855 80.333144852775149 88.932075998076471 68.574263456597691 77.648219709226396 354.67173880056362 168.58965816625278 74.202955138694961 71.553766161523527 33.118649495067075 191.14479370546178 167.88026744528906 62.922266077366658 128.62304067908553 178.40307237801608 21.337377063522581 69.665596515435027 4512.8797186164156 141.89947600325104 31.017639805417275 18.460990019142628 92.833999240159756 65.750187131139683 29.733640990365529 156.91726933669997 54.9285445438436 111.15897321695229 843.54161632768228 64.292710037116194
leaf_count=6585 146118 30999 10210 4162 5286 3105 33734 9022 3295 2128 664 238579 12879 6958 6006 15709 3583 20228 317724 48213 868 127 3491 11765 3246 11033 151549 3136 151630 12989
internal_value=9.63371e-05 -0.00710769 0.00962465 -0.011665 -0.00270437 -0.0252358 0.00980635 -0.0120353 0.0150019 0.00253888 0.0116756 0.0325427 0.00733426 0.0242789 -0.057418 0.0135746 -0.0291072 -2.15774e-05 0.00102431 -0.0261241 -0.0397334 -0.0137122 -0.0423055 0.0225002 0.00040428 -0.018253 -0.0371903 -0.0478239 0.00437484 0.0180419
internal_weight=8304.83 2083.81 437.362 1646.45 1026.99 369.406 657.586 237.164 163.135 6221.02 1371.53 224.263 1147.27 321.658 206.271 258.736 115.703 4849.49 4582.55 619.453 284.076 335.377 111.295 420.422 224.082 266.944 110.027 253.058 1075.71 232.173
internal_count=1275021 349033 182578 166455 76375 16568 59807 14308 7457 925988 418869 239243 179626 32877 9111 25919 149701 507119 337952 90080 52217 37863 3618 45499 34245 169167 158134 51349 177498 25868
is_linear=0
shrinkage=0.08


Tree=110
num_leaves=31
num_cat=0
split_feature=7 6 5 3 0 2 8 6 3 5 6 6 2 0 0 2 5 2 0 6 6 8 3 3 5 0 0 6 6 0
split_gain=22.5991 20.0538 35.6083 35.3172 30.7363 36.5454 14.8614 77.1951 22.0118 14.6354 19.4418 18.9592 12.7975 12.7742 10.3764 12.359 8.69991 8.47253 8.40777 8.19761 9.57284 6.50693 7.51254 5.92581 5.31943 5.00841 2.69079 2.23918 2.13297 1.46679
threshold=1.0000000180025095e-35 0.92009389400482189 0.8611605465412141 0.84660634398460399 0.75809821486473095 0.75582656264305126 1.0000000180025095e-35 0.39755295217037206 0.86526826024055492 0.37296918034553533 0.53866082429885875 0.70782846212387096 0.52689418196678173 0.2290398105978966 0.42644809186458593 0.47856706380844122 0.29280610382556921 0.37573529779911047 0.82891985774040233 0.97685134410858165 0.9656645953655244 1.0000000180025095e-35 0.78629976511001598 0.7454303801059724 0.67658114433288585 0.86512476205825817 0.16843971610069278 0.957820624113083 0.22287581861019137 0.8216732144355775
decision_type=2 2 2 2 2 2 2 2 2 2 2 2 2 2 2 2 2 2 2 2 2 2 2 2 2 2 2 2 2 2
left_child=1 6 18 4 12 -6 7 8 26 11 -11 -9 -4 23 15 -15 -10 -16 24 20 -5 25 -23 28 -3 -20 -1 -26 -8 -21
right_child=-2 2 3 19 5 -7 13 9 16 10 -12 -13 -14 14 17 -17 -18 -19 21 29 -22 22 -24 -25 27 -27 -28 -29 -30 -31
leaf_value=0 0.061588356308326056 0.053876725608257896 -0.031309039350736909 0.017095372110771147 -0.13563243882158474 -0.024556272507731992 0 0.029224322576085437 0.040532349650431419 -0.02208186627784443 -0.00086394500498098434 -0.030809793274848063 0.0094487404524126687 -0.024911997357913926 0.02855135545367422 0.054688993886363398 -0.023612316553774795 0.0014042029361645638 -0.035631713840594013 0.015095725878721874 -0.014385170295320309 -0.030613170818561752 0.040335688601622517 -0.016198085396386914 0.015142010943206897 0.0077564864092150932 -0.066632699896265871 0.043495465019169066 0.064961382669959183 0.057333034056536135
leaf_weight=0.63633195299189438 33.606039277728996 107.7191875425342 60.194322064751759 306.67346823003027 20.673347112518968 110.79903631494381 0.97098867723253235 173.95562409098784 12.73192940384615 317.35311420541257 2080.470919987245 34.730120740830898 196.58130889415042 151.47726185133797 70.845205814955989 7.7796379285864523 45.352808208292117 4012.2364015333005 20.552011405467056 26.637591247112141 67.589936123069492 5.1389301957096896 49.277566487769946 1.9820816604769778 105.21834579794086 36.854092835856136 161.46729570670868 38.103308832331095 27.363838955177926 32.85428176606365
leaf_count=872 30629 17057 11090 66040 2022 8637 198 37646 1817 98868 43612 300 28556 27828 9972 773 11954 363671 322 23448 19217 154 41176 114 11813 2081 352786 12001 2959 47025
internal_value=0.000508008 0.000203925 0.00983255 0.000374406 -0.0168398 -0.0475241 -0.00138634 -0.00589309 -0.0508612 -0.00194298 -0.00377884 0.0179974 0 0.00156123 0.00112241 -0.0185031 -0.00491767 0.00194871 0.030527 0.0161636 0.0108736 0.00969947 0.0289303 0.0495844 0.0388089 -0.00682339 -0.0657264 0.0249709 0.0607252 0.0435387
internal_weight=8317.83 8284.22 1184.87 822.003 388.248 131.472 7099.35 2826.7 220.188 2606.51 2397.82 208.686 256.776 4272.66 4242.34 159.257 58.0847 4083.08 362.863 433.755 374.263 111.823 54.4165 30.3169 251.041 57.4061 162.104 143.322 28.3348 59.4919
internal_count=1274638 1244009 290639 206035 50305 10659 953370 547855 367429 180426 142480 37946 39646 405515 402244 28601 13771 373643 84604 155730 85257 43733 41330 3271 40871 2403 353658 23814 3157 70473
is_linear=0
shrinkage=0.08


Tree=111
num_leaves=31
num_cat=0
split_feature=5 4 2 3 2 2 3 4 2 6 6 5 8 8 6 5 4 6 3 2 2 2 5 3 4 6 3 3 3 2
split_gain=21.9061 19.472 25.4959 21.2473 20.6077 19.1414 58.3026 28.4615 116.862 22.8282 18.1519 37.8264 33.7462 16.9216 32.0392 19.5493 16.8761 14.7906 12.3482 12.4084 12.1744 11.1799 10.8044 8.61843 6.99899 6.74043 4.13085 2.82159 0.823841 0.211021
threshold=0.99163165688514721 4.5000000000000009 0.89377820491790783 0.93710443377494823 0.38148742914199835 0.84877073764801036 0.92637759447097789 2.5000000000000004 0.93127068877220165 0.59384471178054821 0.39755295217037206 0.44492964446544653 1.0000000180025095e-35 1.0000000180025095e-35 0.45293442904949194 0.48110784590244299 11.500000000000002 0.28644689917564398 0.83047896623611461 0.76239567995071422 0.92390406131744396 0.88036698102951061 0.88531070947647106 0.87570226192474376 16.500000000000004 0.93762966990470897 0.77003204822540294 0.89512962102890026 0.90366768836975109 0.89825496077537548
decision_type=2 2 2 2 2 2 2 2 2 2 2 2 2 2 2 2 2 2 2 2 2 2 2 2 2 2 2 2 2 2
left_child=1 5 3 10 24 13 9 8 -8 21 12 -12 -3 14 23 -16 -6 29 22 -20 -9 -7 -15 -1 -5 26 -19 -11 -27 -4
right_child=-2 2 17 4 16 6 7 20 -10 27 11 -13 -14 18 15 -17 -18 25 19 -21 -22 -23 -24 -25 -26 28 -28 -29 -30 -31
leaf_value=-0.056954620295501919 0.062209864617664666 -0.061549250282182236 0 0 0.001053671188241423 -0.014153739341495655 -0.11568510864275776 0.022660616693136824 0.0026771084616911711 0.053228553211612822 0.016379596866551965 -0.0090440991777227305 -0.010948382753979609 0.0025221614543111831 0.017385683621362832 -0.0097537975513932694 0.023493153495857007 0 0.027130503119462423 0 -0.009587648736882318 0.024562166097125193 -0.023958331586771062 0.0020009966851002254 -0.075845893443415566 -0.022826546857455051 -0.070660092302486821 0.025593892967343611 0.0062432243261142262 0.027608458122640643
leaf_weight=94.882325721744564 30.496508413780248 94.414561025812873 1.9295264440588642 10.328155531780796 708.37183194843237 66.730565933394246 60.633221293508541 238.64144921884872 272.33227625089057 214.42239690790302 477.33863517141435 1640.7216043852968 698.80339070296031 1436.3344188495248 213.05141775333323 735.09890590293799 313.69289075041888 2.1965187011519438 254.798852960972 180.2319627321267 96.659224555492983 122.34553415409755 100.5082399820094 12.363083531265145 20.376171991840238 3.9368332051089956 66.051539078180213 72.827086213743314 10.80480224904022 9.3034609886817616
leaf_count=154074 48618 235929 103 756 62062 1500 7183 42222 148088 53375 81725 94334 66266 74357 10320 16023 27651 103 37052 26859 27260 5046 16087 2184 2512 232 6571 22458 3280 552
internal_value=-0.000449688 -0.00073893 -0.00469705 -0.00364569 0.00599189 0.00307412 0.0118652 -0.00318439 -0.0197959 0.0331253 -0.00718997 -0.00321402 -0.0175195 -0.00021104 -0.00841367 -0.00342842 0.00817744 -0.0449036 0.00410845 0.0159407 0.0128898 0.0100611 0.000614509 -0.0489465 -0.0532352 -0.0569297 -0.0669492 0.0473275 0 0.0242575
internal_weight=8260.63 8230.13 4058.27 3964.05 1052.77 4171.86 1144.59 668.266 332.965 476.326 2911.28 2118.06 793.218 3027.27 1055.4 948.15 1022.06 94.2227 1971.87 435.031 335.301 189.076 1536.84 107.245 30.7043 82.9897 68.2481 287.249 14.7416 11.233
internal_count=1274782 1226164 582076 571235 92981 644088 307132 224753 155271 82379 478254 176059 302195 336956 182601 26343 89713 10841 154355 63911 69482 6546 90444 156258 3268 10186 6674 75833 3512 655
is_linear=0
shrinkage=0.08


Tree=112
num_leaves=24
num_cat=0
split_feature=7 2 6 1 3 1 0 0 4 2 0 1 0 6 5 5 3 3 0 4 3 3 2
split_gain=19.2668 18.0209 34.4809 16.9696 16.4472 61.6707 28.9878 16.3065 15.5012 14.9473 28.4564 12.5016 5.20504 4.03208 2.99613 3.82176 2.7454 2.07747 1.8203 0.876418 0.54555 0.220683 0.215601
threshold=1.0000000180025095e-35 0.95861870050430309 0.61348485946655285 0.2290398105978966 0.6832355558872224 0.59611794352531444 0.66978195309638988 0.93127068877220165 8.5000000000000018 0.598850578069687 0.49151568114757543 0.53694942593574535 0.75123763084411632 0.40075758099555975 0.29490134119987493 0.51449581980705272 0.9634092152118684 0.71330726146698009 0.2290398105978966 25.500000000000004 0.6900656819343568 0.8521554470062257 0.19433516263961795
decision_type=2 2 2 2 2 2 2 2 2 2 2 2 2 2 2 2 2 2 2 2 2 2 2
left_child=1 3 7 13 9 6 -6 12 -7 11 -11 -5 21 19 16 -16 -9 18 -15 -1 -4 -3 -21
right_child=-2 2 20 4 5 8 -8 14 -10 10 -12 -13 -14 17 15 -17 -18 -19 -20 22 -22 -23 -24
leaf_value=-0.022923422703262863 0.058840625297904667 0.010050616144268059 0 -0.0056175874968429559 0.015463837127551368 0.0012381636356764778 0.063159217370162918 0.027418677481396005 -0.008471926037205646 0.074333207863117187 -0.0016453051277304754 -0.023254639246844323 0.076578628713852195 0.057969759039798618 -0.024014098509691842 0.01124000037786981 -0.0036354844175164771 0 0.0037213852011378813 0.018104013083999806 0.064356210318907717 0 0
leaf_weight=4.7628757322090669 31.106484299583826 18.02253016928444 1.0952568981156208 644.71728748647729 272.19768724754977 4439.1994481025176 123.98706575427786 17.635863128991332 1367.6406099665182 28.373390946653672 527.38298188698536 467.35721149049641 16.815865488664713 41.25301057449542 82.45151716977125 15.280115661560556 68.272152314602863 1.3404463849146839 12.380203652282942 0.69194407961913362 76.420153600236517 1.1669837115332473 0.55831816339923535
leaf_count=4725 30620 935 1669 345112 46732 389934 18448 1737 111072 1992 43773 102635 920 6317 2706 1269 6429 187 1675 367 155143 74 416
internal_value=0.000510869 0.000235349 0.0194236 -0.000475149 -0.000833246 0.00104172 0.0313902 0.00205393 -0.00102657 -0.00788455 0.00257655 -0.0132438 0.0482683 0.0398768 -0.00719814 -0.016666 0.00213695 0.0466878 0.0495616 -0.000789941 0.0635959 0.00614442 0.00881544
internal_weight=8260.11 8229 297.16 7931.84 7870.86 6203.02 396.185 219.645 5806.84 1667.83 555.756 1112.07 36.0054 60.9868 183.64 97.7316 85.908 54.9737 53.6332 6.01314 77.5154 19.1895 1.25026
internal_count=1274887 1244267 170882 1073385 1059698 566186 65180 14070 501006 493512 45765 447747 1929 13687 12141 3975 8166 8179 7992 5508 156812 1009 783
is_linear=0
shrinkage=0.08


Tree=113
num_leaves=31
num_cat=0
split_feature=9 6 6 5 6 5 5 6 5 5 6 5 3 3 1 1 4 3 4 6 8 3 3 4 1 6 6 1 8 5
split_gain=20.5463 40.8191 12.8293 12.8825 33.9245 29.8362 26.5856 50.1751 23.5474 18.9136 18.0616 22.5542 15.6803 12.4564 45.052 14.5254 13.4137 31.7104 12.4001 13.8765 11.7621 10.9679 9.5651 8.13208 7.83114 7.75333 8.19278 6.29295 4.99998 4.93438
threshold=1.0000000180025095e-35 0.9656645953655244 0.98894992470741283 0.8611605465412141 0.71711125969886791 0.91684862971305858 0.46195203065872198 0.51295477151870739 0.62529620528221141 0.69056183099746715 0.97064974904060375 0.97064974904060375 0.93788579106330883 0.76138716936111461 0.61257407069206249 0.28759399056434637 4.5000000000000009 0.93957647681236278 8.5000000000000018 0.86978259682655346 0.75000000000000011 0.8216732144355775 0.95040982961654674 8.5000000000000018 0.85053193569183361 0.85794997215271007 0.90365907549858104 0.62020397186279308 0.75000000000000011 0.39762559533119207
decision_type=2 2 2 2 2 2 2 2 2 2 2 2 2 2 2 2 2 2 2 2 2 2 2 2 2 2 2 2 2 2
left_child=1 13 3 4 6 25 7 -2 12 -8 27 -12 -6 15 22 29 20 -18 24 -20 -16 -10 -15 -4 -17 -5 -27 -7 -25 -1
right_child=2 -3 23 5 8 10 9 -9 21 -11 11 -13 -14 14 16 18 17 -19 19 -21 -22 -23 -24 28 -26 26 -28 -29 -30 -31
leaf_value=0 -0.0078396452236603759 0.065591153836833421 0.041131149629422201 0.012771329293203333 0.036655088406258647 0.038757844637697811 -0.027084726903423714 0.038040884732614001 -0.011714831765807015 0.021932104131435856 -0.11813991642615164 -0.01101343573716689 -0.0015573975250464656 0.056460072357886575 0.0052121949648628856 -0.0027378309250697323 -0.014354653064097935 0.01151478270722409 -0.023731717003074741 0.022987067524201574 0.024642403338564881 0.0095900867907654438 -0.014824117322301886 -0.053206856607230048 0.018998249824354926 -0.052806717631403703 -0.022590002029054906 0.0031516268846807673 0.013091428332779214 0.044696652177106506
leaf_weight=15.786353108880574 1332.1589741314674 62.314072116918396 58.282934571805527 15.461854687906451 250.23993642407004 32.524198459315812 542.20974150886468 166.7170930490247 263.18769444007194 48.131649100905634 11.506232916872248 79.553340562124504 82.770048683756613 124.21209805528633 1091.6889354828454 1083.0052186088433 659.3726101834618 548.99622933912906 307.70634586684173 39.299820962711237 251.78265880644904 358.64418661819946 7.4751833358022841 6.8100791744363933 112.08074129291344 119.54021374661534 191.79634268897644 328.75938701286213 9.1012781753670424 48.006302744659479
leaf_count=10670 294389 45976 66488 1728 16710 3961 29792 4481 16435 2218 1585 16062 16946 14749 60406 183275 30664 47063 110970 2163 138282 58664 1724 1403 8051 11490 23512 42953 6810 6099
internal_value=-8.51271e-05 0.00367149 -0.00431999 -0.00500952 -0.00258492 -0.0142014 -0.00833071 -0.00252054 0.00979823 -0.0226689 -0.000470163 -0.0316602 0.0268014 0.00265938 0.00600946 -0.00284075 0.00353804 -0.00247055 -0.0045228 -0.0177347 0.00905017 0.000296101 0.0508488 0.0272637 -0.000495335 -0.0324319 -0.035349 0.00727917 -0.0135702 0.0328676
internal_weight=8249.12 4351.73 3897.4 3823.2 3044.06 779.142 2089.22 1498.88 954.842 590.341 452.343 91.0596 333.01 4289.41 2683.53 1605.88 2551.84 1208.37 1542.09 347.006 1343.47 621.832 131.687 74.1943 1195.09 326.798 311.337 361.284 15.9114 63.7927
internal_count=1275719 660092 615627 540926 439635 101291 330880 298870 108755 32010 64561 17647 33656 614116 292888 321228 276415 77727 304459 113133 198688 75099 16473 74701 191326 36730 35002 46914 8213 16769
is_linear=0
shrinkage=0.08


Tree=114
num_leaves=31
num_cat=0
split_feature=7 4 4 1 1 1 1 6 2 2 2 8 2 6 4 5 1 6 5 5 2 6 2 6 1 1 6 6 4 6
split_gain=20.7842 19.2051 23.6741 79.8847 40.2388 49.7536 34.6269 29.7817 28.8793 27.3887 23.7653 15.598 19.0429 13.9583 12.3642 12.1918 12.0894 11.6125 61.9291 35.3638 21.2276 18.0922 16.2552 10.3715 6.50814 6.50565 6.17367 3.92098 3.74179 3.07186
threshold=1.0000000180025095e-35 8.5000000000000018 11.500000000000002 0.99565216898918163 0.92390406131744396 0.51649147272109996 0.90521115064620983 0.39755295217037206 0.51000401377677929 0.82207003235816967 0.41223156452178961 0.75000000000000011 0.93127068877220165 0.63202878832817089 10.500000000000002 0.3080128282308579 0.75716626644134533 0.46683587133884435 0.26789985597133642 0.46195203065872198 0.73735308647155773 0.70782846212387096 0.50287356972694408 0.90365907549858104 0.94360822439193737 0.99565216898918163 0.41394501924514776 0.90021643042564403 10.500000000000002 0.97568368911743175
decision_type=2 2 2 2 2 2 2 2 2 2 2 2 2 2 2 2 2 2 2 2 2 2 2 2 2 2 2 2 2 2
left_child=1 11 3 6 5 7 16 -4 -7 14 27 17 15 -11 -5 25 -3 18 22 21 -20 -19 -1 -21 -17 -13 -14 -6 -8 -12
right_child=-2 2 4 9 10 8 28 -9 -10 13 29 12 26 -15 -16 24 -18 19 20 23 -22 -23 -24 -25 -26 -27 -28 -29 -30 -31
leaf_value=0.02804841312041436 0.061967240579551212 0.0025968544148099798 -0.0341021876885029 -0.039808720674797654 -0.048319441610919285 -0.059550197196915206 0.062935636092836311 0.029552231803100404 -0.012988950673440509 0 0.030481485256719044 0.049065623032356877 0 -0.090419993776512456 0.0016309718103886062 0.0029619830918961865 -0.021855603528542194 0.032538180645881744 -0.049631150153076807 -0.004012500858101415 -0.01251623010341033 0 0.00020548789197986279 0.0076847809193249439 0.020608603177146724 -0.022600297048484746 0.059810781924897416 0.0088181649154603376 0.003395858260056363 0
leaf_weight=144.38812225709262 30.017728162347339 356.29176914712298 52.332523516990477 156.03527649349417 28.175774293107683 115.54999872278131 52.479043660889147 229.21594600075332 355.98526226970716 13.045684546377741 330.99590401753085 57.720532813400496 12.764592424966393 97.233955417206744 53.908651841600658 1014.7975114941655 189.78817743594118 353.16863378765993 206.26129277286236 1622.4973294062365 221.13981348677771 145.09300823474769 1444.5872056191729 683.7783099169319 157.07243861806637 3.1233030753792255 58.058390824255184 2.5867017161217509 15.027230258245252 13.54538638651138
leaf_count=16763 30739 90805 77325 7064 2500 34417 2083 40887 37434 380 21165 1663 212 2255 3600 156896 9027 12134 296568 68829 16925 4806 39185 51637 79217 273 154376 1535 432 14383
internal_value=0.000452379 0.000169606 -0.00647749 -0.0158762 0.00119508 -0.00931448 0.000851132 0.0167736 -0.0252397 -0.0479401 0.0225495 0.00243735 0.0101874 -0.0804713 -0.0286332 0.0076064 -0.00573236 0.000300244 -0.00428796 0.00365773 -0.0311645 0.0228783 0.00291596 -0.000466073 0.00554072 0.04152 0.0495378 -0.0384798 0.0530366 0.0289287
internal_weight=8216.67 8186.65 2062.2 933.81 1128.39 753.084 613.586 281.548 471.535 320.224 375.304 6124.45 1303.54 110.28 209.944 1232.71 546.08 4820.91 2016.38 2804.54 427.401 498.262 1588.98 2306.28 1171.87 60.8438 70.823 30.7625 67.5063 344.541
internal_count=1275515 1244776 345292 115646 229646 190063 102347 118212 71851 13299 39583 899484 392637 2635 10664 238049 99832 506847 369441 137406 313493 16940 55948 120466 236113 1936 154588 4035 2515 35548
is_linear=0
shrinkage=0.08


Tree=115
num_leaves=31
num_cat=0
split_feature=6 9 6 4 0 1 1 3 0 1 6 6 6 1 2 3 1 1 1 2 3 4 4 2 0 0 4 3 2 2
split_gain=16.0246 15.1615 25.873 14.2447 44.422 39.4576 17.6678 17.3057 26.6614 16.6846 13.4067 24.4245 32.9531 23.9619 21.2625 31.4873 24.5553 16.9376 4.80999 9.27519 4.59691 3.69941 4.65504 4.12707 2.84219 9.29505 1.9351 1.9126 0.893221 0.755305
threshold=0.98894992470741283 1.0000000180025095e-35 0.96435630321502697 2.5000000000000004 0.65485891699790966 0.72046512365341198 0.95488464832305919 0.93710443377494823 0.75513628125190746 0.97467949986457836 0.61348485946655285 1.0000000180025095e-35 0.40546767413616186 0.44562648236751562 0.46894289553165441 0.71330726146698009 0.75716626644134533 0.83424907922744762 0.45923791825771337 0.50287356972694408 0.80217391252517711 8.5000000000000018 12.500000000000002 0.36032786965370184 0.42644809186458593 0.33520600199699407 22.500000000000004 0.95488464832305919 0.85857143998146068 0.3464102596044541
decision_type=2 2 2 2 2 2 2 2 2 2 2 2 2 2 2 2 2 2 2 2 2 2 2 2 2 2 2 2 2 2
left_child=1 2 3 4 5 -1 -6 8 -5 -9 11 18 20 24 15 -15 -16 -14 -3 -20 -13 23 27 -2 25 -12 -26 28 29 -23
right_child=21 10 -4 7 6 -7 -8 9 -10 -11 13 12 17 14 16 -17 -18 -19 19 -21 -22 22 -24 -25 26 -27 -28 -29 -30 -31
leaf_value=0.013464108214145492 -0.013778726091541437 -0.03344830333222272 0.056516397335335755 0.00060786253448297006 -0.0041098745635285375 0.072787484000742184 0.021916928549619401 0.030482503004034208 -0.019855919587644561 0.0024676024048481278 0.046159778047169822 -0.035699318158760991 -0.0023733308528597519 -0.07713026936847768 0.015243976911007401 0.018050906412392147 -0.0052299104636374938 -0.032127360501252797 0.023363652946085219 -0.0018252617689434481 -0.074288117973528883 0 0.032567366311788852 0.050007715602172285 0.056143597076313813 -0.015873284421919546 0 0 0 -0.0513283554152974
leaf_weight=224.01997108328214 0.96834704464708821 21.947630983078852 52.601642727095168 1559.9305524573865 856.90570817873231 109.74021042932873 201.41101393442659 179.0659724080906 539.9065162340703 586.35183777022758 26.570267605769914 114.40394240799651 486.41076240652183 50.334324552095495 513.7245164559863 30.738768903625896 1343.1258090091724 165.75524176412728 99.830314893857576 827.55377345858142 51.858626116707455 0.47183720816974517 13.413347433932357 55.752485897566658 47.859758195525501 21.523259385139681 0.8367852199007747 2.7814674528199239 0.56427092535886991 7.5568528427102137
leaf_count=51700 693 4050 30794 284441 66365 7592 90733 19722 23663 66999 2960 202835 73430 1264 30533 1901 178671 5015 3655 18068 14341 494 17370 68053 3840 628 66 3595 40 2108
internal_value=0.000250824 -9.46792e-05 0.00313188 0.00236923 0.0090022 0.0342283 0.000772649 -0.000807714 -0.0046124 0.00938453 -0.00379317 -0.00888474 -0.018968 0.000562875 -0.00134127 -0.0402313 0.000374277 -0.010366 0 0.000825401 -0.0504872 0.0345056 0.000979413 0.0452984 0.0384526 0.0165042 0.0535942 -0.0250696 -0.0407137 -0.0465635
internal_weight=8193.92 8112.41 4309.93 4257.33 1392.08 333.76 1058.32 2865.25 2099.84 765.418 3802.47 1767.76 818.429 2034.71 1937.92 81.0731 1856.85 652.166 949.332 927.384 166.263 81.5086 24.7878 56.7208 96.7901 48.0935 48.6965 11.3744 8.59296 8.02869
internal_count=1275619 1183266 642009 611215 216390 59292 157098 394825 308104 86721 541257 321394 295621 219863 212369 3165 209204 78445 25773 21723 217176 92353 23607 68746 7494 3588 3906 6237 2642 2602
is_linear=0
shrinkage=0.08


Tree=116
num_leaves=15
num_cat=0
split_feature=7 5 0 6 1 4 5 5 0 0 8 1 8 6
split_gain=17.5061 15.2508 12.2976 29.8479 11.7672 19.4109 16.9075 9.34516 7.88333 7.69648 7.04578 5.10852 3.87183 0.114095
threshold=1.0000000180025095e-35 0.99163165688514721 0.95275297760963451 0.59384471178054821 0.32466214895248419 21.500000000000004 0.65636926889419567 0.36323411762714392 0.79277813434600841 0.54261502623558056 1.0000000180025095e-35 0.9797959327697755 1.0000000180025095e-35 0.99292451143264782
decision_type=2 2 2 2 2 2 2 2 2 2 2 2 2 2
left_child=1 2 4 7 6 8 10 12 -6 -7 -1 -9 -4 -3
right_child=-2 13 3 -5 5 9 -8 11 -10 -11 -12 -13 -14 -15
leaf_value=-0.015099401630095806 0.057972308297099026 0 0.040466913329412518 0.056564235860938679 0.00025804017000371766 -0.05450009294757216 0.065368132809951823 0.01263238417045069 -0.0052469116200925935 0 0.020995636648995727 -0.033509902846599632 0.0032942416095803435 0.057800529105394231
leaf_weight=56.255043828947237 27.739183898636838 1.4126591654639948 20.466454287059605 75.940038435772294 5173.7782967574458 57.424612747010542 34.739708297391189 11.496796316758262 2415.5614038141939 23.236373385443585 69.643702305795159 58.857473704905715 110.14573132735677 23.623631493697758
leaf_count=39606 30673 950 815 133319 728866 20798 6644 465 243781 2698 10885 2212 9250 44460
internal_value=-0.000359613 -0.000613736 -0.000843463 0.0155254 -0.00145226 -0.00192565 0.0195606 -0.000201961 -0.00147533 -0.0398688 0.00368436 -0.0235085 0.0115761 0.0562091
internal_weight=8160.32 8132.58 8107.55 276.906 7830.64 7670 160.638 200.966 7589.34 80.661 125.899 70.3543 130.612 25.0363
internal_count=1275422 1244749 1199339 146061 1053278 996143 57135 12742 972647 23496 50491 2677 10065 45410
is_linear=0
shrinkage=0.08


Tree=117
num_leaves=20
num_cat=0
split_feature=5 7 1 4 2 1 2 6 5 8 8 6 5 1 4 5 1 4 6
split_gain=14.8416 13.7176 11.6559 15.3195 14.2435 52.4202 14.7525 10.8546 23.0505 9.29604 3.34279 4.31517 2.02357 1.69012 1.69006 0.487109 0.325099 0.197099 0.132461
threshold=0.99163165688514721 1.0000000180025095e-35 0.2290398105978966 8.5000000000000018 0.83414238691329967 0.99565216898918163 0.51000401377677929 0.91496315598487865 0.87577831745147716 1.0000000180025095e-35 1.0000000180025095e-35 0.40633355081081396 0.6088932752609254 0.18808962404727939 26.500000000000004 0.96881943941116344 0.15535445511341098 27.500000000000004 0.99292451143264782
decision_type=2 2 2 2 2 2 2 2 2 2 2 2 2 2 2 2 2 2 2
left_child=1 2 10 7 6 -6 -5 9 -9 -4 12 17 13 -1 -13 -3 -14 -12 -2
right_child=18 15 3 4 5 -7 -8 8 -10 -11 11 14 16 -15 -16 -17 -18 -19 -20
leaf_value=0.010282787552921476 0 0.055652918334116654 -0.0045722280659572035 -0.016026947511825557 0.046261834792416683 -0.060711019582565882 -0.00023997535212700084 0.026494747403510738 -3.2549389582125223e-05 0.0023614297981192655 -0.012385713793364212 0.068233361469635295 0 -0.024577022220740638 0 0 0.038618336221769106 0 0.05770435792818332
leaf_weight=8.4709440915467038 1.3915992968977686 23.783445397071777 2014.578572785671 542.99522046017228 34.592211153008975 101.60915322281653 1297.3567756594421 313.45231712749228 578.65229127161729 3176.8806753516692 3.2228677506500421 23.009387010795766 1.806157998740672 11.222458509510032 3.7992746036616145 0.97538310152594832 5.2034817757084966 0.48000037349993352 23.475423613344901
leaf_count=2158 944 25845 330225 207113 1480 2670 108999 85078 138937 311990 1022 4081 103 3833 616 1419 258 85 48046
internal_value=-0.00016376 -0.000389529 -0.000607411 -0.000892465 -0.00701266 -0.031733 -0.00501542 0.00107384 0.00920552 -0.00030024 0.0338224 0.0508914 0.00432187 -0.00405699 0.061316 0.0537678 0.0330732 0 0.0560916
internal_weight=8166.96 8142.09 8117.33 8060.12 1976.55 136.201 1840.35 6083.56 892.105 5191.46 57.2146 30.5115 26.703 19.6934 26.8087 24.7588 7.00964 3.70287 24.867
internal_count=1274902 1225912 1198648 1186492 320262 4150 316112 866230 224015 642215 12156 5804 6352 5991 4697 27264 361 1107 48990
is_linear=0
shrinkage=0.08


Tree=118
num_leaves=31
num_cat=0
split_feature=6 5 5 6 1 2 1 0 6 8 2 2 6 1 0 1 0 1 0 2 2 2 1 1 1 0 0 1 2 8
split_gain=15.1215 85.9664 31.7535 34.5779 22.4277 27.8807 36.7906 26.2745 27.2803 21.4389 15.981 14.3959 22.9942 14.0203 13.9603 14.5763 10.866 9.05985 18.1738 15.594 34.8826 15.4179 16.659 13.6457 19.4365 13.0835 14.539 7.57505 7.26995 6.92736
threshold=0.38605175912380224 0.28212994337081915 0.36323411762714392 0.64888572692871105 0.44562648236751562 0.42179392278194433 0.56294015049934398 0.48528139293193823 0.66915422677993786 0.75000000000000011 0.53410854935646068 0.95861870050430309 0.66915422677993786 0.78910306096076976 0.51000401377677929 0.80217391252517711 0.33520600199699407 0.72377106547355663 0.73363915085792553 0.73735308647155773 0.628892481327057 0.48808848857879644 0.45199692249298101 0.87007671594619762 0.80217391252517711 0.78142958879470836 0.54085850715637218 0.37573529779911047 0.81284341216087352 1.0000000180025095e-35
decision_type=2 2 2 2 2 2 2 2 2 2 2 2 2 2 2 2 2 2 2 2 2 2 2 2 2 2 2 2 2 2
left_child=1 17 3 14 7 6 -6 8 16 28 -5 13 -13 -7 -2 29 -4 21 23 20 -20 22 -1 24 -19 26 -23 -10 -3 -16
right_child=2 9 4 10 5 11 -8 -9 27 -11 -12 12 -14 -15 15 -17 -18 18 19 -21 -22 25 -24 -25 -26 -27 -28 -29 -30 -31
leaf_value=-0.022766451590500607 -0.0049019538156560242 -0.063763615713270341 0.0058181003177403545 -0.072766360834884622 -0.095570491665584192 0.005545447244523171 0 0.056319350575484671 0.051978805511888888 -0.010435498552964946 0.00063019304557269831 -0.0028854993338289243 0.059230476457042082 -0.0033288107989008857 0.029564029648282419 0.019555678750475002 -0.036282442221961697 0.0079522033954509668 0.028253919088897305 0.0029503984894130825 -0.04749077366209048 0.013373224771316434 0.029707705588941442 -0.0025519630547080445 0.042528344863997106 0.036014197038501068 -0.024213328039929434 0.0024511867761776514 -0.023438078347345775 0.076052060807224972
leaf_weight=48.239650758288917 35.722397419041954 174.30454745219322 64.459531807195162 20.469067092286423 39.88378897527582 1866.4688982347579 65.335883399602608 93.344783070904668 67.23192823768477 116.60731520189438 58.372187189641409 73.967237826320343 64.128419991058763 2904.3085062533501 56.294133020724985 117.37201841294882 74.340405384296901 269.41306711167272 49.991662107844604 634.27754453744274 118.76542668149341 70.996296642071684 121.34061483717232 179.10733465271187 184.61589598999126 24.797514020116068 362.20806010090746 37.710865589877358 60.75460376785486 91.60991883018869
leaf_count=22557 24932 347367 7929 438 8671 182348 8742 15630 12192 5067 3921 6749 162124 323966 17501 4578 35424 3688 681 24454 1774 7771 16020 3089 1708 488 14810 1553 5118 3238
internal_value=0.000730209 -0.00454691 0.00298424 0.0252042 0.00135509 0 -0.0397891 0.0211741 0.00620995 -0.0408317 -0.0197201 0.000895474 0.0259033 0.000111729 0.0376242 0.0439275 -0.0160956 0.00164247 0.00520309 -0.002621 -0.0239644 -0.0062295 0.0136396 0.0153202 0.0226701 -0.0139997 -0.017606 0.0365574 -0.0547126 0.0609499
internal_weight=8146.44 2415.42 5731.02 379.84 5351.18 5014.09 105.22 337.088 243.743 351.666 78.8413 4908.87 138.096 4770.78 300.998 265.276 138.8 2063.75 1436.17 803.035 168.757 627.582 169.58 633.136 454.029 458.002 433.204 104.943 235.059 147.904
internal_count=1274528 454592 819936 54608 765328 692600 17413 72728 57098 357552 4359 675187 168873 506314 50249 25317 43353 97040 35394 26909 2455 61646 38577 8485 5396 23069 22581 13745 352485 20739
is_linear=0
shrinkage=0.08


Tree=119
num_leaves=31
num_cat=0
split_feature=5 3 1 0 4 1 6 5 5 0 1 0 0 0 4 0 1 0 3 1 6 0 1 1 4 6 6 1 6 5
split_gain=14.3319 13.3385 54.6568 30.5105 19.1992 18.3108 17.3393 30.795 26.5687 25.1447 24.7905 21.8397 17.1472 14.3621 12.4584 55.776 68.7365 31.4821 25.697 29.8243 19.273 11.4705 12.8984 7.64874 7.28771 2.14594 1.90814 1.83031 1.7978 3.19645
threshold=0.98310789465904247 0.7454303801059724 0.66300368309021007 0.77836257219314586 3.5000000000000004 0.78910306096076976 0.42022895812988287 0.29490134119987493 0.46920476853847509 0.55217784643173229 0.38847430050373083 0.61257407069206249 0.4403389841318131 0.6569296419620515 4.5000000000000009 0.74023336172103893 0.77015754580497753 0.87007671594619762 0.91922956705093395 0.8521554470062257 0.22287581861019137 0.74682730436325084 0.5673658847808839 0.77459675073623668 1.0000000180025095e-35 0.99086740612983715 0.98467409610748302 0.78319624066352855 0.78601953387260448 0.37979589402675634
decision_type=2 2 2 2 2 2 2 2 2 2 2 2 2 2 2 2 2 2 2 2 2 2 2 2 2 2 2 2 2 2
left_child=1 3 12 6 27 23 7 9 11 -1 -10 -8 28 -9 15 16 -4 -17 20 -20 -16 22 -14 -6 -23 26 -2 -5 29 -3
right_child=25 2 14 4 5 -7 8 13 10 -11 -12 -13 21 -15 18 17 -18 -19 19 -21 -22 24 -24 -25 -26 -27 -28 -29 -30 -31
leaf_value=0.022566797956781518 0.035328830211533185 0 -0.0055646619631739601 -0.020005137076904215 -0.050662042904561812 -0.094958552939092639 0.0013667442192168127 -0.048499362030237025 0.028967254053173394 -0.011968463372928603 -0.0081418907835413088 0.03213413584981397 0.045819651549074372 0 0.0043591714295391337 -0.010474092286152314 0.052103652986821354 0.0093015314098138045 0.042328138932926522 0.00049743800258495374 -0.018628179466637158 0 0.007716429779745352 0.037105828936773777 0.07033985864348799 0.059022936244961008 0 0.01759067065418617 0 -0.065707356921470284
leaf_weight=181.24199715655413 10.699011318152772 10.29454283205269 219.28202964967932 4.8097290412406464 5.6761863447609384 45.907456345885294 324.87247297735303 162.5410176628211 122.52937887160806 477.17646821867675 1096.3323415148479 285.24085990643653 115.79340917005902 54.14781763953215 313.83679100498557 1072.867713729167 308.60565980743559 979.020380559974 117.2825927833037 1092.1861214794917 789.43130480806576 11.907770174540927 135.16996967948216 10.651719054498242 82.503261520367232 24.855659175991605 20.290993176182383 21.369140101858648 2.4065446179301935 7.4096022144367444
leaf_count=56569 3246 2606 12694 223 269 1352 58156 352109 14021 22450 72117 12230 13580 22874 2767 81110 27345 272838 7515 96514 53594 2582 13229 477 13657 49840 6470 725 380 1458
internal_value=0.00131269 0.000999325 0.00338677 -0.00343682 -0.0484573 -0.0713048 -0.00181903 -0.0110812 0.00254351 -0.00212238 -0.00417756 0.0161555 0.0330285 -0.0369193 0.00110832 0.0049502 0.0280208 -0.000961058 -0.00310957 0.00484309 -0.0119546 0.0374836 0.0264738 0 0.0623367 0.0400623 0.014322 0.00345124 -0.029339 -0.0381941
internal_weight=8106.34 8050.49 5258 2792.5 88.4142 62.2354 2704.08 875.107 1828.98 658.418 1218.86 610.113 365.485 216.689 4892.51 2579.78 527.888 2051.89 2312.74 1209.47 1103.27 345.374 250.963 16.3279 94.411 55.8457 30.99 26.1789 20.1107 17.7041
internal_count=1274997 1215441 601869 613572 3046 2098 610526 454002 156524 79019 86138 70386 47492 374983 554377 393987 40039 353948 160390 104029 56361 43048 26809 746 16239 59556 9716 948 4444 4064
is_linear=0
shrinkage=0.08


Tree=120
num_leaves=29
num_cat=0
split_feature=7 3 1 0 0 0 6 8 6 5 6 0 1 4 6 4 4 4 3 5 6 5 3 1 1 0 1 3
split_gain=18.2974 12.4203 35.6906 26.3852 17.9446 16.0374 11.3975 34.8708 10.495 10.3818 9.71204 9.52899 56.189 47.6541 9.27222 8.38986 6.44597 6.09934 2.91307 2.40467 2.32338 2.39401 1.66121 3.65029 0.303061 0.253888 0.0844409 0.00769173
threshold=1.0000000180025095e-35 0.68457102775573742 0.5673658847808839 0.74682730436325084 0.31643131375312811 0.39827586710453039 0.49280537664890295 1.0000000180025095e-35 0.98894992470741283 0.53017652034759533 0.37688747048377996 0.74682730436325084 0.78910306096076976 3.5000000000000004 0.66915422677993786 13.500000000000002 19.500000000000004 6.5000000000000009 0.61451050639152538 0.28996570408344274 0.38477630913257604 0.66815477609634411 0.85880398750305187 0.86706829071044933 0.77849927544593822 0.66978195309638988 0.74388790130615245 0.8521554470062257
decision_type=2 2 2 2 2 2 2 2 2 2 2 2 2 2 2 2 2 2 2 2 2 2 2 2 2 2 2 2
left_child=1 3 5 4 14 20 7 -6 11 -8 19 13 -13 -4 15 -1 -12 -5 -16 -7 27 -22 23 -10 26 -24 -19 -3
right_child=-2 2 8 17 6 10 9 -9 22 -11 16 12 -14 -15 18 -17 -18 24 -20 -21 21 -23 25 -25 -26 -27 -28 -29
leaf_value=-0.01781845238959914 0.063083580847154666 0 0.018730022170486825 -0.12299540610990549 -0.053494594434975784 0.013081535250510716 0.0079673517450613383 -0.0057356272787262306 0.02887236899968687 -0.0086543068551954202 0.0471650178328053 0.022452445684682153 -0.0068250143006913693 -0.0042406708124518716 0.06367648008078218 0.032492294670901173 0 0 0 -0.02063138066606077 -0.065837713781719834 0 0 -0.02005041207827693 -0.01685306548823861 0.052060478523071635 0.0079609175902997115 0.0023357119739780365
leaf_weight=35.526195128724794 24.522620688418101 2.9180573152552851 879.04293966092519 10.283194840463695 119.53220971538394 50.636457889399026 414.51141628413461 515.01150288787903 19.838631668564634 549.83141101289948 185.23161765329132 480.79440892860293 3018.655042780214 1646.984033544155 32.110286816838197 36.268408553281915 13.392961076009668 0.90144050554954347 1.9364843117364205 10.840767350367967 8.093339634142465 1.6255678864254139 4.0630828893481548 8.1267968522442953 1.8289300673350224 23.544950447387237 3.5272016888484359 4.0233062767947558
leaf_count=12938 30550 2278 62793 563 342394 3017 16440 83526 9549 35043 28896 31996 379193 134910 8829 10135 1470 58 884 11287 1530 304 6432 4954 123 54409 209 645
internal_value=0.000217274 0 0.00162036 -0.00603072 -0.0048055 0.0294615 -0.00702274 -0.0153303 0.000303793 -0.00134038 0.0347778 -2.75151e-06 -0.00273059 0.00371099 0.0260515 0.00597426 0.0433085 -0.0944513 0.0581045 0.0036252 -0.0350193 -0.053056 0.0334386 0.00891699 0 0.0481949 0 0
internal_weight=8103.6 8079.08 6357.81 1721.27 1704.73 276.762 1598.89 634.544 6081.05 964.343 260.102 6025.48 3499.45 2526.03 105.841 71.7946 198.625 16.5408 34.0468 61.4772 16.6603 9.71891 55.5735 27.9654 6.25757 27.608 4.42864 6.94136
internal_count=1275355 1244805 733663 511142 510189 49427 477403 425920 684236 51483 44670 608892 411189 197703 32786 23073 30366 953 9713 14304 4757 1834 75344 14503 390 60841 267 2923
is_linear=0
shrinkage=0.08


Tree=121
num_leaves=31
num_cat=0
split_feature=9 6 2 1 1 0 0 4 1 5 0 2 1 4 6 2 1 4 5 4 0 4 6 5 0 1 1 1 0 1
split_gain=12.5621 30.2397 12.962 38.933 31.1829 79.5011 42.7499 43.6057 41.8656 41.0912 27.0945 38.1914 116.148 26.2293 23.2017 22.0388 21.9773 21.9406 16.4873 15.8411 15.8258 15.4971 14.7748 14.0273 13.3779 11.9734 11.8094 11.5661 8.76849 73.0581
threshold=1.0000000180025095e-35 0.9656645953655244 0.65733855962753307 0.82426470518112194 0.66300368309021007 0.63224515318870556 0.58102023601531994 6.5000000000000009 0.76631206274032604 0.24786074459552768 0.73363915085792553 0.82519841194152843 0.88493064045906078 5.5000000000000009 0.8668593466281892 0.75582656264305126 0.75147059559822094 3.5000000000000004 0.82200187444686901 1.5000000000000002 0.82891985774040233 4.5000000000000009 0.40633355081081396 0.51935565471649181 0.66978195309638988 0.908033847808838 0.80217391252517711 0.78910306096076976 0.61938297748565685 0.70064935088157665
decision_type=2 2 2 2 2 2 2 2 2 2 2 2 2 2 2 2 2 2 2 2 2 2 2 2 2 2 2 2 2 2
left_child=1 28 4 13 5 14 7 -6 9 -8 21 12 -12 15 23 16 -4 -10 -16 -7 -13 -5 -17 -2 -15 -23 -9 -26 29 -1
right_child=2 -3 3 10 6 19 8 26 17 -11 11 20 -14 24 18 22 -18 -19 -20 -21 -22 25 -24 -25 27 -27 -28 -29 -30 -31
leaf_value=-0.0062926215812727435 -0.011617034895745821 0.060479828937010975 0.0051482483439873484 0.035783600083530855 0.064206278934930999 -0.0039068821089505018 -0.020367772612502409 -0.044845546490860651 0.017313712973833061 -0.1004224546804541 -0.091124299543373588 0.028457022477220734 -0.0026747952217314303 -0.0027905350112935835 0.053845893737132507 -0.0029247955905023159 -0.039624791770757561 -0.032344915039536404 -0.0056805022706327155 0.047823849548474434 -0.0058587975832183501 -0.027594234290221845 0.041863717034457792 -0.039968569808498909 0.058000301728558967 0.014101627183914842 0.0040177889822132079 0.0027971693426642164 -0.0002488834123432446 0.036759034061389341
leaf_weight=748.42194515513256 376.98282350321824 52.405980764029664 252.96304761062493 121.57793481476256 56.341282100824174 38.723392163170502 83.092124797753058 52.600044488252024 83.354621170190512 98.344768932598527 135.78621439918061 90.840652342485555 305.52814720176684 33.562887143198168 43.297111784166191 61.885464905702975 89.586222458747216 144.57880313598434 65.118791860993952 200.69966229675629 784.84438691226387 63.046808274550131 129.30949737808987 175.91022736336163 139.04951981069462 119.79524793339078 56.962084759899881 37.346942476317054 3111.7855969220982 371.53688693229924
leaf_count=265163 231259 46011 17444 15899 3330 5592 912 10058 5298 15852 6357 13608 24903 2475 4391 1669 4180 9655 9380 24732 167058 2415 10100 7572 8974 7325 3519 1937 322802 24773
internal_value=-0.000242905 0.00271297 -0.00358054 2.72604e-05 -0.00945021 0 -0.0239135 0.00938741 -0.0377458 -0.0661477 -0.00685451 -0.011891 -0.0309639 0.0151902 -0.0144467 0.00528482 -0.00650239 -0.0135162 0.0180071 0.0388937 -0.00197596 0.0142574 0.0268461 -0.0212016 0.0389179 0 -0.018978 0.0475939 0.00188928 0.00794708
internal_weight=8125.28 4284.15 3841.13 2365.12 1476.01 900.732 575.274 165.903 409.37 181.437 1621.42 1317 441.314 743.704 661.309 533.744 342.549 227.933 108.416 239.423 875.685 304.42 191.195 552.893 209.959 182.842 109.562 176.396 4231.74 1119.96
internal_count=1274643 658749 615894 284344 331550 282926 48624 16907 31717 16764 237565 211926 31260 46779 252602 33393 21624 14953 13771 30324 180666 25639 11769 238831 13386 9740 13577 10911 612738 289936
is_linear=0
shrinkage=0.08


Tree=122
num_leaves=31
num_cat=0
split_feature=2 0 0 0 2 3 2 0 2 2 2 0 3 3 2 3 6 0 0 3 3 3 6 5 2 2 6 5 8 0
split_gain=19.2852 73.9599 49.4965 26.7429 100.556 51.6067 31.3884 53.8838 79.3667 24.7275 22.1393 20.5354 19.1445 24.4085 36.5104 21.9303 26.6696 17.5262 16.4153 15.0665 13.6294 12.7239 11.9539 9.40125 8.41272 5.12621 3.64596 3.44746 4.61539 3.25073
threshold=0.84262126684188854 0.91545844078063976 0.8521554470062257 0.81284341216087352 0.68614074587821972 0.9569842815399171 0.72812235355377208 0.72812235355377208 0.628892481327057 0.81284341216087352 0.598850578069687 0.66978195309638988 0.91715687513351452 0.96459901332855236 0.91715687513351452 0.81016731262207042 0.59384471178054821 0.86512476205825817 0.91715687513351452 0.8216732144355775 0.68457102775573742 0.68801230192184459 0.88615176081657421 0.3531774133443833 0.86512476205825817 0.94474968314170849 0.93156540393829357 1.0000000180025095e-35 1.0000000180025095e-35 0.83239698410034191
decision_type=2 2 2 2 2 2 2 2 2 2 2 2 2 2 2 2 2 2 2 2 2 2 2 2 2 2 2 2 2 2
left_child=1 3 -2 6 19 9 7 10 -9 -6 -1 21 15 14 17 27 23 -14 -15 29 -13 -8 -20 -17 -18 -16 -7 -4 -29 -5
right_child=2 -3 12 4 5 26 11 8 -10 -11 -12 20 13 18 25 16 24 -19 22 -21 -22 -23 -24 -25 -26 -27 -28 28 -30 -31
leaf_value=-0.006811086163940919 0.033669867084095681 0.063924159662881647 0.0069889349866278172 -0.028369569889397362 -0.069047499040756466 0.00067570314804410577 0.0027121847912110176 0.0098080942603562503 -0.060576497239383 -0.027941497914779626 0.0055299327131252277 -0.04170210971585403 0 0.014969247696595593 -0.010031302521307347 0.0096783905719663287 0.0037171028975751799 -0.067199135800700638 -0.018402231665042523 0.058887021516042318 0.0073089876615986746 0.052613849276668505 0.022553264688166621 -0.037233543803644478 0.048901740675615583 0.018480161023763726 0.03315807493686608 0 -0.054127440639816927 0.016965010676499755
leaf_weight=2038.4677830199798 373.00558093034488 103.71762139894417 6.1549102738499633 13.816455399210101 171.79483148720465 128.46495787843014 58.004997832438676 167.34698330546962 241.91214373910043 271.84642814632389 1694.6808605859114 31.636842564126709 29.015967968633049 347.01182072069059 79.978286825833493 61.901854854892008 41.556999297143193 110.57387931286939 236.7520895004709 101.90424560414976 1256.3088362450217 102.32030077671516 48.640175076267042 38.332240659277886 165.6326244161246 68.251829699984228 25.109138191415695 18.756682975392323 28.096119366789935 14.814234796824165
leaf_count=585416 60379 23837 68 660 9227 9471 2867 14420 13399 11583 127200 1513 1890 54242 18643 2401 2403 11778 62712 14908 78711 4511 79829 1039 29354 42618 7317 295 1214 531
internal_value=0.00051942 -0.00144453 0.00822444 -0.00259257 -0.0169725 -0.0310424 -0.000678616 -0.00424983 -0.0316388 -0.0448081 -0.00116612 0.00940532 0.000586601 -0.00540988 -0.0245738 0.0161987 0.0246824 -0.053233 0.00318532 0.0449892 0.00582473 0.0361555 -0.010603 -0.00765827 0.040894 0.00222713 0.00787357 -0.0281317 -0.0360601 -0.00111999
internal_weight=8075.81 6422.15 1653.66 6318.43 727.75 597.215 5590.68 4142.41 409.259 443.641 3733.15 1448.27 1280.66 920.224 287.82 360.431 307.424 139.59 632.404 130.535 1287.95 160.325 285.392 100.234 207.19 148.23 153.574 53.0077 46.8528 28.6307
internal_count=1274436 905571 368865 881734 53697 37598 828037 740435 27819 20810 712616 87602 308486 271712 74929 36774 35197 13668 196783 16099 80224 7378 142541 3440 31757 61261 16788 1577 1509 1191
is_linear=0
shrinkage=0.08


Tree=123
num_leaves=31
num_cat=0
split_feature=3 1 6 3 5 2 4 2 5 3 3 2 1 4 1 6 1 2 4 1 6 4 6 2 2 1 6 4 3 4
split_gain=14.0269 29.5644 13.6479 21.3663 22.9589 13.2721 12.9857 17.756 15.6121 12.7704 15.6717 12.7065 19.8802 62.0717 24.9511 20.5583 15.1065 19.1579 28.4328 18.0651 16.4612 17.896 14.515 15.3553 12.1645 19.5094 11.3541 11.3539 10.3008 10.1557
threshold=0.68457102775573742 0.59611794352531444 0.93156540393829357 0.84660634398460399 0.80562138557434093 0.2152509689331055 16.500000000000004 0.45512083172798162 0.78281378746032726 0.76253134012222301 0.99462366104125988 0.53410854935646068 0.53410854935646068 6.5000000000000009 0.628892481327057 0.46186167001724249 0.64630925655365001 0.65733855962753307 4.5000000000000009 0.7320508360862733 0.379817545413971 5.5000000000000009 0.8519614338874818 0.45923791825771337 0.52419984340667736 0.52223318815231334 0.22287581861019137 7.5000000000000009 0.95488464832305919 3.5000000000000004
decision_type=2 2 2 2 2 2 2 2 2 2 2 2 2 2 2 2 2 2 2 2 2 2 2 2 2 2 2 2 2 2
left_child=5 9 6 4 -4 -1 7 -3 26 24 -11 12 22 14 -14 -15 20 18 -18 -19 -13 -22 23 -7 25 -2 -8 -5 -29 -6
right_child=1 2 3 27 29 11 8 -9 -10 10 -12 16 13 15 -16 -17 17 19 -20 -21 21 -23 -24 -25 -26 -27 -28 28 -30 -31
leaf_value=0.034720496494793578 0.011086638457855241 0.031993468282589886 0.037641783102416303 0.032656894030566638 0.0011101306879854125 -0.021718298448563336 -0.003774136994804755 -0.00031741055795236303 0.031321789206542515 0.04440345018638131 -0.051003186202869928 -0.019851242232104323 -0.039169536181680273 -0.027144655626689902 0.028766008793108949 -0.141638784314401 -0.0013140958905935988 0.023492623928438965 -0.064711385250632941 -0.014220765228646967 0.00093019476725693048 0.041820515048261744 0.021755295849929381 0.0062096697861705828 0.030510248433603549 -0.061092257204277252 -0.053486265885680395 -0.018957342134329286 0.020186862861814717 -0.02938687150577644
leaf_weight=44.473398104091757 75.280912157119019 106.1632587849308 59.910669891367434 269.99818169706123 115.1992030449328 353.36591553215112 59.673024008807261 4976.016358337758 22.069348901568446 178.8317689290634 6.1177735286473753 71.75457276700763 62.924931374989683 22.914765131703462 64.368746395164635 33.160815433046082 113.48365133035986 144.4982751882344 77.055921858627698 170.17841147074068 150.9934757611918 134.87122203933541 88.489277432134259 179.89011507676332 82.3707623846567 28.163987912106677 74.73651926284947 61.722556751105003 108.40317802755453 140.64655537562794
leaf_count=11117 15746 11956 9230 154002 21244 246621 879 428529 1072 28708 911 36551 19980 21474 4954 2054 7930 9941 10573 10920 17085 13984 11591 86784 11660 8719 16160 4950 38116 10577
internal_value=0.000749304 0.00249619 0.00110277 0.0111209 -0.00431264 -0.00563931 -0.000321448 0.000356872 -0.0226719 0.0242849 0.0391458 -0.00691163 -0.0141079 -0.0370969 -0.00381822 -0.103524 0 -0.00902503 -0.0287699 0.00269315 0.0123295 0.0211596 -0.00683069 -0.0120296 0.00801657 -0.00900012 -0.0334905 0.0224768 0.00493572 -0.0152836
internal_weight=8077.73 6365.3 5994.54 755.88 315.756 1712.42 5238.66 5082.18 156.479 370.765 184.95 1667.95 805.115 183.369 127.294 56.0756 862.836 505.216 190.54 314.677 357.619 285.865 621.745 533.256 185.816 103.445 134.41 440.124 170.126 255.846
internal_count=1274018 762459 696715 238119 41051 511559 458596 440485 18111 65744 29619 500442 393458 48462 24934 23528 106984 39364 18503 20861 67620 31069 344996 333405 36125 24465 17039 197068 43066 31821
is_linear=0
shrinkage=0.08


Tree=124
num_leaves=31
num_cat=0
split_feature=3 0 2 2 0 0 0 4 2 2 4 2 0 0 3 3 0 5 5 4 4 3 5 2 0 5 4 2 4 4
split_gain=12.9022 19.237 17.5421 18.8522 23.3683 12.879 14.4639 43.9836 39.0528 22.7138 18.4805 18.4749 90.8778 38.869 17.2791 11.6901 10.0892 13.9496 8.7317 8.10006 7.98441 7.52509 6.44106 5.75358 5.34615 4.47559 3.63384 3.48421 3.047 2.13731
threshold=0.68457102775573742 0.74443343281745922 0.2152509689331055 0.52689418196678173 0.46841755509376531 0.39250700175762182 0.70396453142166149 2.5000000000000004 0.57275134325027477 0.74443343281745922 12.500000000000002 0.72646823525428783 0.83239698410034191 0.80717849731445324 0.76138716936111461 0.73375529050827037 0.33520600199699407 1.0000000180025095e-35 0.54244148731231701 1.0000000180025095e-35 6.5000000000000009 0.71330726146698009 0.6088932752609254 0.79805827140808117 0.63224515318870556 0.66815477609634411 1.0000000180025095e-35 0.45199692249298101 13.500000000000002 10.500000000000002
decision_type=2 2 2 2 2 2 2 2 2 2 2 2 2 2 2 2 2 2 2 2 2 2 2 2 2 2 2 2 2 2
left_child=1 2 29 16 -5 25 7 21 14 10 -9 12 -10 -13 27 -11 18 -18 -4 -6 23 24 -23 -3 -7 28 -16 -8 -2 -1
right_child=5 20 3 4 19 6 8 9 11 15 -12 13 -14 -15 26 -17 17 -19 -20 -21 -22 22 -24 -25 -26 -27 -28 -29 -30 -31
leaf_value=0.0026189766587163088 0 -0.12320589231808723 -0.0095332960878367137 0.071698405870718393 -0.03356801964638325 0.025041497853306338 0.025839518299446737 -0.0074991471050999074 -0.026598776276980266 -0.0027668164663281385 0.012362764118810836 0.011848085953811385 0.042303817979687422 -0.0057550239592560537 0 0.051692983542435955 0.0071830799702031567 -0.02333414364236245 0.041294583974978524 0.0011459014766999934 0 0.026129505557835778 0.054053442236541356 0 -0.0079823180103482765 0.0048132042711889053 0.053120158541209994 -0.021395054592384222 -0.052956149873015584 0.053203664412383195
leaf_weight=15.325455777347086 5.8125637572666156 10.289952604784048 42.980300205847016 24.567179738020059 40.270747659757035 59.047447851102334 6.7903973404900162 956.69871732812317 615.98560502416512 27.886240673222346 428.488088559272 1271.0686550579485 146.53359088706202 2153.9047315380376 14.152958238075369 77.714153185952455 103.22749258845579 580.39101591744111 30.67349607333017 799.23016996198567 8.9575039423216349 225.28407493543637 107.97183001958183 0.93647152325138527 47.915467725644703 6.5310369000944766 125.74904083378351 31.648479506315198 37.947120167547837 30.37056830470101
leaf_count=3657 742 560 26418 3806 6549 5572 411 90459 38939 1543 58693 97151 18229 382651 2347 3827 13375 340031 4724 105001 524 12704 15755 42 4086 1657 16656 2565 8743 7401
internal_value=0.000371239 -0.00581192 -0.00464677 -0.00616393 0.00175112 0.00204334 0.00240288 0.00815965 -0.000113151 0.00145204 -0.00121768 -0.0017299 -0.0129599 0.000738904 0.0359877 0.03639 -0.0153573 -0.0184749 0.0108795 -0.000518745 -0.0756626 0.030244 0.0363149 -0.109701 0.00912316 -0.0362265 0.0488431 -0.00735374 -0.0454985 0.0413262
internal_weight=8034.35 1687.22 1667.04 1621.34 864.068 6347.13 6296.84 1931.01 4365.83 1490.79 1385.19 4187.49 762.519 3424.97 178.341 105.6 757.272 683.619 73.6538 839.501 20.1839 440.219 333.256 11.2264 106.963 50.2907 139.902 38.4389 43.7597 45.696
internal_count=1274818 512088 510962 499904 115356 762730 751588 192639 558949 154522 149152 536970 57168 479802 21979 5370 384548 353406 31142 111550 1126 38117 28459 602 9658 11142 19003 2976 9485 11058
is_linear=0
shrinkage=0.08


Tree=125
num_leaves=31
num_cat=0
split_feature=9 6 3 0 1 1 0 1 3 0 4 0 4 4 6 6 1 0 0 3 1 4 4 1 0 3 1 4 0 3
split_gain=12.7375 24.1061 11.1874 39.8985 33.4553 33.0921 44.9556 25.7154 17.0217 15.8525 14.8112 11.6867 10.5888 15.2816 6.89225 37.8841 8.94632 60.3295 25.8022 41.4484 23.2576 17.7448 17.2543 6.68252 12.3507 14.4773 12.5918 12.5713 11.4251 22.2157
threshold=1.0000000180025095e-35 0.9656645953655244 0.81016731262207042 0.74682730436325084 0.80217391252517711 0.76631206274032604 0.6820855736732484 0.65545505285263073 0.96459901332855236 0.70064935088157665 4.5000000000000009 0.8019607961177827 16.500000000000004 15.500000000000002 1.0000000180025095e-35 0.35651239752769476 0.70438539981842052 0.66978195309638988 0.58102023601531994 0.6832355558872224 0.67017546296119701 3.5000000000000004 5.5000000000000009 0.79772728681564342 0.64326766133308422 0.77303028106689464 0.74133810400962841 4.5000000000000009 0.73363915085792553 0.83935481309890758
decision_type=2 2 2 2 2 2 2 2 2 2 2 2 2 2 2 2 2 2 2 2 2 2 2 2 2 2 2 2 2 2
left_child=1 2 3 5 10 9 -7 8 -4 -1 -5 -6 13 -9 23 -16 17 20 22 -20 -17 -19 -18 24 27 -26 -27 -2 29 -25
right_child=14 -3 7 4 11 6 -8 12 -10 -11 -12 -13 -14 -15 15 16 18 21 19 -21 -22 -23 -24 28 25 26 -28 -29 -30 -31
leaf_value=-0.0051869692931768522 0.025255125016951679 0.056612764882051324 0.053254826767785798 -0.013625390016531248 -0.06519153422866221 0.046165676691086829 -0.011446479124819687 0.0046726683305857476 -0.04798543657824924 0.020911978348871051 0.033482957649423953 -0.025009800420030596 -0.024696767992194821 0.053516990118269943 -0.058684686373590637 -0.0044757222835417314 0.072387771272363496 0.0088687312955115678 -0.065910210595041319 -0.0058951943770568426 -0.071331445656969333 0.058951697710848489 0.0018471473814355936 0.052333553556598383 -0.041236718995836537 0.026154271003775948 -0.023195534870505134 -0.010336291136295727 0 -0.0023213999005170845
leaf_weight=1146.758867997487 127.0905097508803 49.259165319090243 102.00101334953797 113.51529455962009 94.991706672197324 232.58180594546138 127.84971861857048 1898.6842253286231 6.2719389636476981 165.00279302167473 60.844916017231299 145.17810443168855 68.874330536229536 37.782045863306848 76.694521630830423 639.00646992983093 36.715663144554128 85.043356934598705 72.845300876739202 1732.5945798590619 30.850003611412831 126.16166961216368 58.592373440551455 89.526594388764352 90.459210023283958 58.123919863253832 64.527269912883639 110.67971587658394 319.72818262781948 84.415882549248636
leaf_count=302545 3484 46036 13460 5495 4457 15853 7763 236438 1056 10492 3021 4463 5853 2493 120243 165680 3939 11967 5606 259905 3897 12335 6044 763 943 559 423 6898 11744 948
internal_value=0.00044717 0.00347232 0.00274451 -0.00134638 -0.023466 0.00409519 0.0254151 0.00685251 0.0441185 -0.00171561 0.00239666 -0.0425604 0.00465612 0.00584344 -0.00289129 -0.00486822 -0.00322446 0.00330806 -0.00633719 -0.00858038 -0.00829751 0.0401969 0.0328704 0.00291713 -0.00385611 -0.0178725 0 0.00815694 0.00940077 0.0255911
internal_weight=8052.65 4249.6 4200.34 2086.72 414.53 1672.19 360.432 2113.61 108.273 1311.76 174.36 240.17 2005.34 1936.47 3803.06 2858.5 2781.81 881.062 1900.75 1805.44 669.856 211.205 95.308 944.551 450.881 213.11 122.651 237.77 493.671 173.942
internal_count=1274803 659425 613389 354089 17436 336653 23616 259300 14516 313037 8516 8920 244784 238931 615378 589616 469373 193879 275494 265511 169577 24302 9983 25762 12307 1925 982 10382 13455 1711
is_linear=0
shrinkage=0.08


Tree=126
num_leaves=19
num_cat=0
split_feature=7 5 4 4 1 1 1 1 6 2 1 1 2 1 2 2 6 6
split_gain=11.3505 9.82857 8.88383 13.1653 50.5156 40.9046 45.2487 34.8901 21.6195 12.4284 10.9597 36.0184 33.0576 16.601 47.6292 45.0359 9.78802 0.00363474
threshold=1.0000000180025095e-35 0.99163165688514721 8.5000000000000018 11.500000000000002 0.99565216898918163 0.92390406131744396 0.51649147272109996 0.90521115064620983 0.85794997215271007 0.36461389064788824 0.94360822439193737 0.98213717341423046 0.87206766009330761 0.83910790085792553 0.73735308647155773 0.84877073764801036 0.55588430166244518 0.99799197912216198
decision_type=2 2 2 2 2 2 2 2 2 2 2 2 2 2 2 2 2 2
left_child=1 2 10 4 7 6 -5 -4 -6 -7 13 12 -12 14 -1 -15 -13 -3
right_child=-2 17 3 5 8 9 -8 -9 -10 -11 11 16 -14 15 -16 -17 -18 -19
leaf_value=-0.0023455006609082265 0.051586655554757679 0 -0.0047783182324262477 0.016445483906464206 -0.015147277654158908 -0.033057333173590456 -0.024930856743225763 0.056119874411212231 -0.058857209481484429 0.027042638325191527 0.07375091208922141 -0.0066702823068394068 0.0012142788672071267 -0.020558575894432565 0.020494927586268523 0.0084824866800718747 0.0087710238516004718 0.05407278190688538
leaf_weight=2618.2443013448792 22.458319485209358 2.9370643126676468 528.56517020837055 258.38644817419845 165.57247680325236 17.039841754318331 455.86681800070073 62.662306168931536 153.27181499492144 337.58582350023789 90.086558585608145 427.03515571757453 77.940767219362897 769.17813964725065 744.13381817487243 598.57703462356585 644.5534729727442 16.4991689277158
leaf_count=424886 30780 2265 98715 115638 5809 2280 71283 2378 6416 26047 14930 22084 35143 39840 40129 67864 224873 43045
internal_value=0.000234511 3.74468e-05 -9.81416e-05 -0.00475512 -0.0118149 0.0011338 -0.00972993 0.00182423 -0.0372375 0.0232905 0.00142154 0.00810602 0.0420363 -0.000303169 0.00268477 -0.00774804 0.00246654 0.0507098
internal_weight=7990.59 7968.14 7948.7 1978.95 910.072 1068.88 714.253 591.227 318.844 354.626 5969.75 1239.62 168.027 4730.13 3362.38 1367.76 1071.59 19.4362
internal_count=1274405 1243625 1198315 328566 113318 215248 186921 101093 12225 28327 869749 297030 50073 572719 465015 107704 246957 45310
is_linear=0
shrinkage=0.08


Tree=127
num_leaves=26
num_cat=0
split_feature=7 2 6 0 0 5 6 5 6 0 0 5 2 2 2 5 5 6 6 0 1 2 1 2 5
split_gain=12.9678 11.5661 18.3729 14.1785 12.104 10.4847 65.4898 25.0181 14.1616 14.9109 14.75 6.14075 5.608 3.20059 3.72542 2.8619 1.93908 1.37126 1.2853 0.959061 0.260958 0.438137 0.166944 0.0720162 0.0189364
threshold=1.0000000180025095e-35 0.9529346525669099 0.66915422677993786 0.99565216898918163 0.95275297760963451 0.26789985597133642 0.38364128768444067 0.37525510787963873 0.29571340978145605 0.60107529163360607 0.55217784643173229 0.43377923965454107 0.98529094457626354 0.90054944157600414 0.71010184288024913 1.0000000180025095e-35 0.51449581980705272 0.46683587133884435 0.51295477151870739 0.91545844078063976 0.97332859039306652 0.95861870050430309 0.9569842815399171 0.9547502100467683 0.48110784590244299
decision_type=2 2 2 2 2 2 2 2 2 2 2 2 2 2 2 2 2 2 2 2 2 2 2 2 2
left_child=1 4 3 18 5 8 11 -8 10 -10 -1 -7 20 14 17 -5 -17 -6 19 -3 21 -4 -15 -22 -20
right_child=-2 2 12 15 13 6 7 -9 9 -11 -12 -13 -14 22 -16 16 -18 -19 24 -21 23 -23 -24 -25 -26
leaf_value=0.01976195933092947 0.05547303212790989 0.045217880707829512 0 0 -0.022934459132414157 -0.040700817246314122 0.017895148151580217 -0.0022583394466765979 -0.013623363613396937 0.071333269385234807 0 0.015405070400008262 0.063793428760520077 0 0.058436762405117762 -0.027688300454998975 0 0.020900273791151523 0.0034134129639113854 0.016086408660291131 0 0.019850901908323646 -0.015420884648230966 -0.012084029959438077 0
leaf_weight=275.87242455306114 21.962940992016229 29.016944262431934 2.9723549517875636 48.87129036989063 3.965831491397692 294.05514613015112 422.30890183418524 5000.7512444252279 13.607520959471001 34.235146775637986 1619.5309612928249 6.3443969509826266 49.110983361846593 0.55914651151397154 29.61166114268417 64.437368996121222 11.758578071894588 4.2947296336351428 5.4016083618043913 59.074165136786178 0.24978573873522725 4.3055124030215666 0.69611233918112703 3.6848778640996898 9.0050137452344625
leaf_count=27068 30588 1370 4782 4925 233 357494 74881 542548 8479 2672 32742 8232 132811 127 9757 2539 2110 2719 1071 3978 375 11490 80 9482 2107
internal_value=7.50678e-05 -9.17172e-05 0.015489 0.00389836 -0.000704225 -0.000964465 -0.00270491 -0.000644416 0.00407334 0.0451392 0.00283655 -0.0387592 0.053119 0.0409931 0.0469122 -0.0131546 -0.0224227 0 0.0258387 0.0293143 0 0.00838306 -0.00676314 -0.00950555 0
internal_weight=8015.68 7993.72 287.888 227.565 7705.83 7666.71 5723.46 5423.06 1943.25 47.8427 1895.4 300.4 60.3235 39.1275 37.8722 125.067 76.1959 8.26056 102.498 88.0911 11.2125 7.27787 1.25526 3.93466 14.4066
internal_count=1274660 1244072 177040 18100 1067032 1054116 983155 617429 70961 11151 59810 365726 158940 12916 12709 9574 4649 2952 8526 5348 26129 16272 207 9857 3178
is_linear=0
shrinkage=0.08


Tree=128
num_leaves=31
num_cat=0
split_feature=9 6 3 1 0 1 0 1 5 6 0 5 5 6 1 6 5 3 0 1 4 1 3 3 3 0 1 0 0 1
split_gain=18.1519 22.3414 12.797 28.5409 22.9576 25.8213 75.5192 22.4443 15.5623 13.6994 12.6252 10.5472 26.8537 26.6807 16.3533 13.3621 21.9964 18.838 11.9622 42.6865 26.4294 26.0947 23.504 17.0596 12.9195 10.1961 9.18506 7.84821 7.73265 11.2773
threshold=1.0000000180025095e-35 0.94715359807014476 0.78192934393882763 0.60922586917877208 0.75513628125190746 0.72377106547355663 0.6106402873992921 0.80217391252517711 0.26789985597133642 0.35058240592479711 0.28718703985214239 0.8611605465412141 0.92545253038406383 0.88021740317344677 0.7320508360862733 0.96981090307235729 0.96881943941116344 0.84660634398460399 0.628892481327057 0.70438539981842052 2.5000000000000004 0.73746865987777721 0.81530213356018078 0.64346247911453258 0.70659971237182628 0.42163743078708654 0.80217391252517711 0.91545844078063976 0.6351073980331422 0.68614074587821972
decision_type=2 2 2 2 2 2 2 2 2 2 2 2 2 2 2 2 2 2 2 2 2 2 2 2 2 2 2 2 2 2
left_child=1 2 4 25 5 10 -7 9 -9 -6 -1 13 27 18 -15 -14 17 -17 21 20 -20 23 -23 -2 -21 -4 -18 28 -13 -30
right_child=11 -3 3 -5 7 6 -8 8 -10 -11 -12 12 15 14 -16 16 26 -19 19 24 -22 22 -24 -25 -26 -27 -28 -29 29 -31
leaf_value=0.032141990588158739 -0.0073255020907078798 0.034570645116081711 -0.013417764070399572 0.0049181391854375717 -0.038166315458129846 0.069358187085616974 -0.0024169019799298503 -0.00055159375403378578 -0.066463751743157079 0.019405818298326383 -0.0073709663438990079 -0.001110813337062056 0.012470261531234584 0.044632273326184614 0.007358713656117487 -0.11398840344138185 0.03059876949380911 0.0020081626092235418 -0.0058241415261080587 -0.032425477872987669 0.040543149350711218 0.039852445214809726 -0.017200400449051106 -0.034281047270114419 -0.0041562654042650539 0.056986032496232984 -0.016335395120073721 0.0075476868682595238 0.010987572108946448 -0.038977245573183113
leaf_weight=48.413466115802294 358.85366993964271 145.34218153420807 9.2911129477724881 2235.7153979166833 33.889037321321666 123.89966567585361 329.30397058883682 37.652690690825693 84.342401370333391 77.391847248072736 1013.0127243684401 64.018629315251019 286.58521077180922 103.80205688319984 303.32041905085498 18.392238846950935 36.285078996836091 10.034445480334396 109.53784401089069 110.99556563382794 224.51207017745764 98.558652822037402 74.88256231273408 285.25410682358051 1276.5538514889049 88.156224989361363 70.436242800307809 31.647856251693156 24.591450252264622 287.32047032019182
leaf_count=11003 189559 84180 1441 232334 1245 8264 19218 440 3874 3589 282323 5166 39765 14286 59020 3670 12503 10027 9025 6256 18519 5409 4981 62890 82058 11127 41873 21392 3427 25896
internal_value=0.00056047 0.00417658 0.003014 0.00690157 -0.00208886 0.00143808 0.017399 -0.02521 -0.0482031 0 -0.00527643 -0.00344528 -0.0114081 -0.00113418 0.0176766 0.00241576 -0.0174477 -0.0740801 -0.00424197 -0.000353083 0.0250053 -0.0121848 0.0145317 -0.0196818 -0.00664083 0.0483844 0 -0.0259557 -0.0292583 -0.0344219
internal_weight=8001.99 4226.41 4081.07 2333.16 1747.91 1514.63 453.204 233.276 121.995 111.281 1061.43 3775.58 829.312 2946.27 407.122 421.733 135.148 28.4267 2539.15 1721.6 334.05 817.549 173.441 644.108 1387.55 97.4473 106.721 407.578 375.931 311.912
internal_count=1274760 659038 574858 244902 329956 320808 27482 9148 4314 4834 293326 615722 163719 452003 73306 107838 68073 13697 378697 115858 27544 262839 10390 252449 88314 12568 54376 55881 34489 29323
is_linear=0
shrinkage=0.08


Tree=129
num_leaves=26
num_cat=0
split_feature=7 9 6 2 1 1 1 0 0 4 6 2 0 1 4 4 6 6 0 1 4 1 4 1 4
split_gain=10.5916 8.74004 20.1799 8.04259 47.7911 31.844 56.3715 47.0399 38.3539 28.9672 18.483 18.2823 38.7365 19.9597 17.3945 16.9754 10.3334 9.15279 6.94861 34.4575 40.6935 19.4748 11.3108 9.90276 8.5103
threshold=1.0000000180025095e-35 1.0000000180025095e-35 0.9656645953655244 0.69416099786758434 0.78910306096076976 0.67017546296119701 0.81872946023941051 0.5912291705608369 0.58102023601531994 3.5000000000000004 0.71711125969886791 0.78456193208694469 0.78456193208694469 0.83910790085792553 2.5000000000000004 3.5000000000000004 0.8668593466281892 0.41191250085830694 0.61620295047760021 0.68870675563812267 7.5000000000000009 0.54446640610694896 2.5000000000000004 0.90070420503616344 2.5000000000000004
decision_type=2 2 2 2 2 2 2 2 2 2 2 2 2 2 2 2 2 2 2 2 2 2 2 2 2
left_child=1 2 18 5 9 7 8 16 -7 10 -5 12 -6 -13 -9 -8 -3 -11 19 22 -21 24 -1 -23 -20
right_child=-2 3 -4 4 11 6 15 14 -10 17 -12 13 -14 -15 -16 -17 -18 -19 21 20 -22 23 -24 -25 -26
leaf_value=0.016159231805647056 0.051158013003357872 -0.018753519577483307 0.053645227071383042 -0.015946342285361681 -0.0073299569043181866 0.0071191143188903527 0.043943832552795124 -0.0015868461786300999 -0.04818033538374146 0.0053923100781564709 0.036957296497704836 0.024201063838153593 -0.069642325796298379 -0.0045021751394440515 0.031525630833738903 -0.0017028544841501748 0.010490002449378182 0.056641016135433146 0 0.053648289846860389 0 -0.0049718214455875239 -0.0082908436027064707 0.0044362187987384352 0.056812886628224445
leaf_weight=146.39858988756896 20.779287487377587 438.39966479231225 43.616992568830028 113.90243948236457 347.83328338238061 94.623209175071679 60.707578371089767 134.97104433798813 368.10711759312835 35.652981660357909 59.956239731123787 175.46163379203063 76.057364353735466 1088.8402979474849 314.99736747891438 223.50841875384504 82.781131867770455 151.12397852570575 18.752842103931471 179.26838669985591 187.2444382320391 1838.4923019463022 563.04364968597656 1153.3911082699051 49.001607125188457
leaf_count=45519 30666 225019 44434 4004 19518 9646 5000 17767 27373 2296 7481 9704 6253 192987 40810 13475 10012 10073 3309 10299 16002 115404 215287 186506 6527
internal_value=-1.44849e-05 -0.000200511 0.0022955 -0.0030115 0.000301003 -0.00704392 -0.0194281 0.00236801 -0.0365749 0.0266024 0.00192637 -0.00528503 -0.0195651 -0.000313004 0.0213334 0.00808505 -0.013749 0.0480883 0.00165116 0.00717023 0.026954 -0.000246006 -0.00294366 -0.00129022 0.0405847
internal_weight=7966.91 7946.13 4179.21 3766.92 2048.83 1718.1 746.946 971.149 462.73 360.636 173.859 1688.19 423.891 1264.3 449.968 284.216 521.181 186.777 4135.59 1075.96 366.513 3059.64 709.442 2991.88 67.7544
internal_count=1275371 1244705 643287 601418 252316 349102 55494 293608 37019 23854 11485 228462 25771 202691 58577 18475 235031 12369 598853 287107 26301 311746 260806 301910 9836
is_linear=0
shrinkage=0.08


Tree=130
num_leaves=24
num_cat=0
split_feature=2 5 4 2 6 0 5 6 0 3 0 2 4 2 6 5 3 4 5 4 0 0 5
split_gain=11.0167 9.20224 8.94246 8.34976 20.7799 10.6476 9.21434 6.84848 6.1361 5.75231 3.88734 3.22701 2.49242 2.12719 1.10387 1.07145 0.708249 0.781226 0.697485 0.495891 0.494917 0.351933 0.0523787
threshold=0.19433516263961795 0.99805447459220897 22.500000000000004 0.95861870050430309 0.66915422677993786 0.96039214730262767 0.85010123252868663 0.76552855968475353 0.99565216898918163 0.47690120339393621 0.58102023601531994 0.98529094457626354 32.500000000000007 0.91331186890602123 0.92009389400482189 0.48497743904590612 0.70521390438079845 10.500000000000002 0.47699365019798284 2.5000000000000004 0.2290398105978966 0.52223318815231334 0.55582657456398021
decision_type=2 2 2 2 2 2 2 2 2 2 2 2 2 2 2 2 2 2 2 2 2 2 2
left_child=12 2 3 5 8 6 -2 9 -5 18 -11 -6 16 -7 15 -9 17 19 -4 -1 -19 -16 -14
right_child=1 -3 7 4 11 13 -8 14 -10 10 -12 -13 22 -15 21 -17 -18 20 -20 -21 -22 -23 -24
leaf_value=0.022269100967228169 0 0.05274128481719384 0.022357981567381113 0.016285636557214451 0 0.050166587902329252 -0.0073705194314953818 0 -0.010035657123965834 -0.058310050038677591 0 0.062757735655647379 -0.0070461504698665798 0 0 0.033896621006170032 0 0.067111519023246316 0 0 0 -0.01587182397488298 0
leaf_weight=2.1823884173354688 6214.8652015126354 15.459466447566227 4.5622247280043657 95.399727084601182 7.6093024777146629 25.958131391154897 1319.9740498898755 1.8141007779631788 122.27563517958333 43.37611466376984 6.2247674338141215 45.883313885649841 1.7519767412450158 0.30662409497017407 3.3612659429491023 8.2735163387260382 0.53875620025792059 16.458227054594321 3.2720175440917956 7.6488087939360412 2.5813761191529911 4.0768510741327191 0.3782822128268889
leaf_count=482 842838 45098 2429 8085 20405 8917 173470 77 9726 19463 483 133043 249 113 1006 679 286 4094 139 1859 792 799 225
internal_value=-0.000495901 -0.000717451 -0.000875453 -0.000582452 0.0130368 -0.00110033 -0.00131342 -0.0275379 0.000888194 -0.0406372 -0.0505647 0.0554354 0.0432606 0.0453493 0.00777934 0.0235867 0.0495067 0.0512223 0.00496247 0.00511571 0.0623583 -0.00165876 0
internal_weight=7954.23 7922.69 7907.23 7832.27 271.168 7561.1 7534.84 74.9609 217.675 57.4351 49.6009 53.4926 31.5398 26.2648 17.5257 10.0876 29.4096 28.8708 7.83424 9.8312 19.0396 7.43812 2.13026
internal_count=1274757 1266770 1221672 1196597 171259 1025338 1016308 25075 17811 22514 19946 153448 7987 9030 2561 756 7513 7227 2568 2341 4886 1805 474
is_linear=0
shrinkage=0.08


Tree=131
num_leaves=31
num_cat=0
split_feature=3 0 0 1 3 1 5 3 1 0 3 0 3 1 0 8 6 3 0 6 0 1 1 0 0 8 3 6 6 1
split_gain=8.78964 19.4982 19.3388 85.5211 63.8102 52.5062 30.602 26.9786 80.4584 21.5549 21.9368 18.9304 18.7202 17.5876 17.3465 16.1818 77.1002 17.0512 15.6267 20.7082 13.725 26.0155 13.4481 40.1618 33.3338 12.4858 10.7332 10.4469 9.4544 9.04575
threshold=0.96178188920021068 0.72812235355377208 0.75513628125190746 0.80217391252517711 0.76138716936111461 0.84660634398460399 0.26789985597133642 0.89323708415031444 0.89009663462638866 0.91545844078063976 0.91331186890602123 0.8019607961177827 0.79772728681564342 0.98610842227935802 0.91715687513351452 1.0000000180025095e-35 0.53866082429885875 0.81872946023941051 0.96039214730262767 0.63202878832817089 0.78738203644752514 0.78629976511001598 0.53694942593574535 0.51471862196922313 0.48808848857879644 1.0000000180025095e-35 0.7454303801059724 0.35941100120544439 0.91841113567352306 0.91715687513351452
decision_type=2 2 2 2 2 2 2 2 2 2 2 2 2 2 2 2 2 2 2 2 2 2 2 2 2 2 2 2 2 2
left_child=2 28 5 20 6 15 -5 12 -9 10 -6 -8 -7 -11 -3 16 -1 -18 25 -20 21 27 23 -17 -24 -16 -22 -4 -2 -10
right_child=1 14 3 4 9 7 11 8 29 13 -12 -13 -14 -15 18 22 17 -19 19 -21 26 -23 24 -25 -26 -27 -28 -29 -30 -31
leaf_value=-0.04530891463483689 -0.017747938416331502 0.017040417028574246 -0.008099910565903182 -0.0014471633903558262 -0.0082491599234104304 0.015527508846281297 -0.12773938486032727 -0.10545495897453583 0 0.020962420093661036 -0.030904664216965534 -0.043920839907979556 0.048705437129145032 -0.037546161985246934 -0.048964443194043458 -0.0042218284375832174 0.00666045007835535 -0.022974528034818375 -0.0043359571009124491 0.055871499680385829 -0.017516481995387086 -0.05892971608748767 0.046212016474751039 0.04152020401495625 -0.0031738578297549388 2.3439133948782313e-05 0.037593975861857504 0.026040146476319654 0.018564876891841976 0.048873351223925825
leaf_weight=281.15056924050441 262.77346646573278 810.93160978645028 70.761365573082003 37.757146829215344 1043.3965765778776 245.23326557032124 47.01308226963738 34.034320236823987 33.230974135789438 197.41641306056408 385.64647337463248 49.818784247967415 236.44570845340786 33.007915976137156 66.902860029425938 295.04732990602497 800.91804597189184 140.90524180384818 157.15795306352084 41.102903040075034 17.767373552196659 28.059483766613994 86.898760867727106 198.22144048218615 1771.6120951090852 50.129992898597266 254.91807754251204 183.66565643647482 47.037515569660172 56.632177620806033
leaf_count=471841 17066 109301 2342 361 68339 23303 2995 1118 1504 54168 33356 1510 21549 21703 3206 69685 13481 1795 11004 113570 814 1435 7532 27069 103256 29535 27758 14275 17892 2576
internal_value=0.000206386 0.00587827 -0.00102008 -0.00683672 -0.0153741 0.00221474 -0.0675818 0.0239114 -0.00811076 -0.0108534 -0.0145611 -0.0904609 0.0324757 0.0112821 0.0108353 -0.00144433 -0.00891672 0.00195989 -0.00464156 0.00842626 0.0203573 0.0070648 0.00238425 0.0140708 -0.000661057 -0.0275286 0.0331762 0.0159552 -0.0115192 0.0306853
internal_weight=7965.59 1436.04 6529.56 2349.23 1794.06 4180.33 134.589 605.576 123.897 1659.47 1429.04 96.8319 481.679 230.424 1126.23 3574.75 1222.97 941.823 315.294 198.261 555.172 282.487 2351.78 493.269 1858.51 117.033 272.685 254.427 309.811 89.8632
internal_count=1275339 301574 973765 229056 182432 744709 4866 50050 5198 177566 101695 4505 44852 75871 266616 694659 487117 15276 157315 124574 46624 18052 207542 96754 110788 32741 28572 16617 34958 4080
is_linear=0
shrinkage=0.08


Tree=132
num_leaves=19
num_cat=0
split_feature=0 5 7 2 0 3 0 6 8 6 6 2 6 3 5 3 3 2
split_gain=10.5986 8.19555 7.5396 7.16902 45.5599 35.7561 26.4463 18.2166 18.1826 8.11747 1.68979 1.72373 0.891261 0.882702 0.546823 0.210922 0.357304 0.078977
threshold=0.16843971610069278 0.9878295660018922 1.0000000180025095e-35 0.84877073764801036 0.91545844078063976 0.91715687513351452 0.81530213356018078 0.59384471178054821 1.0000000180025095e-35 0.37688747048377996 0.22287581861019137 0.23132664710283282 0.98894992470741283 0.44562648236751562 0.96881943941116344 0.26201373338699346 0.7243877947330476 0.16108107566833499
decision_type=2 2 2 2 2 2 2 2 2 2 2 2 2 2 2 2 2 2
left_child=10 2 3 4 6 7 -2 -5 -7 -6 -1 15 -3 -14 -4 17 -17 -12
right_child=1 12 14 5 9 8 -8 -9 -10 -11 11 -13 13 -15 -16 16 -18 -19
leaf_value=0 0.00013143836709205193 0 0.047650398518367006 0.0008887615551101633 0.0031212193676533346 -0.01387260011054943 -0.015736775479603386 0.032199267021880994 0.0081032792826213357 0.066640920833223746 0.0091348771451531269 0 0 0.051294495106717568 0 0.080307995057926129 0 0
leaf_weight=0.72527760820230724 5496.8940943202688 3.0225155605439822 18.147550085755942 194.62023351161042 22.816676729707979 532.76470136415446 757.87069564977719 352.93941521298984 423.38619018017198 69.029592017803225 4.7708730888553026 1.094542533828643 0.42566662878380412 19.767313569056569 0.74438554728840145 9.7151285714353399 0.19231810160272367 1.5490748951269777
leaf_count=60 796737 1170 25667 6591 1477 27186 51847 67754 220777 20577 1169 255 1170 48022 1385 2435 108 381
internal_value=0.000757346 0.000578295 0.000403193 0.000245973 -0.00091028 0.00521899 -0.00177674 0.0214688 -0.00398362 0.0534891 0.0550048 0.0600693 0.0436715 0.0486048 0.0453138 0.0656816 0.0788212 0.00523215
internal_weight=7910.48 7892.43 7869.21 7850.32 6346.61 1503.71 6254.76 547.56 956.151 91.8463 18.0472 17.3219 23.2155 20.193 18.8919 16.2274 9.90745 6.31995
internal_count=1274768 1270360 1219998 1192946 870638 322308 848584 74345 247963 22054 4408 4348 50362 49192 27052 4093 2543 1550
is_linear=0
shrinkage=0.08


Tree=133
num_leaves=30
num_cat=0
split_feature=7 3 0 1 4 6 5 5 6 1 0 3 1 4 4 1 3 0 1 1 1 1 3 1 1 6 0 6 4
split_gain=9.30075 8.75243 27.5837 26.6923 15.4057 14.1986 26.2775 24.0466 35.2621 20.706 17.0617 13.2127 12.2849 21.0141 10.5459 9.66726 9.45346 23.9419 85.4036 28.3869 21.2715 13.4773 7.77778 3.99624 2.03945 1.46524 1.27483 0.865251 0.285833
threshold=1.0000000180025095e-35 0.7454303801059724 0.77836257219314586 0.66300368309021007 3.5000000000000004 0.39541453123092657 0.25658351182937628 0.38505995273590093 0.64888572692871105 0.42163743078708654 0.48808848857879644 0.97530490159988414 0.81530213356018078 5.5000000000000009 2.5000000000000004 0.85053193569183361 0.96178188920021068 0.74210175871849071 0.81872946023941051 0.82426470518112194 0.91715687513351452 0.96039214730262767 0.78830561041831981 0.73746865987777721 0.79772728681564342 0.69710868597030651 0.57307061553001415 0.36645218729972845 4.5000000000000009
decision_type=2 2 2 2 2 2 2 2 2 2 2 2 2 2 2 2 2 2 2 2 2 2 2 2 2 2 2 2 2
left_child=1 2 5 11 24 6 10 8 -7 -9 -1 14 13 -6 26 -8 17 18 -5 -19 23 -22 -16 -18 25 -4 -3 -26 -14
right_child=-2 3 4 16 12 7 15 9 -10 -11 -12 -13 28 -15 22 -17 20 19 -20 -21 21 -23 -24 -25 27 -27 -28 -29 -30
leaf_value=0.033129247404121862 0.050217663710707017 0 -0.037252417180458852 -0.011548893302305739 -0.10081328543014145 0.039811822851727116 -0.044213331700951868 0.020313653659633994 -0.02766111547933409 -0.005959197769749726 -0.0083078501839473282 -0.055175453281811421 -0.018936795911413055 0.022282156215459637 -0.00031565683306272117 0.021904190685929789 0 0.0075410728549858202 0.031322514995029672 -0.012653759353406367 -0.037263324139223702 0.0045389313797699069 0.026964231280974062 0.047560503631856745 0.034441128206407434 0 0.05478642505342373 0 -0.11046046248143709
leaf_weight=66.010733770221123 18.403861700760899 1.2042730076936994 5.1395557916548595 681.39772778355837 7.967412914120362 200.72900682632462 158.18034511939914 216.33517150054104 58.49480115051847 1386.0524822867883 551.6838793313218 7.50836193984287 7.2552798411197719 20.537027844169643 89.795023724247585 9.1706287819979462 7.1087254088852196 599.25889725092566 516.39755513774435 1620.1968231402061 45.773948256435688 1286.5673631244135 169.87680946914043 81.292324741385528 6.746918055170684 1.6545072199660351 71.44729654758703 10.078064290137261 25.205066861541127
leaf_count=17450 30499 86 202 50970 365 50327 357804 41061 1517 126823 20001 1064 233 830 12958 1615 1185 36217 36158 168791 9448 263457 22521 9184 169 113 11708 450 656
internal_value=-0.000104269 -0.000273234 -0.00395067 0.00163764 -0.0477096 -0.00240453 -0.0114128 0.00132897 0.0237454 -0.00226046 -0.00339222 0.0231439 -0.067715 -0.0172594 0.0261793 -0.0391315 7.16182e-05 -0.0021751 0.00685432 -0.00712448 0.00557645 0.00284918 0.0170985 0.0426147 0.00114615 -0.0199489 0.0533847 0.0196143 -0.099533
internal_weight=7927.47 7909.07 2731.24 5177.83 84.5838 2646.66 785.046 1861.61 259.224 1602.39 617.695 339.832 60.9648 28.5044 332.323 167.351 4837.99 3417.25 1197.8 2219.46 1420.74 1332.34 259.672 88.4011 23.619 6.79406 72.6516 16.825 32.4603
internal_count=1273862 1243363 619616 623747 3018 616598 396870 219728 51844 167884 37451 48337 2084 1195 47273 359419 575410 292136 87128 205008 283274 272905 35479 10369 934 315 11794 619 889
is_linear=0
shrinkage=0.08


Tree=134
num_leaves=31
num_cat=0
split_feature=7 5 3 1 0 4 0 0 1 1 0 3 1 4 4 5 1 4 2 0 9 4 1 4 1 1 4 0 4 5
split_gain=8.79301 7.2618 23.6799 22.0107 19.8999 31.1384 14.4526 13.8337 13.6302 10.8036 23.7532 10.7224 10.3687 8.56261 7.70165 7.0763 9.75267 8.36652 6.87881 6.53885 5.83883 5.12206 4.26296 3.90404 13.7847 4.30057 3.6317 3.24646 3.05087 2.11392
threshold=1.0000000180025095e-35 0.501101315021515 0.96459901332855236 0.44920890033245092 0.91545844078063976 4.5000000000000009 0.42644809186458593 0.73735308647155773 0.93395638465881359 0.40224719047546392 0.48808848857879644 0.98529094457626354 0.93788579106330883 10.500000000000002 16.500000000000004 0.24786074459552768 0.30877573788166052 9.5000000000000018 0.46894289553165441 0.79277813434600841 1.0000000180025095e-35 12.500000000000002 0.70064935088157665 16.500000000000004 0.55403152108192455 0.29568913578987127 24.500000000000004 0.3260560035705567 12.500000000000002 0.51449581980705272
decision_type=2 2 2 2 2 2 2 2 2 2 2 2 2 2 2 2 2 2 2 2 2 2 2 2 2 2 2 2 2 2
left_child=1 6 3 21 7 -6 15 -5 22 10 28 12 -10 -13 19 23 17 -17 -18 -11 -16 27 -4 24 -1 -25 -23 -3 -8 -24
right_child=-2 2 8 4 5 -7 9 -9 11 14 -12 13 -14 -15 20 16 18 -19 -20 -21 -22 26 29 25 -26 -27 -28 -29 -30 -31
leaf_value=-0.016880661187380627 0.049886304347170986 0.030350999292184811 -0.0029829552690594525 -0.0033141940975377126 0.031296237506956898 -0.12538439051609462 -0.030758538775546646 -0.014841447276944853 -0.054359210077822351 0.0055902428554141428 0.080425008418244556 -0.0017046002749360424 0.047771812914238022 0.018964716591750835 -0.033526737763244906 -0.044138610610070503 -0.054330539159034068 0.015359833848433067 0.01281581207246872 -0.0016761443268250771 0.0010700199069825561 0.044019611298536203 0 0.029038336815107244 0.076722126932227505 -0.034827409377459061 0 0 0.012328724940366881 0.055209666499318022
leaf_weight=16.494655180751582 17.603196194126213 24.217631751103909 3.6832142611820009 1402.3990889875931 130.21999280599994 3.4240646655962328 18.922763621107155 1352.6976136728408 1.5211777470249206 2614.550898270878 30.634288818313507 513.30028994159511 55.737024935151567 161.44444703192858 59.583964892495715 16.801351712812902 69.226614097271522 42.308263142243959 5.0740192251178078 1091.4401134080326 43.558432076133613 61.794664151006145 1.5350207693118125 2.6042509920080219 12.091810558689756 18.329473763529677 9.7765628892811929 85.670883594269981 8.5157826245413144 51.683972016056941
leaf_count=5682 30722 3500 1357 102140 72249 349 23580 118965 634 413314 12541 161819 26298 30525 15492 12300 101115 18379 3260 68207 13734 9370 103 423 195 1900 1898 9433 7331 8215
internal_value=4.86506e-05 -7.35005e-05 -0.00257464 -0.00578427 -0.00753314 0.0217509 0.00227045 -0.00904845 0.00967256 0.00335455 0.0364133 0.00632305 0.0383408 0.00310863 0.00276152 -0.0192758 -0.02875 -0.00117977 -0.0472085 0.00340775 -0.0180626 0.0206542 0.0461856 0.00360941 0.023476 -0.0166459 0.0372394 0.00730896 -0.0126145 0.0523006
internal_weight=7926.85 7909.24 3859.11 3070.2 2888.74 133.644 4050.14 2755.1 788.905 3867.21 58.0728 732.003 57.2582 674.745 3809.13 182.93 133.41 59.1096 74.3006 3705.99 103.142 181.46 56.9022 49.5202 28.5865 20.9337 71.5712 109.889 27.4385 53.219
internal_count=1275030 1244308 546855 317904 293703 72598 697453 221105 228951 554199 43452 219276 26932 192344 510747 143254 135054 30679 104375 481521 29226 24201 9675 8200 5877 2323 11268 12933 30911 8318
is_linear=0
shrinkage=0.08


Tree=135
num_leaves=31
num_cat=0
split_feature=1 0 0 1 2 1 0 2 4 4 2 1 0 2 1 2 4 1 4 1 0 8 4 4 2 2 6 2 2 2
split_gain=8.94263 41.4484 27.6487 41.8334 29.7187 25.8191 89.4423 46.1991 99.8087 43.9349 36.3705 29.2393 171.601 56.0367 22.2176 32.3709 15.277 23.0432 14.6386 23.7694 21.7678 21.6001 19.6017 13.1939 27.5735 13.4313 12.3957 11.7413 11.1578 27.1875
threshold=0.92031747102737438 0.88273492455482494 0.81861472129821788 0.98147514462471019 0.81530213356018078 0.87298336625099193 0.80717849731445324 0.87007671594619762 5.5000000000000009 4.5000000000000009 0.77836257219314586 0.77459675073623668 0.71892556548118602 0.69416099786758434 0.80217391252517711 0.80735492706298839 1.5000000000000002 0.89699381589889537 8.5000000000000018 0.99565216898918163 0.86295148730278026 1.0000000180025095e-35 10.500000000000002 11.500000000000002 0.80982521176338207 0.37866288423538214 0.40827012062072759 0.64630925655365001 0.89512962102890026 0.79805827140808117
decision_type=2 2 2 2 2 2 2 2 2 2 2 2 2 2 2 2 2 2 2 2 2 2 2 2 2 2 2 2 2 2
left_child=1 5 3 -2 -4 10 9 8 -8 -7 11 13 -13 -1 26 -16 17 -3 20 -20 -6 -22 -21 24 -5 -25 -12 -11 29 -19
right_child=2 16 4 23 18 6 7 -9 -10 27 14 12 -14 -15 15 -17 -18 28 19 22 21 -23 -24 25 -26 -27 -28 -29 -30 -31
leaf_value=-0.0051205602026299325 0.057037399747399568 0.038103992953143824 0.046818415979060987 -0.011812623685697628 0.018533407978722313 0.039202802722904613 -0.13430321439965978 -0.0077131599870386902 0.0081815391285202932 0.025269469326423169 0.0011352332660410412 0.01451130609003915 -0.053127316015194291 0.022153629881529309 -0.036391001213954895 0.015747874120048518 0.046835608631470488 0.017809354925909571 0.045472670841144265 -0.063389764036233226 -0.021491271071534684 0.0045891640709173247 0.00059441451175473823 -0.034036620653580457 0.03005068999690148 0.02545119007275452 0.054670262899896037 -0.027796041702290757 -0.0037434086948268681 -0.16737119151424593
leaf_weight=2708.685573883311 127.17022650530998 67.705699207101134 66.366869754456275 358.71580437798548 230.07424222171539 143.83014605501376 88.62885975237441 78.452171846372948 43.494148997036973 24.883561090333387 44.164890715794172 521.28056053068576 433.53448768996896 581.10935609810258 84.233975654904498 482.35950753723591 142.10404030490463 5.6820594274395244 17.017255144848605 85.536195222142851 419.54581503960071 371.51577279789853 38.829406023265619 19.950646511977538 134.2158192434872 292.88197237040731 116.75736701511778 154.03222151912632 46.563478548559942 5.3222149740468012
leaf_count=658057 14243 12898 14010 26800 29464 10195 3992 6169 2297 1192 1336 26509 21512 34832 3727 27400 18879 547 938 1944 26228 237632 3162 3285 31232 35109 7772 6045 7039 282
internal_value=0.00032154 -0.00130068 0.00472028 0.0150948 -0.00305535 -0.00283185 -0.0194909 -0.0594761 -0.0876432 0.00661865 -0.000995032 -0.00386207 -0.0161501 -0.000227978 0.0154261 0.00746608 0.0291128 0.00675466 -0.00622794 -0.0300024 -0.00265015 -0.00908992 -0.042925 0.00796694 0 0.0206782 0.0414189 -0.0190594 -0.0276568 -0.0860646
internal_weight=7934.64 5772.82 2161.82 932.934 1228.89 5505.45 533.321 210.575 132.123 322.746 4972.13 4244.61 954.815 3289.79 727.516 566.593 267.377 125.273 1162.52 141.383 1021.14 791.062 124.366 805.764 492.932 312.833 160.922 178.916 57.5678 11.0043
internal_count=1274727 850680 424047 110669 313378 811035 29890 12458 6289 17432 781145 740910 48021 692889 40235 31127 39645 20766 299368 6044 293324 263860 5106 96426 58032 38394 9108 7237 7868 829
is_linear=0
shrinkage=0.08


Tree=136
num_leaves=31
num_cat=0
split_feature=5 4 0 5 6 5 3 0 3 0 4 0 2 3 5 4 0 3 2 0 0 3 3 3 5 9 4 5 0 0
split_gain=7.5995 6.90216 17.7082 21.6889 10.0722 22.7394 28.0798 21.0073 8.95319 14.5771 11.6683 16.2593 10.0677 7.62886 7.61115 7.01374 31.2456 25.5947 9.10166 26.3859 14.2423 7.23797 6.84335 19.6342 4.77785 14.3963 3.69843 3.13404 0.936063 0.12676
threshold=0.99805447459220897 8.5000000000000018 0.81530213356018078 0.88019138574600231 0.94136744737625133 0.68435126543045055 0.85880398750305187 0.6776927411556245 0.80217391252517711 0.2290398105978966 10.500000000000002 0.48808848857879644 0.65733855962753307 0.85880398750305187 0.73879611492156994 1.0000000180025095e-35 0.65485891699790966 0.7243877947330476 0.84262126684188854 0.91331186890602123 0.8521554470062257 0.71330726146698009 0.78629976511001598 0.90054944157600414 0.93156540393829357 1.0000000180025095e-35 10.500000000000002 0.94553062319755565 0.40212766826152807 0.93127068877220165
decision_type=2 2 2 2 2 2 2 2 2 2 2 2 2 2 2 2 2 2 2 2 2 2 2 2 2 2 2 2 2 2
left_child=1 4 8 22 15 28 7 -7 9 26 13 -12 -11 -10 -8 16 21 -18 19 -17 -20 -1 -4 -24 25 -5 -3 -26 -6 -30
right_child=-2 2 3 24 5 6 14 -9 10 12 11 -13 -14 -15 -16 18 17 -19 20 -21 -22 -23 23 -25 27 -27 -28 -29 29 -31
leaf_value=0.010160645582908643 0.05066121804767186 -0.0075830062723101299 -0.052146360747245407 -0.006960592993273119 0 0.018109153665469918 -0.037296284785303495 -0.028573758216360341 -0.035708610641500584 -0.014541128246878839 -0.021409392430182011 0.015063868921723279 0.0067091262769502615 -0.0020403152570233709 0.032308103205371808 -0.0012911172898900092 -0.091075448559792826 -0.011291603165898502 0.025775663104727932 0.053907730157346602 0.0028579926245394537 0.053929789882085785 0.047242190647870164 -0.01998058685996781 0.0089812850789429081 -0.11605319873213249 0.048209866340402696 -0.037315639533096835 0.061975053178834338 0
leaf_weight=81.706306773070537 13.971937497291945 2.2519429980311534 13.477455351065144 16.037228807123029 0.57411139918258314 89.059620605985401 4.4637728461893849 162.97624193165393 51.865605945160496 638.46582455343014 83.156060117937159 556.22004530871345 168.61925199789403 233.62418109214923 181.80436799986273 3671.2383712677547 23.136456314095994 520.36851197890064 222.77302807899832 51.224455657385988 829.39919944843132 42.021733933899668 34.624391835299321 88.241506448743166 7.0531743638275683 23.931528969173087 31.372533515430405 14.205931851523927 50.574038506354555 3.0580716805670809
leaf_count=21138 46264 658 193 620 187 15962 3686 25860 2655 243603 9179 43141 8241 10732 106228 436622 1785 111435 18665 9322 121532 3841 469 4329 265 544 6916 708 13826 6382
internal_value=8.54065e-05 -1.58204e-05 -0.00414152 -0.0265934 0.0013244 0.0122286 0.00547245 -0.011424 -0.00147073 -0.00748881 0.00383853 0.00994261 -0.00989045 -0.00921705 0.0288722 0.000297833 -0.00731581 -0.0157789 0.00140182 -0.000417314 0.00796058 0.0277862 -0.00675383 0 -0.0645115 -0.0814794 0.0398329 -0.0170771 0.0590795 0.0602224
internal_weight=7911.5 7897.52 1963.15 197.571 5934.38 492.51 438.304 252.036 1765.58 840.71 924.866 639.376 807.085 285.49 186.268 5441.87 667.233 543.505 4774.64 3722.46 1052.17 123.728 136.343 122.866 61.2279 39.9688 33.6245 21.2591 54.2062 53.6321
internal_count=1274988 1228724 332253 7128 896471 172131 151736 41822 325125 259418 65707 52320 251844 13387 109914 724340 138199 113220 586141 445944 140197 24979 4991 4798 2137 1164 7574 973 20395 20208
is_linear=0
shrinkage=0.08


Tree=137
num_leaves=31
num_cat=0
split_feature=3 1 0 4 1 1 1 2 5 2 0 1 0 4 1 0 0 3 5 4 0 1 2 3 2 0 3 1 2 2
split_gain=10.2474 29.0644 19.0866 53.062 47.4656 34.5912 22.8512 21.2983 18.1368 16.4499 25.0916 14.7421 35.9961 25.5708 16.5476 38.2365 13.0528 11.6915 11.5565 10.4958 38.7885 63.786 26.8087 29 23.2041 46.5721 32.2725 22.7584 22.1943 17.9916
threshold=0.65419578552246105 0.51649147272109996 0.62563130259513866 5.5000000000000009 0.78629976511001598 0.72834226489067089 0.55612829327583324 0.54261502623558056 0.56303486227989208 0.63211598992347728 0.55848154425621044 0.62258651852607738 0.54261502623558056 7.5000000000000009 0.47673159837722784 0.51887464523315441 0.43288289010524755 0.60495716333389293 1.0000000180025095e-35 5.5000000000000009 0.6569296419620515 0.74133810400962841 0.88036698102951061 0.91458967328071605 0.84262126684188854 0.91545844078063976 0.92637759447097789 0.99565216898918163 0.51471862196922313 0.81284341216087352
decision_type=2 2 2 2 2 2 2 2 2 2 2 2 2 2 2 2 2 2 2 2 2 2 2 2 2 2 2 2 2 2
left_child=2 16 7 4 6 17 -4 11 -8 -9 -11 14 13 -13 15 -1 -2 -5 -16 20 21 -3 23 28 25 -22 -26 -24 -21 -23
right_child=1 19 3 5 -6 -7 8 9 -10 10 -12 12 -14 -15 18 -17 -18 -19 -20 22 24 29 27 -25 26 -27 -28 -29 -30 -31
leaf_value=-0.013044975343295871 -0.011504140416440115 0.0003334992401665433 0.0028206866422277859 -0.014301291640706197 0.025200892045320892 -0.070878442270526837 -0.068321434258425212 0.028407547197080427 -0.17290254538956204 0.024648999542431872 -0.054151358370992969 0.098299996514801674 -0.057018652351043135 -0.044153011720817259 0.0063700116446575731 0.055396798660956127 0.03969215276639923 0.047496943532033882 -0.036785080183572759 -0.037743142252100875 -0.0080599549740535768 0.064699923790281041 0.026311362704102649 0.0083573805465747483 0.024468503113039924 0.051657916045619104 -0.0017006470903755966 -0.063180065275534464 -0.0056000136770496733 0
leaf_weight=337.23783686995739 31.094632226675458 348.94554803603387 12.166873253765514 18.643297482049093 26.359690661352943 20.145037756628881 67.400515019427985 207.97118132457399 18.614254957035882 50.152307687218126 42.044237934147532 31.678096930219908 15.505033805791752 5.4677263813791788 39.898725684266537 56.428842260196689 169.92128546503227 75.100696656496439 204.88493578394264 153.13383867841912 1994.8181899558986 187.51149271099712 17.494808660572744 1011.9735018130887 479.01511176491476 81.729381167657266 771.93878913546359 76.734013176770532 1274.8277763409133 31.86424887834437
leaf_count=233577 11516 38245 1880 2967 1056 2085 9119 42286 920 4653 3320 1679 3307 1434 4774 18579 35118 8012 113419 41495 126589 9095 1073 97926 81978 23430 256054 4997 86482 7864
internal_value=5.63857e-05 0.00132161 -0.00661433 -0.0267288 -0.0619938 0.0114743 -0.0870412 -0.00150574 -0.100967 0.015932 -0.0105771 -0.00936939 0.0286918 0.0707846 -0.0129554 -0.00226135 0.0309091 0.0334847 -0.0291237 0.000348479 0.00297651 0.0221991 -0.00362654 -0.00189628 -0.000286979 -0.00551426 0.00825016 -0.0444638 -0.00927835 0.0554835
internal_weight=7860.7 6631 1229.7 238.43 124.541 113.889 98.1816 991.269 86.0148 300.168 92.1965 691.101 52.6509 37.1458 638.45 393.667 201.016 93.744 244.784 6429.99 3895.82 568.321 2534.16 2439.94 3327.5 2076.55 1250.95 94.2288 1427.96 219.376
internal_count=1274929 821862 453067 26039 12975 13064 11919 427028 10039 50259 7973 376769 6420 3113 370349 252156 46634 10979 118193 775228 543255 55204 231973 225903 488051 150019 338032 6070 127977 16959
is_linear=0
shrinkage=0.08


Tree=138
num_leaves=31
num_cat=0
split_feature=9 6 5 6 5 3 6 5 2 0 5 6 6 3 2 0 0 0 2 2 0 0 2 0 0 2 0 4 0 5
split_gain=9.32434 23.1674 12.5479 21.9207 16.8147 19.5524 13.6777 27.7069 10.7144 13.8207 9.68905 23.6146 11.1772 8.63776 13.8608 26.1543 20.9127 12.3772 26.7854 19.2259 12.3134 11.6326 10.6555 10.2901 8.69499 7.89995 13.7392 7.61203 6.34278 6.24705
threshold=1.0000000180025095e-35 0.95896023511886608 0.88019138574600231 0.94553062319755565 0.90335035324096691 0.71535181999206554 0.95896023511886608 0.95463898777961742 0.63211598992347728 0.53694942593574535 0.48497743904590612 0.51295477151870739 0.81844761967659008 0.7577352523803712 0.64051282405853283 0.70064935088157665 0.62563130259513866 0.59611794352531444 0.53178024291992199 0.6911335587501527 0.68783602118492138 0.46841755509376531 0.77836257219314586 0.75513628125190746 0.28718703985214239 0.84877073764801036 0.71892556548118602 1.5000000000000002 0.64899963140487682 0.94136744737625133
decision_type=2 2 2 2 2 2 2 2 2 2 2 2 2 2 2 2 2 2 2 2 2 2 2 2 2 2 2 2 2 2
left_child=1 13 3 8 28 6 29 -8 10 -10 11 -2 -12 17 15 -15 -16 18 24 20 -19 -20 -18 -21 -1 26 -7 -11 -4 -6
right_child=2 -3 4 -5 5 25 7 -9 9 27 12 -13 -14 14 16 -17 22 19 21 23 -22 -23 -24 -25 -26 -27 -28 -29 -30 -31
leaf_value=0.022369585552401202 -0.010529554116499459 0.048494351393636642 0 0.032005967569457609 -0.025605096846510335 0.015886548122902969 -0.15112783655713494 -0.014562002462898713 0.06161208118239616 -0.008492958859395024 -0.026595057351424378 0.026464225059203633 0.00055764885511638666 0.004251045182781135 0.059187369593632265 0.045104512668510365 -0.0073716993419679347 -0.011886808342380723 0.083444717099190435 0.01462644343815315 -0.042235989342693674 0.018513859864856826 0.0045343629603484944 -0.01501368106316202 -0.011967073785571599 0.014691306561860115 -0.017946455124162972 0.0033677063979066215 -0.044869610799406705 0.029494690600588402
leaf_weight=46.531311679718783 504.03722740166995 63.111177104736271 22.840645951437182 117.71327538171317 32.236772289106739 104.96460547483002 12.744631715220747 29.957242773263715 18.913661100537865 458.12880571362621 297.43339383257262 135.14045562114916 125.88563030330988 375.81990224361653 33.964122790006513 138.11550975464343 769.93525846907869 364.09381403886073 17.176116933194862 219.44392213330138 122.27441174691194 228.91779952174693 1263.6466649117792 103.99159099876124 373.62703536984191 155.07151306419473 231.55520671341219 1356.7997175216515 116.04481962795398 14.085705000004962
leaf_count=11331 258196 56755 2059 36939 1987 11775 2058 7243 1178 56790 16648 4661 10243 32186 1351 14908 46302 41403 1924 12566 10113 35697 190729 3862 199641 73098 31939 82816 17339 1248
internal_value=-0.000444326 0.00215471 -0.00335467 -0.00102275 -0.012828 -0.00636593 -0.0397905 -0.0702437 -0.0024731 0.00115626 -0.00886323 -0.00231493 -0.0182346 0.00133576 0.00415241 0.0158672 0.00113199 -0.00347967 0.00441396 -0.0101576 -0.0201944 0.0252543 0 0.00452585 -0.00756971 0 -0.00684695 0.000270784 -0.0375708 -0.00449168
internal_weight=7854.2 4120.65 3733.55 3014.05 719.501 580.616 89.0244 42.7019 2896.34 1833.84 1062.5 639.178 423.319 4057.54 2581.48 513.935 2067.55 1476.06 666.252 809.804 486.368 246.094 2033.58 323.436 420.158 491.591 336.52 1814.93 138.885 46.3225
internal_count=1274985 658768 616217 467471 148746 129348 12536 9301 430532 140784 289748 262857 26891 602013 285476 47094 238382 316537 248593 67944 51516 37621 237031 16428 210972 116812 43714 139606 19398 3235
is_linear=0
shrinkage=0.08


Tree=139
num_leaves=31
num_cat=0
split_feature=2 5 0 2 3 1 0 4 0 1 4 5 0 3 3 0 5 2 0 0 1 5 1 4 5 5 1 0 5 3
split_gain=9.40088 14.9369 9.91366 7.20158 7.89524 16.3892 11.4564 20.2366 11.4508 10.9532 9.99248 12.8093 7.53905 5.39234 4.81027 4.78221 10.2055 7.06346 4.44994 2.94863 2.64754 2.39975 2.35859 1.747 1.5599 0.78739 0.571101 0.469005 1.02868 0.44691
threshold=0.95861870050430309 0.572099268436432 0.91922956705093395 0.19433516263961795 0.65419578552246105 0.54201978445053112 0.68457102775573742 5.5000000000000009 0.41955395042896276 0.74133810400962841 16.500000000000004 0.69056183099746715 0.51191151142120372 0.91331186890602123 0.93127068877220165 0.33520600199699407 0.54244148731231701 0.45923791825771337 0.99565216898918163 0.75123763084411632 0.55898165702819835 0.27964508533477789 0.98484501242637645 32.500000000000007 0.31890305876731878 0.34726379811763769 0.49731183052062994 0.6106402873992921 0.46920476853847509 0.99462366104125988
decision_type=2 2 2 2 2 2 2 2 2 2 2 2 2 2 2 2 2 2 2 2 2 2 2 2 2 2 2 2 2 2
left_child=3 2 19 23 6 8 15 20 24 -9 12 -12 -7 -10 -4 16 -5 -17 25 27 -8 -20 29 26 -6 -16 -1 28 -2 -3
right_child=1 22 14 4 5 10 7 9 13 -11 11 -13 -14 -15 18 17 -18 -19 21 -21 -22 -23 -24 -25 -26 -27 -28 -29 -30 -31
leaf_value=0.043921476580190286 0.038286509724566001 0.012653905574975295 -0.04774913651524984 -0.0076749231103135475 0 0.020538548449467387 0 0.030171553202839145 0.029965072992175427 -0.057957148067146767 -0.031437260836004628 0.013971648618278359 6.5647310842668828e-05 -0.0094515234279735506 0.027256728685374043 -0.015562471922701717 0.043871051631061586 -0.001252058973255887 0.0033055346203403435 0.065500827058031397 -0.097718077922160224 -0.016859166726589062 0.0596459492279479 0 -0.032850642068199307 0 0 0 0 -0.01397141106918141
leaf_weight=26.246564431996383 1.9284943921156839 5.5989204572069857 8.8161966243278567 51.076376404998882 9.2920197628918704 112.83354747619887 1.038748882390794 23.001174277618706 216.0809866682248 8.2807086068496556 130.86262464541505 47.191428319609258 5803.7276725251504 15.803029942762803 32.360036299040075 331.89478443872213 34.910510691363015 727.11695618791418 54.736897798473365 15.01389210612251 20.711512526017032 67.274581579986261 41.89567238964446 2.3390793779253718 19.228169369125681 19.449004182970384 0.49528283812105556 14.232756349934787 0.92292630647716567 0.9585450644881347
leaf_count=7305 214 15226 1139 27247 2178 18078 107 2018 43264 648 22560 10243 532497 5059 3246 229800 5778 177319 5105 3068 1941 12920 127831 466 7237 6163 249 2745 227 3268
internal_value=0.000362517 0.0150883 0.00472609 -0.000137155 -0.000323507 0.000778541 -0.00628132 -0.0413148 0.0202409 0 -4.27062e-05 -0.0184751 0.000500114 0.0264606 -0.00205042 -0.00434699 0.012755 -0.00593938 0.000642978 0.0426766 -0.092437 -0.00677913 0.0532804 0.0365151 -0.0219586 0.0199969 0.0422356 0.00508483 0.0213314 0
internal_weight=7845.32 263.188 214.735 7582.13 7553.05 6355.02 1198.03 53.0321 260.404 31.2819 6094.62 178.054 5916.56 231.884 182.637 1145 85.9869 1059.01 173.821 32.0981 21.7503 122.011 48.4531 29.0809 28.5202 51.809 26.7418 17.0842 2.85142 6.55747
internal_count=1275146 181152 34827 1093994 1085974 641116 444858 4714 57738 2666 583378 32803 550575 48323 28573 440144 33025 407119 27434 6254 2048 18025 146325 8020 9415 9409 7554 3186 441 18494
is_linear=0
shrinkage=0.08


Tree=140
num_leaves=31
num_cat=0
split_feature=9 6 5 6 1 5 6 2 1 5 6 1 4 2 2 3 1 3 1 3 1 2 1 4 3 1 4 6 4 6
split_gain=10.5582 19.2045 9.03991 16.1395 14.6471 12.5765 12.6846 12.0755 22.4785 18.9265 21.2764 17.8623 11.0773 10.8375 9.03199 29.2706 11.0903 8.69121 15.9986 6.34543 15.1297 11.4315 14.9411 19.2791 10.9929 10.4344 25.2172 11.2638 7.41421 6.76741
threshold=1.0000000180025095e-35 0.9656645953655244 0.8611605465412141 0.88251724839210521 0.70438539981842052 0.93156540393829357 0.93762966990470897 0.65733855962753307 0.70438539981842052 0.49358868598937994 0.51295477151870739 0.48313754796981817 2.5000000000000004 0.72812235355377208 0.70396453142166149 0.7454303801059724 0.87570226192474376 0.81016731262207042 0.74133810400962841 0.78629976511001598 0.70659971237182628 0.7320508360862733 0.78910306096076976 3.5000000000000004 0.9634092152118684 0.49731183052062994 11.500000000000002 0.44923661649227148 2.5000000000000004 0.35464486479759222
decision_type=2 2 2 2 2 2 2 2 2 2 2 2 2 2 2 2 2 2 2 2 2 2 2 2 2 2 2 2 2 2
left_child=1 19 3 7 -5 -4 -7 9 12 10 -2 -11 -9 -10 15 -6 -16 18 -8 21 24 25 23 -23 29 27 -27 -1 -24 -21
right_child=2 -3 5 4 14 6 17 8 13 11 -12 -13 -14 -15 16 -17 -18 -19 -20 20 -22 22 28 -25 -26 26 -28 -29 -30 -31
leaf_value=-0.015822888214659995 -0.0092269547616746841 0.055698464794237956 -0.019109839250085251 0.044054669361164922 -0.11682354751793918 0.037564572565966653 0.0069948598506324048 0 -0.01476946790228092 0.0055660434949821192 0.023321431992855687 -0.033701592375556061 0.052213010610333538 0.0024270434768728635 0.033534239953038787 0.0080659565702338159 0 0.0044143187593351039 -0.047772335652097722 0.0052409649003318228 0.0027526630433722305 0 0.015732501316641737 0.065341993267196502 -0.041928636682683991 -0.0040468413949139373 -0.043700248556732053 0.018716836213734541 -0.011810286908863566 0.04117070160665412
leaf_weight=75.912990760814864 576.19031319270289 38.489974773183349 470.39534741932584 78.802940306981327 10.659194760082753 46.266531229834072 55.94290045624075 40.536678833697806 299.65802430654003 88.695062713435618 159.08795095425739 288.43938727313071 73.796441156664514 983.69204528969567 90.809165027276322 41.396151134460524 157.81247641100344 199.58610148146181 65.063273341300373 61.923068964257254 2094.9881445036226 61.025548026897013 102.10148335907434 56.728831438755151 8.2656170494592498 1032.9530567377806 111.20294813840883 204.53450176841579 145.1411228312063 126.99353086017072
leaf_count=134908 266998 45951 63656 12406 693 5328 10186 2333 13434 6446 5372 12773 4117 67692 10064 3954 45241 76319 8476 3212 250489 2852 8727 2751 1300 135186 32320 17497 5359 18138
internal_value=-9.82301e-05 0.00267002 -0.00320107 -0.00101197 0.0141758 -0.0105154 0.000183173 -0.00339532 0.00145732 -0.00961481 -0.00185856 -0.0240959 0.034728 -0.00150583 0.00522909 -0.0226996 0.0120398 -0.00521416 -0.02191 0.00206329 0.00486222 -0.00143606 0.0109726 0.0337916 0.0258618 -0.00475445 -0.00821344 0.00869353 0 0.0306575
internal_weight=7847.09 4120.26 3726.83 2889.58 379.48 837.254 366.859 2510.1 1397.68 1112.41 735.278 377.134 114.333 1283.35 300.677 52.0553 248.622 320.592 121.006 4081.77 2292.17 1789.6 364.997 117.754 197.182 1424.6 1144.16 280.447 247.243 188.917
internal_count=1274178 658690 615488 451523 72358 163965 100309 379165 87576 291589 272370 19219 6450 81126 59952 4647 55305 94981 18662 612739 273139 339600 19689 5603 22650 319911 167506 152405 14086 21350
is_linear=0
shrinkage=0.08


Tree=141
num_leaves=31
num_cat=0
split_feature=5 2 0 0 3 8 5 0 5 2 2 3 5 2 3 5 0 2 3 2 3 2 5 3 4 0 5 2 3 0
split_gain=6.6649 6.43698 25.4714 17.9453 18.0208 11.4379 20.4374 28.8793 19.4851 10.3367 9.2397 6.86271 6.76045 19.5442 15.1041 6.04525 5.8099 19.0138 17.9422 5.60528 4.98655 5.86525 4.93367 3.77614 3.29624 3.0977 3.94947 2.7214 2.8193 1.89754
threshold=0.99805447459220897 0.52689418196678173 0.54085850715637218 0.6820855736732484 0.71330726146698009 1.0000000180025095e-35 0.87577831745147716 0.49731183052062994 0.5867464840412141 0.50287356972694408 0.60495716333389293 0.45222154259681707 0.501101315021515 0.9833287000656129 0.96459901332855236 0.59413114190101635 0.79277813434600841 0.72255688905715953 0.83935481309890758 0.45512083172798162 0.68801230192184459 0.54085850715637218 0.29736660420894628 0.82426470518112194 1.0000000180025095e-35 0.52704679965972911 0.87815481424331676 0.44920890033245092 0.64899963140487682 0.45512083172798162
decision_type=2 2 2 2 2 2 2 2 2 2 2 2 2 2 2 2 2 2 2 2 2 2 2 2 2 2 2 2 2 2
left_child=1 3 10 5 27 8 11 -8 29 24 20 -7 16 14 -14 -15 17 -4 -18 -10 21 -3 -22 -11 -6 26 -12 -5 -29 -1
right_child=-2 2 12 4 9 6 7 -9 19 23 25 -13 13 15 -16 -17 18 -19 -20 -21 22 -23 -24 -25 -26 -27 -28 28 -30 -31
leaf_value=-0.043517278060173234 0.048865842600977115 0.020732842278494045 0 0 0 0.025727492025085785 0.014255959025172116 -0.10609942784068625 0.014370516500785359 -0.030736427391442913 0.066523556632794689 -0.0011769940094744308 -0.0063714998072447815 0 0.0067597538303491283 0.059899112298831297 -0.020207802740186728 0.016406210221922742 0.0037823365426701543 -0.013258561054471475 0.05729983297164707 -0.023040425581590831 0.0017211258774158464 0.019888589463556903 0.054079750888938322 0.0080888770913488221 0 0 -0.06673397441217456 -0.022909155887987729
leaf_weight=102.74723183124297 12.902111409322968 32.021949940273771 1387.0712158447132 4.7580905930808539 7.5089629483991294 61.2253713120881 17.879538620909443 22.82786679903802 97.639959921361879 13.741289843790584 52.611213754418714 652.5908326903882 2432.9036175049441 17.359393530008674 713.08949713602487 36.192842196134734 256.62210600358958 661.17559525824618 817.32457281667303 79.652205570455408 19.647154783466249 35.736357680507354 29.152847332079546 11.871326645596126 74.692415422570775 19.206077403243398 7.3646407572232411 2.0084861900322712 11.266996508355076 155.35499137493753
leaf_count=166133 46455 10327 144435 433 1210 12712 4465 4897 1974 983 3936 86787 215795 11306 131171 116495 9001 25928 59342 1060 834 10851 5037 1956 10365 1480 1117 356 1088 187253
internal_value=0.000108576 0 0.00102846 -0.00509588 0.0227432 -0.00825693 -0.002023 -0.0539595 -0.0185512 0.0359783 0.0290869 0.00107097 0.000112093 -0.00244386 -0.00333831 0.0431671 0.00278225 0.00529753 -0.00186895 0.00105667 0.0120111 -0.000151361 0.0303171 -0.00262942 0.0493037 0.0501161 0.059454 -0.0400703 -0.054559 -0.0323922
internal_weight=7846.15 7833.24 6517.48 1315.77 125.848 1189.92 754.524 40.7074 435.394 107.814 195.74 713.816 6321.74 3199.55 3145.99 53.5522 3122.19 2048.25 1073.95 177.292 116.558 67.7583 48.8 25.6126 82.2014 79.1819 59.9759 18.0336 13.2755 258.102
internal_count=1275182 1228727 747055 481672 16391 465281 108861 9362 356420 14514 33582 99499 713473 474767 346966 127801 238706 170363 68343 3034 27049 21178 5871 2939 11575 6533 5053 1877 1444 353386
is_linear=0
shrinkage=0.08


Tree=142
num_leaves=25
num_cat=0
split_feature=2 5 5 6 8 8 1 0 0 5 2 1 1 6 5 1 8 5 3 3 6 3 3 3
split_gain=7.0785 6.84124 6.46389 48.9351 15.2073 11.854 10.2925 15.1964 14.4204 9.58379 18.9567 12.0379 6.86577 5.67226 2.77839 2.4257 2.11438 1.48106 1.1837 1.03422 0.72561 0.057256 0.0392868 0.05273
threshold=0.2152509689331055 0.99163165688514721 0.29280610382556921 0.35827113687992101 0.75000000000000011 0.75000000000000011 0.79772728681564342 0.78456193208694469 0.628892481327057 0.33260554075241094 0.54923510551452648 0.5388936996459962 0.90353596210479747 0.29011589288711553 0.43645593523979193 0.53178024291992199 1.0000000180025095e-35 0.37688747048377996 0.26201373338699346 0.44562648236751562 0.42471814155578619 0.69504830241203319 0.4220647811889649 0.3364779949188233
decision_type=2 2 2 2 2 2 2 2 2 2 2 2 2 2 2 2 2 2 2 2 2 2 2 2
left_child=15 2 4 5 6 14 8 -8 -2 10 -5 -11 13 -6 -4 16 21 -7 -18 -3 -14 22 23 -1
right_child=1 19 3 9 12 17 7 -9 -10 11 -12 -13 20 -15 -16 -17 18 -19 -20 -21 -22 -23 -24 -25
leaf_value=0.0039827420868165367 0.0063299639561727071 0 -0.0583214313962288 -0.027059004882563902 0.0059280243279026916 -0.015050913157815253 0.017581681275971987 -0.0014115890741423697 -0.012905535971183317 0.0096970459321988108 0.038214072750431774 -0.0020834604230762464 0 0.073865057663320313 0 -0.0059653387611867392 0 0.01030457832308608 0.057606463224844758 0.051125574415729569 -0.027810604023121958 0 0.010433355525176213 -0.0030425936817632488
leaf_weight=11.139676433478604 477.43230063753435 0.23075961942959011 117.10175294507644 32.128862466212013 18.450841363635845 48.621553724631667 521.89711106756295 521.58394435697119 499.55292967210698 621.7112058182247 99.822739331437333 4737.4189911820613 7.1706013365183008 30.401723115122877 1.5390492552323838 1.8284871176219883 3.8837520849119782 8.6514440568862465 19.64718539029127 14.26807280469802 1.601340247725602 0.4249330275633828 3.7194245432692687 3.7995265673671375
leaf_count=2529 71361 744 217695 24245 423 2427 8294 23507 11963 191230 9981 649541 160 1010 3000 515 1202 469 5361 46392 762 177 1149 950
internal_value=0.000236219 2.32985e-05 -7.51807e-05 -0.00149499 0.00371414 -0.0424356 0.00242051 0.00797384 -0.00335824 -0.000116876 0.0207448 -0.000679214 0.0427025 0.0541101 -0.056703 0.0304135 0.0357973 -0.00813163 0.0510025 0.0473649 -0.00579046 0.00370882 0.00543056 0
internal_weight=7804.03 7759.59 7745.09 5667 2078.09 175.914 2020.47 1043.48 976.985 5491.08 131.952 5359.13 57.6245 48.8526 118.641 44.443 42.6145 57.273 23.5309 14.4988 8.77194 19.0836 18.6586 14.9392
internal_count=1275087 1263204 1216068 1098588 117480 223591 115125 31801 83324 874997 34226 840771 2355 1433 220695 11883 11368 2896 6563 47136 922 4805 4628 3479
is_linear=0
shrinkage=0.08


Tree=143
num_leaves=31
num_cat=0
split_feature=4 7 6 8 6 1 4 0 4 0 1 0 1 6 1 0 0 0 2 6 8 6 1 1 4 2 1 4 2 8
split_gain=8.65258 7.33106 5.97313 5.95665 34.659 19.5699 15.3474 45.0706 9.62417 18.0328 13.0439 10.1848 12.6179 9.35231 9.04907 7.27085 4.03808 3.95913 5.4507 2.48806 2.22247 1.52826 1.49236 1.33554 1.16912 1.16393 0.553079 0.985011 0.846318 0.529731
threshold=21.500000000000004 1.0000000180025095e-35 0.81173768639564525 1.0000000180025095e-35 0.4226078093051911 0.80217391252517711 1.5000000000000002 0.64630925655365001 1.5000000000000002 0.5604878067970277 0.54950982332229625 0.88478556275367748 0.68614074587821972 0.51295477151870739 0.98610842227935802 0.8019607961177827 0.86295148730278026 0.16843971610069278 0.46780878305435186 0.92693394422531139 0.75000000000000011 0.36745725572109228 0.54446640610694896 0.36032786965370184 26.500000000000004 0.44315245747566229 0.7320508360862733 22.500000000000004 0.47690120339393621 0.75000000000000011
decision_type=2 2 2 2 2 2 2 2 2 2 2 2 2 2 2 2 2 2 2 2 2 2 2 2 2 2 2 2 2 2
left_child=1 3 17 4 5 16 7 -6 9 10 -5 12 -10 -13 -8 -11 -1 29 20 -4 25 -7 -21 -22 -24 -19 27 -20 -28 -2
right_child=2 -3 19 8 6 21 14 -9 11 15 -12 13 -14 -15 -16 -17 -18 18 26 22 23 -23 24 -25 -26 -27 28 -29 -30 -31
leaf_value=-0.057303549453687132 0.021216486349129673 0.047466600249266425 0.033052349900937965 0.0022255572833257383 0.037095683184099081 -0.012853663048733808 0.0058632826288953777 -0.021889168769003896 0.0059670955639196726 0.011262709511958031 0.068527045954991567 0.00012234032863583146 -0.0045464821901535805 0.03454825816486283 -0.0046332853178333543 -0.002721244346107844 0.0033666513070480532 -0.06277420409627131 0.032285786802171965 0.0070935125446922997 0.010447915568493782 0.0076983500805816564 -0.043513152472903362 -0.02577325231887205 0 0 0.00040190097306380424 0 -0.020530956365117422 0
leaf_weight=114.39805381128099 4.2770338662667191 16.059678682056983 10.617452609629256 37.965515503805364 93.354343952218187 39.650911798948073 1646.5132985255768 488.51982064577169 1074.4857356944631 547.06306673491781 48.793784015957499 119.57135287753772 2225.7693451376108 96.578879290111217 750.91871489951154 388.99645991832222 1.6737227902049188 38.578984359410242 2.2808090554099207 2.6255780670398945 5.1971615211223234 37.196820476194262 4.3762815968439099 6.2411271025775932 1.6774317269009769 3.3488653991444144 1.542011342862678 5.0803985714446753 13.195687812440154 1.332988718873821
leaf_count=382936 457 30060 1194 7471 8580 14604 86205 24836 141807 51153 4289 6515 190508 84674 14319 181096 126 23044 625 2251 285 9150 2333 320 1567 1548 95 1504 1244 77
internal_value=0 0.000303801 -0.0227763 0.000154153 -0.00248074 -0.0349058 -0.000272531 -0.0119177 0.00203145 0.00884155 0.0429597 0 -0.00107125 0.0166611 0.00250617 0.00529782 -0.0550043 -0.0324523 -0.0378379 0.00960399 -0.0507097 -0.00108839 -0.00898058 -0.0014102 -0.0304821 -0.0591663 0 0.0101967 -0.0106874 0.00860525
internal_weight=7827.88 7727.51 100.372 7711.45 3172.23 192.92 2979.31 581.874 4539.22 1022.82 86.7593 3516.41 3300.26 216.15 2397.43 936.06 116.072 81.0751 75.465 19.2967 53.3661 76.8477 8.67929 11.4383 6.05371 41.9278 22.0989 7.36121 14.7377 5.61002
internal_count=1274873 1238329 36544 1208269 540756 406816 133940 33416 667513 244009 11760 423504 332315 91189 100524 232249 383062 29199 28665 7345 25197 23754 6151 605 3900 24592 3468 2129 1339 534
is_linear=0
shrinkage=0.08


Tree=144
num_leaves=31
num_cat=0
split_feature=0 6 3 0 0 2 0 4 0 4 2 2 2 4 6 2 3 3 2 6 4 4 3 9 6 6 3 2 6 4
split_gain=7.63297 17.2241 6.10489 16.7918 8.46344 10.7991 14.9415 10.8423 7.92582 22.9006 20.9577 12.7197 11.3812 8.29762 8.19387 8.31397 6.62385 6.8288 6.01004 5.77556 6.06835 5.07907 8.12211 3.0187 11.0603 3.10786 2.55126 1.81911 2.09451 2.12912
threshold=0.95275297760963451 0.63202878832817089 0.68457102775573742 0.74682730436325084 0.33520600199699407 0.56980520486831676 0.48808848857879644 8.5000000000000018 0.60495716333389293 17.500000000000004 0.46780878305435186 0.6832355558872224 0.8019607961177827 2.5000000000000004 0.90872874855995189 0.51000401377677929 0.68801230192184459 0.97100839018821727 0.60495716333389293 0.70782846212387096 9.5000000000000018 5.5000000000000009 0.80217391252517711 1.0000000180025095e-35 0.22287581861019137 0.26878215372562414 0.61451050639152538 0.8019607961177827 0.34500262141227728 6.5000000000000009
decision_type=2 2 2 2 2 2 2 2 2 2 2 2 2 2 2 2 2 2 2 2 2 2 2 2 2 2 2 2 2 2
left_child=2 23 3 4 19 7 -7 -6 9 11 21 13 -13 -4 15 -11 18 -18 -12 20 -1 -10 -23 25 -25 -2 -21 28 -5 -30
right_child=1 -3 8 27 5 6 -8 -9 10 14 16 12 -14 -15 -16 -17 17 -19 -20 26 -22 22 -24 24 -26 -27 -28 -29 29 -31
leaf_value=-0.022798647550967211 -0.0043984263045027065 0.05311860202656471 0.035977297838696069 0 -0.0045878403911163079 0.05538424199522108 -0.00013525942237448612 -0.024538819784692984 0.04824368087910369 -0.04675020194525227 -0.012894827418165443 0.067869831023778179 -0.0025062137111354328 0.0063151896836259993 0.025755515761896365 0 -0.0025975049291980979 0.004701395099645035 0.047456918929308672 0.053366062709034809 0.019572757877951874 -0.0385334965651941 0.032060974615453486 0.013468566679713538 -0.043470195013510876 0.019205711744174611 0 0 -0.11572430710819193 -0.006917080326025735
leaf_weight=26.540451593093167 42.176668401341885 51.166201226511475 69.77984298717638 3.0940523419267274 579.97738421431859 27.345194415567676 630.72550133173354 264.94380809456925 64.806601753283758 67.093517650508147 7.5695455166132879 45.129357772151707 14.349855857020883 479.85739734525851 11.847233491935183 32.631724474573275 4093.8174262838002 1010.2192375217091 28.714374699993641 25.150153978975144 56.819294162218284 10.583893956376413 23.687204609690525 44.907532690558583 31.289101007336285 82.460102564378758 1.3380514407763247 0.9784523202688441 6.9262286407611082 5.8716661406360799
leaf_count=12439 4599 147815 5624 226 239918 3019 67271 159314 7938 17502 1005 1939 2149 68907 4045 3029 334843 145840 2063 9544 18652 1696 3364 4243 1615 4051 974 31 375 315
internal_value=0.000246379 0.0138148 -0.000191855 -0.00454048 -0.00348108 -0.00514755 0.00233071 -0.0111397 0.000973208 0.00881115 -8.17803e-05 0.0150885 0.0495319 0.0106598 -0.0232642 -0.0315671 -0.000831018 -0.00111836 0.0309539 0.0171586 0.00374486 0.0354251 0.00405483 0.00197693 -0.00917909 0.0101224 0.0469933 -0.0745546 -0.0798496 -0.090761
internal_weight=7841.8 252 7589.8 1629.71 1612.84 1502.99 658.071 844.921 5960.09 720.689 5239.4 609.116 59.4792 549.637 111.572 99.7252 5140.32 5104.04 36.2839 109.848 83.3597 99.0777 34.2711 200.833 76.1966 124.637 26.4882 16.8704 15.8919 12.7979
internal_count=1274345 162323 1112022 512078 511131 469522 70290 399232 599944 103195 496749 78619 4088 74531 24576 20531 483751 480683 3068 41609 31091 12998 5060 14508 5858 8650 10518 947 916 690
is_linear=0
shrinkage=0.08


Tree=145
num_leaves=26
num_cat=0
split_feature=5 4 7 3 2 3 2 2 5 3 5 2 6 2 3 3 3 2 3 2 3 6 6 3 3
split_gain=8.45039 7.24819 5.46921 4.66328 16.4896 13.9075 12.4556 12.2961 11.2068 10.1349 3.94167 2.70736 2.47923 2.11839 1.79036 0.295399 1.18521 0.179074 0.10052 0.0709165 0.0366132 0.045964 0.0236135 0.115197 0.0165136
threshold=0.98310789465904247 25.500000000000004 1.0000000180025095e-35 0.79772728681564342 0.6911335587501527 0.74322345852851879 0.68614074587821972 0.77836257219314586 0.80903983116149913 0.97100839018821727 0.64906471967697155 0.19433516263961795 0.80123457312583934 0.60107529163360607 0.51925924420356762 0.8078865408897401 0.7577352523803712 0.46247655153274542 0.75931033492088329 0.93127068877220165 0.43951219320297247 0.99292451143264782 0.45729483664035803 0.88493064045906078 0.79205974936485302
decision_type=2 2 2 2 2 2 2 2 2 2 2 2 2 2 2 2 2 2 2 2 2 2 2 2 2
left_child=1 2 3 4 8 -6 9 -8 -1 -5 11 22 13 -13 20 16 -16 -12 -18 -4 -2 -22 23 -3 -20
right_child=14 10 19 6 5 -7 7 -9 -10 -11 17 12 -14 -15 15 -17 18 -19 24 -21 21 -23 -24 -25 -26
leaf_value=-0.0041917822144618708 0 0.012120858486400243 0.043175650365892403 0.01312187644336936 0.013699147234997187 -0.0039287783280525877 -0.008974253275557495 0.0020266450026733274 -0.021108728531457444 -0.0063609547202237368 0.011936559058442278 -0.064222655809492019 0 0 0.024015388322748535 0.046129473264640682 -0.011119678204829245 0 0.0033455594395995097 0 -0.009957413042047232 0 0 0 0
leaf_weight=2142.3250265647403 0.58290484597091452 1.046942855195087 13.628148655676339 809.55558048111561 598.15874181700201 522.25404918622371 902.40553662784805 2254.4191827680297 288.63657708260871 200.78059443140955 3.8732874620473003 23.980561682295964 1.2774463646492211 1.9720499793475017 12.500043915191783 24.841977188596502 0.26374490484886237 2.560649795937934 4.4424546656591701 1.2669343009329157 0.33024262828985229 0.21252352974261157 2.350933119727415 0.43848180165514339 2.7601673888420919
leaf_count=579108 1610 430 15936 68624 35672 27689 58327 363944 24579 16978 991 11694 378 58 6843 47853 96 407 1646 10747 68 520 206 128 797
internal_value=-0.000275206 -0.000508041 -0.000305888 -0.000434105 -0.00257794 0.00535919 0.00135548 -0.00107667 -0.00630528 0.00908028 -0.0334913 -0.0449215 -0.0528748 -0.0585128 0.0321565 0.0358812 0.010037 0.00321528 -0.000776677 0.0415044 0 -0.00650198 0 0.00482727 0
internal_weight=7816.86 7770.93 7733.43 7718.54 3551.37 1120.41 4167.16 3156.82 2430.96 1010.34 37.5004 31.0664 27.2301 25.9526 45.9341 44.8084 19.9664 6.43394 7.46637 14.8951 1.12567 0.542766 3.83636 1.48542 7.20262
internal_count=1275329 1215896 1201604 1174921 667048 63361 507873 422271 603687 85602 14292 12894 12130 11752 59433 57235 9382 1398 2539 26683 2198 588 764 558 2443
is_linear=0
shrinkage=0.08


Tree=146
num_leaves=28
num_cat=0
split_feature=0 5 4 1 6 0 8 4 0 3 8 3 0 6 1 6 8 6 4 4 0 6 4 0 5 4 6
split_gain=7.15853 5.45773 5.01246 5.47159 30.2883 25.3777 14.0809 7.09794 18.9536 11.6813 4.07721 2.67177 2.17184 3.17541 1.80312 0.86996 4.44089 3.46637 3.07372 1.02548 0.752115 0.570488 0.462932 0.255814 0.167857 0.116581 0.000415676
threshold=0.16843971610069278 0.98310789465904247 25.500000000000004 0.46247655153274542 0.46186167001724249 0.48528139293193823 0.75000000000000011 8.5000000000000018 0.48808848857879644 0.79205974936485302 0.75000000000000011 0.49295215308666235 0.58643677830696117 0.80123457312583934 0.2290398105978966 0.99799197912216198 0.75000000000000011 0.98598098754882824 4.5000000000000009 15.500000000000002 0.42163743078708654 0.22287581861019137 32.500000000000007 1.0000000180025095e-35 0.46596425771713262 2.5000000000000004 0.64888572692871105
decision_type=2 2 2 2 2 2 2 2 2 2 2 2 2 2 2 2 2 2 2 2 2 2 2 2 2 2 2
left_child=11 2 3 4 6 -6 -2 8 -5 -9 12 14 13 -4 21 16 19 25 -19 20 -3 -1 23 -23 -12 -18 -13
right_child=1 15 10 7 5 -7 -8 9 -10 -11 24 26 -14 -15 -16 -17 17 18 -20 -21 -22 22 -24 -25 -26 -27 -28
leaf_value=0 -0.040465604403356566 0 -0.059128594411854522 0.033671762486666146 0.0044995435374833807 0.053115268145490904 0.016294396380269079 -0.014226058853468089 0.00028767648721960803 0 0 -0.00067306909230215289 0 0 0 0.04715749772464313 0 0 -0.076924455859083821 0 0.038425591670342971 0 0 0.068866171650420499 0.01296773100790769 0.011315931838202257 0
leaf_weight=0.25577596353832888 87.908272595086601 0.23865824402310565 21.246700080184389 106.32091046118148 203.88199951041315 106.47521985553612 32.033522627432831 566.70766509398527 5517.4780911008347 1066.7481093033566 3.2177959129621732 0.87239407654851564 3.1507937124551963 2.2663548827986224 1.1589303795626609 11.760588639335763 1.5340025704208544 2.0822404444079439 3.0339057354358374 0.91252144100144406 20.186274596300791 0.37101882821297749 0.98534235668194092 12.560937459369597 4.0905656330432976 3.8805953607734409 0.34346147339965682
leaf_count=42 208416 31 11731 37071 19518 12491 2698 127031 722136 69046 218 126 155 176 301 46590 1890 3092 1543 95 3761 66 121 3169 1274 1809 601
internal_value=0.000324148 0.00017557 0 0.000152286 0.0088784 0.0222634 -0.0239804 -0.00034883 0.000976595 -0.00499882 -0.0286106 0.0464008 -0.0426292 -0.0500555 0.0558819 0.0268926 0.00969312 -0.0197762 -0.052486 0.0313055 0.0356839 0.0625574 0.064493 0.0674768 0.00607602 0.00612764 0
internal_weight=7781.7 7765.15 7721.53 7687.55 430.299 310.357 119.942 7257.25 5623.8 1633.46 33.9722 16.5479 26.6638 23.5131 15.332 43.6288 31.8682 10.5307 5.11615 21.3375 20.4249 14.1731 13.9173 12.932 7.30836 5.4146 1.21586
internal_count=1275198 1270772 1211961 1198407 243123 32009 211114 955284 759207 196077 13554 4426 12062 11907 3699 58811 12221 8334 4635 3887 3792 3398 3356 3235 1492 3699 727
is_linear=0
shrinkage=0.08


Tree=147
num_leaves=31
num_cat=0
split_feature=2 0 1 0 1 2 1 0 3 1 2 1 0 3 3 4 3 3 6 6 1 2 0 3 1 6 3 1 4 6
split_gain=9.38335 30.5833 27.4118 19.1983 85.7996 84.2635 92.0293 18.5341 16.1409 27.0887 15.5304 38.9107 34.5145 94.2455 34.2866 18.305 14.6903 29.5744 21.9092 13.2647 10.254 10.2297 11.2994 9.9149 8.19213 7.68455 7.66137 5.74223 5.04893 4.73991
threshold=0.84262126684188854 0.88989898562431347 0.85857143998146068 0.83414238691329967 0.84273937344551098 0.71010184288024913 0.94185259938240062 0.84660634398460399 0.81016731262207042 0.89009663462638866 0.77459675073623668 0.82426470518112194 0.77629500627517711 0.8216732144355775 0.75931033492088329 1.5000000000000002 0.91715687513351452 0.96459901332855236 0.59384471178054821 0.39036004245281225 0.88047617673873912 0.8019607961177827 0.93582704663276683 0.93957647681236278 0.73746865987777721 0.35941100120544439 0.85880398750305187 0.90353596210479747 1.5000000000000002 0.34733690321445471
decision_type=2 2 2 2 2 2 2 2 2 2 2 2 2 2 2 2 2 2 2 2 2 2 2 2 2 2 2 2 2 2
left_child=1 3 26 10 24 28 -7 20 9 -9 12 19 15 -14 -13 -1 18 -18 -10 -12 -4 25 23 -23 -5 -3 -2 -25 -6 -22
right_child=2 21 7 4 5 6 -8 8 16 -11 11 14 13 -15 -16 -17 17 -19 -20 -21 29 22 -24 27 -26 -27 -28 -29 -30 -31
leaf_value=0.01038076893551926 0.058776539560692349 0.0017684152629724526 -0.016343918076044059 0.058413463703865881 -0.0028335777180127377 -0.13584098723661978 0 0.026559727400716979 -0.013309060790325551 -0.085073199465260374 0.0022914472457396837 -0.050394636916149226 -0.075868043604169294 0.016210175596001342 0.0036996709403857892 -0.0034966481875052047 -0.025204468954293339 0.0053624043612021024 0.032532311727978692 0.040508708940527306 0 0 0.038865635379656635 0 0.01038712339677433 0.058393764740580577 0.0084279954564107935 -0.13348725185480645 0.047243528316198095 0.03559907559573617
leaf_weight=716.76799866464717 70.893835760347429 26.373181704781018 27.871360441335128 40.505688860328519 9.9702468991599726 84.600566850291216 47.86938091491902 16.649498867249349 93.262050653574988 31.272073021304095 89.732754361379193 80.053625450469553 137.91233047927381 134.29290546639459 608.56483850262885 3783.637602401428 288.49643170409036 635.24264779459554 185.61671376750382 233.85513040949445 34.895983695285395 6.1708838593476703 8.7664990510056651 0.53601393862481916 72.593473754954175 80.519036481600779 39.475622518948512 3.6167124164057896 34.401282348902896 163.98458604086045
leaf_count=88747 3832 1455 2277 7663 556 3403 3923 729 3314 659 2355 2954 6865 11156 42790 685250 74979 199853 30666 14945 1803 626 3448 103 4231 23385 3261 367 2262 47002
internal_value=0.000154327 -0.00123046 0.00565009 -0.00207841 -0.0220153 -0.056518 -0.0879927 0.00259265 -0.00113221 -0.04442 -0.00103337 0.00790059 -0.00296791 -0.0303909 -0.0026762 -0.00124185 0.000636994 -0.00409607 0.0166741 0.0305939 0.0234069 0.0369536 -0.00867525 -0.058996 0.0306871 0.046556 0.043301 -0.112961 0.0336031 0.0300266
internal_weight=7788.4 6200.74 1587.66 6074.76 289.941 176.841 132.47 1477.29 1250.54 47.9216 5784.82 1012.21 4772.61 272.205 688.618 4500.41 1202.62 923.739 278.879 323.588 226.752 125.982 19.0901 10.3236 113.099 106.892 110.369 4.15273 44.3715 198.881
internal_count=1274859 906484 368375 877100 22038 10144 7326 361282 310200 1388 855062 63044 792018 18021 45744 773997 308812 274832 33980 17300 51082 29384 4544 1096 11894 24840 7093 470 2818 48805
is_linear=0
shrinkage=0.08


Tree=148
num_leaves=31
num_cat=0
split_feature=5 6 1 0 2 1 1 0 0 4 3 0 2 6 6 0 5 1 2 1 0 3 0 0 3 4 3 2 2 2
split_gain=5.44785 47.7536 9.31649 36.6661 35.5185 56.9198 28.0645 41.976 37.4647 19.0878 15.5774 32.6505 10.6754 9.1389 25.8074 7.75381 6.15237 6.06687 16.1645 11.4265 13.971 10.5406 17.1349 8.71207 20.5339 15.3694 14.7754 21.1135 10.2495 7.54859
threshold=0.28996570408344274 0.35827113687992101 0.48808848857879644 0.48528139293193823 0.49151568114757543 0.58643677830696117 0.60922586917877208 0.55848154425621044 0.56562754511833202 2.5000000000000004 0.60922586917877208 0.33520600199699407 0.39077411592006689 0.34384952485561376 0.53866082429885875 0.42644809186458593 0.42482461035251623 0.79772728681564342 0.60107529163360607 0.6820855736732484 0.598850578069687 0.76138716936111461 0.66978195309638988 0.77836257219314586 0.87226107716560375 11.500000000000002 0.83047896623611461 0.77836257219314586 0.8019607961177827 0.35767590999603277
decision_type=2 2 2 2 2 2 2 2 2 2 2 2 2 2 2 2 2 2 2 2 2 2 2 2 2 2 2 2 2 2
left_child=13 16 3 10 5 12 7 -6 -8 -7 11 -3 -4 17 -15 -12 -2 18 19 29 -21 22 -20 24 28 -26 27 -25 -19 -1
right_child=1 2 4 -5 6 9 8 -9 -10 -11 15 -13 -14 14 -16 -17 -18 23 21 20 -22 -23 -24 26 25 -27 -28 -29 -30 -31
leaf_value=0.033912564966432947 -0.044935630349828407 0.020504979584356039 -0.022344221922919516 0.040616486957572147 -0.016040304986782751 0.040184560840863331 0.034346755302697346 0.034681511796836977 -0.0029553536260204312 -0.018762104633928287 0 -0.03814638760244847 -0.10042528399047169 0.071977775079832759 -0.014937630539809956 0.053984370153229461 0.019251345861627456 0.031955911350313768 -0.0048316894002516184 0.04842033761476177 0.00093618643197244304 0 -0.049050045076429773 -0.06860090795497821 -0.030465504102656561 0.014137990671050741 0.0068798475130357958 0 -0.0065286068352509649 -0.0053749723295780597
leaf_weight=30.026451723009814 168.36947305155263 92.958557843718154 24.898772245014698 165.38323307577593 143.15376339497743 44.222380373379565 174.35408793144234 330.34572469414343 4191.5631034138023 116.59025388076407 26.075159874715609 147.69090892613167 59.182152125038556 39.27565120235522 35.633049453172134 30.701913469172723 3.8659256403407189 278.63537508796435 145.91923833639885 78.195650607769494 89.841135149319598 245.00756788771832 98.225916470095399 39.654846164805349 87.169511860294733 97.278459758468671 408.22592771641212 83.862220003458788 42.847655460936949 275.79353588217054
leaf_count=11564 223640 24322 7772 42277 38363 3954 20773 46569 599256 23722 9038 84048 23923 12024 1469 8138 5426 2860 3981 1937 1740 3053 2187 510 1670 1778 21871 883 1187 44879
internal_value=4.33664e-05 -0.00121008 6.71582e-05 0.0108976 -0.000897001 -0.0303204 0.000588671 0.019005 -0.00139149 -0.000864285 -0.00549681 -0.0148829 -0.0816513 0.00356878 0.0302833 0.0296807 -0.0420897 0.00241577 -0.00202686 0.00826078 0.0247182 -0.0122993 -0.0238914 0.00668213 0.0141496 -0.00634464 -0.000190378 -0.0241611 0.0263151 -0.000519338
internal_weight=7794.95 5719.36 5547.12 462.81 5084.31 244.894 4839.42 473.499 4365.92 160.813 297.427 240.649 84.0809 2075.59 74.9087 56.7771 172.235 2000.68 963.009 473.857 168.037 489.153 244.145 1037.67 505.931 184.448 531.743 123.517 321.483 305.82
internal_count=1274814 1161221 932155 167823 764332 59371 704961 84932 620029 27676 125546 108370 31695 113593 13493 17176 229066 100100 69341 60120 3677 9221 6168 30759 7495 3448 23264 1393 4047 56443
is_linear=0
shrinkage=0.08


Tree=149
num_leaves=31
num_cat=0
split_feature=6 2 0 0 2 5 0 2 3 0 0 3 0 2 2 0 0 3 3 0 3 0 0 5 3 5 0 3 6 2
split_gain=9.99121 7.26932 32.6803 29.5224 46.4035 28.7272 23.7559 19.8618 75.1452 15.2537 14.5636 13.248 13.0229 34.1026 8.6543 12.3896 8.6561 8.64076 8.51659 6.40836 5.9744 8.37503 7.62124 4.76489 4.28793 3.86924 3.75616 2.99681 2.65365 1.92166
threshold=0.98770472407341015 0.69416099786758434 0.83239698410034191 0.70396453142166149 0.56635218858718883 0.62529620528221141 0.74023336172103893 0.74115687608718883 0.8263767957687379 0.86706829071044933 0.74443343281745922 0.69631093740463268 0.80717849731445324 0.80735492706298839 0.62575301527977001 0.62258651852607738 0.53694942593574535 0.7897985875606538 0.93710443377494823 0.72812235355377208 0.68614074587821972 0.63224515318870556 0.53144779801368724 0.43645593523979193 0.77694860100746166 0.90335035324096691 0.90501254796981823 0.59317129850387584 0.48563170433044439 0.68614074587821972
decision_type=2 2 2 2 2 2 2 2 2 2 2 2 2 2 2 2 2 2 2 2 2 2 2 2 2 2 2 2 2 2
left_child=1 2 3 14 11 -6 18 8 10 -10 -8 -5 17 -14 15 -1 -16 -9 20 25 22 -22 -3 26 -25 -20 28 -2 -4 -26
right_child=27 6 23 4 5 -7 7 12 9 -11 -12 -13 13 -15 16 -17 -18 -19 19 -21 21 -23 -24 24 29 -27 -28 -29 -30 -31
leaf_value=-0.001586543337432108 -0.005055353877827142 0.045398473654257268 0.034512362912534032 -0.046171273964666901 -0.021660856879777507 -0.072559531934568183 0.0016627276119270654 0.018011769632259918 -0.0058545718613665088 0.049712683644852151 -0.092220864306130065 0.026958619794830711 -0.043685397241076077 -0.0011855322959064358 0.043587696773914851 -0.01692872386093253 0.0029476984921638395 0.001557436976776316 -0.025719872710459481 0.021818139468045828 0.040850229267850063 0.014132386079395905 -0.0050070354686001977 -0.0060816301511835607 0.057964537955093806 0.011822424679626378 -0.016569940829884684 0.034736836082318721 -0.0049433658770540916 0
leaf_weight=1728.0226339750625 5.3056932353356379 16.811641966640309 30.379798065579962 12.289292969777305 256.77154677653016 106.65984920911433 8.1573317109723558 320.00809962161293 80.279001369242906 42.487903607070621 76.341698487420217 113.97906833476009 124.71073411808175 1931.3399005921347 31.245688596201944 423.7030023894622 744.41746049912763 620.2630142383714 75.969344726632698 27.652447460073745 94.972734304930782 587.72650610151322 148.35072861893423 2.1636974890716365 63.245970335301536 12.770168734627076 12.249293644141288 60.437612617519335 4.9345816331333472 5.1098096786154192
leaf_count=549715 4532 2051 796 1182 16132 6684 465 15132 3416 6085 3682 11375 11908 323128 2023 46750 51207 46423 5601 2333 6212 40491 8633 47 15805 1398 847 89802 319 891
internal_value=-0.000719991 -0.00101427 -0.00369152 -0.00518424 -0.0232928 -0.0378149 0.00121993 -0.00205459 -0.0257132 0.0133171 -0.0817833 0.0171347 -0.000324617 -0.00394074 -0.00206589 -0.00471405 0.00505842 0.00739235 0.0122186 -0.00691989 0.0150586 0.0183518 0.000366607 0.0366606 0.0501354 -0.018268 0.01077 0.0291335 0.025101 0.0543892
internal_weight=7768.76 7703.01 3535.17 3417.09 489.7 363.431 4167.84 3203.59 207.266 122.767 84.499 126.268 2996.32 2056.05 2927.39 2151.73 775.663 940.271 964.254 116.392 847.862 682.699 165.162 118.083 70.5195 88.7395 47.5637 65.7433 35.3144 68.3558
internal_count=1275065 1180731 703773 685068 35373 22816 476958 410239 13648 9501 4147 12557 396591 335036 649695 596465 53230 61555 66719 9332 57387 46703 10684 18705 16743 6999 1962 94334 1115 16696
is_linear=0
shrinkage=0.08


Tree=150
num_leaves=31
num_cat=0
split_feature=2 6 4 3 0 2 0 3 0 3 0 2 3 3 0 6 8 0 3 0 4 3 3 2 0 3 0 3 0 0
split_gain=5.79889 15.4812 5.35994 34.9122 111.015 24.8718 12.7443 29.0004 17.0032 14.0636 17.8134 12.7176 11.684 7.69851 12.9862 6.34991 28.7616 10.0392 8.62195 12.2577 6.11209 13.0342 17.8273 11.9999 19.8819 12.3134 4.28073 6.50758 5.18299 4.5798
threshold=0.95861870050430309 0.66915422677993786 1.0000000180025095e-35 0.93788579106330883 0.93957647681236278 0.81284341216087352 0.66978195309638988 0.76689496636390697 0.77376341819763195 0.71330726146698009 0.57919329404830944 0.71892556548118602 0.93957647681236278 0.9529346525669099 0.95275297760963451 0.40633355081081396 1.0000000180025095e-35 0.78142958879470836 0.5912291705608369 0.51649147272109996 12.500000000000002 0.54653680324554454 0.73623713850975048 0.48528139293193823 0.73363915085792553 0.58898946642875682 0.91922956705093395 0.93582704663276683 0.98213717341423046 0.71010184288024913
decision_type=2 2 2 2 2 2 2 2 2 2 2 2 2 2 2 2 2 2 2 2 2 2 2 2 2 2 2 2 2 2
left_child=2 26 3 6 5 -5 9 11 -9 10 -1 -8 -7 -6 -15 16 17 -4 -18 -20 23 -22 -23 24 -17 -25 29 -28 -29 -2
right_child=1 -3 15 4 13 12 7 8 -10 -11 -12 -13 -14 14 -16 20 18 -19 19 -21 21 22 -24 25 -26 -27 27 28 -30 -31
leaf_value=0.02858680183586328 -0.0039686766824032918 0.053442451928204057 -0.049357043242161697 0 0.040366732200205466 0 -0.092778538237073035 0.028729871126601223 -0.012604800367619625 0.051010816004731688 -0.039193316438600773 0 -0.29780981675940416 -0.12010974100583255 0.0024109502951054191 -0.016230629808561776 -0.023112762576472337 0 0.023169339804295596 -0.0010170320715333053 0.039086311427479342 -0.018285914120275984 0.014960563466354054 0.026220411604510278 0.054393113955148911 0.0017449703943284301 -0.05123050808430446 0.027777816006945028 -0.0046158322941633571 0.04724003791014509
leaf_weight=53.455583081151417 9.5354383046505991 43.113797276972036 104.32531665014176 1.5527504910132837 16.998230527486157 1.4326162773722888 29.36791142707807 87.305876421101857 200.37994447405435 49.87462183363823 38.118955838923284 12.468246084521523 8.5089901809551503 1.7136268868416689 18.372417133112322 392.34843089319475 96.530226911956561 28.073065695964033 140.11565659711778 1685.9343814016102 81.293525019042136 141.60263486680924 329.85906121360313 132.7467758651037 21.56315819043084 3856.3948285473452 10.946512268696095 34.753079065958445 135.57426799290261 20.436798933376849
leaf_count=16720 805 163134 368452 409 5905 207 1947 5237 19309 3539 4740 712 783 451 8376 63569 45422 8522 17460 53875 15309 20654 43655 14307 5669 368627 809 3345 10980 1826
internal_value=0.000545836 0.0123138 0.000119197 -0.00765539 -0.0688692 -0.241773 -0.000348171 -0.0092849 0 0.0189846 0 -0.0676649 -0.274194 0.00327853 -0.0235199 0.000723201 -0.00297742 -0.0383503 -0.0003653 0.000809644 0.00229141 0.0102228 0.00455213 0.00124895 -0.0115642 0.0026313 0.00213825 -0.00194102 0.00168477 0.0281351
internal_weight=7784.7 254.36 7530.34 519.55 48.5786 11.4944 470.971 329.522 287.686 141.449 91.5745 41.8362 9.94161 37.0843 20.086 7010.79 2054.98 132.398 1922.58 1826.05 4955.81 552.755 471.462 4403.05 413.912 3989.14 211.246 181.274 170.327 29.9722
internal_count=1274755 180899 1093856 68335 16131 1399 52204 27205 24546 24999 21460 2659 990 14732 8827 1025521 493731 376974 116757 71335 531790 79618 64309 452172 69238 382934 17765 15134 14325 2631
is_linear=0
shrinkage=0.08


Tree=151
num_leaves=31
num_cat=0
split_feature=5 6 6 6 1 8 5 1 2 1 1 2 2 6 4 8 2 1 4 1 4 2 4 8 2 5 2 2 6 6
split_gain=7.07995 30.3368 13.7748 34.0305 15.2496 10.7746 10.6366 9.26186 33.5096 60.1793 20.8929 42.6233 20.6939 17.0211 16.7753 15.7946 9.03413 14.9273 14.573 12.7238 8.36133 7.69576 7.61704 7.3396 7.18849 6.40668 6.12349 5.07282 4.43019 4.06422
threshold=0.32047741115093237 0.36854232847690588 0.35143324732780462 0.64888572692871105 0.87841832637786876 0.75000000000000011 0.21800179779529574 0.49731183052062994 0.49397240579128271 0.5673658847808839 0.61633428931236278 0.61938297748565685 0.52689418196678173 0.59384471178054821 2.5000000000000004 1.0000000180025095e-35 0.50287356972694408 0.7320508360862733 12.500000000000002 0.53178024291992199 5.5000000000000009 0.3536857813596726 1.5000000000000002 0.75000000000000011 0.75582656264305126 0.43645593523979193 0.62258651852607738 0.51471862196922313 0.55588430166244518 0.8353039324283601
decision_type=2 2 2 2 2 2 2 2 2 2 2 2 2 2 2 2 2 2 2 2 2 2 2 2 2 2 2 2 2 2
left_child=2 5 6 4 27 25 16 13 9 22 12 -12 -10 15 -11 28 18 -18 19 -1 -15 -17 -9 -8 29 -2 -19 -4 -3 -5
right_child=1 7 3 24 -6 -7 23 8 10 14 11 -13 -14 20 -16 21 17 26 -20 -21 -22 -23 -24 -25 -26 -27 -28 -29 -30 -31
leaf_value=0 -0.057541963290150024 -0.044884142039158699 0.015972796135926955 -0.067041580405967985 0 -0.0038424523839735375 -0.035451218589262624 0 -0.012668240308956896 0.032424400228366249 -0.026869659564106155 2.3440623483140295e-05 0.024516074391526033 0.00023166540961151204 -0.02221356788520645 -0.014362248249587862 -0.012202303989287207 0.019262146311325338 -0.011681329968670828 0.043847521645500501 0.032642043686997343 0.023000302199847229 -0.11239920691635005 0.0021470035651197381 0.0093391765492172023 0.017709746005701802 0.0026438985898241843 0.073294531852894015 0 0
leaf_weight=59.604263026296394 91.729883307158161 59.492982032574218 24.455373774868349 24.266437836136905 36.70622110691329 50.761115926376078 76.995932394878764 6.7078893701254847 119.81911600921376 43.550263353266928 412.04943283909597 3822.5491256883906 361.81755299502402 84.840364188014064 124.33729488850804 48.009502973480267 424.26227348567045 167.02286596765043 70.75362665153807 118.08421988147893 177.26657759257068 86.255418850894785 47.464354695170186 42.303506004158407 7.7614082830987163 2.2209457501303396 1064.2814757812303 66.96232257700467 14.324496805435045 2.1138370410189955
leaf_count=10539 202644 97490 22676 443 1992 2807 99401 1907 26065 4190 42147 558675 50707 10261 23583 4994 9308 1477 5176 2554 21073 11137 16919 1295 1134 4200 28041 10393 976 265
internal_value=-0.000661136 -0.00219589 0.00316151 0.0252781 0.0445355 -0.0377552 0.00125098 -0.0011809 -0.00223157 -0.0322678 -0.000750771 -0.00258427 0.0149016 0.00942464 -0.00658711 -0.00700142 0.00279866 0.000543557 0.0168877 0.0291477 0.022951 0.00845559 -0.10187 -0.0212816 -0.0393591 -0.0533411 0.00509632 0.0612432 -0.0358987 -0.0579906
internal_weight=7738.77 5553.2 2185.57 162.266 128.124 144.712 2023.31 5408.48 4938.3 222.06 4716.24 4234.6 481.637 470.189 167.888 208.082 1904.01 1655.57 248.442 177.688 262.107 134.265 54.1722 119.299 34.1417 93.9508 1231.3 91.4177 73.8175 26.3803
internal_count=1274469 1079775 194694 36903 35061 209651 157791 870124 724193 46599 677594 600822 76772 145931 27773 114597 57095 38826 18269 13093 31334 16131 18826 100696 1842 206844 29518 33069 98466 708
is_linear=0
shrinkage=0.08


Tree=152
num_leaves=31
num_cat=0
split_feature=3 4 2 6 4 2 3 8 2 3 5 4 4 4 4 6 2 3 2 3 6 2 5 3 2 6 5 2 3 5
split_gain=6.09408 7.64954 11.6015 7.70339 6.15398 16.9172 23.6177 16.0402 11.5168 10.1585 13.6158 16.5038 12.5347 20.4204 14.8636 10.1724 9.82798 9.50021 7.62212 28.6527 7.3225 7.18556 6.76133 6.75469 5.85177 5.81511 12.2882 11.2116 17.0769 6.17041
threshold=0.68614074587821972 5.5000000000000009 0.60736888647079479 0.36645218729972845 4.5000000000000009 0.91331186890602123 0.96178188920021068 0.75000000000000011 0.8521554470062257 0.9495762586593629 0.50802230834960949 12.500000000000002 6.5000000000000009 8.5000000000000018 5.5000000000000009 0.87226045131683361 0.60107529163360607 0.71330726146698009 0.84262126684188854 0.93405798077583324 0.40075758099555975 0.8019607961177827 0.90335035324096691 0.81016731262207042 0.75905716419219982 0.70782846212387096 0.42008402943611151 0.71503761410713207 0.64747309684753429 0.55582657456398021
decision_type=2 2 2 2 2 2 2 2 2 2 2 2 2 2 2 2 2 2 2 2 2 2 2 2 2 2 2 2 2 2
left_child=1 25 -3 -4 7 9 22 16 -9 10 15 -12 14 -14 -11 -6 17 -2 21 -20 -10 -18 23 -7 -5 -1 -27 29 -29 -28
right_child=4 2 3 24 5 6 -8 8 20 12 11 -13 13 -15 -16 -17 18 -19 19 -21 -22 -23 -24 -25 -26 26 27 28 -30 -31
leaf_value=-0.004653310540558165 -0.011497983655303358 -0.0039551061829477766 -0.015213940927438331 0.030320238459757128 0.0013539269948608967 0 0 0.0085079726250765191 -0.0011238616775022473 0.0041660668548989827 -0.014761860639911117 0.012543074565085995 0.030417259109496757 0.0018354492709663414 -0.042185330947755208 0.054725989796128839 -0.0017169559986555038 0.022142204884878298 0.02083360742960632 -0.0070961109391435772 0.042493904121613697 -0.017124441251331741 0 -0.17151466719992267 -0.0190803322950816 -0.076888903239259371 0.018433000877177395 0.0048525364169324896 -0.10801402136636661 -0.013084910712660847
leaf_weight=610.54640077718796 59.107671506877523 567.11921870541846 26.939562823863525 148.46536044778622 934.71162599176023 1.4307432114146665 20.605382981208095 432.09464603552624 21.456818704493344 108.52517280116081 862.87289866011633 159.00987208127481 228.73080073337769 552.88245166323031 63.526801417196111 18.764237636780308 1126.3730477413774 232.93934460286255 403.28169363958295 539.10826443632686 124.46085395268165 238.28571888487204 1.4159141934651405 6.8942585842160042 9.590203950123394 18.212689580694132 43.362696832919028 10.613391198960018 13.404596129475975 172.1824921800071
leaf_count=196274 7110 279422 5852 10595 107274 84 3983 88704 253 15418 40528 10891 29790 56986 6537 1530 45879 15712 25359 62100 234341 7112 313 607 316 571 1742 2835 2612 14628
internal_value=0.000123435 -0.00420949 0.00151364 0.0187836 0.00129616 -0.00128785 -0.0563512 0.00375161 0.0157636 -0.000567775 -0.0038889 -0.0103169 0.00612888 0.0105432 -0.0127526 0.00285122 0.000993693 0.0147162 -0.000702287 0.00473398 0.0351951 -0.0045768 -0.133672 -0.151705 0.0258484 -0.00933019 -0.0194993 -0.0129992 -0.0603829 -0.00574462
internal_weight=7756.91 1620.44 752.114 184.995 6136.48 2959.37 30.3463 3177.11 578.012 2929.02 1975.36 1021.88 953.665 781.613 172.052 953.476 2599.1 292.047 2307.05 942.39 145.918 1364.66 9.74092 8.325 158.056 868.322 257.776 239.563 24.018 215.545
internal_count=1275358 514847 296185 16763 760511 273941 4987 486570 323298 268954 160223 51419 108731 86776 21955 108804 163272 22822 140450 87459 234594 52991 1004 691 10911 218662 22388 21817 5447 16370
is_linear=0
shrinkage=0.08


Tree=153
num_leaves=31
num_cat=0
split_feature=7 5 2 0 1 1 1 1 0 2 0 5 4 1 1 0 2 5 2 1 1 0 1 2 4 0 2 5 2 4
split_gain=5.03059 5.18755 12.6716 36.6253 25.756 19.9188 74.042 25.7393 17.4667 23.5599 5.79418 17.4842 10.5532 17.0654 8.30923 26.728 12.4852 28.791 11.2375 11.1983 9.47128 7.4699 5.55055 4.69408 2.95077 1.66266 1.45447 1.40093 0.929624 0.557304
threshold=1.0000000180025095e-35 0.501101315021515 0.83131474256515514 0.91545844078063976 0.85053193569183361 0.91331186890602123 0.82426470518112194 0.99565216898918163 0.8263767957687379 0.84877073764801036 0.44327485561370855 0.21800179779529574 13.500000000000002 0.39791667461395269 0.5604878067970277 0.6106402873992921 0.56160062551498424 0.28996570408344274 0.45748709142208105 0.60922586917877208 0.45512083172798162 0.2290398105978966 0.88047617673873912 0.47413024306297308 10.500000000000002 0.86706829071044933 0.82793453335762035 0.53583100438117992 0.38148742914199835 11.500000000000002
decision_type=2 2 2 2 2 2 2 2 2 2 2 2 2 2 2 2 2 2 2 2 2 2 2 2 2 2 2 2 2 2
left_child=1 10 3 5 25 6 -3 -7 22 -10 11 12 13 -1 15 20 17 -16 -17 -18 -12 24 -6 -23 -13 27 -5 -4 -14 -2
right_child=29 2 4 26 8 7 -8 -9 9 -11 14 21 28 -15 16 18 19 -19 -20 -21 -22 23 -24 -25 -26 -27 -28 -29 -30 -31
leaf_value=-0.021347698373345794 0.044743961609021263 -0.0019181469597616477 0 0.070088811692371161 -0.001247597543584689 0.042035060381403908 -0.037826459549645704 -0.0011664664940528387 -0.037256164463718579 0.0021546918790679688 0.022343324532029626 -0.017137206515037466 -0.016037470767541476 0.094535405686730203 0.002570118254317836 0 0.024549793448734078 -0.042366482998260083 0.063282771497379708 0.0018103626302284129 -0.0081735980067432108 -0.038954461026920566 0.038592407863502973 0.0097719106612638891 0.027676865799015963 0 0 0.05045769493421761 0.0052772085922740694 0
leaf_weight=7.1824258203269009 12.701334680936268 1642.2013819730128 3.8317187107168129 37.048648003838025 18.971058239578269 101.88600848018541 472.84047806996386 469.61626152342797 105.47590351058898 760.2501016269307 88.66996509418459 7.9153947653976529 19.224598661021449 18.058034822111949 266.84259883007326 22.623635194730014 142.85477435852954 128.85754660601378 73.685694114239595 2829.4257128570534 204.76206479221946 111.7403555700439 90.503421405250265 6.5513180239140629 16.927240745222662 2.0927150333736781 0.26801013290241726 77.33344027561543 9.5012885228061332 1.9890739219481464
leaf_count=2511 27751 131560 185 18445 2444 6739 26286 54111 11022 255911 75616 2437 1835 2271 11691 2538 30008 68790 8603 182638 143852 154423 34658 5741 3788 469 125 5372 984 3041
internal_value=-0.000108374 -0.000231568 -0.00236638 -0.00527917 0.0049686 -0.00648522 -0.0100916 0.00655563 0.00104955 -0.00264955 0.00177013 -0.0112883 0.0245523 0.0581914 0.00251168 0.013533 0.0011707 -0.01201 0.0489949 0.00299641 0.000731783 -0.0262541 0.0305378 -0.0346713 0.00755776 0.0463996 0.0682741 0.0482567 -0.00450618 0.0402323
internal_weight=7751.83 7737.14 3782.32 2723.86 1058.46 2686.54 2115.04 571.502 975.2 865.726 3954.82 197.101 53.9663 25.2405 3757.72 389.741 3367.98 395.7 96.3093 2972.28 293.432 143.134 109.474 118.292 24.8426 83.2579 37.3167 81.1652 28.7259 14.6904
internal_count=1275845 1245053 547327 237266 310061 218696 157846 60850 304035 266933 697726 173990 7601 4782 523736 230609 293127 80481 11141 212646 219468 166389 37102 160164 6225 6026 18570 5557 2819 30792
is_linear=0
shrinkage=0.08


Tree=154
num_leaves=31
num_cat=0
split_feature=1 0 0 3 2 1 3 5 1 0 2 1 1 2 0 3 1 3 1 0 0 1 2 1 5 5 0 1 3 1
split_gain=7.20976 73.6854 39.0647 46.5601 36.6044 128.622 64.5897 49.2892 34.2405 38.0213 27.9783 78.2897 28.7201 22.1814 21.647 20.6103 19.1832 15.794 13.9669 29.1813 17.8701 31.6967 22.9427 14.7638 19.4935 13.2119 12.5462 23.0354 12.6321 11.6611
threshold=0.69614070653915416 0.66978195309638988 0.59611794352531444 0.82807883620262157 0.70064935088157665 0.79772728681564342 0.87026646733284008 0.53017652034759533 0.75147059559822094 0.70064935088157665 0.75123763084411632 0.83424907922744762 0.80217391252517711 0.68614074587821972 0.8019607961177827 0.73746865987777721 0.82793453335762035 0.97100839018821727 0.67017546296119701 0.54641148447990429 0.57735043764114391 0.52976614236831676 0.57712131738662731 0.44562648236751562 0.21800179779529574 0.69056183099746715 0.55848154425621044 0.73746865987777721 0.69504830241203319 0.70064935088157665
decision_type=2 2 2 2 2 2 2 2 2 2 2 2 2 2 2 2 2 2 2 2 2 2 2 2 2 2 2 2 2 2
left_child=1 18 3 26 5 6 7 -4 9 -6 11 -10 -12 14 -7 -11 -5 -18 20 -20 23 -22 -23 25 -25 -1 29 -28 -29 -2
right_child=2 -3 4 16 8 13 -8 -9 10 15 12 -13 -14 -15 -16 -17 17 -19 19 -21 21 22 -24 24 -26 -27 27 28 -30 -31
leaf_value=-0.0028886648296008429 -0.019727568271835104 0.032718713052383622 -0.039561276778839874 -0.062285326667914032 -0.055449745176280096 0.0049190707975678089 0.034222283230527326 -0.10306445077836324 -0.073802393370730676 0.05562873367245539 0.022717834653331517 -0.0022167316855825746 -0.0022551110104645088 -0.024013108686077797 0.047311409117518417 0.012214480557406242 0.041537100826145944 -0.016213867698606714 0.032332265387169386 -0.062265697774541842 0.045411265197177468 -0.022721449544533902 0.01099701679741177 0.0068538068185670046 -0.025006736736530054 0.037635034481472408 -0.034332923070909301 0.0038089801691598042 0.061497206619713446 0.059345501156402386
leaf_weight=290.94392152085129 7.3988588288993915 438.82939946386978 283.25474562546151 34.079525164961524 28.996690094762016 443.76254180831893 47.152929114188737 120.22674213974096 123.83530823699402 137.20573343137221 324.64518965748357 428.15972219853938 2760.6201688896872 122.44632081072996 92.046777949952229 168.84838224135456 38.57333719531016 93.604786782332667 23.913917740643228 63.143573282333818 113.35256676862628 186.99253423884147 389.54933228259688 155.79954168110271 453.04069377363339 56.301297386424267 32.840441363096033 51.822580241838295 56.558008439053083 154.12486035392794
leaf_count=207603 1115 50056 25936 3284 1546 29058 3374 4798 6040 9151 20874 31017 448641 8083 9592 11852 1580 11459 2264 7346 18661 35747 45764 11318 232674 12349 2927 3660 3602 14395
internal_value=-0.000283539 0.00359444 -0.00183171 0.0200816 -0.00390355 -0.0167223 -0.0494374 -0.0599052 -0.000268378 0.0239643 -0.00257437 -0.019082 0.000353382 0.00563664 0.0128676 0.0327731 -0.0129801 0.000372837 -0.00376109 -0.0341977 -0.00195567 0.00770053 0 -0.0090937 -0.0166037 0.00366845 0.0386738 0.0184851 0.0367089 0.054279
internal_weight=7722.07 2171.87 5550.2 469.002 5081.2 1108.89 450.634 403.481 3972.31 335.051 3637.26 551.995 3085.27 658.256 535.809 306.054 166.258 132.178 1733.04 87.0575 1645.98 689.894 576.542 956.085 608.84 347.245 302.745 141.221 108.381 161.524
internal_count=1275766 623782 651984 42022 609962 80841 34108 30734 529121 22549 506572 37057 469515 46733 38650 21003 16323 13039 573726 9610 564116 100172 81511 463944 243992 219952 25699 10189 7262 15510
is_linear=0
shrinkage=0.08


Tree=155
num_leaves=31
num_cat=0
split_feature=3 1 0 2 1 2 0 0 1 0 0 1 2 1 0 6 2 2 1 0 5 2 0 1 0 2 0 2 5 1
split_gain=5.38644 27.2186 14.7058 7.25101 16.63 20.048 26.4617 12.4109 11.6323 121.481 52.6712 37.569 17.0213 11.2864 10.2979 8.68879 7.86411 6.27884 22.4657 16.5754 9.52127 6.21925 29.0887 25.6356 22.3991 21.6817 15.1741 13.5833 10.2215 13.8845
threshold=0.68457102775573742 0.59611794352531444 0.74443343281745922 0.57275134325027477 0.62575301527977001 0.62575301527977001 0.62563130259513866 0.57307061553001415 0.56562754511833202 0.57307061553001415 0.6106402873992921 0.63702240586280834 0.42923898994922643 0.70659971237182628 0.46234817802906042 0.94136744737625133 0.43534001708030706 0.53410854935646068 0.53410854935646068 0.5912291705608369 1.0000000180025095e-35 0.64899963140487682 0.80717849731445324 0.70659971237182628 0.6351073980331422 0.71503761410713207 0.65485891699790966 0.8019607961177827 0.31752844154834753 0.81872946023941051
decision_type=2 2 2 2 2 2 2 2 2 2 2 2 2 2 2 2 2 2 2 2 2 2 2 2 2 2 2 2 2 2
left_child=2 17 3 8 7 6 -6 14 10 11 15 -10 -11 -7 -5 -1 -12 18 -2 -19 -20 22 28 26 27 -26 -23 -25 -3 -30
right_child=1 21 -4 4 5 13 -8 -9 9 12 16 -13 -14 -15 -16 -17 -18 19 20 -21 -22 23 -24 24 25 -27 -28 -29 29 -31
leaf_value=-0.011935700604343211 0.024732054407003875 4.4718015782248515e-05 -0.06433727737552436 0.048402508718767882 0 0.018314933018046379 -0.098060414098110102 0.037226939041322044 -0.015800049261641351 0 -0.0043943507931997715 0.066410305451770679 -0.10403229860232557 -0.0079660827749925122 -0.050758620228992593 0.027443658865145357 0.063761861737508085 0 0.00053523889969719636 0.059089298265097366 -0.074709019467498056 -0.019560608145778487 0.04040453053938433 0.046861325688962882 -0.01439939820276912 0.0016895700390688504 0.034326240401248903 -0.011193769091849957 -0.022402013695113583 0.0033987599072879283
leaf_weight=622.68970854838335 179.66639796046002 502.36683495809484 20.190934324804402 3.6407159108857767 46.690038031345466 187.15461979438987 25.707566855286132 125.6869028647634 63.560589011747652 10.374265154088787 6.8538618526144992 65.862049177958397 79.431651314753253 216.11161924785483 17.330529077044048 31.125851466451422 75.74230959063425 50.623194658888679 12.486518958583476 81.130593665788183 18.174914816438104 32.029991325216542 79.266919272460655 97.420275611882971 623.12673540962351 3614.6021125488878 216.77285299862706 26.817260051459016 447.21650803906959 173.4560262849227
leaf_count=378542 38399 21627 1124 381 4697 17279 3553 18333 21735 1935 1187 5945 17640 15082 5721 9998 9474 7146 400 11046 8742 2715 10812 4334 42535 503358 16783 4259 69496 21611
internal_value=0.00065979 0.00175166 -0.00343802 -0.00235694 0.00418581 -0.00283772 -0.0403358 0.0273631 -0.00678381 -0.0228004 -0.00167829 0.0257599 -0.0921379 0.00391388 -0.0213788 -0.00962408 0.0563517 0.0235232 0.0132132 0.0377271 -0.0438013 0.000423859 -0.00465216 0.00178575 0.000310128 -0.000652664 0.0265099 0.0331436 -0.0081392 -0.0149663
internal_weight=7753.31 6155.16 1598.15 1577.96 622.322 475.664 72.3976 146.658 955.64 219.229 736.412 129.423 89.8059 403.266 20.9712 653.816 82.5962 342.082 210.328 131.754 30.6614 5813.08 1202.31 4610.77 4361.97 4237.73 248.803 124.238 1123.04 620.673
internal_count=1275889 763263 512626 511502 65046 40611 8250 24435 446456 47255 399201 27680 19575 32361 6102 388540 10661 65733 47541 18192 9142 697530 123546 573984 554486 545893 19498 8593 112734 91107
is_linear=0
shrinkage=0.08


Tree=156
num_leaves=31
num_cat=0
split_feature=1 0 4 3 4 0 4 3 1 0 1 6 8 3 5 1 1 4 0 0 5 5 3 0 3 4 3 5 1 8
split_gain=5.68845 28.8556 15.3537 20.0218 9.99325 13.7105 11.8679 10.0347 8.52155 7.71814 9.41199 7.68636 8.15292 6.54038 5.76244 6.1468 5.07791 4.73399 23.2504 13.5173 4.6363 4.38279 4.22097 5.3126 3.94511 3.38384 3.39473 3.38331 3.28248 3.14499
threshold=0.48808848857879644 0.50878274440765392 13.500000000000002 0.64565756916999828 21.500000000000004 0.45199692249298101 12.500000000000002 0.68457102775573742 0.5673658847808839 0.74443343281745922 0.83424907922744762 0.48563170433044439 0.75000000000000011 0.51471862196922313 0.65636926889419567 0.32466214895248419 0.77459675073623668 4.5000000000000009 0.69614070653915416 0.87206766009330761 0.65636926889419567 0.44492964446544653 0.80217391252517711 0.59417229890823375 0.76689496636390697 2.5000000000000004 0.84660634398460399 0.26789985597133642 0.53694942593574535 0.75000000000000011
decision_type=2 2 2 2 2 2 2 2 2 2 2 2 2 2 2 2 2 2 2 2 2 2 2 2 2 2 2 2 2 2
left_child=1 2 3 14 5 6 8 9 28 10 -7 12 27 -4 -1 -16 -11 18 -9 -19 29 -14 -6 -24 -5 -13 -27 -3 -2 -15
right_child=4 11 13 24 22 7 -8 17 -10 16 -12 25 21 20 15 -17 -18 19 -20 -21 -22 -23 23 -25 -26 26 -28 -29 -30 -31
leaf_value=-0.031042678198723847 0.026225616081566518 0.0030263547738564353 0.034632788542113581 0.059747887805928553 -0.070035872231669113 -0.008321279559907779 0 0.016657268855821038 0.075687294559045798 0 0.022727489115054521 0.005350728824575852 0.056658465556149701 -0.023100463892215255 0.040719013230507535 -0.017087893518403625 -0.087196917950497763 0 -0.0004813844053100421 -0.020938631964880498 0.031624448251673966 -0.005512099392707844 -0.032051094315950157 0.021759765867127467 0 0.0583861123149381 0 -0.0372727698041177 -0.033144781636774631 0.01037310901772801
leaf_weight=173.42424850380121 9.5972210746258479 18.573442933615297 62.521926159301074 18.271440001495652 12.549622585087489 1021.3672268440168 40.257208774604806 623.2393248060107 32.754874016958638 10.109857612496855 59.362439285454457 19.713859906383732 18.425128085073087 41.424052237274736 12.044994798685364 32.939728177683719 8.2626565901082341 2548.8739021512338 2532.7848718176538 209.30936714787458 17.56755674143642 3.1500534527003756 26.522065725235734 10.976327672848127 6.9130700157838865 84.069311214254412 7.1319224992621448 15.900053889978151 4.9839581363812604 17.833726572833257
leaf_count=168740 6762 2844 28324 5876 7359 206903 12795 54246 3803 648 5385 3787 499 45277 3439 1637 414 213337 427271 20686 2257 39 4953 2384 921 7214 4429 30099 1509 1153
internal_value=0.000183064 0.00800006 -0.00380282 -0.0161383 -0.00040087 -0.00011495 0.0304386 -0.000540762 0.0555921 -0.00755522 -0.00637165 0.0353245 0.00679207 0.0164645 -0.0245873 0 -0.0540741 0.000741063 0.00287347 -0.0016418 0 0.0422314 -0.034366 -0.0118281 0.0437693 0.0474476 0.0541329 -0.0138742 0 -0.0105133
internal_weight=7700.86 549.905 382.941 243.593 7150.95 7100.9 87.5933 7013.31 47.3361 1099.1 1080.73 166.964 56.0487 139.347 218.409 44.9847 18.3725 5914.21 3156.02 2758.18 76.8253 21.5752 50.048 37.4984 25.1845 110.915 91.2012 34.4735 14.5812 59.2578
internal_count=1274990 306535 257624 180613 968455 953759 24869 928890 12074 213350 212288 48911 33481 77011 173816 5076 1062 715540 481517 234023 48687 538 14696 7337 6797 15430 11643 32943 8271 46430
is_linear=0
shrinkage=0.08


Tree=157
num_leaves=31
num_cat=0
split_feature=4 1 3 2 1 3 5 0 1 0 3 0 3 4 3 1 0 3 0 1 3 1 3 1 0 0 0 4 3 2
split_gain=6.925 10.6175 40.5657 25.3347 12.873 30.3677 21.0977 20.4095 14.1214 11.1245 10.5535 8.82569 21.488 15.2285 14.5162 13.2267 12.1362 8.08115 6.75012 61.871 11.6997 10.5304 25.6722 28.7872 28.5335 24.983 13.8304 24.974 19.901 11.0076
threshold=8.5000000000000018 0.74849396944046032 0.69631093740463268 0.64326766133308422 0.61633428931236278 0.85880398750305187 1.0000000180025095e-35 0.5673658847808839 0.51649147272109996 0.64038833975791942 0.62397539615631115 0.6776927411556245 0.96178188920021068 10.500000000000002 0.8216732144355775 0.83910790085792553 0.60736888647079479 0.94360822439193737 0.55217784643173229 0.64326766133308422 0.87226107716560375 0.56562754511833202 0.65419578552246105 0.76239567995071422 0.6820855736732484 0.62258651852607738 0.6106402873992921 3.5000000000000004 0.74133810400962841 0.44543650746345526
decision_type=2 2 2 2 2 2 2 2 2 2 2 2 2 2 2 2 2 2 2 2 2 2 2 2 2 2 2 2 2 2
left_child=18 3 -3 4 7 6 -6 8 -2 -5 -9 14 17 -14 16 -16 -4 -13 19 -1 -21 26 23 25 -25 -23 -20 -28 -29 -24
right_child=1 2 11 9 5 -7 -8 10 -10 -11 -12 12 13 -15 15 -17 -18 -19 21 20 -22 22 29 24 -26 -27 27 28 -30 -31
leaf_value=-0.0055772378814723167 0.0033090330669711052 -0.079221761674283672 0.06475187848838132 -0.02556608680813207 0.004578475368980566 0.044578928508508614 -0.059487025350415196 0.065250902939768957 -0.031392515303770484 0.048593651319500816 0.013440756493867032 -0.017865536147234788 -0.011579709509240681 0.022054727856935116 -0.0338271743274716 0.0053704902068702825 0 -0.055963274254364093 -0.00417559816621693 0.060482673509047347 -0.033012687652042551 -0.0069146983673096301 0.035737024698681188 0.040993804737744312 -0.079574833562489553 -0.060162293926644531 -0.0023073252234634247 0.085453764620122052 0 0.001542478891115125
leaf_weight=378.67254125337422 280.87356284696943 44.709991283383715 37.022834161623905 8.7512780109973374 42.643559734802693 29.627813745180902 89.69637553452776 36.507610472723172 94.341543570353679 93.615467306757637 104.68546534316556 323.45196951503749 172.91572229218582 157.83379756894283 64.826657586323563 243.26333791934303 37.095608657698904 43.937846286673448 94.898624782494153 134.88600548470276 3.8141404559173671 118.96316291678158 56.614882079375093 65.833753288585285 9.8283572677173634 120.46434337709798 60.98575810154216 56.471715199673781 19.911186998546327 4683.3547456241395
leaf_count=214031 161320 5240 2548 924 1313 1776 30625 7263 40395 6495 16197 9863 8712 24756 4498 22800 2227 2098 26534 10807 312 22425 5510 3399 621 15464 13165 6715 4495 600933
internal_value=0.000821256 -0.00332395 -0.00832751 0.00368972 -0.00178723 -0.02127 -0.0382632 0.0041619 -0.00529336 0.0398682 0.029705 -0.0048947 -0.0102905 0.00408353 0.00455361 -0.00277474 0.0352881 -0.0235417 0.00221144 0.0109306 0.055739 0.0013185 0.000512249 -0.021374 0.0193868 -0.0350427 0.0178108 0.0337367 0.0628548 0.00202185
internal_weight=7710.5 1905.8 1125.06 780.743 678.376 161.968 132.34 516.408 375.215 102.367 141.193 1080.35 698.139 330.75 382.208 308.09 74.1184 367.39 5804.7 517.373 138.7 5287.33 5055.06 315.09 75.6621 239.428 232.267 137.369 76.3829 4739.97
internal_count=1273461 349050 82742 266308 258889 33714 31938 225175 201715 7419 23460 77502 45429 33468 32073 27298 4775 11961 924411 225150 11119 699261 648352 41909 4020 37889 50909 24375 11210 606443
is_linear=0
shrinkage=0.08


Tree=158
num_leaves=25
num_cat=0
split_feature=5 5 6 1 1 3 1 6 6 0 8 8 5 0 1 0 5 5 6 0 5 1 5 5
split_gain=5.33465 5.06422 16.9681 12.4846 11.6276 9.5903 24.0973 20.2808 18.8266 10.1146 9.02605 7.41334 7.25476 7.09818 11.668 8.65328 8.22988 7.00596 6.06949 5.18698 4.81797 4.49543 0.989499 1.25099
threshold=0.99163165688514721 0.80562138557434093 0.92009389400482189 0.84273937344551098 0.38507877290248876 0.85880398750305187 0.79205974936485302 0.89672946929931652 0.90514093637466442 0.80982521176338207 1.0000000180025095e-35 1.0000000180025095e-35 0.67658114433288585 0.42644809186458593 0.40224719047546392 0.48313754796981817 0.572099268436432 0.21800179779529574 0.864302158355713 0.37573529779911047 0.501101315021515 0.88047617673873912 0.68435126543045055 0.70986828207969677
decision_type=2 2 2 2 2 2 2 2 2 2 2 2 2 2 2 2 2 2 2 2 2 2 2 2
left_child=1 2 13 22 -3 7 18 9 -8 -6 21 -9 -12 16 15 -15 17 -1 -7 -18 -16 -5 -4 -24
right_child=-2 4 3 10 5 6 8 11 -10 -11 12 -13 -14 14 20 -17 19 -19 -20 -21 -22 -23 23 -25
leaf_value=0.003614783290603117 0.043328648881787245 0.048383578053692679 0.051720202486574274 -0.056504078488511515 -0.0011195416137274067 0 -0.017017269616941891 -0.0090293075998428476 0.006604620808068333 0.036902050949021714 0.047274750377728492 -0.029020997518815008 -0.0041463948648660471 0 0.0011268811984326615 0.048518921318399688 0.030944990390156572 -0.029368340552080534 0.055217663237177493 -0.01642404216247911 -0.0039805179283856013 -0.0016252335079803978 0 0.0261159106569832
leaf_weight=43.407608446708764 12.363703199749578 20.472350893833209 60.242555634547898 10.8398300264962 193.75740683676486 14.279161925835067 380.49803414361668 251.22260644691414 475.37366209815809 50.539502546154836 31.713861227592133 303.47808599707059 22.48040577921347 32.809927856302238 3667.5038256303742 49.719799062317179 33.055682389247522 152.33539952403225 54.353221815959841 15.362426629566469 1725.0906157999634 42.647212814656086 7.5352798232706837 33.321967707190197
leaf_count=6270 48778 6639 11033 150 13550 2327 66440 4062 150161 2704 23889 52402 16647 30117 505776 15373 2168 139917 14488 593 152011 1831 1518 6706
internal_value=-0.000781143 -0.000901242 0.000188778 0.0223379 -0.00468784 -0.00554894 0 -0.0119389 -0.00374903 0.00668682 0.00150195 -0.0204142 0.0246932 -0.000610625 0 0.0289648 -0.0138164 -0.0213492 0.0439336 0.0127897 -0.000479506 -0.0193625 0.0419057 0.0198841
internal_weight=7684.4 7672.04 5928.07 208.781 1743.97 1723.5 924.504 798.998 855.872 244.297 107.681 554.701 54.1943 5719.29 5475.12 82.5297 244.161 195.743 68.6324 48.4181 5392.59 53.487 101.1 40.8572
internal_count=1275550 1226772 913999 61774 312773 306134 233416 72718 216601 16254 42517 56464 40536 852225 703277 45490 148948 146187 16815 2761 657787 1981 19257 8224
is_linear=0
shrinkage=0.08


Tree=159
num_leaves=31
num_cat=0
split_feature=5 1 5 0 3 1 4 4 1 0 0 8 4 1 4 5 8 3 0 1 5 3 0 0 1 1 0 4 5 0
split_gain=5.70545 5.21955 9.58695 7.57328 4.8429 14.6371 100.895 28.6118 11.6325 10.2715 5.98876 4.41268 2.59613 2.43154 7.61922 2.10215 1.92891 1.51609 2.40056 1.48074 2.15154 1.60989 1.37576 1.31367 1.18052 4.16448 2.38513 1.80812 0.821585 0.756245
threshold=0.98310789465904247 0.35767590999603277 0.65636926889419567 0.39827586710453039 0.7454303801059724 0.78319624066352855 4.5000000000000009 3.5000000000000004 0.68614074587821972 0.63686314225196849 0.58885449171066295 0.75000000000000011 12.500000000000002 0.55217784643173229 15.500000000000002 0.69056183099746715 0.75000000000000011 0.47690120339393621 0.48528139293193823 0.38507877290248876 0.23693957179784778 0.49295215308666235 0.16843971610069278 0.49731183052062994 0.78910306096076976 0.87570226192474376 0.82891985774040233 1.5000000000000002 0.42672246694564825 0.37952858209609991
decision_type=2 2 2 2 2 2 2 2 2 2 2 2 2 2 2 2 2 2 2 2 2 2 2 2 2 2 2 2 2 2
left_child=1 2 11 13 5 7 -7 -5 10 -10 -6 12 23 19 -15 -16 29 28 -19 21 -21 -3 -14 -1 -18 26 27 -26 -13 -2
right_child=16 3 -4 4 8 6 -8 -9 9 -11 -12 17 22 14 15 -17 24 18 -20 20 -22 -23 -24 -25 25 -27 -28 -29 -30 -31
leaf_value=-0.02397465731852718 0 -0.029471559054749331 0.049325982925776175 -0.012254172585483366 -0.0018008724043822326 0.012905654263917822 -0.06492862170376125 0.0073542294603458017 0.01122656621178395 -0.0017642482170112995 0.018841621002114031 0 0.029057852617656754 0.035337801681760921 -0.041837372694175444 0 0.023914779762750766 -0.016647105505935705 0.030283020132387952 0 -0.058582802664754727 0.0073617062626212528 0 0 0 0.01330715860100078 0 -0.084732637934050531 0.046472346562436519 0.044245367617990014
leaf_weight=42.7852997067057 0.40021708222048147 6.2911785666692586 31.821335748340061 806.39244455797962 105.42250697387863 270.05238790041039 167.27634312436567 1144.5935239919672 423.25758179802142 4181.2999660287569 313.34260102912231 10.7092269572604 6.6821616715897099 11.533956845145442 18.924283676613417 1.5406476005446155 6.3864958041922391 11.41276524361456 6.7932859979118794 3.0522805261280181 21.404124661399692 8.8031856970483187 46.675391435692291 7.3446165270579504 0.62098033654183371 8.608312666838172 1.1003178784121699 2.2598388359292585 13.704063625162233 21.527415619668318
leaf_count=43236 354 6630 8081 142479 15957 17976 10028 320466 33120 505945 39184 579 841 1308 5090 291 10317 936 318 1170 20725 6014 31177 3711 673 38607 1337 1456 1396 6767
internal_value=-0.000521861 -0.000710258 0.0125751 -0.0010557 -0.000774351 -0.00374564 -0.0169013 -0.000679232 0.000608836 -0.000524521 0.0133075 0.00214474 -0.00568204 -0.0261552 -0.00287784 -0.0334087 0.0275126 0.0231107 0 -0.03896 -0.051077 -0.00354097 0.0042601 -0.0185932 0 -0.0077012 -0.053061 -0.0717323 0.0345627 0.0418189
internal_weight=7702.02 7661.12 177.928 7483.19 7411.64 2388.31 437.329 1950.99 5023.32 4604.56 418.765 146.107 103.487 71.5497 31.9989 20.4649 40.9036 42.6193 18.2061 39.5508 24.4564 15.0944 53.3576 50.1299 18.9759 12.5894 3.98114 2.88082 24.4133 21.9276
internal_count=1276169 1216658 90275 1126383 1085155 490949 28004 462945 594206 539065 55141 82194 78965 41228 6689 5381 59511 3229 1254 34539 21895 12644 32018 46947 52390 42073 3466 2129 1975 7121
is_linear=0
shrinkage=0.08


Tree=160
num_leaves=31
num_cat=0
split_feature=1 0 0 4 2 1 6 4 1 0 0 3 2 1 0 1 4 6 3 3 6 6 2 1 6 8 6 2 4 2
split_gain=5.16809 31.4372 23.0781 44.1211 34.6411 58.9869 52.3057 35.0499 29.9916 50.891 26.6856 24.755 22.2868 69.1307 20.1079 17.7561 15.9537 20.8659 14.2473 13.0325 11.7629 13.1817 10.5515 10.3024 13.8232 18.8156 10.1384 24.7512 13.9861 13.5006
threshold=0.59611794352531444 0.55612829327583324 0.51649147272109996 7.5000000000000009 0.598850578069687 0.72377106547355663 1.0000000180025095e-35 6.5000000000000009 0.66300368309021007 0.598850578069687 0.61257407069206249 0.87570226192474376 0.64899963140487682 0.76631206274032604 0.69614070653915416 0.70438539981842052 2.5000000000000004 0.28212994337081915 0.72255688905715953 0.71535181999206554 1.0000000180025095e-35 0.64888572692871105 0.5388936996459962 0.50287356972694408 0.66915422677993786 1.0000000180025095e-35 0.22287581861019137 0.50878274440765392 2.5000000000000004 0.50287356972694408
decision_type=2 2 2 2 2 2 2 2 2 2 2 2 2 2 2 2 2 2 2 2 2 2 2 2 2 2 2 2 2 2
left_child=1 23 3 19 5 6 22 10 9 -6 -7 -8 13 -10 -11 -14 -3 -18 -9 -2 -5 -22 -4 24 25 -1 29 28 -28 -25
right_child=2 16 4 20 8 7 11 18 12 14 -12 -13 15 -15 -16 -17 17 -19 -20 -21 21 -23 -24 26 -26 -27 27 -29 -30 -31
leaf_value=-0.03680045526768471 0.079849057854374447 -0.0033430710923772712 0.014775036085102809 0.019465748492848857 -0.068507908189498298 0.069997510175162841 -0.074137382636136076 -0.078955135015664049 -0.062586948363678729 0.019089112059103356 0.0048155963400114956 0.033793469217953259 0.019175783101539601 0.0048255721684433697 0.06644818857693173 -0.00091471806294542764 -0.016298839944762021 0.036485760312958207 -0.010657822350375452 -0.0074919500450294609 -0.059754611924326809 0.0018246111759568928 -0.029226987014409102 0.056281002307856903 0.019168385854720991 0.0036988579770983912 0.00061556145568514862 -0.0064444737494958665 -0.092776928920618701 -0.020758707799823618
leaf_weight=101.36833714272871 72.963763416195434 121.74835158911083 80.394660222809762 74.313098682323471 29.444966634706361 59.331465842340549 193.11325199905332 20.180294768531894 144.57644669046931 229.24738002650702 125.60810581573605 9.7056356248940556 294.80612424306673 266.27805195556357 83.820144162851648 4552.2420067533549 48.879239253707055 314.75628774761572 142.43606999356416 7.9845412545255376 31.332355340888171 44.665728499225224 52.843064558226615 18.673888368510234 163.30597460373974 216.62287220152211 8.8458738671142765 109.34658128908268 40.805010434258293 30.043206839567574
leaf_count=239626 6574 26177 1322 1063 5384 2874 48528 4162 13530 25383 9144 1288 22684 18738 8728 567779 4651 64175 12300 801 22328 4178 908 1887 18314 54605 5934 47313 33513 2342
internal_value=2.72072e-05 0.00492037 -0.000833355 0.0236669 -0.00177853 -0.0187144 -0.0423962 0.00400656 0.000275042 0.0230603 0.0278615 -0.0675138 -0.00119934 -0.0189789 0.0331172 0.000292748 0.0204832 0.0288317 -0.0221903 0.0694377 -0.00139408 -0.0237093 -0.00194498 -0.00588115 0.000270415 -0.00908586 -0.0205585 -0.0303543 -0.0746763 0.008283
internal_weight=7689.68 1174.4 6515.29 231.259 6284.03 683.613 336.057 347.556 5600.42 342.512 184.94 202.819 5257.9 410.854 313.068 4847.05 485.384 363.636 162.616 80.9483 150.311 75.9981 133.238 689.012 481.297 317.991 207.715 158.997 49.6509 48.7171
internal_count=1276233 498537 777696 34944 742752 80526 52046 28480 662226 39495 12018 49816 622731 32268 34111 590463 95003 68826 16462 7375 27569 26506 2230 403534 312545 294231 90989 86760 39447 4229
is_linear=0
shrinkage=0.08


Tree=161
num_leaves=31
num_cat=0
split_feature=6 6 5 5 5 6 2 6 4 9 6 0 3 6 5 5 1 0 6 0 1 9 0 3 3 5 0 0 5 5
split_gain=6.44187 5.44077 24.7746 18.8201 15.8473 19.7973 21.1748 14.8389 10.1126 8.77856 12.7734 9.76304 8.15904 8.09886 15.3834 14.9845 7.63097 10.2573 7.12254 6.59752 6.07454 5.76372 5.37801 5.28967 4.5644 4.45166 2.77709 2.68045 2.4989 2.91476
threshold=0.99086740612983715 0.42674797773361212 0.3080128282308579 0.42482461035251623 0.41394501924514776 0.64888572692871105 0.68020617961883556 0.35266107320785528 3.5000000000000004 1.0000000180025095e-35 0.9656645953655244 0.61620295047760021 0.9569842815399171 0.63202878832817089 0.51449581980705272 0.57979589700698864 0.44315245747566229 0.48808848857879644 0.86978259682655346 0.58643677830696117 0.99565216898918163 1.0000000180025095e-35 0.62258651852607738 0.88493064045906078 0.80217391252517711 0.34299720823764807 0.51000401377677929 0.56294015049934398 0.96881943941116344 0.93555310368537914
decision_type=2 2 2 2 2 2 2 2 2 2 2 2 2 2 2 2 2 2 2 2 2 2 2 2 2 2 2 2 2 2
left_child=1 2 7 21 5 8 18 16 19 10 11 -6 27 15 -15 -11 -1 -18 -7 -3 -10 23 26 -4 -23 -8 -2 -9 29 -28
right_child=22 4 3 -5 9 6 25 12 20 13 -12 -13 -14 14 -16 -17 17 -19 -20 -21 -22 24 -24 -25 -26 -27 28 -29 -30 -31
leaf_value=-0.033101174556211366 0.016906094426018987 0.039111001625031325 -0.0278650251118003 0.023940564746276705 0.012438055002355026 -0.043988439530238746 -0.0071612290507589108 0 0.036503144809779155 -0.020353452443143825 0.050576080523495923 -0.00026230091799972775 -0.0094018209220830037 0.02113829200494453 -0.0036098964786842719 0.015380147870126095 0.024855406463776306 -0.0011451288522132677 0.024115463568481422 0 0 -0.025547784985890332 0.039070579139003137 -0.0020156976255387227 -0.070012634500639798 0.02931093737541518 0 0.07333096087671874 0 -0.083813433524523528
leaf_weight=40.087436946523667 3.8602597783101364 27.282067354186438 159.41901692717511 44.991822976768162 487.63136299384132 79.602249780393322 20.569919636640407 6.2693247109346002 234.46813877551176 368.26929500498227 31.463454456756153 1706.6165741568984 7.1667346117610569 171.59270267855027 1709.6278084977166 84.917896771527012 97.336737450448709 1866.019614339195 4.7619240350468308 159.3413778681861 41.342797726945719 70.862945606997528 43.730644078415935 94.901886822932283 35.119434400243335 58.808178139559459 4.0260063721689203 25.306877602306486 1.7582607270232982 2.3116178435302572
leaf_count=32171 6780 5743 194071 32445 39491 1940 2187 13940 25621 32740 28836 241026 481 13795 204079 2471 17888 82785 580 6049 1367 174541 76773 7379 11877 6186 2331 5306 3858 628
internal_value=0.000167724 -1.77149e-05 -0.00314352 -0.0210899 0.00142818 0.0133126 -0.00971269 0.000382798 0.0218246 -0.000181492 0.00337229 0.00250923 0.0465228 -0.00363816 -0.00121765 -0.0132137 -0.000543398 0.000122469 -0.0372197 0.00611131 0.0315889 -0.0274016 0.026132 -0.019061 -0.0442142 0.0180991 -0.00932196 0.0631403 -0.0357255 -0.0537108
internal_weight=7689.46 7633.78 2447.48 405.295 5186.3 626.177 163.742 2042.19 462.434 4560.12 2225.71 2194.25 38.7429 2334.41 1881.22 453.187 2003.44 1963.36 84.3642 186.623 275.811 360.303 55.6868 254.321 105.982 79.3781 11.9561 31.5762 8.09588 6.33762
internal_count=1275365 1184995 572884 420313 612111 49673 10893 152571 38780 562438 309353 280517 19727 253085 217874 35211 132844 100673 2520 11792 26988 387868 90370 201450 186418 8373 13597 19246 6817 2959
is_linear=0
shrinkage=0.08


Tree=162
num_leaves=31
num_cat=0
split_feature=7 1 0 2 1 4 5 0 1 3 1 2 0 4 1 6 6 6 3 3 5 4 6 5 2 5 5 3 4 5
split_gain=4.90999 4.20597 13.2036 12.1217 34.7231 19.073 18.2373 11.5423 20.3774 17.2329 14.0061 21.3444 13.737 11.4474 8.24822 7.97881 6.09361 5.86863 4.22691 4.1887 3.80847 3.46909 5.44395 2.65255 2.20186 1.63263 1.60059 1.11753 1.03192 0.655064
threshold=1.0000000180025095e-35 0.41223156452178961 0.48313754796981817 0.41421362757682806 0.54950982332229625 12.500000000000002 1.0000000180025095e-35 0.46841755509376531 0.55403152108192455 0.77849927544593822 0.56562754511833202 0.598850578069687 0.61257407069206249 13.500000000000002 0.44562648236751562 0.68505835533142101 0.4419247061014176 0.91342368721961986 0.76138716936111461 0.50316455960273754 0.57979589700698864 24.500000000000004 0.37368187308311468 0.51935565471649181 0.30532014369964605 0.34299720823764807 0.60156488418579113 0.86319074034690868 15.500000000000002 0.94553062319755565
decision_type=2 2 2 2 2 2 2 2 2 2 2 2 2 2 2 2 2 2 2 2 2 2 2 2 2 2 2 2 2 2
left_child=1 2 13 4 6 17 24 8 14 -10 12 -12 -9 15 -5 26 -4 -6 -8 -17 -7 22 -15 27 -3 -23 -1 -18 -25 -2
right_child=29 3 16 7 5 20 18 10 9 -11 11 -13 -14 21 -16 19 23 -19 -20 -21 -22 25 -24 28 -26 -27 -28 -29 -30 -31
leaf_value=-0.033930998357759007 0.044989391506309498 0.048406121022104447 0 0.025133403753751313 0.036442446437396227 -0.046279311189157978 -0.092886822821054926 0.0025740835905522209 0.08017750653588504 0 -0.013133797524413298 6.1066406869608484e-06 0.031386165620370318 -0.011794789253949814 -0.022194928162104808 0.02901239366025481 0.076194860064784972 -0.015332801154126082 0 -0.014953061327946516 0 0.017218868202488927 0.036365030532975566 0.02389608497937834 -0.0006570368565467445 -0.021318039776949838 0 0 0 0
leaf_weight=74.3355406452647 12.252292901783219 1.6319161772262294 15.678939198034639 31.906958158073394 67.022992484951828 35.154050405897578 46.632043726278425 357.40427610880943 43.214729651594098 23.698452717853797 911.60213908232981 5606.2625217597433 155.42734936645502 10.703455020426189 56.507776274418575 25.75981006227812 23.034349270426905 9.5974264145988837 1.5083389436076675 15.938680351428046 7.5211234027519813 3.0224399425642359 65.958201170909888 20.970519308950319 9.1965820968034659 13.833322202608541 8.8847998658893612 1.2179929904814333 2.2136625630009794 1.8777036818246404
leaf_count=88384 23103 232 14468 28480 10411 11583 37105 143312 8620 2948 127653 638170 25570 22723 38944 4485 1718 620 444 791 1593 3266 20775 4046 1405 7000 193 121 536 7501
internal_value=-0.000314149 -0.000435851 0.00902753 -0.000825247 -0.0211549 0.002951 -0.0688419 -0.000284318 0.0209047 0.0526909 -0.000789708 -0.0018158 0.0118341 0 -0.0029713 -0.0161288 0.0397923 0.0274548 -0.0887355 0.00897927 -0.0359533 0.020015 0.0273712 0.0529209 0.00958383 -0.00472883 -0.0303191 0.0729344 0.0170835 0.0400777
internal_weight=7659.97 7645.84 281.552 7364.29 178.264 119.296 58.9689 7186.02 155.328 66.9132 7030.7 6517.86 512.832 218.436 88.4147 124.919 63.1155 76.6204 48.1404 41.6985 42.6752 93.5174 76.6617 47.4365 10.8285 16.8558 83.2203 24.2523 23.1842 14.13
internal_count=1276200 1245596 168506 1077090 63393 24207 39186 1013697 78992 11568 934705 765823 168882 147617 67424 93853 20889 11031 37549 5276 13176 53764 43498 6421 1637 10266 88577 1839 4582 30604
is_linear=0
shrinkage=0.08


Tree=163
num_leaves=31
num_cat=0
split_feature=9 2 0 4 3 0 2 3 5 3 0 4 5 8 0 0 3 3 0 2 3 2 2 0 2 0 4 4 8 5
split_gain=5.21667 7.41069 11.1392 14.6602 19.1827 53.077 24.6102 10.2699 8.49154 15.6898 21.1974 12.4038 12.0144 7.88279 7.38728 6.00761 9.5544 8.68646 5.90537 14.5696 8.13487 15.629 10.7715 11.2708 23.4182 9.89638 11.5665 7.64786 7.26484 9.31443
threshold=1.0000000180025095e-35 0.65733855962753307 0.79502627253532421 1.5000000000000002 0.91458967328071605 0.94474968314170849 0.83910790085792553 0.76253134012222301 0.48110784590244299 0.87026646733284008 0.6569296419620515 16.500000000000004 0.93359273672103893 1.0000000180025095e-35 0.87559524178504955 0.53694942593574535 0.64051282405853283 0.74322345852851879 0.60495716333389293 0.51649147272109996 0.7577352523803712 0.64051282405853283 0.60495716333389293 0.75513628125190746 0.75582656264305126 0.73735308647155773 1.0000000180025095e-35 2.5000000000000004 1.0000000180025095e-35 0.6088932752609254
decision_type=2 2 2 2 2 2 2 2 2 2 2 2 2 2 2 2 2 2 2 2 2 2 2 2 2 2 2 2 2 2
left_child=18 8 15 4 6 -6 -4 -5 -2 10 13 -11 -12 -10 -9 -3 -17 -18 19 28 22 25 -20 -24 -25 27 -27 -22 29 -1
right_child=1 2 3 7 5 -7 -8 14 9 11 12 -13 -14 -15 -16 16 17 -19 20 -21 21 -23 23 24 -26 26 -28 -29 -30 -31
leaf_value=-0.02849947890737219 -0.00020521050830829183 0.050122182905902389 -0.031283669905527292 -0.037216398200548853 -0.098629627168533032 0 0.028322726667057995 -0.0027513374660597572 0.0010295160519774311 0.030572860165532716 -0.055237661475079705 -0.036304287777619633 0.0047903532316036094 -0.019541840723452088 0.012856058370165535 -0.031493144862866924 0.017926266894910996 0.0019951112838431082 -0.022944882197889475 0.018309224839332196 0.042495052959048658 0.00032105149668918217 0.004630304000209676 -0.077896284164980054 0 -0.021749162743606415 0.051392089325366368 0 0.0052013920169742267 0.0095452404840377196
leaf_weight=110.17700025712838 687.34901391487438 15.717731108645237 81.310001170382748 38.140944858445437 54.828905587273766 91.053382539885206 86.047785334820219 516.80577325186823 222.00879725213599 76.481160414041369 115.27942114379766 16.288928010129894 19.230183967942139 221.21983406415166 295.04540933903627 36.830693866177171 321.75924790435965 756.33568410892258 189.83706530467316 435.91190394623118 28.947854401500081 2073.1646220449584 454.95740939467214 30.028343071273412 87.324617667269194 10.150756247694515 84.455167274372798 155.15959528911844 309.7701825872573 53.028325653664069
leaf_count=168362 269322 1801 4179 1152 9670 74213 13879 39542 13426 13916 7697 1272 3350 22267 56476 2787 22352 57739 25130 63960 1957 276980 35262 1928 3494 2150 11680 13243 54504 833
internal_value=0.000143538 -0.00202173 0.000689839 -0.00471799 -0.0193813 -0.0400744 0 0.000580341 -0.0067056 -0.0130815 -0.0181126 0.0159377 -0.0456448 -0.00898435 0.00276885 0.0063907 0.00541031 0.00695832 0.00214881 0.00781432 0.000434054 0.00281036 -0.00666084 -0.000830291 -0.0226319 0.0204308 0.0412402 0.0080838 -0.00161378 -0.0152706
internal_weight=7674.65 3651.73 2293.88 1163.23 313.24 145.882 167.358 849.992 1357.86 670.508 577.738 92.7701 134.51 443.229 811.851 1130.64 1114.93 1078.09 4022.91 908.887 3114.03 2351.88 762.147 572.31 117.353 278.713 94.6059 184.107 472.976 163.205
internal_count=1274523 615040 283790 199111 101941 83883 18058 97170 331250 61928 46740 15188 11047 35693 96018 84679 82878 80091 659483 287659 371824 306010 65814 40684 5422 29030 13830 15200 223699 169195
is_linear=0
shrinkage=0.08


Tree=164
num_leaves=31
num_cat=0
split_feature=1 0 4 6 0 3 0 4 2 1 2 4 3 6 3 1 0 3 0 0 1 1 3 2 0 3 1 1 4 0
split_gain=6.29618 21.4099 16.0958 18.3918 13.6766 20.7517 13.0188 27.738 20.7381 41.6501 29.4254 23.1459 22.0573 18.8356 13.707 12.4319 33.7477 21.8857 14.3413 12.8251 12.3752 11.695 9.36652 8.90844 8.36242 20.6684 10.0973 7.75436 7.36571 7.123
threshold=0.54201978445053112 0.49731183052062994 4.5000000000000009 0.37848961353302008 0.33520600199699407 0.61451050639152538 0.4712491780519486 17.500000000000004 0.54641148447990429 0.66300368309021007 0.38757823407649999 6.5000000000000009 0.6832355558872224 0.2623975276947022 0.99462366104125988 0.62258651852607738 0.55848154425621044 0.64346247911453258 0.57919329404830944 0.66978195309638988 0.76239567995071422 0.48528139293193823 0.71330726146698009 0.43159537017345434 0.57735043764114391 0.6900656819343568 0.47413024306297308 0.55898165702819835 5.5000000000000009 0.39250700175762182
decision_type=2 2 2 2 2 2 2 2 2 2 2 2 2 2 2 2 2 2 2 2 2 2 2 2 2 2 2 2 2 2
left_child=1 4 -3 -4 -1 -6 7 14 9 10 28 22 -13 -12 -2 16 27 20 -19 -18 -17 29 -11 -9 26 -26 -5 -10 -8 -7
right_child=6 2 3 24 5 21 8 23 15 11 13 12 -14 -15 -16 17 19 18 -20 -21 -22 -23 -24 -25 25 -27 -28 -29 -30 -31
leaf_value=0.017177391542641897 0.065401226527918965 0 -0.011947927194900539 0.049543666709276651 -0.029260077334778367 -0.0098253295072701849 0.049230308941719002 -0.056343871078548345 0 -0.001868874433500121 -0.014133179807614771 -0.10848782210082225 -0.008905250431238609 -0.074684229877798602 0 -0.037997832108760711 0.012482023637071569 0.022849604639646741 -0.00050983268593364527 0.048267276976964077 8.6420540036164146e-06 -0.02824440854223793 0.033773425342139972 0.015692401887668933 0.089364016094193227 0.0071902626034322584 0.00047573230523316712 -0.064515592684516648 -0.01621785607703553 0.045318506890828759
leaf_weight=107.62787427398871 66.094988796561665 151.59287609774037 42.714895869983593 48.504759753668623 203.96587915414602 12.202823477458876 19.599239415911146 23.901370274032161 22.7812552253381 63.03556760511492 58.447759796006721 11.968551424597534 133.42919352533863 118.09709347281751 25.275993359442509 149.14082496497213 252.61618174969408 168.4718994168361 5412.9460022423391 94.62705227767583 72.212460411465145 20.923011631111876 116.75662888114675 10.292271566504494 56.49760328609409 36.769073184957961 67.839804047453072 31.439867839661019 11.628198020618582 53.801305146607774
leaf_count=43253 13343 54494 38029 9304 196977 5883 2804 9520 6430 4461 3447 3726 16901 49597 2282 17519 39595 14116 641106 12099 5316 10583 9212 2612 5481 7738 14306 9735 3404 21773
internal_value=0.000137116 0.00683642 0.0197988 0.0319881 -0.0059876 -0.0152446 -0.000627321 0.02434 -0.00113409 -0.0162045 -0.0437499 0.0013064 -0.0215005 -0.0564606 0.0473834 0.000146746 0.0136937 -0.000773934 0.000186438 0.0232348 -0.0251657 0.0157036 0.0206989 -0.0313429 0.0417568 0.0606106 0.0234495 -0.0415103 0.021568 0.0328962
internal_weight=7665.2 802.44 403.919 252.326 398.521 290.893 6862.76 125.565 6737.2 532.962 207.772 325.19 145.398 176.545 91.371 6204.24 401.464 5802.77 5581.42 347.243 221.353 86.9271 179.792 34.1936 209.611 93.2667 116.345 54.2211 31.2274 66.0041
internal_count=1275046 407821 129352 74858 278469 235216 867225 27757 839468 93552 59252 34300 20627 53044 15625 745916 67859 678057 655222 51694 22835 38239 13673 12132 36829 13219 23610 16165 6208 27656
is_linear=0
shrinkage=0.08


Tree=165
num_leaves=31
num_cat=0
split_feature=5 6 5 6 2 8 6 6 6 5 5 3 5 3 0 8 3 2 1 0 1 1 3 1 2 0 0 0 3 8
split_gain=5.2898 22.3062 26.3595 25.9639 15.0874 14.958 15.435 12.9899 13.2827 13.6032 12.57 12.3742 11.835 10.3854 20.8864 16.8859 13.9603 64.0869 41.6461 27.253 43.9589 21.0639 12.3094 14.8736 8.11291 8.04479 6.72511 6.2063 6.09671 6.7708
threshold=0.501101315021515 0.50108224153518688 0.33260554075241094 0.35651239752769476 0.98529094457626354 0.75000000000000011 0.43683740496635443 0.87386798858642589 0.70782846212387096 0.36074022948741918 0.27605257928371435 0.61633428931236278 0.36854232847690588 0.96459901332855236 0.92390406131744396 1.0000000180025095e-35 0.94494947791099559 0.8019607961177827 0.90353596210479747 0.88273492455482494 0.99565216898918163 0.91331186890602123 0.99462366104125988 0.99565216898918163 0.88036698102951061 0.42163743078708654 0.79277813434600841 0.65240275859832775 0.95488464832305919 1.0000000180025095e-35
decision_type=2 2 2 2 2 2 2 2 2 2 2 2 2 2 2 2 2 2 2 2 2 2 2 2 2 2 2 2 2 2
left_child=1 2 3 10 13 6 27 8 11 -10 -1 25 -13 16 22 24 19 -18 -19 21 -21 -2 -15 -24 -16 -3 -7 -4 29 -5
right_child=4 7 5 28 -6 26 -8 -9 9 -11 -12 12 -14 14 15 -17 17 18 -20 20 -22 -23 23 -25 -26 -27 -28 -29 -30 -31
leaf_value=0.0020062301423998678 -0.0087992373636760265 0.0011485879337542763 -0.058978386530982155 0.0090729933093360356 0.039782734610321155 0.0044175419033262503 -0.0077200674758906062 0.044859064769649841 -0.046732263904624684 0.0020610361136765738 -0.028834654820615872 0.031311755540864697 0.0023058887796217585 0.043079227915145277 0.0069005414496527799 0.020095941860770985 0.038938522309794742 0.012379361108660721 -0.087591455644065508 0.037595325531479609 -0.071673849515059618 0.011788592677412503 0.054056558038885587 0.0022636062009787762 -0.078755690478598803 0.050838265141011849 -0.025707454648056405 -0.025334063658706784 0 0.061810027161985713
leaf_weight=1966.4899698249319 2231.8586191000068 35.753399034467293 77.33405434652741 32.793780243795482 48.356502601360262 256.39574288879521 216.23315309468308 70.48720627743387 36.802977980194555 254.78602988376588 83.13422448887286 119.25475045922212 384.28916633829795 59.888617316413729 3.6910444288805584 14.907329585301339 57.379635860619601 32.282820110143803 86.979037633802363 183.73747250314045 21.400026474380866 360.29926598782549 33.542437119645911 592.15009239024585 34.534029709146125 89.342128942429554 52.538736631977372 139.28525450989764 23.3515343064646 63.652460053268442
leaf_count=86001 169302 1559 307035 37670 135727 6736 45581 13811 1878 22475 102620 3832 13033 11723 446 30520 15086 3965 24800 47870 936 23736 4107 105966 2599 3677 963 45709 1210 4977
internal_value=-0.00010302 0.00193739 -0.0015466 0.00284831 -0.00226213 -0.0145472 -0.0240702 0.0122921 0.0093957 -0.00424196 0.000610303 0.0159575 0.00973031 -0.00290556 0.0054551 -0.0401411 -0.0050417 -0.0266793 -0.0598336 -0.00357308 0.0240007 -0.00585882 0.00948554 0.00570038 -0.0669416 0.0384563 -0.000523828 -0.0391268 0.0382979 0.0467865
internal_weight=7662.93 3901.92 2911.21 2169.42 3761.01 741.787 432.852 990.716 920.228 291.589 2049.62 628.639 503.544 3712.65 738.714 53.1324 2973.94 176.641 119.262 2797.3 205.137 2592.16 685.581 625.693 38.2251 125.096 308.934 216.619 119.798 96.4462
internal_count=1275550 698767 638502 232478 576783 406024 398325 60265 46454 24353 188621 22101 16865 441056 155361 33565 285695 43851 28765 241844 48806 193038 121796 110073 3045 5236 7699 352744 43857 42647
is_linear=0
shrinkage=0.08


Tree=166
num_leaves=31
num_cat=0
split_feature=9 6 2 3 6 5 0 6 5 5 0 0 6 6 5 0 0 3 5 3 4 4 3 6 6 0 5 3 0 4
split_gain=5.17211 12.5913 6.80626 6.33406 9.09425 11.8341 6.26611 6.12123 12.82 11.3517 7.61062 7.15875 7.34927 6.58773 13.5745 8.54179 6.01096 6.27384 12.4065 12.7895 12.5914 11.706 6.88697 5.93422 7.7079 12.4775 7.70766 5.00609 4.55356 3.68454
threshold=1.0000000180025095e-35 0.96435630321502697 0.53410854935646068 0.6789083480834962 0.35751490294933325 0.32600644230842596 0.71503761410713207 0.69710868597030651 0.68435126543045055 0.35270009934902197 0.93957647681236278 0.80982521176338207 0.85372987389564525 0.36253654956817633 0.28996570408344274 0.77836257219314586 0.76506900787353527 0.54415586590766918 0.5247064232826234 0.88047617673873912 13.500000000000002 14.500000000000002 0.51925924420356762 0.99086740612983715 0.9656645953655244 0.88989898562431347 0.93156540393829357 0.96693986654281627 0.39250700175762182 7.5000000000000009
decision_type=2 2 2 2 2 2 2 2 2 2 2 2 2 2 2 2 2 2 2 2 2 2 2 2 2 2 2 2 2 2
left_child=1 7 16 4 -4 -6 -7 8 13 11 27 12 -9 14 -1 -15 17 21 20 -20 -19 22 -2 24 26 -26 -5 -11 -23 -25
right_child=2 -3 3 23 5 6 -8 9 -10 10 -12 -13 -14 15 -16 -17 -18 18 19 -21 -22 28 -24 29 25 -27 -28 -29 -30 -31
leaf_value=0.0019353801412440553 -0.021234152642717864 0.045330974287397963 -0.01386129847592066 -0.0024980605630426657 0.09153104957995592 0.015266089982366393 -0.025560206680099631 -0.070905868792303331 0.048035662925991929 -0.0044288647065427421 0.032502573855690831 0.013781169600109937 0.011830213096821932 0.012005339277061636 -0.02590103872398436 -0.0020126623108655461 0.025889722969043977 0.0047336547914178144 -0.038224425925057197 0.022591613749273796 -0.035849591943793169 0.0067536754843992566 0.024130271624449397 0.042098915217949541 -0.029127073436343399 0.03018944506180728 0.014776700430107856 0.007069570608392286 0.078672228877635031 0
leaf_weight=1047.677753752374 78.866930144642538 37.969461652859536 74.721260902631911 2300.860801295381 8.396089206231407 264.19651356756731 19.221247479170415 28.562862548758861 37.407190941623412 1188.3269749844003 36.68264137208098 5.3006645326749995 3.142683442834822 828.29533043428091 119.99832020586837 388.91096988520439 21.772044390909286 209.60507592749491 174.99695346786029 18.450410585239297 57.125828316293337 19.849879399793284 21.475392238793575 26.447589307585076 133.23867703422002 20.396639712926117 171.55707622008777 291.40629903311856 10.334265250126917 12.016617696866886
leaf_count=61280 59290 48532 15817 198881 1756 31239 1293 646 3083 115014 76133 1324 514 151932 131061 19293 4862 92664 12748 2092 36876 9668 17700 55571 17540 16812 26547 50747 5642 8424
internal_value=0.000115602 0.00211499 -0.00204294 -0.000427282 0.00929009 0.0158909 0.0115474 0.00160565 0.00413959 -0.00224352 -0.000995668 -0.0433631 -0.0578516 0.00328507 -0.000887078 0.00740561 -0.00971125 -0.0114983 -0.0159118 -0.0311947 -0.00386897 0.00289408 -0.00932184 -0.00183885 -0.00237586 -0.0195403 -0.00120741 -0.00204051 0.0436051 0.0271989
internal_weight=7657.21 4013.68 3643.53 3031.05 366.535 291.814 283.418 3975.71 2422.29 1553.42 1516.42 37.0062 31.7055 2384.88 1167.68 1217.21 612.477 590.705 460.178 193.447 266.731 130.526 100.342 2664.52 2626.05 153.635 2472.42 1479.73 30.1841 38.4642
internal_count=1274981 659559 615422 373880 50105 34288 32532 611027 366649 244378 241894 2484 1160 363566 192341 171225 241542 236680 144380 14840 129540 92300 76990 323775 259780 34352 225428 165761 15310 63995
is_linear=0
shrinkage=0.08


Tree=167
num_leaves=31
num_cat=0
split_feature=4 1 6 8 1 2 1 4 1 2 2 2 1 4 4 4 2 4 4 6 2 1 6 4 5 1 1 2 1 2
split_gain=3.89327 4.62868 13.0048 7.69664 4.71791 25.4525 23.1041 54.4757 21.9679 31.1428 26.7154 21.8079 21.3924 20.5982 32.9961 10.1883 7.46567 4.68908 3.72562 3.49553 3.35782 2.55918 2.47863 2.37933 2.17147 2.02429 1.63689 1.56707 1.55028 1.09641
threshold=25.500000000000004 0.42163743078708654 0.44923661649227148 0.75000000000000011 0.92031747102737438 0.88036698102951061 0.99565216898918163 1.5000000000000002 0.87298336625099193 0.77836257219314586 0.78142958879470836 0.83910790085792553 0.93957647681236278 10.500000000000002 8.5000000000000018 1.0000000180025095e-35 0.52419984340667736 12.500000000000002 8.5000000000000018 0.75887238979339611 0.16108107566833499 0.89386734366416942 0.66915422677993786 14.500000000000002 0.35663852095603948 0.41712453961372381 0.37573529779911047 0.37866288423538214 0.18808962404727939 0.52419984340667736
decision_type=2 2 2 2 2 2 2 2 2 2 2 2 2 2 2 2 2 2 2 2 2 2 2 2 2 2 2 2 2 2
left_child=1 2 3 25 5 8 7 11 10 -10 -3 -6 -9 14 -8 21 -15 22 -17 28 -19 -7 24 -5 -4 -1 -24 -22 -2 -30
right_child=19 4 17 23 6 15 13 12 9 -11 -12 -13 -14 16 -16 18 -18 20 -20 -21 27 -23 26 -25 -26 -27 -28 -29 29 -31
leaf_value=-0.039278543289837278 0 -0.0033941159448734261 0.029117471132338091 0 0.043213022757189017 0.014624833277293114 0.00030288927729113247 0.01597629816930619 0.00079877139990036682 -0.037443664825035666 0.013530001509235109 -0.035646459030536634 0.061863975681517087 -0.0099346151178013077 -0.031381738543785301 0.03709300251404047 0.019942903709651523 -0.0060605817934516314 -0.021246871151206208 0.0063213437798832744 0.023899668677086258 -0.020168469946010376 0.030136772902604712 0.046509876474195008 -0.0068381045073952328 0 0 0.06314558648041102 -0.050437726271871909 0
leaf_weight=46.815269780152448 3.2539288874249932 3809.7623325743825 7.4176144662778816 12.28423805953935 21.561861703994509 13.540743604924499 1025.4253236583772 149.32766246303072 264.59502878552667 259.24829925638915 701.54047276724305 114.03420667472164 138.88495524179962 53.178029636532301 256.5515681793695 158.77675856699352 320.29627623109263 4.0842248250555704 0.70838984358124335 7.4040605290392696 61.787474280954484 28.756432473706809 34.461381634959253 5.3856192721868856 67.058518249585177 2.2817938707448766 25.244516082802875 20.558012281184347 19.877083451585353 4.2599837400375682
leaf_count=137543 428 562685 701 1243 5293 1538 271497 20698 13728 14422 41751 43833 28829 6073 9436 22684 36378 1231 14 3772 9148 4069 5831 521 7852 6654 2929 2602 11565 335
internal_value=0.000117925 0.000269194 0.0101458 -0.0186511 -0.000103565 -0.00140469 0.00309227 0.0196627 -0.0025609 -0.0179998 -0.0007148 -0.0208778 0.0393124 -0.00109998 -0.00601086 0.0260372 0.0151909 0.0197903 0.0352232 -0.0247981 0.0345076 -0.00527855 0.00826193 0.0178685 0 -0.0351887 0.0197986 0.0385833 -0.037827 -0.0439454
internal_weight=7638.36 7603.57 287.379 66.7669 7316.19 5236.93 2079.26 423.809 5035.15 523.843 4511.3 135.596 288.213 1655.45 1281.98 201.782 373.474 220.612 159.485 34.7951 86.4297 42.2972 134.182 17.6699 74.4761 49.0971 59.7059 82.3455 27.391 24.1371
internal_count=1275283 1259183 176255 145961 1082928 660891 422037 98653 632586 28150 604436 49126 49527 323384 280933 28305 42451 30294 22698 16100 12981 5607 17313 1764 8553 144197 8760 11750 12328 11900
is_linear=0
shrinkage=0.08


Tree=168
num_leaves=31
num_cat=0
split_feature=1 2 5 0 0 1 3 1 4 5 2 0 1 4 4 1 3 2 5 1 0 1 1 2 6 5 0 3 4 4
split_gain=3.83249 9.67184 17.3759 10.8305 8.11991 26.9778 15.9411 10.2867 8.21831 7.53513 7.12357 32.2421 27.541 6.41477 5.56816 7.97131 10.5941 4.60927 5.93305 4.57303 4.07132 3.89332 3.29748 3.26354 2.7533 2.61055 2.56956 3.08677 3.35961 2.58251
threshold=0.35767590999603277 0.36882591247558599 1.0000000180025095e-35 0.46841755509376531 0.46841755509376531 0.58898946642875682 0.77849927544593822 0.42163743078708654 15.500000000000002 0.5867464840412141 0.72646823525428783 0.86295148730278026 0.80217391252517711 12.500000000000002 4.5000000000000009 0.36451049149036413 0.81016731262207042 0.40778534114360815 0.66815477609634411 0.44562648236751562 0.49731183052062994 0.64630925655365001 0.47856706380844122 0.31400561332702642 0.36253654956817633 0.45478595793247228 0.28718703985214239 0.35805861651897436 13.500000000000002 26.500000000000004
decision_type=2 2 2 2 2 2 2 2 2 2 2 2 2 2 2 2 2 2 2 2 2 2 2 2 2 2 2 2 2 2
left_child=9 2 3 -2 5 17 8 13 -7 20 11 -9 -12 -6 23 -16 -17 18 -3 -19 26 22 -5 -4 -15 -22 27 28 -1 -29
right_child=1 4 14 21 7 6 -8 10 -10 -11 12 -13 -14 24 15 16 -18 19 -20 -21 25 -23 -24 -25 -26 -27 -28 29 -30 -31
leaf_value=-0.029722822616899389 -0.01650228787941627 -0.039448827017560653 0.024914092569318508 0 0.0093232307556042789 0.092446918762893987 0.0037097674763410661 -0.0047632757096369672 0 0.037803689190008698 0.017726472939999887 0.042550227200472135 -0.0013387863569708706 0 0 -0.09652905275880265 0 0.024435136231248947 0.015556764644391268 -0.0077989260653981178 0.052345760214208961 0 0.089417613179824343 -0.025705526569320947 0.084329278221454945 0 -0.0170650987282117 0.037170157346069675 0.013611133469326034 -0.0035962824415548046
leaf_weight=18.152788489271192 18.137920378008857 37.277415819284215 6.2661933616145715 1.0953378414269526 40.414919437444041 38.692693449938815 34.656724382595712 3359.3338766836241 6.0965194610162134 45.162870560096053 569.08558076820555 89.282409014589575 3059.6177606290876 1.1045529851471645 7.5292968065004962 28.832181067620695 11.174480369438241 39.537048268743092 9.7614000836110772 63.090691576133395 9.6912628244645003 4.1982737341895691 10.255138017470015 16.79822873361627 11.560874923103254 4.3008687268156782 54.486858731444954 20.716240410740287 12.849349185227764 4.5929343823263471
leaf_count=6712 1301 45558 2006 195 16487 4484 4908 449011 3039 11905 35967 19256 471547 1268 6211 25780 4031 35951 617 43415 3954 48 440 8238 2416 418 60425 5682 2325 1666
internal_value=-9.4511e-05 -0.000389359 -0.0240154 0.0182868 -1.67666e-05 0.0146206 0.050965 -0.00051943 0.0802718 0.0115808 -0.000816098 -0.0034322 0.00162744 0.0329462 -0.0461906 -0.0611462 -0.0741477 -0.00466113 -0.0245616 0.00369082 0 0.0607961 0.078544 -0.00426333 0.0752946 0.0352117 -0.00465454 0.00515666 -0.00792221 0.0251204
internal_weight=7633.75 7463.8 104.287 33.6867 7359.51 229.112 79.4459 7130.4 44.7892 169.953 7077.32 3448.62 3628.7 53.0803 70.6004 47.536 40.0067 149.667 47.0388 102.628 124.79 15.5487 11.3505 23.0644 12.6654 13.9921 110.798 56.3113 31.0021 25.3092
internal_count=1275261 1182174 48250 1984 1133924 137972 12431 995952 7523 93087 975781 468267 507514 20171 46266 36022 29811 125541 46175 79366 81182 683 635 10244 3684 4372 76810 16385 9037 7348
is_linear=0
shrinkage=0.08


Tree=169
num_leaves=31
num_cat=0
split_feature=7 4 1 2 1 1 1 4 4 6 6 0 2 2 1 0 1 2 6 4 2 1 0 4 0 6 1 0 1 6
split_gain=4.31228 4.13759 9.56041 24.1954 25.5442 19.0834 19.1771 47.1422 21.4535 17.0423 13.6235 13.2599 10.5657 7.54429 6.72105 19.2926 38.5203 15.7171 14.3601 12.1477 11.6131 34.9507 92.2074 24.9846 18.3165 8.0062 6.68009 5.79726 7.71894 3.16875
threshold=1.0000000180025095e-35 8.5000000000000018 0.74849396944046032 0.57275134325027477 0.55403152108192455 0.88493064045906078 0.99565216898918163 10.500000000000002 10.500000000000002 1.0000000180025095e-35 0.92338585853576671 0.51191151142120372 0.75582656264305126 0.72646823525428783 0.94360822439193737 0.89512962102890026 0.98260739445686351 0.87206766009330761 0.57370692491531383 4.5000000000000009 0.88036698102951061 0.88273492455482494 0.83414238691329967 1.0000000180025095e-35 0.84877073764801036 0.69710868597030651 0.90353596210479747 0.66978195309638988 0.67017546296119701 0.37688747048377996
decision_type=2 2 2 2 2 2 2 2 2 2 2 2 2 2 2 2 2 2 2 2 2 2 2 2 2 2 2 2 2 2
left_child=1 14 3 4 11 10 8 -8 -7 -6 13 -3 -12 -4 20 16 -16 29 -18 -19 21 24 -23 26 -1 -25 -22 28 -5 -17
right_child=-2 2 5 27 9 6 7 -9 -10 -11 12 -13 -14 -15 15 17 18 19 -20 -21 23 22 -24 25 -26 -27 -28 -29 -30 -31
leaf_value=-0.00075821463313900357 0.038680942559744406 -0.0047265354676334029 -0.023620424591165923 0.023728304654995508 0.002352884543466229 0.053733801476019583 -0.033184536504427362 0.010344282398068625 -0.0029849736901886434 -0.049855688242209519 -0.086483372730039754 0.025941870869312975 0 0.0046017189093882326 0.077281783152440497 0 -0.0080494518528332146 -0.0037225125700678136 0.017104058907038092 -0.041115604788166567 0.0033424907871109429 0.007071576198465556 -0.075341569875795891 0.0076590225636650154 0.020091270960191109 0.038954363207667396 -0.040775443362062978 0.042795354989461069 -0.017640989501562617 0.061426786841866726
leaf_weight=3615.6915261627219 13.543662819671225 247.98795836090358 206.38083753861065 105.49928576536331 53.151489935815334 73.041632942011347 263.07476084326481 380.54483558244829 82.257839235564461 105.80339089975132 31.84904193613329 130.94068947508276 16.0959579009359 70.799739930575015 54.004341560517787 8.1899301686789858 201.72325407505559 384.40352176937449 441.72396737313466 63.299975034351519 25.518742550866591 212.89966386056039 137.52135339005326 108.71367846327485 285.71505571752277 142.41264014310582 48.822824648566893 83.686629176692804 30.540740242340689 19.66243655838116
leaf_count=479044 30618 159856 16522 13587 1973 3024 9114 42754 3237 47524 1427 32861 865 2379 9997 786 9483 186644 87581 8148 2764 10534 11038 5346 30653 38490 8014 6020 3910 11211
internal_value=0.000140963 2.63388e-05 -0.00320326 0.0035848 -0.0053355 -0.00791577 -0.00101346 -0.00731978 0.0235373 -0.0318829 -0.0241196 0.00565417 -0.0626767 -0.0158909 0.00111282 0.00650696 0.015 -0.00564242 0.00897033 -0.0097586 -0.000240197 -0.00139571 -0.0254259 0.0141637 0.000751477 0.0264452 -0.0243585 0.0257662 0.0130104 0.0470669
internal_weight=7645.5 7631.96 1881.65 757.61 537.884 1124.04 798.919 643.62 155.299 158.955 325.126 378.929 47.945 277.181 5750.3 1173.01 697.452 475.556 643.447 447.703 4577.3 4251.83 350.421 325.468 3901.41 251.126 74.3416 219.727 136.04 27.8524
internal_count=1275404 1244786 345053 265731 242214 79322 58129 51868 6261 49497 21193 192717 2292 18901 899733 313850 107061 206789 97064 194792 585883 531269 21572 54614 509697 43836 10778 23517 17497 11997
is_linear=0
shrinkage=0.08


Tree=170
num_leaves=31
num_cat=0
split_feature=7 3 2 4 5 4 4 6 4 4 0 2 2 0 3 2 0 2 4 4 3 4 5 0 2 0 0 5 2 2
split_gain=4.99337 4.43185 12.0452 30.124 19.1273 14.4753 19.9519 21.2238 14.9099 12.1908 8.90302 28.8337 26.463 36.3392 26.1526 14.232 15.176 28.8908 18.1178 12.6063 15.2199 7.86691 6.12612 6.01452 34.6963 5.41311 4.91549 3.93722 3.86448 3.42599
threshold=1.0000000180025095e-35 0.96459901332855236 0.71503761410713207 11.500000000000002 0.41799478232860571 6.5000000000000009 5.5000000000000009 0.53866082429885875 8.5000000000000018 9.5000000000000018 0.81530213356018078 0.70647653937339794 0.84877073764801036 0.91715687513351452 0.92885261774063121 0.69416099786758434 0.70396453142166149 0.628892481327057 2.5000000000000004 1.0000000180025095e-35 0.84889996051788341 7.5000000000000009 0.27964508533477789 0.74023336172103893 0.73735308647155773 0.48528139293193823 0.83910790085792553 0.88531070947647106 0.598850578069687 0.69732204079628002
decision_type=2 2 2 2 2 2 2 2 2 2 2 2 2 2 2 2 2 2 2 2 2 2 2 2 2 2 2 2 2 2
left_child=1 10 3 4 26 6 7 -4 21 -10 15 19 13 -13 -14 16 18 -18 -1 -12 -21 -7 -8 29 -25 -5 -3 -27 -6 -17
right_child=-2 2 5 25 28 8 22 -9 9 -11 11 12 14 -15 -16 23 17 -19 -20 20 -22 -23 -24 24 -26 27 -28 -29 -30 -31
leaf_value=0.011360442736188959 0.042239198871778773 -0.098196149589877879 -0.011729440031754287 -0.013220628572406159 0.016706238135075761 0.009999387826773334 0.008016025325720216 0.019027518872155379 -0.013281165925866454 0.02055594752575305 -0.025624792855379646 -0.030651466566125427 0.011523190822003725 0.047259082131195528 -0.020280996637251442 0.036026634095464229 0.0023518288170372727 -0.037235782083143883 -0.0038528521849175703 0 0.054776023961572211 0.048749085577141103 -0.057191152267702126 -0.042130629372962351 0.0072529982300653661 0.023012840268875769 0 -0.0098216843424503656 -0.024094035671833307 0.0099671858665289614
leaf_weight=663.79300988051182 13.191026228398185 31.429669564618962 258.40681495657191 42.012638011663512 11.85264218254815 66.232407592389791 5.0167266963981083 303.56406435129611 109.22988382901531 154.59842991051846 19.060856746706122 471.68910566218983 433.77471789383344 35.722575595711533 260.37452792272234 35.457547444922966 244.9011559430437 209.92001307527244 1991.6870566692596 46.763208980941272 83.553929370900732 119.41074535698863 42.12385915422783 96.28389971939032 871.45915061589039 114.0169430806709 3.011537852784385 18.493176971460343 48.188644886184193 817.81594886029052
leaf_count=119909 30698 2276 15099 6321 1858 7628 253 172539 5060 19166 4882 21277 52316 9834 62076 2053 21605 12791 523237 2066 15477 17980 4267 4661 56127 9140 193 7535 5256 61734
internal_value=0.000329342 0.000207996 0.00441446 -0.0103098 -0.0457526 0.00833748 1.11065e-05 0.00462386 0.0191448 0.00596511 -0.000658285 -0.00641413 -0.0106523 -0.0244466 -0.000237396 0.000891022 -0.00235937 -0.0157779 0 0.0258814 0.0352658 0.0363884 -0.0470799 0.00652158 0.00198388 0.00872669 -0.0900478 0.0170764 -0.0129146 0.0114401
internal_weight=7623.04 7609.84 1327.59 269.005 94.4825 1058.58 609.111 561.971 449.471 263.828 6282.26 1350.94 1201.56 507.412 694.149 4931.32 3110.3 454.821 2655.48 149.378 130.317 185.643 47.1406 1821.02 967.743 174.523 34.4412 132.51 60.0413 853.273
internal_count=1275314 1244616 274571 32579 9583 241992 192158 187638 49834 24226 970045 167928 145503 31111 114392 802117 677542 34396 643146 22425 17543 25608 4520 124575 60788 22996 2469 16675 7114 63787
is_linear=0
shrinkage=0.08


Tree=171
num_leaves=31
num_cat=0
split_feature=2 6 0 0 2 7 1 1 2 5 5 8 6 0 5 5 0 1 0 0 2 2 6 5 8 5 5 5 5 2
split_gain=5.78918 11.3334 3.57006 3.4813 3.5071 3.06088 3.10728 40.2269 24.8304 2.43329 2.36618 2.19161 1.9964 1.48044 1.1086 1.25218 1.0894 1.04308 0.740975 0.865328 0.677002 0.669066 0.523669 0.443872 0.408666 0.235774 0.190584 0.238103 0.115133 0.0751882
threshold=0.95861870050430309 0.53866082429885875 0.96039214730262767 0.9634092152118684 0.19433516263961795 1.0000000180025095e-35 0.99565216898918163 0.94360822439193737 0.91715687513351452 0.36323411762714392 0.51449581980705272 1.0000000180025095e-35 0.4419247061014176 0.75123763084411632 0.44835317134857183 0.38838963210582739 0.76239567995071422 0.21164613962173465 0.87841832637786876 0.95275297760963451 0.91331186890602123 0.93127068877220165 0.52397373318672191 0.44161255657672888 1.0000000180025095e-35 0.97732415795326244 0.8657362461090089 0.501101315021515 0.28644689917564398 0.71010184288024913
decision_type=2 2 2 2 2 2 2 2 2 2 2 2 2 2 2 2 2 2 2 2 2 2 2 2 2 2 2 2 2 2
left_child=3 2 16 4 14 6 7 -6 -8 11 23 12 -4 24 15 -1 -2 -16 -18 -20 29 -7 -12 -11 26 -15 27 -3 -13 -5
right_child=1 13 9 20 5 21 8 -9 -10 10 22 28 -14 25 17 -17 18 -19 19 -21 -22 -23 -24 -25 -26 -27 -28 -29 -30 -31
leaf_value=0.021626659075602003 0 0 0.042019827030408234 0 -0.00010538053705256981 0.038169471480240164 -4.3146661217934406e-05 0.043215673251429505 -0.039143050381497464 -0.0080349613980136847 0.018720406022219069 0 0 0.048550525600558669 0.043671186491382186 -0.017035150261324423 0.047786442861263372 0 -0.0091390556853179344 0.023578649234437504 0 0 0 -0.040388156599959091 0.012706527842881774 0 0 -0.025868451193935986 -0.0062441003808980586 0.039570876806769566
leaf_weight=5.9962563519075065 14.629108330293091 0.36077629867941041 11.108119530836122 1.7216917808836996 5743.1212541773584 11.501804963256287 1322.9321776495708 135.37507301770165 108.59922747493692 28.626314706692938 6.814016120741142 76.248051777132787 6.1408421248197547 47.411474672666372 14.231856946993499 4.8929162323111086 10.390187124023216 0.29900140469544645 4.7131213516695407 3.5022237200755626 0.30762555158435212 0.33692371783036001 1.9334423593536483 13.111373449384699 3.3170833926287742 1.1497220870169247 0.41301516006933514 1.0017310797120442 13.899548291345125 12.680617066223929
leaf_count=2414 799 121 675 1104 868981 18203 135272 29390 25389 850 161 7589 36 139860 4707 799 552 104 253 238 100 2163 92 282 14953 12708 557 693 286 6286
internal_value=0.000841756 0.0128418 0.00243764 0.000412619 0.000300362 0.000165633 6.51737e-05 0.000900938 -0.00324665 -0.00189352 -0.0161762 0.00381789 0.0265341 0.0438067 0.0274417 0 0.0247546 0.039194 0.0358875 0 0.0340645 0.0342558 0.00757475 -0.0248551 0 0.0477324 -0.013705 -0.0197921 -1.30224e-05 0.0374447
internal_weight=7606.77 244.77 191.116 7362 7347.29 7321.87 7310.03 5878.5 1431.53 157.882 50.4851 107.397 17.249 53.6538 25.42 10.8892 33.2346 14.5309 18.6055 8.21535 14.7099 11.8387 8.74746 41.7377 5.09261 48.5612 1.77552 1.36251 90.1476 14.4023
internal_count=1275617 180705 11813 1094912 1087422 1079398 1059032 898371 160661 9971 1385 8586 711 168892 8024 3213 1842 4811 1043 491 7490 20366 253 1132 16324 152568 1371 814 7875 7390
is_linear=0
shrinkage=0.08


Tree=172
num_leaves=31
num_cat=0
split_feature=3 0 4 0 2 5 3 6 0 0 2 2 3 0 4 3 0 2 3 4 3 0 2 0 2 3 4 0 3 3
split_gain=4.75333 18.1587 9.63815 6.43586 8.47698 8.98273 8.94763 8.56707 8.78606 5.45021 22.9816 36.7337 91.675 31.9012 16.6316 18.7556 19.5573 23.3759 11.3259 12.2474 10.9043 21.1352 11.4414 10.5457 9.9178 12.0976 49.8648 11.5877 9.21414 11.2856
threshold=0.65419578552246105 0.68783602118492138 8.5000000000000018 0.33520600199699407 0.51191151142120372 0.53017652034759533 0.58898946642875682 0.36253654956817633 0.62258651852607738 0.79277813434600841 0.66978195309638988 0.7933771312236787 0.83935481309890758 0.87559524178504955 1.5000000000000002 0.7454303801059724 0.64630925655365001 0.65485891699790966 0.8078865408897401 1.0000000180025095e-35 0.81302964687347423 0.8521554470062257 0.84877073764801036 0.76506900787353527 0.7320508360862733 0.97646731138229381 8.5000000000000018 0.72812235355377208 0.69631093740463268 0.78629976511001598
decision_type=2 2 2 2 2 2 2 2 2 2 2 2 2 2 2 2 2 2 2 2 2 2 2 2 2 2 2 2 2 2
left_child=1 3 -3 -1 5 6 -5 -6 -9 14 18 12 -12 -14 15 16 -2 -18 -11 -20 21 -13 -22 -17 25 27 -27 -16 -26 -30
right_child=9 2 -4 4 7 -7 -8 8 -10 10 11 20 13 -15 24 23 17 -19 19 -21 22 -23 -24 -25 28 26 -28 -29 29 -31
leaf_value=0.016179928492743269 0.022033064682493934 -0.071244292352457064 0.0020507954719946415 -0.015249013707358147 -0.014829500059610035 -0.02722120582571836 0.01246640693613517 0.016344703442848704 -0.0077909611743030259 -0.0083908490235143508 -0.089882469904562751 0.02385666597670345 -0.025378695235203842 0.038439134739064525 0.001825224848977094 0.03271398950835322 -0.060593058505588798 0.00013635847233664828 -0.012694637423646595 0.050532184269328262 -0.011997069995221153 -0.028505242158475236 0.0014217070140578895 0.0011039636928114041 -0.02059911603869392 -0.10269004556112336 -0.0041793919764725471 -0.016247354752788351 0.022961599531031277 0.0026654628760110757
leaf_weight=96.629753200462801 125.19851213164657 34.06953702435203 10.102150764243559 173.27793334356829 135.86869645621846 169.05837022246851 118.95429468679868 269.75728551346037 134.80615854471762 33.941730662991176 101.81161529508245 245.83727555205405 109.83587773486943 83.485463868870283 1763.1106572378139 292.39014719534316 52.699364513944602 119.31191253556244 17.408927059419511 97.676376802830418 585.38311549717037 54.481681397890497 1253.5273126332322 101.69238987493736 61.996531679105829 33.730038920530205 250.10383385884415 254.93412012265071 271.30791457806117 544.82759749279649
leaf_count=39737 13477 3278 938 222431 42547 10355 76158 44825 12165 1677 4171 8729 5684 16768 205737 32614 4464 7808 4624 18708 50415 1842 321648 9792 3160 3722 30363 18781 16730 40939
internal_value=-0.000213319 -0.00497326 -0.0527236 -0.00267768 -0.00472701 -0.0126775 -0.00340911 0.00181982 0.00791477 0.00060765 -0.00220266 -0.00414804 -0.0303651 0.00164844 0.00252472 0.0137242 -0.000961444 -0.0187515 0.0276395 0.0395052 -0.000394085 0.0135223 -0.00278409 0.025074 2.21464e-05 -0.00268736 -0.0180151 -0.000413259 0.00728084 0.00970609
internal_weight=7597.22 1142.52 44.1717 1098.35 1001.72 461.291 292.232 540.432 404.563 6454.69 2583.39 2434.36 295.133 193.321 3871.3 691.292 297.21 172.011 149.027 115.085 2139.23 300.319 1838.91 394.083 3180.01 2301.88 283.834 2018.04 878.132 816.136
internal_count=1274287 452434 4216 448218 408481 308944 298589 99537 56990 821853 434266 409257 26623 22452 387587 68155 25749 12272 25009 23332 382634 10571 372063 42406 319432 258603 34085 224518 60829 57669
is_linear=0
shrinkage=0.08


Tree=173
num_leaves=31
num_cat=0
split_feature=1 6 0 4 1 3 0 3 0 4 4 4 4 0 1 0 0 1 1 0 0 1 3 0 6 3 0 3 4 0
split_gain=6.89504 13.28 10.11 28.3708 9.79607 10.7432 9.70015 9.38142 15.824 32.6563 20.4689 19.9824 14.0847 11.408 12.8266 15.2258 12.1347 56.2085 30.467 9.2702 9.49932 14.3145 8.83124 7.70577 7.25528 7.13531 7.32729 14.2647 6.30414 5.37489
threshold=0.5388936996459962 0.49280537664890295 0.4712491780519486 13.500000000000002 0.56294015049934398 0.7243877947330476 0.48528139293193823 0.96459901332855236 0.74443343281745922 10.500000000000002 6.5000000000000009 5.5000000000000009 8.5000000000000018 0.92031747102737438 0.93788579106330883 0.93788579106330883 0.83414238691329967 0.85053193569183361 0.89512962102890026 0.36700680851936346 0.42644809186458593 0.48528139293193823 0.93788579106330883 0.52419984340667736 0.90514093637466442 0.55470088124275219 0.5673658847808839 0.6832355558872224 4.5000000000000009 0.61938297748565685
decision_type=2 2 2 2 2 2 2 2 2 2 2 2 2 2 2 2 2 2 2 2 2 2 2 2 2 2 2 2 2 2
left_child=1 29 3 4 -2 -6 19 13 9 24 11 -10 -12 16 22 -16 18 -18 -4 -3 -21 -22 -15 -11 -9 28 27 -27 -8 -1
right_child=2 6 7 -5 5 -7 25 8 10 23 12 -13 -14 14 15 -17 17 -19 -20 20 21 -23 -24 -25 -26 26 -28 -29 -30 -31
leaf_value=-0.012477804696105731 -0.014973634544002983 0.022776399662069458 -0.0041958825262581861 -0.018482758817311876 0.089092017779154917 0.012566064680601988 0.0013834952629815725 -0.05537851851985421 0.0052211938734424701 -0.033631123975116146 0.041300432074002934 -0.045441820711889652 0.0090046381952023496 0.054899189809241439 -0.076981303551106134 0.0072902082788136599 0.030429696016696019 -0.022106832968720239 0.015658301398413163 -0.034462675743755646 0.020379392028720762 -0.051268954722901453 0.0031316708891219896 0.015334185875218556 0 -0.018186341421821291 0.03094110617032134 0.042632779063264223 0.073831109104442794 0.015490478286308656
leaf_weight=216.58572166849081 6.2895425373753815 89.957808394108724 3812.224072568617 55.935206508513147 38.375373512333681 26.1568036934259 16.072682775105932 85.226011431135703 562.17780934130496 17.083136538756662 171.55604735801171 49.526536602970737 208.05972302398004 57.447292108316105 10.543942111366048 104.30949422253616 153.96806531175207 684.64440903716604 561.61845679727776 53.970707431897608 82.910470044800604 16.902331195044098 43.375276463702903 162.18463793186311 21.279318278782739 70.763794948376017 115.36249914086511 31.44343022535395 30.281698130755103 45.941741370406817
leaf_count=346212 2657 13149 345358 17765 5211 2462 981 4812 200493 1533 25359 4874 19748 12752 2912 56597 13819 58621 60116 3702 5014 939 11552 22489 3103 4171 19845 2626 1523 4856
internal_value=0.00015682 0.00732383 -0.000632504 0.021256 0.0539011 0.063509 0.0149282 -0.00108566 0.00502905 -0.0111641 0.00989032 0.00052466 0.0243629 -0.00255704 0.0151358 -0.00199998 -0.00333359 -0.0121484 -0.00159502 0.00256958 -0.00858802 0.00485296 0.0353403 0.00901384 -0.0454434 0.0254868 0.0175225 0.00014755 0.0544071 -0.00678731
internal_weight=7602.17 770.193 6831.98 126.757 70.8217 64.5322 507.665 6705.22 1277.09 285.773 991.32 611.704 379.616 5428.13 215.676 114.853 5212.46 838.612 4373.84 243.741 153.784 99.8128 100.823 179.268 106.505 263.924 217.57 102.207 46.3544 262.527
internal_count=1275251 403018 872233 28095 10330 7673 51950 844138 282411 31937 250474 205367 45107 561727 83813 59509 477914 72440 405474 22804 9655 5953 24304 24022 7915 29146 26642 6797 2504 351068
is_linear=0
shrinkage=0.08


Tree=174
num_leaves=31
num_cat=0
split_feature=1 6 8 5 6 5 8 6 3 6 8 3 2 1 8 2 1 3 5 2 2 2 4 4 3 8 4 4 6 5
split_gain=6.23453 6.4394 9.34602 6.40091 13.3055 17.7634 34.4297 11.9667 12.5375 11.558 10.8425 13.3837 10.619 19.3717 9.60199 8.86413 8.24779 8.46971 7.84282 6.66968 6.42866 6.37372 5.81424 5.52677 5.41179 5.08899 4.83455 4.82098 4.66771 4.58188
threshold=0.42163743078708654 0.44923661649227148 0.75000000000000011 0.43645593523979193 0.43683740496635443 0.30412051081657415 0.75000000000000011 0.69710868597030651 0.83935481309890758 0.43415953218936926 0.75000000000000011 0.7897985875606538 0.42644809186458593 0.54950982332229625 0.75000000000000011 0.75905716419219982 0.52223318815231334 0.96459901332855236 0.42008402943611151 0.48528139293193823 0.43534001708030706 0.77836257219314586 2.5000000000000004 16.500000000000004 0.65648320317268383 1.0000000180025095e-35 24.500000000000004 4.5000000000000009 0.29571340978145605 0.42008402943611151
decision_type=2 2 2 2 2 2 2 2 2 2 2 2 2 2 2 2 2 2 2 2 2 2 2 2 2 2 2 2 2 2
left_child=1 2 24 4 5 14 15 10 18 25 11 -6 13 27 20 -7 19 -18 -9 -14 -2 -8 -15 -10 -1 -5 -3 -11 -16 -12
right_child=3 26 -4 9 7 6 21 8 23 12 29 -13 16 22 28 -17 17 -19 -20 -21 -22 -23 -24 -25 -26 -27 -28 -29 -30 -31
leaf_value=-0.046694852941383286 0.022003678916094879 0.021100246544788422 0.030436520784796316 0 0.038992163087526857 -0.052176340065624112 0.021676073420917055 -0.036855481754965301 0.02843208995589384 -0.016694528626913362 0.0070601126186304779 0.0074845209222524547 0 0.03909000677934707 0 -0.015890848652915953 -0.0052458970930000142 0.0037469650231586205 0.011545891726853989 0.03091318651876173 5.8529168126540977e-05 -0.0111218122348248 -0.013459448275035596 -0.043079822441054932 0.00019758858839595845 0.05663388546778067 -0.016732302126441858 -0.095972727115006082 0.052269583914698554 -0.0240445531987378
leaf_weight=30.882696046826823 85.407304818747434 214.4826147795502 18.595114800031297 10.871561930638562 199.09469314202579 118.31428105937812 110.81514944584342 76.137046241448843 54.342079290880065 16.355460153768945 140.61684733080619 180.30971939442679 106.59351197040451 13.250540468114194 22.440656461054459 100.50818120680924 3065.6808179273321 832.27028912518836 20.393092373640684 76.837547749160876 1843.9053051639457 45.427454193122685 46.468196433841513 1.7242916848917946 16.497306286630192 24.903345256279863 15.50481027544083 20.341051254377817 31.062459852662869 33.166762359003769
leaf_count=139576 15813 29974 1823 14559 21847 294600 4912 3108 9225 1244 5690 4162 14135 750 445 11298 317719 253498 885 9397 95485 453 4413 83 11282 1900 2718 2568 620 987
internal_value=-0.00017336 0.0110808 -0.00892054 -0.000660327 0.0020909 -0.000736185 -0.0166317 0.0116995 -0.00723126 -0.00269877 0.0172261 0.0247267 -0.00314432 -0.0288703 0.00222436 -0.0369521 -0.00246285 -0.00328245 -0.0249892 0.0137297 0.00116709 0.0110986 0 0.0202655 -0.0288524 0.039414 0.0175671 -0.070715 0.0342564 0
internal_weight=7573.2 295.963 65.9751 7277.24 3063.67 2357.88 375.065 705.785 152.597 4213.57 553.188 379.404 4177.8 96.4152 1982.82 218.822 4081.38 3897.95 96.5301 183.431 1929.31 156.243 59.7187 56.0664 47.38 35.7749 229.987 36.6965 53.5031 173.784
internal_count=1275169 185373 152681 1089796 469613 423626 311263 45987 13301 620183 32686 26009 603724 8975 112363 305898 594749 571217 3993 23532 111298 5365 5163 9308 150858 16459 32692 3812 1065 6677
is_linear=0
shrinkage=0.08


Tree=175
num_leaves=31
num_cat=0
split_feature=4 0 3 3 0 1 6 0 5 0 1 1 4 2 2 3 3 0 4 3 4 3 3 3 3 0 5 0 3 5
split_gain=4.99816 10.43 18.1002 9.77113 131.182 25.8795 15.6941 11.7537 5.28886 5.06646 5.97963 38.2083 24.1869 24.0549 20.9917 16.4549 14.4815 28.0468 14.2004 12.5722 8.98348 8.82693 7.72737 4.88847 4.56295 6.39523 5.2762 4.31448 3.93912 3.79348
threshold=1.0000000180025095e-35 0.65485891699790966 0.7243877947330476 0.93788579106330883 0.93788579106330883 0.91331186890602123 0.64888572692871105 0.75513628125190746 0.74376010894775402 0.97014260292053234 0.99565216898918163 0.94360822439193737 1.5000000000000002 0.89377820491790783 0.91715687513351452 0.96051946282386791 0.80217391252517711 0.76506900787353527 1.5000000000000002 0.96178188920021068 10.500000000000002 0.78830561041831981 0.98260739445686351 0.95040982961654674 0.75582656264305126 0.57307061553001415 0.28644689917564398 0.96580946445465099 0.8078865408897401 0.81835731863975536
decision_type=2 2 2 2 2 2 2 2 2 2 2 2 2 2 2 2 2 2 2 2 2 2 2 2 2 2 2 2 2 2
left_child=1 8 -3 5 6 7 -5 -4 24 10 11 13 15 22 16 -13 17 -12 -15 21 -18 -16 -2 -6 25 -1 -27 -14 -7 -21
right_child=9 2 3 4 23 28 -8 -9 -10 -11 14 12 27 18 19 -17 20 -19 -20 29 -22 -23 -24 -25 -26 26 -28 -29 -30 -31
leaf_value=0.017139680661128032 -0.00018767701230191017 -0.073215859650440016 0.012099159304240752 -0.011818117370698628 0.036707253803180032 0 -0.26507042805541131 -0.021189658847434952 0.047115801179630233 0.026490616737707355 0.008672685295087133 0.013058770408747349 0.063514686399451389 -0.001689189667566074 0 -0.10911042488215923 -0.0021329160208858949 -0.072305991226514058 0.043668490601924681 -0.027495659287342811 0.013037868212612158 -0.098104129544173746 0.029514312467267961 -0.0046811262092235593 0.041485589957207622 0.00065076728057451903 -0.045539737488508793 0 0.051510067816072543 0.0013023680427747422
leaf_weight=44.200193948365268 5039.7507664030163 23.721740289238369 94.340502147264488 3.8477896874246644 15.497439734852376 6.8731540595981633 9.6224509351468424 187.39727512965146 21.236980553672765 46.049886242186403 51.325197969064902 16.714247926625834 102.35409252395584 55.939021108253655 4.4035768756984934 4.7597757248695407 888.42501056722176 45.392370226480125 127.12445794594532 66.942844196575606 336.59374693079008 21.863677574552639 51.641467001798446 162.36674098162621 12.852310375881641 20.4615767625437 24.156205575960485 3.7025277790562532 57.298237584982417 31.893179418650107
leaf_count=15825 785496 2082 5527 195 5162 4424 1599 14171 5563 35716 1940 9379 21571 11433 1475 1337 95364 652 27051 12042 44166 9005 5130 108628 959 681 5011 2112 26519 13535
internal_value=0.000582134 -0.00587578 -0.0106659 -0.00695932 -0.0212474 0.000678117 -0.224174 -0.00946822 0.0142984 0.00124965 0.00103739 0.00227868 0.0447375 0.00118037 -0.00347883 -0.0234695 -0.000337012 -0.029446 0.0292813 -0.0341542 0.00194148 -0.0803878 0.000110853 0 0.00405636 -0.00157668 -0.0232013 0.0604234 0.045002 -0.0170468
internal_weight=7578.75 683.873 560.965 537.244 191.334 345.909 13.4702 281.738 122.907 6894.88 6848.83 5401.99 127.531 5274.46 1446.84 21.474 1321.74 96.7176 183.063 125.103 1225.02 26.2673 5091.39 177.864 101.67 88.818 44.6178 106.057 64.1714 98.836
internal_count=1273750 196346 168307 166225 115584 50641 1794 19698 28039 1077404 1041688 863509 34399 829110 178179 10716 142122 2592 38484 36057 139530 10480 790626 113790 22476 21517 5692 23683 30943 25577
is_linear=0
shrinkage=0.08


Tree=176
num_leaves=28
num_cat=0
split_feature=7 6 0 4 3 0 4 8 3 2 2 3 0 6 2 6 4 0 4 0 4 2 0 4 0 4 0
split_gain=3.70705 3.53496 3.9497 13.1583 22.012 30.9155 9.06717 21.5065 33.1495 16.1224 14.69 18.5634 15.7144 8.84377 7.03997 8.05737 4.82811 3.79299 2.64231 2.51438 2.44525 2.13183 0.869127 0.691238 0.276005 0.207693 0.204471
threshold=1.0000000180025095e-35 0.99086740612983715 0.70396453142166149 2.5000000000000004 0.71330726146698009 0.57307061553001415 1.5000000000000002 1.0000000180025095e-35 0.93957647681236278 0.70396453142166149 0.61633428931236278 0.77303028106689464 0.87007671594619762 0.46186167001724249 0.66978195309638988 0.97227710485458385 12.500000000000002 0.62258651852607738 11.500000000000002 0.51000401377677929 9.5000000000000018 0.64051282405853283 0.82891985774040233 21.500000000000004 0.93127068877220165 12.500000000000002 0.86295148730278026
decision_type=2 2 2 2 2 2 2 2 2 2 2 2 2 2 2 2 2 2 2 2 2 2 2 2 2 2 2
left_child=1 2 3 4 5 -1 7 8 -4 -9 11 -8 -12 -6 16 -16 -5 18 19 -3 -19 -21 23 -22 25 -2 -24
right_child=24 17 6 14 13 -7 10 9 -10 -11 12 -13 -14 -15 15 -17 -18 20 -20 21 22 -23 26 -25 -26 -27 -28
leaf_value=0.023010833736625901 0.043076087120700289 0 -0.008120996891910405 -0.0051700613132524059 0.011682799726093174 -0.01626822573974052 -0.0081409617051965855 -0.02667560741513151 -0.058979890811426378 0.0072826378888639744 -0.0038653783838226265 0.040236641734066776 0.010023161253976924 0.041380534056479935 0.010166303039562247 -0.054307641432676405 0.0033201047196147904 0.040526662732721042 0.017353131595503186 -0.06583325368285195 0.022297191047918101 0 -0.029967739369052088 0 0 0 0
leaf_weight=221.99195615308417 9.7921666785805375 1.8443118884388221 354.44814023102663 1448.4001303181976 147.24513615285105 289.03997318260008 73.680326886169496 101.18721644569086 106.9522513437114 545.82252375103053 2278.4725830229654 123.50211495893745 668.81372731270312 156.67521929003487 451.48011430808401 7.1609184078406534 580.1823725094473 32.833008159195742 3.9146102608938227 5.3928654115006793 5.8031982851789499 1.0545303245307875 1.5963822917619834 0.26644576933904307 0.95196701532040684 1.0781800817785558 0.23376486142660713
leaf_count=79878 17235 1748 15420 353985 8542 31131 6384 9658 15122 174678 135838 15954 103931 16600 23169 1565 166753 60742 7416 2720 10175 1136 757 1029 11036 2412 114
internal_value=0.000445048 0.00034065 0.000168206 0.00226102 0.0110599 0.000542148 -0.00141995 -0.00763706 -0.020759 0.0015626 0.000729399 0.0216139 -0.000647885 0.0279323 -0.000574193 0.00823975 -0.00266097 0.0200507 -0.00792532 -0.0339356 0.0318827 -0.0523727 0 0.00924951 0.0380473 0.0405676 -0.0259949
internal_weight=7619.82 7607.99 7555.05 3302.18 814.952 511.032 4252.88 1108.41 461.4 647.01 3144.47 197.182 2947.29 303.92 2487.22 458.641 2028.58 52.9391 12.2063 8.29171 40.7328 6.4474 7.89979 6.06964 11.8223 10.8703 1.83015
internal_count=1275128 1244445 1158608 681623 136151 111009 476985 214878 30542 184336 262107 22338 239769 25142 545472 24734 520738 85837 13020 5604 72817 3856 12075 11204 30683 19647 871
is_linear=0
shrinkage=0.08


Tree=177
num_leaves=28
num_cat=0
split_feature=6 7 5 6 5 1 3 5 6 6 3 2 0 0 0 0 0 5 5 1 5 1 3 2 3 3 0
split_gain=5.52471 3.54804 3.38755 15.9002 10.3733 7.89592 15.7841 4.48206 8.73333 8.70008 4.24578 3.45754 5.91782 3.27126 2.3205 2.31851 1.65878 1.64358 2.12265 1.2033 0.632004 0.511223 1.90061 0.743956 0.393214 0.310785 0.0236728
threshold=0.99086740612983715 1.0000000180025095e-35 0.93156540393829357 0.93887132406234752 0.92963248491287243 0.67017546296119701 0.73623713850975048 0.85770529508590709 0.94715359807014476 0.93156540393829357 0.73623713850975048 0.68020617961883556 0.81861472129821788 0.58885449171066295 0.51000401377677929 0.77629500627517711 0.51887464523315441 0.88929739594459545 0.96881943941116344 0.48808848857879644 0.96881943941116344 0.99565216898918163 0.95488464832305919 0.85857143998146068 0.61167800426483165 0.79772728681564342 0.48050633072853094
decision_type=2 2 2 2 2 2 2 2 2 2 2 2 2 2 2 2 2 2 2 2 2 2 2 2 2 2 2
left_child=1 2 4 16 7 10 -7 8 -1 -9 -5 15 -13 14 -2 -6 26 -16 19 -19 -3 24 23 25 -15 -23 -4
right_child=13 20 3 5 11 6 -8 9 -10 -11 -12 12 -14 21 17 -17 -18 18 -20 -21 -22 22 -24 -25 -26 -27 -28
leaf_value=-2.4864976335996643e-05 0.016752707354650623 0.041120004855037452 0 0.043365773887882819 -0.097124196368125998 -0.049142416494872318 0.0018433162856763253 -0.0013093011058829748 0.022312388839162204 -0.02198493589892165 0 0.024710879482639902 -0.047784906674998844 0 0 0 0.044402343289353087 0 0 -0.076083045371393709 0 0 0.027427018512861098 0 0.04196714612009269 -0.038381925604048177 -0.004745689580300548
leaf_weight=6178.2996333902884 3.8314147813853179 10.761359058797094 1.5841137655515916 32.274075595036265 5.8754196491208885 39.601303436196758 264.81738351250897 619.46176187165838 108.84579733941791 167.35972498057527 14.407268638569802 7.3467890862739322 9.2174093520479783 0.82580224018602422 1.2301138297661962 0.62861883464211121 61.951182068820344 0.46286686058738302 1.0622848681341563 2.6672863120547845 0.46963925845011623 0.73080685792956357 7.1657097151328344 1.792366064230009 30.226949230031096 1.6293556818054638 1.7271359259175367
leaf_count=924739 6750 24780 208 4433 428 4030 58412 72542 38367 39613 4115 711 1969 432 909 155 8104 166 2274 652 1318 75 36648 5481 36574 488 83
internal_value=0.000150362 -1.57288e-05 -0.0001176 0.00682394 -0.000551886 0 -0.00495916 -0.000336278 0.000353842 -0.0060202 0.0288194 -0.0491306 -0.00993673 0.0250484 -0.00379698 -0.0873373 0.0415639 -0.0347393 -0.050126 -0.0671703 0.0373193 0.0344617 0.000461377 -0.0181524 0.0406337 -0.0325062 0
internal_weight=7576.25 7524.63 7513.4 416.362 7097.04 351.1 304.419 7073.97 6287.15 786.821 46.6813 23.0682 16.5642 51.625 9.25397 6.50404 65.2624 5.42255 4.19244 3.13015 11.231 42.371 11.3182 4.15253 31.0528 2.36016 3.31125
internal_count=1274456 1184007 1157909 79385 1078524 70990 62442 1075261 963106 112155 8548 3263 2680 90449 10751 583 8395 4001 3092 818 26098 79698 42692 6044 37006 563 291
is_linear=0
shrinkage=0.08


Tree=178
num_leaves=31
num_cat=0
split_feature=1 2 4 5 6 5 6 5 8 6 8 2 6 8 8 4 6 2 5 5 8 1 5 6 6 4 5 5 4 4
split_gain=4.51421 7.23482 21.6543 8.14104 5.49989 4.1225 15.1133 18.6787 17.9359 11.9175 8.50333 8.24659 7.68164 8.31476 6.29864 5.86491 5.0465 20.4702 15.1482 3.71112 3.51092 3.08979 2.72064 2.17335 3.13244 2.22449 1.82542 2.44839 1.71509 1.44442
threshold=0.37573529779911047 0.34330357611179357 2.5000000000000004 1.0000000180025095e-35 0.73721536993980419 0.41191250085830694 0.42674797773361212 0.33260554075241094 0.75000000000000011 0.64888572692871105 0.75000000000000011 0.68020617961883556 0.41394501924514776 1.0000000180025095e-35 0.75000000000000011 8.5000000000000018 0.66915422677993786 0.97646731138229381 0.69056183099746715 0.93762966990470897 1.0000000180025095e-35 0.84273937344551098 0.38954202830791479 0.37848961353302008 0.53866082429885875 23.500000000000004 0.45478595793247228 0.5867464840412141 24.500000000000004 1.0000000180025095e-35
decision_type=2 2 2 2 2 2 2 2 2 2 2 2 2 2 2 2 2 2 2 2 2 2 2 2 2 2 2 2 2 2
left_child=4 2 -2 -4 20 6 7 8 -3 14 -9 -11 13 21 -8 -15 18 -18 -14 -5 26 -7 -6 25 28 -22 -1 -28 -25 -24
right_child=1 5 3 19 22 12 9 10 -10 11 -12 -13 16 15 -16 -17 17 -19 -20 -21 23 -23 29 24 -26 -27 27 -29 -30 -31
leaf_value=0.0022478114321884571 0.056608573883101462 0.00023375664771390419 0 -0.078863667255492764 -0.0020826162387286239 -0.037992721825047725 0.027688581047154732 -0.034141553932908984 0.036687356853275961 -0.023770539494837171 -0.0018971345225333974 0.012491176640048389 -0.0081769033639491652 0.068011843116732459 0.00521927377877389 -0.00039980433910604643 -0.00097942657376314012 0.059884539854194063 0.047875577125509196 0 -0.018841792668197618 0.014759627217196314 0 0.039178949008914388 0 0.028959535529163472 -0.035382444671695761 0 0 0.045934334961091582
leaf_weight=24.276059885372888 9.6179222361970442 1957.1914500753101 16.422134228283539 29.461657965352064 2.0871568325092076 8.2756054914570978 283.59771987217755 137.84707709455688 85.872043526091147 72.998342847276945 101.13440993701806 72.887817878254282 1098.5460979961972 23.649818571706422 140.97582614693965 4.8773845649848218 3262.6419065643786 30.726435574964853 26.108156344394956 1.2015864212662553 18.563114240423605 5.8889280814983058 0.6667123738952786 36.177386729672435 33.824052992436918 2.2534791352736638 21.51124743697801 15.091380324505733 3.3183418348198748 36.852841927551708
leaf_count=76829 2334 188076 799 18269 113 28287 27101 231698 2172 2267 3997 8072 71348 2704 4331 1687 416389 146040 1623 677 12290 1505 168 4380 955 1027 5311 228 351 13741
internal_value=5.78376e-05 -0.000242268 -0.0275214 -0.0515626 0.0119452 0 0.00236072 -0.000492269 0.00192989 0.0139568 -0.0214704 -0.00477945 -0.00153039 0.0302132 0.0207479 0.0532278 -0.00190712 -0.000273151 -0.0065279 -0.0731023 0.00353571 -0.00958332 0.0371861 0.013655 0.020271 -0.00286304 -0.00953177 -0.0205215 0.0342612 0.0431215
internal_weight=7564.54 7369.92 56.7033 47.0854 194.622 7313.22 2852.5 2282.04 2043.06 570.46 238.981 145.886 4460.71 42.6917 424.574 28.5272 4418.02 3293.37 1124.65 30.6632 155.015 14.1645 39.6067 94.1364 73.3198 20.8166 60.8787 36.6026 39.4957 37.5196
internal_count=1274769 1159376 22079 19745 115393 1137297 467714 425943 190248 41771 235695 10339 669583 34183 31432 4391 635400 562429 72971 18946 101371 29792 14022 19003 5686 13317 82368 5539 4731 13909
is_linear=0
shrinkage=0.08


Tree=179
num_leaves=31
num_cat=0
split_feature=2 6 1 2 1 5 2 2 1 2 1 2 1 1 5 2 5 5 6 3 6 3 1 6 6 3 3 5 6 3
split_gain=3.80546 13.8576 3.8121 23.7539 42.0959 23.4042 15.2953 11.6221 45.1151 25.5145 24.4967 17.3456 71.3521 20.6286 13.7273 12.4608 14.7654 13.8996 11.1263 8.5512 8.3428 6.57754 10.1082 9.72666 5.41079 4.54487 3.60421 3.53341 3.34958 3.33191
threshold=0.95861870050430309 0.66915422677993786 0.59611794352531444 0.53410854935646068 0.53410854935646068 1.0000000180025095e-35 0.39077411592006689 0.598850578069687 0.66300368309021007 0.43792808055877691 0.66300368309021007 0.65733855962753307 0.76631206274032604 0.71503761410713207 0.25658351182937628 0.57712131738662731 0.48110784590244299 0.64906471967697155 0.37368187308311468 0.69282051920890819 0.92872086167335521 0.59317129850387584 0.49731183052062994 0.41394501924514776 0.57370692491531383 0.84660634398460399 0.9634092152118684 0.42008402943611151 0.68505835533142101 0.74133810400962841
decision_type=2 2 2 2 2 2 2 2 2 2 2 2 2 2 2 2 2 2 2 2 2 2 2 2 2 2 2 2 2 2
left_child=2 26 3 4 21 -6 -7 8 9 20 18 12 -12 -13 -11 17 -17 -10 29 24 -4 23 -23 -1 27 28 -2 -5 -21 -9
right_child=1 -3 7 19 5 6 -8 10 15 14 11 13 -14 -15 -16 16 -18 -19 -20 25 -22 22 -24 -25 -26 -27 -28 -29 -30 -31
leaf_value=-0.030984515608942057 0.016298682484319628 0.053337300231377956 0.019415434047519189 0.0071224609506629743 0 0 -0.10176272359654588 -0.016342502840977758 -0.0027279051962788886 -0.021266426944384926 -0.056079809956537698 0.01801144109935016 0.0056461267560390964 -0.0014947374200058781 -0.083230319321549728 0.00087619247326609236 -0.050522060029753728 0.025498371738280894 0.02855065276248148 0.059744649269867278 -0.063003935771021952 0.021381974842218664 -0.0049223863804147405 0.001438226557840499 0.023062714943234353 0.0011803130300684997 -0.0059320929673816712 -0.023429706201720572 0.014793706919284918 0.01430178320820028
leaf_weight=66.052266473639975 62.651767644412757 33.948279587466459 40.671990734701467 64.160841278229782 30.716307540540583 15.429491274873724 45.213638814273509 52.63519524041476 392.91770081079449 47.98540052962926 175.34093549877798 373.80917136670905 343.78155017103563 4108.9829923928028 81.93416919975607 68.402696926154022 58.318761092945351 146.6889947475247 260.35192832242683 60.129085127402504 4.221154377970378 220.19438226864077 143.10297752930637 310.25027523631798 101.6826088942762 24.246870348588345 140.64401182426809 30.371236581580888 30.675297710051382 28.954369016559212
leaf_count=213797 5892 163121 8676 35341 1721 7108 31750 13049 47231 2117 16231 28383 23446 376912 28563 7192 3765 12764 25340 6906 262 77466 43212 60281 5620 5215 11938 5548 3837 2095
internal_value=-0.000265644 0.00956084 -0.000611934 0.00358523 -0.003331 -0.0531608 -0.0801892 -0.00141517 -0.0101271 -0.0456953 -5.79009e-06 -0.00146011 -0.0152335 0.000114438 -0.0631663 -0.000286505 -0.0225831 0.00481511 0.0205213 0.0223156 0.00292169 0.00292501 0.0106601 -0.00416498 0.0105571 0.0397614 0.00037764 -0.0017697 0.0477941 -0.00342184
internal_weight=7564.47 237.244 7327.22 1142.23 830.959 91.3594 60.6431 6185 841.141 174.813 5343.86 5001.91 519.122 4482.79 129.92 666.328 126.721 539.607 341.941 311.266 44.8931 739.6 363.297 376.303 196.215 115.051 203.296 94.5321 90.8044 81.5896
internal_count=1274779 180951 1093828 497802 435335 40579 38858 596026 110570 39618 485456 444972 39677 405295 30680 70952 10957 59995 40484 62467 8938 394756 120678 274078 46509 15958 17830 40889 10743 15144
is_linear=0
shrinkage=0.08


Tree=180
num_leaves=31
num_cat=0
split_feature=2 3 4 2 3 6 3 6 4 2 5 4 3 2 2 4 2 3 6 6 4 5 5 4 3 3 2 4 2 2
split_gain=5.79819 22.6052 24.455 93.6592 38.205 23.9406 11.1205 10.5777 9.59539 18.7286 12.9695 8.42036 8.27975 38.731 7.69534 7.18813 6.7529 18.0268 8.42767 5.59455 6.04671 5.32206 4.27103 3.79587 3.7525 8.1124 22.3555 18.0273 19.3762 16.6329
threshold=0.84877073764801036 0.91715687513351452 1.5000000000000002 0.92768564820289623 0.93582704663276683 0.59384471178054821 0.81302964687347423 0.61348485946655285 5.5000000000000009 0.86706829071044933 0.6088932752609254 7.5000000000000009 0.94360822439193737 0.9569842815399171 0.89825496077537548 4.5000000000000009 0.92390406131744396 0.99462366104125988 0.55588430166244518 0.45729483664035803 1.5000000000000002 0.66815477609634411 0.53017652034759533 1.5000000000000002 0.91922956705093395 0.99462366104125988 0.76239567995071422 6.5000000000000009 0.82793453335762035 0.72812235355377208
decision_type=2 2 2 2 2 2 2 2 2 2 2 2 2 2 2 2 2 2 2 2 2 2 2 2 2 2 2 2 2 2
left_child=24 5 3 4 21 14 15 -6 16 10 -10 -11 -5 -14 19 23 18 -18 -4 20 -2 -3 -21 -7 -1 26 -26 28 -27 -29
right_child=1 2 8 12 7 6 -8 -9 9 11 -12 -13 13 -15 -16 -17 17 -19 -20 22 -22 -23 -24 -25 25 27 -28 29 -30 -31
leaf_value=-0.0016327022098631301 0.019929883844494629 0.010984793454721246 -9.3423360114804868e-05 0.032928657494844228 -0.033536609885819017 0 0.04118503003629588 -0.19034814242738324 0.064688836727323104 -0.049051276847645688 -0.00083322997916289616 -0.0012720823570410221 -0.10569346655754046 0.0058048082862619792 0.013892315304899528 -0.016724229726132422 0.026780839250503168 -0.032911437165463957 0.025940885995859048 -0.058541107971100001 -0.022602544088748303 -0.048736817546714571 0 0.040489760484560489 0.027291108657381415 -0.056484691432300907 -0.006845670281462447 -0.010651790128115608 0.012316403428339838 0.017016989871079136
leaf_weight=5005.2965918094415 31.211170199792832 11.028816249672674 98.748522732581478 38.404538416676587 8.8206643920275365 15.747108810028292 227.95797900305661 23.21942785624924 22.866744115570327 59.066411535699444 48.075411489669932 49.215595744877646 17.170020827052213 180.53376540598583 79.371018490943243 39.636752910984796 57.37387298174508 61.103181550806767 246.18570197365079 23.502160768141042 43.793214221092057 12.417346490019552 7.7098925225436679 31.696338121349982 256.71530249730131 67.176287998187036 217.24692335636064 260.88026897850068 33.520400436875207 280.4117591166214
leaf_count=777276 964 782 4897 17359 435 14067 56141 2669 1686 4693 6070 4468 5517 133878 3907 875 19860 17077 56601 323 1323 1932 125 5301 36117 7777 22948 31708 4782 33668
internal_value=0.000375694 0.00495715 -0.00225365 -0.0213921 -0.110237 0.0186191 0.0319317 -0.161852 0.00628146 -0.00875598 0.0210482 -0.0297621 0.000676106 -0.00545741 -0.00338472 0.00504973 0.0124702 -0.00279506 0.0181357 -0.0177779 -0.00276443 -0.0180268 -0.0440745 0.0261519 -0.000675279 0.00346438 0.0114019 -0.00219119 -0.0325689 0.00341346
internal_weight=7556.1 1434.86 934.23 291.595 55.4863 500.626 315.038 32.0401 642.635 179.224 70.9422 108.282 236.108 197.704 185.587 87.0802 463.411 118.477 344.934 106.216 75.0044 23.4462 31.2121 47.4434 6121.25 1115.95 473.962 641.989 100.697 541.292
internal_count=1275226 360950 277924 162572 5818 83026 76384 3104 115352 16917 7756 9161 156754 139395 6642 20243 98435 36937 61498 2735 2287 2714 448 19368 914276 137000 59065 77935 12559 65376
is_linear=0
shrinkage=0.08


Tree=181
num_leaves=31
num_cat=0
split_feature=3 3 4 2 2 3 2 3 2 4 4 4 2 4 2 6 3 6 4 4 3 6 5 5 6 4 5 2 2 3
split_gain=4.43252 17.0981 16.635 48.346 40.2776 14.4633 10.7888 8.92146 16.9863 18.8766 12.8833 9.89113 22.2711 20.6193 14.8042 10.2697 8.77391 8.34371 10.0206 9.95767 8.33926 7.50488 7.0071 6.59259 19.3189 13.5079 13.91 12.4172 8.4457 5.67441
threshold=0.92820322513580333 0.92637759447097789 1.5000000000000002 0.92768564820289623 0.81284341216087352 0.93582704663276683 0.87559524178504955 0.99462366104125988 0.76506900787353527 8.5000000000000018 10.500000000000002 7.5000000000000009 0.75123763084411632 8.5000000000000018 0.80982521176338207 0.48563170433044439 0.9569842815399171 0.59384471178054821 2.5000000000000004 6.5000000000000009 0.97100839018821727 0.61348485946655285 0.90948107838630687 0.501101315021515 0.87815481424331676 12.500000000000002 0.65636926889419567 0.83131474256515514 0.8019607961177827 0.91010102629661571
decision_type=2 2 2 2 2 2 2 2 2 2 2 2 2 2 2 2 2 2 2 2 2 2 2 2 2 2 2 2 2 2
left_child=1 6 3 4 -2 -6 23 8 10 16 -4 12 15 14 -13 -9 -10 -8 29 -20 -11 -7 -14 24 28 27 -27 -25 -1 -19
right_child=2 -3 7 -5 5 21 17 11 9 20 -12 13 22 -15 -16 -17 -18 18 19 -21 -22 -23 -24 25 -26 26 -28 -29 -30 -31
leaf_value=0.001809271322141755 0.008788618460242455 -0.071576989901253205 0.051252703013847926 0.0056219884026198971 -0.0068804176352882983 -0.024942757141676947 -0.00035691327984977014 -0.11158917681467012 0.001891884886379687 -0.045751677435941475 0.0070533273756592128 0 -0.0047672444521364302 0.0015312643976558517 0.061767582449788992 -0.014412495573295958 0.029799856569724236 0.048187454923378892 -0.020475250143552413 0.038396135280469458 0.022975652886591123 -0.14095894868400879 0.024425248990705049 -0.0086175060096937862 0.054582599038866544 -0.0079985471465076809 0.031199189106914764 0.0094995008305608798 -0.013150007439396778 0
leaf_weight=2603.8788813336887 28.646106374460942 16.745284891312622 113.10816848621107 234.80828331468183 12.7103877140471 10.729492424288763 128.09497425475274 12.647172326658618 210.2278319451907 53.549583926054765 83.081045386476035 42.493635195969546 373.62934587116251 458.56268370400358 67.75595049459298 22.140823871293833 117.71202619550058 87.564142974082642 45.266551198399611 23.933446825249121 7.3793827520712503 32.20384459955676 55.843118883796706 1929.2834711021424 37.83584933563543 91.619916292980633 126.07234639153103 264.47721221077518 260.49783336363907 19.467994286327666
leaf_count=612607 10189 1028 19233 152252 925 553 5570 1330 24914 2309 6148 6072 56483 51414 12184 2300 28034 52800 9014 577 494 3951 21282 134385 4372 5915 14566 16214 7420 10632
internal_value=0.000382281 -0.000729496 0.00369199 -0.0126952 -0.0629714 -0.100231 -0.000426411 0.00705131 0.014955 0.00464538 0.0339711 0.00237064 -0.00605061 0.00951567 0.0398298 -0.0633457 0.0126869 0.014055 0.0251341 0 -0.0338898 -0.120929 -0.000365755 -0.00129832 0.00122694 -0.00439995 0.0141744 -0.00634394 0.00037251 0.0399295
internal_weight=7571.97 5634.74 1937.23 319.098 84.2898 55.6437 5617.99 1618.13 585.058 388.869 196.189 1033.07 464.26 568.812 110.25 34.788 327.94 304.327 176.232 69.2 60.929 42.9333 429.472 5313.67 2902.21 2411.45 217.692 2193.76 2864.38 107.032
internal_count=1275167 875100 400067 167870 15618 5429 874072 232197 81132 55751 25381 151065 81395 69670 18256 3630 52948 78593 73023 9591 2803 4504 77765 795479 624399 171080 20481 150599 620027 63432
is_linear=0
shrinkage=0.08


Tree=182
num_leaves=31
num_cat=0
split_feature=0 1 0 1 4 1 3 0 3 1 0 3 0 6 4 3 0 3 1 1 1 3 0 4 3 0 1 0 3 4
split_gain=3.63918 26.5219 15.5634 21.2045 10.1166 30.2397 116.699 29.0891 13.5398 10.5356 60.3759 12.5379 9.5078 9.47406 8.58975 10.2967 7.48627 7.64604 6.69936 6.52706 41.9845 14.9059 20.3072 12.2664 14.2259 17.3798 11.9467 101.601 61.9756 12.855
threshold=0.85857143998146068 0.89699381589889537 0.88036698102951061 0.88047617673873912 1.5000000000000002 0.96178188920021068 0.94494947791099559 0.94474968314170849 0.81302964687347423 0.99565216898918163 0.89377820491790783 0.97100839018821727 0.89377820491790783 0.8286503553390504 2.5000000000000004 0.84273937344551098 0.86295148730278026 0.87226107716560375 0.91545844078063976 0.92031747102737438 0.98213717341423046 0.94665718078613292 0.7243877947330476 3.5000000000000004 0.91458967328071605 0.71503761410713207 0.86319074034690868 0.80717849731445324 0.92637759447097789 5.5000000000000009
decision_type=2 2 2 2 2 2 2 2 2 2 2 2 2 2 2 2 2 2 2 2 2 2 2 2 2 2 2 2 2 2
left_child=19 2 3 16 5 6 12 -8 18 10 -10 -11 -3 -7 15 -5 -2 -18 -6 21 -21 26 -23 -22 25 -25 -1 28 -28 -29
right_child=1 4 -4 14 8 13 7 -9 9 11 -12 -13 -14 -15 -16 -17 17 -19 -20 20 23 22 -24 24 -26 -27 27 29 -30 -31
leaf_value=0.00066762672321981134 -0.025884128134135431 -0.051435627833643763 0.037409473183958722 0 0.0055516344080464367 -0.0055752057926566501 -0.19312056959325755 -0.040167070591312845 -0.063310998952270284 -0.035343906681333713 0.038577030299653141 -0.00051797648455795535 0.0089165399037085223 0.04738303602223435 0 -0.13757717537208922 0.040962065781524198 0 -0.075572953504560156 0.04502108117996572 0.03327582933958257 -0.027699356696137149 0.045938005575582343 0.0084073536261053475 0.0032752735980984501 -0.037741020819842638 0.015058990558329622 -0.087478477733375526 -0.11777694377908066 -0.011509947503193485
leaf_weight=4433.6164750765292 19.84286027332746 14.82105712622433 130.68693369150606 3.9756653617077991 3.3690657047918675 182.64030693176755 28.263579996153567 18.719022595449132 43.144796132724878 80.432263032231276 152.5464248678727 338.85457968994706 100.79109578523639 19.408839297080704 9.0018214722949761 7.3794128766967333 56.072769496680849 66.872405779857218 18.78276896852185 152.96322023439097 63.769597538168455 25.444796107709408 89.711937785697955 75.059098490684846 751.89062706957702 129.18830737497046 385.42087370418085 97.492066562110267 18.719859572272981 24.387000692709989
leaf_count=757046 1248 1089 22159 243 238 40152 2231 7797 3376 5015 45234 68013 22100 105440 583 407 3584 7221 326 18105 32220 2453 9512 2745 87767 2579 20743 4187 739 809
internal_value=0.000444227 -0.00337313 0.0173817 0 -0.00967576 -0.0202963 -0.045424 -0.144983 -0.00323753 -0.000529116 0.0142985 -0.00791356 0 0 -0.0668853 -0.101475 0.0122758 0.0204561 -0.0585917 0.0012635 0.00662869 0 0.0278601 0.000523043 -0.00165668 -0.0202216 -0.00065565 -0.0120116 0.00715082 -0.0745914
internal_weight=7543.27 1295.61 293.832 163.145 1001.77 364.644 162.595 46.9826 637.13 614.978 195.691 419.287 115.612 202.049 20.3569 11.3551 142.788 122.945 22.1518 6247.66 1172.87 5074.79 115.157 1019.91 956.138 204.247 4959.64 526.02 404.141 121.879
internal_count=1275361 336456 35445 13286 301011 178809 33217 10028 122202 121638 48610 73028 23189 145592 1233 650 12053 10805 564 938905 143416 795489 11965 125311 93091 5324 783524 26478 21482 4996
is_linear=0
shrinkage=0.08


Tree=183
num_leaves=31
num_cat=0
split_feature=4 0 3 0 1 3 3 1 5 5 0 3 1 1 4 4 0 0 3 2 1 0 2 3 4 6 6 2 4 6
split_gain=5.37448 10.9019 19.2509 20.9045 19.0444 11.075 6.61832 6.25833 5.68897 6.55219 4.88577 6.81605 3.8872 21.4836 21.0315 20.9712 20.1766 13.565 24.975 13.2153 17.2553 63.7113 33.8249 11.6714 35.6549 10.3052 10.2569 11.4525 8.68771 6.82527
threshold=1.0000000180025095e-35 0.65485891699790966 0.77694860100746166 0.77629500627517711 0.96178188920021068 0.82807883620262157 0.96824595332145702 0.80217391252517711 0.67658114433288585 0.32189515233039862 0.57735043764114391 0.74322345852851879 0.99565216898918163 0.94360822439193737 10.500000000000002 8.5000000000000018 0.89943820238113414 0.89512962102890026 0.9569842815399171 0.86295148730278026 0.85857143998146068 0.80717849731445324 0.78142958879470836 0.91458967328071605 1.5000000000000002 0.59384471178054821 0.66915422677993786 0.70396453142166149 5.5000000000000009 0.97064974904060375
decision_type=2 2 2 2 2 2 2 2 2 2 2 2 2 2 2 2 2 2 2 2 2 2 2 2 2 2 2 2 2 2
left_child=1 8 -3 7 5 -5 -6 -4 9 -1 -11 -12 13 19 15 17 -15 28 -19 20 22 -22 -2 25 -25 -21 -17 -28 -14 -16
right_child=12 2 3 4 6 -7 -8 -9 -10 10 11 -13 14 16 29 26 -18 18 -20 23 21 -23 -24 24 -26 -27 27 -29 -30 -31
leaf_value=0.023331907614087825 -0.0013800767586031239 -0.051305626732189358 0 -0.065781661542499412 0.045232020237639378 -0.018297617237499682 0 0.044422489098745535 0.044794376039407419 0.0058468013843259161 -0.059888191895385266 0.011271822166721906 0.014612282824775683 0.061568592557024848 0.015617959285384347 0.00024773580730483508 0 -0.07082512106987357 -0.0050744070169985609 0.0027559454657810124 0.0065336786886570812 -0.042299681767761825 0.020704487264264441 -0.070842507413847414 0.01832709589581628 0.042490273598863162 0.008597339656166313 -0.042888115841771289 -0.0045375776816094114 -0.031309763205115894
leaf_weight=47.327322240340436 3688.7862053429853 66.156919990175084 36.110738404742733 39.492292179078504 19.689893552713329 210.61705482783873 135.10376209912465 51.617129423266306 24.6121065363659 21.101643819411038 19.116664883771595 6.1752774698907151 265.27239333472062 67.204784542431298 349.94707445941458 52.973211236851057 60.099053381196427 42.394796856293397 204.33588755502933 78.008369134477107 433.04296962787339 271.89275066365553 498.432249171281 31.609339722366713 127.37388930532688 118.51933628049665 24.706935573645751 188.36732072299492 323.9033012870932 14.321676575527816
leaf_count=5519 710802 6461 1814 1634 15910 32734 96321 13814 6199 11615 3741 812 40756 10099 26328 1976 33650 17761 58817 2447 20300 16761 28274 3807 22742 25323 1263 6234 32396 18845
internal_value=-0.000466561 -0.00724436 -0.0120669 -0.0060133 -0.0139799 -0.0275649 0.00714458 0.0278017 0.013797 0.00217958 -0.0164559 -0.0382391 0.000185715 0.00120417 -0.00343043 -0.00902072 0.0330569 -0.00252362 -0.0181901 0.000370255 -0.000687102 -0.0122412 0.00123219 0.015172 -4.5544e-05 0.027972 -0.0284208 -0.0361242 0.00386565 0.0129407
internal_weight=7518.31 677.121 558.788 492.631 404.903 250.109 154.794 87.7279 118.333 93.7209 46.3936 25.2919 6841.19 5374.97 1466.22 1101.95 127.304 835.906 246.731 5247.67 4892.15 704.936 4187.22 355.511 158.983 196.528 266.047 213.074 589.176 364.269
internal_count=1275155 196574 168688 162227 146599 34368 112231 15628 27886 21687 16168 4553 1078581 874205 204376 159203 43749 149730 76578 830456 776137 37061 739076 54319 26549 27770 9473 7497 73152 45173
is_linear=0
shrinkage=0.08


Tree=184
num_leaves=31
num_cat=0
split_feature=5 8 4 1 1 6 5 6 0 9 5 5 5 5 6 0 1 5 5 5 4 4 1 1 8 6 1 6 4 5
split_gain=7.19857 18.6107 22.6479 15.9367 15.1058 14.9695 12.6036 12.3964 7.20386 9.44945 8.68679 8.64376 6.43927 5.11035 6.97297 4.93648 4.9358 5.64405 4.85736 5.61868 4.81266 5.33903 3.96724 3.65304 3.16876 12.2921 18.3674 10.9791 12.008 6.18702
threshold=0.87577831745147716 1.0000000180025095e-35 4.5000000000000009 0.70438539981842052 0.95024752616882335 0.94715359807014476 0.94136744737625133 0.93555310368537914 0.68783602118492138 1.0000000180025095e-35 0.90335035324096691 0.88019138574600231 0.99805447459220897 0.88019138574600231 0.92541947960853588 0.89377820491790783 0.75716626644134533 0.62529620528221141 0.73879611492156994 0.70337250828742992 3.5000000000000004 10.500000000000002 0.87007671594619762 0.82426470518112194 1.0000000180025095e-35 0.39755295217037206 0.89699381589889537 0.75887238979339611 6.5000000000000009 0.46195203065872198
decision_type=2 2 2 2 2 2 2 2 2 2 2 2 2 2 2 2 2 2 2 2 2 2 2 2 2 2 2 2 2 2
left_child=5 8 4 -4 6 24 7 -3 20 13 11 -11 15 -10 -15 -5 -7 -18 19 -19 -2 -22 -12 -8 25 26 -1 29 -29 -27
right_child=1 2 3 12 -6 16 23 -9 9 10 22 -13 -14 14 -16 -17 17 18 -20 -21 21 -23 -24 -25 -26 27 -28 28 -30 -31
leaf_value=-0.048718434168823349 0.039687911286254401 0 0.0031467511674618453 -0.049728959287105828 0.053678462100249159 0.050748607119204564 0.035758331071979385 -0.051209611122527185 -0.025143582432247846 0.021343124209707555 -0.015272533295862858 -0.041108049189374961 0.018073588205437249 0.032680066444390476 -0.0017712138481777398 0.0039618681595165513 0.041510190459814737 0 0.01355676899027862 -0.071187034937545385 -0.0083135926437784575 0.02593163614607891 0.0048733324176427157 0 0.0020369385723895505 0.011900538484685197 0.014772207643729414 -0.013082104638021475 0.004048469660380102 5.7497358407147807e-05
leaf_weight=76.406045802763401 43.597435459509143 70.807553885188099 48.548853273234272 183.91481558033411 25.195140394853297 40.077243728754183 34.239045537344282 49.508954055529102 11.005027049104681 10.40502239167108 86.359578441974008 73.325261160818627 4.0074585297697913 88.617295497562736 48.126047292593285 5.0963611471233881 26.685120287469545 12.589668576832993 50.823219657657319 6.2059405234922442 55.946206406748388 45.200614249159116 182.64239757623 25.774791166591967 3906.821100968773 476.28992539635874 37.504341462466982 648.38191009162983 415.03497973759659 750.08827555860626
leaf_count=357604 1108 17225 18460 35498 91990 13781 13573 18414 382 264 1665 1458 18124 3099 1601 3149 12678 6984 25072 3209 746 843 7607 18926 414663 115760 10160 20050 4415 36015
internal_value=0.000177432 -0.00578777 -0.0182836 -0.0346487 0.000557351 0.00121663 -0.00724917 -0.0225296 0.00269887 -0.00160037 -0.00897838 -0.0307788 -0.0448025 0.0146836 0.0197916 -0.0473918 0.0269884 0.0135044 0 -0.029585 0.0181899 0.00598324 -0.00117097 0.0203009 0.000613403 -0.00163332 -0.0267268 -0.000259756 -0.0062589 0.00481657
internal_weight=7539.23 1092.32 447.093 241.567 205.525 6446.91 180.33 120.317 645.225 500.481 352.732 83.7303 193.019 147.748 136.743 189.011 136.381 96.3039 69.6188 18.7956 144.744 101.147 269.002 60.0138 6310.53 2403.71 113.91 2289.8 1063.42 1226.38
internal_count=1274523 254132 235359 75231 160128 1020391 68138 35639 18773 16076 10994 1722 56771 5082 4700 38647 61724 47943 35265 10193 2697 1589 9272 32499 958667 544004 367764 176240 24465 151775
is_linear=0
shrinkage=0.08


Tree=185
num_leaves=31
num_cat=0
split_feature=4 6 0 3 2 6 0 4 0 0 3 3 6 2 6 3 5 2 3 4 6 0 5 4 6 0 2 2 9 5
split_gain=3.29362 6.41655 8.2251 4.71318 7.24228 6.76439 7.76789 5.44864 5.27876 4.4015 10.6786 8.61002 6.07122 5.96732 6.38536 12.6213 5.36641 6.11575 5.32497 5.35526 4.19901 3.8538 3.47032 3.13856 2.88669 2.86059 6.64876 4.62393 2.86008 2.75601
threshold=8.5000000000000018 0.97064974904060375 0.79277813434600841 0.53229168057441723 0.36882591247558599 0.44923661649227148 0.45199692249298101 14.500000000000002 0.37075218558311468 0.50263157486915599 0.56635218858718883 0.51316702365875255 0.78601953387260448 0.42644809186458593 0.91684862971305858 0.86319074034690868 0.49358868598937994 0.60495716333389293 0.59491634368896495 4.5000000000000009 0.91342368721961986 0.4901809841394425 0.32984206080436712 21.500000000000004 0.69710868597030651 0.46234817802906042 0.49397240579128271 0.598850578069687 1.0000000180025095e-35 0.69705626368522655
decision_type=2 2 2 2 2 2 2 2 2 2 2 2 2 2 2 2 2 2 2 2 2 2 2 2 2 2 2 2 2 2
left_child=9 3 -3 5 22 23 8 -8 -7 10 16 -11 21 18 20 -16 17 24 -13 -20 -15 -12 -5 -2 -1 26 -6 -27 -4 -24
right_child=1 2 28 4 25 6 7 -9 -10 11 12 13 -14 14 15 -17 -18 -19 19 -21 -22 -23 29 -25 -26 27 -28 -29 -30 -31
leaf_value=-0.029518397467226679 -0.037818771034614639 -0.0023315889029545734 0 0 0.00082509089244830363 0.019053418801390581 0.0054461893517907013 0.098302357699960846 -0.028233410982366234 -0.063694059894866206 0.051176567750342621 -0.01138918374290823 0 -7.6396384857101501e-05 -0.0013563485097123408 0.018981170659140595 0.013636455646858246 0.035531617292013061 0.039971059813315779 0 -0.022571548547827419 0.006609183452771992 -0.044421039228707569 0.0129141471430314 0.0025902217826265766 -0.0086690878701489327 0.05941139850967303 0.00070287707016426022 -0.079871751409928873 0
leaf_weight=68.747623154797111 15.899250283453513 39.11963952692895 1.5561858416585863 31.003129585666102 86.707181706180563 57.603949607801042 12.345517471112545 9.0036176064168085 13.283032258492311 8.0643310342420573 58.336581128703983 19.356217320419091 30.994728026736993 4499.6598417656405 424.09207078626787 336.39349140206832 66.751301457026784 6.6336091643061073 62.428578686907713 27.862702173149955 48.974937676975969 28.713675368377153 43.121404684572553 3.4034659776734761 11.234287080034845 476.3663799143178 10.875817023861599 1035.821162919925 13.581304488441674 12.015422802840474
leaf_count=111437 51296 26758 2884 12287 43908 6678 997 438 2114 5453 25869 8755 2934 472926 67126 188205 7141 335 9566 6975 8210 10641 27967 6227 275 105267 2354 57459 1389 1430
internal_value=0.000526335 -0.00235785 -0.0284118 -0.00141124 -0.00255371 0.0139509 0.0237328 0.0619017 0.00680785 0.00149794 0.0114008 0.000963173 0.0290494 0.00114753 0.000725541 0.00749596 -0.00166112 -0.0152976 0.0192617 0.0277643 -0.000378256 0.0393716 -0.0245892 -0.0214733 -0.0232386 -0.001203 0.0114919 -0.00216284 -0.0705516 -0.0358562
internal_weight=7559.95 1861.71 54.2571 1807.45 1695.91 111.539 92.2361 21.3491 70.887 5698.24 271.412 5426.83 118.045 5418.77 5309.12 760.486 153.367 86.6155 109.647 90.2913 4548.63 87.0503 86.14 19.3027 79.9819 1609.77 97.583 1512.19 15.1375 55.1368
internal_count=1275301 349453 31031 318422 250672 67750 10227 1435 8792 925848 158632 767216 39444 761763 736467 255331 119188 112047 25296 16541 481136 36510 41684 57523 111712 208988 46262 162726 4273 29397
is_linear=0
shrinkage=0.08


Tree=186
num_leaves=31
num_cat=0
split_feature=5 6 8 0 0 0 3 5 1 5 3 1 3 0 3 5 1 1 2 2 2 0 1 0 1 2 3 5 1 1
split_gain=4.06488 11.3331 7.91297 13.8944 8.22557 7.99149 12.7025 14.6671 12.1821 7.05576 6.79726 5.13359 6.8585 6.78129 3.89063 3.72772 4.82706 7.5517 3.50633 3.12733 2.12792 14.9944 19.9731 16.1718 14.5357 14.3959 13.0275 8.23286 25.3369 28.5447
threshold=0.87815481424331676 0.94320663809776317 1.0000000180025095e-35 0.88036698102951061 0.6351073980331422 0.46841755509376531 0.64565756916999828 0.93359273672103893 0.78910306096076976 0.63343685865402233 0.53907206654548656 0.75905716419219982 0.92403846979141246 0.82891985774040233 0.82807883620262157 0.8873705565929414 0.67017546296119701 0.84660634398460399 0.90054944157600414 0.78142958879470836 0.45923791825771337 0.51649147272109996 0.55217784643173229 0.60495716333389293 0.64326766133308422 0.54923510551452648 0.83424907922744762 0.21800179779529574 0.44920890033245092 0.58643677830696117
decision_type=2 2 2 2 2 2 2 2 2 2 2 2 2 2 2 2 2 2 2 2 2 2 2 2 2 2 2 2 2 2
left_child=1 20 4 5 10 -4 7 -7 -8 -3 -2 -11 13 -13 -12 18 -17 -18 -6 -14 27 24 23 -23 -22 -24 -26 -1 -29 -30
right_child=2 9 3 -5 15 6 8 -9 -10 11 14 12 19 -15 -16 16 17 -19 -20 -21 21 22 25 -25 26 -27 -28 28 29 -31
leaf_value=0.011850764016221677 -0.030098292588589634 0.047535720325987296 0.032168693132529208 0.026910461912784404 -0.03084289884786983 -0.10394385486219275 0.0071411837142947264 0 -0.024030513585107924 0.033422250522621343 0.041155291007917552 0 0 -0.054129592674399339 0 0.032138746309873983 -0.019181084646749409 0.0036427036426773351 0.012924046551426552 0.04146277163392758 0.0017583565595983305 0.0028232285534137429 -0.019052500697582797 0.045843322820071405 0.058122505200928154 -3.4770200647223995e-05 0 0.0038815044230767815 -0.065417629933761476 0
leaf_weight=145.6082277169553 6.6466834913881021 45.219817169470844 13.121233133422718 43.713948481909028 44.590087139571551 18.781940997789206 104.53119981020427 14.499138139446584 249.12832592706218 32.599880077603302 59.13467839689838 38.293626480044622 9.7599383653760032 16.758967542791652 20.863832205941435 23.18192631630518 118.44476139897597 349.04365109815262 6.433084950054762 20.343804546118918 142.91381186903527 137.16160772023613 264.6472028252083 101.79484692110054 76.811167080230007 4928.8961468410325 29.299602657971263 304.98578415080738 84.20866218611809 80.026906288303508
leaf_count=13743 294 18869 8472 104199 620 2536 29804 3867 83045 10892 1022 8047 5180 4028 333 997 1752 12699 662 21057 77369 45782 43811 13157 7049 448681 1686 211046 67136 27844
internal_value=0.000173031 0.000951429 -0.0043508 -0.0124993 0.00120481 -0.0174795 -0.0199602 -0.0652689 -0.0143999 0.0214772 0.0235385 0.00863845 -0.000402075 -0.0184101 0.0313857 -0.00225746 0 -0.00194318 -0.0218078 0.025904 0.000378124 0.000886144 0 0.0223695 0.0198835 -0.00105203 0.0416774 -0.00402753 -0.00936526 -0.0342979
internal_weight=7531.44 6459.33 1072.11 443.776 628.339 400.062 386.941 33.2811 353.66 162.976 86.6452 117.756 85.1563 55.0526 79.9985 541.694 490.67 467.488 51.0232 30.1037 6296.35 5681.52 5432.5 238.956 249.025 5193.54 106.111 614.83 469.221 164.236
internal_count=1275679 1025377 250302 231923 18379 127724 119252 6403 112849 68073 1649 49204 38312 12075 1355 16730 15448 14451 1282 26237 957304 637535 551431 58939 86104 492492 8735 319769 306026 94980
is_linear=0
shrinkage=0.08


Tree=187
num_leaves=31
num_cat=0
split_feature=4 3 5 5 2 5 8 0 1 1 4 4 2 3 0 1 0 2 2 3 3 2 2 3 1 0 0 2 0 4
split_gain=3.24713 8.22848 6.49993 10.2194 7.30896 4.00279 3.91522 3.83855 52.3539 28.0799 27.7167 23.8534 23.1385 69.1674 70.0954 23.2937 18.6187 18.4924 18.4098 18.1486 22.4416 17.3445 15.9408 15.6385 14.2998 38.1616 12.1032 10.8931 10.8619 10.5276
threshold=16.500000000000004 0.61633428931236278 0.78281378746032726 1.0000000180025095e-35 0.66978195309638988 0.87577831745147716 0.75000000000000011 0.59611794352531444 0.68870675563812267 0.66300368309021007 4.5000000000000009 5.5000000000000009 0.65733855962753307 0.7454303801059724 0.6569296419620515 0.70438539981842052 0.66978195309638988 0.70396453142166149 0.50287356972694408 0.64346247911453258 0.78192934393882763 0.48313754796981817 0.67826876044273388 0.62397539615631115 0.59611794352531444 0.47856706380844122 0.64326766133308422 0.59390470385551464 0.57307061553001415 3.5000000000000004
decision_type=2 2 2 2 2 2 2 2 2 2 2 2 2 2 2 2 2 2 2 2 2 2 2 2 2 2 2 2 2 2
left_child=7 6 3 -3 -5 -4 -2 8 24 10 23 22 13 14 -11 16 -14 -17 -15 -13 -21 -12 -10 -9 28 -26 -23 -25 -1 -27
right_child=1 2 5 4 -6 -7 -8 9 11 12 21 19 15 18 -16 17 -18 -19 -20 20 -22 26 -24 27 25 29 -28 -29 -30 -31
leaf_value=-0.0050807318084538627 0 0 0.034794427301681585 -0.047103354898929077 0.0036847769201953707 -0.0081058425800884914 0.036927300125982408 -0.052253735307281932 0.068916579711829989 -0.0054693360430455775 -0.010151696925978915 -0.055820348277821896 -0.0072670761007475864 0.039503295996916918 -0.095651141596536482 -0.017582919332018589 0.03648135876111968 -0.00011587773753519224 -0.0050837556325730284 0.057989994794086272 0 0.016062971275154068 0.016658931920007895 -0.010657482694398765 0.044589616559382303 -0.014062548764696356 0.052671611213696699 0.019526107070278045 0.022173851348719902 -0.061025780577144098
leaf_weight=637.80168454435261 44.729747447288901 62.866821156349033 17.290246783632028 89.546739077002712 14.596949224796843 23.46027272968422 23.387316808068135 30.136449278623331 107.72868441283208 113.16649767123454 48.146587148790786 18.866672265205125 82.998316751160019 63.431978167707712 111.99839296993741 428.83734642868149 181.86525205919315 3851.4079637472951 430.38704552269701 55.559466840604728 145.71318567505659 119.94306480385421 76.259398192480148 144.41556131218567 33.902648012670397 66.777364804835088 165.76652146026754 146.06511113374472 103.93561578732988 88.190607204633125
leaf_count=362205 37370 1578 1884 39455 1682 9007 4735 7323 5627 11279 9396 2449 6536 5308 11589 27597 14318 520897 31555 4486 11678 19125 7646 26166 5103 8354 18039 16322 22448 23466
internal_value=-8.539e-05 -0.00854021 -0.0167224 -0.0238517 -0.0386762 0.00841262 0.0136645 0.000219805 0.00410302 -0.000631636 0.0148957 0.028033 -0.00260478 -0.0158946 -0.0521249 -0.000452163 0.0222987 -0.00192171 0.000661337 0.00900115 0.0170588 0.0308744 0.0491172 -0.0014701 -0.00621214 -0.0255931 0.038394 0.00405211 -0.00092453 -0.0428611
internal_weight=7529.18 275.878 207.761 167.011 104.144 40.7505 68.1171 7253.3 1334.74 5918.57 654.473 404.127 5264.09 718.984 225.165 4545.11 264.864 4280.25 493.819 220.139 201.273 333.856 183.988 320.617 930.608 188.871 285.71 290.481 741.737 154.968
internal_count=1274623 95711 53606 42715 41137 10891 42105 1178912 453462 725450 96371 31886 629079 59731 22868 569348 20854 548494 36863 18613 16164 46560 13273 49811 421576 36923 37164 42488 384653 31820
is_linear=0
shrinkage=0.08


Tree=188
num_leaves=31
num_cat=0
split_feature=5 1 0 6 5 2 1 5 4 2 0 0 1 0 2 5 2 2 5 6 1 5 1 2 1 1 5 4 2 1
split_gain=4.66582 3.71701 7.90705 8.91597 7.66322 6.45275 34.4865 20.7673 18.1411 9.75566 8.79938 8.26178 8.17081 10.194 9.22702 5.99496 4.76313 4.44032 4.22415 3.51691 3.07625 3.07446 2.22352 3.28531 1.99704 7.39691 1.86593 1.67081 1.44926 0.974488
threshold=0.98310789465904247 0.49731183052062994 0.48528139293193823 0.50108224153518688 0.53017652034759533 0.48528139293193823 0.5673658847808839 1.0000000180025095e-35 5.5000000000000009 0.37248718738555914 0.50263157486915599 0.44575163722038275 0.55217784643173229 0.49731183052062994 0.55612829327583324 0.62529620528221141 0.51649147272109996 0.19433516263961795 0.77437999844551098 0.59384471178054821 0.37573529779911047 0.31890305876731878 0.40778534114360815 0.48313754796981817 0.81120249629020702 0.84660634398460399 0.33401361107826238 11.500000000000002 0.46247655153274542 0.34525330364704138
decision_type=2 2 2 2 2 2 2 2 2 2 2 2 2 2 2 2 2 2 2 2 2 2 2 2 2 2 2 2 2 2
left_child=1 2 17 22 26 6 7 28 10 -9 -8 16 13 -13 -14 -10 -7 -1 -6 21 -21 -19 29 -24 -2 -26 -5 -27 -3 -4
right_child=24 5 3 4 18 11 8 9 15 -11 -12 12 14 -15 -16 -17 -18 19 -20 20 -22 -23 23 -25 25 27 -28 -29 -30 -31
leaf_value=0.027944168853840913 0.047290771237695824 -0.0033630677687298957 0 0 -0.0031493457040011903 0 0.076677916839377649 -0.012860007073852835 -0.023575820299545729 -0.10507123249113265 0.013281302889997675 -0.039470605434914874 -0.013210074614141655 0.018849956871449615 -7.6743961937034683e-06 0.0089094853229816414 0.067629348315723481 0.0020677108411408002 0.033040472808302329 0.01701767429471596 -0.0051246340681356198 -0.019780869514176444 -0.020854110694234405 0.018534474646074932 -0.051749949782299749 0.040011080749016444 0.0550545426721121 0 0.031532970689208899 0.024734847754375889
leaf_weight=24.202208666138176 13.962679982534608 16.983459023875188 4.6778256351208283 4.8419466963387086 45.433804262816921 4.0217822411468687 14.645720208463898 16.00413233033396 126.56794439501391 36.285686782293851 104.07447901626438 14.667154725684666 355.82145490914991 229.3013320388618 5957.4280544580579 38.76118545603822 13.16687549949347 43.284567426786452 24.619626552541376 62.343721561301209 80.11787972007005 112.51362841914488 48.471452893863898 9.8146249865530972 4.5765103260127971 15.341823852491872 55.567360550805461 3.8303123175282954 4.1992168944561845 16.652359373358195
leaf_count=6492 13063 1414 3767 169 4604 2019 1474 8752 34446 30749 11999 10139 56600 60972 679563 1880 2484 55695 8473 6593 2695 164890 38055 8588 1582 32375 2841 12485 375 9836
internal_value=3.57916e-05 -9.366e-05 0.00628928 0.0182238 0.0307866 -0.00061127 -0.0110029 -0.0580064 0.00139461 -0.0832269 0.0251781 -1.39133e-05 -0.000202971 0.0139789 -0.000786964 -0.0149824 0.0486915 -0.00115683 0.00879124 -0.00446761 0.00372867 -0.0128402 -0.00107406 -0.010753 0.0264165 0.00248793 0.0512256 0.0300804 0.00214442 0.0163172
internal_weight=7502.18 7464.47 532.541 210.079 130.463 6931.93 357.522 73.4725 284.049 52.2898 118.72 6574.41 6557.22 243.968 6313.25 165.329 17.1887 322.462 70.0534 298.26 142.462 155.798 79.6163 58.2861 37.7113 23.7486 60.4093 19.1721 21.1827 21.3302
internal_count=1275069 1215564 312698 76333 16087 902866 91089 41290 49799 39501 13473 811777 807274 71111 736163 36326 4503 236365 13077 229873 9288 220585 60246 46643 59505 46442 3010 44860 1789 13603
is_linear=0
shrinkage=0.08


Tree=189
num_leaves=31
num_cat=0
split_feature=4 1 2 3 3 2 3 3 3 5 1 3 2 2 2 1 1 2 1 3 3 5 1 3 2 1 1 1 3 3
split_gain=4.6497 14.1406 42.5444 15.0499 12.9223 12.0855 14.3142 13.2882 9.98688 9.40147 12.2607 19.0621 10.6037 8.39439 8.23604 10.3709 8.17847 7.49886 47.8889 28.9653 24.7794 16.1837 14.03 38.9218 18.1131 41.4231 12.179 11.0664 9.35625 7.19262
threshold=4.5000000000000009 0.76239567995071422 0.6832355558872224 0.65240275859832775 0.76689496636390697 0.43792808055877691 0.58578637242317211 0.71330726146698009 0.9569842815399171 0.57979589700698864 0.95024752616882335 0.89512962102890026 0.91715687513351452 0.90521115064620983 0.56980520486831676 0.67017546296119701 0.66300368309021007 0.66978195309638988 0.74388790130615245 0.69631093740463268 0.73623713850975048 0.70337250828742992 0.67017546296119701 0.6832355558872224 0.598850578069687 0.59611794352531444 0.78629976511001598 0.76239567995071422 0.61167800426483165 0.75931033492088329
decision_type=2 2 2 2 2 2 2 2 2 2 2 2 2 2 2 2 2 2 2 2 2 2 2 2 2 2 2 2 2 2
left_child=1 5 3 -3 -5 6 -1 -7 -6 -4 11 -11 -12 17 16 -16 -9 22 20 27 28 -21 24 -24 25 -2 -25 -20 -19 -8
right_child=13 2 9 4 8 7 29 14 -10 10 12 -13 -14 -15 15 -17 -18 18 19 21 -22 -23 23 26 -26 -27 -28 -29 -30 -31
leaf_value=-0.0093911641243716055 0.0028179525747923945 0.08215527032966255 -0.0026593133360650121 0 0.041726787421115276 -0.014989602142043309 0.045368939763627207 -0.0011672194523304311 -0.03117731427625757 0.012998589432531736 0.038807110969712746 -0.014258762987435758 0.00022707637857918291 -0.030465740343518004 0.014051538906848269 -0.010824904123865827 0.036673886919669149 -0.013063815780552934 0.0034538466658977918 0.0080261107071435724 0.001305537244708469 -0.0079633245408740876 -0.071218145758215071 -0.022341184062669408 0.022009412429738268 -0.047023978680128274 0.00030910826322153257 -0.069680505945794668 0.065673927198649742 -0.0094167859206848985
leaf_weight=68.044889868871905 737.85232234662089 35.090136697544949 1199.6865630545708 88.424371626155335 175.28419802754615 622.8339149838157 78.858019478830101 55.452304516893491 6.8155565836223095 430.44937243242202 128.2914389345151 255.76606779274152 82.315004172232875 59.109366480503013 145.58448497085737 349.1187163960476 70.219128287746571 5.2660380888846694 11.604166808516309 811.07522710165358 78.752634485590534 799.32032850443647 63.373155621829937 218.19970728366752 205.24902052547623 118.92651780367669 433.63140784224015 49.156014399246487 117.07817800652992 11.325929686801826
leaf_count=56874 335543 1543 90110 4181 12143 119650 13894 11345 2056 48495 39375 50943 170436 7712 15951 24896 4547 480 673 41768 5543 73131 11339 25404 23470 36102 34694 2369 8161 2008
internal_value=0.000320334 0.00230194 0.00604979 0.0337129 0.0254718 -0.00400692 0.0162032 -0.00676195 0.0373827 0.0018705 0.00808864 0.00257811 0.0248252 -0.0016693 0.00129628 -0.00311656 0.0193464 -0.00111806 0.00235512 -0.00203527 0.0387807 0 -0.00486306 -0.0134967 0.00083715 -0.00414746 -0.00714181 -0.0540794 0.0606485 0.0366744
internal_weight=7512.15 3803.56 2402.12 305.614 270.524 1401.44 158.229 1243.21 182.1 2096.51 896.822 686.215 210.606 3708.59 620.375 494.703 125.671 3649.48 1872.25 1671.16 201.097 1610.4 1777.23 715.204 1062.03 856.779 651.831 60.7602 122.344 90.1839
internal_count=1274836 668447 419282 19923 18380 249165 72776 176389 14199 399359 309249 99438 209811 606389 56739 40847 15892 598677 132125 117941 14184 114899 466552 71437 395115 371645 60098 3042 8641 15902
is_linear=0
shrinkage=0.08


Tree=190
num_leaves=31
num_cat=0
split_feature=4 4 3 3 3 3 1 1 8 6 5 6 6 6 5 8 3 9 3 1 1 3 1 4 4 5 1 1 3 1
split_gain=3.23272 10.0281 8.89524 9.06351 8.68104 14.3128 4.83185 3.54599 3.28749 4.71044 3.18517 14.507 8.11709 15.2976 13.5052 11.187 7.88412 6.34282 6.83721 6.29775 8.30611 5.18961 13.519 11.6348 11.5409 11.8411 9.38715 6.98663 5.03706 3.62628
threshold=12.500000000000002 14.500000000000002 0.75582656264305126 0.95861870050430309 0.61633428931236278 0.80217391252517711 0.42644809186458593 0.75147059559822094 0.75000000000000011 0.44923661649227148 0.33401361107826238 0.37368187308311468 0.35941100120544439 0.59384471178054821 0.23693957179784778 1.0000000180025095e-35 0.93127068877220165 1.0000000180025095e-35 0.88047617673873912 0.79772728681564342 0.88273492455482494 0.96459901332855236 0.93395638465881359 10.500000000000002 11.500000000000002 0.81835731863975536 0.98610842227935802 0.85857143998146068 0.83047896623611461 0.87007671594619762
decision_type=2 2 2 2 2 2 2 2 2 2 2 2 2 2 2 2 2 2 2 2 2 2 2 2 2 2 2 2 2 2
left_child=10 2 7 -4 8 6 -6 -2 9 -3 12 -12 14 15 19 29 -17 18 -15 28 -21 24 27 -24 26 -26 -13 -23 -1 -14
right_child=1 4 3 -5 5 -7 -8 -9 -10 -11 11 21 13 17 -16 16 -18 -19 -20 20 -22 22 23 -25 25 -27 -28 -29 -30 -31
leaf_value=0 0.0040762656270740966 -0.032697133830875594 0.040476138325149506 0 0 0.0028917822215396511 -0.036307738281228005 -0.035338502086835068 0.038025252744805178 0.015792652393114101 -0.032093867444534602 -0.00028783574567039578 -0.010673159104776633 -0.040908210900109473 -0.025588390941720683 0.059823273689071102 0 0.040616056824163242 0.022628419373629364 0.014607873087813774 -0.00063360772623785144 0 -0.0018800498657710846 0.028543133538250394 -0.0057609515406121178 -0.064984697132356162 -0.014678754592242485 0.057579009060959974 -0.017220536119813473 0.025161471790772501
leaf_weight=703.82308403696516 75.164582626284755 10.137616198866452 114.48912113987171 52.162202625222562 20.196811452562542 252.62941942321595 102.6346474603688 12.235826428357539 32.985836755433411 56.662754276905616 94.291243199615565 3380.5834654036353 37.445591641826468 42.076546617616259 115.33517194294654 68.730100445063727 13.552280185191192 4.2027772857109076 7.0485702314254004 439.46823676998611 431.66207082406618 18.879576367855407 691.72259416080306 85.300242885365151 69.865370463787258 32.756426707219362 315.22313296564607 39.320564914420174 124.51275352074299 24.400101348262979
leaf_count=24831 36138 47721 10304 8218 11085 34395 35207 1403 6001 5534 142373 421165 30637 1119 107531 4347 624 267 1529 4003 22581 4878 216860 10809 10067 1834 62548 5776 1469 1186
internal_value=-5.64733e-05 0.00496035 0.0176813 0.0283289 -0.00161999 -0.00752056 -0.0294629 -0.00132376 0.0183544 0.00444095 -0.000626296 -0.00177842 0.00199908 0.0172048 0.000214014 0.0308634 0.0494473 -0.0164483 -0.0275875 0.00212891 0.00691229 -0.0010931 0.00453372 0.0014163 -0.00237676 -0.0282925 -0.00157667 0.0402176 -0.00272089 0.00189573
internal_weight=7469.5 729.299 254.052 166.651 475.247 375.461 122.831 87.4004 99.7862 66.8004 6740.2 4727.94 2012.26 197.456 1814.8 144.128 82.2824 53.3279 49.1251 1699.47 871.13 4633.65 835.223 777.023 3798.43 102.622 3695.81 58.2001 828.336 61.8457
internal_count=1272440 196006 56063 18522 139943 80687 46292 37541 59256 53255 1076434 876310 200124 39709 160415 36794 4971 2915 2648 52884 26584 733937 238323 227669 495614 11901 483713 10654 26300 31823
is_linear=0
shrinkage=0.08


Tree=191
num_leaves=31
num_cat=0
split_feature=5 6 5 1 2 2 1 0 1 1 2 2 2 0 6 6 2 0 6 2 8 0 1 2 1 0 2 1 0 0
split_gain=4.3587 16.5604 9.54684 4.98609 16.264 11.6714 29.7079 21.4362 11.4589 11.3003 20.8142 14.7327 12.6796 10.3013 11.2288 9.87588 9.61574 8.05279 7.85615 7.15294 6.1608 5.28377 4.43249 4.02352 3.91177 5.41542 3.68926 12.5768 16.1476 11.6356
threshold=0.85770529508590709 0.93359273672103893 0.63343685865402233 0.77459675073623668 0.67826876044273388 0.77836257219314586 0.88493064045906078 0.65240275859832775 0.99565216898918163 0.67017546296119701 0.57712131738662731 0.53178024291992199 0.47413024306297308 0.83414238691329967 0.90872874855995189 0.90365907549858104 0.61257407069206249 0.62258651852607738 0.92338585853576671 0.83131474256515514 0.75000000000000011 0.70064935088157665 0.908033847808838 0.90353596210479747 0.96449580788612377 0.88478556275367748 0.45923791825771337 0.5604878067970277 0.51649147272109996 0.61938297748565685
decision_type=2 2 2 2 2 2 2 2 2 2 2 2 2 2 2 2 2 2 2 2 2 2 2 2 2 2 2 2 2 2
left_child=1 26 -3 4 9 6 7 -5 22 11 -11 12 -2 14 23 20 -9 -12 -17 -16 -15 -10 -8 -7 -4 -26 -1 29 -29 -28
right_child=3 2 24 5 -6 13 8 16 21 10 17 -13 -14 15 19 18 -18 -19 -20 -21 -22 -23 -24 -25 25 -27 27 28 -30 -31
leaf_value=-0.0059869124082306182 0.0025406298965660484 0.049052271163291659 0.017742622448601246 0.0059589901142047428 0.031674178290698109 0.040854657388214817 0 0 0.007755073384836355 0.0050902165357666019 -0.0041187812603410727 0.027050327648139694 -0.059381939787525616 -0.03816484362845024 -0.0081420597508708187 0.021149872895020034 -0.064524822847536398 -0.10888279254200071 -0.0093073479153753073 0.027159078119988769 0.0033199215745797128 -0.024212208915657646 0.052771518352217384 -0.014180188471626151 0.0032165632168686797 -0.057593473731897035 0.0052267160543930423 0.026247406342084587 -0.0012366394205543401 0.037414671684024507
leaf_weight=601.48126330841296 47.213513352531663 61.57046611824444 90.012822051645344 38.551055990203167 91.668252789386315 72.199616513898945 23.555625266475545 13.631968679877899 49.306791123926814 31.968293722624367 10.700894225439699 80.52836811175257 27.392924161738847 88.212198604145669 146.38314511757198 70.000968785727309 117.82058043171492 17.46661651633076 188.24919479054006 43.457678916460281 20.395731849941512 64.594773331540637 28.806372063698291 2.5039270733614094 25.558425292765605 6.7781833897606694 281.50479184032156 135.51312412059451 4925.4684970729013 100.73807098253019
leaf_count=318302 13836 22685 24367 2758 13616 4240 1900 1383 12386 2095 771 14894 5117 5526 17485 14238 8099 1333 106095 18378 19756 10990 6979 2813 10207 11601 122146 19608 451468 11425
internal_value=-0.000192355 0.000658482 0.0239845 -0.0044615 0.00404515 -0.00733118 -0.0192705 -0.0423702 0.00396207 -0.00744561 -0.0356596 0.00326394 -0.020487 -0.000619799 0.0110225 -0.00948075 -0.0574152 -0.0805275 -0.000198961 0 -0.0291627 -0.00928407 0.033863 0.0362287 0.00868259 -0.0112504 -4.40389e-05 0.000588178 -0.000443963 0.0144964
internal_weight=7503.23 6228.63 183.92 1274.61 306.939 967.67 336.267 170.004 166.264 215.271 60.1358 155.135 74.6064 631.402 264.544 366.858 131.453 28.1675 258.25 189.841 108.608 113.902 52.362 74.7035 122.349 32.3366 6044.71 5443.22 5060.98 382.243
internal_count=1276497 991809 68860 284688 51662 233026 44495 12240 32255 38046 4199 33847 18953 188531 42916 145615 9482 2104 120333 35863 25282 23376 8879 7053 46175 21808 922949 604647 471076 133571
is_linear=0
shrinkage=0.08


Tree=192
num_leaves=31
num_cat=0
split_feature=5 6 3 1 2 1 2 1 4 3 1 3 3 2 6 1 6 3 4 1 2 4 4 5 5 4 5 2 4 1
split_gain=4.15513 16.2402 12.9473 8.17282 12.3591 19.3136 8.13415 33.1848 26.4285 19.1736 23.4075 17.5481 15.4432 6.99191 8.38558 10.1722 11.8361 8.24911 8.18746 7.12001 6.54651 5.70109 4.93313 4.51297 4.43711 4.43407 3.51881 3.24811 3.08682 2.9479
threshold=0.32600644230842596 0.36253654956817633 0.5912291705608369 0.51471862196922313 0.48528139293193823 0.48050633072853094 0.64630925655365001 0.74388790130615245 4.5000000000000009 0.88047617673873912 0.81872946023941051 0.96693986654281627 0.96459901332855236 0.47114317119121557 0.35143324732780462 0.82793453335762035 0.57370692491531383 0.73746865987777721 14.500000000000002 0.78629976511001598 0.56980520486831676 12.500000000000002 2.5000000000000004 0.28212994337081915 0.40827012062072759 13.500000000000002 0.23693957179784778 0.32305502891540533 14.500000000000002 0.79772728681564342
decision_type=2 2 2 2 2 2 2 2 2 2 2 2 2 2 2 2 2 2 2 2 2 2 2 2 2 2 2 2 2 2
left_child=2 24 28 4 5 21 9 8 -8 10 -5 -11 -9 17 19 16 -16 18 26 20 -15 -3 -6 -21 -2 -24 -4 -7 29 -1
right_child=1 3 13 6 22 27 7 12 -10 11 -12 -13 -14 14 15 -17 -18 -19 -20 23 -22 -23 25 -25 -26 -27 -28 -29 -30 -31
leaf_value=-0.033700985424839736 -0.039624889401018555 0 0.05467786974171264 -0.015488487968289678 0 0 0.00075530500081717842 -0.0071253260791241339 0.0391174272326376 0.0370235136811378 0.031741553195364897 -0.010944652162634771 0.0053837220068848361 0.006340575993597203 0.055210113531858021 -0.0026579146393697008 -0.00028696580783759562 0.00043664375264534575 -0.014374149602608896 0.0058623699163362223 -0.010295957824245075 0.020365012547808641 0.053681958775634121 -0.021260427248416161 0.0075279343325653425 0 0 -0.062467888650764282 0.0062398572408942114 0.0094656129278508239
leaf_weight=86.296080059644737 86.109077880058067 249.44402506327242 57.763853507785825 979.57955903142465 15.646626527237457 2.4589102475383724 253.0054239989222 2174.748667412503 220.24349788426844 101.5722058217998 65.436326601775363 79.628507697751047 870.93967047277147 195.12092512526033 61.337347451797541 63.9173332777209 30.113026060265838 88.304324041222571 9.6813968482638284 1004.3282535740436 526.94872948987177 136.85930666424611 54.580235247509336 33.766751329134422 6.8432172211651041 10.187727149663258 8.833868737181545 26.788357640916729 7.7444612005801892 3.0365728254764681
leaf_count=71500 157084 94809 3456 140691 4777 784 22436 248691 16479 16490 4250 14299 251139 23293 13178 4143 809 6047 8517 30235 21357 47930 13216 5065 13629 2121 14885 10841 12650 91
internal_value=-0.000752802 -0.00197023 0.00215424 -0.00133398 0.00831602 0.00217949 -0.00238397 -0.000377358 0.0191654 -0.00798758 -0.0122416 0.0153568 -0.00349285 0.00357877 0.00210049 0.0196376 0.0362095 0.0192712 0.0377384 0.000410624 -0.00556761 0.00755703 0.03617 0.00472906 -0.0343129 0.0453233 0.0480235 -0.0549096 -0.0254824 -0.0301136
internal_weight=7511.26 5334.07 2177.19 5241.12 495.965 415.551 4745.15 3518.94 473.249 1226.22 1045.02 181.201 3045.69 2080.12 1915.53 155.368 91.4504 164.583 76.2791 1760.16 722.07 386.303 80.4146 1038.1 92.9523 64.768 66.5977 29.2473 97.0771 89.3327
internal_count=1274892 1059666 215226 888953 174478 154364 714475 538745 38915 175730 144941 30789 499830 130985 98080 18130 13987 32905 26858 79950 44650 142739 20114 35300 170713 15337 18341 11625 84241 71591
is_linear=0
shrinkage=0.08


Tree=193
num_leaves=31
num_cat=0
split_feature=5 5 3 6 2 1 6 3 6 5 5 4 2 1 1 6 4 4 2 2 1 1 4 5 2 5 6 4 4 8
split_gain=4.03471 3.945 7.95743 7.79575 7.13938 10.4808 7.04938 6.91127 6.07811 29.7714 8.75708 8.76726 8.43466 26.0543 10.7651 7.83236 5.18079 4.77325 4.47003 3.7628 3.49862 3.40779 3.22703 3.19948 2.96334 2.12945 1.68837 1.40524 1.33828 2.71611
threshold=0.98310789465904247 0.3531774133443833 0.56635218858718883 0.38605175912380224 0.47114317119121557 0.72377106547355663 0.64888572692871105 0.87841832637786876 0.52397373318672191 0.54244148731231701 0.501101315021515 1.0000000180025095e-35 0.82519841194152843 0.85053193569183361 0.91331186890602123 0.87647387385368358 12.500000000000002 3.5000000000000004 0.47856706380844122 0.27812939882278448 0.58643677830696117 0.93582704663276683 8.5000000000000018 0.41799478232860571 0.48050633072853094 0.32984206080436712 0.50108224153518688 13.500000000000002 12.500000000000002 0.75000000000000011
decision_type=2 2 2 2 2 2 2 2 2 2 2 2 2 2 2 2 2 2 2 2 2 2 2 2 2 2 2 2 2 2
left_child=1 2 19 4 16 -6 7 -5 9 17 11 21 14 -14 -12 -13 -4 23 -19 27 25 -10 -2 -3 -8 -21 -11 -1 29 -24
right_child=22 8 3 6 5 -7 24 -9 10 26 12 15 13 -15 -16 -17 -18 18 -20 20 -22 -23 28 -25 -26 -27 -28 -29 -30 -31
leaf_value=-0.0013265896884657525 0.038136774456134587 -0.0095621442743307628 0.026177746094096749 0.030932762436762407 -0.010517225747884112 0.0032675504502999988 -0.043429222823868616 0 -0.032802455021314451 0.076409353759920307 -0.0076345403121212295 0.0069639536992696814 0.040467749013775055 -0.0005013369685984211 0.0051033614876089166 0.039167260480807577 -0.00091412340713092693 -0.020770993604679187 -0.00097531141957087563 -0.04657338367645663 0 0.0039890596760949002 0.0012492557114109439 -0.028050993216560231 0 0 0.019276929094773437 0.031891667621078076 0.014221166716170986 -0.052069123469089568
leaf_weight=5.2918541622184403 26.13652063981317 160.89784586525275 114.40426782267059 156.19197328203336 467.36957294071544 1387.0944066041011 6.7101374994526841 58.655694385932293 40.80371799689965 18.152990768285235 1957.0269209583748 631.66930404352752 104.9506787378923 958.87889522418664 522.42448603022785 51.383995336083899 54.569571791135786 96.319755465013259 335.76715641966985 40.448577537330493 19.541733032843695 12.53988761734581 3.8247122270549863 162.37750228666118 48.427262521166995 11.024962498961029 20.796614757564384 5.3770958445493306 4.5812016570234846 3.8509209425974404
leaf_count=5983 41283 63623 34144 22653 78662 55783 163 2740 2374 1098 144834 28336 7374 297646 57535 9191 25921 137300 96106 66440 3616 9545 408 22916 3383 33898 867 3354 14126 3947
internal_value=-0.000413311 -0.000575602 0.002081 0.00303533 0.00122853 -0.000139437 0.0157262 0.0223686 -0.00185147 -0.00827202 -0.000614205 0.00724259 -0.00230007 0.00356112 -0.00488137 0.00988607 0.016734 -0.0120973 -0.0059413 -0.0214971 -0.0286883 -0.0218106 0.0238255 -0.0196221 -0.00720408 -0.0387853 0.0552083 0.0100383 0 -0.0228656
internal_weight=7487.49 7449.1 2375.11 2293.42 2023.44 1854.46 269.985 214.848 5073.99 794.312 4279.68 736.397 3543.28 1063.83 2479.45 683.053 168.974 755.362 432.087 81.6842 71.0153 53.3436 38.3934 323.275 55.1374 51.4735 38.9496 10.669 12.2568 7.67563
internal_count=1275249 1215485 336740 223449 194510 134445 28939 25393 878745 321910 556835 49446 507389 305020 202369 37527 60065 319945 233406 113291 103954 11919 59764 86539 3546 100338 1965 9337 18481 4355
is_linear=0
shrinkage=0.08


Tree=194
num_leaves=31
num_cat=0
split_feature=2 1 6 1 1 2 4 2 4 2 1 2 4 6 1 4 6 5 5 2 2 5 2 1 5 1 1 1 2 1
split_gain=4.27228 24.2618 24.4442 14.1064 24.1022 60.0394 23.7352 20.3168 20.1859 20.1194 19.9878 32.9866 17.3104 14.8991 14.8972 13.5204 12.6195 12.4249 12.3238 10.9762 10.6477 10.1038 10.0053 23.7624 20.727 26.4936 17.4098 9.68307 11.4972 9.60189
threshold=0.72646823525428783 0.80217391252517711 0.39225068688392645 0.81872946023941051 0.72046512365341198 0.628892481327057 6.5000000000000009 0.69416099786758434 3.5000000000000004 0.6832355558872224 0.69614070653915416 0.54085850715637218 3.5000000000000004 0.8986145853996278 0.78629976511001598 3.5000000000000004 0.32994845509529119 0.32600644230842596 0.57979589700698864 0.58898946642875682 0.6911335587501527 0.24786074459552768 0.82519841194152843 0.92031747102737438 0.40827012062072759 0.82426470518112194 0.85053193569183361 0.87841832637786876 0.6911335587501527 0.97801932692527782
decision_type=2 2 2 2 2 2 2 2 2 2 2 2 2 2 2 2 2 2 2 2 2 2 2 2 2 2 2 2 2 2
left_child=3 2 -2 4 7 6 13 10 9 -5 19 -12 14 -6 -7 -4 -9 -14 -17 -1 -10 -8 23 24 -3 -26 -24 28 -11 -25
right_child=1 22 15 8 5 12 21 16 20 27 11 -13 17 -15 -16 18 -18 -19 -20 -21 -22 -23 26 29 25 -27 -28 -29 -30 -31
leaf_value=-0.0041694144046585391 -0.0065289673798412462 0.0011172358184805 0.01151086673084099 0.054592693149579645 0.030770278452029835 -0.040640497872649499 0.0015285894935792444 -0.0069461034534543421 0.0064998475010640605 -0.057053423062632773 0.01367089363141465 -0.059193973650872346 -0.026628924623777039 -0.018748068260069105 0.003679172642817299 0.064218222419565402 0.039850865798858631 -0.076433129186014248 0.020141137938370343 0.0083164148830771629 -0.016385022091288195 -0.03951447425449052 0.027273278230279425 0.030117691557780771 0.0056217196479436604 -0.038641383574891226 0.00050690556033859073 0.050812998668705901 0.0068105589133753896 0.0010869279872788699
leaf_weight=1371.794971397705 172.97031302968389 263.75141774897202 184.4371109182739 96.496565605169963 191.25912573984169 96.100264653769045 61.213084250011889 42.909166104582255 460.59729019729093 16.71000257821288 59.980717036609349 91.322861322330937 73.928295502810215 40.644681026005856 80.375619645474217 96.594558918834082 119.60266139565647 104.54883800288007 102.48703971880241 664.63388813107395 175.56057756964947 72.682221497334467 168.07798963845926 89.245975464758885 109.31862069670024 311.6974094416546 1679.2907117469003 19.723627534571278 91.558418373995664 383.44648394078467
leaf_count=550011 6206 8218 15984 9360 9379 5396 1031 1272 37859 807 6467 8700 2697 3577 3732 3538 10579 8862 10064 72757 12596 14951 10125 12145 7421 16505 381598 3593 3858 36235
internal_value=0.00027809 0.00230151 0.0175743 -0.00151469 -0.00408546 -0.0168305 0.00554165 -8.1572e-05 0.00744422 0.0277846 -0.00220039 -0.0297715 -0.0400874 0.0212035 -0.0200283 0.028801 0.0267011 -0.0579633 0.0433608 -5.62133e-06 0 -0.0202193 -0.000498312 -0.00636066 -0.0159107 -0.0268416 0.00309559 0.00507751 -0.00371695 0.00716085
internal_weight=7492.96 3561.32 556.489 3931.64 3071 720.752 365.799 2350.24 860.646 224.489 2187.73 151.304 354.953 231.904 176.476 383.519 162.512 178.477 199.082 2036.43 636.158 133.895 3004.83 1157.46 684.767 421.016 1847.37 127.992 108.268 472.692
internal_count=1275523 508039 35792 767484 699411 49625 28938 649786 68073 17618 637935 15167 20687 12956 9128 29586 11851 11559 13602 622768 50455 15982 472247 80524 32144 23926 391723 8258 4665 48380
is_linear=0
shrinkage=0.08


Tree=195
num_leaves=31
num_cat=0
split_feature=0 4 0 3 4 3 4 9 3 3 4 5 0 6 8 3 0 3 6 3 0 5 6 4 5 3 4 0 3 3
split_gain=3.74385 14.9303 11.7871 9.44858 7.9466 7.83631 12.7151 7.50526 7.77942 7.44127 7.0609 6.71903 9.94856 6.84817 6.41355 6.1229 5.65827 6.74768 5.36321 4.7734 6.11191 4.55931 7.73691 4.3344 4.17256 3.61143 16.696 12.4027 4.4358 11.6922
threshold=0.59611794352531444 1.5000000000000002 0.5604878067970277 0.69860395789146434 17.500000000000004 0.63224515318870556 5.5000000000000009 1.0000000180025095e-35 0.99462366104125988 0.51649147272109996 10.500000000000002 0.59413114190101635 0.37573529779911047 0.846389800310135 0.75000000000000011 0.63702240586280834 0.67942845821380626 0.56635218858718883 0.93762966990470897 0.71010184288024913 0.5912291705608369 0.68435126543045055 0.59384471178054821 22.500000000000004 0.79461127519607555 0.65648320317268383 5.5000000000000009 0.68457102775573742 0.90366768836975109 0.90054944157600414
decision_type=2 2 2 2 2 2 2 2 2 2 2 2 2 2 2 2 2 2 2 2 2 2 2 2 2 2 2 2 2 2
left_child=1 2 9 11 7 6 14 8 -5 -1 16 13 23 15 -2 -3 17 -8 -16 20 24 22 -6 -13 -4 26 27 -7 29 -27
right_child=5 3 19 4 21 25 10 -9 -10 -11 -12 12 -14 -15 18 -17 -18 -19 -20 -21 -22 -23 -24 -25 -26 28 -28 -29 -30 -31
leaf_value=0 -0.016778235752440994 0.0029001049283762588 -0.035861058685421048 0.029714586109967168 -0.00086878670050950617 0.0034201856301009281 -0.029740292745381685 0.00087848858708195659 -0.0054212579959525952 0.049312791168706863 -0.027889116763765345 0.034857490162828381 -0.022894334959404208 0.038996180064725244 -0.076144713538001174 -0.015794517664746297 -0.021427171662696254 0.039082766179486236 0 0.029537741546146745 0.030926258026963607 0.015927404577799363 -0.058581582672270358 -0.0229209727219278 0.01612176659413259 -0.0016171993488210904 0.039701045106198193 -0.063430429929829418 0.0024528717943287908 -0.045344818863716226
leaf_weight=21.385616304702125 69.868322506412369 407.49044256821071 41.251055354721757 199.72310105582073 55.454682788780701 79.098983299132669 4.3453208127939424 183.65279883271978 39.396514030620892 93.989403688843595 23.750455545232398 27.404252520242157 199.84275008678378 22.585666716897322 27.143974255741345 145.70524578026925 10.540664559506693 52.742397205161978 2.7650710313973823 19.171718332538148 8.8757994891275285 21.621281557690963 19.051790352619719 3.8146264666975176 4.7348143469898778 3444.9069011046377 71.58754857457825 16.578936962832813 2130.9423705326544 34.963069720573912
leaf_count=17102 13621 316844 6912 25915 17363 8344 1414 26480 4413 29095 4517 7564 11694 2216 1036 61520 1108 8282 727 1711 1379 3928 984 2026 790 263727 7993 1449 422285 2486
internal_value=0.000311662 0.0038699 0.0246008 0.000706551 0.00918267 -0.000567215 -0.0162934 0.0140456 0.0232778 0.0400512 0.00377658 -0.00457054 -0.0159376 0 -0.0355041 -0.00183457 0.0182547 0.029294 -0.0659963 0 -0.0125714 -0.0102594 -0.0203947 0.0211904 -0.0263145 -5.64301e-06 0.0113748 -0.00914925 -0.000383224 -0.00216688
internal_weight=7484.39 1515.15 189.408 1325.74 518.9 5969.23 191.156 422.772 239.12 115.375 91.3788 806.843 231.062 575.781 99.7774 553.196 67.6284 57.0877 29.909 74.0334 54.8617 96.1278 74.5065 31.2189 45.9859 5778.08 167.265 95.6779 5610.81 3479.87
internal_count=1274925 537936 56989 480947 79083 736989 30705 56808 30328 46197 15321 401864 21284 380580 15384 378364 10804 9696 1763 10792 9081 22275 18347 9590 7702 706284 17786 9793 688498 266213
is_linear=0
shrinkage=0.08


Tree=196
num_leaves=31
num_cat=0
split_feature=2 1 0 0 0 1 2 1 4 5 5 1 4 0 2 1 1 4 2 0 2 1 0 4 2 0 4 5 4 5
split_gain=3.46256 28.3606 27.8677 20.08 15.8315 69.1651 41.8423 26.3583 70.8765 23.1796 13.6108 12.4873 11.8145 11.0172 17.1256 80.3126 15.5065 14.2228 13.1859 11.2057 11.184 10.9096 18.851 10.212 12.3443 9.05382 9.03389 8.69883 8.14277 6.22973
threshold=0.69416099786758434 0.7320508360862733 0.6900656819343568 0.83239698410034191 0.69282051920890819 0.67017546296119701 0.56635218858718883 0.78629976511001598 7.5000000000000009 0.31330853700637823 0.23693957179784778 0.99565216898918163 3.5000000000000004 0.6569296419620515 0.7320508360862733 0.81872946023941051 0.78910306096076976 4.5000000000000009 0.82519841194152843 0.86295148730278026 0.8019607961177827 0.57735043764114391 0.4901809841394425 2.5000000000000004 0.55217784643173229 0.53144779801368724 9.5000000000000018 0.43145391345024114 1.5000000000000002 0.60156488418579113
decision_type=2 2 2 2 2 2 2 2 2 2 2 2 2 2 2 2 2 2 2 2 2 2 2 2 2 2 2 2 2 2
left_child=3 2 -2 4 7 23 -7 21 11 -8 -4 -9 -12 20 15 26 17 -16 -18 -17 -3 25 -23 -6 -25 -1 -15 28 -5 -14
right_child=1 13 10 27 5 6 9 8 -10 -11 12 -13 29 14 16 19 18 -19 -20 -21 -22 22 -24 24 -26 -27 -28 -29 -30 -31
leaf_value=-0.0050816753748073465 -0.033042564619040121 0.030068989480911881 0 -0.039354516007360854 -0.0017154905137090229 0.013615023480607754 -0.018620913634334348 0.06015342477670018 -0.0053251494596732382 -0.068302167349113388 0.018185169073954816 -0.0024731714432354546 0.085328395445155331 -0.10306817154268248 0.0025284626827164315 -0.0040674762257438104 -0.0083069912464432856 0.036940451233525233 0.0026624271350525076 0.048904951216026213 -0.0096333094325570297 0.024554322340489407 -0.012655102486206951 -0.0027351116846404157 0.049931742074726976 0.01072985945384739 -0.0013757788578920077 0.051552544832785728 0.027134995231907634 0.029831610919221034
leaf_weight=531.85475862911426 35.706333345842722 137.63792842304974 49.709247323626187 13.405736245556907 58.631397115057553 78.853819336411107 113.69273040068219 172.26321616111454 377.98508924936868 174.07146943279804 69.978430163177109 17.111616593196231 57.920505504080211 59.894122353041894 209.32610905712136 278.43552678896958 1132.002782893258 128.62735300841814 1798.0987359620176 23.029595209034596 56.115846099537521 87.023810791301003 1145.9616986495221 31.466754215232868 94.176757318535238 396.69457261235038 9.8095698203469492 56.697269856570529 27.061750477518217 40.336226783007078
leaf_count=357010 2061 6766 461 757 6680 5091 3024 7908 34055 15241 6945 1657 3281 3543 14754 17652 79509 8688 381551 3428 10684 19182 148356 6472 8532 95606 457 19031 1167 4461
internal_value=-0.000320263 0.00122034 0.0268711 -0.00223099 -0.00335833 -0.0156798 -0.035788 -0.000788289 0.014412 -0.0498734 0.0379254 0.0537534 0.048517 -0.000468222 -0.00150849 -0.0176808 0.000303605 0.01644 -0.00152787 0.00018899 0.0178121 -0.00487597 -0.00981106 0.023369 0.035917 0.00152322 -0.0919485 0.0325582 0 0.0666432
internal_weight=7463.58 4086.63 253.651 3376.95 3279.79 550.893 366.618 2728.89 567.36 287.764 217.944 189.375 168.235 3832.98 3639.22 371.169 3268.05 337.953 2930.1 301.465 193.754 2161.53 1232.99 184.275 125.644 928.549 69.7037 97.1648 40.4675 98.2567
internal_count=1274010 544241 17209 729769 708814 45040 23356 663774 43620 18265 15148 9565 14687 527032 509582 25080 484502 23442 461060 21080 17450 620154 167538 21684 15004 452616 4000 20955 1924 7742
is_linear=0
shrinkage=0.08


Tree=197
num_leaves=31
num_cat=0
split_feature=4 1 0 0 6 0 4 8 1 3 4 0 4 3 0 1 4 4 0 0 4 1 0 6 9 1 3 0 4 0
split_gain=2.79043 2.74278 11.2045 12.0692 9.22616 8.60271 15.5828 8.42075 7.62067 8.55227 4.73254 4.13944 3.95875 3.70715 8.99758 14.6929 4.64457 3.74002 16.9932 11.8853 3.24689 2.73926 2.48554 2.32063 2.30911 2.20121 2.19369 1.81461 1.71769 1.64515
threshold=25.500000000000004 0.49731183052062994 0.42644809186458593 0.36700680851936346 0.46186167001724249 0.45923791825771337 17.500000000000004 0.75000000000000011 0.56294015049934398 0.7243877947330476 12.500000000000002 0.48528139293193823 16.500000000000004 0.68614074587821972 0.71503761410713207 0.77459675073623668 11.500000000000002 5.5000000000000009 0.72812235355377208 0.87206766009330761 13.500000000000002 0.4654348641633988 0.46841755509376531 0.80123457312583934 1.0000000180025095e-35 0.34525330364704138 0.58578637242317211 0.41712453961372381 3.5000000000000004 0.43513323366642004
decision_type=2 2 2 2 2 2 2 2 2 2 2 2 2 2 2 2 2 2 2 2 2 2 2 2 2 2 2 2 2 2
left_child=1 2 3 20 7 6 8 29 28 -10 11 -6 26 14 16 -16 -7 18 -15 -19 24 -12 -9 -2 -1 -22 -5 -8 -3 -4
right_child=23 5 4 12 10 13 27 22 9 -11 21 -13 -14 17 15 -17 -18 19 -20 -21 25 -23 -24 -25 -26 -27 -28 -29 -30 -31
leaf_value=0.0065789416643462174 -0.031410315734838032 -0.032275361625831764 0.0031197952271127946 -0.05147800155756653 0 -0.00048719348390461166 -0.041925015060025973 0 0.080732418806854001 0.014531069233901324 0.054136005867635728 0.023573619774565124 0 0.011109425125775728 -0.0028665462147966299 -0.087627188656895463 -0.019960940711123591 -0.00031573471288816503 -0.0011323728320477547 -0.025301709024018907 0.028494963854711425 0.0015621635229467177 0.039336091337358201 0.0044232272229315951 -0.021701824079249681 -0.0019387864207636081 -0.0028155962619400864 0 0.0086276795895870815 -0.025105414466472766
leaf_weight=31.582107081205322 26.744585096991614 4.0877468489579796 3.4112962237304592 42.617298443228719 60.963868133403594 907.74974720810496 14.525082678406763 5.4025989717920337 29.900667334301033 35.006028693507687 43.331659197974659 115.47537505587206 13.343973277240364 1003.8577681596107 44.816416929737898 16.717049033002695 83.146318203789633 2119.2682429359338 2520.6073398552917 125.32237672922565 42.959064044654951 15.17177511263071 21.059123478014953 5.6710938634641925 25.270926124330799 8.0733830281915271 15.85577990258207 8.0392099796499661 15.507660783858226 61.699482342848569
leaf_count=16916 12407 2179 13684 55988 5677 173876 6209 805 4960 4330 5354 15233 13714 86427 3403 1009 26949 184408 435809 8420 17747 1455 1093 3611 15259 5814 7518 3858 10147 130867
internal_value=0.000550987 0.000681067 0.00634894 -0.00898639 0.0152798 0.000239602 0.0222319 -0.00467887 0.0384636 0.0509099 0.0236613 0.0149326 -0.0336487 -9.81702e-05 -0.00447309 -0.0331533 -0.00237391 0.000675403 0.00231987 -0.00183504 0.00677662 0.044218 0.0278569 -0.0211117 -0.00414309 0.0210815 -0.0420645 -0.0287009 0 -0.0212275
internal_weight=7467.19 7434.77 506.218 179.703 326.515 6928.55 107.066 91.5725 84.5021 64.9067 234.943 176.439 71.8171 6821.49 1052.43 61.5335 990.896 5769.06 3524.47 2244.59 107.885 58.5034 26.4617 32.4157 56.853 51.0324 58.4731 22.5643 19.5954 65.1108
internal_count=1275126 1259108 307124 132956 174168 951984 31683 146449 21616 9290 27719 20910 77220 920301 205237 4412 200825 715064 522236 192828 55736 6809 1898 16018 32175 23561 63506 10067 12326 144551
is_linear=0
shrinkage=0.08


Tree=198
num_leaves=31
num_cat=0
split_feature=0 3 0 1 2 1 2 2 1 3 1 3 1 3 3 3 1 3 3 3 1 5 5 0 3 2 1 1 3 1
split_gain=4.15124 7.53554 5.29062 36.7915 26.1725 61.5829 57.7118 37.9208 13.7522 10.6108 10.4363 15.7661 31.0944 30.797 24.3332 23.5723 14.5691 13.9447 30.8427 11.9632 10.9415 9.75674 8.10681 7.26056 6.93977 4.93319 4.4634 3.89456 3.59517 2.99689
threshold=0.9634092152118684 0.98058068752288829 0.81530213356018078 0.85053193569183361 0.84877073764801036 0.88493064045906078 0.72812235355377208 0.75123763084411632 0.87298336625099193 0.78830561041831981 0.86526826024055492 0.90054944157600414 0.90070420503616344 0.80217391252517711 0.9529346525669099 0.98058068752288829 0.86319074034690868 0.91458967328071605 0.8521554470062257 0.84660634398460399 0.99565216898918163 0.54244148731231701 0.9208967685699464 0.81861472129821788 0.95861870050430309 0.85857143998146068 0.54950982332229625 0.82793453335762035 0.83424907922744762 0.83424907922744762
decision_type=2 2 2 2 2 2 2 2 2 2 2 2 2 2 2 2 2 2 2 2 2 2 2 2 2 2 2 2 2 2
left_child=2 -2 10 23 5 6 -5 -7 21 -10 16 13 14 22 -13 -14 17 18 -1 25 -15 -6 -12 27 -19 -18 -25 28 -4 -28
right_child=1 -3 3 4 8 7 -8 -9 9 -11 11 12 15 20 -16 -17 19 24 -20 -21 -22 -23 -24 26 -26 -27 29 -29 -30 -31
leaf_value=0.0013563593249917964 0.033774256213178332 0.00011150045977407958 0.023706702018467807 -0.00026121198447730205 -0.00095605771233707297 0.051359874828176492 -0.1237666576101465 -0.018755347045661046 -0.054272844964425276 -0.0030276518591948205 0.0037067218459185805 -0.072014655832947319 0.030444437278202067 0.047419053888558209 0.045083870608502261 -0.0033202047554223234 -0.11397544081288163 0.030725072470617756 -0.024919034257414551 0 0.0097545054783847746 0.042197765199864429 -0.03980798443277378 -0.021350099975493527 -0.0080561399503795948 0 0.031863768190335415 -0.057873454964501282 -0.030020644734396588 0.011303216885015024
leaf_weight=3625.5830400049908 63.628058675352804 138.27695742050128 15.184133174261666 42.320139111698154 48.330056798469741 52.600570415568654 61.28883193108777 319.17206253667609 22.203909709875006 951.56316266857721 241.39765462252035 54.008176473485946 174.57928104771418 192.29323586048304 8.6874568799685203 477.39467225186308 10.486750784515607 132.7281819437776 304.98061128536938 11.511347231797115 85.675947674411873 68.78751907089827 25.65455954974459 6.1120347973719609 27.639738805781235 0.99853833475208453 204.65869313511575 4.2866238593560402 7.9437864521714792 104.71895885932463
leaf_count=707976 46488 98174 627 2510 1707 9618 2131 28356 481 172181 20656 1797 11616 14885 548 58341 540 11606 20321 532 16141 6544 5498 4551 2795 117 21499 162 784 6466
internal_value=0.000844156 0.0120531 0.000503395 -0.00307824 -0.00835517 -0.0239358 -0.0771272 -0.00786045 -0.00134128 -0.0046309 0.00180733 0.00816497 0.000101673 0.0183502 -0.0512939 0.00564032 -0.000108097 0.000246273 -0.000670817 -0.0576483 0.036753 0.0237696 -0.000540222 0.0203387 0.023032 -0.101432 0.0239741 -0.0138065 0 0.0257038
internal_weight=7484.69 201.905 7282.79 1909.17 1566.27 475.382 103.609 371.773 1090.88 973.767 5373.62 1259.69 714.67 545.021 62.6956 651.974 4113.93 4090.93 3930.56 22.9966 277.969 117.118 267.052 342.904 160.368 11.4853 315.49 27.4145 23.1279 309.378
internal_count=1275648 144662 1130986 257617 223528 42615 4641 37974 180913 172662 873369 129482 72302 57180 2345 69957 743887 742698 728297 1189 31026 8251 26154 34089 14401 657 32516 1573 1411 27965
is_linear=0
shrinkage=0.08


Tree=199
num_leaves=31
num_cat=0
split_feature=2 4 3 3 4 2 5 8 2 3 3 5 6 2 6 3 3 6 4 4 5 8 6 5 5 6 3 6 4 8
split_gain=4.20546 4.91225 4.89212 28.3346 11.6117 15.4992 11.0287 7.36167 12.8685 18.7519 9.98893 7.11979 10.3804 8.89682 5.69654 5.00581 3.28783 13.9003 8.3895 7.50126 5.24476 12.9851 14.1225 19.1103 11.7905 9.93915 4.01719 3.97129 3.46959 8.32616
threshold=0.598850578069687 19.500000000000004 0.89512962102890026 0.89699381589889537 1.5000000000000002 0.92637759447097789 0.55582657456398021 1.0000000180025095e-35 0.77459675073623668 0.72850123047828685 0.71834936738014232 0.88929739594459545 0.91496315598487865 0.75905716419219982 0.9492306411266328 0.95488464832305919 0.89699381589889537 0.50108224153518688 14.500000000000002 19.500000000000004 0.87577831745147716 1.0000000180025095e-35 0.92872086167335521 0.93359273672103893 0.90335035324096691 0.88473191857337963 0.90645834803581249 0.96209374070167553 15.500000000000002 0.75000000000000011
decision_type=2 2 2 2 2 2 2 2 2 2 2 2 2 2 2 2 2 2 2 2 2 2 2 2 2 2 2 2 2 2
left_child=16 2 7 6 5 -5 -4 8 9 -2 -10 12 -9 -13 -8 -6 20 18 26 -19 27 24 -23 -24 25 -22 -18 28 -1 -30
right_child=1 -3 3 4 15 -7 14 11 10 -11 -12 13 -14 -15 -16 -17 17 19 -20 -21 21 22 23 -25 -26 -27 -28 -29 29 -31
leaf_value=-0.0017517864191427999 0.017575876732001689 0.031835632388756918 0 -0.030883404797083357 -0.0034255888912378585 0 -0.1170134459991596 0.00016688830928812866 -0.018003283161832445 -0.0083835996420526804 0.023043516413897708 0.0033664018919507951 0.024571512261746892 -0.027637656539223704 0 0.0054559576769632927 0.01314206246042517 0.0389689353946715 0.01058676702854304 -0.0097743667515817981 0.025246938792900658 0.0040005669099491834 -0.1098039434278982 -0.009673667324600373 0.029853467749424815 -0.068267129360687129 -0.040435835124536766 0.03949014516362475 -0.025015157448586952 0.011036142147251227
leaf_weight=1411.7486296701318 284.54744303186453 28.776582530925225 11.254038735503856 168.73821834425326 609.71280625778309 254.49409392687267 16.553168987840767 1814.0616109133343 33.883793958419119 452.74518121253641 388.29003870069573 95.432125583247398 114.90955727885375 119.89082299661095 2.6226509812295253 1117.9633696925166 3.2275136985699637 76.622426332996838 39.726157502871501 18.230395607944956 5.2038951787399155 24.940525732934475 23.38499678048538 30.245915484667421 44.239194323134143 14.515226353367323 51.244914535534917 8.5771918621921923 124.44630196446451 49.378416204977839
leaf_count=465566 37256 4470 450 23675 52040 164850 997 83800 1277 31717 12144 19159 29892 29827 545 175231 162 17177 4357 3283 94 3904 4648 12546 1067 253 3033 5101 82988 4114
internal_value=0.000110601 0.00125545 0.00103703 -0.00185571 -0.000610366 -0.0124628 -0.0728571 0.00299526 0.00811895 0.00147044 0.0192024 0.00013788 0.00176318 -0.0134058 -0.103435 0.0022284 -0.0030793 0.00649827 -0.0138377 0.0279779 -0.00422942 -0.0188615 -0.0399414 -0.0617037 0.00573287 -0.037001 -0.033733 -0.00276626 -0.00321886 -0.0138571
internal_weight=7439.61 5513.88 5485.1 2181.34 2150.91 423.232 30.4299 3303.76 1159.47 737.293 422.174 2144.29 1928.97 215.323 19.1758 1727.68 1925.73 189.051 94.1986 94.8528 1736.68 142.53 78.5714 53.6309 63.9583 19.7191 54.4724 1594.15 1585.57 173.825
internal_count=1275623 667330 662860 417788 415796 188525 1992 245072 82394 68973 13421 162678 113692 48986 1542 227271 608293 28012 7552 20460 580281 22512 21098 17194 1414 347 3195 557769 552668 87102
is_linear=0
shrinkage=0.08


Tree=200
num_leaves=31
num_cat=0
split_feature=3 1 2 4 3 2 1 3 4 3 6 6 1 2 2 6 2 1 4 9 6 1 6 3 1 3 2 2 6 1
split_gain=3.14088 15.5216 38.5739 13.9723 19.8804 40.6734 39.3849 11.8259 12.4302 10.8656 9.56822 8.95909 10.7151 8.23634 8.23305 7.99371 12.2237 7.68724 6.4669 8.67954 7.18722 6.17494 6.96766 5.87059 12.1701 5.72228 5.46069 5.44828 23.2489 9.26285
threshold=0.83047896623611461 0.83910790085792553 0.78142958879470836 2.5000000000000004 0.79205974936485302 0.8521554470062257 0.89386734366416942 0.71330726146698009 2.5000000000000004 0.79205974936485302 0.37368187308311468 0.91496315598487865 0.77459675073623668 0.78456193208694469 0.81284341216087352 0.45293442904949194 0.82793453335762035 0.85053193569183361 8.5000000000000018 1.0000000180025095e-35 0.97785946726799022 0.48808848857879644 0.44923661649227148 0.89323708415031444 0.92031747102737438 0.55470088124275219 0.37866288423538214 0.51000401377677929 0.25439137220382696 0.60922586917877208
decision_type=2 2 2 2 2 2 2 2 2 2 2 2 2 2 2 2 2 2 2 2 2 2 2 2 2 2 2 2 2 2
left_child=1 2 21 4 13 6 -6 -4 14 15 -10 -2 -13 17 -9 -5 -17 -3 19 -14 -21 22 25 -20 -25 -1 -24 28 -23 -29
right_child=11 3 7 9 5 -7 -8 8 10 -11 -12 12 18 -15 -16 16 -18 -19 23 20 -22 27 26 24 -26 -27 -28 29 -30 -31
leaf_value=-0.031229465695366311 0.00015340420939383338 -0.005726038072467703 -0.015525909719717287 -0.0066298207415258804 -0.10236617902985132 0.035392893174554872 0.034639014931545697 -0.0025063041530193758 0 -0.0025976746331657702 0.064467562819543925 0.048923750115621591 0.0344233791926397 0 0.036641988559347631 -0.054735758512869825 -0.0097204851242741457 0.04746903095163231 0.022582237121334336 0.0011084455332018395 0.0441382302883844 0.013433341586636225 0.00015238231987924847 -0.055105418487674945 0 0.0037537471446048658 0.020636342635611964 0.0085673895233111391 -0.025897953044788202 -0.00400317329829015
leaf_weight=43.68140130095162 2787.1187657844439 14.718866678005723 25.076582023761148 84.052994607791334 42.648384840402286 36.345464217105473 13.731182056770193 65.205662780608691 21.899531484319596 156.60456156664441 97.654280240894877 40.672756422745806 92.465600418501708 65.929091030502605 53.746038710269204 120.32660674414365 73.489390340000682 69.981759732723731 32.552735198682058 272.30343718738732 23.520444952568141 141.77117127978454 163.88585289345065 27.891182974432013 116.82507386888756 58.469261212103447 206.9574322937442 463.89602962199569 258.05785647518769 1805.0133964882298
leaf_count=159071 290862 628 1446 6233 1960 8031 849 3179 556 5552 4581 18451 66470 14846 2352 3177 3866 3172 1110 70398 55972 7801 23506 1954 30911 92798 21123 104004 122149 148485
internal_value=0.000322005 -0.00114689 0.00101575 -0.0121739 0.00257836 -0.0250235 -0.0662884 0.0301432 0.0358221 -0.0207362 0.0541635 0.00213566 0.0109114 0.0208557 0.0146558 -0.0301666 -0.0391458 0.0366374 0.0074925 0.0133269 0.0057383 -0.00142113 0.00685723 -0.00442424 -0.0121191 -0.0104717 0.0121321 -0.00295826 -0.011563 -0.00134947
internal_weight=7476.49 4083.14 3405.31 677.828 243.355 92.725 56.3796 263.582 238.506 434.474 119.554 3393.35 606.231 150.63 118.952 277.869 193.816 84.7006 565.558 388.289 295.824 3141.73 472.994 177.269 144.716 102.151 370.843 2668.74 399.829 2268.91
internal_count=1275493 739365 691051 48314 29486 10840 2809 12114 10668 18828 5137 536128 245266 18646 5531 13276 7043 3800 226815 192840 126370 678937 296498 33975 32865 251869 44629 382439 129950 252489
is_linear=0
shrinkage=0.08


Tree=201
num_leaves=31
num_cat=0
split_feature=5 6 5 9 3 1 3 5 0 6 5 6 2 0 1 0 3 6 1 3 6 3 2 5 2 6 2 3 1 1
split_gain=4.51129 3.06804 15.793 11.7928 10.786 10.7802 5.14148 4.93236 5.96452 4.4581 19.9731 4.06302 3.56674 29.1451 28.4805 3.05454 2.89514 2.59439 2.35316 2.16647 1.66668 0.971344 0.663666 1.1003 0.894698 0.594195 0.293732 0.159276 0.123863 3.43677
threshold=0.98310789465904247 0.97064974904060375 0.9208967685699464 1.0000000180025095e-35 0.81872946023941051 0.80217391252517711 0.95040982961654674 0.95463898777961742 0.73363915085792553 0.96209374070167553 0.88019138574600231 0.96311414241790783 0.78142958879470836 0.86706829071044933 0.82426470518112194 0.82891985774040233 0.9569842815399171 0.97685134410858165 0.82426470518112194 0.55625879764556896 0.96788921952247631 0.51925924420356762 0.6911335587501527 0.63343685865402233 0.29459981620311743 0.95529049634933483 0.48528139293193823 0.52419984340667736 0.81120249629020702 0.84660634398460399
decision_type=2 2 2 2 2 2 2 2 2 2 2 2 2 2 2 2 2 2 2 2 2 2 2 2 2 2 2 2 2 2
left_child=1 7 17 26 5 -5 -6 9 19 12 15 -12 13 -1 -14 -11 18 22 -10 27 -18 -2 24 -24 -3 -21 -4 -9 -23 -30
right_child=21 2 3 4 6 -7 -8 8 16 10 11 -13 14 -15 -16 -17 20 -19 -20 25 -22 28 23 -25 -26 -27 -28 -29 29 -31
leaf_value=-0.0024577559325905324 0 0 0 -0.020573822365795618 0.012570111793102167 -0.11149055823665537 -0.036507057207388623 0 0.010940870397655494 0.040786857447497681 0 -0.077347030778667461 0.027523268983517996 0.037026286783823276 -0.00055415416888568881 -0.003002911444117789 0.035207767995782707 0.033267719556809218 -0.020263336854253976 0 0 0.043697548710894922 0.0043125955348930056 -0.022919840200600367 0.026227627481999638 0.048449301290186528 0.031712959159932372 -0.013063055291537416 -0.023927562080030173 0.028311899596874527
leaf_weight=4582.0485732221441 0.7086105203943579 0.22148463660414819 0.75310257813543913 26.665976633827086 24.118589309611707 17.553315842025768 17.708480182691346 1.5004402728154667 13.525121640037467 16.399491687496269 3.3690562890478786 22.873202457292791 252.82731361178594 117.55235238358546 2149.3566570318144 6.9579189933519947 15.266720870638894 32.53623818230335 36.198070804699455 4.6000503211871537 5.4361583664685886 12.112318408224381 2.2970361564584882 12.068180023616149 6.5040886033093557 31.976444329280639 10.885579187808615 0.97367271717303072 4.8135560236951305 18.858657732684151
leaf_count=742508 2187 171 705 3728 7186 1712 11949 414 1860 5610 931 5622 12583 20720 318638 5907 8215 35766 5802 565 2105 10860 1544 4879 1957 4006 10916 93 1638 44869
internal_value=-9.94283e-05 -0.00026788 -0.0113587 -0.0306244 -0.0416158 -0.0675746 -0.00647053 -7.07558e-06 0.0164439 -0.000292586 -0.0230784 -0.0671201 -9.48083e-05 -0.00139782 0.00238553 0.0238706 0 0.0206248 -0.00862759 0.0396142 0.0237152 0.0261683 0 -0.0103139 0.0136585 0.0446784 0.0291068 0 0.0291394 0.0097889
internal_weight=7448.67 7412.17 151.312 97.685 86.0464 44.2193 41.8271 7260.86 109.477 7151.38 49.5997 26.2423 7101.78 4699.6 2402.18 23.3574 70.4261 53.627 49.7232 39.0506 20.7029 36.4931 21.0908 14.3652 6.72557 36.5765 11.6387 2.47411 35.7845 23.6722
internal_count=1275646 1216092 80513 36196 24575 5440 19135 1135579 23060 1112519 18070 6553 1094449 763228 331221 11517 17982 44317 7662 5078 10320 59554 8551 6423 2128 4571 11621 507 57367 46507
is_linear=0
shrinkage=0.08


Tree=202
num_leaves=28
num_cat=0
split_feature=1 4 0 1 4 1 2 1 2 1 1 2 2 4 4 0 1 6 0 4 8 6 5 8 5 5 5
split_gain=3.2019 3.81844 3.44704 32.4906 26.877 15.0324 32.8366 32.7197 22.3559 26.4217 20.6168 13.9056 12.8955 11.2441 9.60766 9.57755 5.60713 2.66643 1.37138 1.17051 1.01775 0.415729 0.283679 0.100094 0.120367 0.0552542 0.0702775
threshold=0.18808962404727939 25.500000000000004 0.61620295047760021 0.7099788784980775 6.5000000000000009 0.65261757373809826 0.64899963140487682 0.76631206274032604 0.58499062061309826 0.58380147814750682 0.73375529050827037 0.65485891699790966 0.61633428931236278 4.5000000000000009 2.5000000000000004 0.51649147272109996 0.80217391252517711 0.72797745466232311 0.58643677830696117 32.500000000000007 0.75000000000000011 0.22287581861019137 0.64906471967697155 1.0000000180025095e-35 0.36402158439159399 0.6088932752609254 0.64906471967697155
decision_type=2 2 2 2 2 2 2 2 2 2 2 2 2 2 2 2 2 2 2 2 2 2 2 2 2 2 2
left_child=19 2 3 12 11 8 7 -7 9 -4 -8 -5 14 -10 -2 -14 -6 18 20 21 22 -1 -3 -19 -25 -23 -27
right_child=1 17 5 4 16 6 10 -9 13 -11 -12 -13 15 -15 -16 -17 -18 23 -20 -21 -22 25 -24 24 -26 26 -28
leaf_value=0 0.012015764350102431 -0.05566822207399983 0.0095151879007932833 0.059187249315873713 -0.010911145596065194 -0.041611907515015707 0.015563934400442679 -0.0016623748161349874 0.0099907185228428445 -0.051517424055882687 -0.0015124293606027456 0.015941813605709482 0.0058383218580511332 0.046944913451760009 -0.0053990354794101877 -0.053704448099412182 0.011557181570397552 0 0 0 0 0.037822991201441142 0 0 0.013072355822363503 -0.00013213902668379873 0.0076541210250459062
leaf_weight=0.40030190701509738 254.66487552813487 13.676088186832212 199.82157724056469 121.60860987683554 97.855730405448412 246.44084923841365 503.32257957805541 293.72007600186225 118.75637317404016 52.834749772880969 4082.4786572544563 104.35406617756689 17.440896455886104 122.16902413094977 890.33060529093473 49.23073906872014 202.53843708115528 2.7450885153957634 2.042971434784703 1.6625292519893253 4.0234135268547098 17.111920753875896 1.0339570983778674 0.25362067786045406 3.2566815775462601 0.78275354446668588 2.6755308198953571
leaf_count=88 89729 11544 34272 6355 11990 25925 39299 23115 14887 8524 541581 10594 1292 12719 411663 6109 15895 55 124 360 234 2918 21 3 2779 114 3270
internal_value=0.000406943 0.000283138 0.000424264 0.00354438 0.0200867 -0.000514578 -0.00183007 -0.0203968 0.0127076 -0.00337885 0.000341874 0.0406859 -0.00356323 0.0299536 -0.00135118 -0.0365753 0.00365523 -0.0272039 -0.0397705 0.0276508 -0.0456908 0.0331958 -0.0533317 0 0.00867605 0.0349752 0
internal_weight=7407.23 7384.6 7357.57 1738.02 526.357 5619.54 5125.96 540.161 493.582 252.656 4585.8 225.963 1211.67 240.925 1145 66.6716 300.394 27.0318 20.7764 22.633 18.7335 20.9705 14.71 6.25539 3.5103 20.5702 3.45828
internal_count=1275459 1268709 1253949 553627 44834 700322 629920 49040 70402 42796 580880 16949 508793 27606 501392 7401 27885 14760 11923 6750 11799 6390 11565 2837 2782 6302 3384
is_linear=0
shrinkage=0.08


Tree=203
num_leaves=31
num_cat=0
split_feature=8 2 5 6 1 2 1 3 4 2 5 3 3 3 4 6 1 3 2 6 5 4 5 4 5 4 1 2 3 6
split_gain=3.00081 7.74472 14.5513 13.7073 9.24556 18.4997 19.3949 13.9904 23.8946 10.4967 8.50729 6.9857 6.21242 5.86481 3.93076 8.1118 3.9056 3.71063 5.21204 9.64119 3.48695 3.40666 4.42934 2.92166 2.73514 3.42236 2.72009 4.18608 4.80236 2.65323
threshold=0.75000000000000011 0.80982521176338207 0.47699365019798284 0.41605369746685034 0.78319624066352855 0.70647653937339794 0.68614074587821972 0.76689496636390697 2.5000000000000004 0.62258651852607738 0.88929739594459545 0.99462366104125988 0.77694860100746166 0.76253134012222301 16.500000000000004 0.8377223312854768 0.94185259938240062 0.35805861651897436 0.3536857813596726 0.91841113567352306 1.0000000180025095e-35 5.5000000000000009 0.66815477609634411 2.5000000000000004 0.42482461035251623 1.5000000000000002 0.4246212244033814 0.43159537017345434 0.92820322513580333 0.84067201614379894
decision_type=2 2 2 2 2 2 2 2 2 2 2 2 2 2 2 2 2 2 2 2 2 2 2 2 2 2 2 2 2 2
left_child=14 3 29 11 5 6 -5 8 -6 -9 21 24 -7 16 17 26 -12 -1 19 20 -19 -4 -23 -21 25 -2 -16 -28 -29 -3
right_child=1 2 10 4 7 12 -8 9 -10 -11 13 -13 -14 -15 15 -17 -18 18 -20 23 -22 22 -24 -25 -26 -27 27 28 -30 -31
leaf_value=-0.030177189577272313 -0.0021293279738351413 -0.021023353953133594 0.040286610716006789 0.0038682968017586484 0.011784241150430782 0.04409012187815841 -0.030899927870862133 0.030074822015219851 -0.067507689078633915 -0.0106587558376516 -0.064415929553520032 -0.03276926471803026 0 0.0094300490039370358 0 0.01799152054942765 0 0.052254964148968595 -0.00083000639457751801 0 0.011304322415260241 0.039384822294516918 0 -0.071427387025758168 0.067706552941442399 0.026399775140397985 -0.056346109483168066 -0.029014701854214502 0.004085942440302295 0.016682329240012856
leaf_weight=22.297177824415485 21.400720727164298 75.69441787642063 113.5036469698307 462.21017817782831 31.514915889500116 73.972495072783204 125.14026951253618 41.909617109128703 61.360428535332176 254.65259675260859 7.8869752049395156 7.0690632583573452 30.523764145469613 98.437274380892632 45.507821389286619 36.807571050580009 3.7372852949338267 23.817279003211297 5489.1603418159357 1.2818080803554028 60.851291170833065 24.60847479885706 60.974868271572632 4.1106018595964997 9.6418181291082856 107.78363427647855 23.588116627081945 56.073752067866735 36.364701273632818 5.3983683347778415
leaf_count=9311 727 11829 151607 64064 4207 11085 12513 13396 3539 70197 1483 87 9184 110385 34556 2081 2182 2474 631024 64 62282 3970 10050 445 305 6003 17285 22334 1292 5542
internal_value=-0.000212322 0.00280228 0.0125503 -0.000206067 -0.00347148 0.00188751 -0.00346757 -0.0133007 -0.0397397 -0.00396858 0.020638 0.0222479 0.0322323 0.00110693 -0.00108227 -0.0120554 -0.0413885 -0.000654778 -0.000481226 0.0180191 0.0268795 0.0303597 0.013931 -0.0517044 0.0272036 0.020578 -0.0201974 -0.0265549 -0.0148096 -0.0158317
internal_weight=7417.28 1617.42 390.241 1227.18 1081.28 691.847 587.35 389.438 92.8753 296.562 309.149 145.895 104.496 110.062 5799.86 198.342 11.6243 5601.52 5579.22 90.061 84.6686 199.087 85.5833 5.39241 138.826 129.184 161.534 116.027 92.4385 81.0928
internal_count=1275503 492355 297048 195307 188185 96846 76577 91339 7746 83593 279677 7122 20269 114050 783148 77548 3665 705600 696289 65265 64756 165627 14020 509 7035 6730 75467 40911 23626 17371
is_linear=0
shrinkage=0.08


Tree=204
num_leaves=31
num_cat=0
split_feature=5 6 8 6 6 2 0 0 2 3 0 3 2 3 2 0 3 3 2 3 2 4 3 3 0 8 5 3 0 4
split_gain=4.78541 15.9228 10.1785 9.59291 14.7167 7.53282 6.34523 5.54364 20.1919 22.979 14.9839 36.1384 13.3356 27.3962 25.5926 44.023 9.82655 6.88329 6.82556 6.51073 5.5053 4.51321 6.97301 4.49931 7.96232 3.40388 3.37368 3.25162 2.39085 2.35694
threshold=0.3080128282308579 0.35827113687992101 0.75000000000000011 0.34384952485561376 0.57370692491531383 0.39077411592006689 0.45199692249298101 0.81530213356018078 0.78456193208694469 0.76253134012222301 0.78456193208694469 0.81872946023941051 0.72812235355377208 0.85880398750305187 0.81530213356018078 0.88989898562431347 0.76506900787353527 0.91331186890602123 0.66978195309638988 0.65240275859832775 0.80982521176338207 13.500000000000002 0.52419984340667736 0.7577352523803712 0.60495716333389293 1.0000000180025095e-35 1.0000000180025095e-35 0.96178188920021068 0.64630925655365001 14.500000000000002
decision_type=2 2 2 2 2 2 2 2 2 2 2 2 2 2 2 2 2 2 2 2 2 2 2 2 2 2 2 2 2 2
left_child=3 2 -2 5 -5 21 29 8 10 19 16 -12 13 18 15 -14 -3 -16 -9 -10 -11 22 -1 24 -8 -25 -24 -15 -6 -7
right_child=1 7 -4 4 28 6 23 12 9 20 11 -13 14 27 17 -17 -18 -19 -20 -21 -22 -23 26 25 -26 -27 -28 -29 -30 -31
leaf_value=-0.012884146840609574 -0.04941762483634915 0.004091589836951349 0 0.044178561115590979 -0.028679579716107052 0.046797510231308299 0.0055873671668590155 0.00026069083615260207 0.033111633242216602 0.015390375939726199 -0.076134029803148845 0.013792290142715602 -0.074226445300796112 0.05423520936571765 0.0048962693144514206 0.025244521731636965 -0.0052472173163918513 -0.0068786103881183927 -0.052216835756148487 -0.020504265656028732 0.036486795767793977 0 0.061518065591738794 0.037235557125868304 -0.012748319219794548 0.0027765726225677662 0 0 0.002375500037230915 0
leaf_weight=5.7063962548509144 64.070163552824852 1829.8818033783982 41.701559152308619 82.979232264702659 19.057440357253654 21.733139102607311 245.95278695214802 24.620334713339616 10.032276438911138 237.23253338373252 49.697919679536426 52.238535626514931 78.880485855199368 70.218935112029612 466.85652245490019 37.031302301516916 1178.9960677841354 911.6218384849326 21.940378005823732 109.15527512521658 176.85475933615999 23.904147654409826 34.526425111980643 14.619688187925929 350.71831599502912 1215.4501181989035 1.6761632783254743 6.855717191931034 22.470237030160206 10.549372307956217
leaf_count=9508 194242 347711 2525 26785 419 9155 38571 2321 2412 19328 2681 5638 3821 20474 44364 11423 118594 287056 1003 12751 37197 8680 1940 6480 14366 31043 5274 4617 1556 3078
internal_value=0.000677507 -0.000552585 -0.0305722 0.0039709 0.0251886 0.00245383 0.00138384 4.88992e-05 0.00180878 0.0161264 -0.000616219 -0.0300639 -0.00380945 0.0206553 -0.00600233 -0.0413946 0.000376558 -0.00277182 -0.0240303 -0.0135515 0.0251102 0.0281868 0.0426041 0.000625947 -0.00494065 0.00346476 0.0557358 0.0494186 -0.00998764 0.0341428
internal_weight=7417.23 5367.89 105.772 2049.34 124.507 1924.84 1859.02 5262.11 3644.09 533.275 3110.81 101.936 1618.03 123.635 1494.39 115.912 3008.88 1378.48 46.5607 119.188 414.087 65.8131 41.909 1826.74 596.671 1230.07 36.2026 77.0747 41.5277 32.2825
internal_count=1275013 1118158 196767 156855 28760 128095 102693 921391 546312 71688 474624 8319 375079 28415 346664 15244 466305 331420 3324 15163 56525 25402 16722 90460 52937 37523 7214 25091 1975 12233
is_linear=0
shrinkage=0.08


Tree=205
num_leaves=31
num_cat=0
split_feature=2 0 0 2 5 4 0 4 4 5 3 3 4 2 0 2 3 3 5 5 5 0 5 5 3 2 4 0 3 2
split_gain=3.34489 8.84669 13.2794 77.9478 10.6037 9.95352 8.76398 8.64044 16.2162 10.191 10.5699 8.71134 15.6009 52.8658 11.1472 7.91149 7.89025 7.4947 7.17403 6.35844 11.7026 10.9658 6.82775 6.03129 5.35385 5.33515 5.2013 17.2466 21.7923 13.5952
threshold=0.84877073764801036 0.92031747102737438 0.84660634398460399 0.75123763084411632 0.41191250085830694 2.5000000000000004 0.87559524178504955 5.5000000000000009 6.5000000000000009 0.88247200846672069 0.79205974936485302 0.93788579106330883 1.5000000000000002 0.93788579106330883 0.88989898562431347 0.88036698102951061 0.91922956705093395 0.89699381589889537 0.51449581980705272 0.90335035324096691 0.75615823268890392 0.86295148730278026 0.57979589700698864 0.56303486227989208 0.81872946023941051 0.92893216013908397 1.5000000000000002 0.79277813434600841 0.7577352523803712 0.7897985875606538
decision_type=2 2 2 2 2 2 2 2 2 2 2 2 2 2 2 2 2 2 2 2 2 2 2 2 2 2 2 2 2 2
left_child=1 2 26 17 -3 24 -7 11 19 10 -10 18 13 14 -13 -12 -11 -4 -2 20 22 -22 -9 -14 -5 -25 27 28 -1 -29
right_child=7 4 3 5 -6 6 -8 8 9 16 15 12 23 -15 -16 -17 -18 -19 -20 -21 21 -23 -24 25 -26 -27 -28 29 -30 -31
leaf_value=0.00021835752562813349 0.0040873697638473131 -0.0043201430674192935 0.0032502398386762377 0 0.059178740773228655 -0.05155485773987576 0.011232519446228932 -0.036873945385111198 -0.034242018508196005 0.0065856027500061504 0.034573044539906034 0 0 0.0024666859274195224 -0.10767145015633522 -0.0037415764023209373 -0.044823345543045352 0.047298181767699302 0.024894371596639646 0 0 -0.11594965012603452 0.028578203142724051 0.024763050556587979 -0.10082702642927835 -0.0035465074484391642 -0.00073572822418032909 -0.044806183023006804 0.027635306341472401 0
leaf_weight=500.69775237531394 220.03706888598754 22.922935807539034 62.417087344174433 4.1237100269645444 30.154938812604087 38.895272273366572 13.330231149842801 19.847150718604102 18.213490968904807 24.373672205838375 96.638139543625584 7.2346968794154227 175.13977339971825 204.89509700504277 34.638751046557445 40.236245253414381 37.145317609963968 49.730195963812548 253.15238658006001 12.787496559449208 7.4611713453850852 17.56247477461875 10.521563928501562 193.66919928335301 48.507129319357773 40.797646098848418 4746.680467286109 61.784051913824442 301.55794621881978 124.46670883007391
leaf_count=78426 15965 2045 5115 169 21098 2321 1270 917 287 530 6469 382 17502 142444 2945 2347 5441 9523 88073 1199 367 919 608 51672 2655 22684 764891 3891 17309 6111
internal_value=0.000748758 -5.04607e-05 -0.00037989 -0.0195904 0.0309893 -0.0680607 -0.0331516 0.00424315 -0.00784465 0.00241038 0.0139287 0.00745291 0.00119365 -0.0142509 -0.0910043 0.0224472 -0.0230859 0.0253336 0.0156974 -0.0405499 -0.0516361 -0.0881235 -0.00883928 0.0109438 -0.0940431 0.0191978 0.000335541 0.0056185 0.0108296 -0.0156874
internal_weight=7419.62 6005.27 5952.19 217.004 53.0779 104.856 52.2255 1414.35 284.787 216.607 155.088 1129.56 656.375 246.769 41.8734 136.874 61.519 112.147 473.189 68.1799 55.3924 25.0236 30.3687 409.607 52.6308 234.467 5735.19 988.506 802.256 186.251
internal_count=1275575 914824 891681 21053 23143 6415 3591 360751 19084 15074 9103 341667 237629 145771 3327 8816 5971 14638 104038 4010 2811 1286 1525 91858 2824 74356 870628 105737 95735 10002
is_linear=0
shrinkage=0.08


Tree=206
num_leaves=31
num_cat=0
split_feature=2 1 0 0 1 1 2 1 4 6 4 0 0 4 4 0 0 2 0 1 0 1 4 1 1 0 2 1 1 8
split_gain=3.21052 22.7538 18.1911 21.4053 46.708 28.9731 30.9735 16.4107 55.435 12.256 11.8612 11.2208 9.69883 7.99634 7.97303 10.5323 7.26712 6.28954 19.2766 28.4719 27.3379 20.7818 46.6797 41.2495 10.5809 7.5917 6.02388 21.7655 13.0887 5.762
threshold=0.73735308647155773 0.79205974936485302 0.84660634398460399 0.74443343281745922 0.69614070653915416 0.91010102629661571 0.628892481327057 0.81872946023941051 4.5000000000000009 0.30320054292678839 1.5000000000000002 0.69282051920890819 0.73735308647155773 1.0000000180025095e-35 4.5000000000000009 0.79277813434600841 0.628892481327057 0.82519841194152843 0.8216732144355775 0.82426470518112194 0.90999102592468273 0.85857143998146068 1.5000000000000002 0.82426470518112194 0.83910790085792553 0.8263767957687379 0.84262126684188854 0.94360822439193737 0.85857143998146068 1.0000000180025095e-35
decision_type=2 2 2 2 2 2 2 2 2 2 2 2 2 2 2 2 2 2 2 2 2 2 2 2 2 2 2 2 2 2
left_child=2 9 3 7 10 6 -6 -1 16 -2 -5 -10 -11 -4 -14 -16 -9 18 21 -20 -21 23 -23 -3 25 29 27 -26 -28 -19
right_child=1 17 13 4 5 -7 -8 8 11 12 -12 -13 14 -15 15 -17 -18 24 19 20 -22 22 -24 -25 26 -27 28 -29 -30 -31
leaf_value=-0.0031538361677106003 -0.0016751696370946925 0.0018636305575072821 -0.0083158296371403321 -0.012712901337087681 3.1938917463807784e-05 0.056204851530949201 -0.056833156787272729 0 0.0057407030014768106 -0.0089223341788229084 0.044626414988879121 -0.017887574638525864 0.019171339352856129 0.038636721421730413 0.059915021315587763 -0.029665797058600136 0.054663962340412209 0.031981923011939778 0.036427206755300867 -0.0619787140538769 0.027477784158798521 0.068851695036489732 0 -0.056516004281155711 -0.038044539788310738 0.042189431707844713 0.03038203061424195 0.01019877169131473 0.00081217774746379634 -0.032276050899069299
leaf_weight=2857.8005915314816 94.578472805296769 236.16748097690652 21.340428647039516 25.536470059356361 77.586089761540279 15.25867271186871 212.41950733346312 15.899083157190033 392.0415550725902 27.148719283311948 68.346542179129756 183.17033205267217 123.79169670344891 96.505618502730613 95.032517841971639 3.7451187553742775 154.56742465301068 9.1961126142850862 27.139007943667821 111.17984182980581 21.145562795307342 66.432793711355771 559.74303497790243 106.63265952244546 100.57461682078429 65.947665826395678 99.040893264045735 126.67580865154923 1409.1388949057164 16.690839798669913
leaf_count=670533 1203 12198 7074 2913 4876 819 10509 1178 33803 2529 10644 14095 12538 17924 7110 286 8060 230 2564 4865 7261 3352 42452 4725 5110 3996 7170 12020 362593 1165
internal_value=7.60762e-05 0.0019542 -0.00138983 -0.00235464 -0.0198204 -0.0351164 -0.0413348 -0.000350879 0.0101277 0.0212698 0.0275577 -0.00159703 0.0304505 0.0288394 0.0360467 0.0537112 0.049521 -0.000273873 -0.00500593 -0.0303502 -0.0460385 -0.000536361 0.00794894 -0.0163875 0.0025668 0.0283697 0.00103187 -0.0108228 0.00295372 -0.0027868
internal_weight=7420.47 3300 4120.47 4002.63 399.147 305.264 290.006 3603.48 745.678 344.297 93.883 575.212 249.718 117.846 222.569 98.7776 170.467 2955.71 1128.44 159.464 132.325 968.976 626.176 342.8 1827.26 91.8346 1735.43 227.25 1508.18 25.887
internal_count=1275795 493367 782428 757430 29761 16204 15385 727669 57136 23666 13557 47898 22463 24998 19934 7396 9238 469701 77417 14690 12126 62727 45804 16923 392284 5391 386893 17130 369763 1395
is_linear=0
shrinkage=0.08


Tree=207
num_leaves=31
num_cat=0
split_feature=1 0 4 5 5 6 2 1 1 4 2 4 6 6 1 1 0 3 1 0 3 3 4 0 3 3 5 3 3 3
split_gain=6.87545 8.82072 6.17802 6.24541 4.65044 17.1636 8.82558 31.1038 11.8763 8.82235 8.67628 7.40602 5.55154 9.97904 8.44394 6.03104 11.7993 17.1366 11.5964 10.4654 14.7519 12.7822 4.26257 3.71635 3.60592 3.49609 3.34759 2.99804 3.99801 3.77892
threshold=0.4246212244033814 0.48313754796981817 16.500000000000004 0.39762559533119207 0.27605257928371435 0.37368187308311468 0.42644809186458593 0.56562754511833202 0.52223318815231334 4.5000000000000009 0.52689418196678173 5.5000000000000009 0.28212994337081915 0.53866082429885875 0.91010102629661571 0.81530213356018078 0.6569296419620515 0.7577352523803712 0.75147059559822094 0.78456193208694469 0.92031747102737438 0.87226107716560375 24.500000000000004 0.57307061553001415 0.60660174489021312 0.8521554470062257 0.4226078093051911 0.46247655153274542 0.35805861651897436 0.61451050639152538
decision_type=2 2 2 2 2 2 2 2 2 2 2 2 2 2 2 2 2 2 2 2 2 2 2 2 2 2 2 2 2 2
left_child=1 2 3 -1 12 26 7 11 9 -8 -10 -7 15 14 23 16 18 -18 -2 20 -17 -21 -4 -14 -9 -3 -6 28 -5 -29
right_child=4 25 22 27 5 6 8 24 10 -11 -12 -13 13 -15 -16 19 17 -19 -20 21 -22 -23 -24 -25 -26 -27 -28 29 -30 -31
leaf_value=-0.029802522513936905 -0.00010792912114973554 0.039930629969438115 0.034374885459985467 -0.00178333808988049 -0.027513752897364126 -0.020035800774284997 -0.0034718691647709775 -0.023607459254757376 -0.016843861741875858 0.026460497327296464 -0.00038666758267620464 -0.097151728646589552 0 -0.011780667651225674 -0.00067461967596200024 0.025528676767021637 -0.033983847325126701 -0.00042366059929371504 0.027946982014742099 -0.022262232380755483 -0.00695245903790127 0.007126451613439385 -0.0038241238322350049 0.074329292796188634 0.020607232863229186 -0.0017349474292378132 0.012514193408393656 -0.021532061877218553 0.034680175937861837 0.020448140395798845
leaf_weight=43.578528106656449 437.52735845724237 70.159069865103447 48.478375744138248 24.610755723244438 182.36590540976613 24.005093828343888 82.305754722672646 7.0766414596910172 211.51402520234114 173.67610066482302 4427.8638021945108 25.070229993821158 5.7719180213662176 23.08997482797713 12.180764301898305 294.87691508893477 144.86936867439363 307.1013144224853 111.48208451605024 129.69367210575729 115.24184473368223 307.86269531014841 16.752704271879338 28.017351412905555 57.731150598868226 6.4777405742624969 5.9209412456420969 39.078250027898321 30.654562981535491 12.145628858881535
leaf_count=88950 24774 24236 29213 5036 222500 6451 25960 812 37381 42370 642834 12440 9189 1008 729 3354 2876 2934 1044 1684 2411 20014 10657 4945 11703 2213 7227 16473 10193 2651
internal_value=2.09051e-05 0.0119683 0.00259904 -0.00556248 -0.000454879 -0.0017164 -0.000780004 -0.022332 -0.000223705 0.0163412 -0.00118874 -0.0677299 0.00287653 0.0245484 0.0453005 0.00191659 -0.00216486 -0.0117849 0.00550092 0.00690826 0.0160424 -0.00137605 0.0227126 0.0639497 0.0121421 0.0345584 -0.0251361 0.00381383 0.0169866 -0.00779917
internal_weight=7407.18 291.936 215.299 150.068 7115.24 5197.53 5009.24 113.883 4895.36 255.982 4639.38 49.0753 1917.72 69.06 45.97 1848.66 1000.98 451.971 549.009 847.675 410.119 437.556 65.2311 33.7893 64.8078 76.6368 188.287 106.489 55.2653 51.2239
internal_count=1274262 189622 163173 123303 1084640 1009678 779951 31406 748545 68330 680215 18891 74962 15871 14863 59091 31628 5810 25818 27463 5765 21698 39870 14134 12515 26449 229727 34353 15229 19124
is_linear=0
shrinkage=0.08


Tree=208
num_leaves=31
num_cat=0
split_feature=9 6 5 5 6 5 1 6 5 2 1 0 5 5 6 4 1 5 6 6 1 5 6 6 5 5 2 6 0 1
split_gain=3.09728 12.1062 3.61013 11.6685 11.8611 8.78876 10.7471 7.02936 8.75533 16.6745 11.7036 10.9361 8.36829 14.1546 13.651 7.43646 6.00201 5.27802 5.08071 7.69422 4.33002 4.10159 3.50148 3.4381 21.5952 12.7458 12.4223 9.26548 5.83396 17.6971
threshold=1.0000000180025095e-35 0.9656645953655244 0.8611605465412141 0.92545253038406383 0.95896023511886608 0.96048912405967724 0.83424907922744762 0.66915422677993786 0.62529620528221141 0.74883177876472484 0.87298336625099193 0.44575163722038275 0.64161032438278209 0.45176798105239874 0.53866082429885875 1.5000000000000002 0.80217391252517711 0.56303486227989208 0.86162030696868908 0.864302158355713 0.89386734366416942 0.88019138574600231 0.64888572692871105 0.71711125969886791 0.68435126543045055 0.39762559533119207 0.68020617961883556 0.87386798858642589 0.78456193208694469 0.85053193569183361
decision_type=2 2 2 2 2 2 2 2 2 2 2 2 2 2 2 2 2 2 2 2 2 2 2 2 2 2 2 2 2 2
left_child=1 23 7 18 -5 6 -6 12 15 11 -11 -10 13 14 -2 -9 -7 -15 -4 -20 -17 -21 -14 24 28 26 27 -25 29 -1
right_child=2 -3 3 4 5 16 -8 8 9 10 -12 -13 22 17 -16 20 -18 -19 19 21 -22 -23 -24 25 -26 -27 -28 -29 -30 -31
leaf_value=0.00013264474615332813 -0.0024384237360889887 0.048627289763685591 0.01838323018654044 0.017241675932573156 -0.072491890773296819 0.021746038919223231 0 -0.0069674159328778386 0.039171680835920666 0.036102438542394991 0.0021080614452920914 -0.018033716939565379 0.04421117985341666 -0.023442724359818003 0.028913444012534789 0.028600377576127267 -0.010876826658766912 -0.0015465197839554423 -0.081523456691137128 0 0.0044069750893670845 -0.019141497072526985 0 -0.082428570928426217 0.048665955527111199 -4.8840783904837981e-05 0 0.012958064104539566 -0.0042633878579680625 0.020828559608280287
leaf_weight=1323.2779463358593 1213.2327111267723 30.106447473001026 18.661461508898356 199.30810530961935 22.53934799513263 48.357727945199258 23.010485202528798 62.157074598584586 16.855025697612291 89.019097029453405 248.92336856582733 285.28207348676551 27.58999637618399 274.82141263738777 90.843693944167171 183.04363753013058 106.4111878775966 116.92460997346643 8.032402473036198 91.310465973845567 88.859631360122876 308.8167701778948 16.990372735745041 27.885627374984328 60.156103656907362 1381.1315472151737 25.697901627736428 3.2108619007485677 686.46212586242837 330.6031552287568
leaf_count=315192 290337 46135 2121 28515 3803 14586 10924 15201 1728 7508 55524 22916 961 27307 2199 11832 50445 3776 422 13694 11223 39561 849 673 5221 235960 3907 460 36832 14691
internal_value=0.000152363 0.00173567 -0.00153228 -0.00614739 0.003341 -0.00979334 -0.0387593 -5.96504e-05 0.00530535 0 0.011925 -0.0137358 -0.00316082 -0.004179 -3.00947e-05 0.0157018 0 -0.0174125 -0.0153376 -0.0174704 0.021494 -0.0147994 0.0288587 0.00126346 0.00313832 -0.00175561 -0.0373094 -0.0677162 0.00179861 0.00441642
internal_weight=7409.52 3868.53 3540.99 826.448 399.627 200.319 45.5498 2714.54 974.14 640.08 337.942 302.137 1740.4 1695.82 1304.08 334.06 154.769 391.746 426.821 408.16 271.903 400.127 44.5804 3838.43 2400.5 1437.93 56.7944 31.0965 2340.34 1653.88
internal_count=1274503 659071 615432 164071 108273 79758 14727 451361 125932 87676 63032 24644 325429 323619 292536 38256 65031 31083 55798 53677 23055 53255 1810 612936 371936 241000 5040 1133 366715 329883
is_linear=0
shrinkage=0.08


Tree=209
num_leaves=31
num_cat=0
split_feature=9 6 6 6 0 3 1 8 8 4 3 1 2 1 2 3 2 1 0 6 3 1 6 3 4 0 2 1 3 2
split_gain=3.11987 12.0553 6.58014 10.616 11.6901 8.69692 5.40139 13.4814 9.55189 4.15349 9.96537 17.9353 12.1611 4.72538 12.6928 7.58623 4.08027 17.6127 21.4619 15.3773 11.997 11.5439 10.0104 7.50765 17.4517 10.1484 13.3474 9.40769 8.04795 7.68919
threshold=1.0000000180025095e-35 0.95666620135307323 0.57370692491531383 0.4723315834999085 0.81284341216087352 0.73746865987777721 0.81530213356018078 1.0000000180025095e-35 1.0000000180025095e-35 3.5000000000000004 0.94494947791099559 0.90353596210479747 0.87559524178504955 0.53410854935646068 0.43353414535522466 0.93957647681236278 0.65733855962753307 0.75716626644134533 0.66978195309638988 0.44492964446544653 0.73375529050827037 0.67017546296119701 1.0000000180025095e-35 0.7243877947330476 2.5000000000000004 0.68457102775573742 0.75582656264305126 0.78910306096076976 0.83047896623611461 0.74115687608718883
decision_type=2 2 2 2 2 2 2 2 2 2 2 2 2 2 2 2 2 2 2 2 2 2 2 2 2 2 2 2 2 2
left_child=1 2 3 6 5 -5 7 -1 -8 10 12 -12 -4 14 -11 -15 -2 18 21 -20 -21 -18 -23 24 29 28 -27 -26 -25 -19
right_child=16 -3 9 4 -6 -7 8 -9 -10 13 11 -13 -14 15 -16 -17 17 23 19 20 -22 22 -24 25 27 26 -28 -29 -30 -31
leaf_value=-0.032732830054126763 -0.0049878266258217997 0.036484474721698364 0.0017159620011622965 0.0094902039486514395 -0.0073061890520826848 0.037437245235797965 0.028902974968514916 0.000301513636867705 0.0022100052920231809 -0.012159638428823465 0.041087508363899287 -0.046871217428092471 0.036368982154895542 -0.011686135879734889 0.036527446020005003 0.0019414651960007515 0.013333345548816017 0.043725673209566482 -0.00039099041472820037 0.058659761093042495 0.014125621520106713 0 -0.073113505529050743 0.038769059807105974 0 -0.017677119295421168 0.00069273140846020319 -0.058789275064275053 0 -0.012076954226754357
leaf_weight=82.548731631442934 1307.4659356658867 58.572140479158406 539.86682984397521 180.70308072047192 96.550668749638135 147.44638300893712 99.749400433855044 726.34297129882725 584.56981898158847 68.059188192375586 13.784671895611607 53.258145914005581 70.869694993674784 698.88396126277803 55.770069063899427 385.12828501479817 34.855829014763003 23.746773844228301 74.475910384146118 103.28525765660015 84.471474007172219 21.044776350259781 24.120605351006816 65.718644288321229 20.633347320552275 303.43438257198432 1333.9914972306487 58.412412892741486 54.038590391413891 24.872628356187306
leaf_count=236203 331648 61634 40123 11034 3147 3265 14972 59887 18117 6708 5179 70861 38638 26793 4202 58391 2863 1032 5689 7208 8057 133 2980 6423 1460 19811 219130 3003 3369 3611
internal_value=0.000255065 0.00184399 0.00122134 0.0045415 0.0156565 0.0229012 0.00123168 -0.00305349 0.00651443 -0.00207413 0.00277609 -0.0249687 0.00625962 -0.00492798 0.00909267 -0.00671091 -0.00143605 0.00058392 0.0171993 0.0283826 0.0403401 -0.0170807 -0.0427313 -0.00238599 -0.0207957 -0.000902457 -0.00265745 -0.043489 0.0209557 0.0137301
internal_weight=7396.67 3862.1 3803.53 1917.91 424.7 328.149 1493.21 808.892 684.319 1885.62 677.779 67.0428 610.737 1207.84 123.829 1084.01 3534.57 2227.1 342.254 262.233 187.757 80.0212 45.1654 1884.85 127.665 1757.18 1637.43 79.0458 119.757 48.6194
internal_count=1275571 659154 597520 346625 17446 14299 329179 296090 33089 250895 154801 76040 78761 96094 10910 85184 616417 284769 26930 20954 15265 5976 3113 257839 9106 248733 238941 4463 9792 4643
is_linear=0
shrinkage=0.08


Tree=210
num_leaves=31
num_cat=0
split_feature=7 1 0 5 2 0 1 1 1 2 2 0 5 1 3 1 1 3 3 3 8 5 5 8 0 1 2 2 5 2
split_gain=3.56194 2.83568 8.70305 8.39413 6.06429 10.1196 26.959 15.6394 15.2833 22.1276 16.9714 9.93275 7.46727 10.2969 7.23668 5.90852 7.3325 4.71258 4.34835 3.59699 3.32338 3.85439 3.0915 2.84226 2.41738 1.41408 1.03201 0.962468 0.871426 0.731263
threshold=1.0000000180025095e-35 0.42163743078708654 0.45199692249298101 0.65636926889419567 0.48528139293193823 0.58370205760002147 0.6789083480834962 0.57735043764114391 0.64630925655365001 0.64899963140487682 0.58898946642875682 0.60107529163360607 0.23693957179784778 0.48050633072853094 0.83424907922744762 0.60736888647079479 0.48528139293193823 0.53229168057441723 0.61451050639152538 0.67028987407684337 0.75000000000000011 0.32984206080436712 0.32885724306106573 0.75000000000000011 0.16843971610069278 0.37573529779911047 0.33508773148059851 0.27139568328857427 0.94553062319755565 0.33508773148059851
decision_type=2 2 2 2 2 2 2 2 2 2 2 2 2 2 2 2 2 2 2 2 2 2 2 2 2 2 2 2 2 2
left_child=1 2 3 20 11 6 7 -6 10 -10 -7 12 19 -14 -8 16 -13 22 -17 -3 24 -22 -4 29 -1 -5 -25 -24 -2 -19
right_child=28 4 17 25 5 8 14 -9 9 -11 -12 15 13 -15 -16 18 -18 23 -20 -21 21 -23 27 26 -26 -27 -28 -29 -30 -31
leaf_value=0.0072145177575757505 0.043591788009866309 0.016931316204117544 0 0.039981946525901084 0.0071234277036227546 -0.0026559007451950676 0.033223708295575013 -0.025345723319043098 -0.016328335301130332 -0.00056011473807984541 0.025329449450239704 0.0052820145662744004 -0.0041916249952563354 -0.036544204886332109 0.0031953461580048214 -0.030378494167195829 -0.05242301637673627 0.017010728189041799 0.024591171295023525 -0.0095952033928751509 0.049195384196617356 -0.0031991601150224247 0 0 -0.023191544722538048 0 0.039587100209149288 0.073380905634905472 0 -0.0032214851675811678
leaf_weight=8.7111148273870622 9.6016363143407926 48.422949874155165 2.1412980839886613 22.943046587850404 239.7206915430761 255.64153123298729 234.78256106942536 146.34729700512071 648.53352474918847 4641.2734474202571 274.08849109351559 35.542081930600034 128.8762502000227 150.93626577475789 82.500135026406497 3.4056285589085737 14.40258620982422 9.4594920907074975 94.738265868129929 78.699290230608312 5.2684673599433145 43.31353145155299 0.48797375627327966 5.0547057009716836 95.972120501288373 10.334818646522761 19.744805713477035 15.83070191637489 1.5108625727780225 42.795032183079456
leaf_count=1585 23197 8017 4186 9286 89046 44892 19871 33025 59533 562238 33654 8088 94747 86699 6478 776 2972 4818 8087 1844 423 3215 232 816 125586 566 4071 9731 7489 20013
internal_value=-0.000360732 -0.000464151 0.00727684 -0.00211198 -0.00080014 -8.9361e-05 0.00891268 -0.00494225 -0.00121154 -0.00253712 0.0116263 -0.00879246 -0.0153381 -0.0225402 0.0260829 0.00806286 -0.0117027 0.0263984 0.0197523 0 -0.0109448 0.00355714 0.0606244 0.0130543 -0.018989 0.0305045 0.0328584 0.0705164 0.0370934 0
internal_weight=7371.08 7359.97 282.057 186.543 7077.91 6522.89 703.351 386.068 5819.54 5289.81 529.73 555.023 406.935 279.813 317.283 148.089 49.9447 95.514 98.1439 127.122 153.265 48.582 18.46 77.054 104.683 33.2779 24.7995 16.3187 11.1125 52.2545
internal_count=1275181 1244495 184528 140661 1059967 848737 148420 122071 700317 621771 78546 211230 191307 181446 26349 19923 11060 43867 8863 9861 130809 3638 14149 29718 127171 9852 4887 9963 30686 24831
is_linear=0
shrinkage=0.08


Tree=211
num_leaves=31
num_cat=0
split_feature=5 8 3 1 2 1 5 4 0 1 0 4 0 0 1 5 0 1 3 1 0 3 3 3 1 2 1 0 3 1
split_gain=3.55286 11.3119 14.7296 9.28685 9.91561 10.954 9.0123 8.53791 6.32663 4.53388 4.17008 4.31547 5.55327 7.9505 5.47412 4.12589 4.08308 20.4103 22.207 14.1711 13.1298 8.70652 8.5545 7.6752 8.75474 12.4404 19.2908 12.7605 9.45446 8.12654
threshold=0.90335035324096691 1.0000000180025095e-35 0.90366768836975109 0.80217391252517711 0.58499062061309826 0.51191151142120372 0.91903391480445873 8.5000000000000018 0.69282051920890819 0.74388790130615245 0.6351073980331422 5.5000000000000009 0.75123763084411632 0.6820855736732484 0.99565216898918163 0.92963248491287243 0.56562754511833202 0.66300368309021007 0.82807883620262157 0.57294833660125744 0.47662734985351568 0.64747309684753429 0.6832355558872224 0.57804551720619213 0.64630925655365001 0.59390470385551464 0.59611794352531444 0.69860395789146434 0.64346247911453258 0.77015754580497753
decision_type=2 2 2 2 2 2 2 2 2 2 2 2 2 2 2 2 2 2 2 2 2 2 2 2 2 2 2 2 2 2
left_child=16 10 3 4 5 -3 -5 -4 -8 -6 -2 12 13 -12 -13 -14 17 19 -19 22 21 -21 -1 -18 25 26 -25 -27 29 -26
right_child=1 2 7 6 9 -7 8 -9 -10 -11 11 14 15 -15 -16 -17 23 18 -20 20 -22 -23 -24 24 28 27 -28 -29 -30 -31
leaf_value=-0.0038600518445162679 0.033350787491207005 0.019608343518547719 0.040408343754120446 0.0037262622890653343 0.036951561903610416 -0.049173008396077675 0 -0.0060067884293162257 -0.050682810158999766 0 0.017819194080681337 0.035915631935794314 0.022708058390728585 -0.041487438316705892 0.0038799232205614692 -0.00063487438854812131 -0.031450604978075745 0.034265104478196119 -0.0078332330365062305 0.049410601599196309 -0.046299768196151517 -0.02677446824052181 0.019686116177501146 0.006287168808914877 -0.040392453941062806 0.0094806635940224721 -0.036330793588510248 0.054301321357984787 -0.0024455877408364581 0.00023494605862779086
leaf_weight=520.03722329963512 57.208805477475835 15.985822646041923 51.263951957687823 28.453164480211854 37.032001617864807 35.166600241111155 18.746858292970501 34.688232696522391 83.06326207570055 27.765513941969402 14.817526105776777 66.829546367283911 70.607012251915876 34.336287153681042 92.834861173061654 100.27023404061038 52.340474390075542 219.97919917702802 113.77747115594138 14.986245370464532 79.934753720726803 11.385407527940513 116.24655525075832 369.24601872502171 74.178624546628271 187.76703413328141 77.735672746393902 53.623999911680585 4699.8912393589753 39.603698021124728
leaf_count=368519 1210 9958 101966 4949 10683 6071 6262 22662 19985 6115 382 799 3058 877 1317 6418 14790 25174 10429 1854 26296 6068 26830 61884 10182 21564 14826 5234 475883 2561
internal_value=-0.000646786 0.00443749 -0.00631858 -0.0165817 0 -0.0249965 -0.030823 0.0206167 -0.041699 0.0201625 0.012956 0.00907373 0.000938651 -0.0206602 0.018944 0.00847213 -0.0012635 0.00317668 0.0195377 -0.00404424 -0.0303993 0.012394 0.000312191 -0.0021548 -0.00181875 0.006516 -0.00109054 0.0209866 -0.00304938 -0.0254898
internal_weight=7399.8 769.07 332.165 246.213 115.95 51.1524 130.263 85.9522 101.81 64.7975 436.904 379.695 220.031 49.1538 159.664 170.877 6630.73 1076.35 333.757 742.59 106.306 26.3717 636.284 5554.39 5502.05 688.373 446.982 241.391 4813.67 113.782
internal_count=1274806 202712 188651 64023 32827 16029 31196 124628 26247 16798 14061 12851 10735 1259 2116 9476 1072094 465170 35603 429567 34218 7922 395349 606924 592134 103508 76710 26798 488626 12743
is_linear=0
shrinkage=0.08


Tree=212
num_leaves=31
num_cat=0
split_feature=9 6 6 5 5 6 5 5 2 1 0 1 0 2 1 4 0 0 5 0 2 1 0 1 2 6 6 2 4 6
split_gain=4.08308 11.3587 4.96668 13.1553 21.5705 9.77953 7.27426 7.26188 4.83472 18.4119 21.0361 9.60693 12.8528 12.4868 13.2467 10.9433 15.2775 10.7039 10.0999 9.74398 7.08528 31.2471 20.6819 14.5179 12.5338 11.1028 6.94565 6.62111 6.23929 5.82347
threshold=1.0000000180025095e-35 0.95666620135307323 0.89672946929931652 0.65636926889419567 0.90126106142997753 0.93982484936714183 0.92335665225982677 0.84791302680969249 0.61938297748565685 0.70438539981842052 0.61938297748565685 0.59611794352531444 0.45923791825771337 0.53178024291992199 0.53410854935646068 4.5000000000000009 0.63686314225196849 0.73735308647155773 1.0000000180025095e-35 0.6569296419620515 0.71503761410713207 0.78629976511001598 0.69282051920890819 0.77015754580497753 0.70396453142166149 0.41036838293075567 0.59384471178054821 0.76506900787353527 14.500000000000002 0.36645218729972845
decision_type=2 2 2 2 2 2 2 2 2 2 2 2 2 2 2 2 2 2 2 2 2 2 2 2 2 2 2 2 2 2
left_child=1 2 7 -4 5 -5 -6 -1 11 10 -10 13 28 14 26 16 -14 -17 -16 -15 21 24 -23 25 -11 -22 -2 -25 -13 -12
right_child=8 -3 3 4 6 -7 -8 -9 9 20 29 12 15 19 18 17 -18 -19 -20 -21 23 22 -24 27 -26 -27 -28 -29 -30 -31
leaf_value=0.0011136864225355532 -0.012602851501209576 0.036156532108931702 0.026336175917300208 -0.046355818338438624 0.020224900936818724 0 -0.011094670594001037 0.016774545692100001 -0.041022268650741087 -0.060419096615816875 0.0016145941778584821 0.056320699451095989 0.014622965383019998 0.0059606234366839598 0 -0.034224087799818725 -0.025570194865738857 0.021864044914786142 -0.074719763099838951 0.053359376900126113 -0.0073226024780688338 0.021647293061514285 -0.01862791337389838 -0.014576899213888722 -0.0030456301554342125 0.033585181113984661 0.009907693611932571 -0.00035199974205843155 -0.0016286570374932717 0.034573089468213553
leaf_weight=3219.416717775227 169.25210452744523 55.533688649454234 54.644661019414343 116.63615815371577 90.27053682001133 31.815185211826247 84.07811583509465 199.48083606678301 26.117954699111579 87.683875032496871 55.488787732072524 17.997285708268468 117.9137847308084 115.84606394227012 15.512390373158267 234.25472752943733 110.9972299355004 17.013482012745953 24.94985941178129 37.186913844408082 51.822089407090971 163.4572129121625 151.83452860623674 248.68709930420482 42.097700393085688 127.34476096921298 168.82019134171242 1353.6315863971449 13.892536888300127 181.52195803129871
leaf_count=481584 171588 61461 14963 22976 18549 12207 15753 31613 3191 6550 5300 1733 11831 27686 822 36135 9940 1453 18626 5706 2405 9446 10174 15705 3263 10923 19085 223386 3913 17164
internal_value=-8.8368e-05 0.00168945 0.00109628 -0.00746185 -0.0139858 -0.0359925 0.00434096 0.00209734 -0.00207134 -8.65325e-05 0.0196539 -0.0066307 -0.0144105 0.000629991 -0.00686601 -0.0179638 -0.00431236 -0.0294495 -0.0474996 0.0198148 -0.00252991 -0.0115052 0.00176446 -0.00017211 -0.0437991 0.0210067 -0.000915015 -0.00269779 0.0299393 0.0277108
internal_weight=7385.2 3851.88 3796.34 377.445 322.8 148.451 174.349 3418.9 3533.32 2489.69 263.129 1043.64 512.069 531.568 378.535 480.179 228.911 251.268 40.4622 153.033 2226.56 445.073 315.292 1781.49 129.782 179.167 338.072 1602.32 31.8898 237.011
internal_count=1275131 659106 597645 84448 69485 35183 34302 513197 616025 307507 25655 308518 65005 243513 210121 59359 21771 37588 19448 33392 281852 29433 19620 252419 9813 13328 190673 239091 5646 22464
is_linear=0
shrinkage=0.08


Tree=213
num_leaves=31
num_cat=0
split_feature=9 6 6 5 5 5 6 5 5 5 3 3 0 0 6 5 0 5 3 6 2 2 4 0 2 3 3 3 4 3
split_gain=3.99443 7.73643 5.60865 7.79693 6.28043 10.3616 4.6882 13.1147 17.8259 10.4541 6.43048 5.57102 3.98703 8.40299 3.87354 7.74719 8.12873 7.02493 10.6063 7.50408 5.84092 4.58247 3.83563 3.53075 11.9137 7.41587 3.26993 6.11589 4.49108 3.20452
threshold=1.0000000180025095e-35 0.96672815084457409 0.9656645953655244 0.95463898777961742 0.88019138574600231 0.97242638468742382 0.61348485946655285 0.25658351182937628 0.6088932752609254 0.50802230834960949 0.7243877947330476 0.93957647681236278 0.71010184288024913 0.8019607961177827 0.70782846212387096 0.66815477609634411 0.8216732144355775 0.42008402943611151 0.75147059559822094 0.8519614338874818 0.49151568114757543 0.78142958879470836 11.500000000000002 0.55217784643173229 0.4654348641633988 0.7454303801059724 0.72046512365341198 0.79772728681564342 10.500000000000002 0.62115561962127697
decision_type=2 2 2 2 2 2 2 2 2 2 2 2 2 2 2 2 2 2 2 2 2 2 2 2 2 2 2 2 2 2
left_child=1 14 3 6 -4 26 7 -2 -9 11 -11 -8 -7 -14 15 23 -17 18 19 -16 29 -22 -20 24 -1 -25 28 -28 -6 -19
right_child=2 -3 4 -5 5 12 9 8 -10 10 -12 -13 13 -15 17 16 -18 20 22 -21 21 -23 -24 25 -26 -27 27 -29 -30 -31
leaf_value=-0.0038877874511221437 0.0013561517835367271 0.042025549784154653 0.012728948608411884 0.028392580289409761 -0.072001281777631057 0.026175791797299022 0.025537157068542555 -0.016423372278912315 0.041333926166738089 -0.010580658105983954 0.0017806166415528311 -0.0041206255112467612 -0.044909088288027033 0.015055052996737215 -0.06025582320795074 0.048064126025203005 -0.0062031706926057332 0 0.016313955068736723 0.013237304676982104 -0.0065107104321738395 0.0029116469419501797 -0.034824351696179007 -0.0062670292515763374 0.023731685585948958 0.0044333273749299889 0.0071686284845987247 -0.033676217713647788 0 0.028695746446447783
leaf_weight=188.09982546695119 895.3702886027786 25.529876897448958 36.350483192758475 50.884418427882338 23.275483952173094 25.650680766715595 152.65546122040723 635.76344781411444 29.997726142253669 342.86969232956108 1147.3739133181753 41.196669605949864 20.435075876618612 27.009097182223741 40.00093215540619 44.036832462290477 18.598109968326753 47.078597065345093 36.321266581042437 4.9826176724272946 667.60283740824889 618.75795532664961 6.4092029142630045 591.35795708139449 187.82522332165718 1323.1365120429327 23.378798707850365 71.121712043204752 2.9228202820668221 59.962265872884018
leaf_count=151929 30835 44898 25749 9979 3174 10176 7839 289472 805 17296 140391 6887 8683 32561 840 1782 3519 5225 5745 549 60185 164027 433 81163 63016 67287 2642 29060 540 8128
internal_value=-2.50335e-05 0.00173011 -0.00199119 -0.00108515 -0.0139879 -0.0199983 -0.00163955 -0.00481177 -0.0132937 0.00121187 -0.000982284 0.0184847 0.00181751 -0.00954095 0.00136575 0.00340388 0.0303176 -0.00176514 -0.0231101 -0.0484044 -0.000229246 -0.0018608 0.00244697 0.00253374 0.0096222 0.00103708 -0.0340295 -0.022111 -0.061459 0.0171579
internal_weight=7385.96 3859.7 3526.26 3296.11 230.144 193.794 3245.23 1561.13 665.761 1684.1 1490.24 193.852 73.0949 47.4442 3834.17 2353.05 62.6349 1481.12 87.714 44.9835 1393.4 1286.36 42.7305 2290.42 375.925 1914.49 120.699 94.5005 26.1983 107.041
internal_count=1274815 658726 616089 503504 112585 86836 493525 321112 290277 172413 157687 14726 51420 41244 613828 368696 5301 245132 7567 1389 237565 224212 6178 363395 214945 148450 35416 31702 3714 13353
is_linear=0
shrinkage=0.08


Tree=214
num_leaves=17
num_cat=0
split_feature=7 5 4 6 2 2 6 2 3 2 4 3 5 5 5 5
split_gain=2.75576 2.03036 1.70285 2.01723 1.83055 1.61223 6.36034 4.13424 11.1739 3.06327 2.68116 2.40766 0.424222 0.405319 0.0689103 0.0325631
threshold=1.0000000180025095e-35 0.99805447459220897 26.500000000000004 0.76552855968475353 0.19433516263961795 0.95861870050430309 0.66915422677993786 0.94360822439193737 0.95488464832305919 0.9833287000656129 1.0000000180025095e-35 0.99462366104125988 0.67658114433288585 0.96881943941116344 0.35058240592479711 0.33772005140781408
decision_type=2 2 2 2 2 2 2 2 2 2 2 2 2 2 2 2
left_child=1 2 5 4 15 7 11 10 -9 -8 -1 -7 -6 -2 -5 -4
right_child=13 -3 3 14 12 6 9 8 -10 -11 -12 -13 -14 -15 -16 -17
leaf_value=-0.0055168625553784472 0.037519987267625392 0.033201485370076549 0.0059298111657821494 0 -0.043218124601148274 0.011535790361986631 0 0.0081309099161678972 -0.060854895024295787 0.049539466408089393 0.00058206762014926475 -0.0058303981325694074 0 0 0.0087464406283932605 0
leaf_weight=489.79819109048549 9.570358707659576 6.9103763310376953 0.9268487504250581 0.23829965293407385 15.253187109935421 79.6132597320684 4.4543608170770339 25.674191712911124 20.874833989877516 23.858136630070476 6553.3411850334023 118.40773723294842 0.38984073855681423 0.70414884123965826 3.6638221329994849 2.7251495962536865
leaf_count=58771 25742 42920 182 1 9294 7488 18077 11046 8210 127139 949957 10002 17 4894 1411 392
internal_value=0.000251893 0.000159315 8.38349e-05 -0.0194891 -0.0310338 0.000181018 0.0067555 -1.09288e-05 -0.0226037 0.0392108 0.000131618 0.000475638 -0.0412433 0.0342494 0.00499106 0
internal_weight=7356.4 7346.13 7339.22 23.1971 19.295 7316.02 226.333 7089.69 46.549 28.3125 7043.14 198.021 15.643 10.2745 3.90212 3.652
internal_count=1275543 1244907 1201987 11297 9885 1190690 162706 1027984 19256 145216 1008728 17490 9311 30636 1412 574
is_linear=0
shrinkage=0.08


Tree=215
num_leaves=29
num_cat=0
split_feature=5 6 2 5 9 1 5 6 5 3 1 5 6 5 4 3 5 6 5 4 6 4 5 4 5 3 2 2
split_gain=2.25797 3.8571 11.0707 11.0264 7.58562 5.51761 3.8634 10.7756 6.53258 4.98043 4.21814 3.81297 5.04563 4.01079 3.38272 2.72746 2.57543 10.3403 5.36155 1.15043 0.698911 0.482117 0.430788 0.314849 0.93408 0.0509775 0.00788424 0.000180553
threshold=0.99163165688514721 0.97483214735984813 0.8521554470062257 0.81497043371200573 1.0000000180025095e-35 0.46841755509376531 0.93156540393829357 0.93762966990470897 0.93762966990470897 0.91922956705093395 0.84273937344551098 0.9208967685699464 0.92872086167335521 0.92545253038406383 8.5000000000000018 0.62397539615631115 0.90574499964714061 0.96311414241790783 0.87815481424331676 10.500000000000002 0.97568368911743175 10.500000000000002 0.56303486227989208 1.0000000180025095e-35 0.93762966990470897 0.91458967328071605 0.96999701857566845 0.8019607961177827
decision_type=2 2 2 2 2 2 2 2 2 2 2 2 2 2 2 2 2 2 2 2 2 2 2 2 2 2 2 2
left_child=1 6 3 22 19 -6 11 23 9 -9 -10 16 13 -13 20 -14 18 -18 -1 -5 -4 25 -3 27 -25 -16 -22 -8
right_child=-2 2 14 4 5 -7 7 8 10 -11 -12 12 15 -15 21 -17 17 -19 -20 -21 26 -23 -24 24 -26 -27 -28 -29
leaf_value=0.00035389662385959899 0.03277352335774493 0 0 0.031985507250616295 0.014653315279529275 -0.048439603304702671 0 -0.066869705987031888 0.017032711291731308 0.0027240715894848644 -0.0022775161190957886 -0.015886470024809855 0.0069981478656344917 0.021691022515375784 -0.025185236635590802 -0.03602033904900355 0.014900437347935383 -0.06157974564427212 -0.010222280858825634 0 0.048118463638424092 0 0.037113184731335847 0.04585027005355647 2.5253629394891636e-05 0 0 0.000407363334708037
leaf_weight=6277.0144769879171 8.4929402317948171 1.8817791856581596 1.7810074835033507 6.5928028738671847 3.5053922082151976 80.754283939832021 1.4018264865153462 10.065487976929942 108.35974853047082 3.9811455090402879 167.00924338058121 34.04976227368752 2.5540880467779052 28.610315183586863 1.4744560294784603 51.910113660679599 169.23970182644371 6.5802811752982953 317.04689452405 1.3784999790987056 16.579134176381562 0.80157590955423064 9.6684235340435389 43.293896142284211 10.72516480838385 0.81429837303585362 1.4104531721950468 1.9634029887492941
leaf_count=998203 48833 1883 1331 5248 1889 19852 229 1217 11962 1888 39215 4136 339 3751 25 9748 23577 1537 44668 1837 19544 102 8963 4510 1434 132 16805 2026
internal_value=7.53133e-05 0 -0.0135551 -0.0254675 -0.0356649 -0.0433485 0.000262138 0.00844707 0.00134541 -0.0432076 0.00491877 -0.000132634 -0.0141526 0 0.0296457 -0.0308935 9.65725e-05 0.00952957 -0.000137727 0.0186207 0.0428305 -0.00926797 0.0324683 0.0387208 0.0402359 -0.0227744 0.0465955 0
internal_weight=7368.94 7360.45 126.642 103.781 92.231 84.2597 7233.81 346.8 289.416 14.0466 275.369 6887.01 117.124 62.6601 22.8609 54.4642 6769.88 175.82 6594.06 7.9713 19.7706 3.09033 11.5502 57.3843 54.0191 2.28875 17.9896 3.36523
internal_count=1274884 1226051 77611 39672 28826 21741 1148440 62481 54282 3105 51177 1085959 17974 7887 37939 10087 1067985 25114 1042871 7085 37680 259 10846 8199 5944 157 36349 2255
is_linear=0
shrinkage=0.08


Tree=216
num_leaves=31
num_cat=0
split_feature=7 2 0 5 0 1 3 2 5 1 3 1 3 3 3 2 1 3 1 5 0 0 3 1 8 0 3 0 5 5
split_gain=2.68828 2.43082 5.46362 3.38539 2.79318 19.6841 32.9114 15.431 13.0881 12.0659 29.9034 52.3786 24.9464 16.4221 30.8752 11.056 25.0668 18.2301 5.21711 2.75105 1.72895 2.12273 4.71371 1.70941 1.29677 0.942216 0.463657 0.38565 0.26339 0.372955
threshold=1.0000000180025095e-35 0.96999701857566845 0.98213717341423046 0.51449581980705272 0.75513628125190746 0.80217391252517711 0.76138716936111461 0.628892481327057 1.0000000180025095e-35 0.81872946023941051 0.88273492455482494 0.87570226192474376 0.75147059559822094 0.81302964687347423 0.89039039611816417 0.76993650197982799 0.77015754580497753 0.7897985875606538 0.73746865987777721 0.45176798105239874 0.75123763084411632 0.93127068877220165 0.92885261774063121 0.9759001135826112 1.0000000180025095e-35 0.98260739445686351 0.97014260292053234 0.93127068877220165 0.46596425771713262 0.62529620528221141
decision_type=2 2 2 2 2 2 2 2 2 2 2 2 2 2 2 2 2 2 2 2 2 2 2 2 2 2 2 2 2 2
left_child=1 4 20 19 9 15 8 -8 -7 13 12 -12 -11 18 -15 16 -6 -17 -1 26 28 23 -23 -22 -5 -26 -4 -2 -3 -30
right_child=27 2 3 24 5 6 7 -9 -10 10 11 -13 -14 14 -16 17 -18 -19 -20 -21 21 22 -24 -25 25 -27 -28 -29 29 -31
leaf_value=-0.00083087440705584303 0.037032230784413749 0.0074969342055122437 -0.015193614219237967 0 0.014369329470165259 0 0.043206241647293933 -0.0038559000545568697 -0.059114815147936997 -1.7767786744189969e-05 -0.081004734646275708 0.002404320487768724 0.032475411369154765 -0.02926305458250681 0.016716893661579798 0.050870776682316592 -0.038287335818254178 0 0.0083108709066098546 -0.03775982763190882 0 -0.026963055924533085 0.028347985483877406 0.062863638916352091 0 0.045072175383364929 0 0 -0.020549967180424324 0
leaf_weight=2124.5733325772781 9.3441676761694872 10.446825274151704 7.9077314685746378 13.842411182173239 263.48971949929091 34.312813594937325 40.036282383876824 2331.5729992240194 92.474456987714802 232.77766671156678 48.558244834697689 450.68997728603063 380.36870683448615 312.97269199012408 123.77473277445824 95.069250934844604 68.239363819808204 84.318445415847236 481.9935800113999 10.90248945910025 0.28105769712601336 6.5142250272292577 30.932703857461092 14.837724773771697 0.15835315335061473 10.218621906562475 101.55560337095812 0.72350332470159706 2.5880213349300893 1.8502576278187914
leaf_count=614503 19615 1467 852 8349 33171 204 5279 261148 4415 14976 1782 43402 22460 25143 9669 5194 3483 6690 31254 4727 349 3879 24971 15436 1348 74626 9835 10957 2114 11764
internal_value=2.11298e-05 -2.61344e-05 0.00829019 0 -0.000300158 -0.00217147 -0.0051458 -0.00290487 -0.0441486 0.00101755 0.00815105 -0.00611375 0.0199804 -0.0015465 -0.0158284 0.0119664 0.00265459 0.0277793 0.000810982 -0.00636528 0.0262396 0.0325387 0.012914 0.0579038 0.0238259 0.0402296 -0.000327727 0.0337895 0 -0.00930686
internal_weight=7387.33 7377.26 212.036 144.585 7165.22 3009.51 2498.4 2371.61 126.787 4155.71 1112.39 499.248 613.146 3043.31 436.747 511.117 331.729 179.388 2606.57 120.366 67.4508 52.5657 37.4469 15.1188 24.2194 10.377 109.463 10.0677 14.8851 4.43828
internal_count=1273062 1242490 159717 99737 1082773 319584 271046 266427 4619 763189 82620 45184 37436 680569 34812 48538 36654 11884 645757 15414 59980 44635 28850 15785 84323 75974 10687 30572 15345 13878
is_linear=0
shrinkage=0.08


Tree=217
num_leaves=31
num_cat=0
split_feature=2 0 1 3 0 0 2 1 3 0 1 4 5 1 3 5 1 3 4 1 0 5 2 2 3 1 1 2 5 3
split_gain=2.7257 14.8047 20.9618 10.8013 8.96618 13.2798 43.4972 17.057 12.9659 8.0123 7.96875 36.9048 11.5036 18.7521 11.2388 10.4662 7.27101 6.06333 5.86863 6.94044 5.8445 5.02425 4.83716 4.79654 4.66888 4.49789 10.9566 15.6228 10.2161 3.77489
threshold=0.84877073764801036 0.87206766009330761 0.91922956705093395 0.81016731262207042 0.89377820491790783 0.84660634398460399 0.75123763084411632 0.85053193569183361 0.9689110815525056 0.88036698102951061 0.89009663462638866 3.5000000000000004 0.49358868598937994 0.84273937344551098 0.91715687513351452 0.44492964446544653 0.88273492455482494 0.89512962102890026 1.5000000000000002 0.84660634398460399 0.6569296419620515 0.57979589700698864 0.8019607961177827 0.89825496077537548 0.83047896623611461 0.86526826024055492 0.91545844078063976 0.86512476205825817 0.49013115465641027 0.91331186890602123
decision_type=2 2 2 2 2 2 2 2 2 2 2 2 2 2 2 2 2 2 2 2 2 2 2 2 2 2 2 2 2 2
left_child=4 20 9 -4 5 10 18 -8 -9 16 12 14 -1 -14 -12 -13 17 -3 19 -7 -2 -6 -23 -18 -20 28 27 -27 -22 -11
right_child=1 2 3 -5 21 6 7 8 -10 29 11 15 13 -15 -16 -17 23 -19 24 -21 25 22 -24 -25 -26 26 -28 -29 -30 -31
leaf_value=0.0018597091039724667 -0.015109057917617295 0.036994537388878333 -0.074355933261870219 -0.0070589684833058039 0.002397279178989532 0.027856758464482274 0 -0.09777299767356315 0 0.041926174754164443 0.065335813164763265 -0.010321376542764459 -0.0029434204582547601 -0.025232694708620877 0 0.0066858328025253232 -0.072824162809706786 -0.018658706483223923 0 -0.041326093284109716 0 0.056901977741467172 0 0.0027721025646659041 0.0403261629763891 -0.065490117189069913 0.021015451194742431 0.0061242764858435725 0.053928958710163587 0.011602144822636008
leaf_weight=2542.7527613238026 29.496119509693017 20.869783638798253 11.329045975711777 706.9555720334838 51.723351499324053 9.1010466255856972 22.876372781296595 51.270463472479605 11.793252939918601 77.955504672901952 75.825126628285943 330.48382242885054 1727.6798938761131 281.58650685470275 19.525533164131048 728.48833848870527 9.095858471679092 16.013052929723926 16.688115605116764 16.985561455716379 31.916537256198353 31.148459667876523 11.571372238046022 2.1551675356895421 47.266844303571816 19.458430896920618 263.21724125541095 80.095001334226254 54.910910741111365 73.577583634361872
leaf_count=614259 9089 1728 183 255538 6043 1336 1531 1682 1190 12587 5924 17442 141517 14323 1712 75856 542 1309 520 791 1024 19267 4112 220 7907 1177 54439 7424 5189 10162
internal_value=0.000311249 0.00349821 -0.00230985 -0.00884829 -0.000409244 -0.000837527 -0.0221782 -0.0616622 -0.0817559 0.0200714 -0.000132534 0.00575882 -0.00166628 -0.00620144 0.0521671 0.00120428 -0.00530208 0.00966898 0.0150851 -0.0114444 0.014866 0.023358 0.0424731 -0.0521004 0.0282718 0.017329 0.0123883 -0.00880545 0.0344305 0.0290653
internal_weight=7373.81 1397.05 917.952 718.285 5976.77 5882.32 175.982 85.9401 63.0637 199.667 5706.34 1154.32 4552.02 2009.27 95.3507 1058.97 48.1339 36.8828 90.0416 26.0866 479.094 94.4432 42.7198 11.251 63.955 449.598 362.771 99.5534 86.8274 151.533
internal_count=1276023 360611 282269 255721 915412 885990 14957 4403 2872 26548 871033 100934 770099 155840 7636 93298 3799 3037 10554 2127 78342 29422 23379 762 8427 69253 63040 8601 6213 22749
is_linear=0
shrinkage=0.08


Tree=218
num_leaves=31
num_cat=0
split_feature=0 1 4 0 6 0 1 3 1 3 6 1 3 1 0 1 1 0 4 6 1 3 4 4 3 4 8 3 0 3
split_gain=4.05652 15.2399 36.1964 14.3244 14.5896 13.0661 38.8426 16.8987 41.2858 18.737 15.0052 12.7975 29.8314 12.4913 66.6479 21.2306 19.7061 18.6973 12.4645 11.7478 10.5784 10.5492 36.6009 11.8356 10.4172 23.9662 13.6286 13.7528 12.1525 8.62978
threshold=0.75513628125190746 0.80901724100112926 3.5000000000000004 0.64899963140487682 0.29011589288711553 0.69282051920890819 0.86706829071044933 0.86729559302330028 0.86706829071044933 0.7454303801059724 0.76552855968475353 0.82426470518112194 0.83047896623611461 0.88493064045906078 0.8263767957687379 0.87007671594619762 0.85053193569183361 0.83239698410034191 1.5000000000000002 0.34649567306041723 0.99565216898918163 0.73623713850975048 5.5000000000000009 6.5000000000000009 0.78629976511001598 9.5000000000000018 1.0000000180025095e-35 0.87841832637786876 0.55612829327583324 0.84273937344551098
decision_type=2 2 2 2 2 2 2 2 2 2 2 2 2 2 2 2 2 2 2 2 2 2 2 2 2 2 2 2 2 2
left_child=1 24 3 4 -3 7 10 9 -9 -4 -7 18 13 14 15 -13 -16 -15 -2 -20 -19 22 -21 -23 -1 26 27 -26 -27 -14
right_child=11 2 5 -5 -6 6 -8 8 -10 -11 -12 12 29 17 16 -17 -18 20 19 21 -22 23 -24 -25 25 28 -28 -29 -30 -31
leaf_value=0.00058379021956522922 -0.0085122285302383135 -0.074784020999222295 -0.002582664375284603 0.039050297893433068 0.015404337812869718 -0.020879656323041455 0.0028772138055475787 -0.079602031917430691 0.0071000221012854714 0.042282590080879603 -0.096988852094788816 -0.10296399175973379 0.023615884982301799 0.015348500535917615 0.028988404979073339 -0.018659256045860332 -0.028398103854192051 -0.00068991915774772872 -0.0062578750840321931 -0.074065027743349054 -0.06467027123569051 0.03525363804166861 0.043612368090943703 -0.0026866882138453403 -0.059503890911480631 -0.015407222367607186 -0.011649169182393664 0.0011255876524747567 0.023904410145378387 -0.0021699141479546882
leaf_weight=2379.7598046904741 208.97535905924906 9.7607121200126112 88.728733770180042 270.19402123241434 43.436210657797346 47.588594448297954 275.25286040659194 35.117377239897905 269.38169129480957 141.52564456083928 33.780773496779148 77.586948996198771 81.071818130547399 98.177635654756159 73.839990863249113 34.845268502929684 69.238155017039389 37.019438494455244 118.21297182224589 25.249812501773704 35.531081462744623 244.26203883519156 32.552924847481336 56.188221828419046 93.47614406836874 69.200124698960281 245.14160410857767 24.68295978759852 135.61630926365979 2015.0712694374579
leaf_count=630621 19678 232 5840 30301 9568 2864 21760 1362 27945 5961 1191 3467 4575 5363 2800 1257 2976 1769 3412 1541 539 29000 2040 4334 10336 11226 12748 1206 13285 405570
internal_value=-0.000242052 0.00138061 0.00892285 0.0316351 -0.00339773 0.000373859 -0.0112078 0.00842626 -0.00350666 0.0246262 -0.0581148 -0.00239637 -0.00506729 -0.0242471 -0.0354295 -0.0801055 0.000116309 -0.00606917 0.00716623 0.014392 -0.0362363 0.0216387 -0.00704876 0.0277066 -0.00168307 -0.0113801 -0.0237313 -0.046008 0.0098092 -0.00104263
internal_weight=7370.47 4162.64 1214.77 323.391 53.1969 891.376 356.622 534.753 304.499 230.254 81.3694 3207.82 2522.38 426.239 255.51 112.432 143.078 170.728 685.441 476.466 72.5505 358.253 57.8027 300.45 2947.88 568.117 363.301 118.159 204.816 2096.14
internal_count=1274767 786446 107024 40101 9800 66923 25815 41108 29307 11801 4055 488321 428316 18171 10500 4724 5776 7671 60005 40327 2308 36915 3581 33334 679422 48801 24290 11542 24511 410145
is_linear=0
shrinkage=0.08


Tree=219
num_leaves=31
num_cat=0
split_feature=0 1 3 3 4 6 1 1 3 1 4 3 1 4 6 4 3 3 1 0 0 3 4 0 3 1 6 6 3 5
split_gain=3.2618 17.8713 16.3179 17.8437 31.007 13.0836 12.9843 12.0328 13.8197 10.2128 25.7517 21.857 14.5534 21.45 13.1084 12.3523 9.50552 9.40455 8.68248 14.2666 16.4592 8.47443 9.59146 8.19645 10.1401 10.072 9.41078 7.92896 7.40535 7.19694
threshold=0.58643677830696117 0.66300368309021007 0.77459675073623668 0.65648320317268383 7.5000000000000009 0.36253654956817633 0.67017546296119701 0.77849927544593822 0.8521554470062257 0.66300368309021007 4.5000000000000009 0.64346247911453258 0.76239567995071422 4.5000000000000009 0.379817545413971 6.5000000000000009 0.61938297748565685 0.70659971237182628 0.57735043764114391 0.43792808055877691 0.57919329404830944 0.7454303801059724 2.5000000000000004 0.53144779801368724 0.5912291705608369 0.50287356972694408 0.38724207878112799 0.64888572692871105 0.61451050639152538 1.0000000180025095e-35
decision_type=2 2 2 2 2 2 2 2 2 2 2 2 2 2 2 2 2 2 2 2 2 2 2 2 2 2 2 2 2 2
left_child=1 18 3 4 5 -3 -5 -4 -9 10 21 12 15 16 -12 -11 -14 -16 23 -20 27 22 -2 25 26 28 -25 -21 -1 -27
right_child=9 2 7 6 -6 -7 -8 8 -10 11 14 -13 13 -15 17 -17 -18 -19 19 20 -22 -23 -24 24 -26 29 -28 -29 -30 -31
leaf_value=-0.0054017614116266171 -0.028667473316578564 -0.008430511181590267 -0.032081074206052378 0 -0.080845100341819021 0.04482268276570097 0.057895703646057707 0.054191167966355328 -0.0014683770034299524 -0.082861660783954655 -0.0074028462943322828 -0.0013645688449176563 0.072057275697728781 -0.068118036511161148 0.040176598192101773 -0.00091038246450222818 -0.0030476352422888417 0.0084600479833331892 0.04847067195724597 -0.021052400406748127 0.021049521222700037 0.011285989194219128 0.0016179373198462067 -0.02083016497004142 7.9939938236382841e-05 0.0039194788166676152 0.04961053305112792 -0.069510446852522653 0.018265764575442364 -0.037190683847882385
leaf_weight=295.4565056485153 142.8708257649123 42.697660435986108 53.893127824794647 32.414879341042251 17.307105062434857 62.106913857945983 120.67410845418271 30.642600537128601 117.8790970841419 42.630898932799028 66.335005081535201 5173.7262413154176 15.718673317958748 14.474445090765583 195.28847835227862 21.165906854603236 13.941310874397457 110.54685789057294 11.918369023288504 85.601087210518017 29.297266474479329 97.165724587604927 104.16685860652251 8.4375107691830618 140.40531748078683 28.700041861156933 60.147234202277104 39.814528138467722 111.65566053155453 82.684936047916381
leaf_count=251729 21163 1381 9503 6508 3497 6543 10209 1421 12702 4898 20777 633642 645 1551 18136 3620 738 15930 3753 35059 5752 18692 15486 15799 39687 2424 9382 1376 46587 56016
internal_value=-9.0048e-05 0.00339765 0.0158627 0.0283863 0.0037949 0.0222741 0.0462491 -0.000666652 0.0103639 -0.000916493 0.00796667 -0.00215801 -0.037031 0 0.0225266 -0.0600405 0.0367919 0.0295476 -0.00313409 -0.0193465 -0.0269265 -0.00741521 -0.0154836 0.000467642 0.0138497 -0.00470139 0.0379438 -0.0397379 0.00084397 -0.02551
internal_weight=7369.77 1371.73 477.615 275.201 122.112 104.805 153.089 202.415 148.522 5998.03 716.374 5281.66 107.931 44.1344 372.17 63.7968 29.66 305.835 894.118 166.631 154.713 344.203 247.038 727.487 208.99 518.497 68.5847 125.416 407.112 111.385
internal_count=1274606 519328 51764 28138 11421 7924 16717 23626 14123 755278 110184 645094 11452 2934 54843 8518 1383 34066 467564 45940 42187 55341 36649 421624 64868 356756 25181 36435 298316 58440
is_linear=0
shrinkage=0.08


Tree=220
num_leaves=31
num_cat=0
split_feature=5 6 8 8 1 1 2 1 2 2 2 4 5 2 1 1 4 3 3 5 3 3 2 1 4 4 3 4 8 3
split_gain=3.85665 13.9351 9.15186 7.0757 6.34412 3.87763 24.8919 28.1647 17.5569 15.0536 9.53056 9.2711 10.7268 8.94479 58.2744 26.5847 6.70809 6.37372 4.85594 3.54519 3.47276 3.15296 10.7058 6.34865 5.76226 5.0549 4.75667 3.9218 4.17123 14.5193
threshold=0.29490134119987493 0.35827113687992101 0.75000000000000011 0.75000000000000011 0.76631206274032604 0.68614074587821972 0.61938297748565685 0.61633428931236278 0.52689418196678173 0.52689418196678173 0.53694942593574535 2.5000000000000004 0.69056183099746715 0.6911335587501527 0.78629976511001598 0.78910306096076976 17.500000000000004 0.73375529050827037 0.71330726146698009 0.43645593523979193 0.97014260292053234 0.73623713850975048 0.52689418196678173 0.74849396944046032 6.5000000000000009 16.500000000000004 0.55470088124275219 18.500000000000004 1.0000000180025095e-35 0.87226107716560375
decision_type=2 2 2 2 2 2 2 2 2 2 2 2 2 2 2 2 2 2 2 2 2 2 2 2 2 2 2 2 2 2
left_child=3 2 19 21 -5 6 7 9 -9 -3 16 12 -8 14 -12 -15 18 -13 -7 20 -2 22 25 -24 -25 26 -1 28 29 -23
right_child=1 5 -4 4 -6 10 11 8 -10 -11 13 17 -14 15 -16 -17 -18 -19 -20 -21 -22 27 23 24 -26 -27 -28 -29 -30 -31
leaf_value=-0.01084029355379321 -0.058365683213905707 -0.0049365190321534495 0 0.050282584896349507 0 0 -0.017665626653019743 -0.0033205961107219306 -0.063396151810736476 0.015372605788452539 -0.041231603736759451 0.04356100146999585 0.040444303167602634 0.016656154335187454 0.0072592872263440977 -0.0040394941177371493 -0.015851720173247142 0.008715097069058023 0.034582075245298743 0.0077475001740914843 -0.0030209222828861872 -0.015148570654071195 -0.019429605066420504 0.0090668658477903556 -0.028266124219991032 -0.033311052464600262 0.02339233117579409 0.028901461818339098 0.0021976938555205989 0.071113474594604709
leaf_weight=21.820735340324973 53.265221631013446 629.22086740252143 49.354730880033458 32.637467594882764 22.590034604421817 33.780772174273807 57.14885523031171 66.006427693796468 67.658971320052842 360.27196617542631 250.37020925931756 132.56975145753677 25.112586781662685 462.32325903005312 404.93003411534755 2615.2498978935164 22.771695211900806 65.329183543127328 90.45740332528112 1.2563052868426883 16.194839495150518 18.270770861210622 218.0833035873693 126.99010432900104 27.676772441347566 7.0788787469373338 134.20717038029215 36.035715033869565 1313.3412332478183 18.972823637988768
leaf_count=25383 212253 237060 2870 1117 1316 3293 5132 12012 11415 57508 22566 11725 4197 39832 38609 463597 6114 6607 11497 3011 3988 6508 16714 1632 1078 7807 25670 1671 32408 1720
internal_value=-9.43443e-05 -0.00122166 -0.0276422 0.00290019 0.0300976 -0.000565373 0.00298785 -0.00223173 -0.036073 0.00233721 -0.00189392 0.0241464 0 -0.00272727 -0.0111972 -0.000856647 0.0176077 0.0333447 0.0253546 -0.045119 -0.04868 0.00195983 -0.00306561 -0.0107514 0.000708293 0.0133443 0.0174233 0.00402091 0.00313487 0.0282237
internal_weight=7380.98 5403.27 120.071 1977.71 55.2275 5283.2 1403.32 1123.16 133.665 989.493 3879.88 280.16 82.2614 3732.87 655.3 3077.57 147.01 197.899 124.238 70.7164 69.4601 1922.48 535.857 372.75 154.667 163.107 156.028 1386.62 1350.58 37.2436
internal_count=1276310 1153286 222122 123024 2433 931164 345656 317995 23427 294568 585508 27661 9329 564604 61175 503429 20904 18332 14790 219252 216241 120591 78284 19424 2710 58860 51053 42307 40636 8228
is_linear=0
shrinkage=0.08


Tree=221
num_leaves=31
num_cat=0
split_feature=0 1 3 4 3 2 3 4 0 1 3 1 3 4 1 1 0 3 1 2 1 2 3 0 4 3 2 0 1 1
split_gain=4.3393 23.9819 20.9631 13.8324 12.9698 12.2704 11.4758 12.6416 18.0093 10.9835 11.8524 10.2081 8.28193 26.4893 29.9484 19.0087 14.7975 11.685 9.89997 19.9187 18.3152 43.9959 12.7581 16.7714 15.571 9.23756 34.5199 95.8835 33.4528 8.79642
threshold=0.59611794352531444 0.70064935088157665 0.83424907922744762 15.500000000000002 0.63702240586280834 0.79805827140808117 0.7320508360862733 3.5000000000000004 0.51887464523315441 0.83910790085792553 0.96459901332855236 0.75147059559822094 0.64051282405853283 5.5000000000000009 0.71503761410713207 0.76631206274032604 0.61620295047760021 0.59317129850387584 0.70659971237182628 0.63211598992347728 0.63224515318870556 0.4901809841394425 0.72255688905715953 0.74682730436325084 4.5000000000000009 0.75931033492088329 0.70396453142166149 0.6820855736732484 0.76631206274032604 0.78319624066352855
decision_type=2 2 2 2 2 2 2 2 2 2 2 2 2 2 2 2 2 2 2 2 2 2 2 2 2 2 2 2 2 2
left_child=1 4 3 5 -1 11 7 -6 -9 -4 -11 -3 13 15 17 16 -2 -15 19 20 -14 -22 24 -24 -21 26 27 -20 -28 -27
right_child=12 2 9 -5 6 -7 -8 8 -10 10 -12 -13 18 14 -16 -17 -18 -19 25 22 21 -23 23 -25 -26 29 28 -29 -30 -31
leaf_value=0.0052682368339421869 -0.0025167157228936977 0.023531502871214173 -0.042719272631488447 -0.021211400267879703 0 -0.012652620388668514 0.0036816465534366479 -0.0041942241617772451 -0.055661144102141291 0.046993702918173244 -0.0060958890295108497 0.062203821267929664 0.0067007701431948943 -0.011969007739315078 -0.074874481361587059 0.012353251175131233 -0.0768407578463772 0.044825228420402381 0.014287009967758555 0.012810908297381325 0.031866270989410986 -0.058764520833105564 -0.005774500450227895 0.044061492045782434 0.064731815751393501 -0.010436042381927283 0.029547624961373399 -0.086219152248941125 -0.012650433057423485 0.0013843705280801931
leaf_weight=615.61318046226552 29.055078072506149 113.96700553975461 30.176477829085343 20.283695557641295 99.502916737317719 20.022676232190861 163.02139108445226 86.184597881306217 103.52252848074022 30.954874779952661 90.514656012226624 113.58157656504773 364.89668139927835 24.633271210926978 15.842917269155803 26.990223149652593 66.379706895779236 74.787446082053066 118.00836264304053 93.320426429825602 46.781754191555592 91.279289529607013 152.78533889025312 52.947151627164203 74.27849647988478 449.28326313123125 177.95602456705092 113.07800354504616 343.13504182580618 3554.0217544072175
leaf_count=375329 6352 8797 2903 4746 15336 4458 30759 42778 32693 1336 11454 6791 55872 5219 2341 1273 10509 10029 8478 8028 3931 13049 11727 6318 6576 30826 12751 9107 20135 513999
internal_value=0.000287267 0.00415441 0.0202767 0.0335812 -0.00209506 0.0390349 -0.0124165 -0.0219429 -0.0338094 -0.00252357 0.00749118 0.0444453 -0.000668148 -0.0151395 0.0111522 -0.0406152 -0.0570577 0.0293219 -1.61124e-05 0.00774366 -0.00238036 -0.0268956 0.021657 0.00703312 0.0379575 -0.00148624 -0.00958997 -0.0350006 0.00160021 6.50785e-06
internal_weight=7356.81 1487.35 419.501 267.855 1067.84 247.571 452.231 289.21 189.707 151.646 121.47 227.549 5869.46 237.689 115.264 122.425 95.4348 99.4207 5631.77 876.289 502.958 138.061 373.331 205.732 167.599 4755.48 752.177 231.086 521.091 4003.31
internal_count=1273900 537380 40485 24792 496895 20046 121566 90807 75471 15693 12790 15588 736520 35723 17589 18134 16861 15248 700797 105501 72852 16980 32649 18045 14604 595296 50471 17585 32886 544825
is_linear=0
shrinkage=0.08


Tree=222
num_leaves=31
num_cat=0
split_feature=2 0 0 2 6 0 2 0 0 6 2 4 4 0 2 4 4 5 4 0 4 6 9 2 6 6 2 4 5 6
split_gain=4.95737 15.3419 11.715 34.6981 11.5477 11.1239 24.8018 18.3114 18.0217 10.7378 9.48746 8.35111 8.05968 10.7948 9.66952 8.05792 6.45663 13.339 9.5465 9.47006 12.3567 6.98237 6.26514 6.02266 5.81948 5.51832 6.45662 5.11573 4.87608 10.4753
threshold=0.77836257219314586 0.86706829071044933 0.78456193208694469 0.66978195309638988 0.61348485946655285 0.83414238691329967 0.84262126684188854 0.90999102592468273 0.84660634398460399 0.55588430166244518 0.7933771312236787 4.5000000000000009 1.5000000000000002 0.64326766133308422 0.68870675563812267 1.5000000000000002 5.5000000000000009 0.56303486227989208 1.5000000000000002 0.86706829071044933 9.5000000000000018 0.50108224153518688 1.0000000180025095e-35 0.83131474256515514 0.51295477151870739 0.90514093637466442 0.79805827140808117 3.5000000000000004 0.4226078093051911 0.43147574365139013
decision_type=2 2 2 2 2 2 2 2 2 2 2 2 2 2 2 2 2 2 2 2 2 2 2 2 2 2 2 2 2 2
left_child=1 2 12 15 27 9 7 8 -7 28 -10 -5 13 24 -15 -4 17 22 -19 21 -21 -18 -8 25 -1 -11 -27 -3 29 -2
right_child=5 4 3 11 -6 6 16 -9 10 23 -12 -13 -14 14 -16 -17 19 18 -20 20 -22 -23 -24 -25 -26 26 -28 -29 -30 -31
leaf_value=0.0042009161949808707 -0.004236383520037211 -0.01328273795459874 -0.015427815944384251 -0.049926106464686204 0.049637107717441627 -0.018045292570643974 0.0024358173308755542 0.030758350939049734 -0.0089184069262819316 0.015729481004500456 -0.10171782754026841 -0.0069561728079961058 -0.0036061183350865542 -0.015341338127448725 0.0084216773761708625 0.027169733523526262 0.041896295898437248 -0.00069573032959707422 0.021429243231079764 -0.030842347942705812 0.045161636158287645 -0.0023835233838461517 -0.014531898346614405 0.02820542864737368 0.028682305363188356 0.021753753549419913 -0.0094720219776656487 0.039577905661645818 -0.02301374920155563 0.037380344463210737
leaf_weight=138.98281058512111 267.94606351353286 44.128795584743784 32.151534832177276 135.95037828923159 57.215969154135564 103.02658174869794 325.04436563838863 20.554731954069211 14.827891671495307 330.97038261264242 33.462126609465486 50.302028635320312 3647.5525389753511 195.05780345318453 231.29007135998472 86.686836328856771 21.655533693105099 175.94172464623261 332.60520571182496 134.35827692993189 9.1717533601768064 123.20432790297491 222.72194010536259 157.05472716962595 146.2450085954697 52.948884534995159 150.04504761889075 10.368126888686673 57.475826611465891 39.766198148339754
leaf_count=55773 9571 2058 3267 5999 24678 6962 35398 7108 693 17427 1402 2573 690377 13782 11796 11996 1020 151101 93268 8927 321 10398 22743 49616 8864 7728 17699 309 1417 828
internal_value=-0.000888937 -0.00242793 -0.00317219 -0.0182651 0.0260802 0.00190504 -0.00240275 -0.0306012 -0.040677 0.00822342 -0.0797357 -0.0396429 -0.00205948 0.00561521 -0.00213098 0.0141954 0.00118286 0.00418673 0.0135309 -0.00915821 -0.0235516 0.00434533 -0.00424285 0.0140908 0.0175824 0.00941928 -0.000230701 0 -0.0024872 0.00114185
internal_weight=7348.71 4775.93 4664.22 305.091 111.713 2572.78 1516.57 171.871 151.317 1056.21 48.29 186.252 4359.13 711.576 426.348 118.838 1344.7 1056.31 508.547 288.39 143.53 144.86 547.766 691.019 285.228 533.964 202.994 54.4969 365.188 307.712
internal_count=1275099 831472 804427 23835 27045 443627 339341 16165 9057 104286 2095 8572 780592 90215 25578 15263 323176 302510 244369 20666 9248 11418 58141 92470 64637 42854 25427 2367 11816 10399
is_linear=0
shrinkage=0.08


Tree=223
num_leaves=31
num_cat=0
split_feature=9 6 5 3 8 6 6 5 5 5 3 5 5 6 1 3 0 6 6 3 0 0 3 1 0 1 6 5 5 3
split_gain=3.00189 7.44612 4.93384 7.87125 6.59833 5.53807 4.59413 14.3264 18.5511 10.2913 9.15541 22.462 8.47666 9.50082 7.26037 7.56945 7.21096 6.81356 6.28827 11.4903 5.35094 5.01168 7.74928 7.0925 4.78092 3.61866 3.0105 9.34357 6.0174 2.32894
threshold=1.0000000180025095e-35 0.96672815084457409 0.95108005404472362 0.89512962102890026 1.0000000180025095e-35 0.95217302441596996 0.69710868597030651 0.69056183099746715 0.46195203065872198 0.82200187444686901 0.82426470518112194 1.0000000180025095e-35 0.92545253038406383 0.8353039324283601 0.94791102409362804 0.73375529050827037 0.51471862196922313 0.40633355081081396 0.97064974904060375 0.76506900787353527 0.83414238691329967 0.59417229890823375 0.93788579106330883 0.75147059559822094 0.51191151142120372 0.78910306096076976 0.91841113567352306 0.88019138574600231 0.53583100438117992 0.57307061553001415
decision_type=2 2 2 2 2 2 2 2 2 2 2 2 2 2 2 2 2 2 2 2 2 2 2 2 2 2 2 2 2 2
left_child=1 2 5 4 -4 26 7 8 10 16 17 -12 13 -11 15 -10 -8 -2 20 -20 -14 23 -23 -18 -15 -6 27 -1 -28 -9
right_child=6 -3 3 -5 25 -7 9 29 14 12 11 -13 18 24 -16 -17 21 -19 19 -21 -22 22 -24 -25 -26 -27 28 -29 -30 -31
leaf_value=0.0010097954882133553 -3.7640469524424174e-05 0.042484852969395068 0 0.013347013776946389 0 0.030663566943461784 0.034482223049756129 0 -0.012693684988899039 0.028547199960704303 0 -0.040782380910442964 0.019092480100897678 -0.045901159710998202 0.0055375249906975755 -0.037599557208863314 -0.02762037700994598 0.015412602975436496 -0.041083983341966827 0.007231829342691001 -0.0031142984433191897 0.014480030673422184 -0.0038307438339123226 0.023987175197580504 -0.010530409228699741 -0.11207796106139617 0.034729544641097884 0.021535296154277021 -0.012835941976932743 0.055036276245436333
leaf_weight=3400.4361838271516 545.95437729603509 23.845057619058935 5.5326159437536271 8.4932712914996937 3.3316619852448639 37.381936298888832 60.093917894646438 1.6477043742488628 227.93490701572046 31.136505827667861 412.29038197477348 105.91165054223711 191.0832237118484 24.921774834865573 52.392631901599088 153.57574695211042 55.015868375478021 255.09882526457841 42.710405829828233 78.426482233633578 88.295103032352927 420.23310497440616 205.98140302123102 16.380195267480303 524.69299733999287 6.2672400037881744 12.504074619580932 144.73071274835729 179.51761231036653 24.608489157701115
leaf_count=515518 218917 44647 151 4797 1087 22420 3739 25 20128 3094 13171 14916 15789 2136 3265 5236 2582 51622 10896 55928 25351 41657 49475 1316 75668 1325 4161 23346 41241 1170
internal_value=0.000219952 0.00178984 0.00143677 -0.0313717 -0.0615008 0.00172568 -0.00144013 -0.00431498 -0.00533999 0.00141377 -0.000473606 -0.00882114 -0.00387661 -0.0101062 -0.0195974 -0.0234901 0.00845537 0.00474914 0.00477506 -0.00948816 0.0115802 0.00575619 0.00822093 -0.0128909 -0.0128221 -0.0900466 0.00135288 0.00192196 -0.00812372 0.0489126
internal_weight=7340.43 3822.04 3798.2 23.6248 15.1315 3774.57 3518.39 1779.41 1753.16 1738.97 1319.26 518.202 981.266 580.751 433.903 381.511 757.704 801.053 400.515 121.137 279.378 697.611 626.215 71.3961 549.615 9.5989 3737.19 3545.17 192.022 26.2562
internal_count=1274774 658693 614046 7360 2563 606686 616081 328450 327255 287631 298626 28087 188862 80898 28629 25364 98769 270539 107964 66824 41140 95030 91132 3898 77804 2412 584266 538864 45402 1195
is_linear=0
shrinkage=0.08


Tree=224
num_leaves=31
num_cat=0
split_feature=3 0 2 3 4 3 2 3 0 2 4 6 0 2 4 4 3 5 0 2 0 4 4 4 5 0 3 6 3 0
split_gain=4.15723 9.56776 19.0678 13.5695 10.7693 12.4588 11.7461 9.75126 27.2379 16.9538 14.1398 9.48529 8.62723 8.61215 8.24112 7.43257 7.17815 11.6111 6.85547 9.13114 18.1219 9.09769 8.87969 8.79405 7.25065 13.4455 6.14322 6.02927 5.17604 4.83871
threshold=0.87026646733284008 0.71892556548118602 0.73443555831909191 0.86729559302330028 6.5000000000000009 0.7243877947330476 0.72646823525428783 0.79772728681564342 0.74443343281745922 0.63686314225196849 2.5000000000000004 0.91496315598487865 0.7320508360862733 0.628892481327057 5.5000000000000009 2.5000000000000004 0.74322345852851879 0.45843496918678289 0.628892481327057 0.75123763084411632 0.76506900787353527 9.5000000000000018 1.5000000000000002 8.5000000000000018 0.73879611492156994 0.80717849731445324 0.69504830241203319 0.84067201614379894 0.80217391252517711 0.79502627253532421
decision_type=2 2 2 2 2 2 2 2 2 2 2 2 2 2 2 2 2 2 2 2 2 2 2 2 2 2 2 2 2 2
left_child=1 3 7 4 5 6 -1 8 15 -10 29 18 -4 -12 -7 -3 26 -18 23 20 21 -20 -22 -2 27 -26 -14 -21 -6 -9
right_child=11 2 12 -5 28 14 -8 10 9 -11 13 -13 16 -15 -16 -17 17 -19 19 24 22 -23 -24 -25 25 -27 -28 -29 -30 -31
leaf_value=0.0025624088887459952 -0.063435477860018838 -0.02520854811393642 -0.04164403601493908 -0.070352655007978035 -0.0074342325923765773 0.01686271646552135 -0.026008803235100651 0.024115926314306989 -0.012842264107584858 -0.070418707089054872 0.0033287702536075286 0.012046326443579763 -0.012546617482416936 -0.041007203490160057 -0.012376499703885685 0.0099514426915749115 -0.013728116571364159 0.0049312434538820987 -0.012394102259351525 0 0 0.012246055185532524 0.044614311880050564 -0.0071884927927798811 0.014929991466626357 -0.016709564865545989 0.021446951104288146 0.020529292463872275 0.0067526952552488971 -0.0039184506761538269
leaf_weight=1096.7899371973072 16.749562862394669 55.38606584498848 26.703026410434177 11.97459721177256 918.28015758954189 592.3440549837178 95.439718236561021 74.196584054867344 62.422763145405042 100.37376155141101 32.105930424304461 493.31327068784412 33.07536550842633 76.508660641038659 58.752173009157559 96.055738893708622 345.08962128716666 528.15935615812941 174.46875681838719 930.39893937329362 40.87743336742642 199.68468217031477 110.12339888684073 180.31516781962455 100.46701357572965 390.77718476704831 158.20703325030627 95.059944903307041 184.63103418379069 59.868175201241684
leaf_count=271174 1087 3691 3632 704 331497 51102 10196 4136 4373 6552 3004 225721 1509 3361 5174 8262 12784 41407 8553 81719 6064 10881 12591 12186 8179 92633 8558 24541 15592 4462
internal_value=-0.00038163 -0.00186569 -0.00675107 0.000808976 0.00127112 0.00505037 4.25311e-05 -0.0187322 -0.0280754 -0.0503356 -0.00566543 0.00206078 -0.000432935 -0.0269237 0.0139062 -0.00227941 0.000641069 -0.00229654 -9.00213e-05 0.00122619 0.010312 0.000322365 0.0332353 -0.0142124 -0.00183815 -0.00983113 0.014584 0.00186472 -0.00489512 0.0107555
internal_weight=7338.6 4606.36 1648.15 2958.21 2946.24 1843.33 1192.23 556.918 314.238 162.797 242.679 2732.24 1091.23 108.615 651.096 151.442 1064.53 873.249 2238.92 2041.86 525.154 374.153 151.001 197.065 1516.7 491.244 191.282 1025.46 1102.91 134.065
internal_count=1275325 791170 105731 685439 684735 337646 281370 37841 22878 10925 14963 484155 67890 6365 56276 11953 64258 54191 258434 245161 38089 19434 18655 13273 207072 100812 10067 106260 347089 8598
is_linear=0
shrinkage=0.08


Tree=225
num_leaves=31
num_cat=0
split_feature=2 5 6 8 2 6 0 1 1 8 1 1 0 3 3 1 0 3 5 3 5 3 6 3 6 3 6 6 6 6
split_gain=4.29803 3.51315 12.7316 10.0148 3.67552 6.04127 5.57336 12.8001 10.2206 3.63217 5.0549 4.41959 7.14025 6.68175 6.49212 4.70762 13.8945 12.2663 2.74285 2.50044 2.48708 1.83473 1.59107 1.39074 1.305 0.785939 0.847488 0.85691 0.695586 0.737331
threshold=0.19433516263961795 0.28644689917564398 0.35827113687992101 0.75000000000000011 0.95861870050430309 0.66915422677993786 0.81530213356018078 0.85053193569183361 0.86526826024055492 0.75000000000000011 0.99565216898918163 0.74849396944046032 0.44575163722038275 0.53229168057441723 0.77459675073623668 0.88273492455482494 0.71892556548118602 0.86319074034690868 0.45176798105239874 0.76689496636390697 0.44161255657672888 0.59870129823684703 0.27404214441776281 0.26201373338699346 0.25439137220382696 0.88493064045906078 0.55588430166244518 0.63202878832817089 0.46186167001724249 0.2430422902107239
decision_type=2 2 2 2 2 2 2 2 2 2 2 2 2 2 2 2 2 2 2 2 2 2 2 2 2 2 2 2 2 2
left_child=23 9 3 20 6 18 8 -8 -4 11 28 12 13 -2 -14 16 -13 -17 -6 21 24 -5 -12 -1 -3 26 -25 -28 29 -11
right_child=1 2 4 19 5 -7 7 -9 -10 10 22 15 14 -15 -16 17 -18 -19 -20 -21 -22 -23 -24 25 -26 -27 27 -29 -30 -31
leaf_value=0 -0.014653825515924571 0 -0.0016622530465434588 -0.0013737357305100757 0.012036278962804878 0.04288493742779622 0.011538414930206979 -0.008278168144231492 0.008184784586601138 0 0 0.021417661684322159 -0.010722052294757027 0.046251570164652887 0.0062248875510094075 -0.025977648573604628 -0.00046443299799190865 0.005014015471122079 -0.014399861970194938 -0.013165749881407235 0 0.031104065345910353 -0.044631458766843435 0.052624128715747752 -0.048248668488197144 0 -0.013864823566157902 0.020476059386951632 0 0.042906310330422075
leaf_weight=5.8656837568560176 9.4473235316654591 1.222845109238732 2676.2274791738446 5.1333077898598303 61.34281819244643 27.302087115399445 239.02548627429587 1269.8304300768614 891.82791641370204 6.2874256840441367 1.1484072748571623 321.0013333080642 443.42360300262226 29.343410077068256 196.86414901266835 95.455021128072985 399.10067079819419 427.16750048223184 33.632207995247882 30.71518594736699 0.9365658314400197 17.259441613787203 3.0072358141478617 11.882311311608651 70.61976071749632 0.67407979426752618 2.0776858631288624 4.8353463185503642 4.3578789448802118 30.527419173507951
leaf_count=1828 12643 2501 433543 1406 2723 162919 33413 196999 91657 173 22 4195 46079 9330 3708 2070 5311 23291 5130 353 2146 1209 491 2314 224463 331 34 3527 713 601
internal_value=0 -0.000122718 -0.0012109 -0.0258814 -0.000558518 0.012787 -0.000923694 -0.00500549 0.000762223 0.00273748 0.0242718 0.00208486 -0.00294515 0.0277851 -0.0052557 0.00496249 0.00914976 -0.000535782 0.000822427 0 -0.0441732 0.0189261 -0.0250982 0.0300526 -0.046714 0.0385151 0.0416752 0 0.0348984 0.0380958
internal_weight=7317.54 7292.21 5325.08 125.887 5199.19 122.277 5076.91 1508.86 3568.06 1967.13 45.3284 1921.8 679.078 38.7907 640.288 1242.72 720.102 522.623 94.975 53.1079 72.7792 22.3927 4.15564 25.3351 71.8426 19.4694 18.7953 6.91303 41.1727 36.8148
internal_count=1275123 1267089 1158462 232078 926384 170772 755612 230412 525200 108627 2000 106627 71760 21973 49787 34867 9506 25361 7853 2968 229110 2615 513 8034 226964 6206 5875 3561 1487 774
is_linear=0
shrinkage=0.08


Tree=226
num_leaves=31
num_cat=0
split_feature=1 0 3 4 8 1 1 0 3 3 4 1 1 0 3 0 3 3 0 0 3 3 6 6 8 0 1 4 0 4
split_gain=3.79394 12.4975 16.1216 8.26633 7.91964 7.29077 7.80491 6.5853 22.8197 11.1167 10.4319 14.7806 12.4067 12.3841 9.49089 7.69148 6.53203 12.8789 14.3403 6.99908 6.64059 5.95751 5.70925 5.32741 5.30016 6.47939 6.02832 3.68966 2.7639 2.55201
threshold=0.57735043764114391 0.53144779801368724 0.84660634398460399 11.500000000000002 0.75000000000000011 0.53694942593574535 0.5673658847808839 0.4901809841394425 0.72255688905715953 0.64346247911453258 2.5000000000000004 0.69416099786758434 0.62258651852607738 0.57919329404830944 0.60922586917877208 0.61620295047760021 0.61451050639152538 0.53907206654548656 0.48528139293193823 0.51649147272109996 0.61633428931236278 0.64565756916999828 0.75309395790100109 1.0000000180025095e-35 1.0000000180025095e-35 0.64326766133308422 0.47673159837722784 7.5000000000000009 0.50263157486915599 5.5000000000000009
decision_type=2 2 2 2 2 2 2 2 2 2 2 2 2 2 2 2 2 2 2 2 2 2 2 2 2 2 2 2 2 2
left_child=1 5 23 4 -4 16 -7 8 -2 10 11 15 13 -12 -13 -9 17 18 -1 -19 27 -22 -14 29 25 -25 -26 -18 -8 -3
right_child=7 2 3 -5 -6 6 28 9 -10 -11 12 14 22 -15 -16 -17 20 19 -20 -21 21 -23 -24 24 26 -27 -28 -29 -30 -31
leaf_value=-0.0047402876647534885 0.050052885917985838 0.0080424151750589437 -0.076015106360879464 0.0082736267207451121 0.010330626023455919 -0.051356873711920999 0.036881114319010685 0 -0.010275624623900987 -0.00092264947495988457 -0.056339395317402063 0.06348826676845945 -0.024131960420757756 0.023118281747536634 0 -0.058270699721786341 0 -0.037310818631871939 0.048862129861488794 0.0090999228744434949 -0.019748209105099383 0.016252448943170867 -0.064640071849608988 -0.00053343985551824915 0.055838867183513941 0.033463089424896043 0.020146325051922345 0.084974473891734126 -0.015281237324652773 -0.022708464068752956
leaf_weight=183.39588016721973 63.071934878695174 41.135368447285146 20.353112760955813 12.655047162039407 3.7212955856539329 34.472310751772511 7.7783039051378164 39.102657817418731 86.936484431246754 5857.3488014030181 11.237674480891654 24.891222023476075 108.11231360075635 47.412687020228987 31.035584171619121 19.907733697556978 4.8351153349667566 95.704828821401861 32.871615936106537 17.579069893374253 34.139538161531163 95.185794987736699 43.178656447998947 109.41768728298848 50.311651439742491 42.795059243919241 158.08262979244682 7.0372174355870811 4.008007830085262 20.986965041840449
leaf_count=156827 11434 1787 2649 2797 7712 18109 3573 7461 16563 727173 5851 1673 18293 9546 2086 3096 1842 88380 19869 9589 21981 31632 3013 61419 8285 4238 21077 3795 1787 1484
internal_value=-0.000591594 0.00399711 0.0136121 -0.0328557 -0.0576838 -0.00428964 -0.0330393 -0.00132704 0.014854 -0.00175721 -0.0160767 0.00203149 -0.0265515 0.00215035 0.031314 -0.0234994 -0.000810664 -0.00727683 0.00360395 -0.028676 0.0129195 0.00517645 -0.0384148 0.0183605 0.0220794 0.00876733 0.0306196 0.0612525 0.0103432 -0.000880248
internal_weight=7308.7 976.466 459.459 36.7295 24.0744 517.008 46.2586 6332.24 150.008 6182.23 324.879 114.937 209.941 58.6504 55.9268 59.0104 470.749 329.551 216.267 113.284 141.198 129.325 151.291 422.729 360.607 152.213 208.394 11.8723 11.7863 62.1223
internal_count=1275021 468832 111448 13158 10361 357384 23469 806189 27997 778192 51019 14316 36703 15397 3759 10557 333915 274665 176696 97969 59250 53613 21306 98290 95019 65657 29362 5637 5360 3271
is_linear=0
shrinkage=0.08


Tree=227
num_leaves=31
num_cat=0
split_feature=0 1 1 0 2 0 3 4 2 3 3 4 3 3 3 3 1 3 2 0 2 1 2 4 1 1 1 3 4 0
split_gain=4.58035 17.4077 12.7496 14.2233 12.2003 18.783 13.3927 10.8148 26.0364 12.9388 10.4024 10.292 9.8162 9.26387 8.70965 8.68236 7.89782 13.6542 14.4552 32.9007 13.6216 16.3356 33.7303 13.6784 13.4272 10.9333 8.35693 7.81456 7.73287 7.61098
threshold=0.58643677830696117 0.66300368309021007 0.58898946642875682 0.48313754796981817 0.55898165702819835 0.55848154425621044 0.63702240586280834 5.5000000000000009 0.59611794352531444 0.63224515318870556 0.57804551720619213 2.5000000000000004 0.71834936738014232 0.77459675073623668 0.68614074587821972 0.94665718078613292 0.64899963140487682 0.86319074034690868 0.64899963140487682 0.64899963140487682 0.59390470385551464 0.59299960732460033 0.50878274440765392 2.5000000000000004 0.70438539981842052 0.75147059559822094 0.86706829071044933 0.65648320317268383 7.5000000000000009 0.53410854935646068
decision_type=2 2 2 2 2 2 2 2 2 2 2 2 2 2 2 2 2 2 2 2 2 2 2 2 2 2 2 2 2 2
left_child=1 2 4 14 12 -6 -7 8 -3 28 -2 -5 -1 29 -4 -14 20 18 19 -18 21 23 -23 -12 -20 -19 -27 -10 -9 -11
right_child=10 7 3 11 5 6 -8 9 27 13 16 -13 15 -15 -16 -17 17 25 24 -21 -22 22 -24 -25 -26 26 -28 -29 -30 -31
leaf_value=-0.004784038816528639 -0.043450084713778356 0.061263215212284713 0.051837960098350538 0 -0.031665970524515766 0.091091975749570606 0.0083998571356118414 0.00070536286483468267 -0.019349551898138882 0.057477337938904985 -0.02111413577904309 -0.055671141616525061 0.031612041179664194 0.0017710592697744389 -0.024714903128160617 -0.043070952584701908 0.0050370898047802735 0.027658200021119465 0.014245383657006557 -0.035158226904474635 0.022308865881811087 0.013541344718760622 -0.088651720553197699 0.01715072798230027 -0.0045026414964560923 -0.0086186452188737848 0.0039807428449307259 0.026144720764729002 -0.078738265343246308 0.0014840836366303816
leaf_weight=613.89462891131825 30.381805073579017 92.277427595294284 17.05568656965443 25.291576328139854 16.109099040782894 26.732196870074404 30.548508546082303 7.470216575913585 48.928488134830332 39.626977789007469 73.668973100347102 67.402206664625737 81.039133534334724 191.39839048612794 9.4972045024542222 5.1884916904527918 225.49063261504307 107.24512597719149 273.17571952014623 282.03644704900216 261.35626631640662 38.037909717315415 33.008014116706363 221.81231391530127 1895.5445871051761 389.71493700749852 2126.755979629299 38.628460825733782 12.007322893790841 33.732382641109325
leaf_count=402464 8014 5278 2479 4633 5691 5443 5032 663 4862 6359 15891 21224 15743 23190 4379 895 21711 11785 21732 23675 30826 5478 7816 36091 121727 28363 421195 3804 2746 4747
internal_value=0.000734625 0.00492524 -0.00145851 -0.0253554 0.00215917 0.0321561 0.0537751 0.0174318 0.0327682 0.00677657 -0.000196174 -0.0402825 -0.000964047 0.0121974 0.0198088 0.02325 3.49767e-05 -0.000945695 -0.00498478 -0.0171126 0.00850771 -0.00107049 -0.0345408 0.00688552 -0.00204017 0.00311504 0.00195285 0 -0.0478124 0.0355098
internal_weight=7315.06 1356.83 892.759 119.247 773.512 73.3898 57.2807 464.07 179.834 284.235 5958.23 92.6938 700.122 264.758 26.5529 86.2276 5927.85 5299.96 2676.25 507.527 627.883 366.527 71.0459 295.481 2168.72 2623.72 2516.47 87.5569 19.4775 73.3594
internal_count=1273936 519632 467983 32715 435268 16166 10475 51649 13944 37705 754304 25857 419102 34296 6858 16638 746290 650188 188845 45386 96102 65276 13294 51982 143459 461343 449558 8666 3409 11106
is_linear=0
shrinkage=0.08


Tree=228
num_leaves=31
num_cat=0
split_feature=6 6 5 1 1 2 2 1 2 1 1 0 4 4 4 4 0 2 2 4 1 8 0 0 1 1 2 0 1 2
split_gain=3.65439 4.85327 9.53671 8.56197 8.4728 9.58227 4.47951 6.01514 4.29946 3.26527 25.5826 14.953 8.88341 14.0044 9.10874 5.73724 4.63965 3.58035 3.22519 11.4614 6.54921 2.79442 2.12983 1.89105 2.34771 2.1002 1.81805 1.29473 1.13981 0.954641
threshold=0.99086740612983715 0.9656645953655244 0.81192350387573253 0.80217391252517711 0.87570226192474376 0.84877073764801036 0.68020617961883556 0.67017546296119701 0.74115687608718883 0.98213717341423046 0.95275297760963451 0.94791102409362804 11.500000000000002 8.5000000000000018 9.5000000000000018 12.500000000000002 0.72148045897483837 0.51899951696395885 0.91331186890602123 1.5000000000000002 0.90353596210479747 0.75000000000000011 0.75123763084411632 0.56562754511833202 0.99565216898918163 0.51899951696395885 0.45512083172798162 0.54641148447990429 0.73375529050827037 0.86295148730278026
decision_type=2 2 2 2 2 2 2 2 2 2 2 2 2 2 2 2 2 2 2 2 2 2 2 2 2 2 2 2 2 2
left_child=1 9 -3 6 5 -5 7 -4 -6 10 18 15 13 16 -15 -12 -11 26 20 -20 -1 23 -19 25 -25 -2 -14 -8 -27 -26
right_child=21 2 3 4 8 -7 27 -9 -10 12 11 -13 17 14 -16 -17 -18 22 19 -21 -22 -23 -24 24 29 28 -28 -29 -30 -31
leaf_value=0.00057213064665553686 0 0.031870095653075692 0.012694971375698014 -0.070553941262554973 0.018826765588566784 0.012368105522827457 0 -0.041173892784809242 -0.020716893485656526 -0.019901264990954851 0.077621922955901188 0.0013676005685923139 0.0014207974602452255 -0.033831244596351701 -0.0054348196127871539 0 0.00045465018715853234 0.018785889252180867 -0.0076625566607012039 0.033570195283533957 -0.01097027637882499 0.034401311935418691 0 0.028813310651263257 -0.032458913067187685 -0.069118637115476431 -0.023740283802773453 0.038520371865320285 0 0
leaf_weight=4950.2053012808974 1.4183042837103159 20.672103140857871 23.388626268289045 40.01253994601575 14.999607982369524 5.6116073372759265 0.65705491407425398 16.905082975612459 67.117214516924832 72.027720819372917 44.886469301833131 40.101797640305449 29.596983848699892 160.9369092851739 160.08228475595388 2.8624348451849064 874.25238299799094 161.73202082352509 81.809869355864066 73.960103673161939 330.54612178613752 29.315372488886169 59.938703963533044 13.238775268584506 2.8287510142690726 1.4017709057952741 20.658336008047627 18.431919036471299 0.51154179707918945 1.3954058581712159
leaf_count=773520 676 14658 6983 3382 3659 1003 131 1221 32922 12690 8239 23799 3321 4849 6509 123 206425 12544 16751 17925 24308 77235 4492 6483 1659 155 1066 4146 310 3865
internal_value=-0.000169071 -0.000346027 -0.0122499 -0.0186593 -0.0301496 -0.0569801 0.00399462 -0.00842335 -0.0109912 0 0.00092088 0.042567 -0.00323981 -0.00613397 -0.0204621 0.0707256 -0.00102304 0.00953775 0.000180007 0.0113549 -0.000129785 0.0203072 0.0141228 0 0.0100196 -0.0343796 -0.00723878 0.0331566 -0.0580406 -0.0152263
internal_weight=7321.5 7271.39 207.796 187.124 127.741 45.6241 59.3827 40.2937 82.1168 7063.6 5524.37 87.8507 1539.23 1267.3 321.019 47.7489 946.28 271.926 5436.52 155.77 5280.75 50.1099 221.671 20.7945 17.4629 3.33162 50.2553 19.089 1.91331 4.22416
internal_count=1275049 1184666 68105 53447 40966 4385 12481 8204 36581 1116561 864665 32161 251896 230473 11358 8362 219115 21423 832504 34676 797828 90383 17036 13148 12007 1141 4387 4277 465 5524
is_linear=0
shrinkage=0.08


Tree=229
num_leaves=31
num_cat=0
split_feature=1 2 1 5 2 0 1 0 3 5 3 3 3 3 0 0 1 8 2 1 3 1 0 0 1 5 3 5 3 3
split_gain=3.63079 16.8256 15.601 21.2076 13.8232 9.6632 6.58296 5.76216 8.74171 7.36462 4.75039 6.26772 6.75057 4.52705 4.46693 4.38222 4.37859 4.10315 12.6295 10.5018 10.1533 16.1581 9.20898 24.129 15.5915 8.71902 7.07769 5.37787 4.53761 5.20814
threshold=0.59611794352531444 0.53410854935646068 0.53410854935646068 1.0000000180025095e-35 0.41897973418235784 0.53144779801368724 0.54641148447990429 0.66978195309638988 0.75147059559822094 0.39541453123092657 0.92031747102737438 0.61451050639152538 0.45222154259681707 0.61633428931236278 0.49151568114757543 0.46234817802906042 0.56562754511833202 0.75000000000000011 0.72255688905715953 0.81530213356018078 0.75931033492088329 0.84273937344551098 0.8216732144355775 0.72148045897483837 0.70659971237182628 0.48110784590244299 0.64565756916999828 0.97242638468742382 0.67028987407684337 0.79772728681564342
decision_type=2 2 2 2 2 2 2 2 2 2 2 2 2 2 2 2 2 2 2 2 2 2 2 2 2 2 2 2 2 2
left_child=1 2 10 -4 6 15 -5 9 -9 -7 11 12 -1 -13 -6 -3 -11 27 22 28 21 -21 23 26 -25 -22 -19 -2 -20 -30
right_child=17 5 3 4 14 7 -8 8 -10 16 -12 13 -14 -15 -16 -17 -18 18 19 20 25 -23 -24 24 -26 -27 -28 -29 29 -31
leaf_value=0.015715786034594517 0.0012799095525152743 0.016615971545765374 0.015235086642044414 -0.054107363072671277 0 0 0.024626542488456572 0.069526424236539888 0.00062261719989986728 0.044032403385972821 -0.034882378606245532 0.04992774198871909 -0.0078816232331286248 0.0096560466025510643 -0.09859510365903125 -0.039414966594728242 0.010951881767828717 -0.026790213831433776 -0.015448592656902536 -0.086842394390971536 -0.017457586287973777 -0.0023182607354315403 0.028186459307908543 0 -0.072475376114263898 0.0082129998219104081 -0.0011119785672566395 0.028434354147800454 0.037072079512760897 0.00088358534167621184
leaf_weight=97.099103068363092 4865.3658831685007 5.9174307857356352 31.260682824533433 5.4930510700219228 4.9217903731992001 78.25896977872253 13.816206910347317 39.081706985212804 22.806483264542749 65.389351307028846 14.367936305800866 17.632207366590592 301.43300163817457 277.60962227608707 29.613095293827428 18.901572203440082 73.665833808248863 85.12649468397467 10.53599995479817 17.017868712806376 100.68651732126818 55.756998082299106 26.513901067992265 28.271530876143515 62.872059387105764 391.39163286401072 356.54795677386392 42.836854037628655 91.703894065201894 47.609394837879336
leaf_count=54372 325433 1439 1720 3030 6058 27977 7764 3595 5491 7456 5126 6849 244445 83955 21867 8586 7852 6496 1282 1096 19547 10451 14978 3570 4967 305487 51082 8345 12047 12255
internal_value=0.00128847 0.00553346 -0.00043616 -0.0319717 -0.0610637 0.0213821 0 0.0259259 0.0484713 0.0178398 0.00332703 0.00459125 -0.00161232 0.0133854 -0.0882479 -0.0201441 0.0286068 0.000505316 -0.00349273 0.00337513 -0.00140809 -0.0284531 -0.012504 -0.0150696 -0.0516742 0.00251577 -0.00666378 0.00157816 0.0219019 0.0262727
internal_weight=7279.51 1097.27 793.247 85.1048 53.8441 304.021 19.3093 279.202 61.8882 217.314 708.142 693.774 398.532 295.242 34.5349 24.819 139.055 6182.24 1274.03 714.702 564.853 72.7749 559.332 532.818 91.1436 492.078 441.674 4908.2 149.849 139.313
internal_count=1274618 497582 435186 40439 38719 62396 10794 52371 9086 43285 394747 389621 298817 90804 27925 10025 15308 777036 443258 362165 336581 11547 81093 66115 8537 325034 57578 333778 25584 24302
is_linear=0
shrinkage=0.08


Tree=230
num_leaves=31
num_cat=0
split_feature=2 6 1 2 6 1 4 4 1 3 4 1 6 3 2 2 2 3 1 6 3 1 6 8 6 3 6 6 8 4
split_gain=3.50701 5.4015 3.05367 4.92958 11.03 8.99433 6.25752 6.00715 6.77774 4.06169 3.62063 3.15006 6.11771 4.64766 6.80026 4.58671 4.06068 3.49421 2.64336 2.14602 1.82395 1.41412 1.34908 5.30618 2.26006 0.853889 0.823471 1.14454 0.815324 0.791806
threshold=0.95861870050430309 0.66915422677993786 0.32466214895248419 0.34330357611179357 0.91684862971305858 0.62575301527977001 2.5000000000000004 17.500000000000004 0.46841755509376531 0.35805861651897436 13.500000000000002 0.49731183052062994 0.40633355081081396 0.69504830241203319 0.51191151142120372 0.39077411592006689 0.56635218858718883 0.62397539615631115 0.34525330364704138 0.71711125969886791 0.79772728681564342 0.28035087883472448 0.45729483664035803 1.0000000180025095e-35 0.49280537664890295 0.6900656819343568 0.36745725572109228 0.29860436916351324 1.0000000180025095e-35 31.500000000000004
decision_type=2 2 2 2 2 2 2 2 2 2 2 2 2 2 2 2 2 2 2 2 2 2 2 2 2 2 2 2 2 2
left_child=2 22 9 4 7 6 -6 8 -4 10 19 12 17 14 -13 -14 -15 -5 -9 21 29 -1 23 26 -24 -3 27 -2 -26 -11
right_child=1 25 3 11 5 -7 -8 18 -10 20 -12 13 15 16 -16 -17 -18 -19 -20 -21 -22 -23 24 -25 28 -27 -28 -29 -30 -31
leaf_value=-0.045182503713563672 0.028106805817606984 0 -0.02014086405984657 -0.02946937740835889 0 0.0039528208899787419 -0.13845172772974182 0 0.031029494814128623 0.028224247828333795 0.016741484401607429 -0.019013988032036314 -0.004712482038718593 0.0065474701066339522 -0.0024810228891215869 0.017683691203463671 -0.00061458009848040882 0.00088505599548440545 -0.056214110135754905 0 -0.00075580979012556911 0 -0.026137308415081457 0 0 0.043540812550203971 0.045281344736712102 -0.0094133139939124207 0.021594024519034333 0
leaf_weight=15.596444025035458 3.0216125891311112 0.26448032201733696 22.841684164356138 34.324755167423973 1.5806792902403666 1.9958652421264558 5.4527064127523772 3.7629602556226009 31.154150180957913 68.920029888260615 14.241717481469093 194.0908540871942 62.452081155299311 560.28617336364914 992.1321789569065 224.55557348563434 4808.4983236403714 38.664810022573874 12.08458008815114 3.8701721901306874 5.6330044951719165 3.3387869980469977 17.853230786393397 120.53679129545344 27.259051214496139 25.691942094635124 18.970676265773363 6.1500418457435444 7.169291396636253 2.3808835978325069
leaf_count=5373 143 1719 20928 143329 112 939 650 3212 8707 43183 4144 83458 16260 79101 148013 45210 454769 23847 6526 2311 1756 1779 332 9496 952 161169 626 630 5656 1451
internal_value=-0.000124909 0.00952515 -0.000461959 -0.000699329 -0.0200221 -0.0856278 -0.115424 -0.00424906 0.00679861 0.0121757 -0.00593862 -0.000441504 0.00674332 -0.00086532 -0.00538893 0.0122652 0.000108474 -0.0123123 -0.0421682 -0.0263199 0.0226814 -0.0371291 0.00374599 0.0080342 -0.0052925 0.0412683 0.0363863 0 0.0034026 0.0265582
internal_weight=7334.78 226.917 7107.86 6993.88 78.8726 9.02925 7.03339 69.8434 53.9958 113.981 37.0471 6915 359.997 6555.01 1186.22 287.008 5368.78 72.9896 15.8475 22.8054 76.9339 18.9352 200.961 148.679 52.2816 25.9564 28.1423 9.17165 34.4283 71.3009
internal_count=1275781 180723 1095058 1035061 41074 1701 762 39373 29635 59997 13607 993987 228646 765341 231471 61470 533870 167176 9738 9463 46390 7152 17835 10895 6940 162888 1399 773 6608 44634
is_linear=0
shrinkage=0.08


Tree=231
num_leaves=31
num_cat=0
split_feature=0 4 3 3 5 6 3 6 0 4 4 3 0 6 3 3 4 3 5 4 4 6 5 4 6 0 0 0 6 4
split_gain=3.30133 8.48726 7.72768 6.3281 5.10292 3.64282 3.47961 9.84858 9.94445 8.201 3.4368 6.71718 4.7439 3.40194 3.31498 6.9538 7.91785 6.96693 6.27362 6.01817 5.84307 3.07009 2.37266 2.17775 1.81947 1.65427 2.99097 2.85582 2.80397 2.31109
threshold=0.54085850715637218 1.5000000000000002 0.55036231875419628 0.55470088124275219 0.37525510787963873 0.99086740612983715 0.79772728681564342 0.93887132406234752 0.6776927411556245 10.500000000000002 12.500000000000002 0.94360822439193737 0.74443343281745922 0.89672946929931652 0.81016731262207042 0.6832355558872224 14.500000000000002 0.55036231875419628 1.0000000180025095e-35 6.5000000000000009 13.500000000000002 0.75887238979339611 0.35140788555145269 8.5000000000000018 0.48563170433044439 0.52223318815231334 0.45748709142208105 0.48528139293193823 0.66915422677993786 10.500000000000002
decision_type=2 2 2 2 2 2 2 2 2 2 2 2 2 2 2 2 2 2 2 2 2 2 2 2 2 2 2 2 2 2
left_child=1 3 22 4 -1 6 7 9 -9 -4 12 -12 -8 -5 15 17 19 20 -19 -17 -3 -18 -2 -7 -6 26 28 -28 -16 -27
right_child=2 14 5 13 24 23 10 8 -10 -11 11 -13 -14 -15 25 16 21 18 -20 -21 -22 -23 -24 -25 -26 29 27 -29 -30 -31
leaf_value=-0.034534869567009741 0 0.00024744104928951528 0 0.050188817843447198 -0.0035273129377806885 0.031702718429521 -0.0050022634876293369 0.0014366298380592867 -0.03350767849426535 -0.01721809489569729 0.020557038991567762 -0.0027725010664524695 0.0018393831211172067 0 -0.0097164527788264673 0 -0.021961560894780661 0.011566125205405628 -0.015777430181962399 0.040592973718284173 0.028167496831138984 0.018347574664719403 -0.05133744027982029 0 0.031626881709089817 -0.016807246701691227 -0.048507222552231458 -0.0053085997747506931 0.028643401581476945 0.024076008357552792
leaf_weight=11.927223207008408 6.644537437178772 168.42412117664753 2138.1920890762012 47.771818187414283 2.3668934552424643 30.873028543866894 845.91869967220191 73.141558977384193 122.90091416538417 186.74804183686956 153.261052903983 134.92192624410745 2701.7165214555125 6.7340553959302261 44.197795376610884 32.778307104978012 31.184221881592748 60.483847741154023 212.25175488742434 81.501549019747472 69.725779400883766 9.9190296049382578 20.082254383958571 12.215397524467333 19.017038851880898 6.9629784949065678 19.62843727609652 35.877640132743181 11.2115410890201 15.960613332723367
leaf_count=15823 5298 136088 204940 13130 7908 65014 57129 11134 12583 32275 10253 15055 411176 1532 6389 4420 18624 5863 145008 18079 41405 650 6427 17011 1893 441 1988 3339 2867 1704
internal_value=0 0.0045671 -0.0006239 0.0275905 0 -0.000403075 -0.000593063 -0.00291394 -0.019963 -0.00136792 0.000892418 0.00922784 0.00015824 0.0432201 0.00168575 0.00416966 0.0187145 -8.244e-05 -0.00903838 0.0295308 0.00949106 -0.00782882 -0.0400619 0.0214458 0.0217405 -0.00923193 -0.0136766 -0.0259752 0 0.005142
internal_weight=7314.54 887.925 6426.62 87.817 33.3112 6399.89 6356.8 2520.98 196.042 2324.94 3835.82 288.183 3547.64 54.5059 800.108 666.269 155.383 510.886 272.736 114.28 238.15 41.1033 26.7268 43.0884 21.3839 133.839 110.915 55.5061 55.4093 22.9236
internal_count=1275446 427151 848295 40286 25624 836570 754545 260932 23717 237215 493613 25308 468305 14662 386865 370137 41773 328364 150871 22499 177493 19274 11725 82025 9801 16728 14583 5327 9256 2145
is_linear=0
shrinkage=0.08


Tree=232
num_leaves=31
num_cat=0
split_feature=4 5 5 6 6 3 0 3 4 4 4 2 3 5 6 2 6 5 6 4 1 2 2 1 3 0 1 3 0 4
split_gain=3.08788 2.70597 4.32548 7.94684 6.28761 9.42243 4.05461 6.93181 9.82478 6.52702 8.96513 5.23429 3.4837 3.45182 4.96754 6.65781 4.14208 7.01122 3.48961 8.37262 3.24783 3.04976 2.70704 2.6574 5.54499 2.97327 2.50314 6.5165 2.62389 2.26864
threshold=21.500000000000004 0.85770529508590709 0.86372479796409618 0.86162030696868908 0.90204423666000377 0.74322345852851879 0.6569296419620515 0.68457102775573742 4.5000000000000009 2.5000000000000004 10.500000000000002 0.50878274440765392 0.8263767957687379 0.8286503553390504 0.84067201614379894 0.78456193208694469 0.93359273672103893 0.60156488418579113 0.92872086167335521 4.5000000000000009 0.77459675073623668 0.8019607961177827 0.83910790085792553 0.86706829071044933 0.93957647681236278 0.6569296419620515 0.35767590999603277 0.80217391252517711 0.55488622188568126 23.500000000000004
decision_type=2 2 2 2 2 2 2 2 2 2 2 2 2 2 2 2 2 2 2 2 2 2 2 2 2 2 2 2 2 2
left_child=1 13 3 -3 5 -5 9 8 -8 -4 -11 -9 -6 16 15 -15 18 -18 22 -20 -19 -17 -1 25 -25 -16 -2 -28 -29 -30
right_child=26 2 6 4 12 -7 7 11 -10 10 -12 -13 -14 14 23 21 17 20 19 -21 -22 -23 -24 24 -26 -27 27 28 29 -31
leaf_value=-0.00072519294069142302 0 0.011989704571584339 0.030889276063531465 0.011405349111886381 -0.034169756956007172 -0.093426901990136979 -0.077678458690038157 0.039274979248925847 0 -0.013355576865329706 0.023095006125885012 -0.003949378922261034 0.022658500177686784 0.049880504965655048 0.0090550980060959806 -0.038409810844877872 0.038650427799470699 0.02146753384675041 -0.064810064260180905 0.008285054720773035 -0.0098117306973260106 0.012593361149592981 0.0037352987358339786 0.028519473946569486 -0.0037043493402552801 -0.018083989845759325 -0.057984908097634569 -0.019931390957553904 -0.0004200586748995952 0.0392497745006384
leaf_weight=4477.8725499592538 25.513760294457825 16.199159247000807 50.979508595809421 2.6964837105533688 7.9923132030035076 16.010597798132949 14.666823317595119 12.759430176551176 16.424736165325157 116.52600629479457 61.931810536949342 932.86473769017857 8.880272468659312 34.47428287513867 31.245725374725225 4.9258723390594268 43.114538745695427 26.610632968783648 12.753603790024501 13.644878774182869 59.590997595933004 25.737073509313632 1072.6178579032521 54.34812406826677 61.470844987306009 57.616764990779302 18.090241298143155 19.970093661321698 7.1122990945914344 8.8849848940153588
leaf_count=698397 13513 2465 9592 227 883 1894 1161 5274 2181 11746 13002 227904 3060 2421 3200 274 17524 9224 3674 1476 27845 6077 155179 7654 19941 6670 15490 4579 1071 1980
internal_value=-0.000142372 1.32136e-05 -0.00332877 -0.0251932 -0.0454566 -0.0723486 -0.00215792 -0.0045079 -0.0393165 0.00704626 0 -0.00299433 0 0.000745635 0.00952273 0.0281566 0.000294621 0.0141792 -1.10825e-05 -0.0266299 0 0 0.000110571 0.00229965 0.0106469 -0.00686272 -0.0153433 -0.0246654 0 0.0180926
internal_weight=7313.53 7233.96 1257.93 51.7788 35.5797 18.7071 1206.15 976.716 31.0916 229.437 178.458 945.624 16.8726 5976.02 269.819 65.1372 5706.21 129.316 5576.89 26.3985 86.2016 30.6629 5550.49 204.681 115.819 88.8625 79.5714 54.0576 35.9674 15.9973
internal_count=1275578 1238945 279389 8529 6064 2121 270860 236520 3342 34340 24748 233178 3943 959556 46237 8772 913319 54593 858726 5150 37069 6351 853576 37465 27595 9870 36633 23120 7630 3051
is_linear=0
shrinkage=0.08


Tree=233
num_leaves=31
num_cat=0
split_feature=0 4 5 3 3 5 6 3 4 3 0 3 3 3 3 3 0 3 5 6 0 5 3 3 5 0 4 3 9 6
split_gain=4.10683 12.8354 12.6705 10.014 8.7639 5.96074 8.22665 9.31805 7.33043 19.5303 57.6789 12.9233 8.10406 10.4183 5.86137 4.68116 8.9588 3.93277 7.02103 9.66825 5.90081 5.3484 6.87711 4.95283 4.75354 3.61165 3.5884 6.10728 4.62209 3.47599
threshold=0.6569296419620515 2.5000000000000004 0.39762559533119207 0.55848154425621044 0.59491634368896495 0.35448791086673742 0.35266107320785528 0.7320508360862733 1.5000000000000002 0.94185259938240062 0.95861870050430309 0.71535181999206554 0.93710443377494823 0.74133810400962841 0.93788579106330883 0.7454303801059724 0.58370205760002147 0.72850123047828685 0.65636926889419567 0.86162030696868908 0.36700680851936346 0.53017652034759533 0.64899963140487682 0.99462366104125988 0.54244148731231701 0.54641148447990429 16.500000000000004 0.92820322513580333 1.0000000180025095e-35 0.81844761967659008
decision_type=2 2 2 2 2 2 2 2 2 2 2 2 2 2 2 2 2 2 2 2 2 2 2 2 2 2 2 2 2 2
left_child=1 2 -1 25 -2 6 -6 -8 9 11 -11 -7 13 -10 -14 16 -5 20 26 -20 24 22 -22 -21 -3 -4 28 -28 -19 -23
right_child=4 17 3 15 5 8 7 -9 12 10 -12 -13 14 -15 -16 -17 -18 18 19 23 21 29 -24 -25 -26 -27 27 -29 -30 -31
leaf_value=0 -0.068648992848693274 0 0 0.040743166032541141 2.3481553059889536e-05 -0.039408887815964772 0.045842253437743175 0.0059965416157471427 0.0053977935108372862 -0.096666526706915695 0.0035094584265905142 0 0.04397503489963115 -0.0085116154299098787 0.003099313815995246 0.058788002235562971 0.005901938085685854 0.0085135684349220506 0.03794674167435387 0.0099990829518926856 0.0051750023841136503 -0.022055206509593347 -0.011929487467133047 -0.027219991745486057 0.033818256552713234 -0.055648778670622595 -0.032713444833332488 0.004158846183007988 -0.0074713614715534449 -0.0045345010138513019
leaf_weight=252.29766735648673 7.6241455194758592 66.465216900379801 39.82579710398204 99.241187188595177 1227.4861170500749 54.318575860672354 50.573617396665213 162.58287332671534 454.60842741349734 55.501545501007968 85.656355192986666 578.87131356787813 18.849992956282222 1262.9355608064898 996.83835031056105 37.025384359423697 113.25964815988846 274.25474214483802 74.907863065302081 98.802152503569232 371.96288282175146 176.81468770792344 241.06807057972901 23.864397303999795 38.054475968112456 3.4205430122819953 51.437492988108716 43.232456523430301 186.25869068304382 172.57062776775456
leaf_count=75469 983 46701 11935 15318 51942 4467 4900 12075 36801 12375 128578 100025 2893 97223 183005 5844 11498 24219 3689 10569 279512 6610 75331 9227 10005 598 13155 4367 20610 15349
internal_value=-0.0004441 0.00226651 0.0129948 0.0241716 -0.00177074 -0.0015662 0.00269878 0.0170178 -0.00336483 -0.0102416 -0.0367433 -0.00384121 -0.00134302 -0.00473213 0.00422638 0.0303924 0.0234715 -0.00088615 0.00341441 0.0162137 -0.00407137 -0.00616057 -0.00133437 0.000722489 0.013108 -0.00783549 -0.000958939 -0.0149059 0.00169381 -0.0140388
internal_weight=7320.61 2364.76 545.07 292.773 4955.85 4948.22 1440.64 213.156 3507.58 774.348 141.158 633.19 2733.23 1717.54 1015.69 249.526 212.501 1819.69 752.758 197.574 1066.94 962.416 613.031 122.667 104.52 43.2463 555.183 94.6699 460.513 349.385
internal_count=1275273 640006 120662 45193 635267 634284 68917 16975 565367 245445 140953 104492 319922 134024 185898 32660 26816 519344 85836 23485 433508 376802 354843 19796 56706 12533 62351 17522 44829 21959
is_linear=0
shrinkage=0.08


Tree=234
num_leaves=26
num_cat=0
split_feature=7 1 2 6 1 1 6 1 2 6 2 6 4 3 1 2 3 4 5 5 6 6 5 4 5
split_gain=2.37714 1.93218 2.54463 6.34157 14.8975 9.23777 6.27936 4.38588 3.83332 1.73199 1.30277 5.65695 2.40095 8.5198 2.24462 2.02908 1.98752 0.839737 0.791049 0.57193 0.577245 0.314561 0.145111 0.0727835 0.0095196
threshold=1.0000000180025095e-35 0.18808962404727939 0.36882591247558599 0.2430422902107239 0.36451049149036413 0.48050633072853094 0.73721536993980419 0.66300368309021007 0.35767590999603277 0.55588430166244518 0.95861870050430309 0.66915422677993786 1.0000000180025095e-35 0.93788579106330883 0.98484501242637645 0.94474968314170849 0.97530490159988414 39.500000000000007 0.94553062319755565 0.5867464840412141 0.22287581861019137 0.69710868597030651 0.39066134393215185 13.500000000000002 0.54847925901412975
decision_type=2 2 2 2 2 2 2 2 2 2 2 2 2 2 2 2 2 2 2 2 2 2 2 2 2
left_child=1 9 3 7 6 -6 -5 8 -3 17 12 16 13 -4 -13 -14 -12 19 -2 20 -1 24 -23 -9 -11
right_child=18 2 10 4 5 -7 -8 23 -10 21 11 14 15 -15 -16 -17 -18 -19 -20 -21 -22 22 -24 -25 -26
leaf_value=0 0.039446369304098491 0.044970293920918503 -0.00066314061345910296 -0.0090837986111437525 -0.091372263538090456 -0.016568262878363955 0.03027503009502646 0 -0.0058782965749552465 0 0.011140241641576546 0 0.00077893982959890821 -0.031986155396862767 0.048526335497642244 -0.018314728697690963 -0.004617351457308452 0 0 0 0.047150877024172443 0 0.012051537615715405 -0.013438245508885321 -0.015990634406052886
leaf_weight=0.39176656057770642 8.2515635514641854 26.200911258587897 438.07309609689037 104.18823897478524 17.14702970012695 39.923558678018253 29.01589166868871 6.2604163081850848 4.8897302923760426 2.0998235779115921 76.170616931685799 4.0520010789232428 6282.6621977703462 60.803090491685907 20.395296799313655 30.24355787400782 124.13411645752785 0.43324283225229088 1.4364797960283784 0.32140087708830911 11.388434953485556 0.29746125236852128 3.1528248177673959 9.2418701880742429 2.1126757755992003
leaf_count=88 23286 4967 47389 81310 17765 19437 9012 54 913 51 7307 19577 857533 15194 133844 13612 10168 58 7547 3 2413 19 3888 166 77
internal_value=0.000313004 0.000226003 0.000127167 -0.00790829 -0.0147994 -0.047171 0 0.0158391 0.0328334 0.0223804 0.000425806 0.00637514 0.000201507 -0.00507785 0.0392803 0.00064772 0.000720893 0.0367686 0.0325447 0.0412363 0.0441717 0 0.00549766 -0.0101353 -0.0138132
internal_weight=7303.29 7293.6 7273.4 236.868 190.275 57.0706 133.204 46.5929 31.0906 20.1976 7036.53 224.752 6811.78 498.876 24.4473 6312.91 200.305 12.5348 9.68804 12.1016 11.7802 7.66279 3.45029 15.5023 4.2125
internal_count=1275678 1244845 1238248 133624 127524 37202 90322 6100 5880 6597 1104624 170896 933728 62583 153421 871145 17475 2562 30833 2504 2501 4035 3907 220 128
is_linear=0
shrinkage=0.08


Tree=235
num_leaves=31
num_cat=0
split_feature=2 1 3 2 3 4 4 1 3 2 1 1 1 4 3 3 1 2 6 4 1 2 3 1 3 4 5 3 3 6
split_gain=4.47964 21.0128 20.6589 14.953 11.2115 7.09664 7.0949 16.4221 14.311 7.69911 20.4152 14.6151 6.68991 23.4741 8.69481 16.5159 11.4488 39.8186 25.6049 24.5722 11.0867 10.6499 27.082 13.6516 7.91107 18.8758 15.6775 14.3826 13.4359 10.0365
threshold=0.78456193208694469 0.82426470518112194 0.75931033492088329 0.82519841194152843 0.81872946023941051 7.5000000000000009 7.5000000000000009 0.99565216898918163 0.96693986654281627 0.82793453335762035 0.92893216013908397 0.85053193569183361 0.86706829071044933 2.5000000000000004 0.93788579106330883 0.95861870050430309 0.77459675073623668 0.69732204079628002 0.63202878832817089 4.5000000000000009 0.77015754580497753 0.6832355558872224 0.76506900787353527 0.67017546296119701 0.97700846195220958 7.5000000000000009 0.44492964446544653 0.85880398750305187 0.90501254796981823 0.84910929203033458
decision_type=2 2 2 2 2 2 2 2 2 2 2 2 2 2 2 2 2 2 2 2 2 2 2 2 2 2 2 2 2 2
left_child=12 4 3 5 -2 -3 9 -8 -9 10 -4 -11 14 -14 16 -16 21 19 -19 -18 -17 23 -23 -1 27 26 -26 -15 -29 -27
right_child=1 2 6 -5 -6 -7 7 8 -10 11 -12 -13 13 24 15 20 17 18 -20 -21 -22 22 -24 -25 25 29 -28 28 -30 -31
leaf_value=0.00015743532173317519 0.037793754613639846 -0.082108273049014621 -0.031086321995126679 -0.0074018005442320579 0.00082830696914707152 0 0.038093325234386188 -0.016543919191411557 0.01647510217478601 0.029410065945948985 0.015530514168033445 0 0.035359980377723317 -0.010294565753441403 0.04940220851751069 -0.051341747067864242 0.021091754709992236 -0.010133567542737155 -0.052000594560755467 -0.013760402235018669 0.026612385856272805 0.022472338848279819 -0.011095452240846793 -0.014147103375884719 -0.10239291317266309 0.0087711901961502747 -0.0056846931746174249 0.044464051458236967 0.0041709598778177101 -0.019327149955071562
leaf_weight=1750.0132224092367 155.52527751937305 32.753724901696842 148.85057244651034 91.234707868076839 91.879349750994152 11.596068485327121 107.48724154600859 139.42724127856491 192.14288211915482 112.90752347564921 89.615043364722624 1295.4983079700814 133.52824945466227 160.01229322162908 51.462666874474962 20.786193379063207 256.08980956100277 219.59278907396583 179.59857692019796 248.14427964438619 14.225745533967709 365.7768947974364 251.73708737040488 550.87316300624661 18.636254614961217 214.77155763309565 27.920498831670557 86.185160896608068 153.91921246828042 122.84294539750408
leaf_count=593841 7845 1266 7807 12174 7610 229 4940 2462 24620 7708 11502 349424 17388 6853 9148 5395 12332 8019 10321 15386 1733 25817 15549 53744 1468 13276 3576 3811 10048 29542
internal_value=0.000314512 0.00309961 0.000539446 -0.0290551 0.024988 -0.0650943 0.00260448 0.0115831 0.00207552 8.60929e-05 -0.0129514 0.00244476 -0.00107889 0.0049917 -0.00254993 0.0216138 -0.00316601 -0.0110209 -0.0297759 0.00365937 -0.0163018 -0.000665008 0.00855179 -0.00322119 -0.000167153 -0.00850656 -0.0536754 0.00745113 0.0198989 -0.0011184
internal_weight=7295.03 2468.92 2221.51 135.585 247.405 44.3498 2085.93 439.057 331.57 1646.87 238.466 1408.41 4826.12 917.816 3908.3 86.4746 3821.83 903.425 399.191 504.234 35.0119 2918.4 617.514 2300.89 784.288 384.171 46.5568 400.117 240.104 337.615
internal_count=1274834 437587 422132 13669 15455 1495 408463 32022 27082 376441 19309 357132 837247 85962 751285 16276 735009 46058 18340 27718 7128 688951 41366 647585 68574 47862 5044 20712 13859 42818
is_linear=0
shrinkage=0.08


Tree=236
num_leaves=31
num_cat=0
split_feature=4 3 3 2 8 3 3 3 2 6 6 5 2 9 5 5 6 5 8 2 3 4 5 6 3 3 6 5 3 4
split_gain=3.21051 6.5464 4.8276 7.9951 6.27085 10.2182 6.575 13.856 6.95859 6.1587 3.64314 8.98142 11.1317 5.25766 4.14965 3.70045 8.12488 6.65865 4.98431 4.44077 5.19011 4.72082 3.57215 6.06878 14.8097 9.49855 4.83933 3.54181 3.10718 2.79876
threshold=1.0000000180025095e-35 0.60922586917877208 0.7243877947330476 0.57932874560356151 0.75000000000000011 0.86319074034690868 0.93582704663276683 0.96178188920021068 0.91331186890602123 0.86162030696868908 0.97568368911743175 0.88929739594459545 0.71010184288024913 1.0000000180025095e-35 0.98310789465904247 0.90574499964714061 0.93887132406234752 0.95463898777961742 1.0000000180025095e-35 0.74883177876472484 0.82807883620262157 8.5000000000000018 0.85770529508590709 0.89672946929931652 0.68457102775573742 0.8521554470062257 0.91496315598487865 0.61708205938339245 0.88493064045906078 8.5000000000000018
decision_type=2 2 2 2 2 2 2 2 2 2 2 2 2 2 2 2 2 2 2 2 2 2 2 2 2 2 2 2 2 2
left_child=1 -1 3 -3 6 9 8 -8 -4 -6 15 -12 13 -13 -15 22 19 18 -18 20 -17 -21 26 25 -25 -24 28 -28 -2 -14
right_child=10 2 4 -5 5 -7 7 -9 -10 -11 11 12 29 14 -16 16 17 -19 -20 21 -22 -23 23 24 -26 -27 27 -29 -30 -31
leaf_value=0.030772126284657919 0.0019268713938506538 0.00075330435634026317 -0.0048998306209116649 -0.045071739203247356 0.012325489902307134 0.044270866713285478 -0.052481546430947205 -0.0034777688494189809 0.029763164025877087 -0.040045544112441135 0.029066185313656349 0.0050190202199152404 0.012331729886207244 -0.075406451322630366 -0.0023167994895547123 0.010667926765170891 9.6009662286663576e-05 0.011876055581718037 -0.023835434035070404 0.015935113688220377 0.050104789461441625 -0.012635043266236375 0.022912611512318527 -0.063929625244175836 -0.0059415967062167183 -0.008838563328878014 0.026609836973025804 0.0044869040096016909 -0.0022960580715645973 -0.023402468167815188
leaf_weight=25.070613338598378 3601.6691635399357 33.784199253293991 255.70049666175328 46.062049483132796 27.385370299814895 37.671297615178446 51.617434440568104 132.3627726416089 38.208406619445668 18.196186404238688 19.299892282151632 3.5180761948631689 39.4058662118141 28.004706597363111 11.80731646731965 66.233339884522138 101.76390528480988 137.25690373021462 91.235486190306801 114.61886235104066 46.227945838330925 43.422581612830982 89.556691034487812 29.726710716415255 209.09433835504387 155.45015281145788 73.320995906949975 181.28215762471518 1586.2387800045781 15.375541682024048
leaf_count=13715 652554 5492 9013 6534 5173 104823 3895 27293 7745 12845 21915 10858 40262 5896 9231 3979 2072 21649 27449 16455 4308 1205 5568 2426 27754 18467 17301 36217 143867 8583
internal_value=0.000366781 -0.00486992 -0.00673904 -0.0248949 -0.00367593 0.015403 -0.00745607 -0.0190977 0 -0.00730975 0.000919047 -0.012645 -0.0234134 -0.0514163 -0.0599774 0.00119703 0.00717593 -0.000817623 -0.0107251 0.0173537 0.0296836 0.00695724 0.000558426 -0.0059402 -0.0149787 0.0023535 0.00117043 0.011864 0.000603903 0
internal_weight=7310.57 666.059 640.988 79.8462 561.142 83.2529 477.889 183.98 293.909 45.5816 6644.51 117.411 98.1115 43.3301 39.812 6527.1 600.759 330.256 192.999 270.503 112.461 158.041 5926.34 483.828 238.821 245.007 5442.51 254.603 5187.91 54.7814
internal_count=1274544 196528 182813 12026 170787 122841 47946 31188 16758 18018 1078016 96745 74830 25985 15127 981271 77117 51170 29521 25947 8287 17660 904154 54215 30180 24035 849939 53518 796421 48845
is_linear=0
shrinkage=0.08


Tree=237
num_leaves=31
num_cat=0
split_feature=6 8 0 1 0 1 1 0 1 1 1 3 3 0 8 3 2 2 2 2 0 6 0 0 4 3 1 6 1 3
split_gain=2.54845 4.39139 2.1286 21.7421 6.01599 19.2568 28.2519 13.2493 6.52732 15.9591 14.1376 5.8086 17.5309 15.2863 5.65895 4.83972 3.39825 4.15465 3.20208 12.1348 12.6311 5.65867 2.53382 2.40523 2.39446 5.92344 16.144 12.2071 2.86912 2.4555
threshold=0.98894992470741283 0.75000000000000011 0.88273492455482494 0.91545844078063976 0.85857143998146068 0.87298336625099193 0.94360822439193737 0.87007671594619762 0.90521115064620983 0.98260739445686351 0.93957647681236278 0.93957647681236278 0.90054944157600414 0.74023336172103893 1.0000000180025095e-35 0.81302964687347423 0.86295148730278026 0.7320508360862733 0.8019607961177827 0.88548010587692272 0.95024752616882335 0.37688747048377996 0.93788579106330883 0.89512962102890026 2.5000000000000004 0.91331186890602123 0.89386734366416942 0.63202878832817089 0.70064935088157665 0.97646731138229381
decision_type=2 2 2 2 2 2 2 2 2 2 2 2 2 2 2 2 2 2 2 2 2 2 2 2 2 2 2 2 2 2
left_child=2 -2 4 24 8 16 7 -7 11 10 -10 12 -1 -13 -11 -8 17 -6 21 20 -20 22 -5 -21 25 27 -27 -4 -26 -30
right_child=1 -3 3 18 5 6 15 -9 9 14 -12 13 -14 -15 -16 -17 -18 -19 19 23 -22 -23 -24 -25 28 26 -28 -29 29 -31
leaf_value=-0.0010853890590678367 -0.0046188310848941788 0.03518007173876446 -0.0021045952015658737 0.006441527105902815 0.025154845866062897 -0.091757766476117414 -0.043066798648361403 -0.027630145893661532 0.0095896856267918534 0.0061338591121445612 0.054498556657197571 -0.023226251023744631 -0.023338664065138993 0.032255835140993137 -0.0059331060092526278 0.0047642554713439814 0.035794022264654168 -0.017586780875086569 -0.065009203134811719 0.011522938534212011 0.028428661252321338 0.041589783741176847 -0.044507005861489243 -0.0035660432752810511 -0.0025827324478152102 0.035834825722435099 -0.039777253293357941 0.057108404558535275 0.048958890847002272 0
leaf_weight=4359.527881142124 22.122509572552644 29.645944690527813 31.615334678303043 3.1145320747746172 23.256301142079792 33.690500566634 9.7639911408477911 86.594680308444367 175.00392829670454 501.96291516343263 63.655111355879853 39.541380811668205 235.65948013102025 92.87065759565121 482.10093756933747 153.19303940034115 41.342849497108546 23.333919869852252 33.535944256371295 68.633533268050087 6.3387769001801635 21.0104110443026 5.2905634739436209 567.73876213479525 1.5852273229975242 31.823602814316473 30.415413649890979 43.27514833323221 56.538916448773307 2.88037887804603
leaf_count=734800 13542 79006 1166 214 3396 1507 131 5684 11329 17343 10131 3126 13901 9722 82775 18064 3185 1166 2436 9664 3023 10486 588 209100 466 9267 2012 9613 7285 552
internal_value=-0.000356446 0.0164453 -0.000510247 0.00306635 -0.00104891 -0.0108774 -0.0212429 -0.0498138 -0.000400332 0.0047628 0.023097 -0.00177313 -0.00228553 0.0142809 6.02768e-05 0 0.0201358 0.00101726 -0.00335004 -0.0047219 -0.0450776 0.0196433 -0.0183313 -0.00161207 0.0262262 0.017102 0 0.0315414 0.041463 0.045231
internal_weight=7277.06 51.7685 7225.29 903.797 6321.5 371.175 283.242 120.285 5950.32 1222.72 238.659 4727.6 4595.19 132.412 984.064 162.957 87.9331 46.5902 705.663 676.247 39.8747 29.4155 8.4051 636.372 198.134 137.129 62.239 74.8905 61.0045 59.4193
internal_count=1274680 92548 1182132 265872 916260 33133 25386 7191 883127 121578 21460 761549 748701 12848 100118 18195 7747 4562 235511 224223 5459 11288 802 218764 30361 22058 11279 10779 8303 7837
is_linear=0
shrinkage=0.08


Tree=238
num_leaves=31
num_cat=0
split_feature=0 1 3 3 1 2 4 2 1 2 1 0 1 1 2 0 0 4 1 2 1 0 3 2 2 2 3 4 4 5
split_gain=3.00543 10.4012 13.6274 7.441 7.19579 6.27895 8.73954 6.22482 6.40031 5.28424 10.2687 25.4213 8.9866 23.2303 8.95464 7.71305 5.27791 5.66116 6.94948 6.73036 6.61433 7.30703 5.24336 4.97347 4.60665 3.17855 2.8992 5.63227 2.87237 2.79696
threshold=0.54641148447990429 0.66300368309021007 0.82807883620262157 0.56070175766944896 0.59299960732460033 0.65261757373809826 15.500000000000002 0.43792808055877691 0.61257407069206249 0.6911335587501527 0.75147059559822094 0.6900656819343568 0.64051282405853283 0.78629976511001598 0.55898165702819835 0.69860395789146434 0.33520600199699407 2.5000000000000004 0.52479505538940441 0.31400561332702642 0.5388936996459962 0.4901809841394425 0.65648320317268383 0.36461389064788824 0.54641148447990429 0.64630925655365001 0.39415280520915991 19.500000000000004 5.5000000000000009 0.35663852095603948
decision_type=2 2 2 2 2 2 2 2 2 2 2 2 2 2 2 2 2 2 2 2 2 2 2 2 2 2 2 2 2 2
left_child=1 16 5 4 28 6 23 8 -5 12 11 -11 14 -14 -9 -12 26 18 19 -18 22 -22 -19 -3 -20 -6 -1 -28 -2 -7
right_child=3 2 -4 7 25 29 -8 9 -10 10 15 -13 13 -15 -16 -17 17 20 24 -21 21 -23 -24 -25 -26 -27 27 -29 -30 -31
leaf_value=0 -0.032745947708927386 -0.013359114789884746 -0.0053360789191116169 0 -0.089437740969083496 -0.014995412670231956 -0.004157461352394148 -0.0072456816119898558 0.035301181326890738 -0.03890314567704975 0.011689852842225542 0.020897071343541809 -0.01645305546781917 0.0034758608069709335 0.011131083904473241 -0.0017163260285256324 0.049960256836388897 -0.0090136251562417617 0.048197579505774191 -0.015723807135186358 0 -0.041782589474935072 0.012638495451797809 0.051046023126604487 0 0 0.051415724220355001 0 0.014300132463602606 0.019596614584326842
leaf_weight=55.422660757555605 8.2584617822703894 2.1599995568103614 97.871204261027742 68.559662211189789 9.5336625692607395 20.602905169202131 17.659689442826675 279.83570017387865 56.857575432127305 46.11469533759373 292.88055549836736 342.66586345212272 839.4477888355168 650.00610074521501 396.64444384345006 3351.3986181926193 6.3360210188184274 249.16138710409859 32.04353113434081 59.514640335182776 40.547621436064219 64.333395265410218 91.05698977924294 106.70454145214353 13.471086010249563 2.6464645937012383 24.498235639777704 18.331281566242524 15.372940408253269 26.956882571269489
leaf_count=21232 4947 439 11927 17619 3030 537 6603 65158 5537 2515 26763 25704 81106 48779 58245 488852 3620 226435 9062 45738 18302 28393 28414 9983 3027 243 12830 10185 5880 4155
internal_value=-0.000191993 0.00402281 0.0170627 -0.000833896 -0.0349532 0.0303463 0.0394772 -0.00058796 0.0166428 -0.000975492 0.000702858 0.0129937 -0.00416877 -0.00766637 0.0032971 -0.000580524 -0.00123942 -0.0045085 0.0106765 -0.00406581 -0.00873972 -0.0259994 -0.002656 0.0478325 0.0334645 -0.0747183 0.0150476 0.0296099 0 0.00156623
internal_weight=7286.89 926.672 271.955 6360.22 35.8115 174.084 126.524 6324.41 125.417 6198.99 4033.06 388.781 2165.93 1489.45 676.48 3644.28 654.717 556.465 111.365 65.8507 445.099 104.881 340.218 108.865 45.5146 12.1801 98.2522 42.8295 23.6314 47.5598
internal_count=1275260 440882 33644 834378 14100 21717 17025 820278 23156 797122 543834 28219 253288 129885 123403 515615 407238 362991 61447 49358 301544 46695 254849 10422 12089 3273 44247 23015 10827 4692
is_linear=0
shrinkage=0.08


Tree=239
num_leaves=31
num_cat=0
split_feature=5 4 4 9 3 3 5 5 5 3 0 0 3 3 8 4 4 4 1 3 1 9 4 3 3 0 3 0 5 0
split_gain=4.09758 3.54186 3.46016 6.64521 6.89 3.07029 4.13895 6.2598 7.15455 2.72802 7.74326 5.37595 11.3117 3.48784 2.61058 5.61746 4.05652 3.96888 2.91505 3.39021 3.35674 2.90728 2.39409 2.21342 2.07105 1.98649 1.94176 1.91953 1.84975 1.61458
threshold=0.95463898777961742 16.500000000000004 15.500000000000002 1.0000000180025095e-35 0.83047896623611461 0.61633428931236278 1.0000000180025095e-35 0.78281378746032726 0.91684862971305858 0.65419578552246105 0.6776927411556245 0.51649147272109996 0.81530213356018078 0.65240275859832775 1.0000000180025095e-35 4.5000000000000009 12.500000000000002 9.5000000000000018 0.68870675563812267 0.94185259938240062 0.67017546296119701 1.0000000180025095e-35 1.5000000000000002 0.80217391252517711 0.72255688905715953 0.53144779801368724 0.92031747102737438 0.38327018916606909 0.99805447459220897 0.86295148730278026
decision_type=2 2 2 2 2 2 2 2 2 2 2 2 2 2 2 2 2 2 2 2 2 2 2 2 2 2 2 2 2 2
left_child=1 2 9 4 -4 -3 26 -8 -9 10 13 12 -11 -1 18 21 17 23 20 24 -2 -16 -12 -17 -20 -13 -7 -28 -19 -21
right_child=14 5 3 -5 -6 6 7 8 -10 11 22 25 -14 -15 15 16 -18 28 19 29 -22 -23 -24 -25 -26 -27 27 -29 -30 -31
leaf_value=-0.0010876212377582985 0.0066459438557998751 0.0037509503844743862 0 -0.0056410100275014882 0.051290321506092966 -0.0097551983577414039 -0.032896119750827998 0.026289442119914377 -0.042812675185557508 0.029290313187771477 0 -0.016748032796783628 -0.012964982806750827 -0.039583687450180496 -0.007342105660508279 -0.024496241544068341 0.019672649955928063 -0.065354009185108003 0 0.015846764851444085 -0.055841262134041315 0.031797083356639624 -0.03595035569613849 0.010361533242458167 0.039666752928784327 0.00024993717342269693 -0.0040735146122584135 0.028230727311977039 0 -0.013155999949786213
leaf_weight=888.01218800433071 11.124610818456857 62.636108616286037 18.760062674222354 43.073801671160254 35.770497459092439 31.124905017320998 94.743717357461719 26.36172028620058 8.2823548556407314 110.05757328262553 4.1050239575524747 39.238616792215907 52.853660581218719 10.746111228692824 6.8795418372910708 15.557880100543118 7.9257163181937349 11.867790827222048 7.4861014978960148 22.099803297780454 1.9121152031002555 34.208130845106098 54.821596877667616 16.049914301547688 55.6777731846596 5557.7035442762672 6.1580090299248722 21.479004042223096 0.85223512484663011 15.383856966487654
leaf_count=379498 603 40905 7476 9119 3542 1321 41287 3003 753 27704 269 7301 3796 1693 10947 4914 16032 1837 198 704 41 48209 5812 11284 1723 638359 44 238 2810 2288
internal_value=8.72788e-05 -0.000219206 0.000104396 0.0146958 0.0325722 -0.00946882 -0.0146813 -0.0225121 0.00241723 -9.45862e-05 -0.00405665 0.000539375 0.0146506 -0.00194139 0.011061 0 -0.0157909 -0.0267267 0.0189562 0.0239345 -0.00658756 0.0216866 -0.0311408 -0.00342772 0.0347303 8.73655e-05 0.000465225 0.016609 -0.0582893 2.99925e-05
internal_weight=7272.95 7065.93 6815.14 97.6044 54.5306 250.786 188.15 129.388 34.6441 6717.54 957.685 5759.85 162.911 898.758 207.025 93.3412 52.2535 44.3278 113.684 100.648 13.0367 41.0877 58.9266 31.6078 63.1639 5596.94 58.7619 27.637 12.72 37.4837
internal_count=1273710 1172120 1084569 20137 11018 87551 46646 45043 3756 1064432 387272 677160 31500 381191 101590 96033 36877 20845 5557 4913 644 59156 6081 16198 1921 645660 1603 282 4647 2992
is_linear=0
shrinkage=0.08


Tree=240
num_leaves=31
num_cat=0
split_feature=4 0 0 0 2 0 0 6 0 8 2 5 5 5 5 2 6 5 0 0 6 4 0 9 2 8 2 2 2 2
split_gain=3.1226 6.36266 6.01465 4.11206 4.04967 7.45187 7.61323 5.09105 3.83728 4.93012 5.66615 8.15475 3.81166 3.60124 3.00822 2.87565 6.25447 11.6437 11.2463 3.93392 4.44804 4.07195 2.27689 2.1232 2.06547 2.00863 1.83308 3.60416 2.22358 1.77862
threshold=1.0000000180025095e-35 0.57919329404830944 0.58643677830696117 0.97332859039306652 0.9634092152118684 0.78738203644752514 0.93957647681236278 0.66915422677993786 0.94474968314170849 1.0000000180025095e-35 0.87206766009330761 0.40546767413616186 0.48110784590244299 0.80076336860656749 0.30019763112068182 0.82519841194152843 0.57370692491531383 0.53017652034759533 0.83414238691329967 0.90999102592468273 0.43415953218936926 1.5000000000000002 0.96808147430419933 1.0000000180025095e-35 0.44543650746345526 1.0000000180025095e-35 0.39455153048038488 0.31400561332702642 0.60107529163360607 0.98529094457626354
decision_type=2 2 2 2 2 2 2 2 2 2 2 2 2 2 2 2 2 2 2 2 2 2 2 2 2 2 2 2 2 2
left_child=1 26 24 8 5 13 -7 22 15 10 -10 -12 14 -4 -11 19 17 -17 -18 21 -21 -2 -6 29 -3 -26 27 -1 -28 -5
right_child=3 2 4 23 7 6 -8 -9 9 12 11 -13 -14 -15 -16 16 18 -19 -20 20 -22 -23 -24 -25 25 -27 28 -29 -30 -31
leaf_value=0.032605654005371777 0.0045888729498590889 0 -0.0047238430278951724 0 0.01812068101077886 -0.026873182862723104 0.007655828896518984 0.040722648740841735 0.0050263590112192072 0 0.00099548647498228556 -0.079482876248570936 0.039035503216018834 0.02229825380452001 -0.047578630003617776 -0.0091131997886552737 0.022698551620987575 0.041294538453551473 0.0017688172383044927 -0.0057952407945253649 0.049152829353185136 -0.0021694154233206568 -0.0068203171467540805 0 0 -0.10182525357975919 0.03490889993883025 -0.037101344589799759 0 0.047149999347844931
leaf_weight=2.2824666809278806 637.32120137097445 0.29741332718549474 173.46940756463482 5.4649088674259501 22.509546080062137 203.40074945186689 40.160773116112978 15.354708151880912 6.7157935874711283 17.540316034268479 6.476578047033402 17.975747904907621 7.8008084827488338 33.344698085182245 5.664613845112398 383.99365515986574 211.15581786649363 26.012489151893533 779.03226136939338 7.2628199839387007 16.067066234390495 4464.5459671391054 119.33617213645266 13.579567405839951 0.52355884151074894 2.440235143623795 32.728999946079057 6.146860131280846 11.722248521379695 17.720348787045623
leaf_count=1300 70290 64 11710 3551 2443 19878 16383 112556 752 2090 237 2293 28302 4806 1824 15905 28361 579 135971 432 5959 754843 9852 14122 309 262 11246 3355 2691 13351
internal_value=-0.000785156 -0.00600551 -0.0085296 -0.000233838 -0.00725349 -0.0111615 -0.0204965 0.00295546 -0.000416068 -0.0194648 -0.0396998 -0.0561841 0 0 -0.013166 -0.000195307 0.00298101 -0.0050706 0.00648444 -0.00109632 0.0283955 -0.00129018 -0.00129061 0.0247282 -0.0786243 -0.0898473 0.0186047 -0.0011999 0.0253374 0.0372586
internal_weight=7288.05 663.718 610.837 6624.33 607.576 450.376 243.562 157.2 6587.57 62.1739 31.1681 24.4523 31.0057 206.814 23.2049 6525.39 1400.19 410.006 990.188 5125.2 23.3299 5101.87 141.846 36.7648 3.26121 2.96379 52.8806 8.42933 44.4512 23.1853
internal_count=1275717 196855 178263 1078862 177628 52777 36261 124851 1047838 35498 3282 2530 32216 16516 3914 1012340 180816 16484 164332 831524 6391 825133 12295 31024 635 571 18592 4655 13937 16902
is_linear=0
shrinkage=0.08


Tree=241
num_leaves=31
num_cat=0
split_feature=0 1 1 0 3 1 4 0 4 1 4 4 0 5 4 5 4 3 0 5 3 4 6 5 5 3 6 6 3 4
split_gain=4.33877 1.63495 18.1415 16.365 11.5076 9.38783 8.03953 7.76931 27.0625 10.0265 5.78944 16.1042 9.87315 8.53621 7.94879 5.62081 6.47261 6.88021 4.47819 4.35911 3.97552 3.55713 3.08382 6.21389 2.69364 2.34359 3.20287 2.06561 1.50307 1.1893
threshold=0.16843971610069278 0.98213717341423046 0.95275297760963451 0.94791102409362804 0.98260739445686351 0.80217391252517711 2.5000000000000004 0.89377820491790783 1.5000000000000002 0.89699381589889537 11.500000000000002 8.5000000000000018 0.78142958879470836 0.86372479796409618 7.5000000000000009 0.87815481424331676 12.500000000000002 0.96459901332855236 0.74443343281745922 0.21800179779529574 0.85880398750305187 14.500000000000002 0.97568368911743175 0.92335665225982677 0.99163165688514721 0.98058068752288829 0.53866082429885875 0.66915422677993786 0.92031747102737438 40.500000000000007
decision_type=2 2 2 2 2 2 2 2 2 2 2 2 2 2 2 2 2 2 2 2 2 2 2 2 2 2 2 2 2 2
left_child=29 2 4 21 7 27 -7 9 -9 -2 11 13 18 14 -3 16 28 -18 -13 -14 -15 -4 23 -17 -24 26 -5 -6 -12 -1
right_child=1 10 3 25 5 6 -8 8 -10 -11 15 12 19 20 -16 22 17 -19 -20 -21 -22 -23 24 -25 -26 -27 -28 -29 -30 -31
leaf_value=0.043170056001316112 -0.0001221038853327836 -0.006655903974839358 0.071981252640447191 -0.0047037655073610737 -0.031078114547376731 -0.019971292798479007 0.064109709925188108 -0.0080489929171795489 0.03863379717081436 -0.014728835557869586 0 -0.013075940712455766 0.0040867090989254035 -0.0086985275207376537 0.015297143076031446 -0.027267834992755709 0.033125454450903986 -0.0044533701630712005 0.013745921550986324 -0.036598272557855187 0.019793321445262139 0 -0.068248666585648279 0.024677739562150199 0 -0.035318839396271173 0.035585737906154637 0.011870732238407716 0.039182666641408577 0
leaf_weight=14.047443862566976 4870.0068309141225 664.05922618347267 42.499230330905448 24.650708410306834 10.172189887205603 3.1063939999421555 38.5336092751877 174.65056340331648 132.96943658683176 317.34609228844602 13.074754895947988 128.95262122244094 10.045962846372275 26.400910573453984 117.5242120250914 26.412248310778523 34.530578346752009 125.90986297099153 47.522175138194143 156.69473662179007 175.12927724907058 1.7386023462750007 5.0782322390878099 21.979917683798703 1.3229788964417819 4.9547965697747705 12.707250018426747 3.0340304430446841 55.53381733610513 0.5877076896249499
leaf_count=4383 799537 150519 10639 1866 974 337 4143 35490 35755 23046 241 6487 283 8856 10934 2840 1611 14864 2572 4786 104822 82 1742 2462 12024 3829 24527 667 5012 57
internal_value=0.000127576 3.72654e-06 0.000668159 0.0359934 5.65484e-05 0.0349709 0.0529381 -0.000294322 0.0119131 -0.00105984 -0.00221791 -0.00451621 -0.0193152 0.000559947 -0.00307523 0.00785981 0.0136849 0.00342406 -0.0047918 -0.0331678 0.0151659 0.0673497 -0.0129226 -0.000575752 -0.0510424 0 0.00780622 -0.0118725 0.0336436 0.0376859
internal_weight=7261.18 7246.54 5636.37 86.5506 5549.82 54.8462 41.64 5494.97 307.62 5187.35 1610.17 1326.33 343.215 983.114 781.583 283.842 229.049 160.44 176.475 166.741 201.53 44.2378 54.7934 48.3922 6.40121 42.3128 37.358 13.2062 68.6086 14.6352
internal_count=1275387 1270947 940892 40943 899949 6121 4480 893828 71245 822583 330055 289259 14128 275131 161453 40796 21728 16475 9059 5069 113678 10721 19068 5302 13766 30222 26393 1641 5253 4440
is_linear=0
shrinkage=0.08


Tree=242
num_leaves=31
num_cat=0
split_feature=4 2 3 6 3 2 6 3 4 3 4 4 4 6 5 9 4 3 6 5 5 5 5 2 5 3 4 6 5 6
split_gain=2.37997 3.64257 5.2309 3.55785 2.80292 5.49214 3.6821 2.43885 3.99183 4.43103 3.82504 3.22869 5.15565 2.21982 5.10681 3.69901 2.78638 2.45684 1.98662 2.99281 4.12252 1.8884 1.88768 1.65877 1.5081 2.04327 0.949518 0.910602 0.876131 0.838893
threshold=18.500000000000004 0.54261502623558056 0.48331478238105779 0.53866082429885875 0.35805861651897436 0.32305502891540533 0.71711125969886791 0.79772728681564342 10.500000000000002 0.55470088124275219 5.5000000000000009 16.500000000000004 12.500000000000002 0.22287581861019137 0.39066134393215185 1.0000000180025095e-35 14.500000000000002 0.49295215308666235 0.81566172838211071 0.38954202830791479 0.66815477609634411 0.3577608615159989 0.81835731863975536 0.51471862196922313 0.93555310368537914 0.97100839018821727 21.500000000000004 0.93887132406234752 0.31466378271579748 0.22287581861019137
decision_type=2 2 2 2 2 2 2 2 2 2 2 2 2 2 2 2 2 2 2 2 2 2 2 2 2 2 2 2 2 2
left_child=4 2 3 29 6 13 -1 8 10 -10 -7 12 -9 16 28 -16 17 -6 19 21 -21 -4 -20 -13 25 -3 -5 -24 -15 -2
right_child=1 24 18 26 5 7 -8 11 9 -11 -12 23 -14 14 15 -17 -18 -19 22 20 -22 -23 27 -25 -26 -27 -28 -29 -30 -31
leaf_value=-0.035077434655309742 0 0.038215960002521754 -0.0065250476634166775 0.018297655871922506 0 -0.0027470789914306637 0.015260176085614087 0.00055590445821432387 0.011148941264370471 -0.013664621673578551 0.0037887096542814501 0 0.012368580639706148 0 0.038967427058956915 0 0 0.074431402714176628 0.03117033311423318 -0.041394594421787091 0.008947474623647679 0.033461656621640849 0.0011847868330834672 -0.02748387103958197 0 0 -0.013471172577961885 -0.025397554604744198 -0.034431495901472715 0.059600429508068611
leaf_weight=26.938384951099582 0.42584108337905746 36.98660582411685 30.884977162461382 5.7865777598253763 0.9909066285854341 1977.6426648096312 4.7126656520667884 3601.2237195929411 43.140446523649189 302.266895884517 788.70261781809495 11.075834905592272 251.71659185491262 2.8287810164538305 28.839880800034734 25.719141805407162 3.3773193037050069 8.7386819149396597 8.9724855805034185 31.171968570674835 5.9443086054598089 4.4293620097937483 6.7158498825301631 32.740452556099626 3.8869641338897045 15.079337460851091 8.5862093101386545 4.4198996849190735 9.3767383177773791 10.554529893613106
leaf_count=9322 226 3215 21511 1122 629 294203 3184 529948 34832 88150 170803 1893 29265 7216 7220 7726 334 771 1341 12306 215 9379 512 4493 3169 2369 1791 2842 19483 6381
internal_value=0.000118357 0.00924277 0 0.0298878 -8.83013e-05 3.23544e-06 -0.0221576 -0.000219001 -0.00190626 -0.009994 -0.000822477 0.00108807 0.00138414 0.0202531 0.00949073 0.0215701 0.0484796 0.06403 -0.00807744 -0.0149557 -0.0294281 0 0.00837038 -0.0191444 0.025162 0.0290755 0 -0.00405073 -0.0257821 0.0558711
internal_weight=7293.88 173.845 117.892 25.3532 7120.03 7088.38 31.6511 7008.51 3111.75 345.407 2766.35 3896.76 3852.94 79.8714 66.7645 54.559 13.1069 9.72959 92.5389 72.4306 37.1163 35.3143 20.1082 43.8163 55.9529 52.0659 14.3728 11.1357 12.2055 10.9804
internal_count=1275851 66379 57626 9520 1209472 1196966 12506 1153587 587988 122982 465006 565599 559213 43379 41645 14946 1734 1400 48106 43411 12521 30890 4695 6386 8753 5584 2913 3354 26699 6607
is_linear=0
shrinkage=0.08


Tree=243
num_leaves=31
num_cat=0
split_feature=0 1 4 0 3 4 0 3 6 3 0 2 1 4 4 1 2 2 2 0 0 3 4 1 0 4 0 3 1 1
split_gain=4.20137 3.85954 12.0057 4.94643 6.60194 4.73633 4.8316 4.66323 3.6037 3.32489 7.94365 29.587 19.007 32.7823 27.7685 18.7239 7.29698 7.12358 15.3187 12.942 11.1581 5.9907 4.28514 3.83569 15.9858 16.1917 12.7563 42.1972 29.3622 13.5642
threshold=0.46234817802906042 0.56294015049934398 13.500000000000002 0.33520600199699407 0.60922586917877208 6.5000000000000009 0.41060766577720648 0.61633428931236278 0.75887238979339611 0.75931033492088329 0.75513628125190746 0.75582656264305126 0.79772728681564342 4.5000000000000009 4.5000000000000009 0.67017546296119701 0.52419984340667736 0.8019607961177827 0.6911335587501527 0.68783602118492138 0.70064935088157665 0.65240275859832775 3.5000000000000004 0.77015754580497753 0.7320508360862733 12.500000000000002 0.70659971237182628 0.84074437618255626 0.83910790085792553 0.90521115064620983
decision_type=2 2 2 2 2 2 2 2 2 2 2 2 2 2 2 2 2 2 2 2 2 2 2 2 2 2 2 2 2 2
left_child=1 3 -3 -1 5 6 -5 -6 -4 10 17 15 13 -13 -14 -12 -17 18 19 -2 -20 -19 -23 24 25 -11 27 29 -29 -25
right_child=9 2 8 4 7 -7 -8 -9 -10 23 11 12 14 -15 -16 16 -18 21 20 -21 -22 22 -24 26 -26 -27 -28 28 -30 -31
leaf_value=0.017616394792704677 -0.00058631456702091383 0.048498629308235966 -0.018279478416653845 -0.026699052178444146 0.06240854686035556 -0.028142527347086534 0.017783243072891083 0.0018921357536994434 0.027277824619301866 -0.019007367577564865 0.01254107122707619 -0.021728010549552073 0.014108103765048676 0.082195235497886959 -0.063698277515750523 0.0057057292627026536 -0.084011102550423752 0.020314640639762859 -0.00058302373507564359 -0.023214495142648651 0.025011787499784562 -0.051853503896025263 -0.0062555730624741868 0.047411180923261041 0.011746151206132344 0.015233631714905506 0.00028462442313198928 -0.050744222389408213 0.0064413307567127631 0
leaf_weight=96.69229631387725 1442.676123103548 48.834754993099523 36.048286919497514 18.730549814074948 7.0892064672598272 68.326128753623834 39.28924294297758 46.720902093399673 8.7974541334988299 420.00586840967662 13.941045469917297 30.21477250555472 62.505894957310375 36.051118955598213 44.799254690333328 2.1413993276146348 53.854450659378927 9.4087878607460862 175.63452412453626 179.78016660116919 238.2985892205761 33.953243098529128 36.403221036169271 198.09446905225559 270.07930173533032 102.38176665514766 3126.7518117531913 64.221438747683351 322.83548757074459 39.963872929572062
leaf_count=43679 347989 6179 12128 22730 3151 86879 39395 25081 2188 34992 1084 1723 2206 2804 1263 124 3484 1825 10136 18347 15578 7918 1877 10681 35880 15211 480018 3408 28199 8351
internal_value=0.000520432 0.00876407 0.0226685 0.00317272 -0.00398165 -0.0145384 0 0.0172136 -0.00429278 4.88256e-05 -0.00236031 -0.0159223 0.00128415 0.0343651 -0.0183406 -0.0579973 -0.0777705 -0.000690429 0.000177157 -0.00325562 0.0138925 -0.0234312 -0.0323644 0.00133617 -0.00362561 -0.0119124 0.00243021 0.0128208 -0.00316508 0.0390009
internal_weight=7274.53 370.529 93.6805 276.848 180.156 126.346 58.0198 53.8101 44.8457 6904 2359.66 243.508 173.571 66.2659 107.305 69.9369 55.9958 2116.15 2036.39 1622.46 413.933 79.7653 70.3565 4544.33 792.467 522.388 3751.87 625.115 387.057 238.058
internal_count=1274508 241410 20495 220915 177236 149004 62125 28232 14316 1033098 416358 12688 7996 4527 3469 4692 3608 403670 392050 366336 25714 11620 9795 616740 86083 50203 530657 50639 31607 19032
is_linear=0
shrinkage=0.08


Tree=244
num_leaves=31
num_cat=0
split_feature=0 1 4 3 3 2 3 1 4 2 3 2 1 2 1 3 1 1 6 3 6 1 0 0 1 1 3 0 4 6
split_gain=3.40003 24.6259 24.8845 27.8474 20.9361 46.7095 20.1083 19.6503 39.6024 28.9904 19.3305 14.2837 12.2821 11.6263 11.5191 11.0357 28.8025 15.0448 10.3309 10.2731 9.66379 11.9167 16.3982 10.3296 13.4532 11.4899 21.0083 9.2175 9.12593 8.99552
threshold=0.6900656819343568 0.74388790130615245 3.5000000000000004 0.74133810400962841 0.77694860100746166 0.6911335587501527 0.72850123047828685 0.76239567995071422 4.5000000000000009 0.6832355558872224 0.67028987407684337 0.628892481327057 0.99565216898918163 0.53694942593574535 0.83047896623611461 0.83424907922744762 0.84273937344551098 0.85857143998146068 0.53866082429885875 0.75147059559822094 0.8519614338874818 0.68614074587821972 0.64899963140487682 0.55217784643173229 0.69614070653915416 0.6789083480834962 0.75931033492088329 0.66978195309638988 5.5000000000000009 0.32329280674457556
decision_type=2 2 2 2 2 2 2 2 2 2 2 2 2 2 2 2 2 2 2 2 2 2 2 2 2 2 2 2 2 2
left_child=7 2 3 -2 5 13 29 20 9 12 -10 -6 -9 -3 -11 17 -17 -12 -15 -16 23 -22 -23 25 27 -1 -27 -25 -26 -4
right_child=1 4 6 -5 11 -7 -8 8 10 14 15 -13 -14 18 19 16 -18 -19 -20 -21 21 22 -24 24 28 26 -28 -29 -30 -31
leaf_value=-0.00094999207052588622 -0.034821861896818365 0.0051857796779810972 -0.0018224635730475147 0.015008471046389192 0.027113151224843923 -0.0076140910057769223 0.0084492756273601404 0.068035947101026548 -0.049764981169658107 0.031733040254801413 0.037133592234517114 -0.002352767427739415 -0.027856136017005366 -0.033639530193422855 -0.034729754870002967 -0.047891372624891071 0.0076740244673885486 -0.0090655280304187576 -0.1097102235785057 0.024226371571363106 0.019228338801218606 0.0070278166583398081 -0.068091904207329107 -0.0078772284732013219 -0.013241949876470632 0.051609637492002119 -0.024849803926243329 0.017431011292712271 -0.051213489379630953 0.057800638733139453
leaf_weight=621.98443058979501 105.50270324393159 6.7634519301591345 12.261681914493236 197.4460926468214 103.43218628854038 448.01950689773366 156.72248106766301 130.90689521188324 40.25676507154003 70.261532882006577 118.01790619927306 3127.1055282610341 4.0668407663069948 33.823830857551002 44.613636065859282 69.310221549740163 290.53870913169885 61.12120083740956 40.837851689109812 23.190607198025646 245.82162173169854 51.011862393497722 21.314569431291602 734.05317036262386 138.03005589047098 67.668186377107304 26.831592997243206 97.374937180957204 69.535403858205427 127.85452491474098
leaf_count=405373 8459 407 1272 25845 8913 24651 16746 6641 4091 4345 6472 481963 542 5281 9284 3947 28273 2377 669 6863 39786 4135 1414 128536 7625 4283 5934 7635 11000 11919
internal_value=3.01716e-05 -0.0013627 0.013566 -0.00210913 -0.00380145 -0.0184925 0.0298638 0.002159 0.0123737 0.0371967 0.000180787 -0.00131946 0.0631117 -0.0725934 0.00942339 0.00462846 -0.00309949 0.0206837 -0.081531 -0.0120888 -0.00198206 0.010598 -0.0160122 -0.00437646 -0.00949087 0.00283269 0.0281344 -0.00463542 -0.0276207 0.0515974
internal_weight=7285.68 4359.77 599.787 302.949 3759.98 529.445 296.839 2925.91 852.284 273.04 579.245 3230.54 134.974 81.4251 138.066 538.988 359.849 179.139 74.6617 67.8042 2073.63 318.148 72.3264 1755.48 1038.99 716.484 94.4998 831.428 207.565 140.116
internal_count=1274681 586125 64241 34304 521884 31008 29937 688556 72835 27675 45160 490876 7183 6357 20492 41069 32220 8849 5950 16147 615721 45335 5549 570386 154796 415590 10217 136171 18625 13191
is_linear=0
shrinkage=0.08


Tree=245
num_leaves=31
num_cat=0
split_feature=5 0 4 5 9 1 0 2 0 4 3 4 0 0 1 3 4 1 3 1 0 3 3 1 3 3 0 0 3 0
split_gain=3.20525 6.16529 4.54628 8.71733 14.62 8.23033 12.5019 5.49024 5.01469 4.17885 19.3276 26.0768 13.8755 13.5011 11.7475 10.6662 13.8794 13.6209 10.482 9.23599 8.14622 5.81786 4.41154 3.95427 13.8573 7.88834 8.10859 7.59859 6.09201 3.82648
threshold=0.56303486227989208 0.95861870050430309 2.5000000000000004 0.36590555310249334 1.0000000180025095e-35 0.6789083480834962 0.6569296419620515 0.93405798077583324 0.70064935088157665 3.5000000000000004 0.93582704663276683 1.5000000000000002 0.87007671594619762 0.6820855736732484 0.89699381589889537 0.96580946445465099 12.500000000000002 0.99565216898918163 0.80217391252517711 0.99565216898918163 0.94360822439193737 0.99462366104125988 0.91458967328071605 0.85857143998146068 0.83047896623611461 0.96178188920021068 0.69282051920890819 0.73363915085792553 0.91331186890602123 0.54641148447990429
decision_type=2 2 2 2 2 2 2 2 2 2 2 2 2 2 2 2 2 2 2 2 2 2 2 2 2 2 2 2 2 2
left_child=2 9 3 29 5 -5 -7 23 -6 10 12 20 13 -2 -13 16 17 -11 -18 -17 -12 -21 -14 25 27 26 -4 -25 -26 -1
right_child=1 -3 7 4 8 6 -8 -9 -10 15 11 14 22 -15 -16 19 18 -19 -20 21 -22 -23 -24 24 28 -27 -28 -29 -30 -31
leaf_value=0.018412155176341444 0.020310944131224817 0.037578467581934685 -4.9572714599554889e-05 -0.024223083075912758 -0.010177186585210022 0.054393886243985556 -0.00057411815017262995 0.032670753708205422 -0.03972221585478334 -0.002662034122759901 -0.071504047892518241 0.053655643653058069 0.044462600246453883 -0.0010275833346996828 -0.0092250908624541602 0.045404662661578769 -0.00023845279800306237 -0.024023700488846788 0.03614534872216589 0.044630410857772487 0 0.0035809006077677321 0.006568384046780752 -0.0024022451480930581 0.015533845121647126 -0.038303416845419311 0.011344250607830422 -0.040176739146862622 -0.0027494434248209387 -0.0012463796871393061
leaf_weight=63.357915395754389 276.52945127693602 27.286397900291831 1273.5846274538872 74.401525653842327 82.218474451883594 24.294036400020559 222.68312582898216 29.705081076021088 122.71412407437401 967.08933286597949 49.137047597324454 21.178928997659568 88.646878656030822 541.96295133865351 56.934499174166831 37.573501056916939 98.641632144972391 241.33830288187346 83.503698525510117 19.299474517656563 11.920856137614008 527.90837408321386 41.05841256586109 70.233997938647008 140.49904326115575 24.057581835129895 559.91738903622718 87.638006662076805 562.6240622060559 843.10771828292491
leaf_count=36498 30770 124238 472518 20779 26560 1963 26060 3753 16059 79536 6070 6679 25109 70845 21974 7918 11277 7962 8449 4203 8372 105126 13560 3455 4251 1778 32794 4111 39790 52513
internal_value=0.00053245 0.00249791 -0.000883155 -0.00454857 -0.0126882 -0.0014114 0.00516991 0.000974446 -0.0291557 0.00207247 0.00604499 -0.0209406 0.0102627 0.00606694 0.00810093 -4.32177e-05 -0.00393488 -0.0071415 0.0161066 0.00889452 -0.0583174 0.00570942 0.034344 0.000510018 -0.00388353 0.00263733 0.00336425 -0.0249437 0.000761886 4.55885e-05
internal_weight=7271.05 3090.01 4181.04 1432.78 526.311 321.379 246.977 2748.26 204.933 3062.72 1087.37 139.171 948.198 818.492 78.1134 1975.35 1390.57 1208.43 182.145 584.781 61.0579 547.208 129.705 2718.55 860.995 1857.56 1833.5 157.872 703.123 906.466
internal_count=1274970 532088 742882 180432 91421 48802 28023 562450 42619 407850 183379 43095 140284 101615 28653 224471 107224 87498 19726 117247 14442 109329 38669 558697 51607 507090 505312 7566 44041 89011
is_linear=0
shrinkage=0.08


Tree=246
num_leaves=26
num_cat=0
split_feature=7 2 2 2 1 1 1 0 2 2 6 2 5 5 0 0 6 5 0 5 1 0 0 5 5
split_gain=2.23768 1.72906 3.73115 2.05646 3.30248 1.60836 15.1304 19.3889 5.56402 13.0873 5.58873 3.79381 1.51953 1.56609 1.20019 1.43626 1.14569 1.01529 0.961894 0.862687 0.756118 0.158064 0.0603531 0.0174506 0.572612
threshold=1.0000000180025095e-35 0.25586470961570745 0.2152509689331055 0.28743545711040502 0.28035087883472448 0.99565216898918163 0.95275297760963451 0.9547502100467683 0.91010102629661571 0.94932374358177196 0.97568368911743175 0.89825496077537548 0.37979589402675634 0.54244148731231701 0.2290398105978966 0.51649147272109996 0.94136744737625133 0.62529620528221141 0.270728349685669 1.0000000180025095e-35 0.52479505538940441 0.39827586710453039 0.4654348641633988 0.60156488418579113 0.45478595793247228
decision_type=2 2 2 2 2 2 2 2 2 2 2 2 2 2 2 2 2 2 2 2 2 2 2 2 2
left_child=1 2 12 4 17 6 11 -8 10 -10 -7 -5 20 18 23 16 -16 19 -14 -3 -1 -15 -19 24 -4
right_child=-2 3 14 5 -6 8 7 -9 9 -11 -12 -13 13 21 15 -17 -18 22 -20 -21 -22 -23 -24 -25 -26
leaf_value=0.033116087885930706 0.030913507446069081 0 0 -0.00098061632235492521 0.040068968948886077 0.00056032069361026818 0.06207208351400062 -0.0059214980560824771 -0.029644212680657884 0.00076975963367560316 -0.033550619454084711 0.0092353562264431612 -0.026762298010024527 0.012193923583309191 -0.047215286985949102 0 0 0.01850719178362948 0 -0.022275935145058347 0 0 0 0.0015730173233290607 -0.021676730792876922
leaf_weight=7.6590499045059897 9.2713170130664349 1.1375410401369688 2.6748265674341409 5202.9294077034656 15.799288425934717 1216.0669130129713 51.560102311002993 42.218241552678592 145.09896027484319 203.16287009193138 26.466790464834048 236.81593792125841 16.687768506704749 10.891196350783499 22.044879477902221 0.8920142055121677 0.77436512136045976 3.5127625088352938 1.2773414062630752 14.123757681005371 0.70378933793926979 0.43392135191970815 0.42426145650824754 1.7648399898807836 3.0013119514042046
leaf_count=3588 30706 287 1439 796146 8771 98344 13907 28740 29606 150245 29729 54284 1946 5234 8959 70 808 1074 483 9342 254 38 90 888 232
internal_value=-0.000523595 -0.00060738 -0.0128726 -0.00045827 0.0175061 -0.000581177 3.56551e-05 0.0310918 -0.00282046 -0.0116891 -0.000169568 -0.000498412 0.000752712 -0.00453566 -0.0315934 -0.039043 -0.0436309 0 -0.0202069 -0.0139949 0.026015 0.00909796 0.0168237 0 -0.00298215
internal_weight=7237.39 7228.12 68.8053 7159.32 34.9976 7124.32 5533.52 93.7783 1590.8 348.262 1242.53 5439.75 37.6531 29.2902 31.1522 23.7113 22.8192 19.1983 17.9651 15.2613 8.36284 11.3251 3.93702 7.44098 5.67614
internal_count=1275210 1244504 23939 1220565 19564 1201001 893077 42647 307924 179851 128073 850430 11543 7701 12396 9837 9767 10793 2429 9629 3842 5272 1164 2559 1671
is_linear=0
shrinkage=0.08


Tree=247
num_leaves=31
num_cat=0
split_feature=3 1 4 3 1 4 2 1 5 6 4 2 3 2 1 2 1 1 3 5 6 4 1 2 6 3 4 3 4 1
split_gain=1.99635 5.32395 20.6115 9.26127 13.7104 8.41662 13.9767 8.91569 11.4445 6.21403 5.73575 5.44641 5.2277 4.70725 4.98796 4.52355 15.0254 5.48675 4.4421 4.28447 7.40005 4.66165 4.25384 17.9164 7.88757 6.52136 11.9196 6.3989 9.57889 7.998
threshold=0.65419578552246105 0.67017546296119701 8.5000000000000018 0.60922586917877208 0.77015754580497753 5.5000000000000009 0.45199692249298101 0.44315245747566229 1.0000000180025095e-35 0.36253654956817633 13.500000000000002 0.60495716333389293 0.61451050639152538 0.70396453142166149 0.6789083480834962 0.68614074587821972 0.78629976511001598 0.72046512365341198 0.63702240586280834 0.51935565471649181 0.94136744737625133 1.5000000000000002 0.70659971237182628 0.63686314225196849 0.42471814155578619 0.69860395789146434 3.5000000000000004 0.8078865408897401 9.5000000000000018 0.62258651852607738
decision_type=2 2 2 2 2 2 2 2 2 2 2 2 2 2 2 2 2 2 2 2 2 2 2 2 2 2 2 2 2 2
left_child=1 5 3 4 11 19 7 10 -9 12 -7 -3 -8 14 -4 16 -5 -17 -11 -1 21 -21 23 27 -25 26 -26 29 -29 -2
right_child=22 2 13 15 -6 6 9 8 -10 18 -12 -13 -14 -15 -16 17 -18 -19 -20 20 -22 -23 -24 24 25 -27 -28 28 -30 -31
leaf_value=-0.00097364773604192913 0.0018169041767882924 0.019701641861058335 0 -0.025469079001522947 0.065453413280446238 -0.012178144198600391 -0.041682772828412491 0.027545851494636665 -0.059991681732739374 0.030753049649774811 0.016455385144268121 -0.027487466765081316 0.016621969558835343 0 -0.090531630125403884 0.0048268214749826437 0.049927689204047429 -0.045792228082589766 0 0 0.019697097142448702 -0.035354071441708677 -5.9793336675376199e-05 0.0016645360478820936 0.0032828150189301952 0.016785339313505614 0.072775322751884725 -0.0061003505304115368 0.030202312848539584 -0.015730416601104989
leaf_weight=246.65495762121327 434.65444871292266 23.89416161088775 1.7132919083760558 49.39301058780984 21.654256135016112 88.729253442937079 13.497952691189314 6.809065203589852 31.492663725926377 175.51921123671673 79.393716078459875 26.78625782090603 12.213072231451404 5.7863010434448361 23.707849988121779 10.666236754885174 19.422591572400052 41.347383102212916 36.256040468416359 38.104575220771949 19.229867595535325 92.841102735164895 4957.0197593860257 113.93221491871009 30.945368400505686 151.94594813336607 46.037923618452623 77.378115928626812 89.443179635368324 251.15545057847066
leaf_count=168584 95941 2140 186 4446 2179 75226 27833 1436 33708 38990 55492 2216 12167 309 5829 921 946 3247 6160 1834 4168 4654 623520 11688 1814 13274 3123 19316 11811 41988
internal_value=0.000369589 -0.00278271 -0.0135896 -0.00228375 0.0186223 0 0.00769047 -0.00688984 -0.039351 0.0209044 0.000504166 -0.00259447 -0.0105803 -0.0691711 -0.081762 -0.0163134 -8.09629e-05 -0.0330927 0.0256208 -0.00824497 -0.0187404 -0.0260789 0.00094311 0.00521778 0.0205388 0.0290117 0.0486965 -0.000840402 0.012745 -0.00444496
internal_weight=7217.63 1065.11 224.371 193.164 72.3347 840.741 443.911 206.425 38.3017 237.486 168.123 50.6804 25.711 31.2074 25.4211 120.829 68.8156 52.0136 211.775 396.831 150.176 130.946 6152.51 1195.49 342.861 228.929 76.9833 852.631 166.821 685.81
internal_count=1275146 452671 22419 16095 6535 430252 251012 165862 35144 85150 130718 4356 40000 6324 6015 9560 5392 4168 45150 179240 10656 6488 822475 198955 29899 18211 4937 169056 31127 137929
is_linear=0
shrinkage=0.08


Tree=248
num_leaves=31
num_cat=0
split_feature=5 6 5 5 6 6 6 0 4 5 6 6 2 3 3 6 3 8 8 5 3 3 0 6 3 0 4 4 4 3
split_gain=2.26519 7.63674 21.6258 6.13754 5.12622 9.59312 4.9891 4.70885 15.6042 9.00912 9.15965 7.24749 4.54191 4.91329 4.38581 4.3822 3.96063 3.92542 3.61083 11.9427 7.711 5.86385 3.87912 3.5519 4.89866 6.80387 3.41733 3.15446 3.0731 7.1016
threshold=0.34927566349506384 0.50108224153518688 0.51935565471649181 0.501101315021515 0.64888572692871105 0.40827012062072759 0.87386798858642589 0.61620295047760021 1.5000000000000002 0.572099268436432 0.8286503553390504 0.57370692491531383 0.56635218858718883 0.68801230192184459 0.69282051920890819 0.96014440059661876 0.73623713850975048 1.0000000180025095e-35 0.75000000000000011 0.23693957179784778 0.88273492455482494 0.73746865987777721 0.45512083172798162 0.55588430166244518 0.85880398750305187 0.6569296419620515 12.500000000000002 6.5000000000000009 1.0000000180025095e-35 0.84889996051788341
decision_type=2 2 2 2 2 2 2 2 2 2 2 2 2 2 2 2 2 2 2 2 2 2 2 2 2 2 2 2 2 2
left_child=4 2 12 6 5 18 28 8 15 10 -9 -11 26 -14 -6 -5 -10 27 19 22 -21 -20 -1 24 25 -7 -2 -8 29 -3
right_child=1 3 -4 7 14 23 17 9 16 11 -12 -13 13 -15 -16 -17 -18 -19 21 20 -22 -23 -24 -25 -26 -27 -28 -29 -30 -31
leaf_value=0.019873564597799816 -0.030969323803912187 -0.038275347655666481 0.046985677335379138 0.041245107585581878 -0.043218007112709275 0.0098522064811178423 -0.010011011052882976 -0.022600543186252008 -0.004364467483094661 0.030170565385870502 0.0041368303095022634 -0.0014771877670588514 0.0087764224321078017 -0.011937847535277558 0 -0.0077224587666680361 0.0096593459333044213 0.052231502055201932 0.035823492252186034 -0.040230815650744149 0 0 0.0011156326768195204 0 0 0.058743013679222689 -0.00067276553511360292 0.033535904572978142 0.0061467885689480166 0.012418444945973526
leaf_weight=70.460886932955873 124.86538804221254 28.562970623372621 35.481923079976696 78.849033798641813 23.697949171240907 48.095857232683557 20.19523241152638 253.69243335931969 406.61752273024149 41.926110765452904 104.58163787884587 2440.7887550898081 78.17528173872779 369.00448368883372 32.8387117801758 5.8290515859198413 182.63955831538442 22.904126323523997 44.229894021555083 68.373578054567588 50.500887463584149 57.42967810339178 1759.7731866268005 45.360926397079311 41.460751164129761 43.882424885872751 43.050223641387674 11.106437319191171 693.75093110574198 27.131425247131119
leaf_count=10433 186199 1771 3085 7216 532 12950 705 12955 32933 1141 22196 472240 27482 44744 2811 2755 18367 11964 2815 224453 7313 751 51113 1381 1347 1570 71641 158 32574 7275
internal_value=9.3239e-06 -0.000927138 -0.00897976 0.000257935 0.00211227 0.00279826 0.00657249 -0.00114765 0.00475851 -0.00261082 -0.0144058 -0.000818865 -0.012819 -0.00790577 -0.0203696 0.0358475 0 0.02948 0.00114329 0.000274469 -0.0236705 0.0155073 0.00197714 0.0203621 0.0267333 0.0366537 -0.0243713 0.00352364 0.00451916 -0.0119552
internal_weight=7255.26 4969.15 650.577 4318.58 2286.1 2229.57 803.651 3514.92 673.935 2840.99 358.274 2482.71 615.095 447.18 56.5367 84.6781 589.257 54.2058 2050.77 1949.11 118.874 101.66 1830.23 178.8 133.439 91.9783 167.916 31.3017 749.445 55.6944
internal_count=1274870 957401 333151 624250 317469 314126 54447 569803 61271 508532 35151 473381 330066 72226 3343 9971 51300 12827 296878 293312 231766 3566 61546 17248 15867 14520 257840 863 41620 9046
is_linear=0
shrinkage=0.08


Tree=249
num_leaves=31
num_cat=0
split_feature=5 6 8 2 6 6 0 3 3 6 0 0 2 3 0 3 3 0 5 6 2 0 4 5 5 3 2 3 4 8
split_gain=2.45189 7.77196 11.0318 10.0245 6.12927 12.6043 4.60637 4.15284 4.21575 5.10364 3.887 3.57342 3.47512 5.35132 8.1578 5.04876 7.08005 5.73882 4.97171 5.3061 3.79202 3.5411 3.36076 3.23573 2.86456 2.60746 5.84201 4.2512 5.4817 3.37487
threshold=0.3080128282308579 0.40546767413616186 0.75000000000000011 0.80982521176338207 0.34384952485561376 0.55588430166244518 0.86295148730278026 0.76689496636390697 0.63702240586280834 0.38243331015110021 0.62563130259513866 0.79502627253532421 0.31851120293140417 0.50316455960273754 0.52704679965972911 0.53907206654548656 0.52240803837776195 0.51471862196922313 0.41039136052131658 0.69710868597030651 0.78142958879470836 0.53410854935646068 1.5000000000000002 0.60156488418579113 0.45478595793247228 0.77694860100746166 0.50287356972694408 0.53229168057441723 14.500000000000002 1.0000000180025095e-35
decision_type=2 2 2 2 2 2 2 2 2 2 2 2 2 2 2 2 2 2 2 2 2 2 2 2 2 2 2 2 2 2
left_child=4 2 3 24 25 -6 11 8 -4 -10 -7 -5 13 23 22 16 17 -14 19 -17 -20 -18 -15 -3 -2 26 27 -1 -29 -27
right_child=1 12 7 6 5 10 -8 -9 9 -11 -12 -13 15 14 -16 18 21 -19 20 -21 -22 -23 -24 -25 -26 29 -28 28 -30 -31
leaf_value=-0.021560866954182453 -0.048130926781414785 -0.010105158164110875 -0.0051060489298206191 0 0.039591184263945402 -0.037265466186776876 -0.016691248177778902 -0.010221582720862533 0.054871361637151582 0 0.0036709194958354265 0.053859725440364756 0.011581936074776178 0 0.02221462154655722 0.010806550034506129 0.057163276615084531 -0.037888826675782562 -0.0031370188083107266 -0.010970407110992581 0.0016956274093917318 0 -0.059095224711372962 0.024651869003685579 0 0.037420414203139921 -0.0063063413723073707 0.020740420735743736 -0.024813841665041771 0.0029539495989036684
leaf_weight=15.204239022536056 83.595955739138844 58.948152715156539 18.883075872232439 6.2026107888959805 74.131255642900214 16.42206553863798 33.876626403012779 58.528996455977904 21.501119828171795 15.440325935371218 28.478317664095812 9.3128442878733022 89.004982040221876 1.4457946403708763 5.8663071038026819 433.62588960407447 25.52273527274156 12.291327710670883 2472.4759507255285 74.383159950919435 1740.6097158045486 6.2553413469286161 30.672980927308345 18.331077656166599 1.9986448076097065 14.53551711556065 571.78014920729947 136.62755420937356 11.882556612421466 1142.5890384935919
leaf_count=23729 354293 7953 3322 643 26513 370 2717 704 1168 418 1726 2078 23625 221 721 47935 6063 2032 237170 7007 398035 1083 7881 7941 5115 6032 31424 27808 8612 30489
internal_value=0.000102559 -0.000789062 -0.0144322 -0.029612 0.00249123 0.0198134 0 0.00263593 0.018479 0.0335211 -0.0103287 0.0301507 -5.85393e-05 -0.0135172 -0.0361656 0.000241694 0.0153341 0.00257405 -0.000165637 0.00723022 -0.00110287 0.0457784 -0.052695 0 -0.0454215 0.00126814 -0.00231534 0.0104489 0.0153638 0.00368373
internal_weight=7230.42 5218.77 249.34 134.987 2011.65 119.032 49.3921 114.354 55.8245 36.9414 44.9004 15.5155 4969.43 115.264 37.9851 4854.17 133.074 101.296 4721.09 508.009 4213.09 31.7781 32.1188 77.2792 85.5946 1892.62 735.494 163.714 148.51 1157.12
internal_count=1274828 1118125 370458 364846 156703 28609 5438 5612 4908 1586 2096 2721 747667 24717 8823 722950 32803 25657 690147 54942 635205 7146 8102 15894 359408 128094 91573 60149 36420 36521
is_linear=0
shrinkage=0.08


end of trees

feature_importances:
Column_0=1125
Column_1=1086
Column_3=1066
Column_6=1025
Column_2=916
Column_5=831
Column_4=765
Column_8=357
Column_9=130
Column_7=39

parameters:
[boosting: gbdt]
[objective: binary]
[metric: auc]
[tree_learner: serial]
[device_type: cpu]
[data_sample_strategy: bagging]
[data: ]
[valid: ]
[num_iterations: 250]
[learning_rate: 0.08]
[num_leaves: 31]
[num_threads: -1]
[seed: 42]
[deterministic: 0]
[force_col_wise: 0]
[force_row_wise: 0]
[histogram_pool_size: -1]
[max_depth: 6]
[min_data_in_leaf: 50]
[min_sum_hessian_in_leaf: 0.001]
[bagging_fraction: 0.75]
[pos_bagging_fraction: 1]
[neg_bagging_fraction: 1]
[bagging_freq: 1]
[bagging_seed: 400]
[bagging_by_query: 0]
[feature_fraction: 0.75]
[feature_fraction_bynode: 1]
[feature_fraction_seed: 30056]
[extra_trees: 0]
[extra_seed: 12879]
[early_stopping_round: 0]
[early_stopping_min_delta: 0]
[first_metric_only: 0]
[max_delta_step: 0]
[lambda_l1: 2]
[lambda_l2: 5]
[linear_lambda: 0]
[min_gain_to_split: 0]
[drop_rate: 0.1]
[max_drop: 50]
[skip_drop: 0.5]
[xgboost_dart_mode: 0]
[uniform_drop: 0]
[drop_seed: 17869]
[top_rate: 0.2]
[other_rate: 0.1]
[min_data_per_group: 100]
[max_cat_threshold: 32]
[cat_l2: 10]
[cat_smooth: 10]
[max_cat_to_onehot: 4]
[top_k: 20]
[monotone_constraints: ]
[monotone_constraints_method: basic]
[monotone_penalty: 0]
[feature_contri: ]
[forcedsplits_filename: ]
[refit_decay_rate: 0.9]
[cegb_tradeoff: 1]
[cegb_penalty_split: 0]
[cegb_penalty_feature_lazy: ]
[cegb_penalty_feature_coupled: ]
[path_smooth: 0]
[interaction_constraints: ]
[verbosity: -1]
[saved_feature_importance_type: 0]
[use_quantized_grad: 0]
[num_grad_quant_bins: 4]
[quant_train_renew_leaf: 0]
[stochastic_rounding: 1]
[linear_tree: 0]
[max_bin: 255]
[max_bin_by_feature: ]
[min_data_in_bin: 3]
[bin_construct_sample_cnt: 200000]
[data_random_seed: 175]
[is_enable_sparse: 1]
[enable_bundle: 1]
[use_missing: 1]
[zero_as_missing: 0]
[feature_pre_filter: 1]
[pre_partition: 0]
[two_round: 0]
[header: 0]
[label_column: ]
[weight_column: ]
[group_column: ]
[ignore_column: ]
[categorical_feature: ]
[forcedbins_filename: ]
[precise_float_parser: 0]
[parser_config_file: ]
[objective_seed: 16083]
[num_class: 1]
[is_unbalance: 0]
[scale_pos_weight: 1]
[sigmoid: 1]
[boost_from_average: 1]
[reg_sqrt: 0]
[alpha: 0.9]
[fair_c: 1]
[poisson_max_delta_step: 0.7]
[tweedie_variance_power: 1.5]
[lambdarank_truncation_level: 30]
[lambdarank_norm: 1]
[label_gain: ]
[lambdarank_position_bias_regularization: 0]
[eval_at: ]
[multi_error_top_k: 1]
[auc_mu_weights: ]
[num_machines: 1]
[local_listen_port: 12400]
[time_out: 120]
[machine_list_filename: ]
[machines: ]
[gpu_platform_id: -1]
[gpu_device_id: -1]
[gpu_device_id_list: ]
[gpu_use_dp: 0]
[num_gpu: 1]

end of parameters

pandas_categorical:null
