tree
version=v4
num_class=1
num_tree_per_iteration=1
label_index=0
max_feature_idx=9
objective=binary sigmoid:1
feature_names=Column_0 Column_1 Column_2 Column_3 Column_4 Column_5 Column_6 Column_7 Column_8 Column_9
feature_infos=[0:100] [0:100] [0:100] [0:68] [0:100] [0:100] [0:1] [0:1] [0:1] [0.10413223505020142:1]
tree_sizes=5853 6779 6798 6776 6783 6827 6797 6843 6830 6829 6845 6869 6800 6864 6851 6838 6900 6857 6852 6866 6868 6859 6888 6853 6874 6882 6903 6885 6864 6886 6872 6911 6892 6889 6901 6875 6878 6867 6867 6907 6855 6912 6880 6867 6885 6905 6861 6896 6897 6904 6918 6890 6909 6896 6884 6898 6905 6873 6895 6896 6875 6922 6918 6909 6910 6907 6902 6912 6887 6937 6880 6916 6868 6899 6892 6902 6960 6908 6855 6882 6878 6893 6846 6913 6888 6891 6891 6849 6915 6881 6918 6934 6845 6912 6921 6894 6908 6938 6908 6884

Tree=0
num_leaves=63
num_cat=0
split_feature=5 1 6 5 2 5 6 6 5 0 2 4 5 5 2 6 5 1 6 0 2 1 0 6 0 0 5 0 5 6 0 1 1 0 1 1 5 0 5 0 6 5 4 5 0 6 2 0 1 2 0 5 4 2 0 2 2 0 2 2 0 0
split_gain=883584 52686.3 14873.3 4914.04 8936.12 2084.86 3118.14 2010.69 2837.99 1620.77 1348.58 918.897 2149.27 713.614 682.413 586.133 621.001 648.202 519.684 394.158 382.798 266.074 226.283 238.392 213.545 210.918 190.854 221.563 185.448 129.418 127.007 118.991 115.515 118.521 96.6533 96.5112 94.4197 93.8369 113.912 89.5524 74.9463 133.447 74.2737 72.0226 114.008 102.552 57.469 55.045 50.7537 49.9269 49.0436 46.2615 44.7166 44.4473 41.9137 40.502 40.3727 38.7876 38.7037 38.1084 37.0349 35.7158
threshold=58.195386886596687 80.810150146484389 1.0000000180025095e-35 20.084033966064457 77.003208160400405 64.425609588623061 1.0000000180025095e-35 0.75000000000000011 46.734052658081062 79.795917510986342 89.386734008789077 23.14919471740723 41.614616394042976 49.358869552612312 88.493064880371108 1.0000000180025095e-35 68.989799499511733 68.870674133300795 0.75000000000000011 57.93287658691407 68.208553314208999 88.784065246582045 62.563131332397468 0.75000000000000011 65.485893249511733 82.637680053710952 77.210353851318374 66.323020935058608 40.631225585937507 1.0000000180025095e-35 48.514268875122077 88.784065246582045 70.647651672363295 81.872947692871108 67.006801605224624 70.396453857421889 52.657253265380866 90.353595733642592 46.734052658081062 62.563131332397468 0.75000000000000011 44.930728912353523 68.585231781005874 52.657253265380866 65.692962646484389 1.0000000180025095e-35 89.386734008789077 61.938297271728523 83.910789489746108 73.746868133544936 69.614067077636733 44.124549865722663 28.012739181518558 92.031745910644545 82.413585662841811 88.493064880371108 27.842377662658695 28.778468132019047 93.40579986572267 28.743545532226566 84.889995574951186 82.167320251464858
decision_type=2 2 2 2 2 2 2 2 2 2 2 2 2 2 2 2 2 2 2 2 2 2 2 2 2 2 2 2 2 2 2 2 2 2 2 2 2 2 2 2 2 2 2 2 2 2 2 2 2 2 2 2 2 2 2 2 2 2 2 2 2 2
left_child=1 3 13 4 9 6 10 37 24 20 25 55 18 51 29 16 17 39 -13 36 47 26 23 49 -9 34 27 42 52 -6 -16 -15 33 -31 -2 -22 57 43 -39 56 41 -14 -18 -5 -45 -46 -20 -1 -19 59 -21 -3 -26 -47 -30 -4 -7 -10 -43 -8 -11 -41
right_child=5 2 11 7 14 15 22 8 19 60 -12 12 40 31 30 -17 21 48 46 50 35 -23 -24 -25 28 -27 -28 -29 54 32 -32 -33 -34 -35 -36 -37 -38 38 -40 61 -42 58 -44 44 45 53 -48 -49 -50 -51 -52 -53 -54 -55 -56 -57 -58 -59 -60 -61 -62 -63
leaf_value=-0.15544242424242424 -0.14151111111111112 -0.15704702750665483 0.1253503184713376 -0.15972875124112781 -0.16 0.10434782608695653 0.14400000000000002 -0.14989227679386527 0.12952380952380954 0.055934959349593499 0.1287001287001287 -0.14114285714285715 -0.06198198198198198 -0.052107279693486587 -0.04594059405940594 0.1591439425801692 -0.028452655889145497 0.074985074626865669 -0.037894736842105259 0.074255691768826612 -0.10309690309690311 0.15666463290624363 0.15202900835566766 0.12589341692789968 -0.026666666666666665 0.10514285714285715 0.1363038325914793 0.11890909090909091 -0.012929292929292931 -0.017196261682242992 0.13625965996908812 0.091162790697674426 0.065746388443017653 0.12571428571428572 -0.045569620253164564 -0.02826855123674912 0.037777777777777778 -0.13552941176470587 0.096000000000000002 -0.012534562211981567 0.15621374045801528 0.064820512820512821 0.079094339622641507 -0.15302143522833178 -0.1255069370330843 -0.040738007380073799 0.12 -0.12558352402745995 0.1493877551020408 0.10352941176470588 0.13245033112582782 -0.10859205776173285 -0.13049891540130151 0.15085714285714286 0.14117647058823529 0.15523289097059589 -0.11259259259259259 -0.093821989528795807 0.14778181818181818 -0.085291828793774324 0.15552447552447551 0.152
leaf_weight=4125 450 1408.75 314 115318.5 23.75 5.7499999999999991 4.9999999999999991 1369.25 5.2499999999999991 30.75 194.25 280 27.75 65.25 25.25 108777.75 108.25 83.75 19 142.75 500.5 4917 1585.75 159.5 30 26.25 4324.75 440 99 321 808.75 86 311.5 42 79 141.5 72 42.5 20 54.25 655 48.75 66.25 1341.25 234.25 67.75 66 437 196 12.749999999999998 264.25 138.5 230.5 8.7499999999999982 12.749999999999998 3843 121.5 95.5 137.5 64.25 107.25 9.9999999999999982
leaf_count=16500 1800 5635 1256 461274 95 23 20 5477 21 123 777 1120 111 261 101 435111 433 335 76 571 2002 19668 6343 638 120 105 17299 1760 396 1284 3235 344 1246 168 316 566 288 170 80 217 2620 195 265 5365 937 271 264 1748 784 51 1057 554 922 35 51 15372 486 382 550 257 429 40
internal_value=0 -0.14227 0.0699401 -0.154188 -0.0884169 0.155874 0.0846803 -0.157976 -0.0842477 -0.137267 -0.0527285 0.134981 0.0743598 -0.136497 0.0818926 0.157415 0.139201 0.0494854 -0.0885479 0.0690643 -0.144443 0.143491 0.141043 0.0689027 -0.135286 -0.1162 0.130376 0.0886574 -0.0815581 0.0235446 0.130743 0.0293554 0.0300074 -0.000661157 -0.127183 -0.0866044 -0.0321852 -0.159439 -0.06144 -0.0639164 0.142785 0.101682 0.0123782 -0.159491 -0.142906 -0.0992438 0.0847059 -0.152582 0.127113 -0.0419512 0.112039 -0.15271 -0.118541 -0.0188235 0.00465324 0.152976 -0.10279 -0.0821836 0.126067 -0.0687365 0.133333 0.0130739
internal_weight=255000 133318 7089.5 126228 6874.25 121682 2576.75 119354 2321.25 5342 749.5 5391 1234 1698.5 1532.25 119105 10327.5 471.25 365 579.75 5204 9856.25 1827.25 241.5 1741.5 555.25 4939.25 614.5 372.25 698.25 834 151.25 674.5 363 529 642 172.75 117033 62.5 191.5 869 214 174.5 116970 1652 310.75 85 4562 279.75 82 407 1547.25 260.5 76.5 111.75 4157 127.25 100.75 186.25 69.25 138 64.25
internal_count=1020000 533272 28358 504914 27497 486728 10307 477417 9285 21368 2998 21564 4936 6794 6129 476421 41310 1885 1460 2319 20816 39425 7309 966 6966 2221 19757 2458 1489 2793 3336 605 2698 1452 2116 2568 691 468132 250 766 3476 856 698 467882 6608 1243 340 18248 1119 328 1628 6189 1042 306 447 16628 509 403 745 277 552 257
is_linear=0
shrinkage=0.08


Tree=1
num_leaves=63
num_cat=0
split_feature=5 1 6 5 0 9 9 5 5 9 6 0 5 1 1 9 6 9 5 9 3 3 1 0 1 0 3 1 0 0 6 5 5 0 0 6 5 1 9 0 9 9 5 0 0 1 0 6 0 8 1 1 3 0 0 9 1 8 6 5 0 5
split_gain=752794 44897.2 12664.5 4209.33 6493.72 3638.82 3338.07 2419.28 778.062 2195.47 658.719 633.876 620.566 576.432 550.475 439.153 423.294 475.99 423.343 250.024 215.275 206.648 185.758 167.077 150.878 123.445 119.612 124.938 119.163 116.043 104.385 103.475 112.2 96.34 95.8256 94.5359 325.145 93.0243 87.5537 81.5255 74.5015 67.8623 66.7207 60.0625 55.3556 55.2751 54.2834 50.8242 48.1214 47.8546 46.3965 44.8848 42.3583 42.2473 55.5092 41.5146 39.7108 39.4818 38.0245 55.4678 37.6256 42.0384
threshold=58.195386886596687 80.810150146484389 1.0000000180025095e-35 20.084033966064457 66.323020935058608 0.5935734510421754 0.55875089764595043 68.989799499511733 20.084033966064457 0.62180894613266002 1.0000000180025095e-35 75.893997192382827 51.363750457763679 65.733856201171889 59.896907806396491 0.55875089764595043 1.0000000180025095e-35 0.6353101134300233 73.19250869750978 0.6353101134300233 7.5000000000000009 5.5000000000000009 57.275131225585945 86.295150756835952 75.893997192382827 77.836257934570327 11.500000000000002 70.051548004150405 33.549783706665046 32.163381576538093 1.0000000180025095e-35 44.930728912353523 23.442888259887699 62.243186950683601 82.637680053710952 0.75000000000000011 49.358869552612312 64.89996719360353 0.6353101134300233 67.962265014648452 0.6353101134300233 0.64869347214698803 75.893997192382827 81.872947692871108 83.250827789306655 88.784065246582045 88.493064880371108 0.75000000000000011 26.36544227600098 1.0000000180025095e-35 59.59492492675782 69.282051086425795 7.5000000000000009 57.93287658691407 35.043859481811531 0.5935734510421754 53.694938659667976 1.0000000180025095e-35 1.0000000180025095e-35 41.994474411010749 70.396453857421889 83.384460449218764
decision_type=2 2 2 2 2 2 2 2 2 2 2 2 2 2 2 2 2 2 2 2 2 2 2 2 2 2 2 2 2 2 2 2 2 2 2 2 2 2 2 2 2 2 2 2 2 2 2 2 2 2 2 2 2 2 2 2 2 2 2 2 2 2
left_child=1 3 12 4 14 15 7 10 -4 31 25 13 40 -6 56 35 17 18 34 37 51 45 -17 24 43 48 27 -16 -9 -12 33 32 -10 42 55 -5 44 -7 -14 47 -3 -11 -30 50 -37 -19 58 -31 -2 -39 -13 -15 -26 54 -38 -8 -1 -42 -24 -60 61 -20
right_child=6 2 8 5 11 19 16 28 9 41 29 23 38 20 26 22 -18 21 60 -21 -22 -23 46 -25 52 -27 -28 -29 30 39 -32 -33 -34 -35 -36 36 53 49 -40 -41 57 -43 -44 -45 -46 -47 -48 -49 -50 -51 -52 -53 -54 -55 -56 -57 -58 -59 59 -61 -62 -63
leaf_value=-0.14175582519429136 0.071584186267912228 -0.1431553468350428 0.14185820088889645 -0.14779935786943763 -0.093052603293168765 0.077190027452538251 -0.04870436128412204 0.14706991932086555 0.070237387330970499 0.059976457516425621 0.14089401909963714 0.069478838739238102 -0.060306975324568364 -0.038934952040219538 -0.08971231900383024 0.051677457228997109 0.14734034369567717 0.13142817125004685 0.063569045854030753 0.11873461703700999 0.092999154209751189 0.10956225015094129 -0.12307799902839735 0.14060063640284295 0.075436631773601423 0.11141381439287418 0.017096440273382692 0.035571152993773704 -0.064403941131144352 -0.040995851587778763 0.12934537982757208 0.036749865649227637 -0.12720195308209323 0.1350862301926781 0.11766312561913193 -0.13843988648387098 0.10758561172045894 0.010200306220789924 0.095782258990358193 0.11612603389142306 -0.0052808228323863414 0.14126064774118843 0.065012317715749321 0.074879639265324913 0.10547445289548496 0.14569040351255588 0.080135973857725265 0.077805722700135138 -0.1264828133912563 -0.076099919139943517 -0.043326676001250598 0.020761708015321841 0.13199766793902559 0.10763124835957449 -0.05420205218179288 0.013167115777948754 -0.12093322923062655 -0.12684714372437014 -0.11343437494275621 -0.035630144766502933 0.14319227392362302 0.12593579916989617
leaf_weight=3737.5682926774025 7.9681132286787024 1504.4042591303587 4094.92565099895 115994.69535440207 286.42536562681198 82.548002749681473 136.43486371636391 545.31316819787025 19.641566380858421 71.270140618085861 57.438855960965157 30.205158233642578 31.727760121226311 117.73417854309082 397.20529508590698 66.858009800314903 109093.97609624267 2637.8998531848192 123.32650451362133 268.30918323993683 299.37424559891224 1638.9987869113684 187.72184926271439 334.17748801410198 187.52441197633743 14.699258387088774 116.8055449873209 58.438314706087112 56.716076210141182 114.32384032011032 160.97858369350433 31.669055625796318 296.36915110051632 44.087432101368904 38.359876900911331 1483.432917252183 17.725676372647285 96.711478874087334 83.597879961133003 37.027901977300644 39.108956709504128 846.39605715870857 46.315693542361259 67.789706498384476 5.9787950962781897 5104.4620071202517 11.470743402838705 28.865590244531631 531.60756595432758 71.54339924454689 102.59060451388359 255.62526468932629 154.60051472485065 22.946604788303375 57.92408812046051 141.27521958947182 695.19110929965973 30.380215093493462 118.00283549726009 116.57693347334862 212.04768271744251 157.51725071668625
leaf_count=15037 32 6053 16476 466939 1149 331 547 2194 79 286 231 121 127 472 1595 268 439140 10599 495 1077 1202 6586 755 1343 752 59 469 234 227 459 648 127 1191 177 154 5965 71 388 335 149 157 3405 186 272 24 20542 46 116 2136 287 411 1024 621 92 232 566 2795 122 474 468 852 633
internal_value=-2.06729e-07 -0.131727 0.0647211 -0.142767 -0.0817499 -0.146287 0.144323 0.031152 0.124915 0.0700849 -0.0695507 0.0469381 -0.126289 0.00199359 -0.128956 -0.147216 0.145884 0.130291 0.0714115 0.0650563 0.0424608 0.135368 -0.0724474 0.0960995 0.0686976 -0.117326 -0.055129 -0.0736442 0.1246 0.0418748 0.0848295 -0.101114 -0.11493 0.0361201 -0.000858173 -0.147534 -0.128147 0.00763118 0.0528398 0.0103154 -0.139415 0.134948 -0.00622767 0.0136091 -0.137461 0.140831 -0.091579 -0.0170466 -0.123558 -0.0264953 -0.0176684 0.00193712 0.100996 0.0125481 -0.0162932 -0.0172294 -0.13849 -0.0584288 -0.0962432 -0.0747687 0.117755 0.0985488
internal_weight=253423 132493 7049.49 125444 6841.26 118602 120930 1645.34 5360.27 1265.35 791.931 1836.05 1689.22 959.159 5005.21 118083 119284 10190.3 808.961 519.112 672.734 9381.36 500.63 876.888 542.71 554.275 572.449 455.644 853.411 237.656 308.098 347.68 316.011 147.119 316.07 117583 1588.01 250.803 115.326 180.217 1573.89 917.666 103.032 200.585 1489.41 7742.36 433.772 143.189 539.576 168.255 132.796 373.359 342.125 98.5964 75.6498 277.71 4432.76 69.4892 422.302 234.58 492.891 280.844
internal_count=1020000 533272 28358 504914 27497 477417 486728 6614 21564 5088 3182 7367 6794 3847 20130 475334 480114 40974 3247 2083 2698 37727 2011 3520 2177 2227 2298 1829 3432 955 1238 1397 1270 590 1267 473323 6384 1006 462 724 6332 3691 413 804 5989 31141 1743 575 2168 675 532 1496 1373 395 303 1113 17832 279 1697 942 1980 1128
is_linear=0
shrinkage=0.08


Tree=2
num_leaves=63
num_cat=0
split_feature=4 1 6 6 6 4 1 0 0 4 2 4 4 4 2 4 1 0 2 6 4 6 1 2 0 1 4 4 0 6 1 0 3 0 0 4 6 0 3 2 6 4 2 2 2 4 0 4 6 1 4 2 0 3 0 2 0 0 2 0 2 1
split_gain=542801 78355 16382.3 12831.2 10315.3 15190.5 4699.51 3385.53 3153.65 1750.11 4329.67 1465.89 856.877 699.348 560.674 511.207 636.95 493.626 401.579 389.171 693.006 380.343 355.246 317.789 299.861 291.658 263.863 239.602 844.503 970.005 204.983 187.469 186.477 176.311 170.851 380.525 347.896 165.731 139.988 128.11 125.725 168.517 124.465 122.225 122.14 121.506 112.6 111.612 109.836 197.084 109.361 104.818 101.907 101.621 91.5124 93.1849 89.1449 84.9799 84.8188 80.0336 74.977 74.3908
threshold=49.285570144653327 78.210895538330092 0.75000000000000011 1.0000000180025095e-35 1.0000000180025095e-35 60.650449752807624 73.746868133544936 86.295150756835952 57.712133407592781 17.173579216003422 78.611557006835952 42.629304885864265 42.887798309326179 40.562738418579109 89.825496673583999 65.762619018554702 64.051280975341811 82.637680053710952 68.208553314208999 0.75000000000000011 20.526680946350101 1.0000000180025095e-35 88.784065246582045 90.366767883300795 68.208553314208999 86.70682525634767 41.910465240478523 57.508169174194343 59.885057449340827 0.75000000000000011 92.031745910644545 64.051280975341811 5.5000000000000009 74.601570129394545 66.323020935058608 44.835317611694343 1.0000000180025095e-35 26.36544227600098 4.5000000000000009 71.010189056396499 1.0000000180025095e-35 20.526680946350101 93.582702636718764 89.825496673583999 73.746868133544936 41.910465240478523 75.893997192382827 42.629304885864265 0.75000000000000011 70.647651672363295 39.443080902099616 94.791099548339858 28.778468132019047 4.5000000000000009 28.778468132019047 67.890834808349624 84.028984069824233 59.611795425415046 55.625879287719734 73.09759902954103 93.40579986572267 44.920890808105476
decision_type=2 2 2 2 2 2 2 2 2 2 2 2 2 2 2 2 2 2 2 2 2 2 2 2 2 2 2 2 2 2 2 2 2 2 2 2 2 2 2 2 2 2 2 2 2 2 2 2 2 2 2 2 2 2 2 2 2 2 2 2 2 2
left_child=1 2 7 11 5 6 17 9 12 10 18 30 37 24 19 16 46 31 33 20 -5 47 51 38 43 60 -22 28 29 44 -3 -2 -17 -1 -11 40 -37 -4 -12 -39 -36 -42 58 -10 52 -43 -7 -9 49 -30 -32 -13 -6 57 -14 -56 -26 -20 -33 -55 -8 -25
right_child=4 3 8 14 27 15 25 21 13 34 23 22 54 -15 -16 32 -18 -19 53 -21 26 -23 -24 61 56 -27 -28 -29 48 -31 50 42 -34 -35 35 36 -38 39 -40 -41 41 45 -44 -45 -46 -47 -48 -49 -50 -51 -52 -53 -54 59 55 -57 -58 -59 -60 -61 -62 -63
leaf_value=-0.13302211202343939 -0.12930307283097797 -0.12194033297987165 0.063562483146854712 0.10334787912149793 0.1206993081289553 -0.081378133610201436 0.003744460997389126 -0.095415508953977227 -0.020373282977068079 -0.13794577756033954 0.065259515840327076 -0.070817668453494409 0.13470690868967325 0.11743936098620207 0.13045555007996509 0.13178455976412162 0.10885702558657273 0.10404199212459313 0.058804010377468505 0.12434550158875851 -0.0814440425520815 0.11887950009754604 0.084948841125217125 -0.052223874117822471 0.05686906054522109 0.12541185035850674 0.074851955034920689 0.13786084593738865 0.054837933194672346 0.11516972260656549 -0.083652991560283621 0.025140111693890198 0.10125474763177544 0.034728021703766147 -0.13574852950539976 -0.10310184478689138 0.024562403014234315 -0.10954810287798294 -0.022177152309128593 0.0043783547482400161 0.017471773883331671 -0.12395752346506671 0.07304283090422041 0.1336897864518384 0.078988608356757861 -0.056020595477310808 0.12428710198933106 0.085344309113653746 0.13721835892765286 0.12930830745360136 0.004803867776635609 0.034808345677903967 -0.083081996607015804 -0.10759080953269896 0.0016349494238345539 0.1085329725106275 0.13314460068529577 -0.050774087662923115 -0.096716108999687689 0.0027328346827698541 0.081287007082307294 0.12288533940216168
leaf_weight=4057.9995492249727 2508.0383971780539 1548.4741314053535 39.667047798633575 503.60241293907166 16.609166666865349 191.58168131113052 217.31151248514652 84.472801640629768 494.17727036774158 99862.76307362318 237.80755823850632 184.3779438585043 60.409661993384361 1451.1432253867388 8468.8999745100737 6331.5775121003389 400.46064735949039 64.157217636704445 55.033625200390816 652.8645281046629 270.94262923300266 363.1865374147892 354.74972447752953 16.109786689281464 554.40486797690392 574.44738408923149 92.809020429849625 93655.106818169355 302.2386266887188 568.51834772527218 384.36458896100521 39.767285898327827 1605.0149718374014 40.499183550477028 9045.2582859545946 579.1371173709631 178.78639374673367 1066.0268493443727 231.04375837743282 67.149610191583633 60.181451752781868 1998.6077840179205 33.247801542282104 35.311537176370621 38.629481270909309 183.99744758009911 18.700088635087013 29.495360866189003 5946.479576125741 919.00096441805363 116.58065195381641 89.224967747926712 288.6844612210989 324.89684516191483 224.02507199347019 68.040995076298714 119.13597954809666 255.95912951231003 452.92849019169807 48.346081778407097 126.12067431211472 429.0359642803669
leaf_count=16569 10257 6331 162 2047 68 779 882 345 2014 408945 954 751 247 5930 34637 25856 1630 261 222 2669 1105 1482 1449 65 2257 2346 379 383470 1235 2323 1570 162 6516 163 37034 2367 731 4351 928 274 243 8183 135 144 158 753 76 120 24343 3759 476 363 1180 1312 913 278 486 1029 1846 194 512 1734
internal_value=-7.51362e-07 -0.108663 -0.128286 0.0807374 0.128275 0.0598849 -0.0684486 -0.133795 0.0273688 -0.134658 -0.0914041 -0.074775 -0.0642995 0.0800494 0.122425 0.120183 0.0496553 -0.115553 -0.121893 0.077691 0.0425737 0.0788689 0.0321223 0.0681361 0.0349481 0.0905437 -0.0415661 0.13672 0.123503 0.0510144 -0.10755 -0.120197 0.125611 -0.131364 -0.13686 -0.12786 -0.0729872 -0.0971706 0.0221719 -0.102797 -0.131544 -0.114589 -0.076771 -0.0100988 -0.0550369 -0.11823 -0.0630886 -0.0486342 0.13273 0.110878 -0.0630672 -0.0363718 -0.0719955 -0.0651584 0.045077 0.0265384 0.0703607 -0.031383 -0.0868806 -0.0933006 0.0322209 0.116548
internal_weight=249228 134929 122262 12666.9 114299 12563.4 4016.02 118083 4179.49 117605 5696.73 2677.77 1525.32 2654.17 9989.12 8547.33 610.742 3098.14 4782.73 1520.22 867.354 477.155 628.353 913.997 1203.03 917.88 363.752 101735 8080.16 912.441 2049.42 3033.98 7936.59 4098.5 111909 12046 757.924 1172.84 468.851 1133.18 11288 2242.79 525.944 529.489 343.923 2182.61 210.282 113.968 7167.72 1221.24 500.945 273.603 305.294 684.236 352.476 292.066 673.541 310.993 492.696 373.243 343.432 445.146
internal_count=1020000 552206 500429 51777 467794 51258 16401 483373 17056 481426 23170 10940 6225 10831 40837 34857 2485 12661 19489 6200 3531 1947 2563 3681 4901 3740 1484 416536 33066 3729 8377 12400 32372 16732 458256 49311 3098 4787 1882 4625 46213 9179 2143 2158 1406 8936 855 465 29337 4994 2046 1114 1248 2757 1438 1191 2743 1251 2008 1506 1394 1799
is_linear=0
shrinkage=0.08


Tree=3
num_leaves=63
num_cat=0
split_feature=5 1 6 5 2 9 9 5 0 5 2 6 5 9 6 9 5 9 9 2 3 2 3 2 0 2 0 6 2 1 0 0 5 5 0 0 3 0 2 2 9 5 6 0 0 6 9 2 0 0 0 2 2 6 9 2 0 0 1 5 5 2
split_gain=566796 33416.8 7791.5 4224.78 6991.91 3080.46 2511.81 1863.68 1062.46 521.001 503.456 493.463 432.035 1386.27 318.65 355.512 311.679 288.347 269.023 260.777 195.193 178.431 176.14 131.451 108.834 102.91 95.3302 93.3357 88.3147 86.3422 83.4989 83.1851 81.8486 79.769 77.0991 71.0307 66.0741 100.229 63.4395 60.0623 57.5674 56.9892 260.407 101.571 54.3247 54.1008 52.5227 50.9185 48.8668 48.3654 43.8557 43.1568 41.2987 50.2839 36.5197 36.4884 36.2488 35.9428 33.3754 33.0786 31.0403 30.8139
threshold=58.195386886596687 83.239700317382827 1.0000000180025095e-35 20.084033966064457 77.003208160400405 0.5935734510421754 0.55875089764595043 68.989799499511733 80.810150146484389 48.621318817138679 90.366767883300795 1.0000000180025095e-35 20.084033966064457 0.62180894613266002 1.0000000180025095e-35 0.62180894613266002 73.19250869750978 0.55875089764595043 0.6353101134300233 68.208553314208999 6.5000000000000009 60.910972595214851 5.5000000000000009 44.033897399902351 75.582656860351577 30.848532676696781 74.601570129394545 1.0000000180025095e-35 92.63776016235353 63.224515914916999 61.143791198730476 44.920890808105476 23.442888259887699 44.930728912353523 82.637680053710952 66.323020935058608 4.5000000000000009 59.611795425415046 93.582702636718764 93.788581848144545 0.6353101134300233 49.358869552612312 0.75000000000000011 83.250827789306655 91.922958374023452 1.0000000180025095e-35 0.64869347214698803 81.438415527343764 86.295150756835952 73.746868133544936 60.736890792846687 27.842377662658695 93.788581848144545 1.0000000180025095e-35 0.52298191189765941 46.247655868530281 97.70084381103517 60.922586441040046 71.010189056396499 76.615627288818374 46.734052658081062 60.736890792846687
decision_type=2 2 2 2 2 2 2 2 2 2 2 2 2 2 2 2 2 2 2 2 2 2 2 2 2 2 2 2 2 2 2 2 2 2 2 2 2 2 2 2 2 2 2 2 2 2 2 2 2 2 2 2 2 2 2 2 2 2 2 2 2 2
left_child=1 3 9 4 8 17 7 11 19 -3 20 26 -4 32 15 16 28 41 29 49 27 50 38 -9 47 -13 51 -6 34 -7 45 -12 -14 -34 -8 54 37 -21 59 -31 -11 -5 43 -43 52 -25 56 -22 -29 61 -19 -2 -23 -54 -27 -44 -15 -57 -38 -17 -20 -1
right_child=6 2 12 5 10 18 14 23 -10 40 31 25 13 46 -16 22 -18 21 60 36 24 44 -24 30 -26 35 -28 48 -30 39 -32 -33 33 -35 -36 -37 58 -39 -40 -41 -42 42 55 -45 -46 -47 -48 -49 -50 -51 -52 -53 53 -55 -56 57 -58 -59 -60 -61 -62 -63
leaf_value=-0.12851079552481745 0.035929207963082591 -0.12663001419514325 0.12680869284176455 -0.13105438977519401 -0.14308692810216089 0.072397072805703622 -0.044711268482430074 0.12675779071595286 0.11672623203108314 -0.048336088859812526 -0.054629334298095959 0.12654646008760756 0.075314788445914618 0.079185615274886406 0.13052018831646578 0.089506604028017966 0.10469881459562083 -0.015738808222145292 0.037472059163286477 0.05646926163220984 -0.10552512869045899 -0.10098331057769404 0.095890108782504244 -0.05055332195757728 0.062434890905421148 -0.060906631796229717 0.08530586807238473 0.05010709008027682 0.10956354070371768 -0.046305774083852072 0.11993647132795536 0.11809807922412979 -0.11917986664355912 0.043326558155049891 0.10352128798347343 0.094651984534896705 -0.10245618360712129 -0.064394883214990609 0.12977792296416882 0.081914047086727768 0.069276922049576528 -0.12545334544479531 0.045896791856601678 0.054144863282987538 0.11512835086619076 0.075254805762008867 0.12545617860685249 -0.023241314293635008 0.11828669553642002 -0.024411910959600002 0.1113036167840343 -0.1128227106737172 -0.083419999925023788 0.097324917371763853 0.024216909329573905 -0.099685907619389044 -0.075213788162124526 0.085774340587469258 -0.025775089457865667 0.11763514479177956 0.11272979905147791 -0.11008605717255625
leaf_weight=3649.7422255426645 12.796146169304846 1137.5564576387405 3689.0825727880001 109577.2026373744 14.970388367772101 69.949919357895851 200.18529798090458 677.01922981441021 126.63180893659592 36.148961171507835 18.213071137666702 59.779651165008545 17.303828924894333 47.762712478637695 104595.4948041141 304.42413365840912 366.0016366392374 35.266821652650833 40.246229812502861 54.143627405166626 83.75321838259697 433.9381303191185 1667.0071215182543 57.649920254945755 63.179076865315437 74.792254209518433 16.644604027271271 503.0045560002327 34.380873799324036 185.11662358045578 57.365823835134506 881.66588160395622 218.98249079287052 21.203688099980354 25.29394243657589 42.613617718219757 307.64925502240658 232.35466311872005 5057.6816608309746 26.761644646525383 101.19530753791332 3388.2953143119812 61.114973485469818 20.273953467607498 8.1172242015600187 35.25306324660778 767.56150996685028 113.16422368586063 77.668447405099869 30.456540003418922 34.307868018746376 509.37154103815556 27.490431010723114 15.352225139737127 56.715561926364899 27.813064411282539 12.221710026264189 8.8051935583353025 41.190821304917336 2209.9759291410446 273.00781866908073 690.90141279995441
leaf_count=15272 52 4722 15429 460172 61 285 808 2816 524 146 74 248 71 195 439140 1250 1505 142 164 218 338 1771 6849 233 257 302 68 2033 139 745 237 3642 887 86 104 175 1260 938 21137 108 410 14179 247 82 33 146 3210 455 321 123 139 2107 113 62 230 112 49 36 165 9182 1128 2868
internal_value=-1.27384e-06 -0.116667 0.0668379 -0.125831 -0.0649885 -0.1295 0.127832 0.0282898 -0.112124 -0.10886 0.0728254 -0.0610479 0.113757 0.0693819 0.129224 0.115479 0.0571288 -0.130451 0.0520408 -0.117912 0.0288938 -0.0729009 0.119432 0.111734 -0.0289261 0.0359832 -0.10317 0.0541417 -0.00987141 -0.00466825 0.0440465 0.114602 -0.0927274 -0.104834 -0.0280827 0.00489081 -0.0700214 -0.0415535 0.124615 -0.0301108 0.0383212 -0.130733 -0.120693 -0.124385 -0.0900913 -0.00281404 0.119822 -0.0582384 0.0592265 -0.124873 0.0469069 -0.109177 -0.0935852 -0.0186519 -0.0241953 0.00805939 0.047727 -0.0550903 -0.0934017 0.11423 0.103061 -0.125578
internal_weight=243231 127171 6049.02 121122 6888.69 114233 116060 1600 5133.07 1274.9 1755.62 772.713 4774.12 1085.04 114460 9864.95 625.862 113638 595.082 5006.44 855.74 554.473 9239.09 827.288 260.097 233.901 538.812 595.643 259.86 281.828 150.269 899.879 257.49 240.186 225.479 174.121 635.338 286.498 7572.08 211.878 137.344 113084 3506.3 3408.57 484.898 92.903 827.546 196.917 580.673 4371.1 69.5747 522.168 476.781 42.8427 131.508 97.7332 59.9844 36.6183 348.84 2514.4 313.254 4340.64
internal_count=1020000 533272 25205 508067 28549 479518 486728 6614 21368 5278 7181 3182 19927 4498 480114 40974 2556 477088 2430 20844 3465 2260 38418 3432 1050 955 2227 2415 1051 1138 616 3716 1044 973 912 707 2581 1156 31569 853 556 474828 14656 14261 1979 379 3454 793 2354 18263 281 2159 1946 175 532 395 244 148 1425 10432 1292 18140
is_linear=0
shrinkage=0.08


Tree=4
num_leaves=63
num_cat=0
split_feature=5 1 6 5 2 6 5 5 6 0 2 2 5 5 5 6 5 1 0 6 3 3 2 0 6 1 0 6 5 8 0 5 2 8 0 2 5 0 2 1 2 0 0 1 5 0 3 0 5 6 5 0 3 0 0 0 5 8 5 0 8 2
split_gain=496473 29302.2 6800.78 3795.1 6103.35 1280.38 1810.46 1277.4 1759.27 877.307 782.55 534.361 458.862 384.163 984.069 364.381 344.547 347.61 273.675 251.895 220.993 207.202 169.004 150.814 144.604 124.101 119.559 86.5936 81.0764 78.2607 77.7603 77.2221 91.8837 73.9421 72.5923 72.0626 71.7759 97.6488 72.6391 69.8888 67.5246 54.6057 53.8622 53.7504 53.224 46.6645 43.1934 56.2437 42.7899 42.5086 42.4371 49.6831 42.2417 40.5504 38.8793 42.6635 38.1461 80.709 36.4204 37.9961 34.2602 33.5836
threshold=58.195386886596687 83.239700317382827 1.0000000180025095e-35 20.084033966064457 75.716625213623061 0.75000000000000011 46.184494018554695 64.425609588623061 1.0000000180025095e-35 79.795917510986342 89.386734008789077 88.493064880371108 47.925275802612312 20.084033966064457 41.189094543457038 1.0000000180025095e-35 68.989799499511733 74.601570129394545 60.49571609497071 0.75000000000000011 8.5000000000000018 5.5000000000000009 66.323020935058608 62.563131332397468 0.75000000000000011 67.769271850585952 82.637680053710952 1.0000000180025095e-35 23.442888259887699 1.0000000180025095e-35 62.563131332397468 79.373264312744155 89.825496673583999 1.0000000180025095e-35 51.887464523315437 93.582702636718764 54.250427246093757 66.323020935058608 93.582702636718764 74.115688323974624 93.582702636718764 85.847797393798842 83.250827789306655 65.485893249511733 40.631225585937507 74.601570129394545 2.5000000000000004 52.97661209106446 49.358869552612312 1.0000000180025095e-35 76.615627288818374 73.746868133544936 4.5000000000000009 74.601570129394545 33.549783706665046 64.89996719360353 46.734052658081062 1.0000000180025095e-35 41.994474411010749 62.243186950683601 1.0000000180025095e-35 66.323020935058608
decision_type=2 2 2 2 2 2 2 2 2 2 2 2 2 2 2 2 2 2 2 2 2 2 2 2 2 2 2 2 2 2 2 2 2 2 2 2 2 2 2 2 2 2 2 2 2 2 2 2 2 2 2 2 2 2 2 2 2 2 2 2 2 2
left_child=1 3 12 4 9 36 25 8 10 22 26 20 -3 -4 19 16 17 30 29 28 27 40 45 24 -10 42 43 -6 -15 48 -9 32 54 -14 -13 44 -5 -38 49 -22 50 52 58 -2 -27 -1 47 -24 -8 -39 51 61 53 -29 -23 -56 57 -16 -7 -60 -20 -18
right_child=7 2 13 5 11 6 18 15 23 -11 -12 34 33 14 56 -17 21 -19 60 -21 39 31 46 -25 -26 35 -28 41 -30 -31 -32 -33 -34 -35 -36 -37 37 38 -40 -41 -42 -43 -44 -45 -46 -47 -48 -49 -50 -51 -52 -53 -54 -55 55 -57 -58 -59 59 -61 -62 -63
leaf_value=-0.12041160158253524 -0.11204984080207918 -0.12078213077820478 0.12039945683707724 -0.12465419053028186 -0.13577634194062055 -0.1227360959939662 -0.050818506914134039 -0.074238037126455839 -0.038440194467531968 0.10408486722750818 0.10032492424321511 -0.011675186020655162 0.070879522440513085 0.074438331264427837 0.10402626890654587 0.12424181136199437 -0.014337020629241427 0.10803013907787054 0.10555772466452087 0.07228571104722438 -0.075543366417961638 0.124542359588797 0.10924631921665277 0.11764962420540982 0.094384247795844409 -0.094361402580639006 0.078671295230090393 0.07581166567557962 -0.1144547991763326 -0.074619349260651419 0.021908520779327489 0.095452192576748418 0.09596304606836395 -0.046518991624899586 0.10871017123422569 0.082694802393066744 -0.11638310404902853 -0.091123119067634345 0.099076639037154884 0.067686781233980253 0.1233174165695415 0.11331970107813392 0.1062262555262224 -0.045078067255061909 -0.00086975279518204174 0.013823652187025174 -0.08964366453131975 -0.057701284412923562 0.057332604417339159 -0.0062421643781806905 0.11085664861364122 0.10351099486438743 0.0024670660735297829 0.026642677913907939 -0.03789080485491178 0.046297976986239928 0.12090831888490562 -0.061933708456060263 -0.10441174735422512 -0.022271606612764713 0.057118469910221494 0.076324808348947309
leaf_weight=4008.6519031971693 409.09343098104 1093.8926141411066 3579.0906369686127 107370.21698610485 17.569545969367027 1211.4415359050035 34.003334805369377 124.05620428919792 80.481026008725166 121.7621056586504 184.66995097696781 33.209892794489861 95.695342525839806 15.645517468452452 96.389287754893303 100335.40721774101 48.496158331632614 231.69367907941341 277.5338751077652 70.668909177184105 169.59666070342064 17.861382886767387 13.938481435179709 1470.4504860937595 150.64941075444221 132.93545351922512 25.317686945199966 202.97914150357246 206.29722487926483 98.807184040546417 95.109727919101715 1601.7489221543074 166.29675687849522 53.549434095621109 923.44292445480824 23.12667453289032 747.01401548087597 146.33492407202721 17.903296589851379 25.019595980644226 4649.6471033543348 65.826410800218582 6.9311609268188468 94.394006803631783 55.133985593914986 16.643030524253845 555.71861983835697 175.88028459250927 75.17557068169117 50.8928192704916 2363.5564731359482 183.31035974621773 167.53544056415558 227.84673692286015 85.761508300900459 69.940917477011681 646.03050152957439 23.284401953220367 171.69782176613808 45.617783278226852 140.8876620978117 56.747458189725876
leaf_count=17271 1734 4669 15429 465884 73 5137 140 517 328 514 777 135 391 65 411 435111 197 981 1162 299 690 74 57 6343 638 540 105 819 848 403 387 6709 691 218 3902 94 3215 614 73 102 20050 278 28 382 223 67 2314 720 305 206 10065 770 679 928 348 288 2778 97 723 185 586 233
internal_value=-2.3989e-06 -0.11093 0.0633354 -0.119664 -0.0613177 -0.123212 -0.0637938 0.121548 0.0639935 -0.107965 -0.0414523 0.0631891 -0.102829 0.107879 0.0655349 0.122811 0.108 0.0397106 0.0519665 -0.0592551 0.0180602 0.111331 -0.113377 0.108207 0.048134 -0.107824 -0.0909639 0.0395241 -0.101139 -0.0230348 -0.0325141 0.0881031 0.0534672 0.0287566 0.104531 -0.0505666 -0.124459 -0.102706 -0.0552146 -0.0571299 0.117507 0.0441613 -0.116247 -0.0994939 -0.0669536 -0.119857 -0.0783897 -0.0454422 0.0236494 -0.0692204 0.107321 0.0783583 0.0365531 0.0498081 0.0127506 -7.35351e-05 0.113223 0.0717361 -0.117326 -0.0871693 0.0892476 0.0345479
internal_weight=235657 123212 5880.54 117331 6725.62 110606 2273.29 112445 2415.06 4892.59 713.475 1833.03 1243.14 4637.41 1058.32 110030 9694.23 450.86 626.408 292.612 876.374 9243.37 4770.83 1701.58 231.13 1646.88 528.805 681.757 221.943 207.986 219.166 1941.61 339.861 149.245 956.653 211.196 108332 962.145 215.131 194.616 7301.76 664.188 1435.69 503.487 188.069 4025.29 745.537 189.819 109.179 197.228 2652.11 288.554 598.361 430.826 173.564 155.702 765.704 119.674 1428.76 217.316 418.422 105.244
internal_count=1020000 533272 25205 508067 28549 479518 9526 486728 10307 20943 2998 7606 5278 19927 4498 476421 41310 1885 2596 1212 3569 39425 20429 7309 966 6930 2221 2777 913 848 904 8110 1401 609 4037 857 469992 4108 893 792 31315 2704 6073 2116 763 17338 3091 777 445 820 11265 1200 2426 1747 710 636 3286 508 6045 908 1748 430
is_linear=0
shrinkage=0.08


Tree=5
num_leaves=63
num_cat=0
split_feature=5 0 6 5 9 9 9 5 0 4 5 5 6 6 9 6 9 5 9 6 9 3 6 5 3 0 0 0 0 3 4 6 0 9 8 4 4 9 3 4 0 8 9 5 6 5 5 8 8 8 0 4 3 4 9 9 5 0 0 0 8 0
split_gain=437526 25475.2 6140.46 3282.13 4597.83 3135.96 2024.93 1432.77 476.863 428.414 1022.22 398.551 357.564 315.573 309.609 309.455 300.913 274.775 208.167 189.328 166.742 145.818 116.072 136.503 115.059 83.3464 79.9263 76.2013 72.8749 70.4272 69.7693 67.0582 64.6616 63.2807 59.8517 59.488 57.5446 54.2906 53.8187 50.9807 50.7784 49.756 48.9261 46.1938 46.1754 185.61 45.5054 44.8364 40.0509 39.6406 38.9925 37.2134 35.7151 34.92 34.1569 33.1946 31.5403 31.3599 30.598 30.1202 29.9905 29.4179
threshold=58.195386886596687 83.796653747558608 1.0000000180025095e-35 20.084033966064457 0.35201659798622137 0.60823646187782299 0.55875089764595043 68.989799499511733 61.451047897338874 23.14919471740723 41.036838531494148 51.363750457763679 1.0000000180025095e-35 1.0000000180025095e-35 0.55875089764595043 1.0000000180025095e-35 0.64869347214698803 73.19250869750978 0.37269683182239538 0.75000000000000011 0.64869347214698803 5.5000000000000009 1.0000000180025095e-35 44.930728912353523 11.500000000000002 33.549783706665046 32.163381576538093 74.322341918945327 78.142959594726577 7.5000000000000009 65.012313842773452 1.0000000180025095e-35 57.307060241699226 0.62180894613266002 1.0000000180025095e-35 35.448791503906257 30.445816993713382 0.40380826592445379 7.5000000000000009 72.507308959960952 88.998897552490249 1.0000000180025095e-35 0.28273916244506841 46.734052658081062 0.75000000000000011 49.358869552612312 44.124549865722663 1.0000000180025095e-35 1.0000000180025095e-35 1.0000000180025095e-35 26.36544227600098 20.526680946350101 13.500000000000002 40.469308853149421 0.32316082715988165 0.33058948814868933 39.77586746215821 92.907444000244155 66.323020935058608 68.457099914550795 1.0000000180025095e-35 54.923507690429695
decision_type=2 2 2 2 2 2 2 2 2 2 2 2 2 2 2 2 2 2 2 2 2 2 2 2 2 2 2 2 2 2 2 2 2 2 2 2 2 2 2 2 2 2 2 2 2 2 2 2 2 2 2 2 2 2 2 2 2 2 2 2 2 2
left_child=1 3 11 4 8 14 7 12 42 -4 19 46 27 -6 44 16 17 30 29 -11 41 57 -16 36 28 -9 -14 50 54 -15 40 32 39 43 58 -25 -24 38 -20 -27 -8 56 -1 -12 -5 -46 -3 -37 -21 -13 -2 -39 -44 -47 -10 -26 -7 -18 -28 -19 -48 -54
right_child=6 2 9 5 13 20 15 25 24 10 33 49 26 18 22 -17 21 59 37 48 -22 -23 23 35 55 31 34 -29 -30 -31 -32 -33 -34 -35 -36 47 -38 51 -40 -41 -42 -43 52 -45 45 53 60 -49 -50 -51 -52 -53 61 -55 -56 -57 -58 -59 -60 -61 -62 -63
leaf_value=-0.11417998633636377 0.078745895792970699 -0.11834069014675234 0.11472763741256303 -0.11937994196800364 -0.13147250216750803 -0.037969397226270532 -0.024269377401119143 0.12014471712450629 -0.079772447101109742 -0.11260310708682632 -0.032789103078404075 0.084140698420756888 0.11498639210438631 -0.014400783001868126 -0.10235440871971459 0.11888702240455738 0.10845606064655666 0.07784461864332741 0.044299338637051239 0.076748511996163837 0.10239349296106161 0.085599452966294468 0.038287289835614455 0.13433362102349178 -0.012992548674978744 -0.056515397146457452 0.016343650878606161 0.074537453401222184 0.023202902635444247 0.059446895088554642 0.065230539211944785 0.1038211028308028 0.094333659795330288 0.11442880305402446 -0.049114392957015508 0.031750346984283771 -0.099028381221545822 0.10276503353660907 0.095855524151828395 0.077240701313985541 0.12471466077260455 -0.03256223050140377 -0.099816904530965381 0.090806009803352086 -0.11254920048701618 0.08552521934074718 -0.033384755497146042 -0.049862723211142844 -0.12574941449318552 -0.02017549985656767 -0.10048568631786203 -0.087140244570509506 -0.093803444616860049 -0.025397732053441306 -0.045405605926327218 0.064520812158973845 0.064356305247951773 0.11928979954895631 0.11624485112987942 0.1137782895244026 -0.11161546358085751 -0.020349073016319528
leaf_weight=3003.0950630158186 7.8937814980745307 1012.6523062735796 3531.5280284583569 103731.55326600373 52.587876200675964 23.663892835378647 248.17057843506336 493.67455446720123 433.78195925056934 212.09040747582912 33.551343142986298 70.822422549128532 52.588088303804398 215.68967920541763 315.60106298327446 97482.727712601423 3771.1371877342463 329.64334155619144 311.22684575617313 50.018595322966576 356.76650351285934 1467.6535439044237 21.951416805386543 21.935791403055191 85.782919004559517 60.616500809788704 68.626595363020897 17.014238744974136 64.935487926006317 133.99782086908817 92.619632259011269 147.93180423974991 55.467771857976913 616.95425270497799 78.910303398966789 94.432398706674576 177.20549485087395 604.79800933599472 222.02975797653198 26.085281327366829 15.559257432818411 88.863648235797882 837.03666095435619 45.735260710120201 1366.3861339539289 24.557179793715477 71.673190161585808 79.225522220134735 7.1438083946704856 34.754994124174118 489.12942504882812 6.6768797785043708 68.01453486084938 69.77093194425106 322.83957506716251 60.152664303779602 104.03250904381275 3128.6977249830961 27.477867126464844 272.87171465158463 55.762824878096581 71.658536925911903
leaf_count=13401 32 4487 15738 467706 223 97 1014 2194 1856 896 139 292 231 885 1366 439140 16661 1400 1293 214 1554 6277 90 90 364 246 281 71 264 568 384 648 235 2740 325 387 733 2650 957 109 66 365 3679 190 5968 100 301 323 30 142 2124 28 298 284 1348 254 430 13985 118 1187 236 306
internal_value=-3.72173e-06 -0.106092 0.0582786 -0.114448 -0.0592343 -0.117815 0.116248 0.0247269 -0.0968754 0.101817 0.0545925 -0.0989005 -0.0549777 0.0611413 -0.118826 0.117555 0.103633 0.0611838 0.0679193 -0.0777764 0.0687804 0.108498 -0.0661876 -0.0372725 -0.0465009 0.100146 0.0285016 -0.0919402 -0.0581285 0.0138971 0.00549784 0.0661148 0.0268803 0.105783 0.00251486 0.0101975 -0.0838932 0.0844217 0.0657656 -0.0162733 -0.0154798 0.0134053 -0.109121 0.0385048 -0.119181 -0.105056 -0.112671 -0.00548284 0.0514416 0.0498009 -0.0976391 0.100691 -0.0935678 0.00347971 -0.0651086 0.0189574 0.045394 0.113369 0.0449071 0.0941185 -0.0676166 -0.0561181
internal_weight=227047 118713 5742.69 112970 6494.3 106476 108334 1525.42 4947.3 4497.02 965.494 1245.67 741.64 1547.01 105903 106809 9326.35 958.865 1494.42 269.253 573.327 8367.49 710.352 394.751 967.493 783.776 227.603 514.037 821.557 349.688 356.349 290.101 142.17 696.241 175.015 195.594 199.157 1144.73 533.257 86.7018 263.73 216.56 3979.8 79.2866 105192 1460.71 1140.09 173.658 57.1624 105.577 497.023 611.475 976.71 94.3281 756.622 145.936 127.696 6899.83 96.1045 602.515 127.436 139.673
internal_count=1020000 533272 25405 507867 28374 479493 486728 6614 21770 19947 4209 5458 3182 6604 477047 480114 40974 4051 6381 1140 2446 36923 2989 1623 4086 3432 955 2227 3468 1453 1464 1238 590 3069 724 800 823 4928 2250 355 1080 892 17684 329 474058 6352 5024 710 244 434 2156 2678 4283 384 3204 618 527 30646 399 2587 537 604
is_linear=0
shrinkage=0.08


Tree=6
num_leaves=63
num_cat=0
split_feature=5 1 6 5 2 9 9 5 0 2 4 9 9 6 6 9 9 5 9 0 2 2 1 2 2 2 6 2 2 2 5 0 0 5 4 1 0 4 0 0 9 0 5 0 2 0 6 2 0 5 5 5 0 6 5 2 0 4 5 6 2 4
split_gain=387515 22996.1 6520.57 2525.58 4113.05 1969.12 1829.96 1255.6 581.232 500.365 481.972 1296.99 363.638 313.606 312.17 283.051 261.908 247.852 132.478 121.324 119.317 119.313 111.767 108.89 101.08 92.0385 89.7821 81.2932 80.6198 80.4777 73.638 67.471 65.8865 64.9044 61.3514 61.2601 58.4679 56.1748 55.5055 54.3995 53.0652 52.7288 46.3157 41.6611 36.5478 34.6149 33.8366 32.6134 32.1703 31.0484 30.4604 30.4292 29.9298 29.8718 118.509 44.509 30.6106 28.4984 28.2232 56.4032 30.7922 27.4713
threshold=58.195386886596687 80.810150146484389 1.0000000180025095e-35 20.084033966064457 73.746868133544936 0.57548686861991893 0.55875089764595043 68.989799499511733 79.795917510986342 90.366767883300795 23.14919471740723 0.62180894613266002 0.6353101134300233 1.0000000180025095e-35 1.0000000180025095e-35 0.66001698374748241 0.62180894613266002 73.19250869750978 0.53236505389213573 86.295150756835952 93.127067565917983 56.562757492065437 90.353595733642592 44.033897399902351 66.323020935058608 60.736890792846687 1.0000000180025095e-35 80.901721954345717 93.788581848144545 30.848532676696781 51.363750457763679 77.836257934570327 61.143791198730476 44.124549865722663 28.639780998229984 76.50690078735353 60.736890792846687 65.762619018554702 44.920890808105476 71.50376129150392 0.6702905297279359 91.715686798095717 46.734052658081062 71.35785293579103 27.842377662658695 84.889995574951186 1.0000000180025095e-35 88.493064880371108 77.291824340820327 44.124549865722663 84.943626403808608 44.124549865722663 87.20676422119142 0.75000000000000011 49.358869552612312 39.077413558959968 79.795917510986342 9.600614547729494 49.358869552612312 1.0000000180025095e-35 95.488464355468764 35.319471359252937
decision_type=2 2 2 2 2 2 2 2 2 2 2 2 2 2 2 2 2 2 2 2 2 2 2 2 2 2 2 2 2 2 2 2 2 2 2 2 2 2 2 2 2 2 2 2 2 2 2 2 2 2 2 2 2 2 2 2 2 2 2 2 2 2
left_child=1 3 12 4 8 18 7 13 24 19 47 33 49 31 15 17 25 20 53 26 37 36 -17 -9 43 -7 -6 35 34 -15 -14 44 46 -12 -27 -28 -20 45 -11 -31 51 58 -18 -1 -2 -8 -25 -4 50 -3 -19 -13 -36 -5 56 -56 -55 -29 -23 -60 61 -61
right_child=6 2 10 5 9 16 14 23 -10 38 11 40 30 29 -16 22 42 48 21 -21 -22 41 -24 32 -26 28 27 57 -30 39 -32 -33 -34 -35 52 -37 -38 -39 -40 -41 -42 -43 -44 -45 -46 -47 -48 -49 -50 -51 -52 -53 -54 54 55 -57 -58 -59 59 60 -62 -63
leaf_value=-0.11084743434498441 0.042297653395904272 -0.11450352139608334 0.082587723504506466 -0.11493551553381076 -0.12767955113072998 0.07293072131472586 -0.038422778651235348 0.11007371512598015 0.093171865891744032 -0.041646733766839 -0.10544428684837531 0.0037154417682069454 -0.040064052129790591 0.11084662878543851 0.11437197521054947 0.094283559077150442 0.0085134697856379515 0.056974435600606513 -0.044153989841952658 0.10137879515577952 0.099018377439075933 -0.10498467447183395 0.11330604987260551 -0.046486869619219211 -0.07490574466066946 0.12416991365567788 -0.032465313645972819 0.014290830335626734 0.079931800629473873 -0.019594478009113788 0.073869835514437876 0.086585262745571559 0.1031731114069229 0.012050125916893197 -0.064026048110438799 0.04472673533212726 0.09659260809576331 0.052780921450301256 0.10197372532652427 0.10710600787407983 0.11090800660402531 0.097161644865270708 0.092153838067843774 -0.020094088976986405 -0.095730823606102439 0.073660203293322873 0.055615185133740329 0.1110091908632752 0.11441117326830791 -0.075544007709207439 0.09687585205342919 0.085947581327648348 0.067165634586768011 -0.10918362036795046 0.071126543120083194 -0.064503636315753732 0.050733312083799227 0.056959648247902284 -0.094879547487424373 0.16029972985932245 0.15813584498300973 -0.043667815081438091
leaf_weight=3712.4468282461166 12.604546144604681 1202.186483502388 280.29244519770145 98606.896232828498 33.49003829061985 56.035384774208069 228.34735748171806 614.92900377511978 96.685856968164444 17.672062605619431 269.95142708718777 47.885586872696877 66.213217005133629 54.857187256217003 93391.803083315492 3841.9330175071955 51.123050883412361 237.26406008005142 52.843519538640976 84.024635702371597 76.86881859600544 675.6719193905592 4071.910635471344 57.013402745127678 608.68013599514961 12.246517404913901 357.86919417977333 256.66452170908451 33.390620440244675 144.56506770849228 80.378782942891121 13.904356718063353 53.069203302264214 33.864511296153069 273.70490606129169 80.621016547083855 29.39837458729744 67.058094576001167 676.23690247535706 25.515866011381149 670.31547203660011 9.1339362859725934 247.52636210620403 32.657989546656609 472.92283584177494 19.110331207513809 32.679946213960648 3307.3782422691584 219.59149269759655 146.91448326408863 253.02063973248005 72.256947815418243 11.601099729537962 1137.5166623145342 31.978571996092796 30.023613661527634 7.7125426381826392 164.31356665492058 226.08414800465107 4.5467071980237952 6.1450898051261893 59.926373466849327
leaf_count=17200 52 5550 1256 464288 145 233 934 2816 430 74 1170 201 279 248 439140 17259 209 1018 222 381 325 3052 18961 233 2616 50 1475 1046 138 594 335 59 237 140 1142 332 124 281 2988 113 3103 38 1089 138 2116 82 146 15372 995 630 1119 322 48 5169 130 122 32 672 1031 20 26 254
internal_value=-4.98918e-06 -0.101946 0.0481583 -0.110557 -0.0606527 -0.113565 0.111722 0.0234637 -0.100834 0.0463701 0.094613 0.0481368 -0.0972581 -0.0518454 0.113 0.0987832 0.0215525 0.0607831 -0.114483 0.00947519 0.00967014 -0.0864003 0.104071 0.095461 -0.105142 -0.0218842 0.000827338 0.00583474 -0.0379383 0.0265894 0.0224078 -0.0871715 0.0325186 -0.0923479 -0.0511654 -0.0182727 0.00615761 -0.0121669 0.0983161 -0.00058663 0.102133 -0.0941559 0.0778362 -0.110056 -0.0921475 -0.029767 -0.00928579 0.108789 0.0889638 -0.110261 0.0775663 0.0531721 -0.0586915 -0.114782 -0.102275 0.0054497 -0.108107 0.0309451 -0.095953 -0.0753854 -0.0129748 -0.0292838
internal_weight=217751 113863 6177.64 107685 6121.36 101564 103889 1482.06 4450.47 1670.89 4681.94 1094.27 1495.69 724.37 102407 9015.1 685.628 1101.26 100878 976.983 391.385 1063.75 7913.84 757.692 4353.78 386.979 892.958 859.468 330.943 224.938 146.592 499.432 142.763 303.816 297.553 438.49 82.2419 314.516 693.909 170.081 790.458 981.508 298.649 3745.1 485.527 247.458 89.6933 3587.67 709.876 1349.1 490.285 120.143 285.306 99814.1 1207.23 62.0022 1145.23 420.978 972.374 296.702 70.6182 64.4731
internal_count=1020000 533272 28358 504914 27497 477417 486728 6614 20384 7113 21564 4936 6794 3182 480114 40974 2909 4754 474508 4051 1622 4767 36220 3432 19954 1611 3670 3525 1378 955 614 2227 616 1310 1240 1807 346 1297 3062 707 3626 4421 1298 17338 2168 1016 379 16628 3132 6180 2137 523 1190 469741 5453 252 5201 1718 4383 1331 300 274
is_linear=0
shrinkage=0.08


Tree=7
num_leaves=63
num_cat=0
split_feature=5 1 6 5 2 9 9 5 2 5 9 9 6 6 9 3 1 3 9 2 2 5 2 8 6 2 5 2 6 5 5 1 6 2 5 5 9 1 8 2 8 2 1 3 5 6 8 3 6 5 2 5 2 1 2 5 2 2 8 5 2 3
split_gain=344714 20499.2 5768.29 2347.58 3641.55 1791.81 1667.84 1299.07 445.225 428.964 1086.73 327.552 310.447 273.105 228.889 227.082 202.537 196.219 131.788 106.829 106.67 87.1252 87.9935 84.8193 82.1833 76.6004 91.526 66.3525 65.9998 63.623 59.2655 52.4443 52.0475 51.7485 51.3713 50.2518 48.5747 46.9474 45.1427 42.271 39.8401 35.7173 34.457 34.2025 32.7983 59.2098 32.3858 32.3298 31.2253 107.91 37.8722 31.1516 30.7868 30.1697 29.2792 27.7457 25.8673 25.0653 24.9109 24.428 23.2436 22.3394
threshold=58.195386886596687 80.810150146484389 1.0000000180025095e-35 20.084033966064457 73.746868133544936 0.57548686861991893 0.57548686861991893 68.989799499511733 90.366767883300795 20.084033966064457 0.62180894613266002 0.6353101134300233 1.0000000180025095e-35 1.0000000180025095e-35 0.6353101134300233 4.5000000000000009 64.051280975341811 6.5000000000000009 0.53236505389213573 56.562757492065437 44.033897399902351 71.248622894287124 92.907444000244155 1.0000000180025095e-35 0.75000000000000011 93.582702636718764 67.586601257324233 62.910053253173835 1.0000000180025095e-35 52.657253265380866 39.77586746215821 72.255687713623061 1.0000000180025095e-35 59.299959182739265 46.734052658081062 23.442888259887699 0.6702905297279359 44.920890808105476 1.0000000180025095e-35 84.29276275634767 1.0000000180025095e-35 85.215545654296889 84.889995574951186 2.5000000000000004 49.358869552612312 1.0000000180025095e-35 1.0000000180025095e-35 3.5000000000000004 0.75000000000000011 49.358869552612312 39.077413558959968 44.124549865722663 26.766168594360355 68.323558807373061 88.493064880371108 97.989273071289077 92.031745910644545 92.63776016235353 1.0000000180025095e-35 64.425609588623061 20.761494636535648 2.5000000000000004
decision_type=2 2 2 2 2 2 2 2 2 2 2 2 2 2 2 2 2 2 2 2 2 2 2 2 2 2 2 2 2 2 2 2 2 2 2 2 2 2 2 2 2 2 2 2 2 2 2 2 2 2 2 2 2 2 2 2 2 2 2 2 2 2
left_child=1 3 11 4 16 18 7 12 17 54 34 51 39 15 23 25 33 28 48 -20 -9 22 -17 30 38 26 42 -25 -6 40 -7 41 47 -1 35 -11 58 -10 -14 52 -13 -19 -8 -30 -21 -46 -47 -22 -5 60 -51 -3 -2 -18 -4 -23 -32 -31 -12 -54 -50 -35
right_child=6 2 9 5 8 14 13 20 37 10 36 29 24 -15 -16 21 53 31 19 44 32 55 -24 27 -26 -27 -28 -29 43 57 56 -33 -34 61 -36 -37 -38 -39 -40 -41 -42 -43 -44 -45 45 46 -48 -49 49 50 -52 -53 59 -55 -56 -57 -58 -59 -60 -61 -62 -63
leaf_value=-0.10663934772229799 0.055524661970227145 -0.1103454468352755 0.079380057324152861 -0.11108666978817673 -0.1169151632487109 -0.064200861288054425 -6.2573790012646866e-05 0.10697739886990464 -0.033302013403077722 0.042711712670004502 0.074769936778144627 0.017959141101456872 0.031637888826548222 0.11054442688876298 0.083228293420191321 -0.026628078635259782 -0.058520421863534039 -0.074389227167235977 0.0057269056074948053 -0.099701600931722298 0.060692881056287819 0.076091452637000151 0.076795919555402603 0.045715272599430146 0.086910771174963083 0.10982090835475226 0.095420362464159719 -0.075131548379676935 0.055341696286414797 -0.021271450655218974 0.024185668772305342 0.019439510705192949 0.086164063179839531 -0.06160566306592892 0.037099889641460333 -0.095477120166535312 0.10686394700144668 0.097042135148181982 -0.049458664367460471 0.035523559722283146 -0.10022708032847973 0.0037613259331456886 0.09219311588003315 0.018112569537470695 -0.08823238213967298 0.046563555666752174 -0.05957599950924472 -0.020362375274263263 0.066766533310520015 0.065930476576658667 -0.059460583312756998 -0.070892785949787665 -0.096355093229522043 -0.0095821821202293541 0.10701251864202252 0.11364264409993338 0.10387365117181481 0.10016650708933048 -0.0052649904289453799 -0.055754137277522209 -0.10445873617800512 -0.091656485265431076
leaf_weight=3052.9354824274778 9.9995011836290342 1149.832672342658 266.23766954243183 94048.000315234065 18.073982939124107 45.870455265045166 92.237482860684395 766.05130489170551 18.176723033189774 17.942107349634171 86.66333843767643 45.246333867311478 94.794071823358536 88861.154295668006 238.34119056165218 106.43199653923512 174.50198256969452 202.57006269693375 81.507167145609856 654.04419781267643 52.429509490728378 1860.3255921900272 104.18677534162998 35.500167980790138 93.177071005105972 4078.0757870227098 2145.9834444820881 160.74113303422928 341.38300549983978 13.525186777114866 163.64505741000175 67.781082198023796 112.43442702293396 204.99638709425926 23.027770146727562 274.60111171007156 652.02530981600285 653.90615765750408 81.871826350688934 19.835614427924156 30.599533557891846 45.910374000668526 36.031847447156906 293.89737343788147 221.50778576731682 37.564932703971863 36.059480667114258 78.868418917059898 5.0975750088691703 31.74832621216774 29.966467261314392 144.14490710198879 380.19109964370728 149.85873210430145 3137.6964517682791 135.07290381193161 31.010569468140602 55.574953719973564 34.917210206389427 126.36288461089134 1095.5028166472912 695.34192837774754
leaf_count=14821 41 5550 1229 464288 82 191 383 3666 77 79 387 190 409 437925 1077 440 770 853 346 3063 230 8459 462 147 428 19826 10061 676 1432 56 687 280 533 939 96 1222 3152 2985 344 85 132 187 165 1217 1044 159 155 329 23 130 122 630 1762 633 15247 621 131 236 152 559 5178 3221
internal_value=-6.50303e-06 -0.0983779 0.0462254 -0.106719 -0.0578101 -0.109707 0.107814 0.0318518 0.0434765 0.0908687 0.04717 -0.0931758 -0.0438718 0.10923 0.0201701 0.0955812 -0.0966825 0.00879123 -0.110618 -0.0821646 0.092311 0.0734681 0.0245327 -0.0142403 0.0261185 0.10326 0.0914967 -0.0532703 0.0338298 0.020868 0.0176036 -0.0429351 0.0462144 -0.101669 -0.0779459 -0.0870018 0.0982076 0.0935169 -0.00594448 -0.0790821 -0.0297223 -0.0599498 0.0258528 0.0381185 -0.089712 -0.0675741 -0.00542107 0.0120044 -0.110926 -0.0978935 0.00504512 -0.105951 -0.0834829 -0.0359103 0.104851 0.0786334 0.0368808 0.0763971 0.0517844 -0.0862269 -0.103666 -0.0848143
internal_weight=208003 108767 5932.03 102835 5919.33 96916.1 99235.5 1816.02 1641.7 4493.11 1089.18 1438.92 806.232 97419.5 675.109 8558.35 4277.63 969.616 96241 1030.68 1009.78 2206.02 210.619 436.767 269.843 6352.33 2274.25 196.241 653.354 144.946 240.526 316.262 243.732 3953.27 315.571 292.543 773.606 672.083 176.666 536.389 75.8459 248.48 128.269 635.28 949.176 295.132 73.6244 131.298 95210.3 1162.32 61.7148 1293.98 516.553 324.361 3403.93 1995.4 194.656 69.1001 121.581 506.554 1100.6 900.338
internal_count=1020000 533272 28358 504914 27497 477417 486728 8386 7113 21564 5088 6794 3628 478342 2909 40417 20384 4051 474508 4767 4758 9982 902 1832 1181 30435 10609 823 2731 614 1009 1320 1092 18981 1397 1301 3691 3062 753 2447 322 1040 548 2649 4421 1358 314 559 469741 5453 252 6180 2362 1403 16476 9080 818 292 539 2321 5201 4160
is_linear=0
shrinkage=0.08


Tree=8
num_leaves=63
num_cat=0
split_feature=5 1 4 9 5 2 9 9 5 0 2 9 2 0 9 9 1 9 5 9 0 2 2 2 0 2 8 2 2 8 8 8 4 9 2 0 0 9 1 0 0 4 5 4 2 2 2 4 0 4 8 5 0 0 0 4 4 1 0 4 5 2
split_gain=307732 18340.9 3814.37 2758.94 2208.82 3226.27 1641.07 1537.85 1144.85 518.635 397.918 201.585 172.705 195.338 143.776 142.336 201.424 133.152 105.365 104.534 102.75 100.748 100.546 96.655 74.7918 72.4831 68.9903 68.8378 67.1599 65.9769 55.6598 52.5998 51.813 51.7639 59.3859 51.7557 50.1381 49.6657 47.4998 46.5674 45.4594 40.2055 39.9911 35.9516 35.4501 34.8151 32.5368 32.5172 32.2755 30.8013 38.0075 30.5255 75.634 44.7752 29.6028 29.4227 29.0885 28.5387 27.7233 26.5657 26.468 32.5795
threshold=58.195386886596687 80.810150146484389 20.526680946350101 0.6353101134300233 20.084033966064457 73.746868133544936 0.57548686861991893 0.57548686861991893 68.989799499511733 80.810150146484389 90.366767883300795 0.62180894613266002 28.743545532226566 71.834934234619155 0.6702905297279359 0.66001698374748241 57.712133407592781 0.53236505389213573 44.930728912353523 0.62180894613266002 86.295150756835952 66.323020935058608 44.033897399902351 56.562757492065437 61.143791198730476 60.736890792846687 1.0000000180025095e-35 90.815368652343764 80.901721954345717 1.0000000180025095e-35 1.0000000180025095e-35 1.0000000180025095e-35 68.585231781005874 0.49720504879951483 46.247655868530281 74.601570129394545 60.736890792846687 0.80730661749839794 76.50690078735353 91.922958374023452 48.514268875122077 23.14919471740723 46.734052658081062 69.299133300781264 88.762622833251967 93.788581848144545 90.815368652343764 20.526680946350101 82.637680053710952 48.842567443847663 1.0000000180025095e-35 51.363750457763679 81.28433990478517 26.36544227600098 61.938297271728523 30.594664573669437 49.285570144653327 71.89255523681642 92.390407562255874 30.445816993713382 49.358869552612312 95.488464355468764
decision_type=2 2 2 2 2 2 2 2 2 2 2 2 2 2 2 2 2 2 2 2 2 2 2 2 2 2 2 2 2 2 2 2 2 2 2 2 2 2 2 2 2 2 2 2 2 2 2 2 2 2 2 2 2 2 2 2 2 2 2 2 2 2
left_child=1 4 46 18 5 9 17 8 12 21 20 25 -2 26 30 16 -9 51 41 27 28 35 -10 36 43 -8 33 32 38 45 -5 -20 48 54 -35 -1 -19 57 -7 59 -12 -4 -13 -24 -36 -27 -3 -30 49 -18 -51 -6 53 -53 -14 -31 -28 -17 -32 -25 -61 -62
right_child=7 2 3 14 6 10 11 15 22 -11 40 42 13 -15 -16 37 19 23 31 -21 -22 -23 24 39 -26 29 56 -29 47 55 58 -33 -34 34 44 -37 -38 -39 -40 -41 -42 -43 -44 -45 -46 -47 -48 -49 -50 50 -52 52 -54 -55 -56 -57 -58 -59 -60 60 61 -63
leaf_value=-0.10296874781296653 0.088736151887090831 0.079367412351767086 -0.0029605596482591961 0.051718816847793468 -0.10778832826207085 -0.033461109009426948 0.065728219342710198 0.10170382939990427 0.10311037052630311 0.097563333598615479 -0.019233540818763918 0.0052882511182440464 -0.092363325648528477 0.074731484251748567 0.10158298554434302 0.10565185949367535 0.018827505050380139 -0.041315261946910285 0.0061628872031720275 0.079084056423678911 0.095183934177746676 -0.066399062474209625 -0.028333726684735629 -0.017408842633709891 0.096043624697581348 -0.014892258273181904 -0.046575135391499725 0.095812403762639123 0.025828650893982494 0.099876106797567796 0.012633119555917258 -0.082858763087261381 0.078515884682693618 0.098893628717392504 -0.03992064861772094 0.030822839383011082 0.089761446884765964 0.10754551493743755 0.033826418998085563 0.099906141163499523 0.093312550202408501 -0.10361996323071222 0.083758528498354329 0.054478958241815895 0.11243053877590441 0.086592826186844662 0.10385997622688661 -0.14129180166985347 0.074362498976065838 0.0030396221100350979 -0.085315679075886081 0.027692311810736253 0.10545216597452328 -0.099613478059123239 0.057320060527738532 -0.079823254745658268 -0.10126912836519308 0.099900819390098164 -0.098349950008214823 -0.099556382254682316 -0.07599799021940995 0.048762453582300788
leaf_weight=3413.2844016700983 60.297045573592186 394.89606887102127 25.874311402440071 118.77645665407181 88874.009527146816 370.00378076732159 54.995493024587631 2696.2673710286617 732.57430046796799 89.637478724122047 23.84459975361824 50.5487090498209 102.55919496715069 70.157551631331444 670.33089730143547 12969.719224974513 81.547680675983429 52.552988469600677 91.442062258720398 628.19606551527977 79.615521624684334 587.8047346919775 82.392690986394882 33.442469745874405 100.25458987057209 150.25935629010201 79.915239721536636 70.315660059452057 423.39689739048481 6.0776908546686164 28.186788350343704 79.332237035036087 53.47110790014267 26.873826310038567 146.90402112901211 18.605497986078262 28.973209589719772 66450.983122751117 82.028729274868965 8.5765167921781522 625.51118169724941 1372.3527221977711 233.88970689475536 56.598186418414116 10.471522286534308 25.273106545209885 2869.4973513782024 7.5848247408866873 26.48236857354641 58.101702705025673 67.194416895508766 17.879310041666031 11.755520552396773 1598.810267791152 9.2158447355031949 143.87590552866459 281.26897946000099 9617.1824042499065 29.461113080382347 596.67636233568192 263.51628690958023 14.113314181566237
leaf_count=17271 284 1917 123 528 461458 1547 233 13705 3666 406 100 209 482 319 3357 66766 353 222 399 3009 381 2631 355 155 478 630 368 330 1746 25 121 350 254 122 666 76 124 344485 344 36 2962 6809 1089 259 45 107 14622 33 126 262 293 85 50 8148 41 616 1301 48759 132 2914 1252 64
internal_value=-8.06422e-06 -0.0952551 0.0445013 -0.0317059 -0.103365 -0.0551319 -0.106359 0.104401 0.0303085 -0.0927578 0.0407855 0.0188676 -0.041371 -0.0521566 0.0846712 0.105807 0.090392 -0.107269 -0.0945121 0.0594374 0.00814043 -0.0970019 0.088405 -0.0782054 0.0433769 -0.019218 -0.065702 0.0248771 0.000292292 -0.0335709 0.0204142 -0.0351916 0.00748555 -0.0370712 -0.0110152 -0.102243 0.00526747 0.106444 -0.0212507 -0.0856321 0.0891798 -0.101757 0.0698133 0.00538825 -0.0297834 -0.000280469 0.100897 0.0228875 -0.00879239 -0.0194388 -0.044344 -0.107589 -0.0967354 -0.0982056 -0.0800219 -0.07254 -0.0891676 0.103203 -0.0440851 -0.0873851 -0.0900617 -0.0696558
internal_weight=198046 103567 5680.15 2415.76 97886.5 5721.32 92165.2 94478.9 1759.48 4109.33 1611.99 664.92 787.663 727.366 846.755 92719.5 3681.58 91500.3 1569 985.309 962.63 4019.69 971.82 997.851 239.245 380.482 657.209 357.113 883.014 325.486 176.424 170.774 286.797 296.024 184.249 3431.89 81.5262 89037.9 452.033 916.325 649.356 1398.23 284.438 138.991 157.376 175.532 3264.39 430.982 233.326 206.844 125.296 90502.5 1628.45 1616.69 111.775 149.954 361.184 22586.9 57.6479 907.748 874.306 277.63
internal_count=1020000 533272 28358 11819 504914 27497 477417 486728 8386 20384 7113 2909 3628 3344 4138 478342 18332 474508 7681 4627 4051 19978 4758 4767 1092 1611 3025 1618 3670 1378 781 749 1288 1356 833 17347 346 460010 1891 4421 3062 6932 1298 614 711 737 16539 1779 1034 908 555 469741 8283 8233 523 641 1669 115525 253 4385 4230 1316
is_linear=0
shrinkage=0.08


Tree=9
num_leaves=63
num_cat=0
split_feature=5 0 6 5 2 6 5 6 5 2 4 5 3 5 2 2 0 5 6 2 2 2 3 0 5 5 2 0 5 0 6 3 0 0 2 0 2 8 8 0 6 0 2 6 4 6 0 5 0 0 4 5 8 0 0 2 4 4 5 2 2 8
split_gain=275561 16377.1 3843.54 2413.39 3674.19 1051.63 1100.3 885.033 1355.51 536.291 271.594 651.723 268.347 266.617 263.563 263.251 177.889 119.091 117.069 104.071 103.127 101.156 96.2001 89.3354 78.284 77.7653 140.356 77.3935 73.1218 127.86 105.842 64.7527 76.8499 59.9814 67.6975 59.737 55.3535 54.6182 46.9407 45.6667 43.8856 43.5414 41.063 40.3176 39.7147 39.0526 37.2029 44.6973 37.0011 36.851 36.7076 35.9127 61.2014 35.3624 34.9436 46.1056 33.9843 33.9704 33.6096 33.4616 33.3139 33.1691
threshold=58.195386886596687 83.796653747558608 1.0000000180025095e-35 20.084033966064457 78.611557006835952 0.75000000000000011 44.930728912353523 1.0000000180025095e-35 66.506408691406264 90.815368652343764 23.14919471740723 41.189094543457038 5.5000000000000009 47.925275802612312 68.208553314208999 91.331184387207045 57.93287658691407 77.210353851318374 0.75000000000000011 89.825496673583999 92.907444000244155 93.582702636718764 4.5000000000000009 65.485893249511733 76.615627288818374 51.363750457763679 90.366767883300795 74.601570129394545 62.534915924072273 69.268848419189467 0.75000000000000011 4.5000000000000009 59.611795425415046 66.323020935058608 72.438781738281264 66.323020935058608 53.907203674316413 1.0000000180025095e-35 1.0000000180025095e-35 73.746868133544936 1.0000000180025095e-35 51.887464523315437 91.010101318359389 1.0000000180025095e-35 35.26820373535157 1.0000000180025095e-35 62.243186950683601 41.799478530883796 77.581478118896499 82.637680053710952 39.242893218994148 46.734052658081062 1.0000000180025095e-35 49.25306701660157 64.326763153076186 31.851119995117191 27.636927604675297 32.828166961669929 52.657253265380866 88.273490905761733 61.257406234741218 1.0000000180025095e-35
decision_type=2 2 2 2 2 2 2 2 2 2 2 2 2 2 2 2 2 2 2 2 2 2 2 2 2 2 2 2 2 2 2 2 2 2 2 2 2 2 2 2 2 2 2 2 2 2 2 2 2 2 2 2 2 2 2 2 2 2 2 2 2 2
left_child=1 3 13 4 14 25 19 8 9 23 -4 18 21 -3 27 22 37 20 -12 46 54 24 45 -2 33 -5 35 -1 29 30 59 32 -16 34 -10 -27 -37 -8 -15 -33 -38 -17 44 -28 -18 -6 -7 56 -47 -25 -42 52 -13 -21 55 -14 -48 -49 -46 -9 -19 -20
right_child=7 2 10 5 15 6 16 28 12 -11 11 51 17 38 31 41 42 60 61 53 -22 -23 -24 49 -26 26 43 -29 -30 -31 -32 39 -34 -35 -36 36 40 -39 -40 -41 50 -43 -44 -45 58 48 47 57 -50 -51 -52 -53 -54 -55 -56 -57 -58 -59 -60 -61 -62 -63
leaf_value=-0.098322046166940402 -0.089009424052487351 -0.099796411080812913 0.099417425919043498 -0.10492126496990301 -0.11345287464525702 -0.10105516367423045 0.016311231974426636 -0.058933342122257155 -0.044435678169190286 0.084580037431239458 -0.093091137725675427 0.07987490250553983 0.08279682593580015 0.051098657549006332 0.066771279629554342 -0.0024603270344240413 0.11124017055091825 0.093458972935107423 0.064966961767509088 -0.10406714132332287 0.072673043065044643 0.10285820016331508 -0.011917697557169631 -0.038228234648299456 0.087820088025296492 -0.099675845931300772 -0.024091246690259145 0.020429950728578613 0.10424571335261736 0.09881772439560281 0.070660322425428052 -0.076368773512063004 -0.035072061007033174 0.067239576752115823 0.11362977832918315 0.11160553702151445 -0.084720947905090743 -0.065949539054603518 -0.042803099954530639 0.011809389955187379 0.12401306122557054 0.092991480560475528 0.10484041937661097 0.10138327010675587 0.012426236917834349 0.071857568488215992 0.0042102343741661228 0.12278242414364586 0.022263921675442302 0.052537350894561449 -0.037149971178969503 0.10157114405952972 -0.077332795562059117 0.056738694219157691 0.022539476478261711 -0.063646274230329078 -0.091138064802516114 -0.035487150403437896 0.068387536606399332 0.11199696348887557 0.063399909813339775 -0.1225630471275789
leaf_weight=3436.6820721179247 367.88600443303585 919.09056085348129 2969.7261787652969 83965.164186656475 9.4108837544918043 910.66220860183239 106.61761103570461 74.955519333481789 73.488676711916924 207.64081737399101 187.18027397990227 81.278321370482445 15.744704782962797 92.366705968976021 57.640987515449524 31.858072131872177 58.143974244594574 296.26218400895596 46.866645604372025 11.106193140149115 128.58245894312859 3814.943015024066 303.07920897006989 148.21906696259975 1967.9441372901201 1432.6788188815117 43.794475078582764 35.486574023962021 80105.060738444328 689.25671057403088 147.64019575715065 322.73085567355156 267.41171489655972 249.14107431471348 22.696998462080956 11.389550790190695 237.92244632542133 100.21029314398766 53.983236148953438 42.54380789399147 10.535004049539564 765.6368322968483 125.36605057120323 26.190995991230011 147.46227982640266 233.77435351908207 26.127485409379005 10.57261288166046 163.70381312072277 35.480634272098541 63.948745653033257 495.16754081845284 19.687652260065079 41.29321862757206 80.022381529211998 109.11239315569401 283.66388142108917 48.467814609408379 128.5741690248251 8.1241824477910978 1159.4704504013062 6.9287281334400168
leaf_count=18165 1812 4825 15738 460158 46 4736 469 318 317 1033 901 401 72 400 238 134 266 1437 221 55 601 20468 1280 635 10065 7693 209 147 437607 3702 754 1468 1130 1187 101 56 1179 445 233 175 47 3866 644 121 647 1002 118 45 723 162 280 2569 87 186 349 474 1329 206 604 39 5595 30
internal_value=-9.97581e-06 -0.0925082 0.0504825 -0.0999627 -0.0493774 -0.10323 -0.0458585 0.101388 0.0771047 -0.0250059 0.0880725 0.0478254 0.0868965 -0.0838271 -0.0881324 0.0576351 0.038067 0.059639 -0.0631983 -0.0878482 0.0165151 0.0948545 0.022203 -0.0662588 0.0816552 -0.104566 -0.0882353 -0.0971084 0.103988 0.0815625 0.0300139 -0.0429855 -0.0170124 0.0465231 -0.00713687 -0.0926621 -0.0616286 -0.023545 0.0164617 -0.0660986 -0.0679443 0.0891784 0.0657967 0.0228657 0.0511497 0.0476185 -0.0923737 -0.0709386 0.0514321 -0.0206973 -0.014355 0.0927046 0.0492205 0.0226555 -0.0187297 -0.0451795 -0.0830965 -0.00714516 0.0384923 -0.0422184 0.0695174 0.0408135
internal_weight=188034 98332.1 4872.28 93459.9 5669.96 87789.9 1998.27 89701.7 8676.63 759.227 3806.84 837.109 7917.41 1065.44 4162.5 1507.46 666.374 1789.19 240.976 1331.89 333.462 6128.21 709.968 551.586 2313.27 85791.6 1826.46 3472.17 81025 919.977 230.72 690.327 325.053 345.327 96.1857 1756.47 323.796 206.828 146.35 365.275 312.406 797.495 459.546 69.9855 334.18 406.889 1279.49 368.832 397.478 183.7 74.4837 596.134 100.966 52.3994 204.879 124.857 309.791 59.0404 276.036 83.0797 1455.73 53.7954
internal_count=1020000 533272 25405 507867 28374 479493 9750 486728 44308 3642 19947 4209 40666 5458 21323 7051 3075 8528 1152 6675 1496 32138 3051 2609 11670 469743 9585 18312 442420 4813 1111 3011 1368 1605 418 9255 1562 914 633 1643 1506 4000 2161 330 1517 1771 6434 1698 1725 797 327 3057 488 241 895 546 1447 251 1251 357 7032 251
is_linear=0
shrinkage=0.08


Tree=10
num_leaves=63
num_cat=0
split_feature=5 1 6 5 0 9 9 5 6 5 9 1 5 3 0 6 1 9 9 1 5 1 3 3 0 5 0 0 8 6 6 0 5 0 9 5 5 9 6 5 5 1 3 0 1 0 0 6 0 0 0 5 6 0 1 1 0 5 1 5 8 8
split_gain=247428 14891.7 4097.49 1961.29 2173.59 1400.51 1342.56 912.59 318.881 310.596 755.988 275.348 252.715 238.708 214.659 213.003 169.363 156.429 136.904 98.5232 90.9799 80.9228 77.9596 77.4897 74.2097 68.7281 67.8879 64.7461 60.6745 60.1946 56.9828 62.0763 53.2935 51.9628 44.7406 43.4566 39.9445 39.9412 39.4172 100.905 37.1298 36.597 40.8608 32.9768 32.2386 31.0337 32.8318 30.9894 29.7877 28.3086 27.8182 26.9333 26.8139 26.4414 26.0191 30.3152 44.6217 24.8349 24.4618 24.2901 23.7402 22.819
threshold=58.195386886596687 80.810150146484389 1.0000000180025095e-35 20.084033966064457 66.323020935058608 0.57548686861991893 0.57548686861991893 68.989799499511733 1.0000000180025095e-35 20.084033966064457 0.62180894613266002 59.896907806396491 48.621318817138679 5.5000000000000009 86.295150756835952 1.0000000180025095e-35 71.010189056396499 0.6353101134300233 0.53236505389213573 87.570224761962905 67.586601257324233 55.036231994628913 11.500000000000002 7.5000000000000009 33.549783706665046 71.248622894287124 81.872947692871108 71.010189056396499 1.0000000180025095e-35 0.75000000000000011 1.0000000180025095e-35 60.736890792846687 81.983608245849624 71.834934234619155 0.6702905297279359 39.77586746215821 44.124549865722663 0.68066373467445385 0.75000000000000011 47.925275802612312 23.442888259887699 70.051548004150405 11.500000000000002 91.715686798095717 77.003208160400405 30.860805511474613 54.923507690429695 1.0000000180025095e-35 79.795917510986342 62.563131332397468 80.186916351318374 97.989273071289077 1.0000000180025095e-35 26.36544227600098 49.089704513549812 65.733856201171889 71.35785293579103 78.389190673828139 49.25306701660157 44.124549865722663 1.0000000180025095e-35 1.0000000180025095e-35
decision_type=2 2 2 2 2 2 2 2 2 2 2 2 2 2 2 2 2 2 2 2 2 2 2 2 2 2 2 2 2 2 2 2 2 2 2 2 2 2 2 2 2 2 2 2 2 2 2 2 2 2 2 2 2 2 2 2 2 2 2 2 2 2
left_child=1 3 12 4 11 18 7 15 13 -4 36 58 59 19 16 27 22 28 38 20 -8 49 26 47 -9 44 52 53 35 33 31 32 -26 -17 60 -7 40 -12 -5 48 -11 42 -13 -23 -15 -41 -47 -18 -40 -20 -49 -27 -6 -2 -54 -56 -57 -22 -1 -3 -14 -38
right_child=6 2 9 5 14 17 8 24 -10 10 37 41 34 25 -16 29 23 -19 21 -21 57 43 -24 -25 30 51 -28 -29 -30 -31 -32 -33 -34 -35 -36 -37 61 -39 39 45 -42 -43 -44 -45 -46 46 -48 50 -50 -51 -52 -53 54 -55 55 56 -58 -59 -60 -61 -62 -63
leaf_value=-0.097263396326779397 0.069094472201150212 -0.10041869918732448 0.09506770261643048 -0.10233315400355196 -0.11605357048667238 -0.055514359518555871 0.014545692410606575 0.10238308824244687 0.10169284990695665 0.036805940622041719 0.050676918774758363 -0.049697880064159268 0.01726514563382596 -0.024441133666853247 0.095257994576045585 -0.025578986217681402 -0.11244938843836823 0.072000208916844374 -0.028312481622941213 0.099593565840870063 0.061275753340878238 -0.080633564963801516 0.056315852675265718 0.077700491287253315 -0.037933877538863327 0.059357107104206143 0.071218575522843511 0.03497958266410274 -0.045275826087530904 0.075974968050152789 0.086178271729944203 0.086419175737724854 0.078770581148569718 0.093911942527732231 0.075942734899113032 0.032401383834715948 0.064321426324049608 0.098575074216398148 -0.094975044282986615 0.10767484780517533 -0.085279933756483572 0.029401452150161458 0.0097112224993574931 0.082541931117226547 0.049455577237816163 -0.056361204722900765 0.076942964480252021 0.032606429271318439 0.06489020826165609 0.06953339189188619 -0.03856401962610894 0.10404620992875512 0.037443872606779824 -0.079700387163187364 -0.053609611800309445 0.007923773359223547 -0.067947177978692153 0.086090701149346693 -0.082346615894244232 -0.060170571202546944 -0.061376587904844578 -0.072970182721009802
leaf_weight=2199.2629922479391 7.7763002812862387 1008.5887008011341 2948.2068616896868 80060.835514739156 23.086957901716232 44.398731991648674 134.68171969056129 494.13210961222649 75784.463196322322 17.098661586642265 140.31930395960808 330.708281442523 56.693648099899292 90.958439365029335 254.52434587478638 144.55832847952843 10.752046272158621 218.10231564939022 65.612952902913094 3767.4194209724665 302.87446676194668 826.55250985920429 89.566171661019325 262.14458654820919 95.076728001236916 1326.868703648448 44.398297995328903 35.524296194314957 188.05379040539265 84.895376145839691 199.68039187788963 69.876786276698112 33.997277677059174 27.765436187386513 49.871137678623199 189.84561896324158 21.805222064256668 540.99971088767052 935.80042353272438 14.340860471129416 235.89848583936691 61.985724717378616 95.487176850438118 8.003208249807356 64.631560876965523 46.924322918057442 15.808168008923529 341.12488812208176 7.5194277614355078 26.594259485602379 39.186340808868408 92.316035434603691 36.226583823561668 447.39921306073666 232.21611171960831 177.23528048396111 68.89540833234787 1746.662126287818 1034.5641710460186 106.05750048160553 43.354132995009422 12.018436923623083
leaf_count=12304 32 5635 16476 464288 112 191 588 2773 437925 79 669 1595 243 387 1343 614 51 1077 283 21284 1502 4332 425 1308 401 6535 195 157 823 428 1079 341 164 139 223 818 93 3022 5092 60 1175 260 443 34 307 203 66 1480 32 118 172 471 168 2258 1052 773 288 9343 5528 506 187 50
internal_value=-1.1897e-05 -0.0900744 0.04173 -0.0978386 -0.0506685 -0.100864 0.0987217 0.0270563 0.100133 0.0821574 0.0428425 -0.084037 -0.0834733 0.0844277 0.0279697 -0.0381301 0.0150424 0.0169825 -0.101785 0.0917563 0.0782382 -0.071211 -0.0131662 0.0440463 0.0816666 0.0567303 -0.023858 -0.0690401 -0.0114322 0.0208374 0.055987 0.025685 -0.00719466 -0.00632617 0.0140426 0.0157378 -0.0661128 0.0887103 -0.102134 -0.0865098 -0.0770288 -0.0280341 -0.0363875 -0.0790687 0.00625531 0.00150202 -0.0227694 0.0214866 -0.0937007 -9.19283e-05 0.0252732 0.0622641 -0.0317091 -0.0771583 -0.0279249 -0.0328755 -0.0133136 0.0824236 -0.0924912 -0.0965891 -0.016813 0.0155381
internal_weight=178082 93130.7 5180.91 87949.8 5301.37 82648.4 84951.6 1640.68 83310.9 3916.35 968.14 3722.01 1264.57 7526.41 1579.36 747.919 1324.83 640.4 82008 5951.64 2184.22 926.763 671.625 653.208 892.763 1574.77 582.059 490.7 422.298 257.219 398.631 198.951 129.074 172.324 149.919 234.244 286.821 681.319 81081.2 1020.39 252.997 488.181 426.195 834.556 155.59 77.0734 62.7325 391.063 943.32 92.2072 380.311 1419.18 537.66 455.176 514.573 478.347 246.131 2049.54 3233.83 1114.65 100.048 33.8237
internal_count=1020000 533272 28358 504914 27497 477417 486728 8386 478342 21564 5088 20130 6794 40417 7367 3628 6024 2909 474508 32717 11433 4767 3013 3011 4758 7700 2588 2447 1832 1181 1985 906 565 753 653 1009 1397 3691 469741 5453 1254 2298 2038 4366 694 329 269 1703 5124 401 1652 7006 2393 2290 2281 2113 1061 10845 17832 6141 430 143
is_linear=0
shrinkage=0.08


Tree=11
num_leaves=63
num_cat=0
split_feature=5 1 6 5 0 9 5 9 6 1 1 6 5 9 0 5 1 5 9 9 0 0 0 6 1 1 3 3 8 6 0 0 9 5 1 8 0 3 1 3 6 5 5 1 0 0 5 9 5 8 9 5 6 6 5 5 3 5 9 3 1 0
split_gain=222692 12638.5 3012.78 2315.26 2273.3 2165.55 1126.32 1012.15 352.815 269.549 255.423 253.832 252.363 463.035 195.723 179.685 157.018 150.302 133.238 102.488 76.8132 73.7463 71.9478 71.4314 65.8834 64.2386 62.709 56.6923 54.8115 52.4923 54.8067 52.4343 47.3721 46.0706 45.9653 42.5444 40.1339 38.4055 36.9207 37.6273 34.3342 68.1032 32.9584 32.7733 31.6301 43.9148 31.5174 31.2546 30.4517 29.9778 29.4815 58.7995 29.2799 29.0893 55.4649 28.3795 26.4808 26.2916 24.7257 23.6631 23.5436 22.5245
threshold=56.111852645874031 83.239700317382827 1.0000000180025095e-35 20.084033966064457 66.323020935058608 0.57548686861991893 68.989799499511733 0.57548686861991893 1.0000000180025095e-35 59.417230606079109 88.784065246582045 1.0000000180025095e-35 20.084033966064457 0.60823646187782299 75.893997192382827 68.989799499511733 65.733856201171889 44.930728912353523 0.62180894613266002 0.53236505389213573 80.810150146484389 87.570224761962905 33.549783706665046 0.75000000000000011 56.440422058105476 75.893997192382827 7.5000000000000009 5.5000000000000009 1.0000000180025095e-35 1.0000000180025095e-35 60.736890792846687 77.015758514404311 0.64869347214698803 81.983608245849624 62.258651733398445 1.0000000180025095e-35 82.167320251464858 5.5000000000000009 70.051548004150405 11.500000000000002 0.75000000000000011 45.729484558105476 25.078616142272953 48.912528991699226 56.73658752441407 30.860805511474613 64.425609588623061 0.62180894613266002 46.734052658081062 1.0000000180025095e-35 0.62180894613266002 74.106002807617202 1.0000000180025095e-35 1.0000000180025095e-35 43.498390197753913 84.384033203125014 7.5000000000000009 46.734052658081062 0.62180894613266002 2.5000000000000004 49.25306701660157 61.938297271728523
decision_type=2 2 2 2 2 2 2 2 2 2 2 2 2 2 2 2 2 2 2 2 2 2 2 2 2 2 2 2 2 2 2 2 2 2 2 2 2 2 2 2 2 2 2 2 2 2 2 2 2 2 2 2 2 2 2 2 2 2 2 2 2 2
left_child=1 3 17 4 9 6 11 19 10 60 15 20 -4 42 16 47 43 -3 35 40 46 25 -8 31 61 34 59 -17 58 30 33 49 57 -24 -16 -9 -36 -12 39 -11 -5 -42 -14 -6 45 -43 -2 -7 -20 -13 51 -10 -27 -26 -55 -29 -54 -15 -19 -18 -1 -21
right_child=5 2 12 7 14 8 22 18 50 38 37 23 13 32 21 27 26 28 48 24 -22 -23 29 -25 53 52 -28 55 -30 -31 -32 -33 -34 -35 36 -37 -38 -39 -40 -41 41 44 -44 -45 -46 -47 -48 -49 -50 -51 -52 -53 56 54 -56 -57 -58 -59 -60 -61 -62 -63
leaf_value=-0.094582784193756195 -0.084336774083399416 -0.096364550827584772 0.094108365456442078 -0.10014803508712468 0.027332965462935954 -0.016499879818606865 0.099890385689077155 -0.00061291574106426367 0.054448344867407114 -0.047762587008740837 0.097427144594485079 0.0068744829654166662 0.032015273621138596 -0.020855067930294763 0.061420584241854412 0.080057075099335809 0.025452018885742302 -0.036799055252098395 0.0052157370183251528 -0.03804520328621698 0.08566299992021989 0.094471685869049818 -0.03487308097401131 0.069397067057713452 -0.091974653377825275 -0.13121740659498088 0.056133655981735087 0.041640724440460568 -0.068958330008405913 0.083065852044083163 0.08244062786315666 0.099745307589153745 0.090753517471047013 0.074905383997520683 -0.050343214577029498 -0.056437040358223431 0.039716858055469519 0.031089459844050187 0.02913988540957264 0.0079497872638129938 -0.092214514407720521 0.095180366122858684 -0.079251978261673128 -0.062081206191034556 0.071871223669867451 -0.068534672779473185 -0.039047408848651842 0.03354151603609392 0.069699402875913363 -0.056194164544983098 0.099565259892765975 0.097450598673118366 0.04628643699782331 -0.08454103044896473 -0.01323271858387046 0.066682290375722778 0.086588769173155444 0.078172328007503081 0.052746729181334093 -0.015630741741604885 -0.079494935495998828 0.043907795612263573
leaf_weight=2085.3450780063868 572.11735388636589 754.07772229611874 2606.6911130398512 75411.337996572256 29.91886804997921 157.02558232843876 467.05448138713837 195.95695851743221 277.2530355900526 345.38538312911987 3455.8398280292749 92.928283840417862 18.964237973093987 41.653413757681847 65.43087936937809 2059.5156907886267 169.89347885549068 27.679833918809891 64.467173591256142 66.639672756195068 19.201699420809746 243.4288657605648 95.144477665424347 101.02204313874245 546.45425195991993 5.0626343786716452 246.37739369273186 416.95081789791584 62.876616671681404 190.95064909756184 67.488437563180923 23.901460975408554 412.77776004374027 32.935756996273994 93.084737434983253 157.67926040291786 47.997915729880333 56.771293103694916 65.358974859118462 100.06278967857361 864.50351339578629 12.338638186454771 167.71759992837906 213.09319965541363 18.483168929815292 69.841433346271515 118.75455415248871 162.58923128247261 171.70288994908333 100.28777322173119 70712.71546639502 765.0457868874073 262.7852874994278 216.99019674956799 102.9222402125597 948.61106404662132 173.0497765392065 29.178684070706367 68.757299080491066 190.16362790763378 969.69994850456715 31.661572441458702
leaf_count=12304 3168 4415 15429 463815 143 670 2773 847 1547 1703 20645 419 90 184 283 11407 724 126 276 296 87 1356 401 508 3144 24 1210 2039 291 1079 341 122 2389 164 389 706 226 294 278 466 4956 53 851 1006 79 329 570 757 884 455 433127 4630 1267 1141 499 4867 943 138 302 830 5397 141
internal_value=-1.34974e-05 -0.0885265 0.0470378 -0.0953512 -0.0442187 0.0956483 0.0108322 -0.0988327 0.0976683 -0.0807999 0.0808588 -0.0455594 0.0828506 0.0390703 0.0307362 0.066323 0.00326152 -0.0814482 0.00556925 -0.0996289 -0.0721654 0.0569343 0.0787613 0.0138239 -0.0737161 0.0428201 0.0250345 0.0716762 -0.0108449 0.0532298 0.0240983 -0.0120336 0.0803816 -0.00664361 0.00599934 -0.0255038 -0.0197038 0.096355 -0.0270092 -0.0352477 -0.0999561 -0.0849631 -0.0679488 -0.0510728 -0.0226871 -0.0439543 -0.0765519 0.00895636 0.0520973 -0.025861 0.0993684 0.0860119 0.0600667 -0.0807585 -0.0615997 0.0590363 0.0622886 0.0199384 0.0270449 0.00375422 -0.0897938 -0.0116492
internal_weight=168322 87427.5 4190.37 83237.1 5306.14 80894.1 1881.79 77931 79012.3 3565.85 7257.3 1028.21 3276.98 670.292 1740.29 3744.69 849.447 913.391 589.806 77341.2 710.074 890.84 853.574 318.14 964.668 647.411 606.435 3425.08 159.314 386.519 195.569 217.118 483.61 128.08 206.514 353.636 141.083 3512.61 510.807 445.448 76376.5 965.167 186.682 243.012 100.663 82.1801 690.872 319.615 236.17 193.216 71755 1042.3 440.898 866.367 319.912 1365.56 435.835 70.8321 96.4371 360.057 3055.05 98.3012
internal_count=1020000 529930 24215 505715 28549 490070 10087 477166 479983 20148 40679 5329 19081 3652 8401 19740 3913 5134 2713 474453 3825 4488 4758 1504 5221 3132 2764 18313 719 1985 906 996 2711 565 898 1553 615 20939 2447 2169 469232 5417 941 1149 461 382 3738 1427 1160 874 439304 6177 2234 4784 1640 6906 2210 322 428 1554 17701 437
is_linear=0
shrinkage=0.08


Tree=12
num_leaves=63
num_cat=0
split_feature=5 0 6 5 2 5 6 6 5 6 2 1 5 2 4 5 0 0 0 2 3 5 6 1 2 0 6 2 3 0 5 0 6 0 4 2 4 6 0 3 2 0 2 2 2 0 2 2 2 0 0 4 5 0 0 1 2 2 2 4 5 2
split_gain=200789 11424 2642.05 2209.48 2831.53 1399.06 966.477 660.948 598.989 499.865 345.703 335.316 345.663 318.137 227.294 385.818 173.415 158.882 143.473 137.06 119.138 118.806 108.785 81.4974 81.4044 79.5309 78.9787 57.4166 49.348 46.9909 46.5348 80.3107 58.8235 41.8086 39.024 45.4161 38.6531 38.3881 37.6291 36.3626 35.727 35.0114 41.2941 34.7561 33.8926 32.2419 32.5124 31.4441 30.9016 34.3649 30.8455 39.212 33.7844 30.0801 29.1146 28.9585 27.6067 27.5357 26.4205 26.381 26.2741 25.5681
threshold=56.111852645874031 84.273937225341811 1.0000000180025095e-35 20.084033966064457 75.716625213623061 62.534915924072273 1.0000000180025095e-35 0.75000000000000011 44.124549865722663 1.0000000180025095e-35 91.010101318359389 88.784065246582045 73.19250869750978 91.331184387207045 23.14919471740723 41.189094543457038 69.00656890869142 64.326763153076186 57.93287658691407 64.051280975341811 4.5000000000000009 46.184494018554695 0.75000000000000011 93.40579986572267 92.907444000244155 69.939758300781264 0.75000000000000011 75.147060394287124 4.5000000000000009 76.50690078735353 49.358869552612312 67.006801605224624 1.0000000180025095e-35 34.428878784179695 37.39483833312989 89.825496673583999 35.663852691650398 1.0000000180025095e-35 64.89996719360353 5.5000000000000009 93.788581848144545 26.36544227600098 72.04651260375978 88.047618865966811 80.901721954345717 74.601570129394545 87.570224761962905 58.102025985717781 46.543485641479499 55.40315246582032 60.736890792846687 28.012739181518558 36.40611648559571 49.25306701660157 38.507879257202156 63.686313629150398 53.144779205322273 53.907203674316413 53.694938659667976 35.663852691650398 44.124549865722663 62.910053253173835
decision_type=2 2 2 2 2 2 2 2 2 2 2 2 2 2 2 2 2 2 2 2 2 2 2 2 2 2 2 2 2 2 2 2 2 2 2 2 2 2 2 2 2 2 2 2 2 2 2 2 2 2 2 2 2 2 2 2 2 2 2 2 2 2
left_child=1 3 21 4 19 6 10 23 24 11 38 12 17 20 -4 26 22 27 41 25 37 -3 43 30 50 -1 -16 33 -14 44 -5 -32 58 -7 -20 47 -34 -6 -2 -13 -38 -10 59 -8 -22 -39 -47 -36 -30 -50 -9 52 -52 -26 -15 -49 -27 -40 -33 -43 -25 -19
right_child=5 2 14 7 13 9 16 8 18 -11 -12 39 28 54 15 -17 -18 61 34 -21 29 -23 -24 60 53 56 -28 -29 48 -31 31 32 36 -35 35 -37 40 45 57 -41 -42 42 -44 -45 -46 46 -48 55 49 -51 51 -53 -54 -55 -56 -57 -58 -59 -60 -61 -62 -63
leaf_value=-0.093146194177481281 -0.08854409584050725 -0.092549013818556333 0.091800941240342659 -0.098298603490996575 -0.10742773498626516 0.080270372032629031 -0.053277070735016738 -0.09446661722317283 0.12612774967680213 0.09733040209284631 0.073131836188699201 0.095339629513762125 0.07911031986995061 -0.058224303304349141 -0.082043616827809307 0.083330506310546476 0.090041232616829905 0.10322879829165066 0.093820630399111926 -0.052820605980048903 -0.068305194854347759 -0.0084754327320195541 0.057976057845668151 -0.037328508971468381 -0.094906621445556283 0.12130239263600928 0.036888485053246024 0.054274264784387932 0.092256474803250124 0.026161806799305194 -0.093115876957924726 0.088451958026128027 0.18303707617490553 -0.067793524319934226 0.083528644323207737 0.094161589220192105 -0.028665743186248063 0.064562947044166985 0.12080486201622645 0.029306536965323322 0.14576314529737336 0.046795950601442482 0.073844171031432634 0.10726100596433429 -0.013280715738278355 0.0092272761312232575 0.079539674541918556 -0.043470383332127452 0.0079692008633520592 0.059115901278853196 -0.030940439411741408 -0.074219038172129645 0.15331529723891063 0.067942497728070164 0.084690816401861296 0.026221998957752946 -0.022988718428220114 -0.050287715298332827 -0.073974955833819134 -0.064057236379718663 0.099245587241489533 0.031498276833703584
leaf_weight=2690.2735919803381 405.1501992046833 701.70106607675552 2491.4292491227388 69588.590129420161 11.31600286066532 12.966581374406813 109.75616747140884 719.72835022211075 8.2901048809289914 67316.04415602982 121.73903794586658 3187.9006553590298 1703.3822836130857 9.2370601296424848 152.20395018160343 381.14508727192879 801.923822671175 35.391276001930237 96.99897313117981 748.76620282232761 126.14761652052402 127.04834462702274 179.2964059561491 21.073735252022743 9.4434004426002485 11.939333677291868 46.698893830180168 32.839402675628662 167.78137308359146 101.38564155995846 1807.5811371058226 6.574981525540351 7.2776813805103293 207.8748327344656 36.389610633254051 62.486201986670494 69.350436612963676 216.63544890284538 6.242130145430564 54.280580505728722 8.4285445958375913 15.089944049715994 17.84232060611248 9.3675056844949705 165.81241942942142 214.53065127134323 52.361349999904633 59.215408772230148 89.456972658634186 1397.0796392709017 24.492665648460388 342.03997255861759 8.6067222207784635 31.385195463895798 738.36594347655773 107.30344723165035 29.341780096292496 169.35256625711918 254.23672856390476 153.54196675121784 15.754893645644186 313.69651825726032
leaf_count=16681 2397 4328 15445 454815 61 61 520 4376 37 437607 640 20224 9875 42 815 2207 4963 165 491 3658 564 576 983 116 54 54 237 147 927 460 11565 36 34 1019 159 367 334 939 30 286 37 73 86 49 696 960 257 251 445 7420 121 1747 38 149 4149 534 139 809 1434 730 78 1503
internal_value=-1.51877e-05 -0.0865417 0.0470981 -0.0931741 -0.042341 0.0935024 0.0238655 -0.0967138 -0.0473053 0.0951872 -0.049443 0.0751564 0.0595388 0.0444703 0.0813002 0.0361975 0.0706674 0.00375749 0.0206356 -0.0831433 0.0121023 -0.0796604 0.0186052 -0.0978791 -0.0806363 -0.0914552 -0.0541204 -0.0444235 0.0695525 -0.0207609 -0.0979402 -0.0863579 -0.0510394 -0.0591 0.0503968 0.0345258 0.00673286 0.0382248 -0.0751379 0.0942341 -0.0097637 -0.0347403 -0.041892 -0.0406529 -0.0370552 0.0416335 0.0230218 0.0161608 0.0597113 0.056038 -0.0847723 -0.0661731 0.016971 0.0302765 0.082925 0.00143884 0.0187432 -0.0442056 -0.0698802 -0.0541376 0.0210964 0.0387705
internal_weight=158810 82488.1 3900.23 78587.8 5116.11 76321.5 1802.83 73471.7 1692.85 74518.7 702.484 7202.65 3960.47 1635.79 3071.48 580.048 1100.34 602.769 557.158 3480.32 888.189 828.749 298.42 71778.9 1135.7 2731.55 198.903 253.681 3357.7 393.346 71742 2153.45 345.868 220.841 362.394 265.395 85.0567 494.843 580.745 3242.18 77.779 194.764 186.474 119.124 291.96 483.527 266.892 202.908 1654.32 1486.54 1094.87 375.139 33.0994 40.8286 747.603 166.519 41.2811 175.595 260.812 168.632 36.8286 349.088
internal_count=1020000 529930 23608 506322 28660 490070 10391 477662 9213 479679 3876 42072 21562 8128 18704 3259 6515 2895 2728 20532 3937 4904 1552 468449 6485 16874 1052 1227 18667 1720 468255 13440 1875 1080 1802 1311 405 2217 3236 20510 371 926 889 569 1260 2156 1217 944 8792 7865 6282 1906 159 203 4191 785 193 839 1470 803 194 1668
is_linear=0
shrinkage=0.08


Tree=13
num_leaves=63
num_cat=0
split_feature=5 0 6 5 9 9 9 5 6 0 3 4 5 6 6 9 9 5 9 6 4 6 9 4 6 0 6 5 6 3 0 8 0 0 5 5 3 5 4 8 4 4 9 3 8 4 8 5 8 9 0 9 8 0 5 4 4 4 0 0 0 0
split_gain=181363 10349.3 2365.14 2107.33 1895.61 1832.51 1096.73 1061.8 325.405 256.915 212.017 211.83 341.281 206.704 168.762 157.233 143.461 114.619 112.014 86.9439 74.6033 70.1301 66.1019 65.3821 65.3515 63.1804 54.921 85.9779 51.1775 49.1546 47.4405 47.1359 46.8854 44.1081 44.4464 43.0676 41.388 40.9694 37.743 35.5357 35.4351 35.2347 36.8245 36.3767 33.6879 47.2789 33.5336 42.4524 32.6437 31.5615 29.66 29.032 27.5426 26.5475 26.517 26.0624 25.4546 24.8177 24.286 24.2388 26.8136 23.4627
threshold=56.111852645874031 84.273937225341811 1.0000000180025095e-35 20.084033966064457 0.5935734510421754 0.34568956494331365 0.5935734510421754 68.989799499511733 1.0000000180025095e-35 59.885057449340827 4.5000000000000009 23.14919471740723 41.189094543457038 1.0000000180025095e-35 1.0000000180025095e-35 0.55875089764595043 0.37269683182239538 44.930728912353523 0.66001698374748241 1.0000000180025095e-35 73.708465576171889 0.75000000000000011 0.68066373467445385 66.819572448730483 0.75000000000000011 80.810150146484389 0.75000000000000011 47.925275802612312 1.0000000180025095e-35 11.500000000000002 78.910301208496108 1.0000000180025095e-35 79.795917510986342 70.15265274047853 83.384460449218764 41.994474411010749 7.5000000000000009 84.067199707031264 35.068012237548835 1.0000000180025095e-35 71.919967651367202 20.526680946350101 0.4066902101039887 7.5000000000000009 1.0000000180025095e-35 47.080135345458991 1.0000000180025095e-35 47.332759857177741 1.0000000180025095e-35 0.6353101134300233 90.353595733642592 0.28273916244506841 1.0000000180025095e-35 94.360820770263686 79.884391784667983 31.175813674926761 40.562738418579109 63.427747726440437 88.493064880371108 60.922586441040046 26.36544227600098 28.778468132019047
decision_type=2 2 2 2 2 2 2 2 2 2 2 2 2 2 2 2 2 2 2 2 2 2 2 2 2 2 2 2 2 2 2 2 2 2 2 2 2 2 2 2 2 2 2 2 2 2 2 2 2 2 2 2 2 2 2 2 2 2 2 2 2 2
left_child=1 3 17 5 7 9 15 13 10 51 22 -4 21 25 -7 26 36 -3 31 20 33 -13 23 50 30 40 -5 -28 -17 32 44 -8 -11 34 61 55 -16 49 -37 58 48 42 43 -18 -15 -46 -14 -48 59 57 54 -1 -23 -24 -6 -30 -29 -12 -19 60 -2 -9
right_child=4 2 11 6 8 14 18 19 -10 29 37 12 46 24 16 28 41 39 -20 -21 -22 52 53 -25 -26 -27 27 56 35 -31 -32 -33 -34 -35 -36 38 -38 -39 -40 -41 -42 -43 -44 -45 45 -47 47 -49 -50 -51 -52 -53 -54 -55 -56 -57 -58 -59 -60 -61 -62 -63
leaf_value=-0.089088281614631198 0.10919328085334282 -0.091567530856221102 0.089506192039488786 -0.096338250780294579 -0.0017726348300210694 -0.11121264344147166 0.021951863345386787 0.078753725414402342 0.095586598335323431 -0.047758706780179148 -0.026813763425337846 -0.078781546324076746 0.091064926856175982 0.0065767703016837613 -0.015889873595280796 -0.079470320163280067 0.027729043758890081 -0.04816695026516641 0.076273439271542579 0.089941489969222257 0.081767517067411796 0.05741738767130581 0.083522407002778798 0.083619517718998879 0.05858406231288394 0.061652600803328871 -0.085228460287972721 0.057381976287514187 0.028155343079232523 0.0087670283794679289 0.090462744269150769 -0.041065540513201937 0.038120290510191217 0.096719793395612957 0.080999701211224406 0.107294902377444 0.036615712458657107 0.06188322256254325 -0.012856834022203483 -0.064373564792496674 0.13489389385693321 -0.10353838723257548 0.076399226785062974 0.072540371226578484 0.04376862730581426 -0.084915181516613744 -0.069605090936043126 0.07171832071147477 -0.083495045508575019 0.046050039195803444 0.096968205803223184 -0.069106196165914333 -0.13192383456562781 0.096414490698062225 0.068058080323129766 -0.082936167190237275 -0.032526776689019515 0.042957526014925834 0.042763568254798441 -0.015728255274375501 -0.069803670131679166 -0.03760996733661983
leaf_weight=2004.4756731539965 5.5132640600204459 643.42545077204704 2356.4262714087963 67097.883300989866 148.47425615787506 48.209230169653893 185.70717936754227 12.182969138026236 63251.310788929462 695.87720507383347 78.862037792801857 146.08003449440002 302.96065609157085 106.35406677424908 276.40406899154186 191.40595391392708 305.90535774827003 26.255387678742409 173.38645012676716 723.66635794937611 163.08030121028423 40.477426394820213 2408.3278989046812 294.95779423415661 123.54710747301579 25.255720213055611 943.19875913858414 28.380830481648445 16.086455598473549 141.25605465471745 25.323574289679527 128.54744024574757 43.212391123175621 30.625681757926941 29.614626973867416 19.151026710867882 147.27862374484539 1173.956446275115 132.48463799059391 54.786684811115265 5.5119040906429282 8.5276821553707105 448.3864885866642 186.69665494561195 23.348022118210793 84.057408168911934 19.939625710248947 42.810944065451622 402.78429485857487 465.3061084151268 32.692131698131561 606.03834412992001 5.596789836883544 1776.1794010400772 45.457940623164177 84.566820934414864 69.516171187162399 55.653426766395569 66.185332506895065 97.215823233127594 187.81135834753513 123.58989557623863
leaf_count=13136 24 4223 15445 466603 683 256 845 69 437467 3602 339 815 1863 502 1217 1130 1418 122 1021 4827 954 212 15420 1766 679 118 5864 127 73 705 143 582 184 168 160 84 737 6579 585 263 25 40 2687 1045 109 395 93 251 2348 2492 180 3633 25 11964 253 442 306 269 296 490 1111 536
internal_value=-1.77726e-05 -0.0847612 0.0457188 -0.0912955 0.0915462 -0.0406669 -0.0948962 0.0179029 0.0938374 -0.0718462 0.0767632 0.0790119 0.0346837 -0.0379623 0.0359068 -0.0957462 0.0410717 -0.0769971 0.0246545 0.0739725 0.0417908 -0.051639 0.0856473 0.0587921 0.0113404 -0.0626534 -0.0960553 -0.0778218 -0.0482772 -0.0344734 -0.013073 -0.00382572 -0.0427376 0.00853069 -0.00779975 -0.0246117 0.00236188 0.0531925 0.00231789 -0.0133204 -0.0671458 0.0583444 0.0598115 0.0447126 -0.0253386 -0.0569416 0.08004 0.0268114 -0.068752 0.0361833 0.0264786 -0.0844494 0.0344175 0.0889947 0.0145958 -0.0651815 -0.00646178 0.00205289 0.0169371 -0.0483132 -0.064699 -0.0271686
internal_weight=149588 77687.5 3704.94 73982.6 71900.7 4912.27 69070.3 2169.48 69731.2 3490.86 6479.87 2914.29 557.865 1086.72 1421.41 68582.7 1373.2 790.653 487.641 1082.76 359.093 192.154 4706.09 521.582 362.63 724.092 68139 1041.1 443.695 880.346 239.083 314.255 739.09 196.013 165.387 252.289 423.683 1773.78 151.636 147.227 698.837 949.516 940.989 492.602 213.759 107.405 365.711 62.7506 693.325 599.822 226.624 2610.51 46.0742 4184.51 193.932 100.653 97.897 134.515 92.4407 290.54 193.325 135.773
internal_count=1020000 529930 23608 506322 490070 28660 477662 12658 477412 21260 39945 18704 3259 5944 7400 475214 7144 4904 2448 6714 1887 1052 30266 2882 1828 4116 472900 6297 2314 4491 1149 1427 3786 933 765 1184 1954 9679 669 681 3998 5190 5150 2463 1006 504 2207 344 3973 3100 1116 16769 237 27384 936 515 433 608 418 1625 1135 605
is_linear=0
shrinkage=0.08


Tree=14
num_leaves=63
num_cat=0
split_feature=5 1 4 4 2 5 5 1 5 0 0 2 0 3 8 2 5 8 2 1 5 0 2 0 2 2 2 0 0 2 2 0 2 3 2 4 4 5 0 4 0 8 1 2 1 5 5 7 0 2 5 8 4 2 5 2 0 0 2 0 4 2
split_gain=164064 10045.4 1983.04 1693.66 1864.9 1130.11 677.245 640.732 433.993 325.783 286.952 244.749 167.439 116.622 116.328 101.505 86.4984 83.38 76.4035 72.8859 112.502 115.572 67.6071 58.3808 57.855 55.5551 53.2641 52.1363 49.8392 49.5814 65.7563 44.8694 43.0717 42.0526 39.5953 39.228 38.7631 38.651 70.2359 39.0546 36.7517 36.6887 46.5484 36.2221 35.341 35.093 34.9373 32.5629 32.1502 32.1495 31.4916 31.4322 30.9569 30.9329 30.8902 30.1157 29.9476 40.3388 31.3152 36.4796 28.915 28.5063
threshold=58.195386886596687 80.810150146484389 20.526680946350101 20.526680946350101 73.746868133544936 44.124549865722663 66.506408691406264 69.282051086425795 51.363750457763679 67.962265014648452 80.186916351318374 91.331184387207045 60.922586441040046 6.5000000000000009 1.0000000180025095e-35 60.736890792846687 52.657253265380866 1.0000000180025095e-35 28.743545532226566 88.784065246582045 75.088653564453139 62.563131332397468 90.815368652343764 90.054946899414077 77.003208160400405 53.694938659667976 72.04651260375978 82.167320251464858 71.35785293579103 72.438781738281264 46.247655868530281 26.36544227600098 89.825496673583999 3.5000000000000004 90.815368652343764 40.469308853149421 48.842567443847663 46.734052658081062 67.962265014648452 37.529342651367195 72.646820068359389 1.0000000180025095e-35 90.815368652343764 61.633426666259773 88.784065246582045 39.541454315185554 94.754039764404311 1.0000000180025095e-35 61.451047897338874 93.957649230957045 23.442888259887699 1.0000000180025095e-35 45.910001754760749 56.73658752441407 40.852642059326179 92.031745910644545 87.20676422119142 69.268848419189467 84.028984069824233 78.404876708984389 42.887798309326179 93.957649230957045
decision_type=2 2 2 2 2 2 2 2 2 2 2 2 2 2 2 2 2 2 2 2 2 2 2 2 2 2 2 2 2 2 2 2 2 2 2 2 2 2 2 2 2 2 2 2 2 2 2 2 2 2 2 2 2 2 2 2 2 2 2 2 2 2
left_child=1 3 34 4 10 41 7 12 23 24 15 13 18 56 44 28 -16 53 -2 20 21 29 -9 37 31 -14 51 32 -1 30 -8 -10 36 -26 -3 48 -27 -5 -39 -40 -15 42 -4 -19 -7 -44 47 -22 -33 52 -43 -20 -45 -11 -25 60 57 -6 -59 -60 -55 -18
right_child=6 2 5 8 11 14 19 22 9 17 -12 -13 25 40 16 -17 61 43 26 -21 46 -23 -24 54 33 27 -28 -29 -30 -31 -32 35 -34 -35 -36 -37 -38 38 39 -41 -42 50 45 49 -46 -47 -48 -49 -50 -51 -52 -53 -54 55 -56 -57 -58 58 59 -61 -62 -63
leaf_value=-0.090865127233711332 0.074375090731068447 0.058474176953509503 -0.079945768220773317 -0.09467280116560535 0.055776521157088386 0.040654752730791215 0.062501570613959181 0.049820904707342635 0.071837788025319912 0.14191782562159216 0.078351031548584485 0.077178360290491368 0.10309313703454732 -0.050050840848527567 -0.048883716534772324 -0.057441402844989789 -0.0016508568903732133 0.068779691296943182 -0.036581260041721006 0.094786732608305724 0.043032846873629502 0.081584729155335031 0.091011486481895998 -0.057745942814512889 0.11933078227574719 0.032994734568682502 0.034034923706239541 0.091870764359425275 0.04642796794690681 0.082262240942256218 -0.0064085370671156314 -0.059458144117268782 0.091012662254957105 -0.033795249587080724 0.089181486238223848 -0.084470508038940559 -0.034950715755236408 -0.089703944328638915 0.019108125911444541 -0.061172110874798132 0.011657962300500001 0.069043164462757614 -0.05287248635281902 0.0042540927097577622 0.085134354718477509 0.019061566107049604 0.093605847350583068 0.08856482435489102 0.032985703821987664 0.080174443880868834 -0.095568443126175504 -0.084221516770466534 -0.072810548862202659 0.066424622686246992 0.075184073290917516 0.094347600086027508 0.083467182483349764 -0.008407322214680827 0.06988344823801601 -0.010022640585645949 -0.0066376426763836635 0.090917233195731598
leaf_weight=2230.6503305584192 32.133791759610176 308.57505694031715 404.52467209100723 60375.597660273314 164.72518853843212 165.75046204030514 153.46404054760933 345.80468259751797 12.747179076075552 18.443816363811493 74.146243765950203 509.21062116324902 55.294509187340736 217.30480194091797 107.71122051775455 855.2483241558075 33.674906298518181 21.572974115610123 156.73518565297127 30225.478797137737 101.07934664189816 1762.6867092251778 971.40664659440517 28.060883522033691 13.899036899209021 85.051741689443588 39.765973299741745 48.911625161767006 17.051421746611595 118.70275291800499 209.75628551840782 115.70710390806198 30.638700693845749 65.901882469654083 2082.0431395024061 1047.4437085241079 145.95559269189835 2325.8366821855307 44.91419292986393 284.07448072731495 86.297746866941452 7.5586137622594824 175.17922247946262 46.786209538578987 368.47209778428078 57.700685724616051 14110.934976860881 18302.032047212124 30.404021173715591 12.969277605414389 465.96289750933647 203.99819505214691 116.25090098381042 51.830362349748611 18.606611400842667 41.312138572335243 56.490972906351089 253.12589010596275 90.367737844586372 61.416173294186592 104.68898569047451 57.896065697073936
leaf_count=15583 173 1917 2726 446698 701 953 944 2161 71 93 415 2931 333 1006 583 4756 179 109 904 222557 631 12061 6882 178 75 487 226 323 78 775 1208 788 190 405 14622 7191 819 16846 282 1829 383 43 1132 268 2362 351 103454 131402 185 68 3128 1198 651 284 94 231 364 1092 397 295 567 362
internal_value=-1.95907e-05 -0.0824799 0.0371336 -0.0897798 -0.042961 -0.0251898 0.0904634 0.0459205 -0.0931162 -0.0532286 -0.0771818 0.0325964 -0.0106247 0.008179 0.0518756 -0.0808983 -0.000286865 0.00850893 -0.0443129 0.0919136 0.0894152 0.072093 0.0801978 -0.0941912 -0.0730951 0.0292128 -0.0538357 0.0160584 -0.0898236 0.0373758 0.0227066 -0.0774592 0.0018862 -0.00712508 0.0852179 -0.0790537 -0.00993472 -0.0942574 -0.0848101 -0.0502121 -0.0325104 -0.0760733 -0.0635426 -0.0290601 0.0713339 -0.0350494 0.0906111 0.0883147 -0.0402217 -0.0410522 -0.0929408 -0.0635223 -0.0506956 0.0428303 -0.00474594 0.0335924 0.0279089 0.0223992 0.0088206 0.0375511 0.0175565 0.0568756
internal_weight=140728 73628.1 4235.05 69393.1 4616.04 1844.43 67099.8 2115.7 64777 1699.96 3177.1 1438.94 798.485 929.729 733.505 3102.95 199.282 413.855 432.633 64984.1 34758.7 2244.61 1317.21 63077.1 1286.1 365.852 400.499 310.558 2247.7 481.923 363.22 1206.3 261.646 79.8009 2390.62 1193.55 231.007 63030.4 2654.83 328.989 303.603 1110.93 637.405 197.579 534.223 232.88 32514 18403.1 146.111 176.006 473.522 360.733 163.037 216.275 46.6675 197.831 626.126 569.635 404.91 151.784 156.519 91.571
internal_count=1020000 533272 28358 504914 28001 11819 486728 13696 476913 10986 20832 7169 4653 4238 4439 20417 1124 2271 2501 473032 250475 14988 9043 465927 8715 2152 2328 1819 15661 2927 2152 8235 1496 480 16539 8164 1306 465655 18957 2111 1389 7380 4209 1096 3315 1483 235487 132033 973 987 3171 2102 919 1175 272 1082 2849 2485 1784 692 851 541
is_linear=0
shrinkage=0.08


Tree=15
num_leaves=63
num_cat=0
split_feature=9 0 4 4 2 9 4 1 9 2 6 2 4 3 2 2 9 1 2 2 9 2 3 0 0 1 2 0 9 2 0 2 2 0 6 9 0 0 2 0 1 2 6 4 4 2 0 1 9 4 4 3 1 3 0 0 2 0 2 0 9 2
split_gain=148412 7926.12 2062.84 2047.15 2192.37 1326.51 1278.76 986.314 389.942 334.341 314.308 267.08 186.554 171.035 140.891 120.948 205.39 116.686 104.693 99.1248 92.9575 88.3824 82.9839 72.4273 65.6243 62.1 66.8008 59.2966 56.0859 218.395 51.2118 51.8361 47.0042 43.961 43.38 39.2922 39.1054 37.5836 34.5607 83.9819 33.9093 33.3931 33.3674 32.4696 31.4535 27.7923 32.974 27.4335 37.042 27.3495 26.9824 26.3498 25.5718 25.0892 95.3982 25.0178 24.8948 24.3399 24.138 23.8881 25.9374 24.2676
threshold=0.57548686861991893 84.889995574951186 64.245563507080092 20.526680946350101 75.716625213623061 0.6353101134300233 23.14919471740723 62.889245986938484 0.53236505389213573 51.649148941040046 1.0000000180025095e-35 93.957649230957045 48.42927551269532 4.5000000000000009 64.051280975341811 20.761494636535648 0.30616852641105657 81.872947692871108 92.63776016235353 51.89995193481446 0.68066373467445385 38.757823944091804 4.5000000000000009 69.939758300781264 98.529094696044936 74.322341918945327 93.127067565917983 75.134407043457045 0.48769050836563116 47.124916076660163 51.649148941040046 35.368577957153327 94.360820770263686 54.261501312255866 1.0000000180025095e-35 0.60823646187782299 85.847797393798842 76.50690078735353 60.107526779174812 65.485893249511733 70.396453857421889 84.29276275634767 1.0000000180025095e-35 75.333572387695327 68.585231781005874 73.286384582519545 61.143791198730476 65.26175689697267 0.48334227502346044 76.391868591308608 97.785949707031264 9.5000000000000018 58.885448455810554 4.5000000000000009 54.085849761962898 38.507879257202156 84.29276275634767 67.962265014648452 55.625879287719734 74.601570129394545 0.4082044661045075 87.570224761962905
decision_type=2 2 2 2 2 2 2 2 2 2 2 2 2 2 2 2 2 2 2 2 2 2 2 2 2 2 2 2 2 2 2 2 2 2 2 2 2 2 2 2 2 2 2 2 2 2 2 2 2 2 2 2 2 2 2 2 2 2 2 2 2 2
left_child=1 2 3 4 14 7 -3 19 15 -10 13 22 47 20 23 16 -5 18 36 -2 24 -4 42 -1 40 26 38 35 -17 30 31 -30 -22 43 -19 49 44 41 39 -11 -7 -24 -6 -23 45 -9 -47 48 -8 -21 -15 -48 56 54 -16 -13 -31 -55 -25 -44 61 -61
right_child=5 6 21 8 11 10 12 17 9 25 -12 55 -14 50 53 28 -18 34 -20 27 32 33 37 58 -26 -27 -28 -29 29 52 -32 -33 -34 -35 -36 -37 -38 -39 -40 -41 -42 -43 59 -45 -46 46 51 -49 -50 -51 -52 -53 -54 57 -56 -57 -58 -59 -60 60 -62 -63
leaf_value=-0.08723116833106298 0.090682352372264949 0.085259955171575863 0.091032656464492587 -0.089544264067888887 -0.09415216705878289 0.075934908947628818 -0.077086428561830192 -0.003413101606841593 0.062058756431574623 -0.049448634784624468 0.092463819024599644 -0.053278506940873049 0.08300901812126156 0.046331125326487109 0.10866601587799446 -0.093421596404330662 0.096570449364680955 -0.073285783382074768 0.068223863477246044 -0.0061418471330497142 0.071827480213881134 -0.051115574126787779 -0.048472868087083322 0.097601874486869994 -0.069422420515069055 -0.085802355134316971 0.074838980293636684 0.090871209212960588 0.07374657451530825 -0.072996658119331384 0.10320040862002997 -0.060517223288236908 0.090915638819760836 0.057713737686392694 -0.014815891128402597 0.057249295064872974 0.063311926545343344 0.024122803349878822 -0.062308709529537855 0.1084185895449756 0.024542652732658148 0.0086439719957206642 0.057583652279024955 0.055195373162635009 0.066731319542306114 0.059369250979515682 -0.042414608968239682 -0.088309430564842334 0.10137324183830941 0.068979276955006524 0.093464575183070164 -0.11824467376271751 -0.090227459202019702 -0.070384506308551073 -0.042082856163358856 0.080924528735673407 0.047728778738320987 -0.023096868188453454 -0.028135034143708795 -0.008310022200693646 0.058500827172065818 0.063261529039869049
leaf_weight=2323.3573301285505 892.70250110328197 2051.9800633341074 356.39093069732189 108.99024830758572 12.671961307525633 180.77443106472492 20.095596939325336 161.35895448923111 155.64076773822308 100.84664703905582 55342.414607644081 9.0137400925159437 49.194720774888992 1377.0906450748444 29.471092954277992 56940.12117626518 58.220233887434006 331.50662226974964 103.86048457026482 170.13431178033352 1230.933330476284 59.908393248915672 197.73470383882523 15.683219119906424 30.845339074730873 456.05971644818783 27.457588866353035 148.85840253531933 29.225476160645485 499.77195483446121 37.063548818230629 49.697980850934982 2507.5439032018185 110.26223468780518 107.55758145451546 199.41015852987766 33.849046468734741 116.35137927532196 492.36292316019535 27.433379635214806 150.63810552656651 97.966803908348083 211.81731188297272 26.528462037444115 22.491171091794968 18.315652698278427 246.79933123290539 366.56163315474987 11.823407769203184 37.932914137840271 82.382496520876884 33.28238707780838 2194.6831893473864 285.94654975831509 304.00173629820347 647.8174409866333 11.176238656044005 92.101000010967255 25.921954914927483 155.27892072498798 85.951501503586769 37.676541671156883
leaf_count=17059 6700 15073 2626 863 81 1200 145 759 909 529 433987 43 290 8205 144 450137 379 2158 555 887 8519 317 905 74 155 3279 144 1014 178 3291 193 269 18957 645 542 1291 183 581 2932 133 776 438 948 158 131 88 1176 2616 62 259 529 154 17033 1668 1500 4151 61 437 129 675 491 189
internal_value=-2.22378e-05 -0.0813138 -0.0865792 -0.0878717 -0.0366923 0.0882941 0.0585337 0.0312759 -0.09176 -0.0477124 0.0906422 0.0401572 -0.0639699 0.0725107 -0.0759673 -0.0926859 -0.0247419 -0.0274077 -0.00506008 0.0741644 0.0808813 0.0672745 0.0122281 -0.0853577 0.0421876 -0.0631856 -0.0472705 0.0476595 -0.092876 -0.0818666 0.0256293 -0.0107991 0.0846307 0.0242281 -0.0589624 0.0318735 -0.0198079 -0.0143943 -0.0526727 -0.0156879 0.0525754 -0.0295499 0.0340198 -0.0184875 -0.0256421 -0.030161 -0.044625 -0.0821153 -0.0109816 0.00755355 0.0489917 -0.0514256 -0.0864748 -0.0447552 -0.0287602 0.0790829 -0.070356 -0.0588642 0.0192619 0.0373296 0.0219476 0.00566506
internal_weight=132301 68890.3 66390.6 65837.5 4648.76 63410.7 2499.66 2508.06 61188.8 1259.8 60902.6 1572.28 447.675 5560.21 3076.48 59929 167.21 1059.02 619.957 1449.04 4100.74 553.09 915.449 2364.96 362.258 1104.16 648.101 556.336 59761.7 2821.62 115.987 78.9235 3738.48 196.699 439.064 407.477 516.097 412.053 620.643 128.28 331.413 295.702 503.396 86.4369 482.247 459.756 298.397 398.481 31.919 208.067 1459.47 280.082 2705.63 711.52 333.473 656.831 510.948 378.048 41.6052 490.724 278.907 192.955
internal_count=1020000 531775 513589 509843 29513 488225 18186 15897 480330 7926 472328 8502 3113 38341 21011 472404 1242 5746 3046 10151 29607 3746 4308 17262 2131 7017 3738 3451 471162 21025 640 447 27476 1120 2700 2437 2491 1924 3594 662 1976 1343 2384 475 2308 2177 1418 2823 207 1146 8734 1330 20385 3749 1644 4194 3352 2105 203 2303 1355 864
is_linear=0
shrinkage=0.08


Tree=16
num_leaves=63
num_cat=0
split_feature=5 2 6 9 4 2 5 9 6 4 5 3 6 3 6 9 2 5 2 9 2 2 6 5 4 2 5 4 6 2 8 9 2 2 2 9 3 9 8 4 8 8 6 4 3 3 5 9 4 3 2 5 6 4 9 8 8 4 9 2 2 5
split_gain=134758 7558.82 3585.62 1592.4 1070.29 1026.05 759.691 639.714 398.305 357.198 453.085 227.312 192.517 140.675 121.23 116.577 103.733 99.6525 93.631 90.9058 84.8173 74.8149 72.5923 90.019 62.8974 60.1772 59.2568 50.3955 45.1895 44.6519 43.5775 42.436 41.6476 39.1807 96.3826 44.2629 37.3953 36.2503 35.8485 49.5178 34.7747 33.4398 28.6432 28.5272 26.4392 108.347 26.3002 25.3079 25.7303 24.0118 23.9773 23.9378 41.7424 33.8527 22.0173 21.0166 20.6878 26.0847 20.1051 38.1866 20.9526 21.1961
threshold=56.111852645874031 89.825496673583999 1.0000000180025095e-35 0.5935734510421754 20.526680946350101 71.010189056396499 71.248622894287124 0.55875089764595043 1.0000000180025095e-35 25.362623214721683 42.244771957397468 4.5000000000000009 1.0000000180025095e-35 4.5000000000000009 1.0000000180025095e-35 0.62180894613266002 94.360820770263686 43.498390197753913 60.736890792846687 0.60823646187782299 45.512083053588874 47.413022994995124 0.75000000000000011 44.930728912353523 35.26820373535157 91.715686798095717 76.615627288818374 29.278497695922855 1.0000000180025095e-35 81.438415527343764 1.0000000180025095e-35 0.49213162064552313 85.215545654296889 93.582702636718764 74.862636566162124 0.66001698374748241 6.5000000000000009 0.40380826592445379 1.0000000180025095e-35 66.819572448730483 1.0000000180025095e-35 1.0000000180025095e-35 1.0000000180025095e-35 35.14332580566407 8.5000000000000018 10.500000000000002 83.384460449218764 0.68066373467445385 66.819572448730483 5.5000000000000009 80.229885101318374 49.358869552612312 1.0000000180025095e-35 36.072002410888679 0.21332865953445437 1.0000000180025095e-35 1.0000000180025095e-35 47.080135345458991 0.62180894613266002 55.217784881591804 90.815368652343764 64.425609588623061
decision_type=2 2 2 2 2 2 2 2 2 2 2 2 2 2 2 2 2 2 2 2 2 2 2 2 2 2 2 2 2 2 2 2 2 2 2 2 2 2 2 2 2 2 2 2 2 2 2 2 2 2 2 2 2 2 2 2 2 2 2 2 2 2
left_child=1 4 15 6 5 18 12 22 11 54 19 16 25 28 -9 -3 26 27 -1 -11 -8 -14 51 -24 -19 38 47 -16 -7 -15 -26 -12 36 34 46 -36 56 -30 39 -2 -21 -17 49 -25 -35 -46 -13 48 -5 -22 -32 -6 -53 -54 -4 -45 -23 -58 59 -10 61 -61
right_child=3 2 9 8 7 13 20 14 58 10 31 33 21 29 17 41 -18 24 -20 40 42 32 23 43 30 -27 -28 -29 37 -31 50 -33 -34 44 35 -37 -38 -39 -40 -41 -42 -43 -44 55 45 -47 -48 -49 -50 -51 -52 52 53 -55 -56 -57 57 -59 -60 60 -62 -63
leaf_value=-0.084625405827412722 -0.046601115272906474 -0.088187306572195742 -0.056616496607324367 -0.0074243897777472373 -0.092394523346081656 -0.095511899528146982 0.086867337613371454 -0.06952110170414974 0.089537753529437478 -0.078913218792306172 -0.068353377501645995 0.021897873369039395 0.059031806863171575 -0.041452294949685546 0.081517862740174543 0.019544720374131436 0.089483437353325035 0.10345044393784975 -0.05026840261740096 0.055774913668131143 0.039260878823665218 0.037002590864719256 -0.080482884892489961 0.089085191363010796 0.037982113689401853 0.068269766792219702 0.070187926816446436 -0.058620545712789004 0.023686142720074143 0.0060099397956343862 -0.0045504017264742184 0.080172377515554505 0.087162813781038809 0.065259223330753346 -0.053614885886273139 0.014659484769367011 -0.062264108866964075 0.061761399425174369 -0.074721771934004824 0.0822691053895198 -0.089164691058313747 -0.061158457369797511 0.061553207309612896 0.0093170057398207773 -0.018622362889120451 0.067528858598519287 0.075186526880552676 0.060450499281326051 0.063555681927943794 -0.030078372634575655 -0.086111116492721074 -0.087592741640302285 0.071637169226188901 -0.057978706835827766 0.082299717071330269 -0.054372308140794461 0.077239910542495113 -0.064541894812360501 0.091301888963205804 -0.023733571331518689 0.094396452514135573 0.048763605036810383
leaf_weight=2013.3829776868224 270.04486614465714 1415.2143247276545 7.3240521550178519 128.41980786621571 52620.392410255969 17.303129345178604 625.37110739946365 213.08877644687891 393.48547669500113 239.5130677074194 12.743063375353811 80.934590131044388 155.85002432018518 301.23298010975122 18.145962163805962 85.681960672140121 2377.9570688083768 56.686375841498375 678.8117653504014 53.151423409581184 64.370960742235184 62.543301001191139 737.54342344403267 15.869238585233687 174.74510055780411 24.764221891760826 1322.1220756992698 172.98312978446484 527.29802305996418 219.15209667384624 102.89285913109779 363.52195902913809 23.790703326463699 535.29747971892357 78.825940698385239 265.34042684733868 92.425583347678185 229.76353481411934 384.75832909345627 20.533506274223328 13.231563240289686 53.300891071557999 102.77511627972126 62.654358401894569 141.15329812467098 276.31732460856438 221.48776733875275 105.12710709869862 43.844403222203255 63.487074211239815 29.734952121973038 1340.8406377658248 13.772340461611746 202.68025916069746 2418.8764500841498 70.439219430088997 10.693168967962263 37.180416077375412 51638.045704454184 36.545472472906113 39.421504765748978 87.86553055793047
leaf_count=15772 1635 11398 35 598 445510 113 4818 1353 3193 1725 97 405 932 1507 80 433 19135 297 4150 299 366 329 5475 77 889 116 9560 904 2439 1021 473 2528 141 3419 381 1624 460 1468 2477 96 63 308 743 310 839 1633 1378 719 254 302 149 10874 97 1516 18205 365 52 191 433127 207 297 643
internal_value=-2.45171e-05 -0.0802157 0.0178928 0.0865743 -0.0878626 -0.0478182 0.0152551 -0.0907222 0.0889675 0.0675004 0.0163559 0.0686457 -0.029277 0.0107031 -0.018226 -0.0813212 0.0788875 0.00146177 -0.0759626 -0.0559537 0.0715746 0.0163654 -0.0917337 -0.0690261 0.0260197 -0.0542126 0.0631349 -0.0453157 0.0323201 -0.0214643 0.0117397 0.0751422 -0.0129753 0.0431752 0.0279756 -0.000977695 -0.0247201 0.0352417 -0.058704 -0.0374946 0.0268853 -0.0114055 0.0301076 -0.0123016 0.0534903 0.0383998 0.0609254 0.0295183 0.0106413 0.00483093 -0.0228362 -0.0921052 -0.0823303 -0.0497316 0.0818804 -0.0243903 0.00670648 -0.0328731 0.0911388 0.0760254 0.0435722 0.0274677
internal_weight=124193 64482 4662.56 59710.8 59819.4 3986.94 1938.59 55832.5 57772.2 3108.36 682.161 5576.83 1082.58 1294.75 768.277 1554.2 3977.47 555.188 2692.19 305.896 856.004 382.483 55064.2 886.506 364.059 700.101 1599.51 191.129 774.365 520.385 307.373 376.265 226.633 1599.36 646.589 344.166 202.842 757.062 675.337 290.578 66.383 138.983 230.633 148.963 952.768 417.471 302.422 277.391 172.264 127.858 132.628 54177.7 1557.29 216.453 2426.2 133.094 110.417 47.8736 52195.4 557.318 163.833 124.411
internal_count=1020000 529930 35091 490070 494839 26470 12658 468369 477412 22952 4712 39945 6429 6548 4145 12139 30266 2792 19922 2087 6229 2105 464224 6227 1808 4324 11131 984 4020 2528 1511 2625 1173 9679 3788 2005 1032 3907 4208 1731 362 741 1411 752 5891 2472 1783 1571 852 668 622 457997 12487 1613 18240 675 572 243 437467 4340 1147 850
is_linear=0
shrinkage=0.08


Tree=17
num_leaves=63
num_cat=0
split_feature=4 1 6 6 6 4 4 2 1 0 2 4 3 0 6 2 4 4 0 0 2 1 1 4 0 6 1 3 4 4 2 4 0 0 4 4 6 2 6 0 2 2 0 2 2 0 0 2 2 6 4 4 0 2 0 0 0 0 2 3 1 2
split_gain=101728 15167.9 3372.02 3062.95 2982.88 2653.98 937.62 914.629 771.986 489.173 378.265 251.631 243.77 215.951 194.559 173.53 170.792 157.087 136.941 127.78 107.44 98.1527 95.8692 93.0216 232.392 194.25 87.4582 83.7039 82.6637 79.7129 64.8577 62.6228 53.419 52.6264 94.6182 51.8617 48.1677 79.9597 47.3927 45.6001 43.7357 41.395 40.1757 40.8055 37.2598 52.5692 36.4289 35.6506 35.2536 35.0626 86.7773 113.31 33.719 32.3643 32.2377 35.6539 31.271 31.1981 34.8397 30.2196 29.8995 28.4655
threshold=49.285570144653327 74.601570129394545 1.0000000180025095e-35 1.0000000180025095e-35 0.75000000000000011 60.650449752807624 20.526680946350101 71.010189056396499 75.582656860351577 60.736890792846687 90.366767883300795 42.887798309326179 5.5000000000000009 77.836257934570327 0.75000000000000011 84.29276275634767 41.910465240478523 23.14919471740723 86.295150756835952 68.208553314208999 94.360820770263686 88.784065246582045 88.036697387695327 59.863313674926765 59.885057449340827 0.75000000000000011 88.784065246582045 6.5000000000000009 41.394500732421882 71.241439819335952 60.736890792846687 39.77586746215821 84.273937225341811 65.692962646484389 44.835317611694343 69.299133300781264 0.75000000000000011 90.521114349365249 1.0000000180025095e-35 66.323020935058608 92.907444000244155 62.575302124023445 82.413585662841811 51.649148941040046 72.04651260375978 26.36544227600098 86.295150756835952 94.791099548339858 93.582702636718764 0.75000000000000011 20.526680946350101 39.77586746215821 30.860805511474613 70.659969329833999 63.510736465454109 81.872947692871108 84.889995574951186 28.778468132019047 79.772727966308608 7.5000000000000009 91.54584121704103 75.147060394287124
decision_type=2 2 2 2 2 2 2 2 2 2 2 2 2 2 2 2 2 2 2 2 2 2 2 2 2 2 2 2 2 2 2 2 2 2 2 2 2 2 2 2 2 2 2 2 2 2 2 2 2 2 2 2 2 2 2 2 2 2 2 2 2 2
left_child=1 4 11 5 6 8 7 13 19 16 14 26 20 30 17 27 44 46 33 61 35 47 -10 24 25 57 -3 54 42 40 39 -19 41 -8 -35 56 37 -26 -36 -1 -14 -21 43 -11 45 -6 -4 -13 -43 50 -12 60 -18 -54 -9 -56 -7 -5 -59 -46 -52 -2
right_child=3 2 10 23 9 12 18 15 22 28 49 21 29 -15 -16 -17 52 31 -20 32 -22 -23 -24 -25 36 -27 -28 -29 -30 -31 -32 -33 -34 34 38 -37 -38 -39 -40 -41 -42 48 -44 -45 59 -47 -48 -49 -50 -51 51 -53 53 -55 55 -57 -58 58 -60 -61 -62 -63
leaf_value=-0.086622658207817699 -0.083146967678056252 -0.079700451447425713 0.023648189181889396 0.091519345470973554 0.079291023525715321 0.0023019575886850498 -0.090617933203482937 0.053747688780752763 0.0047322661643725344 0.096736524355743883 0.08267202825477192 -0.052730394671044199 -0.03012963615769786 0.069420836277999526 0.071506520555079126 0.052062419649949565 0.093603496793613114 -0.059798042959437678 0.016539675070609616 0.053611259039137313 0.087838702409710173 0.045430084468588289 0.075847068519713151 0.089865331717283767 0.037739882931617494 0.065847886347325343 -0.035753949497514877 -0.049910890184014026 0.071324519139410791 0.044335041702558427 -0.054995977885961875 0.013279846594943774 0.070529131379742996 -0.084992207849899609 -0.057934607794782524 0.06530992794669746 0.088719781167280298 0.089339543596035118 0.012099433227192218 0.0041175152884151767 0.041635294758376185 -0.058135105727064221 0.086990053933851008 0.013362309573972237 0.0899728656911883 -0.061928452270543409 0.071540710430993928 0.016158349683200825 0.049306132449483252 0.089688721248103301 -0.032765030091215293 0.07771490683295712 -0.0026945288834757559 0.071797484864913261 -0.011871777520734445 0.072324523994950263 0.071815629322356994 -0.046832241502756493 0.071972931041967989 -0.036486015913910382 0.02768653926251631 -0.037056530640984291
leaf_weight=1837.2827783599496 1259.1742578148842 1122.960630774498 373.83194931596518 12.904739417135714 17.359378784894943 147.39749536663294 44832.594584181905 84.06342438608408 217.22108629345894 40.782120428979397 1932.6180814951658 165.30371655523777 166.71467854082584 65.756750606000423 512.78075887262821 448.36631085723639 36.141192711889744 213.58057296276093 77.704660981893539 30.222830563783646 1985.4085808098316 184.29573756456375 274.80582728981972 41719.15977049619 341.9343526661396 380.2035618275404 390.64244589954615 242.28356873989105 515.68843846023083 935.09877457469702 618.59658171981573 115.70470928400755 36.250073634088039 4708.4999344646931 269.55821249634027 1224.7344254031777 3497.5781058743596 438.91824459284544 80.251228801906109 36.141534969210625 80.636544480919838 183.24529977887869 64.275194220244884 476.92125914990902 19.987612091004848 598.74665628373623 139.60498641431332 67.797043040394783 21.878911659121513 1796.524150967598 93.965773619711399 292.38423082977533 204.09821794182062 45.682000882923603 276.17602732032537 36.435103632509708 57.603145927190781 186.20286689698696 17.261808454990387 30.623438894748688 118.27186477929354 92.025973543524742
leaf_count=15412 10481 9474 1939 103 123 887 405658 373 1304 288 15966 1149 969 368 4055 2525 287 1706 569 195 17007 1392 2202 374461 2580 3032 2940 1236 4104 5892 3906 864 237 41842 2115 9226 31056 3781 596 216 470 1203 485 3236 133 4653 1048 441 130 15708 680 2470 1394 366 1212 217 406 1387 136 223 837 649
internal_value=-2.64864e-05 -0.0686938 0.037946 0.0813649 -0.083101 0.0308411 -0.0867225 -0.047552 -0.0433288 0.0115989 0.069433 -0.0531932 0.0649581 -0.07368 0.032652 0.0139104 -0.0303464 0.00900976 -0.0895799 -0.0699434 0.0757974 0.00180052 0.0444512 0.0886434 0.0781867 0.0314106 -0.0683584 -0.0128614 0.0480022 0.0336521 -0.0774559 -0.0341198 -0.0198723 -0.0897452 -0.0820099 0.0590763 0.084709 0.0667441 -0.0418678 -0.0848721 -0.00673426 -0.0337966 0.0273364 0.0199301 -0.052529 -0.0579495 0.0366703 -0.0326942 -0.0466752 0.081209 0.0749585 0.0454169 0.0213795 0.0109292 0.00976787 -0.00205862 0.0218346 -0.0291025 -0.0367529 0.0134559 0.000922302 -0.0800079
internal_weight=116491 63184.3 7520.27 53306.6 55664 6712.42 53613.7 3645.1 2114.82 2050.31 5589.27 1931 4597.59 2557.78 1355.5 1087.32 952.638 842.722 49968.6 1622.8 3415.14 417.396 492.027 46594.2 4875 596.573 1513.6 638.958 1097.67 1182.45 2492.02 329.285 271.597 49890.9 5058.31 1429.74 4278.43 780.853 349.809 1873.42 247.351 235.347 581.979 517.703 666.717 616.106 513.437 233.101 205.124 4233.76 2437.24 504.622 285.921 249.78 396.675 312.611 205.001 216.369 203.465 50.6111 212.238 1351.2
internal_count=1020000 552206 60669 467794 491537 51258 476245 25465 16401 15292 45273 15396 34857 19902 9612 5563 7179 5557 450780 12895 27526 2982 3506 416536 42075 4658 12414 3038 8113 7331 19534 2570 1765 450211 44553 10519 37417 6361 2711 15628 1439 1528 4009 3524 5132 4776 2987 1590 1333 35661 19953 3987 2047 1760 1802 1429 1293 1626 1523 356 1517 11130
is_linear=0
shrinkage=0.08


Tree=18
num_leaves=63
num_cat=0
split_feature=5 1 4 4 2 9 9 9 5 2 0 9 8 5 9 5 3 4 0 2 2 2 4 2 9 4 0 9 0 0 0 9 0 2 4 0 2 2 2 8 9 3 1 3 0 4 2 2 0 0 2 0 2 2 4 0 3 1 5 8 2 5
split_gain=111601 6886.49 1485.17 1378.17 1206.25 968.69 913.062 891.158 596.146 197.209 195.509 129.107 124.847 97.2928 91.7803 89.1014 84.0052 72.6386 70.7133 68.6101 67.9154 64.2233 61.3696 60.1358 60.1774 56.6355 55.0279 52.3917 51.099 49.7605 48.82 47.5189 42.0501 41.6452 38.5503 38.0253 50.042 43.0531 38.0135 37.6346 36.8352 36.0438 42.4975 53.4957 34.5885 34.3943 32.4182 30.6316 27.4903 29.8624 34.0063 32.5381 26.9433 26.604 26.1895 25.8468 25.6136 28.5988 25.3901 25.3849 23.9475 23.1527
threshold=58.195386886596687 80.810150146484389 20.526680946350101 20.526680946350101 71.010189056396499 0.64869347214698803 0.55875089764595043 0.62180894613266002 74.106002807617202 91.331184387207045 80.810150146484389 0.80444025993347179 1.0000000180025095e-35 44.124549865722663 0.60823646187782299 49.358869552612312 4.5000000000000009 47.080135345458991 81.28433990478517 60.736890792846687 60.736890792846687 45.512083053588874 30.445816993713382 66.323020935058608 0.68066373467445385 64.245563507080092 84.889995574951186 0.52298191189765941 65.485893249511733 66.323020935058608 32.163381576538093 0.68929168581962597 22.903981208801273 90.815368652343764 40.469308853149421 62.563131332397468 32.305501937866218 56.562757492065437 93.788581848144545 1.0000000180025095e-35 0.49720504879951483 4.5000000000000009 78.979854583740249 8.5000000000000018 72.646820068359389 66.819572448730483 91.922958374023452 48.934240341186531 87.20676422119142 69.614067077636733 84.028984069824233 79.095325469970717 80.901721954345717 92.63776016235353 76.391868591308608 65.485893249511733 6.5000000000000009 72.821968078613295 39.35298156738282 1.0000000180025095e-35 72.04651260375978 36.07402420043946
decision_type=2 2 2 2 2 2 2 2 2 2 2 2 2 2 2 2 2 2 2 2 2 2 2 2 2 2 2 2 2 2 2 2 2 2 2 2 2 2 2 2 2 2 2 2 2 2 2 2 2 2 2 2 2 2 2 2 2 2 2 2 2 2
left_child=1 2 4 33 10 13 15 8 12 16 19 23 25 -5 20 -4 48 -14 27 29 55 -10 61 -9 46 35 30 32 54 -1 -19 59 -17 -3 -29 36 -2 -37 -24 -15 -38 -26 -43 -44 52 -32 56 -42 49 -6 -51 -52 -18 -39 -23 -8 57 -25 -16 -7 -49 -22
right_child=7 3 6 5 9 31 14 11 21 -11 -12 -13 17 39 58 18 44 26 -20 -21 22 28 38 24 41 -27 -28 34 -30 -31 45 -33 -34 -35 -36 37 40 53 -40 -41 47 42 43 -45 -46 -47 -48 60 -50 50 51 -53 -54 -55 -56 -57 -58 -59 -60 -61 -62 -63
leaf_value=-0.085092666235789566 0.072875317813026599 0.04841533463786668 -0.089916440056744221 -0.078383287910845353 0.043729681434900858 0.050573790020708297 0.014309189825639427 0.088028179767295711 0.08806832192534049 0.065233237528737886 0.079403745890468114 0.08933796781570412 0.02402525117749538 0.014165943727131567 -0.067039124909491279 0.076834803869877441 -0.056119990373277764 0.066912051618604543 0.064146329049204157 -0.051875491271460253 -0.017626593703226619 -0.00066695213188191691 -0.051956575473542925 0.067372390475747973 0.08312203058401671 0.061112887217388029 0.090436192528031353 0.039529010634564238 0.083700646478237939 0.0056490985035234391 -0.073239511292536461 0.084443774135315286 -0.079806966051562983 0.082424686544567707 -0.051464535161112199 0.099600719895970469 -0.076914461218103358 -0.0031320272674213072 0.037471763054290959 -0.056525355880373537 0.061676655915872153 0.078111774662831451 0.068851232697112255 0.025386403325507515 0.006773273000439989 -0.0031425832363224759 0.076660437287266417 -0.04539604624322581 0.077497401804170113 -0.014384842765282303 0.069509352785747741 -0.018799555993180159 -0.0086410507503957932 0.097944713719608889 0.05674770345206178 0.11381159855953625 0.014178714666089467 0.022148954933720408 0.04091232271644054 -0.026091675614449902 0.043610512176980337 0.14168462432894205
leaf_weight=1726.4797463193536 34.972899973392487 268.01763396710157 47400.042594112456 864.15375313162804 171.72387947887182 97.584981068968773 50.37722210586071 4290.3212619647384 806.9884771630168 431.73908477276564 53.610042333602905 36307.721478611231 104.55156688392162 112.68404924869537 14.704897120594977 11.051587104797362 203.52511766552925 19.373950064182281 24.325438842177391 606.64243651181459 9.0906412899494189 127.31041616946459 335.53491909056902 316.84756514430046 4898.0019665583968 149.27012944966555 16.932970248162746 35.86888625472784 146.54425778239965 39.563107028603554 317.94104997068644 355.26322883367538 1452.0847736299038 1643.3316843435168 176.05580366402864 44.985311232507229 72.349663734436035 127.17072768509388 33.453570947051048 84.224067062139511 32.259045615792274 2475.5037453770638 769.69075089693069 237.03851532191038 163.91518035531044 52.146742403507233 338.33916713297367 91.058937326073647 51.706544548273087 236.50602409988642 75.686250187456608 41.260419808328152 122.55687394738197 19.179127305746078 84.658123292028904 24.998734191060066 129.83838054537773 124.72431137412786 269.47842109948397 38.564738601446152 24.565390139818192 16.318887323141098
leaf_count=15431 224 1917 458186 6979 748 594 221 40010 7145 2931 325 348538 607 571 65 70 1108 140 120 3940 41 772 1845 2551 44551 987 114 236 1157 230 1918 3003 12997 14622 1224 304 463 667 172 462 205 22064 6359 1841 746 303 2708 515 396 1047 357 212 530 122 636 128 916 785 1532 210 126 76
internal_value=-2.71749e-05 -0.0771571 -0.0841993 0.0321772 -0.036818 -0.0238142 -0.0879295 0.0846173 0.0356206 0.0196133 -0.0716732 0.086849 -0.0064295 -0.0668196 -0.000560502 -0.0892712 0.00115202 -0.0354443 -0.0712726 -0.0750867 -0.0222698 0.0755514 -0.0355676 0.0801945 0.0765768 0.0184526 -0.0507438 -0.0732392 0.0473765 -0.0830599 -0.056882 0.0690433 -0.0786238 0.0776557 -0.0360636 0.00419202 -0.0160218 0.0311535 -0.0438487 -0.016071 -0.0301386 0.0786982 0.0724758 0.0586173 -0.0232055 -0.0633626 0.0570349 -0.00725421 0.021841 0.0163613 0.00306441 0.0383527 -0.0382752 0.0101141 0.0222639 0.0473096 0.0454144 0.0545988 0.0353264 0.0288581 -0.0264858 0.0846886
internal_weight=109402 57242.1 53778.3 3463.82 3924.91 1552.47 49853.4 52160.3 2272.26 1498.62 2426.3 49888 1106.76 1061.06 753.957 49099.4 1066.88 510.946 1699.39 2372.69 469.774 1165.5 394.398 13580.3 9289.98 595.811 406.395 1675.06 358.513 1766.04 389.462 491.413 1463.14 1911.35 211.925 446.541 255.206 191.335 368.988 196.908 220.233 8380.23 3482.23 1006.73 489.997 370.088 909.749 147.883 576.883 525.177 353.453 116.947 326.082 146.35 211.969 75.376 571.41 441.572 284.183 136.15 115.624 25.4095
internal_count=1020000 533272 504914 28358 28001 11819 476913 486728 16405 8075 19926 470323 6695 8012 4080 472833 5144 3082 14647 19601 2483 9710 2134 121785 81775 3613 2475 14527 2565 15661 2361 3807 13067 16539 1460 2626 1533 1093 2017 1033 1309 74815 30264 8200 2384 2221 6960 846 2760 2364 1616 569 1638 789 1408 349 4252 3336 1597 804 641 117
is_linear=0
shrinkage=0.08


Tree=19
num_leaves=63
num_cat=0
split_feature=5 0 5 6 2 6 5 6 5 1 2 2 4 5 5 2 2 5 5 4 6 2 5 1 0 8 3 6 0 2 3 0 2 6 3 2 1 8 4 5 2 8 0 1 4 5 5 0 5 2 2 1 6 0 6 3 1 0 2 0 4 4
split_gain=101425 5964.89 1530.52 1520.41 1240.57 1168.38 804.633 559.654 323.655 272.526 244.018 192.935 177.131 224.311 122.075 131.537 111.315 99.2648 89.4553 89.1537 89.0718 69.0945 64.7065 89.1343 62.3585 58.8477 58.3126 53.759 52.6749 47.019 44.0284 42.4352 47.2805 42.0958 41.7528 40.5008 35.3168 34.2765 32.8257 31.6962 30.3744 30.0922 29.9108 27.0149 27.007 30.0031 26.6636 26.534 26.25 26.5337 27.1322 31.6691 26.2458 24.4597 24.1051 23.8869 23.6652 23.1285 27.0594 30.8782 23.0075 22.572
threshold=56.111852645874031 83.250827789306655 20.084033966064457 1.0000000180025095e-35 73.746868133544936 1.0000000180025095e-35 66.506408691406264 0.75000000000000011 43.204938888549812 88.784065246582045 91.331184387207045 92.390407562255874 24.502962112426761 43.204938888549812 62.534915924072273 90.366767883300795 60.736890792846687 80.119758605957045 43.204938888549812 35.14332580566407 0.75000000000000011 94.360820770263686 49.358869552612312 64.660633087158217 66.323020935058608 1.0000000180025095e-35 5.5000000000000009 0.75000000000000011 63.686313629150398 90.815368652343764 5.5000000000000009 66.323020935058608 63.686313629150398 1.0000000180025095e-35 4.5000000000000009 61.257406234741218 92.390407562255874 1.0000000180025095e-35 76.391868591308608 46.734052658081062 52.97661209106446 1.0000000180025095e-35 58.898942947387702 53.889368057250984 26.111660003662113 36.07402420043946 47.332759857177741 77.015758514404311 97.989273071289077 92.390407562255874 77.849929809570327 61.257406234741218 1.0000000180025095e-35 26.36544227600098 1.0000000180025095e-35 8.5000000000000018 68.020618438720717 72.821968078613295 86.526824951171889 80.982517242431655 52.529907226562507 46.321735382080085
decision_type=2 2 2 2 2 2 2 2 2 2 2 2 2 2 2 2 2 2 2 2 2 2 2 2 2 2 2 2 2 2 2 2 2 2 2 2 2 2 2 2 2 2 2 2 2 2 2 2 2 2 2 2 2 2 2 2 2 2 2 2 2 2
left_child=1 2 4 18 16 6 10 22 29 17 28 26 -5 27 15 20 24 21 -3 -10 60 31 36 52 -1 39 54 -14 53 44 -11 38 -33 -25 -19 -36 -4 -20 -8 -21 -30 -15 -27 -13 45 -9 -43 -28 49 50 51 -37 -24 -2 -6 -22 -18 -56 -59 -60 -7 -42
right_child=5 3 7 12 11 14 9 8 19 30 -12 43 13 41 -16 -17 56 34 37 25 55 -23 23 33 -26 42 47 -29 40 -31 -32 32 -34 -35 35 48 -38 -39 -40 -41 61 46 -44 -45 -46 -47 -48 -49 -50 -51 -52 -53 -54 -55 57 -57 -58 58 59 -61 -62 -63
leaf_value=-0.083683574674483258 0.081115469651721173 -0.085501599363870556 -0.089230134856637666 0.077727381751129865 -0.098637545996361514 0.0099005575907104952 -0.02809653623262744 -0.032225568276329573 0.092989718080809303 0.084247631285226374 0.058963862991461759 -0.0015953387495724024 -0.066074474789327459 0.08338751513701384 0.08766817698342419 0.08846768343718496 -0.049994291721716197 0.065244023935552786 0.0058793849097272298 -0.021988631575165139 0.066027421154253196 0.060403937755150502 -0.08569895024715167 -0.049220453951044282 0.014068676537673991 -0.066438683812085966 -0.032085573153262652 0.025244100517972622 0.12824318457338391 0.027948371033865035 0.0016747313909877169 0.093380746786316429 0.011366773700905426 0.023625064360936591 0.075422828155132043 -0.040485662543571603 0.0083867459459448061 -0.06413774974483584 0.067641890459279014 0.043712572138209629 0.014258757493316595 -0.079328198665761199 -0.0041131554959966295 0.070950960154484252 -0.075104092938881553 0.18569024055381328 0.049746725067673143 0.025582467986305781 0.085913239639864206 0.042189211356770458 -0.010434182671332807 0.05751967156404237 -0.051284025922552136 -0.073480065840155775 0.041256306237464117 0.002403061579474384 -0.011079846008811163 -0.0063523073092816851 0.066752511027373188 -0.06497613726331683 -0.052145378229520659 -0.042295115625013341
leaf_weight=1588.6403821706772 6.674080789089202 519.69941173493862 43669.649389371276 1768.1666956841946 10.807144522666929 69.822542250156403 228.679353274405 28.663585625588894 77.210567757487297 2033.1552782356739 163.97928530722857 35.390617907047272 147.32820468395948 219.59167746454477 42779.789414919913 398.62546960264444 623.68190830200911 1014.3100135177374 115.735994592309 63.904900021851063 194.85381948947906 200.91575345396996 1046.9421255141497 178.9710862711072 42.893641754984856 90.363670073449612 289.49185164272785 57.307013638317585 8.2703122198581678 31.486514538526535 42.184864819049835 54.223606862127781 264.09471654891968 70.877102360129356 198.93555502593517 26.167804211378098 23.732738673686981 72.953734904527664 25.473559200763702 177.58254596590996 60.83266194909811 13.793479338288305 108.39444196969271 457.84332778304815 718.76103109866381 4.7077200636267653 39.789269223809242 61.999824568629265 61.696171469986439 549.80205650627613 155.83689059317112 108.99394593387842 164.04527493566275 352.15440296381712 231.09390823543072 46.844320043921471 119.11769919097424 230.27323560416698 72.853217907249928 13.498810082674025 84.585635885596275 175.39943494647741
leaf_count=15100 32 4764 453771 16095 74 382 1141 221 465 19807 1175 156 1040 1823 437607 3832 4145 8423 598 373 1547 1344 10311 1274 243 529 1376 343 43 182 279 345 1622 380 1448 161 149 446 163 1013 306 68 550 3529 5750 22 277 307 467 3718 1022 726 1447 2796 1044 291 541 1040 404 80 463 930
internal_value=-3.00676e-05 -0.0766536 -0.0831508 0.0338176 -0.0341814 0.0826246 0.0486697 -0.0871329 -0.0354043 0.0604537 -0.0275725 0.025453 0.0660485 0.02283 0.087091 0.0560243 -0.0694258 0.0445676 -0.0683717 0.0136972 0.0233745 0.020041 -0.0886234 -0.072061 -0.0811136 -0.000209151 0.00361417 -0.0405012 -0.0510922 -0.0678282 0.0825692 0.0058751 0.0253374 -0.0285556 0.053533 0.0427483 -0.0891771 -0.0211916 -0.0185007 0.026326 -0.0224559 0.0702715 -0.0324489 0.0657456 -0.0718376 -0.00148399 0.0165198 -0.0219135 0.0355459 0.0318501 0.0123157 0.0385455 -0.081037 -0.0706046 0.0196792 0.0536962 -0.0437538 0.0220137 0.00796926 0.0461603 -0.0240885 -0.0277318
internal_weight=102494 53187.2 50232.9 2954.37 3777.59 49306.3 5731.78 46455.3 1301.07 4964.47 767.31 1403.25 2245.98 477.81 43574.5 794.732 2374.33 2889.13 708.389 517.456 396.106 773.387 45154.2 1460.84 1631.53 440.246 910.018 204.635 603.331 783.619 2075.34 572.471 318.318 249.848 2115.74 1101.43 43693.4 188.69 254.153 241.487 244.502 273.174 198.758 493.234 752.132 33.3713 53.5827 351.492 902.497 840.801 290.999 135.162 1210.99 358.828 558.526 241.698 742.8 547.719 316.625 86.352 154.408 236.232
internal_count=1020000 529930 504476 25454 28039 490070 45948 476437 9105 40666 5282 8010 19646 3551 444122 6515 20029 20580 5808 2930 2683 4615 467332 13412 15343 2465 4325 1383 4107 6175 20086 3271 1967 1654 15965 7542 453920 1044 1304 1386 1279 2168 1079 3685 5993 243 345 1683 6094 5627 1909 887 11758 2828 2642 1838 4686 2568 1524 484 845 1236
is_linear=0
shrinkage=0.08


Tree=20
num_leaves=63
num_cat=0
split_feature=5 0 5 6 6 2 5 6 5 3 2 2 4 5 5 2 2 2 5 4 6 5 0 0 2 5 2 0 3 0 5 6 0 4 8 2 4 2 2 0 2 5 8 2 0 5 6 2 0 2 5 2 2 6 0 0 2 3 0 4 4 0
split_gain=92225.8 5454.94 1491.04 1364.3 1161.16 1113.92 717.925 555.803 291.54 247.399 213.978 193.315 164.051 206.447 124.074 126.502 113.135 90.6591 87.384 83.0896 78.3205 68.2124 84.7716 59.3464 52.239 51.6689 54.3128 50.5903 50.3559 44.6276 46.8838 43.2774 41.7528 41.1836 39.7884 38.6371 35.7362 35.2357 31.558 39.8412 45.6591 31.4041 30.1869 28.7731 26.3153 25.9541 25.0175 37.0319 24.9103 24.7184 24.0221 23.8699 23.8215 22.6736 22.6249 22.5803 22.5162 22.2067 22.0502 24.8996 21.6434 20.9762
threshold=56.111852645874031 83.250827789306655 20.084033966064457 1.0000000180025095e-35 1.0000000180025095e-35 72.438781738281264 66.506408691406264 0.75000000000000011 42.672246932983406 4.5000000000000009 91.331184387207045 93.957649230957045 26.709129333496097 39.77586746215821 62.534915924072273 90.366767883300795 94.360820770263686 60.736890792846687 43.204938888549812 35.14332580566407 0.75000000000000011 49.358869552612312 67.006801605224624 66.323020935058608 89.825496673583999 84.384033203125014 93.957649230957045 60.922586441040046 4.5000000000000009 87.570224761962905 80.119758605957045 0.75000000000000011 60.736890792846687 36.072002410888679 1.0000000180025095e-35 70.051548004150405 29.278497695922855 93.788581848144545 35.368577957153327 57.307060241699226 60.910972595214851 48.621318817138679 1.0000000180025095e-35 52.97661209106446 55.217784881591804 49.358869552612312 1.0000000180025095e-35 79.772727966308608 88.273490905761733 89.825496673583999 32.080514907836921 90.521114349365249 53.694938659667976 1.0000000180025095e-35 26.36544227600098 69.268848419189467 94.360820770263686 5.5000000000000009 87.20676422119142 46.321735382080085 65.762619018554702 72.646820068359389
decision_type=2 2 2 2 2 2 2 2 2 2 2 2 2 2 2 2 2 2 2 2 2 2 2 2 2 2 2 2 2 2 2 2 2 2 2 2 2 2 2 2 2 2 2 2 2 2 2 2 2 2 2 2 2 2 2 2 2 2 2 2 2 2
left_child=1 2 5 18 6 17 10 21 32 16 27 28 48 -14 15 20 29 23 -3 -10 -6 -4 46 -1 34 26 38 54 53 30 -8 41 -9 -24 45 -27 50 52 -11 -40 -41 -15 -20 -29 -13 -21 -23 -48 56 -38 -34 -37 -35 -7 -2 -22 -5 -12 59 -45 -61 -30
right_child=4 3 7 12 14 11 9 8 19 25 57 44 13 31 -16 -17 -18 -19 42 24 55 22 33 -25 -26 35 -28 43 61 -31 -32 -33 36 37 -36 51 49 -39 39 40 -42 -43 -44 58 -46 -47 47 -49 -50 -51 -52 -53 -54 -55 -56 -57 -58 -59 -60 60 -62 -63
leaf_value=-0.082331535249122359 0.074012218742531249 -0.084132571315638838 -0.088313133923835482 0.035756218006711568 -0.022185989369148534 -0.097893487548098096 0.015596026386326322 -0.082150899041337683 0.086134447101642156 0.070889886591277873 0.075271186903019593 0.002038888099841844 -0.056415963735548046 -0.022691666472151765 0.086671155401980893 0.087325488499775214 0.084770280471275647 -0.043812897560950408 0.0054053615928556552 -0.015228949811349599 0.026403907187105426 -0.084599991594794713 0.08820493367089105 0.012873192153242523 0.071864357555293634 0.074981834648831999 0.042100645933315681 0.10705948896473556 -0.030710501260249753 0.074445563899155354 0.055478800709853539 0.082986875227635842 -0.026080877467839225 0.11555995130384911 -0.037997753610903483 0.010741247491619784 -0.06187058064858162 0.056604381348076334 -0.056397238651568593 0.071053838200493158 -0.013710109370051083 0.062229266164127835 -0.060915961508919363 0.0072761350532655599 0.070298985884622259 0.041838415827012948 -0.061039121194065821 0.088376757882267495 0.080812571436197744 0.029091033840741857 0.10126651340165424 0.043958575212795017 -0.051848618632488748 0.020770246050415754 -0.074343727582204783 0.076188101729644353 0.075964122813679549 0.0091634696589026326 0.062226192778259908 -0.058239668169125278 0.037773548255337512 0.0041930471383197993
leaf_weight=1489.6053315848112 6.7270300537347785 487.23235749453306 40712.64256528765 168.54161638766527 154.25625244528055 10.512768268585203 264.49192450940609 441.75484458357096 80.33720988035202 31.764902159571648 112.78669077157974 39.570862703025341 147.09287075698376 55.462035328149796 39926.522234037519 372.59493074566126 1762.4684885442257 640.43019376695156 115.81134628504515 104.78746243566275 116.64671292155981 965.67253606766462 17.820031017065048 43.117073245346546 53.780580267310143 206.70481359958649 269.78225380927324 10.329002790153025 291.55690675228834 464.60794025659561 657.76907343417406 186.4913439899683 22.062795072793961 5.5813023522496215 194.73895663022995 182.37772610038519 223.92218849807978 22.924625635147095 94.828219264745712 52.168748505413532 184.53619990497828 56.020827047526836 70.759545840322971 66.482015006244183 417.57448957115412 99.374622590839863 144.16210176050663 11.459945842623709 1324.1809807121754 20.904763631522655 16.622544631361961 574.86044017225504 214.77845752984285 522.46292664110661 298.88891689479351 116.58473301678896 189.19394954293966 45.696888223290443 15.94979068636894 169.92067386209965 16.483609899878502 177.15339595079422
leaf_count=15100 32 4764 453920 1253 845 75 1632 4187 495 214 928 180 1056 310 437607 3832 18383 4250 598 581 767 10152 112 243 424 1578 1810 58 1466 4251 5595 1693 140 37 1062 1240 1501 120 488 290 1011 389 446 352 3392 523 1348 74 13062 106 86 4174 1569 2480 2532 1071 1883 247 89 965 79 853
internal_value=-3.31531e-05 -0.0755634 -0.0820287 0.0328971 0.0814018 -0.0327915 0.046865 -0.0861536 -0.0337616 0.0583135 -0.0262433 0.0212823 0.0643232 0.0211329 0.0860616 0.0540428 0.0713198 -0.0690911 -0.066305 0.0111571 0.0220393 -0.0877197 -0.0702432 -0.0796533 -0.00214911 0.0326649 0.0149089 -0.0485892 0.00160879 0.0542267 0.044041 0.0594143 -0.0667736 -0.0291896 -0.0121277 0.0443264 -0.0428135 -0.0377885 -0.00528343 -0.0125818 0.0049715 0.0199816 -0.0197479 -0.0239695 0.0643903 0.0125482 -0.079803 -0.0500362 0.0757522 -0.0541037 0.0286385 0.0359583 -0.0476085 0.0184296 -0.0710782 0.0512894 0.0570208 0.0562098 -0.0290037 -0.0347577 -0.0497493 -0.0175184
internal_weight=95962.3 49786.1 46985.3 2800.79 46176.2 3631.98 5489.63 43353.3 1258.29 4746.36 743.265 1458.83 2126.98 445.067 40686.6 760.083 3149.34 2173.15 673.803 533.019 387.488 42095 1382.4 1532.72 452.682 1597.02 633.08 584.781 1001.69 1386.87 922.261 297.974 725.267 261.104 398.901 963.943 283.512 243.284 363.298 331.533 236.705 111.483 186.571 279.165 457.145 204.162 1121.29 155.622 1681.92 244.827 38.6853 757.238 220.36 532.976 305.616 233.231 357.736 158.484 268.836 252.886 186.404 468.71
internal_count=1020000 529930 504476 25454 490070 28039 45948 476437 9105 40666 5282 8446 19646 3448 444122 6515 29861 19593 5808 3085 2683 467332 13412 15343 2590 10805 3813 4107 4874 11478 7227 2392 6020 1838 2166 6992 1833 1726 2003 1789 1301 699 1044 1543 3572 1104 11574 1422 16198 1607 226 5414 1606 2555 2564 1838 3136 1175 1485 1396 1044 2319
is_linear=0
shrinkage=0.08


Tree=21
num_leaves=63
num_cat=0
split_feature=5 5 2 9 9 5 6 2 9 1 2 6 9 6 5 3 2 2 4 3 5 2 5 1 4 6 5 9 4 5 2 3 5 1 4 2 2 2 1 2 3 2 9 2 2 2 2 3 5 4 1 3 9 3 2 3 5 4 9 6 1 5
split_gain=83894.3 5054.53 2502.49 1504.8 1235.94 536.856 449.705 291.584 262.621 235.685 183.324 145.988 143.118 134.279 90.0508 71.6076 69.8446 67.1037 64.2541 57.9245 54.1076 51.4933 48.4588 43.6957 43.3689 42.8541 49.5325 40.8003 37.5943 37.1805 32.071 31.6393 29.9768 29.1003 28.6157 27.2437 36.6217 33.8267 26.9039 26.8337 35.5619 26.3012 26.2579 24.6485 24.4631 23.3566 23.2469 23.1079 22.975 25.8196 22.7391 21.5691 20.9516 20.8681 58.6727 21.2915 20.7793 20.2125 19.7777 19.7492 19.702 20.6918
threshold=56.111852645874031 20.084033966064457 80.901721954345717 0.60823646187782299 0.60823646187782299 74.106002807617202 1.0000000180025095e-35 64.051280975341811 0.52298191189765941 91.54584121704103 91.331184387207045 1.0000000180025095e-35 0.6702905297279359 0.75000000000000011 47.332759857177741 5.5000000000000009 91.715686798095717 45.512083053588874 30.445816993713382 5.5000000000000009 62.534915924072273 95.293468475341811 38.113767623901374 96.449581146240249 40.469308853149421 0.75000000000000011 44.930728912353523 0.4082044661045075 32.361440658569343 78.389190673828139 93.582702636718764 2.5000000000000004 97.989273071289077 57.275131225585945 43.703044891357429 63.686313629150398 88.762622833251967 77.849929809570327 68.020618438720717 31.400560379028324 6.5000000000000009 42.93394851684571 0.6702905297279359 55.488622665405281 30.848532676696781 75.716625213623061 64.051280975341811 1.0000000180025095e-35 44.124549865722663 38.781694412231452 84.660633087158217 7.5000000000000009 0.44581410288810736 8.5000000000000018 99.532711029052749 11.500000000000002 45.316349029541023 25.362623214721683 0.29309523105621343 1.0000000180025095e-35 88.784065246582045 62.534915924072273
decision_type=2 2 2 2 2 2 2 2 2 2 2 2 2 2 2 2 2 2 2 2 2 2 2 2 2 2 2 2 2 2 2 2 2 2 2 2 2 2 2 2 2 2 2 2 2 2 2 2 2 2 2 2 2 2 2 2 2 2 2 2 2 2
left_child=1 2 7 8 5 13 9 43 25 15 27 56 23 16 18 21 20 -7 22 47 34 29 57 28 -16 -3 -27 31 -5 -6 -26 -4 35 -12 -2 -17 37 42 -21 -22 45 -15 -37 -1 -28 -41 -42 -9 -30 -50 -38 -43 -18 -52 -55 -56 -10 -13 -49 -35 61 -8
right_child=4 3 10 12 6 17 60 19 11 -11 33 14 -14 41 24 32 52 -19 -20 38 39 -23 -24 -25 30 26 44 -29 48 -31 -32 -33 -34 59 -36 36 50 -39 -40 40 46 51 -44 -45 -46 -47 -48 58 49 -51 53 -53 -54 54 55 -57 -58 -59 -60 -61 -62 -63
leaf_value=-0.079833034041892917 -0.010540639258086451 -0.087387022495994365 0.040473876755649271 0.081694892289321364 0.01955003663787348 0.084061881288548496 0.061837598692696533 0.034874741240843825 -0.084179174034715448 0.083245427708041553 0.015941009540815482 0.068009012347538519 0.070233600616042766 0.078608010540253806 0.077857267448384837 0.068482335429599056 -0.13899401886471294 0.032049490155767323 -0.057384190331039434 -0.053596462024207557 0.064764700526488334 0.077578802124051369 0.16169486919608184 -0.042582211521108852 -0.014416602767489762 -0.074991082043607882 0.077467329938174928 0.051439831202946297 -0.037092494665930176 0.053537214750716891 0.12136125367746611 -0.0039242509834897625 0.084991624679713176 -0.13031275699200051 -0.059916148327401546 -0.022938566742371099 0.038431274696629207 -0.036124086396472598 -0.0025928959750354569 -0.0069351234316621666 -0.026313278705156585 0.049502772871647699 0.054194396626943128 -0.058174204983208584 -0.030008236821923197 0.066691457932882031 -0.090753397826289869 0.028916329734405194 0.072124043002303892 0.002686601252074997 0.022089770557809429 -0.041230387218919883 0.072670751793508945 0.088514683853320925 -0.13421235623901551 0.059519872792060745 -0.058472933214699645 -0.042051735069267314 -0.015967267958491925 0.07595044158149894 0.087947483062301976 0.084553185706058492
leaf_weight=1175.8426480963826 91.853334881365299 38642.742939144373 155.52068620175123 45.52215363830328 263.71249049156904 552.5799967199564 260.11793231219053 89.136815816164017 584.41854379326105 1582.6993004232645 54.057140305638313 15.51064422726631 305.87955743819475 92.127402856945992 54.59108567237854 84.508702524006367 3.1793266385793677 222.74015828967094 414.3777659162879 303.26827877014875 27.063331507146358 459.32725587487221 13.790462344884871 117.52502976357937 151.93739723414183 465.78068306297064 17.089125715196133 247.87038296461105 68.243226259946823 941.28041223436594 12.013906016945837 302.59984669834375 56.315477304160595 2.976202778518199 412.38265401870012 46.222945973277092 525.2964635938406 119.14601622521877 84.670218698680401 195.49353709071875 128.62667202949524 42.358867339789867 72.628241896629333 470.97240174561739 65.524727694690228 32.103732503950596 49.662008032202721 73.709919974207878 42.409977577626705 178.60933811217546 112.59485268592834 27.754775263369083 51.058402813971043 14.66323411464691 25.68869107961655 4.228217050433158 306.94891433417797 34.282864838838577 425.75137691944838 1663.2789411023259 17517.173636518419 19214.241914018989
leaf_count=12680 621 462208 833 254 1636 5861 2446 512 6250 17589 273 83 2765 764 278 614 15 1725 2995 1975 172 4530 71 845 764 4591 87 2033 341 8396 60 1424 457 16 3097 238 3556 700 385 1144 761 317 490 4320 377 185 268 424 236 953 777 178 318 94 166 29 2555 225 2181 16936 207795 225131
internal_value=-3.63413e-05 -0.0745156 0.00106084 -0.0837034 0.0802285 0.0176375 0.0831519 -0.0531005 -0.0857796 0.0586907 0.0596208 -0.0538846 0.0279677 -0.0169608 -0.0264431 0.0444324 -0.0280018 0.0691193 -0.0458942 -0.0184649 -0.0331099 0.054787 0.0289862 -0.000615129 0.0160972 -0.0870719 -0.0648654 0.0252942 0.0141173 0.0460991 -0.00446717 0.0111478 0.0281942 0.0737079 -0.0509217 0.0250114 0.0210203 -0.00600127 -0.0424646 -0.0123653 -0.0175082 0.0505081 0.0241963 -0.0736388 -0.00777633 0.00345027 -0.044263 -0.00264704 0.00348237 0.0160105 0.0304435 0.0135857 0.0602633 0.0037476 -0.0425787 -0.106832 -0.075327 -0.00776789 -0.0093434 0.075582 0.0860008 0.0842498
internal_weight=89815.7 46586.9 5049.65 41537.2 43228.8 1928.98 41299.8 2623.35 40779 4308.31 2426.3 1587.87 758.189 1153.66 696.504 2725.61 991.423 775.32 477.962 976.537 937.185 1664.32 63.584 452.31 218.542 39191.1 548.395 705.991 334.785 1204.99 163.951 458.121 1061.29 1720.31 504.236 1004.98 920.469 237.997 387.938 432.949 405.886 162.241 118.851 1646.82 82.6139 227.597 178.289 588.598 289.263 221.019 682.471 70.1136 54.2377 157.175 44.5801 29.9169 891.367 49.7935 499.461 1666.26 36991.5 19474.4
internal_count=1020000 529930 43992 485938 490070 15426 474644 22477 480544 39272 21515 13281 5394 7840 4476 21683 6581 7586 3374 5477 6248 14562 379 2629 1102 467263 5055 4290 1784 10032 824 2257 7121 17225 3718 6664 6050 1428 2360 2530 2358 1259 728 17000 464 1329 1029 3117 1530 1189 4622 495 333 1066 289 195 8805 308 2605 16952 435372 227577
is_linear=0
shrinkage=0.08


Tree=22
num_leaves=63
num_cat=0
split_feature=9 4 2 4 6 9 9 2 2 2 1 9 1 4 2 2 9 1 3 2 9 2 8 3 8 1 2 1 2 1 8 1 8 2 4 1 4 6 2 4 9 2 2 2 2 6 2 1 3 2 3 6 6 2 4 2 4 3 9 3 1 3
split_gain=76300.5 4558.32 2256.84 1730.25 716.657 592.027 308.764 288.736 280.027 174.833 174.286 163.319 162.275 130.963 85.9816 84.1702 121.493 82.6486 67.8173 60.8845 58.8288 112.578 52.6031 51.2398 47.8793 45.3029 38.4584 38.2554 31.1744 30.5885 30.1439 28.0121 27.1323 35.6701 26.1662 26.1188 26.0492 38.6564 25.1475 25.0347 24.789 24.2847 23.7651 25.1833 22.5873 22.5464 22.4871 22.3965 43.8292 35.6297 70.6625 22.0554 20.1928 19.7829 19.464 18.5735 18.3908 18.2008 17.7135 18.4363 17.4385 17.2101
threshold=0.5935734510421754 20.526680946350101 80.901721954345717 63.427747726440437 1.0000000180025095e-35 0.52298191189765941 0.66001698374748241 56.048780441284187 64.051280975341811 91.331184387207045 92.63776016235353 0.66001698374748241 61.620294570922859 65.012313842773452 38.757823944091804 20.761494636535648 0.29594974219799047 74.322341918945327 5.5000000000000009 92.63776016235353 0.48769050836563116 47.124916076660163 1.0000000180025095e-35 4.5000000000000009 1.0000000180025095e-35 97.97959136962892 42.93394851684571 84.660633087158217 95.69842910766603 60.107526779174812 1.0000000180025095e-35 57.275131225585945 1.0000000180025095e-35 77.459678649902358 73.708465576171889 72.255687713623061 10.62030076980591 1.0000000180025095e-35 55.488622665405281 30.445816993713382 0.68929168581962597 77.849929809570327 74.862636566162124 88.762622833251967 88.762622833251967 1.0000000180025095e-35 71.50376129150392 78.979854583740249 8.5000000000000018 99.532711029052749 10.500000000000002 1.0000000180025095e-35 1.0000000180025095e-35 89.386734008789077 54.595132827758796 47.901996612548835 26.709129333496097 4.5000000000000009 0.54474553465843212 3.5000000000000004 88.784065246582045 6.5000000000000009
decision_type=2 2 2 2 2 2 2 2 2 2 2 2 2 2 2 2 2 2 2 2 2 2 2 2 2 2 2 2 2 2 2 2 2 2 2 2 2 2 2 2 2 2 2 2 2 2 2 2 2 2 2 2 2 2 2 2 2 2 2 2 2 2
left_child=1 2 8 5 6 15 13 26 38 27 18 12 55 25 -5 16 -3 19 28 30 -17 -22 53 51 -16 32 -7 36 46 44 58 -11 -2 -34 -26 -25 -4 -38 -1 -32 -12 -24 -20 -44 -23 -19 -8 -45 61 -50 -51 -10 -33 54 -14 -6 -47 -48 -9 -60 -13 -49
right_child=4 3 9 14 11 7 10 17 23 31 40 60 22 -15 24 20 -18 45 42 -21 21 29 41 35 34 -27 -28 -29 -30 -31 39 52 33 -35 -36 -37 37 -39 -40 -41 -42 -43 43 47 -46 56 57 48 49 50 -52 -53 -54 -55 -56 -57 -58 -59 59 -61 -62 -63
leaf_value=-0.078383896254970345 0.0095996961936773966 -0.082565068964264715 0.0011091403996783026 0.08308076990243142 0.086693602458343039 0.075198631878127711 0.079156698993517238 -0.048060635740487537 -0.095280184966161821 0.015589041142926642 0.01377265841748219 0.083497194349079859 0.0096229220956664894 0.048901358610349867 0.051690783143453753 -0.086583225545356218 0.092240398148404235 -0.079411083764395721 0.065702822722993701 0.051071144763326866 0.020745222970301978 -0.058776457916820499 0.016755759849099987 -0.044298632153670713 -0.039431785055502391 -0.069297044345018557 0.013352412510101934 0.058308775050634802 0.073685163747120599 -0.082051489220432969 0.068837087739825734 -0.10707458480882118 0.017269159199353748 -0.057952437936670445 0.037793050435836889 0.014150068140665981 -0.097629584304934444 0.048259354583804329 -0.056179831695828124 -0.05953853771678997 0.084116362956844812 -0.042953705678547387 -0.010396824985376004 0.046746409478087503 0.069266354696427432 0.049918995181820316 0.047671451791468762 0.0023300241802744026 0.056829445657776596 -0.10343437011282532 0.033922511004589866 0.0025759219571454476 0.074509123937804317 0.064798589773771079 0.070445050219624675 0.064084757934984346 -0.05377180590815632 0.0060720263908455143 0.015529093804168954 -0.029324944449378495 0.087129153157467484 0.051284337104234023
leaf_weight=1126.3233037739992 242.41579559445381 65.759404465556145 351.20540530234575 310.13173241168261 542.73128548264503 100.5028033182025 135.60475609451532 132.63044907152653 15.184434801340101 54.259896226227283 32.841494061052799 17388.22042812407 145.92362793534994 281.09804998338223 157.93386704474688 35157.692151345313 41.508010126650333 576.47072434425354 98.216860979795456 49.439440973103046 81.190430968999863 356.26822743564844 82.283476464450359 397.06382973492146 85.927442766726017 93.77695344388485 178.88485492020845 161.38383374363184 482.06225041300058 1198.1482496634126 9.9792863726615888 3.9292710646986952 62.121717818081379 115.09830375015736 41.711755380034447 55.808250471949577 12.473528698086737 170.68200425803661 459.67325040698051 377.11531079560518 1350.5850842371583 92.71435734629631 116.15936587750912 286.01943027973175 9.0410084426403028 11.700284481048582 783.00799722224474 63.78020866215229 28.982575342059135 55.557618394494057 42.159467935562134 504.48895607888699 1566.2002151980996 123.51141387969255 43.775103732943535 406.89946396648884 170.05950642377138 73.643484048545361 96.260558046400547 150.09345899522305 16479.146429657936 164.49770075827837
leaf_count=12966 1295 846 1767 3545 6699 925 1249 1156 123 277 169 218062 845 2182 1206 450509 358 6319 735 323 526 3310 529 2573 553 835 1046 1528 5165 14792 59 25 344 688 351 244 89 927 4418 2821 16117 588 731 2060 53 68 7255 455 194 355 299 2640 16927 934 424 4292 1331 568 572 898 209684 1176
internal_value=-3.83906e-05 -0.0723492 0.000590994 -0.0813905 0.0803081 -0.0834699 0.0502695 -0.0393464 -0.0512233 0.0577295 0.0599547 0.0841433 0.057736 0.00500596 0.0539157 -0.0856852 -0.0149227 -0.0526516 0.0465986 -0.034974 -0.0858914 -0.071103 0.0202529 -0.0174254 0.0222425 -0.0190272 0.0356001 0.0241739 0.0569953 -0.0758727 -0.040527 0.0721018 -0.00779323 -0.0315847 -0.0141952 -0.0370959 0.0138647 0.0383238 -0.0719484 -0.056229 0.0824465 -0.0148785 0.028679 0.0238763 -0.0556075 -0.0716649 0.0488869 0.0300872 0.0166642 -0.0210683 -0.0441725 -0.000283354 0.0740547 0.0398816 0.0236583 0.0770061 -0.047097 0.0440953 -0.024489 -0.0117986 0.0852644 0.0376066
internal_weight=84050 44237.1 4878.68 39358.4 39812.8 38762.7 4507.63 1853.14 2558.54 2320.13 3713.12 35305.2 1437.84 794.511 595.705 36909.6 107.267 1573.75 2329.69 815.519 36802.3 1644.65 488.208 972.545 285.573 513.413 279.388 695.745 1474.32 1563.46 766.079 1624.39 419.636 177.22 127.639 452.872 534.361 183.156 1586 387.095 1383.43 174.998 855.373 757.156 365.309 758.231 992.256 640.997 354.978 126.7 97.7171 519.673 1570.13 313.21 189.699 949.631 181.76 856.651 378.984 246.354 33867.4 228.278
internal_count=1020000 536071 44504 491567 483929 485912 41872 15518 22964 21540 36528 442057 14311 5344 5655 470394 1204 13547 20242 5829 469190 18681 3320 5580 2110 3162 1971 4311 14237 18155 5506 17229 2327 1032 904 2817 2783 1016 17384 2880 16286 1117 6005 5270 3363 7718 9072 4539 2479 848 654 2763 16952 2203 1269 10991 1399 7823 2626 1470 427746 1631
is_linear=0
shrinkage=0.08


Tree=23
num_leaves=63
num_cat=0
split_feature=5 4 2 9 6 9 0 9 2 4 0 9 5 6 2 5 8 0 2 9 5 6 0 0 2 2 8 4 5 0 2 0 4 0 0 2 0 5 2 5 6 4 4 4 4 4 2 2 0 2 8 0 9 4 2 2 0 9 0 2 2 2
split_gain=69538.5 4431.63 2005.53 1308.79 1155.04 571.497 228.602 222.456 219.708 187.058 183.454 181.992 172.112 148.34 143.509 97.5559 88.3552 71.4568 73.2193 71.2677 56.6532 78.8076 53.1772 52.5275 52.2387 51.6902 50.1915 56.261 49.4658 47.3458 49.3677 45.6454 39.6919 35.483 35.0291 32.6017 31.6528 30.5864 30.036 29.0476 28.8959 35.1631 28.2572 26.7606 26.4507 24.2458 23.8651 27.9561 32.6997 32.7173 23.8 22.9576 24.6171 22.6907 21.996 21.9561 20.8158 20.2504 19.6106 33.0085 19.3211 19.1555
threshold=56.111852645874031 20.526680946350101 78.611557006835952 0.57548686861991893 1.0000000180025095e-35 0.62180894613266002 72.646820068359389 0.66001698374748241 91.331184387207045 71.919967651367202 92.907444000244155 0.62180894613266002 68.989799499511733 0.75000000000000011 60.736890792846687 41.799478530883796 1.0000000180025095e-35 62.563131332397468 56.294013977050788 0.81570467352867138 49.358869552612312 1.0000000180025095e-35 82.891983032226577 62.243186950683601 27.842377662658695 73.286384582519545 1.0000000180025095e-35 47.080135345458991 39.77586746215821 55.625879287719734 51.649148941040046 86.295150756835952 35.663852691650398 26.36544227600098 82.637680053710952 72.04651260375978 57.307060241699226 98.122024536132827 45.512083053588874 84.63898086547853 1.0000000180025095e-35 10.62030076980591 26.111660003662113 36.949598312377937 66.819572448730483 48.842567443847663 62.910053253173835 94.174205780029311 87.570224761962905 85.053192138671889 1.0000000180025095e-35 74.115688323974624 0.78296345472335827 53.13592720031739 55.217784881591804 91.331184387207045 69.00656890869142 0.66001698374748241 67.006801605224624 53.694938659667976 94.474967956542983 48.313756942749031
decision_type=2 2 2 2 2 2 2 2 2 2 2 2 2 2 2 2 2 2 2 2 2 2 2 2 2 2 2 2 2 2 2 2 2 2 2 2 2 2 2 2 2 2 2 2 2 2 2 2 2 2 2 2 2 2 2 2 2 2 2 2 2 2
left_child=1 2 6 13 5 9 14 16 31 17 19 12 26 20 -1 42 28 24 -19 37 -3 58 54 -23 -2 -18 -6 -28 -5 33 -31 40 -30 -17 45 39 -10 46 -14 -26 -4 -42 -15 -25 55 -20 -7 48 49 57 -9 -51 -53 -34 -8 61 -40 -48 -22 -60 -47 -29
right_child=4 3 8 7 11 10 22 50 36 -11 -12 -13 38 15 -16 29 25 18 34 -21 21 23 -24 43 35 -27 27 44 32 30 -32 -33 53 -35 -36 -37 -38 -39 56 -41 41 -43 -44 -45 -46 60 47 -49 -50 51 -52 52 -54 -55 -56 -57 -58 -59 59 -61 -62 -63
leaf_value=-0.077493582909729325 0.060083235710750124 -0.086113853993863135 -0.095426799380044239 -0.038476967095866309 0.034530214736193041 0.068970140078022033 0.1190442311730168 0.070809767246832481 0.0085067784237978384 0.057974201595837195 0.082862131175887449 0.084472469287505347 0.085339149199254241 0.012725030357266661 -0.033940184224562707 0.12685878829070771 0.0057440790575172696 0.091479373702566244 0.0095898171475758964 0.074880105082323928 -0.082012215337465638 -0.054813312624898275 0.079462029298783404 0.1699313953083125 -0.065407537254008108 -0.068676359515850438 0.050812103821978163 -0.018381908407269942 0.077105207099746817 0.11876248465244389 -0.0037293952499413315 0.059081064252449578 -0.0038417906682165328 -0.045699971866362245 0.06191291567359232 0.008900350843368739 0.07257821522703177 0.086197899214149235 0.028944344399357908 0.04543466491032401 0.00019485516426579868 0.039743939097311928 -0.074533378085802487 0.015711753986876988 0.07411731647244546 -0.05265810095931675 0.0033161452148165061 0.044990317298255533 0.056281381169333934 0.034342453875196709 0.018099725868504377 -0.028622841045064351 0.031889017341598734 0.05938369019712459 -0.0089091106927763428 0.099320003670701318 0.084588058052430123 0.038731205234646356 0.14154126336178069 -0.05702843861212218 0.049335326165845531 -0.090597222630881213
leaf_weight=1282.8444644957781 27.087979778647423 33135.758462756872 16.125807903707027 132.65155548602343 221.81556843221188 140.5486747995019 9.0188161432743055 251.15695258229971 51.041876152157784 197.18039289861917 1121.9957518726587 31929.596409551799 509.16784785687923 25.013913668692112 777.7312118858099 8.0463956296443921 78.171749547123909 48.183699578046799 80.475638441741467 415.52326412498951 781.3033658862114 109.12211731821299 67.632129058241844 8.09422419965267 404.57497765868902 253.21487691253424 48.212030410766602 33.629586264491081 61.861364558339119 30.558027721941471 67.731314361095428 150.65899153798819 230.10779441148043 146.1538097858429 32.868305265903473 47.138812720775604 1486.3885045349598 84.196626260876656 124.9418558999896 15.719343483448027 445.51697440445423 212.50630864500999 470.70298675447702 65.258995324373245 10.009023025631903 145.55566913634539 132.14773393422365 950.69771023839712 193.05709429830313 87.341025099158287 70.133106924593449 175.28258968144655 57.024260282516479 43.13878333568573 184.48067005723715 5.1990651190280905 65.627687782049179 473.88920766115189 5.59781590104103 124.91418306529522 12.943938821554182 78.106718026101589
leaf_count=15594 183 457366 125 1009 1514 1260 40 2523 251 1686 14145 433127 6507 215 5288 43 371 315 416 4858 10110 1230 512 47 3284 1874 292 224 381 165 377 1506 1260 1007 203 272 17009 803 1188 107 2226 1133 4990 443 76 840 773 8387 1886 684 540 1311 518 237 848 40 724 3947 37 1173 70 430
internal_value=-4.03201e-05 -0.0725265 0.000684091 -0.0820259 0.0780214 0.041538 -0.0521187 0.00308489 0.0525809 -0.0119411 0.0556587 0.0833719 0.0513286 -0.0847522 -0.0610551 -0.049514 -0.0195175 -0.0288657 0.000588832 0.0443947 -0.0855224 -0.067613 0.0183979 -0.0196221 -0.0479271 -0.0511211 0.00925224 -0.0227594 0.00287224 -0.00903768 0.0343532 0.019271 0.0192402 -0.0366956 -0.0155213 -0.0541864 0.0704511 0.0388732 0.0751991 -0.061262 0.0103743 0.0129671 -0.0701303 0.0327293 -0.0507011 -0.0261715 0.0370702 0.0349037 0.0263322 0.0200861 0.0593039 -0.000622976 -0.013769 0.00613993 -0.00294533 -0.0613848 0.0481067 0.0310089 -0.0772171 -0.0485115 -0.0443288 -0.0688624
internal_weight=78652.4 40782.6 4683.95 36098.7 37869.7 4843.43 2321.71 1120.44 2362.24 1011.73 3831.7 33026.3 1096.71 34978.3 2060.58 748.206 799.146 814.548 320.027 2709.71 34230 1094.29 261.132 182.475 494.521 331.387 396.972 175.156 467.759 252.49 98.2893 824.808 335.108 154.2 271.844 467.433 1537.43 2294.18 699.737 420.294 674.149 658.023 495.717 73.3532 126.944 238.975 2209.99 2069.44 1118.74 925.685 321.29 319.648 232.307 273.247 193.499 116.935 190.57 606.037 911.815 130.512 158.5 111.736
internal_count=1020000 529930 44532 485398 490070 45948 22282 8195 22250 7376 38572 444122 10995 477203 20882 6797 5132 5690 1844 24427 470406 13040 1400 1720 3846 2245 2576 1062 2887 1592 542 4990 1878 1050 1529 3663 17260 19569 8419 3391 3484 3359 5205 490 770 1326 18766 17506 9119 7233 3063 2513 1829 1497 888 694 1912 4720 11320 1210 910 654
is_linear=0
shrinkage=0.08


Tree=24
num_leaves=63
num_cat=0
split_feature=5 0 5 6 6 9 1 1 5 9 5 0 5 6 0 0 9 5 9 4 5 5 6 6 4 8 5 0 0 0 4 1 4 5 8 9 8 4 0 0 5 4 1 8 0 4 6 4 4 5 0 1 4 8 0 5 9 4 4 0 1 1
split_gain=63310.3 4166.06 1246.29 975.784 959.365 865.2 529.968 405.551 224.296 142.91 144.66 113.027 111.195 100.784 92.9143 83.6383 81.3758 73.8184 70.825 62.7482 55.655 54.4623 59.3649 53.7051 53.5626 42.0884 40.441 39.442 39.2848 36.9654 36.6875 35.3492 34.6557 112.403 35.3174 33.3192 33.2868 40.6883 30.3245 29.0236 28.1693 27.0457 26.0385 25.0472 23.942 23.5005 23.169 23.0827 26.0681 22.8307 22.6265 21.1718 20.6316 19.7299 19.7206 19.261 19.1089 18.7303 21.8426 18.2453 18.081 17.7602
threshold=58.195386886596687 82.167320251464858 20.084033966064457 1.0000000180025095e-35 1.0000000180025095e-35 0.55875089764595043 61.620294570922859 88.784065246582045 74.106002807617202 0.62180894613266002 68.989799499511733 87.570224761962905 47.925275802612312 0.75000000000000011 67.962265014648452 62.563131332397468 0.64869347214698803 41.994474411010749 0.37027212977409368 20.526680946350101 48.621318817138679 49.358869552612312 1.0000000180025095e-35 1.0000000180025095e-35 32.828166961669929 1.0000000180025095e-35 97.898418426513686 91.54584121704103 52.419982910156257 55.625879287719734 34.158597946166999 94.957626342773452 26.709129333496097 43.814874649047859 1.0000000180025095e-35 0.27819642424583441 1.0000000180025095e-35 52.529907226562507 26.36544227600098 51.191152572631843 38.113767623901374 38.901458740234382 51.649148941040046 1.0000000180025095e-35 74.322341918945327 66.819572448730483 0.75000000000000011 68.585231781005874 48.842567443847663 46.734052658081062 28.778468132019047 88.784065246582045 66.819572448730483 1.0000000180025095e-35 75.582656860351577 84.63898086547853 0.4066902101039887 57.508169174194343 44.835317611694343 52.97661209106446 69.614067077636733 61.257406234741218
decision_type=2 2 2 2 2 2 2 2 2 2 2 2 2 2 2 2 2 2 2 2 2 2 2 2 2 2 2 2 2 2 2 2 2 2 2 2 2 2 2 2 2 2 2 2 2 2 2 2 2 2 2 2 2 2 2 2 2 2 2 2 2 2
left_child=1 2 6 12 7 13 14 8 15 10 36 19 -3 21 28 43 24 -15 44 56 61 -4 -23 -20 40 49 27 55 -1 50 -19 -9 -13 34 46 -16 -6 -38 -32 -40 -7 -31 -12 52 59 -39 -34 48 -17 -26 -24 -11 -2 -50 -37 -10 60 58 -14 -8 -5 -21
right_child=4 3 5 11 9 16 18 31 26 51 42 32 57 17 35 47 -18 30 23 20 -22 22 29 -25 25 -27 -28 -29 -30 41 38 -33 33 -35 -36 54 37 45 39 -41 -42 -43 -44 -45 -46 -47 -48 -49 53 -51 -52 -53 -54 -55 -56 -57 -58 -59 -60 -61 -62 -63
leaf_value=-0.07286284072790504 -0.031655202797671901 -0.074252117721539626 -0.085687401550087 0.059408347952139298 0.030487483153342574 -0.0076762679459111685 0.085933517514799274 0.061142891914316579 0.021561292522396948 0.081731485307261043 0.079685336697668308 0.075275327098202102 0.032273102864674295 -0.07186003587575239 0.065679597781804711 0.029700575337749273 0.052472533551930461 0.08875188160249961 -0.099033085274618335 0.11469444679935739 0.04686628507816492 -0.075963842478655716 0.16590214272122208 0.033620336946871561 -0.026970380013804821 -0.044336100756470612 0.082909269885967071 0.078242188862021889 -0.048002264282102261 0.11143032364745725 0.11772916922495362 0.085537480501020974 -0.029472071943037706 0.079348437925836027 -0.089197316483032488 -0.043278214520385799 0.033711822284422301 -0.071407555364080152 -0.061156166549985035 0.0033994645494865743 0.097599984371042794 -0.0090553992802049725 0.030824528625354303 -0.063796030057446482 -0.041230957908547604 0.066250872393164781 0.062632635722585733 0.046772519756565309 0.0081913971507992667 0.019599515845575059 -0.068866689856070792 0.086014465961521458 0.048428184839037866 -0.037756617507983752 0.041175247437341654 0.038927896598666148 0.059126983541501109 0.075445271744095529 -0.037771194767199354 -0.0036578336173536414 -0.012470178985502352 -0.05215540341960314
leaf_weight=957.81242026388645 133.6966063156724 506.49865315854549 30364.297465957701 36.928452707827091 175.99782305210829 27.133822076022625 14.966561980545519 636.00352451205254 611.00373993068933 15567.398863188922 578.53873348236084 1095.1587577238679 52.502688854932785 435.71371223777533 42.577723264694214 137.7413896843791 161.82773370295763 20.083908013999462 20.181032001972198 4.2358617335557929 63.448205575346947 935.94560835510492 2.7055419981479636 607.86050926148891 112.13491819053888 245.46337056905031 126.27384371310472 133.28058117628098 707.13526806235313 14.037584707140921 9.0742193311452848 945.07685031741858 40.978671804070473 206.75539589673281 34.039288856089115 65.067579358816147 51.351737089455128 74.667234666645527 99.21353055536747 80.930381618440151 40.614713862538338 79.176674492657185 79.380566939711571 166.37211517244577 116.08639655262232 8.880909286439417 30.480621755123138 91.431546352803707 123.96631843596697 168.78078782558441 90.905801981687546 14056.123875983059 24.336283609271049 115.56682247668505 24.305696666240692 1234.5718912854791 213.43538643419743 21.611038692295551 62.306351259350777 520.04271688312292 56.92138310521841 113.12440877407789
leaf_count=11891 948 6014 452211 216 1273 156 88 7700 4630 224784 7620 13542 272 4980 220 695 1413 114 144 28 556 12327 20 4365 697 1555 1310 1484 6842 105 49 13133 290 2304 254 375 318 432 717 486 226 668 799 1332 535 73 243 650 721 929 1046 207121 119 645 105 10941 2407 126 336 3006 439 975
internal_value=-4.34615e-05 -0.0708703 -0.0778616 0.028181 0.077712 -0.0824161 -0.0291662 0.0431336 0.0253543 0.0827749 0.0525397 0.0570679 -0.0569856 -0.0844064 -0.0571828 -0.0109039 0.00218006 -0.0531026 0.0101908 0.0238954 -0.0134985 -0.0850476 -0.0677452 0.0293577 -0.0115185 -0.020136 0.0390146 0.0362136 -0.0623041 -0.0265718 -0.0140544 0.0757245 0.0685721 0.0450622 -0.0221317 0.00743664 0.00756987 -0.0223297 -0.0249664 -0.0321543 0.055436 0.00908913 0.0737901 -0.042131 -0.00829748 -0.0567749 0.00981475 0.0107093 0.0019695 0.00100991 -0.0620814 0.0837637 -0.0193228 -0.013977 -0.0203105 0.0331784 0.0458982 0.00712131 -0.00573962 -0.00115157 0.0158129 -0.0461333
internal_weight=73574.2 38502.5 35964.1 2538.43 35071.7 32888 3076.04 4479.32 2898.24 30592.3 968.817 1895.51 642.919 32132.1 1796.9 793.111 755.955 645.016 1279.14 488.094 180.808 31487.1 1122.77 628.042 594.128 526.379 2105.13 1978.86 1664.95 186.826 209.302 1581.08 1407.41 312.254 105.499 131.951 310.898 134.9 189.218 180.144 67.7485 93.2143 657.919 324.405 651.096 83.5481 71.4593 468.706 377.275 280.916 93.6113 29623.5 158.033 239.533 89.3733 1845.58 307.285 136.42 114.809 535.009 93.8498 117.36
internal_count=1020000 533272 505270 28002 486728 477699 27571 44308 23475 442420 10515 21254 6748 472723 19433 5110 4976 6346 8138 4621 1559 466377 14166 4509 3563 3181 18365 17055 18733 1839 1366 20833 16633 3091 787 700 2096 823 1252 1203 382 773 8419 2399 3629 505 533 2711 2061 1626 1066 431905 1067 1366 480 15571 3062 734 608 3094 655 1003
is_linear=0
shrinkage=0.08


Tree=25
num_leaves=63
num_cat=0
split_feature=5 5 2 9 6 9 2 9 1 9 2 5 5 0 6 6 0 5 5 2 5 6 8 0 0 0 5 0 0 5 2 0 2 8 9 2 0 2 2 2 0 2 2 9 2 0 2 0 0 1 2 8 2 5 0 2 6 2 8 2 0 1
split_gain=57621.6 3907.26 1587.03 1228.98 1147.16 458.263 244.256 216.633 198.477 190.085 161.119 155.34 153.687 105.123 104.592 96.1506 78.4907 63.1686 62.9806 56.1043 49.4679 61.297 47.267 46.9147 45.9915 45.7612 39.8554 39.029 38.6881 36.296 33.9143 33.4004 30.6118 30.4795 29.4444 29.1618 27.3911 41.9268 27.1838 27.1167 25.891 25.5918 25.2549 25.2217 24.8917 25.3784 53.4854 23.9582 23.795 23.5804 22.857 22.3155 22.791 21.5332 21.4767 47.8405 19.0772 18.7969 18.7452 18.7098 22.462 26.0318
threshold=56.111852645874031 20.084033966064457 80.901721954345717 0.55875089764595043 1.0000000180025095e-35 0.64869347214698803 60.736890792846687 0.66001698374748241 92.63776016235353 0.62180894613266002 91.331184387207045 74.106002807617202 64.425609588623061 66.323020935058608 0.75000000000000011 1.0000000180025095e-35 79.795917510986342 83.087757110595717 41.799478530883796 47.413022994995124 49.358869552612312 1.0000000180025095e-35 1.0000000180025095e-35 82.413585662841811 56.294013977050788 74.601570129394545 97.898418426513686 88.036697387695327 61.143791198730476 42.244771957397468 62.192192077636726 62.243186950683601 88.762622833251967 1.0000000180025095e-35 0.42477825284004217 93.127067565917983 51.022111892700202 30.848532676696781 68.208553314208999 69.614067077636733 57.307060241699226 30.848532676696781 48.934240341186531 0.68929168581962597 27.842377662658695 56.73658752441407 55.625879287719734 89.769756317138686 28.778468132019047 88.784065246582045 93.127067565917983 1.0000000180025095e-35 55.488622665405281 39.77586746215821 64.660633087158217 60.107526779174812 1.0000000180025095e-35 67.890834808349624 1.0000000180025095e-35 93.957649230957045 62.910053253173835 84.660633087158217
decision_type=2 2 2 2 2 2 2 2 2 2 2 2 2 2 2 2 2 2 2 2 2 2 2 2 2 2 2 2 2 2 2 2 2 2 2 2 2 2 2 2 2 2 2 2 2 2 2 2 2 2 2 2 2 2 2 2 2 2 2 2 2 2
left_child=1 2 6 14 5 12 13 15 26 11 34 19 24 -1 20 29 38 23 54 36 47 -22 53 35 -2 32 27 39 48 -5 -24 41 58 -31 -4 44 37 -6 -8 -7 -12 -20 -26 -9 -14 57 -47 -3 -23 -11 -44 52 -30 -17 -16 -56 -40 -46 -21 60 -41 -62
right_child=4 3 10 7 9 8 16 43 -10 49 40 -13 17 -15 18 22 -18 -19 31 25 21 28 30 -25 42 -27 -28 -29 51 33 -32 -33 -34 -35 -36 -37 -38 -39 56 59 -42 -43 50 -45 45 46 -48 -49 -50 -51 -52 -53 -54 -55 55 -57 -58 -59 -60 -61 61 -63
leaf_value=-0.076468065530162915 -0.071605993784253502 -0.085070805201705874 0.010482304335081382 -0.076981059928666995 0.082052533737515296 0.063031650601762815 -0.042946804512792099 0.024357683217661342 0.081338953930869221 0.080790512955060567 0.011486694960248735 0.077712868478116898 0.081507463076725961 0.039188825599828288 -0.077187104284297023 -0.012865017833150671 0.050972275246660273 0.055506995293823407 0.057149962232072957 -0.0069704166579387826 -0.075630062396838574 0.21593494610895433 0.04095281855586963 0.078676497197554221 0.12859296468430592 0.054196385272456696 0.082184071082537585 0.055368319782342801 0.26363894010234007 -0.0060997928908102109 -0.042109232904353693 0.060785510380322587 0.072694537357836472 -0.061757262147061405 0.051079512091575331 0.058553118442323991 0.094604270968937365 -0.023077915034055253 -0.091813091924519794 0.06159874247868756 0.069633639794864644 -0.039770639964010993 -0.031859477641281247 0.072929263900878033 -0.052039188828709969 0.073288038479267834 -0.018241184073718796 -0.031576375600334182 -0.059859767017728716 0.085467789887000142 0.043784360500657593 -0.019458218533322413 0.049641744066566268 0.031243150310427945 0.1088345822316677 -0.060261467165492057 -0.012900135785108466 0.03868864703870916 -0.052389416035537179 0.036768426768271099 0.005050856953886418 0.043339600011775115
leaf_weight=1097.7636184245348 183.3075657337904 28474.088152665645 514.73645155131817 186.97119891643524 46.285753890872002 147.15492812544107 351.59767606109381 106.80989101529121 1097.0150866135955 14569.766454607248 50.879864282906055 525.91556693613529 17.848748542368412 52.711027339100838 341.16881937533617 100.17140760272741 95.250568211078644 210.37886909395456 19.748466037213802 124.18332558125257 776.31477430462837 2.0458691343665114 37.595782697200775 47.946768239140511 7.1284036785364142 67.41901571303606 132.6789458990097 543.01709284633398 3.5880244895815876 143.06598162651062 192.7626927793026 31.950205035507679 20.95562008023262 112.47919800877571 146.98814655840397 42.616006731987 63.0164495408535 51.060811184346676 20.234345965087414 68.750339634716511 1332.7640763521194 148.90620066970587 244.24194470047951 190.36870145052671 128.69939245283604 51.164087243378162 202.87981302291155 53.682849369943142 93.655256673693657 13101.482772044837 28.554177477955818 33.976280324161053 28.365569904446602 241.87544072419405 13.166385821998118 57.34908751398325 631.79829357564449 16.486682057380676 109.37974061816931 649.59035478532314 512.37486686557531 146.03195736557245
leaf_count=15100 1966 455856 2783 2303 472 1379 2930 807 16085 225332 248 7431 144 338 4322 602 655 2032 124 778 11078 15 177 405 52 573 1514 6380 24 898 1100 169 176 960 1507 257 570 356 158 602 16977 1075 1681 2278 736 327 1053 575 1166 207795 163 254 197 1323 117 518 3296 92 639 5507 4245 1328
internal_value=-4.68926e-05 -0.0705979 0.000969158 -0.0803896 0.0758821 0.0382237 -0.0454046 -0.00460058 0.0535434 0.0817619 0.0519678 0.0476414 -0.00453009 -0.071169 -0.0836957 -0.0221904 -0.0184305 0.0186475 -0.0509697 0.0148505 -0.0843758 -0.0662983 -0.000540163 0.00337201 -0.0404559 -0.00440683 0.0396807 0.0369524 -0.0214777 -0.0501955 -0.028553 -0.0142138 -0.0199301 -0.0305976 0.0195001 -0.00448235 0.0535105 0.0269089 -0.0250172 0.0303902 0.0674954 -0.0284218 -0.0200573 0.055472 -0.0109231 -0.0150555 0.000192674 -0.0849701 -0.0539639 0.0830051 -0.0239417 0.0256779 0.0736712 0.0183257 -0.06888 -0.0286885 -0.015349 -0.0417365 -0.0282406 0.0269013 0.0180866 0.0135431
internal_weight=68842.2 35684.8 4294.72 31390.1 33157.3 4477.87 2249.36 1312.1 3296.61 28679.5 2045.37 1008.22 1181.25 1150.47 30078 1014.92 1098.88 718.02 612.289 482.301 29465.7 937.946 572.405 507.641 463.232 321.938 2199.6 2066.92 161.631 442.516 230.358 200.605 254.519 255.545 661.725 459.695 160.363 97.3466 1003.63 1523.9 1383.64 168.655 279.925 297.179 417.079 399.23 254.044 28527.8 95.7011 27671.2 272.796 65.9299 31.9536 342.047 411.684 70.5155 652.033 145.186 233.563 1376.75 727.157 658.407
internal_count=1020000 529930 43992 485938 490070 45948 22477 10448 37040 444122 21515 10995 8908 15438 475490 7363 7039 5046 6325 3564 469165 12734 3202 3014 3862 2166 20955 19441 1656 4161 1277 1368 1593 1858 4290 2609 1398 828 6384 13061 17225 1199 1896 3085 2352 2208 1380 456431 1181 433127 1844 475 221 1925 4957 635 3454 828 1417 11682 6175 5573
is_linear=0
shrinkage=0.08


Tree=26
num_leaves=63
num_cat=0
split_feature=5 4 9 0 6 0 0 9 5 9 9 5 5 6 6 9 3 0 6 9 6 5 3 0 4 5 4 4 6 0 6 4 8 5 3 5 0 0 9 0 9 3 5 8 8 8 0 0 4 8 9 3 3 0 5 4 8 5 0 4 0 5
split_gain=52460.7 3596.91 1508.43 1247.86 971.864 327.366 263.932 250.532 175.562 150.688 145.938 133.595 125.77 132.418 94.301 61.9554 61.9123 59.1812 56.496 52.7382 46.9273 42.0664 41.4656 41.4595 39.4485 38.4178 37.5635 37.4003 37.0565 35.7045 33.4323 32.7385 31.1831 30.4942 28.5075 28.1943 27.7216 25.6784 25.4523 25.4467 25.3038 24.0235 23.5318 23.2745 22.6568 22.4225 22.3385 21.7076 21.5719 20.8233 19.6234 19.0108 32.4945 27.5157 18.7939 18.4762 24.8703 18.3739 18.0076 17.7867 17.1945 16.2211
threshold=58.195386886596687 20.526680946350101 0.55875089764595043 67.962265014648452 1.0000000180025095e-35 88.036697387695327 86.295150756835952 0.66001698374748241 73.19250869750978 0.62180894613266002 0.31248815357685095 75.893997192382827 49.358869552612312 1.0000000180025095e-35 1.0000000180025095e-35 0.40380826592445379 5.5000000000000009 62.563131332397468 0.75000000000000011 0.82080432772636425 1.0000000180025095e-35 43.498390197753913 7.5000000000000009 62.243186950683601 35.776086807250984 42.438537597656257 39.539306640625007 31.641993522644047 0.75000000000000011 52.419982910156257 1.0000000180025095e-35 39.242893218994148 1.0000000180025095e-35 98.122024536132827 5.5000000000000009 40.631225585937507 74.601570129394545 65.26175689697267 0.72316691279411327 94.360820770263686 0.27819642424583441 5.5000000000000009 38.113767623901374 1.0000000180025095e-35 1.0000000180025095e-35 1.0000000180025095e-35 22.903981208801273 89.512962341308608 26.709129333496097 1.0000000180025095e-35 0.6702905297279359 10.500000000000002 8.5000000000000018 69.00656890869142 62.534915924072273 53.13592720031739 1.0000000180025095e-35 52.657253265380866 79.095325469970717 66.819572448730483 60.922586441040046 97.446762084960952
decision_type=2 2 2 2 2 2 2 2 2 2 2 2 2 2 2 2 2 2 2 2 2 2 2 2 2 2 2 2 2 2 2 2 2 2 2 2 2 2 2 2 2 2 2 2 2 2 2 2 2 2 2 2 2 2 2 2 2 2 2 2 2 2
left_child=1 3 12 10 5 8 15 14 17 11 29 28 18 37 25 22 39 43 47 33 -12 27 40 46 -23 -4 -15 42 36 -1 -17 -27 60 34 -10 48 55 -14 49 -7 -5 -11 -16 59 -26 -29 -20 -3 -25 -9 -19 52 53 -36 -30 -6 -57 -51 -54 -2 -28 -43
right_child=4 2 7 6 9 16 -8 38 19 41 20 -13 13 26 21 30 -18 50 23 -21 -22 24 -24 35 44 31 32 45 54 -31 -32 -33 -34 -35 51 -37 -38 -39 -40 -41 -42 61 -44 -45 -46 -47 -48 -49 -50 57 -52 -53 58 -55 -56 56 -58 -59 -60 -61 -62 -63
leaf_value=-0.070672556126638877 -0.027095027162368904 -0.084566579967631825 -0.075079023856503627 0.054793922033904784 0.012282823993348815 0.06140725799991488 0.071119786709399571 0.055332461803766199 0.039720129202103313 0.083731409919583707 -0.088262477795686661 0.078573971728307518 -0.078235078672357808 0.059641660651875088 0.001404276689534156 -0.093326278921831318 -0.019898523580505922 -0.00018114766756326277 0.10683046159896298 0.079707381243711808 -0.0043790292161025304 0.080345404792112704 0.032035222704777197 0.074484308263737878 0.026037850154220193 0.023818126067193794 -0.012338256190970578 -0.018226065802361628 0.0065961271033013113 -0.04423512084860997 0.048728779826769521 -0.042049413374567267 -0.047551087660481155 0.082037434292827269 -0.0185029052615579 0.053470648916812018 0.053791836851502829 -0.040104881512422454 0.081725334702843461 0.083257254587174034 -0.011174673524894468 0.075108794197343121 0.12062497542665716 -0.060025797967674904 -0.016783700308641392 -0.074011162864628069 -0.071646011481127689 -0.03412844156601496 -0.053143279673176405 -0.050805830917250112 0.042471866031990102 0.03426062875047093 0.0003802958542323827 0.035617662899374548 0.06752384557514042 0.0035400809128597549 -0.068319171964101394 0.037072778659522888 -0.052670559047569392 0.050217010669035833 0.057035237769204022 0.08395880188467772
leaf_weight=842.38699093833566 125.33563771098852 26417.213023807853 179.43283823132515 39.818032704293728 102.13251896947622 609.05652292445302 1029.4811321645975 152.32515406608582 883.97787586972117 19593.927291925997 46.669442791491747 462.29399268701673 701.79220612719655 44.49027132242918 35.9891442283988 10.944877728819845 46.813517451286316 328.96069404482841 4.539166346192359 158.72438393160701 499.66339288279414 55.838901430368423 246.49574017524719 9.5883853510022146 182.75563340634108 61.581441082060337 63.70333818346262 115.18191722035408 47.288508109748363 534.304473426193 339.5369489043951 223.82899601012468 124.31851886957884 73.79786378890276 76.225988663733006 28.896805703639984 48.475830398499966 134.73550455272198 157.04955490678549 775.41666481271386 568.7240634560585 4102.5365829616785 15.017002210021017 150.72082500904799 139.3918913975358 76.901261568069458 399.76490339636803 54.723408084362745 73.044719457626343 26.053211390972137 87.366627261042595 340.53274409472942 125.14417627453804 284.58715819567442 102.9240939207375 59.460428692400455 64.004902333021164 36.643711481243372 60.86665340512991 22.457431934773922 35.668424874544144 1958.1242284625769
leaf_count=11805 945 455352 2348 201 579 8059 14265 1507 8923 331213 594 7042 10871 324 204 105 366 1734 34 2306 3542 335 1815 63 1018 474 549 673 359 5687 3573 1569 1163 857 557 161 467 1508 2245 12145 2953 67778 74 1315 679 541 4975 606 738 172 770 2696 927 2189 1236 451 381 317 405 114 232 32914
internal_value=-5.07094e-05 -0.068948 -0.0787507 0.00071847 0.0756201 0.0396184 0.0413706 0.000588527 0.0233154 0.0812493 -0.0465287 0.0488234 -0.0828684 -0.0564112 -0.018823 0.0159656 0.0705855 -0.0107217 -0.0839514 0.0354576 -0.0115446 0.00157235 0.00435422 -0.0577301 0.018269 -0.0460731 -0.0074936 -0.0243898 0.0164077 -0.060412 0.0442927 -0.0278375 -0.0208463 0.0316511 0.0295519 -0.0145479 -0.00109528 -0.0720936 0.0572424 0.073645 -0.00685823 0.0823699 0.0365047 -0.0379057 0.00750914 -0.0405599 -0.0696422 -0.0844623 -0.0383339 0.0393604 0.00876962 0.0194223 0.0101818 0.0241841 0.0483432 -0.0128893 -0.033712 0.000555516 -0.0169791 -0.0153473 0.0125626 0.0779681
internal_weight=64399.6 33708.5 29550.5 4158.03 30691.2 4149.98 2235 1457.99 2718.7 26541.2 1923.02 886.58 28092.5 1104.71 1085.92 1205.52 1431.29 714.841 26987.8 2003.86 546.333 621.076 855.038 515.834 377.986 464.843 268.181 243.089 424.286 1376.69 350.482 285.41 223.69 1845.13 1771.33 111.53 274.074 836.528 372.072 1384.47 608.542 25654.6 51.0061 298.514 322.148 192.083 404.304 26471.9 82.6331 215.022 416.327 887.357 546.824 360.813 150.213 225.598 123.465 62.6969 186.011 147.793 99.3718 6060.66
internal_count=1020000 533272 488732 44540 486728 44308 22912 12156 23738 442420 21628 10515 476576 14647 7915 8647 20570 4878 461929 18860 4136 3524 4969 5971 2032 4391 2268 1492 3473 17492 3678 2043 1944 16554 15697 962 1878 12379 4241 20204 3154 431905 278 2374 1697 1214 5009 455958 801 1996 2504 6774 4078 2746 1595 1411 832 489 1332 1059 781 100692
is_linear=0
shrinkage=0.08


Tree=27
num_leaves=63
num_cat=0
split_feature=5 2 6 6 4 9 2 1 5 1 0 5 9 2 4 5 6 5 4 5 0 2 5 0 8 2 4 4 6 2 0 1 5 0 0 2 6 2 0 2 0 6 6 0 0 2 1 1 2 0 9 1 1 0 2 8 8 2 0 1 2 4
split_gain=47749.3 3566.01 1361.7 858.362 790.143 642.144 356.811 310.517 150.42 126.807 118.269 109.155 89.6804 109.335 89.123 146.909 84.9355 69.139 96.5005 60.5311 56.3997 55.7434 48.0493 58.638 41.0197 40.8794 39.8704 36.7548 36.1732 35.8959 35.4928 38.9908 33.7297 30.2606 29.0724 40.4248 29.0261 26.8571 28.208 28.5382 26.6886 26.391 25.5897 25.5686 38.1799 38.1142 25.5534 25.4816 25.1714 28.143 25.034 24.4597 23.705 23.644 37.98 23.0511 22.5328 22.4217 35.9012 22.1099 21.0797 21.8745
threshold=60.390020370483406 87.007671356201186 1.0000000180025095e-35 1.0000000180025095e-35 20.526680946350101 0.53236505389213573 66.323020935058608 90.353595733642592 47.925275802612312 88.273490905761733 74.601570129394545 80.119758605957045 0.62180894613266002 46.247655868530281 24.502962112426761 42.244771957397468 0.75000000000000011 45.729484558105476 40.077220916748054 42.672246932983406 84.273937225341811 94.360820770263686 51.363750457763679 76.23956680297853 1.0000000180025095e-35 92.390407562255874 67.704421997070327 69.299133300781264 1.0000000180025095e-35 94.360820770263686 59.885057449340827 35.043859481811531 97.898418426513686 69.939758300781264 64.660633087158217 64.051280975341811 1.0000000180025095e-35 69.614067077636733 62.563131332397468 37.248718261718757 88.036697387695327 0.75000000000000011 1.0000000180025095e-35 28.778468132019047 51.191152572631843 47.124916076660163 94.957626342773452 38.148742675781257 75.716625213623061 28.778468132019047 0.62180894613266002 88.784065246582045 74.601570129394545 62.243186950683601 50.878274917602546 1.0000000180025095e-35 1.0000000180025095e-35 75.716625213623061 57.307060241699226 48.313756942749031 77.849929809570327 48.42927551269532
decision_type=2 2 2 2 2 2 2 2 2 2 2 2 2 2 2 2 2 2 2 2 2 2 2 2 2 2 2 2 2 2 2 2 2 2 2 2 2 2 2 2 2 2 2 2 2 2 2 2 2 2 2 2 2 2 2 2 2 2 2 2 2 2
left_child=1 4 8 7 6 16 10 11 50 14 30 21 13 -5 29 -16 22 41 -19 53 28 27 -6 36 42 56 33 34 -8 -4 -1 -32 37 -15 48 -36 -24 38 39 -13 -39 -7 -20 -21 -45 -46 -9 -27 49 -2 -3 -14 -35 -18 -55 -10 -17 58 59 -30 61 -26
right_child=3 2 9 12 5 17 20 46 55 -11 -12 32 51 26 15 25 19 18 24 43 -22 -23 23 -25 60 47 -28 -29 57 -31 31 -33 -34 52 35 -37 -38 40 -40 -41 -42 -43 -44 44 45 -47 -48 -49 -50 -51 -52 -53 -54 54 -56 -57 -58 -59 -60 -61 -62 -63
leaf_value=-0.074098697140938433 0.090261706815703932 -0.078982392938778317 0.018463756576918955 0.078572943149661165 -0.08418913885812776 -0.076655957207545852 -0.088353010898406539 0.058627156215245731 0.022158789316670605 0.066302677099953147 0.062718764592839926 0.083282316479345239 0.079369191638224063 -0.019586492340418087 -0.059513828339844886 0.029037181158393915 -0.076454739865412111 0.050460024654420836 -0.03396351738633295 0.10155258689433046 0.058344352870490446 0.040493893328508633 -0.074695077340767593 0.078268377272415743 0.0051850733460780856 -0.09748027490540466 0.061853539576627273 0.025169019804414782 -0.032101619454037764 0.057735536286346235 0.28701143354386849 -0.041621850608391096 0.079894392869612071 0.060854962885302601 0.073465810257601516 -0.010617629779239555 -0.030881975355663931 0.024097603029474456 0.075467941590422125 0.0056323980359413196 0.054289795376093651 -0.031299430291705031 0.020184992047225538 -0.05082035844451481 0.11470426341841058 -0.032094778140143047 0.08373069599818711 0.079681505867612176 0.040458057565592682 -0.048423278363164839 -0.02196684250525743 0.084511359725428184 -0.15389622967133312 0.21684960749323776 -0.037320760714848217 -0.033202686676789356 -0.070068778900500825 0.0045584706714383609 -0.030172379552068022 0.044477376920658743 -0.077703547170245663 -0.051802731755120235
leaf_weight=1023.8471288122237 9.7534675896167737 831.05016672238708 222.82338299974799 463.76234526559711 23967.240743041039 124.02046197280288 34.645149257034063 394.67281148582697 124.55894586443901 1164.1644017137587 45.976539067924023 42.953794695436954 12553.890695612878 158.97721670567989 166.33104870095849 39.296795681118965 271.67195313423872 161.42895974591374 83.379125084728003 13.484792001545427 88.715320356190205 211.38460283726454 491.13578339666128 18.562085710465908 74.335042599588633 5.4422046989202491 89.771401066333055 184.47298145294189 34.718924313783646 449.34666227176785 2.3366347774863234 207.13043102994561 112.79167096689343 54.542982030659914 42.423684649169445 266.28609332442284 120.52262268215418 1062.2755851075053 187.08922438323498 102.75946018844843 227.50714201852679 242.91288986057043 169.21464375033975 72.326047047972679 23.12332995980978 22.173852235078812 757.79183534905314 114.84196839109063 25.614858768880367 234.90756346285343 52.393272131681442 11203.723365020007 3.5007838904857627 4.1203440055251113 43.33270488679409 78.451078485697508 23.440352983772755 634.95822668075562 375.18499439954758 79.110897943377495 78.358808193355799 102.61482318490744
leaf_count=15575 61 13849 1749 7174 445468 1892 351 5790 885 16838 284 506 224012 1108 2133 344 3980 1180 675 83 869 1803 7513 124 515 62 1189 1416 323 5063 26 2069 1435 536 259 1498 1161 9673 1989 909 2903 1682 1166 576 126 147 13035 1236 139 1682 423 206144 27 36 449 561 165 3077 2138 532 627 760
internal_value=-5.39592e-05 -0.0672466 0.011867 0.0754029 -0.0762947 -0.0804324 -0.0335781 0.04035 -0.0613316 0.0482524 -0.0632637 0.0255589 0.080923 0.054063 0.0276816 -0.00509541 -0.0829855 -0.0187206 -0.00342072 -0.0485523 -0.00313199 0.00413795 -0.0836158 -0.061811 -0.0205459 0.0443604 0.0170126 -0.0059282 -0.00783923 0.044717 -0.0679602 -0.0379559 0.037592 -0.00153604 -0.0158362 0.000937331 -0.066062 0.0346514 0.0549134 0.0285223 0.0294233 -0.0466296 0.00231101 -0.00278809 -0.0147501 0.0428433 0.0751337 0.0716659 -0.034995 -0.0428946 -0.075601 0.0817942 0.0479027 -0.0673539 -0.0152512 0.000764932 -0.00799158 -0.00535749 -0.0182328 0.0211202 -0.0431597 -0.0278627
internal_weight=60273.6 31882.7 3272.14 28390.9 28610.6 26084 2526.62 3862.68 1086.45 2185.69 1279.29 2710.22 24528.2 770.555 1021.52 349.352 25047.7 1036.26 669.331 450.233 1247.33 974.843 24597.5 630.22 507.902 183.021 306.792 763.459 1158.62 672.17 1233.31 209.467 1735.38 217.021 578.986 308.71 611.658 1622.59 332.802 145.713 1289.78 366.933 252.594 131.108 117.623 45.2972 1152.46 120.284 270.276 244.661 883.443 23757.6 58.0438 319.125 47.453 203.01 62.7371 1123.97 489.015 113.83 255.309 176.95
internal_count=1020000 536712 43308 483288 493404 468160 25244 43098 15718 27590 17954 24273 440190 10034 10752 3940 459663 8497 4923 5397 7290 6858 454266 8798 3743 1807 2860 5055 6421 6812 17670 2095 17415 1671 3639 1757 8674 15980 3404 1415 12576 3574 1841 932 849 273 18825 1298 1882 1743 14272 430156 563 4465 485 1446 509 6070 2993 855 1902 1275
is_linear=0
shrinkage=0.08


Tree=28
num_leaves=63
num_cat=0
split_feature=5 5 2 6 9 0 2 5 9 9 2 2 6 0 6 0 3 9 9 5 0 0 5 0 8 2 2 5 5 0 0 2 3 2 2 0 6 3 0 2 9 2 3 5 0 2 5 2 0 0 0 3 5 0 8 0 2 0 2 2 3 0
split_gain=43463 3266.15 1129.57 1128.4 1101.39 342.626 213.984 213.58 200.293 183.977 143.48 138.516 95.0815 88.4066 85.4587 59.4585 58.8114 58.1273 57.2426 49.7291 46.7694 43.3409 41.2716 45.0379 35.4596 34.1109 33.7907 32.2384 32.2351 29.4705 29.2961 32.4304 28.5022 50.3015 30.7424 39.6263 27.5627 27.2965 27.1482 26.669 26.3466 24.7332 24.2809 24.078 27.9488 24.9486 23.9735 23.7292 41.1135 25.3096 23.609 23.5179 22.908 22.6981 22.5063 21.6847 53.3357 35.7122 25.0703 21.622 20.9003 20.8399
threshold=56.111852645874031 20.084033966064457 80.901721954345717 1.0000000180025095e-35 0.54474553465843212 88.036697387695327 60.736890792846687 66.506408691406264 0.62180894613266002 0.62180894613266002 92.390407562255874 45.199691772460945 0.75000000000000011 66.323020935058608 1.0000000180025095e-35 84.889995574951186 5.5000000000000009 0.68929168581962597 0.81818661093711864 41.799478530883796 74.601570129394545 60.922586441040046 49.358869552612312 71.834934234619155 1.0000000180025095e-35 88.762622833251967 59.611795425415046 98.122024536132827 42.672246932983406 87.20676422119142 56.73658752441407 50.252525329589851 5.5000000000000009 93.957649230957045 45.748708724975593 55.40315246582032 1.0000000180025095e-35 5.5000000000000009 94.360820770263686 79.772727966308608 0.37027212977409368 30.848532676696781 1.5000000000000002 62.534915924072273 51.022111892700202 29.679679870605472 75.893997192382827 85.053192138671889 76.50690078735353 78.910301208496108 57.307060241699226 2.5000000000000004 42.941320419311531 89.386734008789077 1.0000000180025095e-35 84.889995574951186 90.366767883300795 80.810150146484389 90.054946899414077 87.570224761962905 2.5000000000000004 64.660633087158217
decision_type=2 2 2 2 2 2 2 2 2 2 2 2 2 2 2 2 2 2 2 2 2 2 2 2 2 2 2 2 2 2 2 2 2 2 2 2 2 2 2 2 2 2 2 2 2 2 2 2 2 2 2 2 2 2 2 2 2 2 2 2 2 2
left_child=1 2 6 5 12 7 13 21 11 14 29 43 22 -1 52 40 38 24 27 61 25 -2 53 36 -11 46 -25 32 54 42 41 -32 33 47 -34 -36 -24 -10 -7 -38 -8 -21 -4 44 45 -5 51 49 -49 -9 -12 -13 -6 -3 -16 57 -57 59 -59 -50 -58 -14
right_child=3 4 10 8 9 16 15 18 37 17 50 20 19 -15 28 -17 -18 -19 -20 30 -22 -23 23 26 -26 -27 -28 -29 -30 -31 31 -33 34 -35 35 -37 39 -39 -40 -41 -42 -43 -44 -45 -46 -47 -48 48 55 -51 -52 -53 -54 -55 -56 56 60 58 -60 -61 -62 -63
leaf_value=-0.073125171529783733 -0.05553545171000767 -0.083692837108936505 0.039533225302300419 0.087372403164601112 -0.076876806812461396 0.05784456947703271 -0.025376956995058732 0.021464375794641728 0.082577840369598421 0.029795374761183577 0.010321483819176976 0.023210628740823122 -0.073519362229258048 0.035094339000836305 -0.011369565324791806 0.078792304828572732 -0.020697177960759157 0.068650175729823737 0.075951322158841705 0.053449273401861293 0.061204382358407486 -0.008648991486180346 -0.076842363839288774 0.14825076122453243 -0.024116191743334157 0.074265810078906036 -0.022259209686118608 0.080971995002050087 0.0092334156642389434 0.052604198686303033 0.13194530269354007 -0.01687457792548443 0.056826406164192038 0.070452335223367316 -0.043072780723114414 0.014391915378048979 -0.044989242254892599 0.075998838570035837 0.08163715696423457 0.10431194259302068 0.0076299039201936847 -0.045618803523149759 0.00021886275177979082 0.079560922837069517 0.11670555896913952 -0.065394732814645778 0.035845756945213116 0.051389528516515348 -0.12043841001252545 0.057469059751656656 0.066322814922698856 -0.034666387500819913 -0.039643370852259725 -0.01924533796184829 -0.063893731005476878 0.024740007927981922 -0.089668734223092891 -0.20400053007315255 -0.045768632990420388 0.034536644741375092 -0.37055702311630334 -0.017597398902073815
leaf_weight=916.93785642832518 222.58999073132873 22683.085162956268 131.87228229641914 9.6722100600600225 202.93188737332821 558.91584693267941 818.83648534119129 434.62458292394876 16990.411300506443 216.44960006326437 50.398431219160557 58.00797538086772 276.66111116856337 50.998862020671368 135.51053380966187 41.301874876022339 46.53544856607914 161.70964118465781 150.36336436495185 19.244493432343006 91.401958804577589 291.31139485538006 585.54643027484417 9.1871142424643022 122.14387080818415 32.991065312176943 39.07801516354084 63.424297641962767 281.80435578525066 124.65847205370665 17.297993846237659 20.451520785689354 95.249718487262726 183.80548705533147 84.645334862172604 828.61741823703051 111.89449646696448 5293.6886960119009 680.77644262462854 8.2194821238517743 190.84671901911497 99.608929395675659 423.16662984713912 407.37886442616582 13.283856093883513 23.379416584968567 56.694963153451681 65.32234163582325 7.7304405048489597 175.37239386886358 1094.2413752786815 199.34890709072351 220.84472298249602 35.028919067233801 84.937395520508289 65.52550595253706 4.0120422691106787 14.246186636388304 11.64816953986883 22.624114610254765 2.9360813349485397 50.422155320644379
leaf_count=15100 2611 454242 885 71 3218 8102 5695 3770 332235 1514 248 380 4226 338 953 438 370 2278 2448 124 1029 1849 10443 61 763 359 398 840 1462 1716 89 121 904 2388 547 6184 1407 100892 12206 62 906 838 2317 6926 87 136 744 656 65 1812 16349 1263 2111 404 743 660 43 130 112 224 27 481
internal_value=-5.87847e-05 -0.0677858 0.000943531 0.0727472 -0.0781925 0.033566 -0.0402842 0.0174979 0.0795269 -0.00989705 0.0465686 0.0423581 -0.0822589 -0.0674233 -0.0310157 -0.0152896 0.0675959 0.0291922 0.0282996 -0.0471492 0.0102916 -0.0289573 -0.0829824 -0.0645678 0.0103474 -0.00311755 0.0101968 0.024821 -0.00869214 0.0174541 -0.0100774 0.0513193 0.0230371 0.0326955 0.0135766 0.00906583 -0.0696814 0.081015 0.0709103 -0.0347725 -0.0191381 -0.0295779 0.0095596 0.0733456 0.0187004 -0.020689 -0.0112466 0.0240642 -0.00030295 0.0318156 0.0638571 -0.021621 -0.0574732 -0.0835935 -0.0316068 -0.0265351 0.00239206 -0.0638062 -0.132822 -0.00493109 -0.208364 -0.0648986
internal_weight=56411.9 29225.3 3843.26 27186.5 25382.1 4010.28 2018.92 2724.05 23176.3 1426.33 1824.34 892.159 23955.7 967.937 926.029 1050.99 1286.23 500.303 2210.15 483.686 438.445 513.901 23472 753.926 338.593 347.043 48.2651 2059.78 502.252 679.697 156.603 37.7495 1996.36 987.847 1008.51 913.263 705.66 22284.1 1239.69 120.114 1009.68 118.853 555.039 453.714 46.3355 33.0516 314.052 804.042 194.045 609.997 1144.64 257.357 423.777 22718.1 220.448 128.723 72.4736 56.2489 25.8944 30.3546 6.94812 327.083
internal_count=1020000 529930 43992 490070 485938 45948 22477 25270 444122 13042 21515 10995 472896 15438 8487 7039 20678 4555 20810 5879 3775 4460 467017 12371 2277 2746 459 18362 3158 4918 1172 210 17522 9887 7635 6731 11912 433127 20308 1469 6601 962 3202 7220 294 207 2387 7499 1917 5582 16597 1643 5329 454646 1696 1261 730 531 242 289 70 4707
is_linear=0
shrinkage=0.08


Tree=29
num_leaves=63
num_cat=0
split_feature=4 1 6 6 6 4 4 2 2 0 1 0 1 0 6 0 2 4 6 3 1 2 4 4 0 4 2 2 0 1 2 2 3 0 2 6 4 4 0 1 0 4 3 2 0 2 2 0 3 2 6 4 4 3 1 3 2 3 0 2 0 0
split_gain=32595.6 5457.81 1718.67 1190.44 1153.12 752.68 670.245 315.169 283.106 225.26 194.988 137.655 100.462 98.8846 91.0847 85.7485 83.5816 152.208 105.021 74.3294 66.7493 56.1056 51.7886 46.8201 46.2595 61.0499 44.6618 42.6092 42.5239 41.6233 38.6619 38.1031 36.8027 76.6346 35.0097 32.1217 32.1464 49.7547 31.5614 35.6985 30.3681 29.7461 29.6795 26.443 27.566 27.4252 26.6775 26.285 26.0789 25.7689 25.6414 34.9124 24.3222 24.2651 23.5336 30.8944 40.3997 43.5448 23.1287 22.6272 22.3295 21.7302
threshold=49.882629394531257 72.255687713623061 1.0000000180025095e-35 1.0000000180025095e-35 0.75000000000000011 20.526680946350101 60.650449752807624 66.323020935058608 91.331184387207045 68.208553314208999 92.63776016235353 60.736890792846687 88.784065246582045 71.834934234619155 0.75000000000000011 82.167320251464858 88.762622833251967 59.863313674926765 0.75000000000000011 5.5000000000000009 86.70682525634767 80.901721954345717 23.14919471740723 43.947717666625984 64.660633087158217 45.176797866821296 60.736890792846687 26.766168594360355 82.413585662841811 60.736890792846687 95.69842910766603 72.04651260375978 5.5000000000000009 57.307060241699226 75.147060394287124 0.75000000000000011 24.502962112426761 40.077220916748054 58.898942947387702 39.455150604248054 67.962265014648452 40.631225585937507 3.5000000000000004 29.679679870605472 55.40315246582032 63.686313629150398 89.386734008789077 88.998897552490249 7.5000000000000009 59.611795425415046 0.75000000000000011 67.704421997070327 40.631225585937507 5.5000000000000009 79.557674407958999 8.5000000000000018 99.532711029052749 11.500000000000002 84.889995574951186 62.910053253173835 65.485893249511733 68.208553314208999
decision_type=2 2 2 2 2 2 2 2 2 2 2 2 2 2 2 2 2 2 2 2 2 2 2 2 2 2 2 2 2 2 2 2 2 2 2 2 2 2 2 2 2 2 2 2 2 2 2 2 2 2 2 2 2 2 2 2 2 2 2 2 2 2
left_child=1 4 6 12 5 7 9 13 14 34 19 27 23 38 22 24 17 18 40 30 59 32 47 -3 -7 -26 60 -6 29 -28 -8 52 33 -9 -2 36 -10 -38 -1 48 -4 -14 -36 -21 -45 -46 -47 -5 -40 -27 51 -19 -29 -18 -48 -56 -57 -58 -35 -11 -13 -20
right_child=2 3 16 8 11 15 10 21 35 20 -12 26 41 -15 -16 -17 53 50 61 43 -22 -23 -24 -25 25 49 28 31 -30 -31 -32 -33 -34 58 42 -37 37 -39 39 -41 -42 -43 -44 44 45 46 54 -49 -50 -51 -52 -53 -54 -55 55 56 57 -59 -60 -61 -62 -63
leaf_value=-0.072291035934733239 -0.068997438950910456 -0.064725442730125815 -0.019921855738228508 0.010171117803177867 0.066902051004615229 -0.082467109078924974 0.033833432820700525 0.094321740861597406 0.065652146227273889 0.062549837030379501 0.078402227706611691 0.02964921292581826 -0.026469304555069115 0.046160786966075701 0.050677910297519835 -0.003369927658481904 0.083575643734079844 0.027545873626673979 0.042604360041306036 0.083832346541775293 0.054193031985215204 0.023696610380835179 -0.027570790546512049 -0.017794646967467537 -0.074263980723058148 0.050835498064675279 -0.048686771657518196 -0.049139609902036002 0.084643365242142762 0.022646847371789899 0.067568407755039847 0.037097989158066495 -0.036597409880117615 -0.017472952418420763 0.078110480876497967 0.079377542076144877 -0.0021167724200324002 0.067223555086302025 0.042131678198639 -0.044264325131533687 0.031949557056405432 0.021492438470167647 -0.039797064114548551 -0.030360754621107478 0.057580757442562094 -0.017464189685849035 0.036192890778304669 0.064437687888553391 0.37801835766318903 -0.037731296166556211 0.078083531463325806 0.070356416214354317 -0.011192009582199828 0.075323993294930891 0.022732815177176922 0.061437943269776502 -0.10497151428416873 0.039751257307595149 0.083809947390398445 -0.016786432004728208 0.094731342012749645 0.072903905778594943
leaf_weight=876.38292322307825 581.67977769672871 754.79191249981523 174.82483390718699 504.73143384978175 32.219610922038555 18594.218082122505 873.57440509274602 49.981358721852303 978.36711544916034 24.97209832072258 680.94294214248657 52.414060700684786 185.79802898317575 53.183122046291828 374.97089932113886 91.150224085897207 10746.149367898703 146.75962952151895 273.15312011912465 31.109399825334549 150.15558094158769 406.66807183623314 246.71866918727756 165.96393220871687 2164.3198955394328 24.309458930045366 62.644997358322144 293.84000414609909 57.653918344527483 318.60187703371048 289.46607809141278 51.891316883265972 272.08288777247071 292.62628564983606 18.289890352636576 815.98367601633072 126.21686350926757 139.3445726968348 5.4055872932076445 207.71717899292707 123.09368664771318 149.23210263624787 54.012602154165506 101.58647417277098 82.428429543972015 181.7226576320827 240.75830636918545 64.414872363209724 2.0368251278996468 155.60801267251372 4697.1313730627298 720.16839867830276 171.00704269856215 2895.2461239136755 151.73446933925152 20.60684547573328 49.937940075993538 18.138922363519669 15.178240612149237 292.42709629237652 94.695585995912552 340.09617137163877
leaf_count=15163 9749 13435 2051 3163 455 398727 9834 267 15948 238 13319 596 2480 344 5549 1275 228115 2010 4258 396 2183 2551 3719 1672 44250 307 657 4254 910 3804 4382 686 1992 1569 179 16148 1497 2478 59 2338 1595 1929 583 849 773 1306 2034 892 23 2280 96927 14316 1850 59197 1313 155 340 156 171 2459 1268 6577
internal_value=-6.17376e-05 -0.0573354 0.0689061 0.0235368 -0.0723052 -0.0761552 0.0198884 -0.031424 0.0490926 -0.0321565 0.0413323 0.00642975 -0.0426172 -0.0603607 0.0180419 -0.0807949 0.0782716 0.0707869 0.0404775 0.0289649 0.010246 0.000533022 0.00304241 -0.0562663 -0.081132 -0.0705417 0.0333954 -0.0223559 0.0206091 0.0109256 0.0422296 -0.0279213 -0.0144223 0.00244104 -0.0624716 0.067043 0.0589519 0.0342673 -0.0655507 -0.0380962 0.00151032 -0.00510576 -0.00997076 0.0113943 0.0087335 0.014062 0.0086506 0.0163129 0.134056 -0.0257646 0.0757504 0.0631091 -0.0351795 0.0818243 0.0185132 0.000808498 -0.0367032 -0.0664105 -0.0124786 -0.0105445 0.0715431 0.0594079
internal_weight=52812.5 28852.4 23960.2 4506.53 24345.8 23210.9 3843.54 2181.26 3250.75 1121.54 2722.01 1134.97 1255.79 1144.73 1190.84 21029.6 20116.6 6475.23 911.168 2041.06 467.555 1036.54 815.865 920.756 20938.5 2344.24 586.01 548.958 438.901 381.247 1163.04 516.738 629.869 357.786 653.982 2059.91 1243.93 265.561 1091.54 215.16 297.919 335.03 72.3025 878.023 846.914 745.328 662.899 569.146 7.44241 179.917 5564.06 866.928 464.847 13641.4 481.176 240.418 88.6837 68.0769 307.805 317.399 147.11 613.249
internal_count=1020000 554706 465294 68910 485796 471316 50248 24477 49394 15391 34857 14480 19516 17927 13323 446839 415046 127734 14481 21538 4880 6550 7774 15107 445564 46837 7235 7245 5371 4461 14216 6790 3999 2007 10511 36071 19923 3975 17583 2420 3646 4409 762 7322 6926 6077 5304 4055 82 2587 113253 16326 6104 287312 3998 1964 651 496 1740 2697 1864 10835
is_linear=0
shrinkage=0.08


Tree=30
num_leaves=63
num_cat=0
split_feature=5 4 6 9 9 1 9 5 0 5 1 8 6 9 0 9 1 5 8 4 6 1 5 5 4 1 4 5 4 4 1 5 0 6 5 0 1 6 4 1 5 0 0 0 4 0 0 9 0 8 4 4 6 1 1 4 0 0 0 1 0 1
split_gain=36248.6 2986.31 1222.53 776.507 736.84 364.791 240.324 216.855 189.376 132.837 117.223 110.275 87.8482 78.1577 60.5572 58.9348 46.2118 46.0632 44.8152 59.3246 44.7135 42.172 38.4507 38.2268 43.4374 34.1524 33.2816 32.2243 43.8725 27.5065 27.2137 26.6166 38.9153 31.6447 26.018 25.7724 24.7238 24.4375 23.1398 22.8218 22.4954 20.2015 19.0981 18.7095 18.4174 17.7066 17.4299 16.9311 16.6994 21.7251 16.6002 16.4916 16.3599 16.025 15.9884 15.8802 22.4002 15.8753 18.7679 15.7581 18.7015 15.7151
threshold=54.250427246093757 20.526680946350101 1.0000000180025095e-35 0.37027212977409368 0.54474553465843212 88.784065246582045 0.62180894613266002 64.425609588623061 56.73658752441407 75.893997192382827 84.660633087158217 1.0000000180025095e-35 0.75000000000000011 0.6353101134300233 86.295150756835952 0.53236505389213573 94.957626342773452 84.63898086547853 1.0000000180025095e-35 47.080135345458991 1.0000000180025095e-35 49.25306701660157 41.614616394042976 45.729484558105476 37.39483833312989 88.784065246582045 41.910465240478523 39.77586746215821 31.334292411804203 35.319471359252937 39.250699996948249 47.925275802612312 61.610351562500007 1.0000000180025095e-35 97.898418426513686 90.501251220703139 93.582702636718764 1.0000000180025095e-35 33.701759338378913 25.15822792053223 66.506408691406264 94.174205780029311 64.660633087158217 71.834934234619155 37.529342651367195 84.889995574951186 90.815368652343764 0.71077066659927379 56.73658752441407 1.0000000180025095e-35 63.427747726440437 63.427747726440437 1.0000000180025095e-35 86.512474060058608 30.0684928894043 32.506156921386726 78.142959594726577 55.625879287719734 28.778468132019047 61.938297271728523 52.97661209106446 45.748708724975593
decision_type=2 2 2 2 2 2 2 2 2 2 2 2 2 2 2 2 2 2 2 2 2 2 2 2 2 2 2 2 2 2 2 2 2 2 2 2 2 2 2 2 2 2 2 2 2 2 2 2 2 2 2 2 2 2 2 2 2 2 2 2 2 2
left_child=1 3 5 8 12 7 9 15 21 18 20 13 31 27 30 43 -7 35 -4 -20 -5 -1 42 55 -25 40 -17 52 -29 -24 -10 36 -33 -34 41 38 -3 -32 -9 -21 -8 51 -14 -2 -35 -41 50 -15 49 -40 -28 -19 -6 -37 -51 56 -13 58 -31 -23 -61 -53
right_child=2 4 6 10 11 16 25 17 14 -11 -12 23 22 47 -16 26 -18 34 19 39 -22 59 29 24 -26 -27 46 28 -30 57 37 32 33 44 -36 53 -38 -39 48 45 -42 -43 -44 -45 -46 -47 -48 -49 -50 54 -52 61 -54 -55 -56 -57 -58 -59 -60 60 -62 -63
leaf_value=-0.06871524152794585 -0.061472268419461823 -0.082983277893068655 0.032978963970364518 -0.08726655153137397 -0.069070150575481382 0.049012653555573965 0.054540139455543458 -0.059363088646878372 0.094060369185749393 0.075112261810083666 0.064630952403792991 0.053089289904198374 -0.071776529450719023 0.028902467097285462 0.068753338509183012 0.052624300066753948 0.081740359631042578 0.050851214557272692 0.052022263077496411 0.084217875633609898 0.0234981123836841 -0.038637670166733772 0.073731493256042085 0.057679880979933255 -0.038160128273475341 0.083330128332592415 -0.031509005829110072 0.11240238928512845 -0.006940090934478056 0.08243801362157839 -0.092037482604479748 -0.077548722086656779 -0.054887553257189352 0.14483903917524749 0.07664690255664143 0.078116343262252252 0.08312020709757087 -0.012957286414822772 0.014845038420580645 -0.049991209500203207 0.077232525056561474 0.085673715108436244 -0.017043774456100804 0.031941353215214789 0.0010070320712308131 0.078213152211642184 0.10000065846115554 0.078692821743594862 0.016428533729724991 0.055522721631644324 0.034386379012597161 0.063860234694798068 -0.020859185807667543 -0.15424034060994191 -0.055775834255713044 -0.076396387247342615 -0.065060474076408026 0.022769529977130377 -0.053308070019939889 0.088970521788038048 -0.033561519591789449 0.022277311235904072
leaf_weight=646.90243221446872 269.36037480086088 19317.947191417217 305.02269662544131 24.229395616799593 77.434921111911535 488.03946145623922 287.59251856431365 30.62271773070097 14.895079638808964 363.04677490890026 840.00085569918156 15.649593770503996 248.27832652628422 148.80261445418 60.641872566193342 52.551582872867584 635.90133569762111 193.85259494557977 64.950526017695665 9.3274731636047346 624.69311702251434 259.30798500403762 20.335026115179062 36.392471350729465 179.77438275516033 9060.628155708313 181.77024476230145 21.060670077800751 308.39475851505995 7.0492572188377371 25.608171548694372 635.99349561333656 136.80093610659242 6.6724767349660388 89.130728371441364 46.781214885413647 5.7367510050535193 1069.4276400990784 93.122936025261879 158.10044244676828 10041.127790231258 42.83045868575573 48.825359612703323 14.458694458007811 38.999377720057964 7.2089809738099566 7.6881854757666579 61.888786543160677 755.74533950537443 9.3905640542507154 28.272822722792625 62.471099212765694 107.70282480120659 1.9800204038619984 68.64158608019352 217.89477801322937 29.875137370079756 31.248322874307632 86.556063294410706 14.287019714713095 18.034763380885124 843.98038986325264
leaf_count=11618 4085 448222 2695 297 1306 7773 4821 171 155 7042 14636 110 4169 1253 758 308 13248 1693 457 128 5267 3556 146 266 1354 208268 1249 148 2283 40 327 13432 2421 52 1310 595 43 7718 600 1142 220912 700 472 100 401 70 51 1112 5782 79 170 799 752 26 435 2587 403 190 793 82 110 8812
internal_value=-6.21437e-05 -0.0668522 0.0699655 0.000668716 -0.0780018 0.029044 0.0778619 0.0135551 -0.0305574 0.0376279 0.0449014 -0.0171947 -0.081561 0.0024858 -0.00909249 -0.0312528 0.0675293 0.0246463 0.0126401 -0.0132535 0.0193624 -0.0573292 -0.0462927 -0.0469578 -0.0220251 0.0797453 -0.00451707 -0.0143182 0.000688961 -0.0125503 -0.0133457 -0.0823355 -0.0682049 -0.035638 0.0350166 0.0119471 -0.082934 -0.0148066 0.00905794 -0.0375308 0.0766007 0.0317706 -0.0627819 -0.0567135 0.0220203 -0.0444003 -0.0183087 0.043528 0.0113184 -0.0112456 -0.0226392 0.0296724 -0.0410237 0.0686812 -0.0423819 -0.0674181 -0.0244453 -0.0266032 -0.0430853 -0.0320722 0.0206006 0.0251431
internal_weight=49600.9 25387.3 24213.6 3598.03 21789.3 3916.59 20297 2792.65 2109.1 907.657 1488.92 1204.87 20584.4 725.285 1170.57 554.102 1123.94 2238.55 544.61 239.587 648.923 938.532 442.292 479.586 216.167 19389.3 270.283 514.593 329.455 145.189 1109.93 20142.2 818.466 182.473 1232.27 1006.28 19323.7 1095.04 957.523 174.637 10328.7 1143.13 297.104 283.819 45.6719 165.309 217.731 210.691 926.9 171.155 210.043 1100.3 185.138 48.7612 78.0322 263.42 45.5247 124.854 93.6053 291.63 32.3218 906.451
internal_count=1020000 526479 493521 44524 481955 47986 445535 26965 24324 11534 20200 11574 470381 6854 8958 5963 21021 21002 4492 1797 5564 15366 5810 4720 1620 434001 1778 4489 2431 1169 8200 464571 16306 2874 13314 7688 448265 8045 7067 1340 225733 12004 4641 4185 453 1212 1470 2365 6896 1114 1419 11304 2058 621 514 3100 513 1023 833 3748 192 9611
is_linear=0
shrinkage=0.08


Tree=31
num_leaves=63
num_cat=0
split_feature=5 5 9 6 9 1 9 0 5 1 9 6 8 5 5 5 6 0 3 1 5 0 6 1 0 0 6 0 0 3 1 8 6 0 1 5 6 0 1 0 3 3 5 3 0 3 3 3 1 0 6 0 0 1 6 0 1 0 0 1 9 5
split_gain=32947.3 2614.77 1467.32 868.584 674.681 262.623 233.321 169.463 132.992 111.998 98.5331 95.8552 94.1428 76.8217 74.417 57.6581 57.4374 53.2717 52.709 41.753 39.0316 33.4304 33.1063 31.9329 31.9321 27.1746 26.9483 26.4475 33.5892 25.4472 29.8067 25.2708 24.2958 23.5106 23.0767 21.9549 21.1289 19.9128 20.6861 18.853 17.4117 17.1534 17.1014 18.9949 38.5847 16.9845 16.4485 24.5751 34.3011 17.9806 16.2521 16.1909 15.4712 15.3659 15.1754 14.8086 14.5731 14.0716 14.0184 21.1017 13.5148 13.4832
threshold=60.390020370483406 20.084033966064457 0.54474553465843212 1.0000000180025095e-35 0.37027212977409368 92.768566131591811 0.68066373467445385 56.73658752441407 49.358869552612312 86.70682525634767 0.62180894613266002 1.0000000180025095e-35 1.0000000180025095e-35 75.893997192382827 78.886161804199233 46.734052658081062 0.75000000000000011 86.295150756835952 4.5000000000000009 49.25306701660157 43.498390197753913 85.58441543579103 1.0000000180025095e-35 88.784065246582045 62.563131332397468 72.646820068359389 1.0000000180025095e-35 55.625879287719734 30.860805511474613 11.500000000000002 41.421361923217781 1.0000000180025095e-35 0.75000000000000011 89.386734008789077 51.649148941040046 97.989273071289077 1.0000000180025095e-35 69.939758300781264 73.746868133544936 26.36544227600098 8.5000000000000018 1.5000000000000002 97.446762084960952 8.5000000000000018 84.028984069824233 7.5000000000000009 11.500000000000002 8.5000000000000018 78.446456909179702 70.396453857421889 0.75000000000000011 62.243186950683601 82.167320251464858 50.878274917602546 1.0000000180025095e-35 91.715686798095717 76.50690078735353 67.962265014648452 62.910053253173835 48.912528991699226 0.46197053790092474 40.080320358276374
decision_type=2 2 2 2 2 2 2 2 2 2 2 2 2 2 2 2 2 2 2 2 2 2 2 2 2 2 2 2 2 2 2 2 2 2 2 2 2 2 2 2 2 2 2 2 2 2 2 2 2 2 2 2 2 2 2 2 2 2 2 2 2 2
left_child=1 4 8 5 7 14 12 19 16 22 13 25 15 32 21 26 33 29 41 -1 -14 31 -6 42 39 -10 -4 28 -13 54 -31 -2 37 -3 -26 46 -22 -5 -39 -18 -38 -16 43 -12 50 55 47 49 -49 -20 -45 -33 -43 -27 -9 -24 -23 -47 -56 -60 -30 -8
right_child=3 2 6 10 9 -7 61 17 11 -11 23 27 20 -15 18 -17 24 -19 35 -21 36 56 45 -25 34 53 -28 -29 60 30 -32 51 -34 -35 -36 -37 40 38 -40 -41 -42 52 -44 44 -46 57 -48 48 -50 -51 -52 -53 -54 -55 58 -57 -58 -59 59 -61 -62 -63
leaf_value=-0.066949268954850552 0.0090292482924174532 -0.082528785569487173 -0.045866153131879306 -0.010722075772328149 -0.089637017533006028 0.077430844536297422 -0.022636391234033954 -0.090284638974732392 -0.070302268070173396 0.065405994791665228 0.076352594534526488 0.076647556458028468 -0.068964527382349261 0.074071442029602794 0.031226113718117701 0.023074224618555555 0.064680240024318353 0.06671539633086733 -0.011804001739093564 -0.029695063775264235 -0.046669008570420056 0.083128225569389716 0.011836216025249584 0.082989858666976349 0.061956173105977105 0.11574152973544896 -0.0031391072096165627 0.021570836966788968 -0.072180715239745286 0.2601764221513948 0.011104272449605365 -0.043453662536215923 0.051239248637632379 -0.013969140559251681 -0.033610021037909582 0.073848362205125181 0.0023958287180518875 0.060219906780349747 -0.12148734886990731 -0.065841036321065499 -0.050643113996976283 0.038341910497921627 0.081914912605446116 0.044832635965919486 0.010356400945526612 -0.030573344040325755 0.034972172227001573 0.012596637006198674 -0.054886297217206947 0.027940742232857467 0.072149183381220991 -0.0057244980817356631 0.06547113014627147 -0.022655553989079261 -0.031949547977489334 0.063268511205315903 0.0242586622267566 0.050878027830318251 0.043458496582021187 -0.013861858457845979 -0.018895674313291748 0.066646628879159689
leaf_weight=600.39768671616912 423.35331196337938 18144.324426371604 154.84222248196602 157.29118303954601 17.03613019734621 711.94561735168099 11.267536964267491 18.071110535413027 615.93325422331691 716.46129772812128 5533.654190570116 16.325899668037891 199.15492665395141 339.65428254753351 313.1553746946156 406.02358353883028 7.2538543418049803 57.256075482815504 90.902098059654236 283.4298570305109 173.10585062578321 34.068103656172752 470.09618950635195 8299.2893305830657 22.964868567883968 6.1971633136272422 242.31352789327502 109.17822233214974 60.948496360331774 3.1309988424181929 171.90879894793034 124.05392058938742 101.84524993225932 32.068061590194702 54.665093079209328 44.205312248319387 175.74833364412189 49.698562614619732 4.3616090118885031 300.1771338135004 51.138809770345688 224.43978476524353 2478.037730563432 156.56985004246235 75.197847250849009 14.776635784655808 220.95115416496992 125.34471834823489 78.331007659435272 366.82106766477227 1270.4934906810522 176.1686782091856 335.84197537973523 29.937481515109539 260.21575707197189 38.783731896430254 128.12751569226384 166.87076771259308 44.084213174879551 607.94388004019856 60.90574149787426 275.73544451594353
leaf_count=11385 2764 454242 2250 1032 156 15728 124 227 12413 13447 130029 118 2627 7042 4116 2891 63 758 795 3708 1620 342 3684 206144 168 44 1568 880 856 29 1347 1022 1392 404 546 651 1032 534 34 4838 289 2686 59319 3410 1756 107 2011 1041 531 3521 29498 1082 5282 329 2742 616 1526 1980 296 3510 448 4970
internal_value=-6.67342e-05 -0.0635353 -0.074096 0.0714048 0.000825266 0.0342318 -0.00257751 -0.0285989 -0.0803043 0.0431102 0.0782445 -0.0502612 -0.0160277 0.0477194 0.0227806 0.00187507 -0.0817601 -0.00852678 0.0321221 -0.0550024 -0.040027 0.00379749 0.0205341 0.0793633 -0.0511848 -0.0663466 -0.0197974 -0.00785805 -0.0311103 -0.0124242 0.0155595 -0.0035608 0.0191412 -0.0824078 -0.00533917 0.0188305 -0.0256191 0.00367386 0.0455596 -0.0627614 -0.00955879 0.046222 0.0761997 0.0741868 0.066209 0.0232521 0.0160741 0.00976093 -0.0133564 0.0200476 0.0691522 -0.0213144 0.0546036 0.00107982 -0.0176894 0.0157561 0.0366238 0.0442521 -0.0162513 -0.00998638 -0.0455475 0.0631414
internal_weight=46484.5 24620.7 21150.2 21863.8 3470.46 3397.71 1689.33 2046.44 19460.9 1424.02 18466.1 899.426 1402.33 652.851 2685.76 803.179 18561.5 1162.61 1799.99 883.828 599.148 885.772 707.563 17813.2 385.061 652.068 397.156 247.358 138.18 1105.35 175.04 723.576 313.197 18176.4 77.63 926.555 399.993 211.351 54.0602 307.431 226.887 873.437 9513.95 7035.92 1502.26 690.527 882.35 661.399 203.676 457.723 1427.06 300.223 560.282 36.1346 930.315 508.88 162.196 181.647 912.244 652.028 121.854 287.003
internal_count=1020000 536712 492720 483288 43992 43098 17371 24002 475349 19990 440190 15088 12277 10034 27370 6709 460261 8909 20634 15093 5568 6736 6543 430156 5615 12786 3818 2302 1422 8151 1376 4868 2992 454646 714 8550 2941 1600 568 4901 1321 12084 224012 164693 34664 6387 7899 5888 1572 4316 32908 2104 7968 373 6775 4300 1868 2087 6548 3806 1304 5094
is_linear=0
shrinkage=0.08


Tree=32
num_leaves=63
num_cat=0
split_feature=9 4 9 6 0 1 9 0 9 4 1 1 1 0 1 9 3 6 4 0 9 1 9 9 1 9 1 0 3 0 0 4 0 8 8 0 1 1 6 7 8 0 0 3 4 3 3 4 4 1 0 8 0 4 0 1 1 3 4 4 1 4
split_gain=29848.5 2486.2 1060.11 781.009 600.76 320.935 215.62 207.932 181.429 156.462 129.388 113.482 92.1129 96.4313 57.7575 56.8851 69.5849 55.7571 53.3715 49.1971 69.5585 38.1239 36.9628 35.9224 32.1561 31.4596 51.7273 33.4983 30.6651 30.3677 29.4041 26.1643 25.4674 23.3568 23.2286 23.2114 22.461 21.2982 21.1405 20.4668 20.2503 19.9595 19.2244 18.268 17.8994 17.7529 17.3733 17.064 17.0339 16.8887 19.4613 16.0328 15.8216 15.7652 15.7602 15.7596 14.3115 14.2744 13.8668 13.7127 13.4306 13.2636
threshold=0.5935734510421754 20.526680946350101 0.50239983201026928 1.0000000180025095e-35 66.323020935058608 57.275131225585945 0.6702905297279359 86.70682525634767 0.81570467352867138 59.032005310058601 56.440422058105476 55.898166656494148 38.507879257202156 69.268848419189467 28.743545532226566 0.6702905297279359 4.5000000000000009 1.0000000180025095e-35 69.299133300781264 22.903981208801273 0.31614948809146887 72.255687713623061 0.40380826592445379 0.53236505389213573 88.784065246582045 0.46197053790092474 55.898166656494148 66.323020935058608 11.500000000000002 72.646820068359389 99.593494415283217 26.709129333496097 94.360820770263686 1.0000000180025095e-35 1.0000000180025095e-35 77.015758514404311 35.043859481811531 50.252525329589851 1.0000000180025095e-35 1.0000000180025095e-35 1.0000000180025095e-35 47.413022994995124 48.313756942749031 3.5000000000000004 55.370880126953132 5.5000000000000009 11.500000000000002 27.636927604675297 73.708465576171889 88.273490905761733 69.614067077636733 1.0000000180025095e-35 83.796653747558608 43.168636322021491 54.261501312255866 49.25306701660157 56.635221481323249 1.5000000000000002 97.785949707031264 34.802019119262702 72.821968078613295 54.595132827758796
decision_type=2 2 2 2 2 2 2 2 2 2 2 2 2 2 2 2 2 2 2 2 2 2 2 2 2 2 2 2 2 2 2 2 2 2 2 2 2 2 2 2 2 2 2 2 2 2 2 2 2 2 2 2 2 2 2 2 2 2 2 2 2 2
left_child=1 4 9 8 11 12 10 22 15 19 -5 42 -4 34 -11 18 32 21 30 20 -3 23 28 47 39 -21 27 36 37 48 51 -19 49 44 -14 -20 -27 -6 -24 -8 -33 -13 -1 -43 -12 -10 -45 -7 -16 50 -17 -2 -49 -25 -36 -30 -53 -52 61 -35 -61 -18
right_child=3 2 5 6 7 17 24 -9 45 14 33 41 13 -15 29 16 58 31 35 25 -22 -23 38 53 -26 26 -28 -29 55 -31 -32 40 -34 59 54 -37 -38 -39 -40 -41 -42 43 -44 46 -46 -47 -48 52 -50 -51 57 56 -54 -55 -56 -57 -58 -59 -60 60 -62 -63
leaf_value=-0.067765665677499753 0.0095841413695982487 -0.071653352580208426 0.065813343133718269 0.070447428076007207 0.051155219079220028 0.29411435965090771 -0.081206419301691604 0.06360375587314987 0.075195773950913411 0.072483957798026688 0.017471597813441174 0.12848628956612215 0.0055740450788475636 0.074983442297865896 -0.057187127113818299 0.063786115368527296 0.037262141146330918 0.05633025785401749 0.021094364470823017 -0.082168038702585863 0.086694908403750909 -0.07016520730379773 -0.088211319045789147 0.028033097026946101 0.082470316707489486 0.01889786837962831 -0.07814324235814428 0.031618814119752668 0.2354003352960776 0.12334196145019874 -0.06696070836592237 -0.012788079529388423 0.070572166591312768 0.048969113194761008 -0.054428863980724343 0.076968266870687571 -0.057816644532991138 -0.0064309073010354635 0.036922521881991459 0.07547279237199167 -0.045546293558181392 0.011022326652830183 -0.044715283911912589 -0.03463482018825139 0.059774610653425791 0.011244441752534374 0.0053485738045517747 -0.070614728323909151 0.12012401901517837 0.05637956297108826 0.0041155448495927248 0.037439970808613443 0.099671112293080594 -0.025791488766605784 -0.011468076275025453 0.038208047129809089 -0.028133654310630311 0.034592557311878255 0.075747261878675545 0.0037619173353991126 -0.040283306490595548 0.0075373345525590633
leaf_weight=432.65703310444951 289.06608955934644 52.372606571763754 210.16716972365975 523.06299603357911 43.355073239654303 0.84313538298010726 5.3392508774995795 716.48796969279647 583.66779755800962 50.855909015983343 260.23620469123125 6.7664119936525813 238.40035924687982 99.811263501644135 75.898297116160393 94.396341916173697 112.7917462810874 25.355691429227591 157.43847918882966 15845.333241481334 26.859772492200136 510.11263422295451 8.8939884677529317 44.570947755128145 7855.0009319297969 26.93737280741334 1061.8922337330878 35.56190862134099 2.664988085627555 7.1223580688238135 49.782357327640057 278.29102091118693 208.60054933279753 25.653074365109205 97.705516751855612 68.195971619337797 262.00723219290376 791.78360518440604 303.35167834535241 8516.707250200212 213.37300094589591 172.79564138501883 498.22833218425512 209.64694005995989 84.897637899965048 29.169560790061951 104.08006042987108 153.80189856886864 3.6335500106215468 244.8269847035408 153.44757611677051 24.306146394461393 3.5731212049722663 159.30925935506821 124.02180748060346 97.166764996945858 172.31268448010087 273.93993433564901 22.443108450621367 113.58437352627516 72.645380865782499 648.17934903874993
leaf_count=8754 1771 1378 3914 11850 246 18 130 13897 13372 794 2128 71 1841 1091 841 1164 854 160 1525 425981 295 10513 113 361 209584 178 27468 337 14 50 638 2676 4226 158 821 879 4558 4676 3933 214868 2314 1463 7826 1860 1547 300 804 3523 34 4335 1799 209 37 1373 1011 847 1153 3485 337 1235 557 5825
internal_value=-7.01862e-05 -0.0627146 -0.0736487 0.0698945 0.000568205 -0.0207714 0.0764947 0.0292575 0.033113 -0.0801926 0.0418738 -0.0389897 0.0206524 0.00370175 0.00480542 0.0236181 0.0315258 -0.0437342 0.00534648 -0.0808677 -0.0179733 -0.0560737 0.00952666 -0.036222 0.078778 -0.0811569 -0.0696009 -0.0416475 0.0015678 -0.034914 -0.00840532 -0.0229176 0.0457886 0.0150419 -0.0117607 0.0379817 -0.0506648 -0.0034414 0.0333582 0.0753746 -0.0270045 -0.00796775 -0.0554286 -0.00986551 0.0278775 0.0721518 -0.0213702 -0.0648255 -0.0490864 0.0390449 0.0309112 -0.00240344 -0.0667485 -0.0140247 -0.030399 0.0434721 -0.0200274 0.0236502 0.013771 -0.00586594 -0.0134195 0.0119432
internal_weight=43585.4 22995.7 19607.8 20589.7 3387.88 2159.34 17457.1 1963.7 3132.56 17448.5 1080.08 1424.17 770.106 559.939 137.51 2519.73 1758.63 1389.23 761.102 17311 79.2324 872.211 1247.22 362.098 16377 17231.7 1386.4 324.507 934.97 86.6542 535.467 517.02 975.211 557.017 460.128 225.634 288.945 835.139 312.246 8522.05 491.664 493.289 930.885 486.523 345.134 612.837 313.727 158.218 79.5318 766.611 521.784 485.685 157.375 203.88 221.727 99.8318 196.619 427.388 783.414 211.883 186.23 760.971
internal_count=1020000 536071 491567 483929 44504 29653 442057 23726 41872 461914 17475 20778 8678 4764 1719 28200 22025 20975 6175 460195 1673 15825 9829 5312 424582 458522 32541 5073 5783 925 3771 5150 15009 5625 3673 2404 4736 4922 4046 214998 4990 4198 16580 4127 3675 13672 2664 3578 875 10783 6448 3133 3560 1734 1832 861 1362 5284 7016 1950 1792 6679
is_linear=0
shrinkage=0.08


Tree=33
num_leaves=63
num_cat=0
split_feature=5 4 6 9 2 9 2 2 3 5 2 6 2 6 5 2 5 4 4 3 5 2 3 4 5 3 4 2 3 5 3 3 2 5 5 4 6 4 4 3 2 2 3 9 6 8 2 8 3 9 5 7 9 3 2 9 9 2 8 4 6 9
split_gain=27229.2 2548.81 1168.71 699.467 683.069 243.364 237.102 186.798 155.505 148.678 123.42 103.413 98.8243 81.8673 54.0284 54.0185 50.1277 42.9833 39.2382 38.5249 35.8576 33.9125 33.2649 33.1901 31.9191 30.4533 29.9872 29.2335 47.4476 27.7995 27.5787 63.298 27.0372 26.4484 25.4543 36.2943 27.2665 22.7718 22.282 21.9013 22.758 21.8226 21.6926 20.6479 20.3682 19.8128 17.7903 17.6014 17.4713 17.3123 16.9782 16.8949 16.5884 16.5438 16.3781 19.46 16.0285 15.7998 15.5634 29.3191 15.4147 16.5379
threshold=54.250427246093757 20.526680946350101 1.0000000180025095e-35 0.53236505389213573 73.746868133544936 0.62180894613266002 93.582702636718764 92.63776016235353 5.5000000000000009 80.119758605957045 42.93394851684571 1.0000000180025095e-35 58.885448455810554 0.75000000000000011 41.799478530883796 92.390407562255874 62.534915924072273 35.14332580566407 31.755368232727054 5.5000000000000009 43.204938888549812 91.331184387207045 4.5000000000000009 40.077220916748054 42.672246932983406 6.5000000000000009 35.959983825683601 76.253131866455092 4.5000000000000009 36.07402420043946 10.500000000000002 8.5000000000000018 61.633426666259773 97.446762084960952 47.925275802612312 27.636927604675297 1.0000000180025095e-35 34.158597946166999 26.111660003662113 5.5000000000000009 31.851119995117191 90.815368652343764 6.5000000000000009 0.53236505389213573 0.75000000000000011 1.0000000180025095e-35 42.93394851684571 1.0000000180025095e-35 2.5000000000000004 0.77246060967445385 60.390020370483406 1.0000000180025095e-35 0.32776281237602239 16.500000000000004 99.532711029052749 0.78296345472335827 0.50810652971267711 20.761494636535648 1.0000000180025095e-35 47.080135345458991 1.0000000180025095e-35 0.37027212977409368
decision_type=2 2 2 2 2 2 2 2 2 2 2 2 2 2 2 2 2 2 2 2 2 2 2 2 2 2 2 2 2 2 2 2 2 2 2 2 2 2 2 2 2 2 2 2 2 2 2 2 2 2 2 2 2 2 2 2 2 2 2 2 2 2
left_child=1 4 6 13 12 10 9 22 48 16 -4 20 -1 34 18 17 23 -16 29 41 -5 25 52 -2 38 58 -22 -11 -29 -13 31 42 56 44 -3 -36 -37 -26 -15 -18 -41 50 -10 -25 -21 -20 -39 -38 -8 -30 -7 -46 -6 -32 -33 -56 -27 -40 -12 -60 -14 -62
right_child=2 3 5 11 7 19 8 -9 30 27 21 14 60 24 15 -17 39 -19 45 33 26 -23 -24 43 37 32 -28 28 49 -31 53 54 -34 -35 35 36 47 46 57 40 -42 -43 -44 -45 51 -47 -48 -49 -50 -51 -52 -53 -54 -55 55 -57 -58 -59 59 -61 61 -63
leaf_value=-0.063550486481779647 0.023375208511669739 -0.082000171519665876 0.070611341103060166 -0.070640896776059489 0.053036875028786373 0.033024882862188812 0.076567475859863066 0.057702421124709365 -0.015700115100347242 0.045297124841472192 0.035270964561872058 -0.011413917955457568 -0.084558879107594645 0.040170320335396088 0.0658914284688948 0.061013343975170227 0.012166308686054977 -0.011499046523405679 -0.02643426039997375 0.047934101666660761 0.044999479582806194 0.078722101910266573 -0.0097757701341329301 -0.062287214679618702 0.1136746291429992 -0.05430958617241953 -0.037560231085420573 0.032744431702086949 -0.034301255048059351 0.094166712648024412 0.047748167969212885 0.074013133458799341 -0.062623252501546475 0.080726533361976549 0.27730861474079033 -0.074189939888591669 0.0073041796505739724 0.019665448108228952 0.21846829561363137 0.072737221307049862 -0.024294277462021976 0.082483845283242679 0.040507299081610174 -0.023188778950634894 -0.16995622504195779 -0.075801974774288378 -0.051527045497787805 -0.058143364116724182 0.054301865767825211 0.020654895261163812 0.075782826377364845 0.069270697479019636 0.014465618018435359 -0.017331362859217124 -0.036773520089441569 -0.12222248922880778 0.017726501083170487 -0.064968536376226529 0.065904798459272815 -0.027107683321970066 -0.021983690044144352 0.024482112092260873
leaf_weight=707.07726375386119 52.464753396809101 15315.471415225416 335.00031032785773 233.11361692100763 82.225379966199398 60.411022555083036 611.52915515378118 903.87555922940373 58.89477502182126 424.32160171866417 151.67002685368061 50.073856648057699 23.107246443629265 14.10531587153673 53.719316188246012 122.43653055280447 383.81100437790155 316.80113443732262 136.49041147530079 335.10999571159482 31.876701150089502 39.355490822345018 410.52160092815757 193.92344518005848 9.5653181970119459 25.857901196926832 241.26116949319839 398.80268445611 119.7229514978826 23.428073167800903 177.60998621955514 6.9539654925465575 70.865263719111681 1194.3075724057853 1.9667542129755009 540.57218492776155 46.080185238271952 44.636453218758106 1.2656431421637524 16.536882195621729 239.77859834581614 8086.844935040921 173.11354634910822 155.97152813524008 1.8909523598849762 84.077412128448486 45.225076958537102 61.26419535279274 357.34228558465838 52.894098557531834 3676.4669410996139 2255.637123670429 540.04639125242829 29.094400934875011 92.946388825774193 20.891185559332371 83.943009912967682 229.07751314714551 28.971868686378002 86.287824604660273 576.1760525405407 53.581127863377333
leaf_count=14931 532 446269 6947 4834 411 873 14951 16515 518 5066 1560 366 345 188 397 1716 2996 2009 1143 8257 305 521 2359 3507 59 209 2552 5672 899 162 1533 55 496 32914 38 14026 752 368 11 125 1466 232006 1551 1153 43 896 399 1130 6444 472 100071 59837 4413 241 666 139 809 4335 197 795 5254 296
internal_value=-7.3876e-05 -0.0639292 0.0666547 -0.0760196 0.000628525 0.0756644 0.0251437 0.0311441 0.0489637 0.0072822 0.0332364 -0.0193883 -0.0428281 -0.0805103 -0.00124476 0.0149445 -0.0138344 -0.000278712 -0.0283832 0.0778984 -0.0475944 0.00752413 0.00790082 -0.0359613 -0.0418899 0.00126395 -0.0279251 0.0293902 0.017578 0.022239 0.0153839 0.0017887 -0.0241004 0.070876 -0.0813422 -0.0658351 -0.0668767 -0.0036729 -0.0574342 7.36764e-05 -0.018034 0.0801475 0.0262392 -0.0448584 0.0663384 -0.0452526 -0.016164 -0.0300484 0.0683554 -0.0174613 0.0750916 0.0690703 0.0195623 0.038588 -0.0451741 -0.0524549 0.000762143 -0.0634112 0.0184313 -0.00372791 -0.020385 -0.0180303
internal_weight=40898.3 20899.1 19999.2 17602.5 3296.61 16432.6 3566.6 1936.67 1528.38 2038.23 821.952 1293.28 1359.94 16309.2 787.027 492.957 1042.49 370.52 294.07 15610.7 506.251 486.951 1032.79 402.36 343.875 447.596 273.138 995.741 571.42 73.5019 559.504 352.8 180.666 3786.95 15965.4 649.883 647.917 99.4268 244.448 640.126 256.315 11823.7 232.008 349.895 2592.64 220.568 89.8615 107.344 968.871 172.617 3736.88 2257.53 622.272 206.704 120.792 113.838 109.801 230.343 266.93 115.26 652.864 629.757
internal_count=1020000 526479 493521 481955 44524 445535 47986 23698 26098 21888 11534 14380 20826 467575 6689 4122 9779 2406 2567 434001 7691 4587 7183 5192 5360 4066 2857 12109 7043 528 4703 2929 1514 101051 462215 15946 15908 826 4534 4587 1591 332950 2069 4660 68137 2039 767 1882 21395 1371 100944 59880 4824 1774 860 805 1018 4346 2552 992 5895 5550
is_linear=0
shrinkage=0.08


Tree=34
num_leaves=63
num_cat=0
split_feature=5 4 9 6 2 1 2 9 5 9 2 5 4 6 6 5 8 2 6 1 6 2 4 5 2 2 9 4 2 4 5 5 4 5 6 2 1 2 4 2 4 1 4 1 4 2 4 8 4 2 4 7 8 4 5 5 2 1 9 2 4 1
split_gain=24708.8 2218.19 1296.12 880.914 602.776 234.325 218.789 181.28 114.951 104.501 92.8592 89.6149 82.1334 79.9316 55.0581 53.1504 51.9248 45.247 39.2097 39.0152 32.8131 29.7528 28.9157 28.7148 27.8579 27.656 25.6875 25.1805 23.952 23.8229 39.9147 23.3524 22.5744 20.5999 21.6742 20.1905 19.6538 28.7469 19.1473 17.9559 19.1389 18.1757 17.8727 17.5658 17.4491 17.3057 16.8724 22.2834 37.6453 19.1657 16.6061 16.4138 16.0713 15.2086 16.6905 15.2385 15.0397 14.8279 14.5405 14.057 13.8061 13.7741
threshold=60.390020370483406 20.526680946350101 0.53236505389213573 1.0000000180025095e-35 68.208553314208999 92.768566131591811 92.63776016235353 0.68066373467445385 49.358869552612312 0.62180894613266002 45.923791885375984 43.204938888549812 38.361755371093757 1.0000000180025095e-35 0.75000000000000011 86.425956726074233 1.0000000180025095e-35 55.488622665405281 1.0000000180025095e-35 88.784065246582045 1.0000000180025095e-35 95.488464355468764 31.641993522644047 97.898418426513686 93.127067565917983 70.051548004150405 0.4082044661045075 67.704421997070327 28.743545532226566 28.992753982543949 37.850957870483406 36.07402420043946 60.650449752807624 97.446762084960952 0.75000000000000011 85.215545654296889 88.273490905761733 93.957649230957045 38.901458740234382 73.746868133544936 48.42927551269532 72.255687713623061 57.508169174194343 81.517440795898452 50.118482589721687 20.761494636535648 33.701759338378913 1.0000000180025095e-35 48.842567443847663 85.215545654296889 9.600614547729494 1.0000000180025095e-35 1.0000000180025095e-35 68.585231781005874 85.786437988281264 78.886161804199233 90.815368652343764 88.784065246582045 0.72316691279411327 93.957649230957045 67.704421997070327 81.517440795898452
decision_type=2 2 2 2 2 2 2 2 2 2 2 2 2 2 2 2 2 2 2 2 2 2 2 2 2 2 2 2 2 2 2 2 2 2 2 2 2 2 2 2 2 2 2 2 2 2 2 2 2 2 2 2 2 2 2 2 2 2 2 2 2 2
left_child=1 4 8 5 17 15 20 11 14 10 -5 18 -13 -10 57 21 24 -1 -4 33 -6 36 31 25 42 -17 50 44 -15 30 35 -20 39 34 -11 -16 46 -38 -30 40 41 -18 -14 -8 -12 -31 -2 49 -49 60 -22 -36 -24 55 -55 -50 -46 -3 -9 -51 -48 -23
right_child=3 2 7 9 6 -7 43 58 13 19 27 12 16 28 29 23 32 -19 22 -21 26 61 52 -25 -26 -27 -28 -29 38 45 -32 -33 -34 -35 51 -37 37 -39 -40 -41 -42 -43 -44 -45 56 -47 47 48 53 59 -52 -53 -54 54 -56 -57 -58 -59 -60 -61 -62 -63
leaf_value=-0.065022337495254739 -0.053352156706283412 -0.081586436686096525 -0.069409005406118982 0.073101982665730397 -0.085670565217345146 0.075161466802814755 0.038125495442085267 0.035814207320362737 -0.064890324257625989 0.058688961484322011 0.021345206575865104 0.043569295167160071 -0.015135565457041398 0.088653450221374344 -0.022738833532942596 0.055562040601260264 -0.0037710067777430851 -0.031378003758907397 -0.013535816425972416 0.08208646216730589 -0.0076293031096613699 0.044784834255041511 -0.022667822251000995 0.075216487818348179 0.039936517406186804 0.0218652125310126 0.030555481491594989 0.050914044606564374 0.049339721766486364 0.12544213313378452 0.32032303800269674 0.082330971175167744 0.046169224938298656 0.080720548377317111 -0.068006009685239177 0.30053028466120635 0.055582722828015678 -0.31022360794324433 -0.023997993456260379 -0.056774271263264078 -0.051873560975707333 0.14742714472317042 0.038561217497097865 0.063195135784394341 -0.033849352326195924 -0.056724149357015446 0.0080425364092997532 0.038025234799998892 -0.050578848109815167 -0.026388362947771166 0.012725928936403418 0.073348643863518179 -0.065323619696865759 0.0014739658808290471 -0.13422498573049624 0.017200520540017247 0.077713004300407798 0.032573568007471812 0.075381777819710269 0.068422911814928683 0.038231919576965666 0.013552938127603029
leaf_weight=562.85837006941438 38.687259532511234 14378.798498477787 218.85665958374739 307.63975843414664 25.63553311675787 582.05259684100747 253.30735781788826 107.21800450235605 513.76797096058726 759.23990602791309 89.83104458078742 196.63002775982022 267.99399529397488 15.861807651817797 26.585868861526258 189.67723929509521 73.915277969092131 468.98849986866117 47.92581307888031 6600.9932556599379 635.42974829673767 166.32527520507574 151.32790381088853 88.818254109472036 107.80558077245951 874.83578554168344 221.0288335904479 68.722815398126841 26.505821131169796 3.3802951723337165 2.595028541982173 24.613920845091343 20.027987081557512 1992.8950115405023 5.2629293948411933 1.2968268692493428 55.986495975404978 1.4095078110694874 162.26690735295415 199.25422431901097 65.137371338903904 5.4645510986447325 46.563801441341639 608.75079102441669 106.36003869771957 264.15473641827703 263.89583994448185 71.392116494476795 156.00898703187704 106.30676167085767 430.1388499327004 4975.911525785923 90.238601189106703 119.54636418074369 6.0967461802065364 24.572518963366747 8.3400811888277513 7.2853508666157714 133.38923128694296 11.04827470704913 153.24852418899536 197.91400254890323
leaf_count=12960 235 452016 4834 7109 324 15728 2978 1765 12347 20306 718 1548 2030 132 451 2498 476 5966 343 206144 3532 1444 1194 1629 849 10769 2784 1219 225 21 18 144 140 59319 118 10 835 22 1786 1865 514 53 341 13544 860 4685 1752 478 1168 879 2462 144269 987 1099 74 215 128 80 3308 149 1524 2600
internal_value=-7.78675e-05 -0.0604574 -0.0718702 0.0681476 0.000622783 0.0294013 0.0245188 -0.00675881 -0.0792949 0.076221 0.0429569 -0.0169988 -0.00267414 -0.0480492 -0.0808236 0.0188561 -0.0142403 -0.0497305 -0.0434136 0.077569 0.00395011 0.0082177 -0.025301 0.0315156 0.00484108 0.0278694 0.00573581 0.00901847 -0.0057668 -0.0467882 0.0202263 0.0189934 -0.0363933 0.0737129 0.0712801 -0.00770356 0.00113779 0.0465994 -0.0137006 -0.0412033 -0.0197348 0.00663756 -0.00718686 0.0558287 -0.00505851 -0.0544225 -0.00160654 0.000588247 -0.0142884 0.0110984 0.000587508 0.0731993 -0.0386021 -0.0264846 -0.00511073 -0.0413558 -0.0257374 -0.0815286 0.0577499 -0.0174624 0.0191334 0.0278146
internal_weight=38388 20365 17158.9 18023 3206.14 3107.82 2174.29 1756.36 15402.5 14915.2 580.894 1515.76 982.793 718.403 14684.1 2525.77 786.163 1031.85 532.963 14334.3 1312.23 1372.44 314.106 1153.33 422.363 1064.51 1286.6 273.254 204.635 298.013 30.4777 72.5397 363.799 7733.31 5740.41 27.8827 1008.2 57.396 188.773 343.771 144.517 79.3798 314.558 862.058 204.531 267.535 950.803 912.116 377.617 534.499 1065.57 4981.17 241.567 306.225 125.643 180.582 114.7 14386.1 240.607 117.355 417.144 364.239
internal_count=1020000 536712 492162 483288 44550 43098 25624 20391 471771 440190 10034 15318 7816 14490 457281 27370 6268 18926 7502 430156 9102 12474 2668 14896 3220 13267 8778 2925 2143 5185 479 487 3048 224012 164693 461 8430 857 2011 2908 1043 529 2371 16522 1706 4706 7573 7338 3034 4304 5994 144387 2181 2556 1173 1383 988 452096 5073 1028 3276 4044
is_linear=0
shrinkage=0.08


Tree=35
num_leaves=63
num_cat=0
split_feature=9 4 9 6 0 1 9 1 9 4 1 0 0 0 1 6 0 1 9 3 1 4 0 1 0 0 0 6 4 0 4 0 9 9 1 0 0 1 4 1 1 9 9 0 0 0 7 1 0 6 3 0 0 9 0 3 1 8 4 4 0 3
split_gain=22333.2 2098.67 1006.43 777.591 436.26 227.792 225.731 168.693 161.708 136.332 117.91 74.8254 80.0464 55.3834 51.7197 47.8145 46.911 44.3966 40.0439 61.9292 39.182 37.2962 31.3271 32.7906 28.9429 27.5116 27.2314 26.7921 26.4848 25.4769 24.6012 24.4227 24.2633 23.474 46.0912 27.6947 23.3558 22.8708 22.3845 21.8165 21.6094 21.0455 20.7697 20.5104 17.9405 17.0609 16.9138 15.8503 18.5504 15.4548 15.183 25.2034 15.1213 21.7298 15.08 14.9368 14.9185 14.4735 14.4731 14.3185 14.3126 14.1238
threshold=0.5935734510421754 20.526680946350101 0.50239983201026928 1.0000000180025095e-35 83.250827789306655 57.275131225585945 0.6702905297279359 61.257406234741218 0.82080432772636425 59.032005310058601 50.252525329589851 35.043859481811531 69.268848419189467 53.144779205322273 74.322341918945327 0.75000000000000011 86.295150756835952 28.743545532226566 0.6702905297279359 4.5000000000000009 88.784065246582045 60.650449752807624 71.35785293579103 59.59492492675782 22.903981208801273 90.353595733642592 72.646820068359389 1.0000000180025095e-35 33.25859451293946 94.360820770263686 23.14919471740723 85.58441543579103 0.53236505389213573 0.46197053790092474 55.898166656494148 66.323020935058608 54.261501312255866 46.894290924072273 60.650449752807624 39.077413558959968 41.897974014282234 0.57548686861991893 0.37027212977409368 99.593494415283217 74.322341918945327 56.73658752441407 1.0000000180025095e-35 88.273490905761733 68.783603668212905 1.0000000180025095e-35 10.500000000000002 55.625879287719734 18.350168228149418 0.27304640412330633 52.689416885375984 3.5000000000000004 62.575302124023445 1.0000000180025095e-35 73.708465576171889 31.641993522644047 30.860805511474613 1.5000000000000002
decision_type=2 2 2 2 2 2 2 2 2 2 2 2 2 2 2 2 2 2 2 2 2 2 2 2 2 2 2 2 2 2 2 2 2 2 2 2 2 2 2 2 2 2 2 2 2 2 2 2 2 2 2 2 2 2 2 2 2 2 2 2 2 2
left_child=1 4 9 8 7 11 10 13 18 15 -5 -4 36 37 16 33 28 -11 21 29 46 43 39 -24 -17 55 58 -9 -7 47 -16 -23 49 52 35 60 -13 -1 59 50 -38 -32 44 -2 54 -26 -8 48 -20 -30 -15 -52 53 -3 -29 -6 -46 -43 -19 -12 -35 -50
right_child=3 2 5 6 25 14 20 27 -10 17 38 12 -14 22 30 24 -18 26 19 -21 -22 31 23 -25 45 -27 -28 42 32 -31 41 -33 -34 34 -36 -37 40 -39 -40 -41 -42 57 -44 -45 56 -47 -48 -49 61 -51 51 -53 -54 -55 -56 -57 -58 -59 -60 -61 -62 -63
leaf_value=-0.066916174123724234 -0.0047081858273628329 -0.071626846620781282 0.078126394633720675 0.07423537489354462 0.010883402458468354 0.017274172043088679 -0.060589517866881035 -0.085580642122495401 0.072007000773200533 0.068733034798771894 0.049248501166336348 -0.024079277890903639 0.073314884617420528 0.014504160505580408 0.070804661110929076 0.084127132428647902 0.084857644534339749 -0.053120650579489635 0.061838267078646904 0.010216018529882909 0.081561027150725759 0.01720995963902584 0.050553688074646053 -0.08703232627123135 -0.060289114530188898 0.06433017351434063 0.12231710016926027 0.084080114554725291 -0.069532262625681768 0.067239578436055242 -0.068167533133168132 0.084277966938222343 -0.022416010728917378 0.087590412259077266 -0.076604431399946923 0.04261771239554818 0.064005273609081884 -0.032273490026156149 0.045623503342569031 -0.031702149392653818 0.00081478934104719527 -0.0041927451419644674 0.017776782188924749 -0.062558284650423207 0.068441875719791961 -0.0027481902924110274 0.072942950836464279 0.051432764792499142 1.0274936696567792e-05 -0.021036417974828876 -0.04530262169292773 0.32668931487710373 -0.081306224894148474 0.09621728120344987 0.00066906279801745203 0.048752476815440218 -0.03897814718226783 -0.063140960577053193 0.11951861993584718 0.0036018685753527063 -0.049590512261651648 0.030632537358515188
leaf_weight=390.08510243520141 384.0523130632937 14.649252897128465 112.48805327340961 346.78200230374932 116.04245205968618 73.157407011836767 6.0761509388685218 20.676600307226181 459.71964041516185 44.41279312223196 48.853462155908346 236.46707155555487 97.860099468380213 17.811752144247297 9.401237113401292 10.773950256407259 24.283222433179617 69.503739170730114 78.275344803929329 765.45466201752424 6249.5805426649749 257.54601861536503 63.374899636954069 13.43661420419812 185.92757065966725 490.80847764387727 6.7724050469696513 14.278675377368925 149.59231748059392 188.74474823102355 406.79525953903794 40.168730523437262 414.27997663244605 5.0244254656136027 846.17262998409569 26.735630568116903 40.780205704271793 177.44783399254084 128.90329812839627 500.40331548452377 229.85563556477427 64.139713700860739 539.91673669591546 43.685125887393951 8.9260981082916242 40.088984444737434 6925.4413019884378 233.19466036185622 152.4268094971776 58.504663493484259 1.9725402109324921 2.8496396653354168 12550.42699701339 7.445606365799903 486.88041384518147 156.64442538842559 113.32592453807592 45.615030381828547 3.2533445395529261 440.91875207051635 155.91661366075277 262.23378241434693
leaf_count=9348 2560 490 2932 9955 1634 795 130 287 12575 794 393 2161 1191 291 74 130 189 841 1081 7175 209584 2419 314 71 3665 11393 50 83 4271 4617 9841 558 3545 78 27366 275 541 3332 3027 6300 1853 634 4782 638 39 545 214868 4751 1875 996 36 30 424479 105 3096 2931 537 630 34 4100 3062 3623
internal_value=-8.19283e-05 -0.0595871 -0.0713301 0.0665348 0.000469556 -0.0176963 0.0742325 -0.0165906 0.0285323 -0.0788688 0.036893 0.0182122 0.00707164 -0.0381704 -0.0383763 -0.0796167 -0.0244428 0.00466151 0.0202248 0.0270064 0.0769675 0.00451669 -0.0212212 0.0264858 -0.0439764 0.0530108 -0.0311189 0.00468618 -0.0282588 0.0410546 -0.0574458 0.026259 -0.033611 -0.080237 -0.0686493 -0.0327823 -0.00571191 -0.0560846 0.0159617 -0.0282273 0.0103365 -0.0597799 0.00629055 -0.0106165 -0.00365731 -0.050083 0.0728259 0.0342483 0.0261187 -0.0558981 0.0485965 0.174524 -0.0811898 -0.0150661 0.00304555 0.0326372 -0.031135 -0.0286921 -0.0454011 0.008155 -0.0453079 0.019376
internal_weight=36057.3 19045.2 15930.3 17012.1 3114.88 1963.22 14146.6 2351.39 2865.5 13967.1 965.458 717.451 604.963 1167.38 1245.77 13843.2 719.818 123.942 2405.78 1680.33 13181.1 725.452 599.849 76.8115 236.791 763.495 79.5295 1184 695.534 914.875 525.951 297.715 622.377 13606.4 1033.85 187.677 507.103 567.533 618.676 523.037 270.636 516.55 1163.33 427.737 623.411 226.017 6931.52 726.131 492.936 208.097 22.6339 4.82218 12572.5 22.0949 501.159 272.687 122.252 109.755 72.7571 489.772 160.941 414.661
internal_count=1020000 536071 491567 483929 44504 29653 442057 28546 41872 461914 17475 8678 5746 19722 20975 460195 9796 1719 29297 23122 424582 6175 7042 385 4340 15958 925 8824 9607 15947 11179 2977 8812 455855 30781 3415 4555 12680 7520 6657 2394 11105 8537 3198 3755 4210 214998 11330 6579 5267 357 66 425074 595 3179 4565 576 1264 875 4493 3140 5498
is_linear=0
shrinkage=0.08


Tree=36
num_leaves=63
num_cat=0
split_feature=5 5 9 9 2 9 5 2 2 8 4 5 3 0 4 4 4 5 2 8 4 5 0 3 2 0 2 2 3 0 7 2 0 0 2 2 0 3 8 2 2 4 9 2 9 3 2 3 3 0 2 2 2 2 0 2 0 0 0 0 0 5
split_gain=20360.7 2173.76 874.077 681.325 473.076 245.972 214.717 186.893 99.4986 79.7807 84.1243 75.6073 73.154 72.2983 62.1928 48.7196 47.2277 46.4419 46.3081 45.5022 43.4552 42.838 58.4644 39.3064 37.0013 36.5723 34.8021 32.082 31.843 30.8167 30.708 30.3212 30.3824 34.3773 76.7952 30.1121 28.8644 28.3268 25.8462 24.0907 22.7117 22.2346 21.3064 21.3024 21.2046 21.1022 26.7803 20.6948 42.1779 28.5568 44.3376 39.5964 26.6399 19.8676 19.7281 23.7993 30.4124 18.6813 18.1386 22.5144 17.9763 17.8534
threshold=54.250427246093757 20.084033966064457 0.6702905297279359 0.52298191189765941 68.208553314208999 0.81570467352867138 82.78556060791017 92.390407562255874 70.659969329833999 1.0000000180025095e-35 47.506906509399421 41.799478530883796 4.5000000000000009 60.736890792846687 35.959983825683601 67.704421997070327 68.585231781005874 98.122024536132827 48.050632476806648 1.0000000180025095e-35 26.709129333496097 47.925275802612312 75.893997192382827 11.500000000000002 93.127067565917983 74.601570129394545 93.957649230957045 94.360820770263686 2.5000000000000004 86.70682525634767 1.0000000180025095e-35 92.907444000244155 28.778468132019047 53.907203674316413 53.907203674316413 52.47950744628907 77.015758514404311 5.5000000000000009 1.0000000180025095e-35 73.746868133544936 68.208553314208999 27.636927604675297 0.57548686861991893 51.89995193481446 0.48769050836563116 6.5000000000000009 61.633426666259773 11.500000000000002 8.5000000000000018 79.095325469970717 99.532711029052749 87.007671356201186 95.69842910766603 25.15822792053223 65.692962646484389 80.901721954345717 77.291824340820327 39.415279388427741 69.268848419189467 87.570224761962905 88.273490905761733 98.720676422119155
decision_type=2 2 2 2 2 2 2 2 2 2 2 2 2 2 2 2 2 2 2 2 2 2 2 2 2 2 2 2 2 2 2 2 2 2 2 2 2 2 2 2 2 2 2 2 2 2 2 2 2 2 2 2 2 2 2 2 2 2 2 2 2 2
left_child=1 4 6 21 13 8 9 28 -4 15 44 20 27 35 -13 31 26 30 -8 24 -5 29 41 25 60 -15 53 58 54 -3 -14 32 -2 -34 -35 -1 -20 -7 42 -21 -24 -23 -22 -25 -11 -36 -47 48 -32 -50 51 -51 -49 -12 -6 -56 -57 -33 -10 -60 -16 -39
right_child=2 3 5 11 7 37 18 -9 12 10 16 14 17 23 19 -17 -18 -19 36 39 38 22 40 43 -26 -27 -28 -29 -30 -31 47 57 33 34 45 -37 -38 61 -40 -41 -42 -43 -44 -45 -46 46 -48 52 49 50 -52 -53 -54 -55 55 56 -58 -59 59 -61 -62 -63
leaf_value=-0.074253705960863586 0.090690707001404414 -0.080698938249821439 0.075062440154851223 0.043777652489082781 0.056274689847822856 0.080110749862569011 0.077924249372178803 0.05252521634872119 0.070625214391455624 -0.029875445311251969 0.075306971194788963 0.045763599065286792 -0.051065041728910333 -0.035201598950935803 -0.019183191406321274 0.054425469310738619 0.017099273489370504 0.07806274559354702 0.01890140935854422 -0.0089839666251062683 -0.056114367657242488 0.15950021006676265 0.19785876520996201 0.30626766732632649 0.039661391750960825 0.042467811491952112 0.043073070741676746 0.072315787138437893 -0.0067257130598498719 0.0014760623695995452 0.03761006050039982 -0.13407256091919417 -0.029995275783956412 0.080264363651576645 0.010256220278553486 -0.040397988700531004 0.083822803038242938 0.063015023858838476 -0.072628685995548434 -0.05681137363847473 -0.001963767923973615 -0.063237436362788266 -0.012810708816669521 0.065219406144295528 0.044169243005657235 0.033200050418591906 -0.047712922223397784 0.0034792898384464334 0.020888407939517007 -0.13995824930052359 -0.070601336133696138 0.070359562972369519 0.060185809475291736 -0.048177008707158228 -0.0099057487790411864 0.068379856588193788 0.0079953195588932727 0.06068249057825028 0.036793304777923003 0.062560091814690813 0.056674591952706514 0.081056127850289955
leaf_weight=393.12028092890978 25.451685968786478 12354.319481387734 1260.0422237012535 34.21591929718852 77.397301975637674 7831.9966918509454 356.91205084137619 796.00180702283978 242.09694427810609 29.444326344877481 8.4984329249709827 133.72158120945096 28.291133809834719 186.1416982114315 246.94332375563681 202.05315047688782 113.16718299686909 151.43779887445271 198.19519839808345 109.87251464091241 146.30633814260364 2.8836730755865565 7.4601716194301826 2.7193568646907833 124.88052289374173 49.017481558024883 30.032248396426439 741.49428194388747 793.05516888946295 29.276199769228697 734.55944741144776 3.268633857369422 166.09639529138803 87.263474684208632 290.42496164515615 293.78319502435625 56.274229776114225 1140.1802172157913 188.3643654435873 174.37423303350806 7.1096044536679983 537.48423725925386 144.57581458613276 17.108142748475075 155.34461979940534 34.863484479486942 105.1004505250603 64.909096578136086 183.9858557395637 6.8901574071496716 67.655042123049498 33.997234907001257 289.49156918749213 443.99617088958621 177.04348049685359 81.654608428478241 154.15776169300079 88.471482230350375 602.5693871229887 339.20246040821075 21.75444008409977 507.22605672106147
leaf_count=10679 385 449124 39687 343 379 277835 10223 16597 6736 480 147 1445 262 1935 2304 3385 1551 4869 3472 907 3020 45 62 23 1520 343 287 22092 5149 524 15072 27 1999 1158 2487 5384 1175 37428 3685 2199 104 15559 1431 149 1383 346 790 1480 3712 112 743 522 7105 4976 1009 494 1851 983 13944 9209 215 17459
internal_value=-8.60468e-05 -0.060878 0.0631341 -0.073935 0.000765611 0.0706613 0.0184205 0.0220718 0.0557955 0.00439538 -0.0147857 -0.019298 0.0488324 -0.0462698 -0.00409743 0.0193212 -0.029414 0.0359638 0.0593334 -0.013934 -0.0433231 -0.0795302 -0.057785 -0.00989144 0.00368084 -0.0190119 -0.0403228 0.0592672 0.00318238 -0.0805047 0.0314415 0.0104654 0.00486711 0.00167243 0.0118335 -0.0597739 0.0332583 0.0781051 -0.0495416 -0.0383242 0.100351 -0.0620488 -0.0345913 0.0982794 0.0323709 -0.00204122 -0.0275584 0.0331311 0.0273795 0.00168986 -0.0308528 0.0349178 0.0497999 -0.0458578 0.0192101 0.0122617 0.0289046 0.0537435 0.0510945 0.0460739 -0.0130416 0.0685698
internal_weight=33905.6 17284.7 16620.9 14263.5 3021.2 14226 2394.86 2079.31 4746.62 1783.48 780.483 1325.01 3486.58 941.89 811.547 1002.99 595.694 1561.22 611.381 677.825 513.462 12938.5 554.938 254.987 393.578 235.159 482.527 1925.36 1283.31 12383.6 1409.78 800.941 709.2 683.749 517.652 686.903 254.469 9479.4 479.247 284.247 14.5698 540.368 290.882 19.8275 184.789 430.389 139.964 1381.49 1027.09 292.528 108.542 40.8874 354.401 452.495 490.253 412.856 235.812 91.7401 1183.87 941.772 268.698 1647.41
internal_count=1020000 526479 493521 482487 43992 458267 35254 25479 125545 20384 8824 17069 85858 18513 8590 11560 6961 33877 14870 7145 8479 465418 15770 2450 4039 2278 5410 51981 8882 449648 29008 8175 7165 6780 4781 16063 4647 332722 8136 3106 166 15604 4451 172 1863 3623 1136 28746 20161 5089 1377 634 8585 5123 3733 3354 2345 1010 29889 23153 2519 54887
is_linear=0
shrinkage=0.08


Tree=37
num_leaves=63
num_cat=0
split_feature=9 4 9 6 2 2 9 2 9 4 1 6 0 1 9 1 0 0 2 0 9 2 3 9 4 2 2 2 2 4 0 2 2 2 0 9 2 0 1 6 3 2 1 0 0 2 0 0 0 2 1 2 1 0 3 2 2 3 1 3 0 1
split_gain=18328.8 1874.59 970.437 796.85 427.303 264.129 226.974 171.3 149.991 108.456 106.786 68.3436 67.4491 45.8897 44.4657 44.2742 43.8893 43.8395 90.6985 42.2462 46.6402 36.0897 33.2641 49.8733 41.1676 35.9991 32.7231 31.2285 30.2803 25.2722 25.2391 24.8415 25.0388 28.9959 48.1785 24.7804 65.0189 92.0491 23.7881 23.7633 23.0778 22.955 29.6553 26.4565 22.4541 21.967 21.2772 21.214 20.1573 19.1036 22.6394 30.8515 79.5656 85.317 20.834 18.9871 25.2954 24.0111 18.6168 18.5874 18.4486 18.1304
threshold=0.5935734510421754 20.526680946350101 0.49213162064552313 1.0000000180025095e-35 68.208553314208999 51.649148941040046 0.6702905297279359 94.360820770263686 0.82080432772636425 59.032005310058601 50.252525329589851 1.0000000180025095e-35 60.736890792846687 72.255687713623061 0.53236505389213573 88.784065246582045 88.273490905761733 55.625879287719734 35.368577957153327 22.903981208801273 0.31614948809146887 30.848532676696781 4.5000000000000009 0.68066373467445385 66.819572448730483 95.293468475341811 50.252525329589851 94.360820770263686 52.47950744628907 39.77586746215821 80.810150146484389 61.257406234741218 93.788581848144545 77.849929809570327 70.396453857421889 0.4410721510648728 47.413022994995124 56.73658752441407 78.210895538330092 1.0000000180025095e-35 10.500000000000002 70.659969329833999 57.712133407592781 59.885057449340827 65.692962646484389 32.305501937866218 85.58441543579103 99.593494415283217 49.25306701660157 80.229885101318374 90.501251220703139 90.521114349365249 81.28433990478517 85.847797393798842 1.0000000180025095e-35 61.633426666259773 92.031745910644545 9.5000000000000018 81.517440795898452 1.0000000180025095e-35 62.563131332397468 73.20508193969728
decision_type=2 2 2 2 2 2 2 2 2 2 2 2 2 2 2 2 2 2 2 2 2 2 2 2 2 2 2 2 2 2 2 2 2 2 2 2 2 2 2 2 2 2 2 2 2 2 2 2 2 2 2 2 2 2 2 2 2 2 2 2 2 2
left_child=1 4 9 8 12 17 10 16 22 19 -5 13 28 14 -7 -8 39 18 -4 20 -3 -11 23 24 47 49 -14 -13 -1 -29 40 -24 33 34 41 61 37 45 46 -6 -28 42 -33 -43 -23 -37 60 -2 -20 -25 51 -51 -53 -54 -55 -12 57 -57 -9 -41 -35 -21
right_child=3 2 5 6 7 11 15 58 -10 21 55 27 26 -15 -16 -17 -18 -19 48 35 -22 44 31 25 -26 -27 30 29 -30 -31 -32 32 -34 38 -36 36 -38 -39 -40 59 -42 43 -44 -45 -46 -47 -48 -49 -50 50 -52 52 53 54 -56 56 -58 -59 -60 -61 -62 -63
leaf_value=-0.07332894617588194 -0.0023563760744529957 -0.06588319213843509 0.074204924080608581 0.072707766937439383 -0.082990535578092106 -0.054943479417758088 0.071057074970866024 0.033644889203244918 0.0698082257134017 0.070571700781616786 0.04467543883009787 -0.019551096620561641 0.088990074640403954 -0.06589627784129902 -0.0091846169032258982 0.081025899296943538 0.047409715351944319 0.08240441961169219 -0.044241737412307955 -0.081124312615566935 0.082382592661776485 -0.049007916914822362 0.050843367407947593 0.049241838649350188 0.043775185822945234 0.059193014639122125 -0.036465065387462928 -0.0026963396355732749 -0.038813574338378974 0.095054467535616957 0.060233013000616849 -0.19258239076102387 0.013535112128527566 0.018361723880520764 0.05967705548195916 0.047799886715195687 -0.074873390335639084 0.15836121874059267 -0.0041009394655814194 0.034298019703241041 0.047231542511560434 0.0064957032070486346 0.018526388973423135 -0.1621747534651331 0.10419157980629479 -0.057774186621793379 0.074389314745920213 -0.061350738819012159 0.017858798171698102 0.015226320068057827 0.054129117037383656 0.041236060734194481 -0.0044638503122362274 -0.56354213442233014 -0.28003111532438957 0.0039048814813945915 0.036985632900319837 -0.06352072873023229 0.061595170253206981 -0.0023003475497831317 -0.074639962383165795 0.060046560658634389
leaf_weight=375.34515443071723 283.7078458070755 36.939111594110727 120.37571182660758 306.74767855368555 22.121334375813603 260.14795076288283 6073.2798295728862 223.22520806267858 399.735485361889 35.329705039039254 110.88985372520983 655.0858443453908 19.760609101504087 434.45773798972368 284.59297655895352 5374.5539599638432 134.10456281527877 115.2423094548285 86.792635893449187 10085.204792901874 21.471624048426747 53.095358978956938 73.872704774141312 139.0269103012979 123.03918247297406 304.36652386747301 186.68920930102468 42.221236653625965 287.1017817761749 28.254905661568046 23.600774347782135 4.6707943566143504 566.24498934671283 15.742064591497181 76.452786572277546 14.787387561053036 1455.095600374043 17.130484333261847 119.67454517260194 96.739533137530088 23.768634740263224 10.033929560333492 48.259444661438465 14.628404736518858 6.9210920445621005 85.80165820941329 7.7676013782620421 45.229689754545689 54.430969901382923 235.09285351261497 72.130643431097269 23.369111001491547 9.4633102901279944 2.0884319879114619 8.0651149377226812 317.19596913084388 138.91941464692354 37.833816394209862 481.47476924955845 1083.9074564948678 102.76466301828623 5.8256923407316199
leaf_count=10927 2103 1378 3362 9955 323 7105 214998 2788 12575 665 2180 7483 190 12179 2350 209584 2829 1476 781 397556 269 703 847 2099 1766 7833 1903 461 5480 295 212 38 5490 109 633 109 52853 150 884 599 220 71 399 100 50 1745 63 659 511 3182 1657 411 117 30 121 3207 1771 362 12520 6513 685 86
internal_value=-9.08882e-05 -0.0573774 -0.0696842 0.0640959 0.000453522 -0.0193173 0.072678 0.0208239 0.0245978 -0.078556 0.0342594 -0.0327156 -0.0449346 -0.0465038 -0.0310373 0.0757373 0.00399934 0.0412936 0.0231831 -0.0792472 -0.0113811 0.0064219 0.0166911 0.0255102 0.00429815 0.0375909 -0.00986908 -0.0141073 -0.0583701 0.0364934 -0.0182153 0.00612985 0.00271133 -0.0126112 0.0146052 -0.079587 -0.0702469 -0.0130605 -0.0296576 -0.000840769 -0.0270126 -0.0298047 -0.000102767 -0.0935508 -0.031341 -0.042254 -0.0538785 -0.0104682 -0.0203067 0.0241517 0.0141914 0.00383202 -0.0584841 -0.177278 -0.338345 0.0147601 0.00804415 -0.00328034 0.0527415 0.00069844 -0.0622859 -0.0810428
internal_weight=31901.9 16857 13899.2 15044.8 2957.84 2081.6 12359.4 2041.57 2685.43 11817.6 911.587 1704.76 916.266 979.199 544.741 11447.8 1336.87 376.842 261.599 11722.3 58.4107 95.3462 2285.69 1245.58 451.977 793.603 253.819 725.562 662.447 70.4761 234.059 1040.11 966.239 399.994 154.045 11663.8 1572.82 117.72 245.949 1202.77 210.458 77.5926 52.9302 24.6623 60.0165 100.589 126.274 328.938 141.224 489.236 350.209 278.079 42.986 19.6169 10.1535 604.839 493.949 355.03 704.7 1180.65 118.507 10091
internal_count=1020000 536071 491567 483929 44504 36003 442057 25572 41872 455564 17475 29873 18932 21634 9455 424582 10264 6130 4654 454146 1647 1418 29297 19978 4528 15450 2525 8239 16407 756 2335 9319 8472 2982 1241 452499 54857 2004 1741 7435 2123 608 437 171 753 1854 857 2762 1292 7617 5518 3861 679 268 151 7520 5340 3569 15308 7112 794 397642
is_linear=0
shrinkage=0.08


Tree=38
num_leaves=63
num_cat=0
split_feature=5 4 6 6 2 1 5 2 5 0 2 5 5 0 1 1 6 0 2 0 2 3 2 4 4 6 0 2 0 2 5 2 6 4 4 0 2 4 0 0 2 4 0 2 1 1 1 2 0 1 1 0 1 0 3 1 1 2 1 3 2 0
split_gain=16721.5 1952.82 1085.5 491.648 434.263 230.418 200.17 164.63 150.959 130.268 115.233 78.659 73.4425 67.1165 64.2648 54.8769 45.7062 43.8484 43.4052 40.1323 39.0125 37.4067 37.2547 36.2865 36.0597 31.9996 31.8635 31.4717 31.4258 27.8357 26.9981 26.6266 26.0111 25.6953 25.1671 23.2613 22.3165 21.4049 21.1609 21.0033 30.2028 19.3363 19.0054 26.0449 46.9149 102.949 20.6508 20.6238 45.42 68.0155 40.5859 27.0865 27.8936 20.8861 20.4892 18.3554 17.4646 18.3605 25.5825 31.7454 18.8684 27.1835
threshold=54.250427246093757 23.14919471740723 1.0000000180025095e-35 0.75000000000000011 68.208553314208999 92.768566131591811 67.586601257324233 94.360820770263686 46.734052658081062 67.006801605224624 90.366767883300795 40.54998970031739 64.425609588623061 60.736890792846687 88.784065246582045 88.784065246582045 0.75000000000000011 88.998897552490249 59.885057449340827 56.294013977050788 48.749217987060554 5.5000000000000009 95.69842910766603 35.14332580566407 45.910001754760749 1.0000000180025095e-35 87.007671356201186 55.488622665405281 79.795917510986342 50.252525329589851 75.893997192382827 45.748708724975593 1.0000000180025095e-35 29.278497695922855 41.910465240478523 80.810150146484389 77.849929809570327 49.285570144653327 69.614067077636733 61.451047897338874 64.051280975341811 9.600614547729494 87.570224761962905 91.922958374023452 81.517440795898452 91.922958374023452 88.784065246582045 85.053192138671889 79.795917510986342 84.889995574951186 71.010189056396499 83.414241790771499 79.557674407958999 82.167320251464858 1.5000000000000002 37.573530197143562 89.825496673583999 91.922958374023452 78.979854583740249 8.5000000000000018 77.849929809570327 70.396453857421889
decision_type=2 2 2 2 2 2 2 2 2 2 2 2 2 2 2 2 2 2 2 2 2 2 2 2 2 2 2 2 2 2 2 2 2 2 2 2 2 2 2 2 2 2 2 2 2 2 2 2 2 2 2 2 2 2 2 2 2 2 2 2 2 2
left_child=1 4 5 8 13 12 10 17 14 36 24 33 19 27 -3 16 30 25 -11 -2 37 22 42 -13 -4 -6 -25 -1 -26 -15 38 -23 -20 -5 -22 55 -10 -21 -8 -33 -41 -27 47 -44 -45 46 -46 53 -49 50 -50 52 -52 -14 -48 -31 57 60 -59 -60 61 -42
right_child=2 3 6 11 7 -7 15 -9 9 18 -12 23 21 29 -16 -17 -18 -19 32 20 34 31 -24 26 28 41 -28 -29 -30 35 -32 39 -34 -35 -36 -37 -38 -39 -40 40 56 -43 43 44 45 -47 54 48 49 -51 51 -53 -54 -55 -56 -57 -58 58 59 -61 -62 -63
leaf_value=-0.070629820910191918 -0.054921299251712803 -0.080616024311577023 0.039682158215721963 0.01314841429065001 -0.077579714553628373 0.070489499354964305 -0.0084931797531572189 0.051791252243245163 -0.071544934088211984 0.14474702916074297 0.074316639918251728 0.059673353916747905 0.01313372785593867 0.077659835840224553 -0.034395169278802963 0.081087053347433269 0.072674436855630617 0.050038190754539989 -0.025626873140849177 0.36378773360556282 0.036627618559960141 0.048843051740013389 0.053383932468286578 -0.0080021996784343588 -0.016751060715697402 -0.0076749870815424753 0.072231392735702227 -0.034328719485367677 0.048160977555516016 0.13352220422107972 0.059289899395098676 -0.025355619518258647 0.025422197915248527 -0.051613151737330221 -0.019185296167716279 0.057135038427775342 -0.0056873851862718752 0.074400842101042933 0.053716317453889779 0.066521524615150651 -0.031163100837209363 0.012706694545294163 0.057960626169541264 0.077761905283396868 -0.19779418684124739 0.04488840005199185 -0.66619654539105944 0.031757148640808669 0.074438327759087083 0.0059748965070491123 -0.24278581869877908 -0.26023401511461869 -0.046794023954049378 0.056993016200267678 -0.23805479451290773 -0.030259851046088068 -0.085006185125522951 0.033783244421767347 0.019819650108410063 -0.039044212648337691 -0.03240623255479233 0.053423400968072396
leaf_weight=461.24653690308332 141.46706782653928 10396.851597150788 171.75219012796879 45.597043119370937 33.711823100224137 463.67432933859527 72.758942047134042 688.07014585286379 549.43452514708042 12.192433739081023 274.78326723910868 74.760086681693792 455.12016776576638 20.892846293747425 196.15276000089943 4742.6822044253349 5143.1854464579374 119.4989473130554 199.71742133423686 2.62197022140026 64.613334778696299 78.982280042022467 240.84990239702165 365.39014824852347 274.51703415624797 665.75946333259344 34.685364205390215 228.60307749733329 57.779262386262417 4.4721892923116675 859.80261519737542 165.65766159817576 93.920023430138826 279.9276782758534 258.84585677459836 23.391784973442554 35.029683858156204 4.3493323065340519 67.422369055449963 49.475933637470007 46.437168199568987 539.14997209049761 142.50877339765429 23.330402281135321 8.9391990751028079 18.43424978852272 1.3821802735328668 83.43754967674613 5.3007579036056987 57.903895616531372 6.8499047458171871 11.964483592659233 14.453525498509405 82.010223936289549 1.4828301928937433 210.99410250596702 14.506756968796251 208.39706739038229 142.17591962963343 99.791874427348375 144.69189874455333 51.042466886341572
leaf_count=14612 3138 440617 2126 600 791 15983 762 15484 20107 166 9524 837 4882 221 2990 201174 196920 2626 2607 26 459 993 5216 2976 2990 3956 831 4408 1209 35 29094 1252 822 4814 2454 216 797 49 1736 492 334 3552 2620 485 120 420 23 1052 64 735 54 118 147 1161 26 2414 138 2017 1409 736 959 424
internal_value=-9.23941e-05 -0.0587516 0.0606502 -0.0728756 -0.000838713 0.0184964 0.0718194 0.0199108 -0.077101 -0.0454615 0.0326396 -0.0122517 0.00931951 -0.0455496 -0.0797601 0.0746225 0.0696317 0.00375908 -0.00315751 -0.0192659 -0.00400074 0.0155787 0.0253958 0.00851375 0.00991919 -0.000705813 -0.00104618 -0.0586003 -0.00546424 -0.0108892 0.0539822 0.00426322 -0.00929881 -0.0425418 -0.00803626 -0.0186346 -0.0675978 0.183242 0.0214274 0.000445062 0.00609473 0.00144502 0.0180135 0.0400845 -0.00747112 -0.0732324 -0.257698 0.0119781 -0.011465 -0.0488472 -0.131153 -0.163911 -0.109813 0.0198303 -0.444605 -0.0268604 0.00186631 0.00368606 0.013238 -0.00445687 -0.0140776 0.0131282
internal_weight=30034.8 15279.4 14755.4 12283.7 2995.79 3090.7 11664.7 2046.19 11483.3 890.294 778.832 800.36 2627.02 949.601 10593 10885.9 6143.17 1358.12 305.83 471.898 330.43 2155.13 1153.97 474.836 504.048 1238.62 400.076 689.85 332.296 259.751 999.984 1001.16 293.637 325.525 323.459 238.858 584.464 6.9713 140.181 922.177 756.519 1204.91 913.118 196.078 53.5689 30.2385 11.8042 717.041 179.91 96.4726 38.5687 33.2679 21.3034 537.13 2.86501 215.466 707.043 692.536 450.365 241.968 242.172 97.4796
internal_count=1020000 526479 493521 478164 48315 47986 445535 26409 468106 24499 15849 10058 32003 21906 443607 429686 228512 10925 3595 6126 2988 25877 17123 4644 6325 8299 3807 19020 4199 2886 31592 8754 3429 5414 2913 2665 20904 75 2498 7761 6509 7508 11907 3694 1074 589 169 8213 2170 1118 383 319 201 6043 49 2449 6017 5879 4162 2145 1717 758
is_linear=0
shrinkage=0.08


Tree=39
num_leaves=63
num_cat=0
split_feature=5 5 6 9 2 9 1 2 5 6 5 0 6 1 8 2 5 0 5 0 0 8 2 5 0 0 2 5 5 0 5 8 6 1 0 2 2 6 0 2 2 2 0 2 2 2 0 2 0 8 1 0 2 7 6 2 0 0 2 2 1 2
split_gain=15114 1838.84 1058.22 677.285 322.318 237.196 217.437 149.127 115.333 106.205 67.4878 64.4548 50.4743 48.9225 39.8319 41.2403 39.5149 39.091 38.3474 37.2291 29.8359 29.0189 26.2443 26.1511 25.8715 25.4597 24.7986 24.5651 23.3423 42.2348 23.1214 22.6939 22.5422 22.1777 21.26 23.125 20.2233 19.4342 19.2939 18.4931 17.9609 17.6857 24.6834 46.5646 25.0426 20.4894 20.4917 17.2255 16.6733 16.4163 16.3404 16.3177 21.4709 15.6898 15.6978 15.6101 16.8784 15.5166 36.3094 17.7399 15.48 21.3813
threshold=54.250427246093757 20.084033966064457 1.0000000180025095e-35 0.50810652971267711 66.323020935058608 0.6702905297279359 94.957626342773452 94.360820770263686 75.088653564453139 1.0000000180025095e-35 64.425609588623061 59.885057449340827 0.75000000000000011 88.784065246582045 1.0000000180025095e-35 93.40579986572267 97.898418426513686 88.273490905761733 43.204938888549812 54.641149520874031 92.907444000244155 1.0000000180025095e-35 78.319625854492202 44.124549865722663 86.295150756835952 75.582656860351577 48.749217987060554 97.446762084960952 47.925275802612312 75.893997192382827 39.77586746215821 1.0000000180025095e-35 1.0000000180025095e-35 81.517440795898452 57.307060241699226 77.003208160400405 45.512083053588874 1.0000000180025095e-35 69.614067077636733 93.957649230957045 92.390407562255874 27.842377662658695 55.40315246582032 53.907203674316413 67.890834808349624 49.089704513549812 48.050632476806648 52.114353179931648 90.353595733642592 1.0000000180025095e-35 39.455150604248054 65.485893249511733 51.649148941040046 1.0000000180025095e-35 0.75000000000000011 59.611795425415046 65.485893249511733 51.191152572631843 45.923791885375984 40.238094329833991 87.007671356201186 93.957649230957045
decision_type=2 2 2 2 2 2 2 2 2 2 2 2 2 2 2 2 2 2 2 2 2 2 2 2 2 2 2 2 2 2 2 2 2 2 2 2 2 2 2 2 2 2 2 2 2 2 2 2 2 2 2 2 2 2 2 2 2 2 2 2 2 2
left_child=1 4 6 12 11 8 10 17 21 18 19 47 24 27 15 30 20 32 -5 -2 41 -4 38 51 28 50 -21 53 -3 37 -11 40 -6 -9 -34 -36 -10 -30 55 -23 -20 -12 44 -44 45 46 -43 -1 -32 -28 -13 -14 -53 -7 -55 56 -16 -39 59 -59 61 -45
right_child=2 3 5 9 7 13 -8 33 36 14 16 25 23 -15 22 -17 -18 -19 31 26 -22 39 -24 -25 -26 -27 49 -29 29 -31 48 -33 34 -35 35 -37 -38 57 -40 -41 -42 42 43 60 -46 -47 -48 -49 -50 -51 -52 52 -54 54 -56 -57 -58 58 -60 -61 -62 -63
leaf_value=-0.071985666929554604 -0.056343445869966258 -0.080700771725723222 0.027551724267274171 -0.068488785357366216 -0.085545062941956351 -0.074519951211282229 0.077270762193870246 0.027339090988933289 0.07932508477618154 -0.031062430915824928 0.077416860787629216 0.087063730133851144 -0.062281969704027135 0.080885348690828723 -0.0050087349945755564 0.049232126900419733 0.072387135473487879 0.045021505145240032 -0.029335352307772133 0.12711865581358522 0.052134080951543822 -0.012856302858681688 -0.051089513431973689 0.014827466024416402 0.0082166359549917262 0.056048073790351857 0.0087086941045222428 0.078899270886341799 -0.072808140623054532 0.1140271466108926 0.0069477988874291699 -0.051976723616778318 0.028487760769887193 0.058929974458476891 -0.019151151696470404 0.0045370640645706834 0.045043008251674052 -0.065869053353386692 0.028993362771898682 0.080387907626705377 0.023147350478605704 -0.033856623149226155 0.070495937816129159 -0.00050405998261593833 0.030150916290312114 -0.065066609303897224 0.055849194268233385 -0.042570425449103159 0.10131924400523708 -0.026347943330352994 -0.025499024435888563 0.20558103348321555 -0.028624473710336242 0.052638540102743873 0.06839756733332357 -0.048103794533669246 0.15306787860546076 0.57565808641781835 -0.010662185892989061 0.13310317786320025 0.026013490090173678 0.020511318168055927
leaf_weight=310.03496467135847 119.31318750418723 9531.8862290475518 338.82758439145982 269.67788690142334 20.278836911544204 5.051433987915515 344.67389304935932 211.29249876365066 270.05647032894194 118.76539234444499 25.555359292775393 8.7138044945895654 147.1952606998384 4556.1121186688542 48.223565280437469 138.23502666503191 75.806167827919126 124.78029534593225 102.7104039657861 8.9124014191329461 121.3564319126308 250.56433662213385 133.71809258311987 44.293337188661098 21.370024899020791 34.456288106739521 178.80839872546494 1346.4123831074685 330.74910916574299 8.6261106543242914 250.71694455109537 132.826490951702 143.41817834600806 435.08531983941793 418.03605769202113 714.64430981501937 185.96311870031059 31.427265960723162 68.838390547782183 14.394826821982859 70.293716793879867 49.971965707838535 86.973243560642004 899.21217537671328 53.789700731635094 69.463213358074427 24.1847088560462 216.3016085550189 12.583089793100951 163.80746000446379 156.34942377917469 3.3448608070611945 9.9791147559881193 457.87640578299761 3472.7523652408272 71.700783343985677 4.7485825195908538 0.97055831924080793 32.028446316719055 1.439430261030793 330.9429612159729 472.72872886806726
leaf_count=10360 2820 440075 4485 8904 279 119 13248 2782 10373 1385 449 72 3919 208204 460 1996 1797 2854 1788 105 3261 2531 1542 388 421 259 1504 56952 13003 97 2033 2671 1127 12529 2501 4370 5259 910 586 233 476 435 1146 8742 470 541 198 4889 183 1789 1970 23 123 16841 140538 702 28 26 715 33 6516 4965
internal_value=-9.37006e-05 -0.0576193 0.0593168 -0.0716661 0.000643774 0.0709374 0.0174588 0.0167452 0.0349778 -0.0199755 0.00976878 -0.0452197 -0.0789037 0.0748111 -0.00196594 0.011788 0.0156276 0.00225536 -0.0464975 -0.0177308 0.0136115 0.0120425 -0.023835 -0.0395916 -0.0797122 -0.00650008 -0.00462515 0.0695717 -0.0799013 -0.0610967 -0.00175965 -0.0271059 -0.00186101 0.0486033 -0.000531168 -0.0042055 0.065345 -0.0649056 -0.00500181 -0.00779049 -0.00801098 0.0112889 0.0104385 0.0133995 -0.0164081 -0.0338457 -0.00460087 -0.0598973 0.0114578 -0.00805217 -0.0195568 -0.0546079 0.0301707 0.0663807 0.0665618 -0.0237723 0.00916173 -0.0252222 0.0118707 0.31133 0.0104834 0.00673719
internal_weight=28303.3 14379.7 13923.5 11586.3 2793.39 10898 3025.5 2067.54 1059.81 1423.04 2680.83 725.856 10163.3 9838.2 847.53 520.3 2209.98 1421.16 575.508 470.841 2134.18 603.787 327.229 204.813 9958.5 199.52 351.528 5282.09 9937.13 405.241 382.065 305.831 1296.38 646.378 1276.1 1132.68 456.02 396.615 193.511 264.959 173.004 2012.82 1987.27 1789.86 197.41 143.62 74.1567 526.337 263.3 342.616 165.063 160.519 13.324 3935.68 3930.63 124.673 52.9721 65.8657 34.4384 2.40999 1702.88 1371.94
internal_count=1020000 526479 493521 482487 43992 445535 47986 26442 22881 22754 34738 17550 459733 422654 8915 5597 28520 11131 13839 6218 26723 7249 3318 4453 455280 2301 3398 214450 454859 14784 3601 4935 8277 15311 7998 6871 15632 14687 1776 2764 2264 23462 23013 21369 1644 1174 633 15249 2216 3293 2042 4065 146 157498 157379 1190 488 1684 774 59 20223 13707
is_linear=0
shrinkage=0.08


Tree=40
num_leaves=63
num_cat=0
split_feature=9 4 9 9 2 2 2 2 9 2 1 0 0 3 2 4 3 1 9 3 0 9 0 9 3 2 1 3 1 0 2 8 0 9 2 0 0 3 1 3 2 3 8 4 9 4 9 0 2 0 0 2 3 0 2 8 1 2 0 2 0 2
split_gain=13589.1 1497.72 1113.97 540.802 339.138 241.045 160.894 144.379 127.851 102.826 65.5108 79.9731 64.1982 51.2902 51.0665 49.4741 47.1104 46.8255 41.118 38.9029 50.9362 38.0972 33.4351 30.939 30.1583 32.8074 66.8536 29.6369 33.8784 29.5169 75.1292 29.5134 29.3998 28.0827 65.1362 67.0527 24.2219 28.1571 22.3887 54.8865 50.7056 46.6414 22.7859 24.1781 43.7139 45.857 36.7633 30.1488 21.7068 23.0914 22.5379 21.4835 34.1136 20.9542 20.831 20.6879 20.336 19.6425 19.5794 21.7638 41.2991 21.2639
threshold=0.60823646187782299 23.14919471740723 0.49213162064552313 0.80444025993347179 66.323020935058608 48.934240341186531 61.633426666259773 94.360820770263686 0.6971435844898225 20.761494636535648 74.115688323974624 86.295150756835952 59.885057449340827 4.5000000000000009 93.957649230957045 59.032005310058601 5.5000000000000009 71.89255523681642 0.29594974219799047 4.5000000000000009 52.97661209106446 0.50810652971267711 88.998897552490249 0.57548686861991893 6.5000000000000009 60.49571609497071 48.912528991699226 8.5000000000000018 79.557674407958999 51.887464523315437 35.368577957153327 1.0000000180025095e-35 60.736890792846687 0.4410721510648728 47.413022994995124 56.73658752441407 75.582656860351577 11.500000000000002 85.58441543579103 8.5000000000000018 99.532711029052749 10.500000000000002 1.0000000180025095e-35 93.159194946289077 0.88637030124664318 86.372482299804702 0.9131612777709962 87.20676422119142 92.63776016235353 98.332870483398452 88.273490905761733 99.532711029052749 10.500000000000002 76.50690078735353 30.848532676696781 1.0000000180025095e-35 51.649148941040046 94.360820770263686 65.485893249511733 80.901721954345717 77.291824340820327 70.396453857421889
decision_type=2 2 2 2 2 2 2 2 2 2 2 2 2 2 2 2 2 2 2 2 2 2 2 2 2 2 2 2 2 2 2 2 2 2 2 2 2 2 2 2 2 2 2 2 2 2 2 2 2 2 2 2 2 2 2 2 2 2 2 2 2 2
left_child=1 4 9 6 12 29 -2 19 31 18 11 14 -1 57 21 33 -5 -15 -3 20 56 -7 58 -12 -23 26 -26 -19 -29 30 -4 48 -28 -11 35 54 37 -14 -18 -40 -41 42 -42 44 -44 47 -47 -46 50 -50 -8 -30 53 -53 -35 -25 -6 -10 61 -60 -61 -22
right_child=3 2 5 16 7 10 8 -9 13 15 23 -13 36 17 -16 -17 38 27 -20 -21 22 24 -24 55 25 -27 32 28 51 -31 -32 -33 -34 34 -36 -37 -38 -39 39 40 41 -43 43 -45 45 46 -48 -49 49 -51 -52 52 -54 -55 -56 -57 -58 -59 59 60 -62 -63
leaf_value=-0.060171139706934586 0.07009612084647851 -0.061989742698300231 0.072842397204485168 0.078175687379102188 0.26344485878090551 -0.056375058291921736 0.0054660501734087943 0.048037364972893418 0.04701836195287027 -0.080495843746985971 -0.063076538566445586 0.086645387844002747 -0.032370707549055661 0.051875323087588861 0.046600601219800523 -0.011683887276712074 0.066671987792291165 0.031347843122234202 0.091171108649313576 -0.013510798547825475 -0.022139315839505739 -0.0061671333727658963 0.051855318860901306 -0.0034778863463851999 -0.14521810666929325 -0.050896223250778472 -0.012386251244062072 0.022359234544313222 0.018987962620373153 0.081037777018945989 -0.022860076545045297 -0.0037431364182912851 0.068332873977021563 0.055024897048195208 -0.07327247290296289 0.13341506948295787 0.052795697944386523 0.065981930591455781 0.056398668800310379 0.067414709648047619 -0.083225737740851791 0.02837620801337494 -0.21917341353133166 -0.084667208193400775 0.08204288870796711 -1.5369675520672119 -0.60025676747397749 -0.77279041839631102 0.047591733087570108 -0.018242291387167348 0.063559426264500438 -0.33868882269857736 0.0081238310986914471 -0.085688560572472636 -0.05205491152050807 -0.057182906162079085 0.087429242967554152 0.066969058652087507 -0.018236177509177071 0.048035477367528827 -0.011848706543925103 0.051458285078627763
leaf_weight=561.7203669603914 954.52024194411933 17.252730902284384 120.02518800646067 6105.8727102801204 5.8274234253913191 190.13475485518575 429.93633813224733 629.52556363679469 926.43829169496894 7963.6227966845036 349.6518762037158 46.967307044193149 152.88052279688418 440.62358183786273 70.376666421070695 70.988079849630594 1138.7655096724629 463.73005589842796 32.071494085714221 597.08973827958107 34.132884265854955 612.97593643330038 106.56386649608612 123.66317807883024 18.427014388144016 264.63315008208156 76.205679967999458 160.07520999573171 34.633801579475403 116.61061018332839 93.311647888273001 463.49348876811564 46.499333152547479 13.634185969829558 1173.2189583946019 17.75682239793241 34.718131041154265 21.214382657781243 215.15096978098154 15.445086043328045 6.1985054612159738 8.8581453673541528 4.3007713574916124 2.7896540947258472 0.60597315803170226 0.49411747604608514 0.58637519553303719 0.4679646473377943 256.18618465214968 39.333316523581743 47.458357205614448 2.188142964616417 32.622015548869967 49.280890006572008 78.988001333549619 73.007275188341737 15.050785847008227 479.20229082368314 284.96428132802248 124.20997863635421 181.26700660772622 95.194957217201591
leaf_count=18115 36697 843 4265 289116 39 6175 5417 15437 29252 394722 11439 571 2210 15534 937 981 49501 10155 662 4484 300 7043 2547 1167 122 3082 728 3369 520 1892 917 5876 352 111 52685 150 271 241 8702 598 230 361 69 91 25 20 26 20 4279 430 834 18 563 470 1759 1065 77 17868 1636 778 1680 476
internal_value=-0.000100035 -0.0527828 -0.0655687 0.0617433 -0.000773445 -0.0143752 0.0407133 0.0160648 0.0333813 -0.0776053 -0.0254846 -0.0158807 -0.0460921 0.0434888 -0.0196449 -0.0782151 0.0751464 0.0312151 0.0375982 0.0021289 0.0131513 -0.0235015 0.0100333 -0.0487985 -0.0173661 -0.034284 -0.00313469 0.0189552 -0.00165749 0.0486734 0.030983 0.012218 0.0182024 -0.0787259 -0.0677448 -0.00899144 -0.00821844 -0.0203859 0.0618747 0.0404429 -0.0459269 -0.117962 -0.201901 -0.28147 -0.366519 -0.660658 -1.02862 -0.290448 0.0217893 0.0388293 0.0112412 -0.0340389 -0.0558786 -0.0964446 -0.0362925 -0.0234141 0.136558 0.0538198 0.00384142 -0.00233377 0.0125008 0.032034
internal_weight=26693.6 14414.4 11570 12279.3 2844.36 2202.49 4779.72 2073.83 3825.2 9367.53 1872.54 1326.22 770.533 2588.79 1279.25 9318.21 7499.54 1183.15 49.3242 1444.3 847.211 1208.88 826.333 546.322 1018.74 405.765 141.132 742.53 278.8 329.947 213.337 1236.41 122.705 9247.22 1283.6 110.379 208.813 174.095 1393.66 254.898 39.7466 24.3015 15.4434 9.24486 6.4552 2.15443 1.08049 1.07394 772.914 295.52 477.395 118.725 84.091 51.469 92.6222 196.67 20.8782 1405.64 719.769 590.441 305.477 129.328
internal_count=1020000 539959 491668 480041 48291 39755 131282 27454 94585 451913 32681 19010 20837 77749 18439 450408 348759 30629 1505 12017 7533 17502 7417 13671 11327 4284 1202 15095 4940 7074 5182 16836 1080 449427 54705 2020 2722 2451 59643 10142 1440 842 481 251 160 91 46 45 10960 4709 6251 1571 1051 488 1870 2232 116 47120 4870 4094 2458 776
is_linear=0
shrinkage=0.08


Tree=41
num_leaves=63
num_cat=0
split_feature=5 5 6 9 2 9 1 2 5 6 3 6 9 2 5 5 3 5 2 5 3 2 5 6 2 9 2 8 1 5 2 8 8 6 1 2 1 1 1 3 9 3 2 2 2 2 1 1 2 2 2 1 2 2 1 2 2 1 8 7 2 2
split_gain=12346.9 1644.81 1023.38 662.916 249.561 237.155 196.389 119.86 102.105 91.0014 56.3839 53.5241 47.6711 38.3585 37.1881 35.8485 34.5985 33.8052 38.7243 33.5973 30.81 30.4193 28.5207 29.3462 28.509 27.1152 26.6461 23.8596 23.2479 22.9453 20.8928 19.3582 18.7654 18.0607 17.9643 17.7477 48.4545 49.0251 17.6742 17.5534 37.4208 17.0538 16.7302 16.3795 15.2511 26.9961 14.9535 29.3949 25.7832 32.4449 17.5926 14.8969 20.5439 16.1356 30.6965 14.4992 14.1025 13.992 13.5509 13.1208 13.0781 12.9657
threshold=54.250427246093757 20.084033966064457 1.0000000180025095e-35 0.50810652971267711 66.323020935058608 0.6702905297279359 94.957626342773452 94.360820770263686 75.088653564453139 1.0000000180025095e-35 5.5000000000000009 0.75000000000000011 0.53236505389213573 27.842377662658695 97.898418426513686 43.204938888549812 5.5000000000000009 44.124549865722663 93.40579986572267 97.446762084960952 4.5000000000000009 94.360820770263686 47.925275802612312 1.0000000180025095e-35 49.25306701660157 0.29309523105621343 90.815368652343764 1.0000000180025095e-35 81.517440795898452 42.672246932983406 45.512083053588874 1.0000000180025095e-35 1.0000000180025095e-35 0.75000000000000011 89.825496673583999 85.053192138671889 86.295150756835952 72.821968078613295 88.273490905761733 8.5000000000000018 0.78296345472335827 1.0000000180025095e-35 41.53393745422364 93.957649230957045 61.938297271728523 88.762622833251967 84.889995574951186 83.414241790771499 86.526824951171889 88.047618865966811 86.70682525634767 70.396453857421889 79.205974578857436 69.00656890869142 61.938297271728523 96.34091949462892 92.390407562255874 86.512474060058608 1.0000000180025095e-35 1.0000000180025095e-35 85.215545654296889 76.63120269775392
decision_type=2 2 2 2 2 2 2 2 2 2 2 2 2 2 2 2 2 2 2 2 2 2 2 2 2 2 2 2 2 2 2 2 2 2 2 2 2 2 2 2 2 2 2 2 2 2 2 2 2 2 2 2 2 2 2 2 2 2 2 2 2 2
left_child=1 4 6 11 24 8 12 20 27 15 26 22 13 -2 16 -5 21 32 -19 33 25 35 -3 -24 -1 -6 -7 -4 -9 -13 -10 56 55 39 44 -14 37 -37 -27 -12 -41 -26 -31 61 -18 51 47 -39 -48 -50 -49 53 -53 54 -46 -11 -17 -23 -25 -35 -60 -29
right_child=2 3 5 9 7 10 -8 28 30 17 19 29 14 -15 -16 31 34 18 -20 -21 -22 57 23 58 41 38 -28 43 -30 42 -32 -33 -34 59 -36 36 -38 46 -40 40 -42 -43 -44 -45 45 -47 48 50 49 -51 -52 52 -54 -55 -56 -57 -58 -59 60 -61 -62 -63
leaf_value=-0.063541968658409137 0.065312601159223646 -0.080067896019014595 0.02529319287837407 -0.066601201292753764 0.062435414519482077 0.069672915032318192 0.076161114807394889 0.022637430606406817 0.078571357311823478 -0.016158881648768247 0.053351268701699546 -0.053598486516529355 0.020117106668191151 -0.032398100982027868 0.070351528902461782 -0.026911170791860166 0.025741752614771338 0.0028443336730555216 0.065492177801050364 0.077352408415442483 -0.012127073411365555 0.066221534755344119 -0.067765583872084728 0.032779024618991216 0.032375141196786708 0.0035525421449489566 0.080686990929912203 -0.004156796820735123 0.056090091854722392 0.042675387310244284 0.041926858530062984 -0.049005616404737759 -0.041708709784326524 -0.13890147174133236 -0.086452879440309827 0.042337217286322275 0.026657814450357878 -0.055315206523557418 0.043287150605645294 0.019914336787465271 -0.17697110885602788 -0.033446104236905354 -0.049811107285394583 0.078859991387652012 -0.098550088315847051 0.0067058648057443018 0.037789191420747985 -0.38232837504703204 -0.41040737819301976 -0.033134607939461047 -0.1403324384321078 0.035910466657244899 -0.029808302012874544 -0.056670911854398424 0.02794556062959095 0.027724624671535768 0.019936859723625175 0.028650476194035945 -0.050072749993604275 0.05899230890276478 0.21098692495874077 -0.055626037647659506
leaf_weight=245.77303601428866 28.497529476881027 8199.0019190330058 327.55667240917683 242.44053710065782 62.823468722403049 2061.8684973847121 298.42793959379196 200.65900157392025 234.6317441444844 197.50966404005885 99.949378095567226 134.59806089662015 609.13432158529758 263.18317064456642 66.700368195772171 98.907496467232704 126.16081216931343 346.72678186744452 77.208221033215523 639.59649474360049 582.28004568815231 98.000043537467718 294.26950817927718 28.664272775873542 26.928157756105065 678.88071800395846 4417.904203819111 210.32613626308739 394.04404637776315 33.674241509288549 172.99628326669335 124.32666458934546 140.50179550051689 2.1478716433048239 15.698710579425095 42.158738180994987 179.63105579465628 89.257922347635031 80.097423039376736 69.208613963797688 6.7838491573929778 390.81336613930762 19.924130529165268 13.441188443452118 16.769188202917576 531.88844320178032 21.65056919306517 2.3799566514790049 2.0005450882017604 5.3879528976976871 10.005194395780562 52.417440958321095 72.616981316357851 111.67662577331066 45.839625347405672 63.735404806211591 70.390808520838618 179.88079021126032 34.867114927619696 1273.9328395519406 1.2729739770293225 36.805637704208493
leaf_count=8948 495 440485 4485 8904 392 96611 13248 2782 10373 2209 3951 3896 6945 4769 1778 1788 1258 2622 1495 30923 3988 1968 13086 668 482 4618 231544 2194 12529 317 5259 2671 1987 43 148 558 3744 889 2133 2561 237 8120 240 233 117 4705 253 22 20 60 88 398 458 773 388 602 476 4904 1026 56784 15 337
internal_value=-0.000101359 -0.0553547 0.056635 -0.0700894 0.000588996 0.0692028 0.0147309 0.0147011 0.0322486 -0.0181677 0.0734959 -0.0781734 0.00760025 -0.0228517 0.0114972 -0.043834 0.009723 -0.00150409 0.0142539 0.0620755 0.00195145 0.0185868 -0.0791014 -0.057033 -0.0419226 0.0119267 0.0771823 0.0109216 0.0448028 -0.0359711 0.0630195 -0.0250355 -0.0181324 0.0553463 -0.00156771 0.0118497 -0.00243779 -0.0326764 0.00774586 0.0313179 0.00233837 -0.0292032 0.00829537 -0.0071445 -0.000175783 -0.00410955 -0.0568762 -0.0713408 -0.00624706 -0.135287 -0.186835 -0.0233284 -0.00225741 -0.038445 -0.00593512 -0.00545272 -0.00743271 0.0419006 -0.00829766 0.0586592 -0.0408774 -0.0118222
internal_weight=25206.8 12770.3 12436.5 10108 2662.3 9567.15 2869.36 1998.78 995.758 1361.75 8571.39 8746.27 2570.94 291.681 2279.26 536.066 2212.55 825.682 423.935 2091.62 1404.08 1239.49 8558.08 359.074 663.515 821.802 6479.77 588.13 594.703 188.196 407.628 293.625 401.747 1452.02 973.068 961.606 352.472 172.841 758.978 175.942 75.9925 417.742 53.5984 260.573 957.369 831.208 130.682 101.643 29.0391 7.3885 12.3852 299.32 125.034 174.285 62.6088 261.245 169.298 277.881 64.8044 1276.08 36.1401 247.132
internal_count=1020000 526479 493521 482487 43992 445535 47986 26442 22881 22754 422654 459733 34738 5264 29474 13839 27696 8915 4117 94499 11131 19451 455280 14795 17550 7143 328155 7249 15311 4453 15632 4935 4798 63576 8245 12579 5634 1890 6751 6749 2798 8602 557 2764 8097 6839 1332 999 333 80 110 2134 856 1278 505 2811 2264 6872 1709 56827 1041 2531
is_linear=0
shrinkage=0.08


Tree=42
num_leaves=63
num_cat=0
split_feature=5 6 6 0 9 2 2 1 9 5 0 2 2 3 3 4 4 5 2 5 0 5 5 2 5 5 4 0 9 0 4 0 4 2 4 1 0 1 4 3 2 2 0 2 6 4 1 4 9 0 2 5 4 3 9 2 3 1 1 0 1 2
split_gain=11127.2 1652.75 853.347 606.345 255.186 217.788 178.539 167.712 116.83 79.3611 78.5607 75.5503 73.9661 69.5565 57.2285 50.3447 48.2015 105.16 55.5792 45.5283 39.9796 35.6889 35.5748 35.5224 35.1785 33.1289 29.4657 29.3389 32.1359 29.3061 28.3126 27.3939 27.1129 25.5847 24.7421 21.2014 19.7366 19.6818 19.5676 18.4441 24.3619 21.5922 19.895 34.4967 18.2907 18.2316 17.5716 17.3399 16.6114 16.5757 28.8275 16.5046 50.8749 16.1345 27.0957 15.7631 15.9716 15.24 20.2876 25.747 14.4005 14.7342
threshold=60.390020370483406 1.0000000180025095e-35 1.0000000180025095e-35 61.938297271728523 0.53236505389213573 94.360820770263686 68.783603668212905 94.957626342773452 0.6702905297279359 44.930728912353523 87.570224761962905 51.649148941040046 45.923791885375984 4.5000000000000009 5.5000000000000009 23.14919471740723 27.636927604675297 40.631225585937507 64.89996719360353 43.204938888549812 28.778468132019047 50.318523406982429 98.122024536132827 52.47950744628907 36.657941818237312 97.446762084960952 36.854232788085945 69.939758300781264 0.60823646187782299 92.907444000244155 29.278497695922855 74.322341918945327 63.427747726440437 90.815368652343764 35.448791503906257 63.686313629150398 67.006801605224624 76.50690078735353 9.600614547729494 5.5000000000000009 94.474967956542983 35.368577957153327 55.40315246582032 55.625879287719734 0.75000000000000011 42.387704849243171 59.59492492675782 40.077220916748054 0.50239983201026928 51.191152572631843 40.238094329833991 46.734052658081062 31.175813674926761 8.5000000000000018 0.78296345472335827 88.762622833251967 2.5000000000000004 85.58441543579103 91.54584121704103 95.861873626708999 87.841831207275405 90.815368652343764
decision_type=2 2 2 2 2 2 2 2 2 2 2 2 2 2 2 2 2 2 2 2 2 2 2 2 2 2 2 2 2 2 2 2 2 2 2 2 2 2 2 2 2 2 2 2 2 2 2 2 2 2 2 2 2 2 2 2 2 2 2 2 2 2
left_child=1 4 7 6 21 10 9 22 12 15 11 -5 -4 46 33 23 24 48 36 -6 -11 -1 29 -3 38 44 -21 28 55 39 -15 47 -28 -10 -20 -29 -19 -12 -13 40 -2 -41 -43 -44 53 49 -8 -23 -18 -22 -51 52 -7 -16 -55 56 -14 -31 59 -59 61 -45
right_child=2 3 8 5 19 51 13 -9 14 20 37 16 27 30 25 -17 17 18 34 26 45 31 -24 -25 -26 -27 32 35 -30 57 -32 -33 -34 -35 -36 -37 -38 -39 -40 41 -42 42 43 60 -46 -47 -48 -49 -50 50 -52 -53 -54 54 -56 -57 -58 58 -60 -61 -62 -63
leaf_value=-0.08026639117161434 0.0080024581656059062 -0.067415593531598109 0.070397766996715183 0.083740157392508369 -0.060414245385832857 0.049262382838518325 0.09716266813163911 0.077239689096926453 0.069252392497201665 0.11916594901162142 0.080500930865252091 -0.013270482818542663 0.020189607032486751 -0.0041682385372668147 0.051742964860800433 -0.077200948846255377 -0.079833371686442126 0.014596127294379218 0.041593562562071813 0.046099937931817631 -0.035014586370431096 -0.0016361899961847874 0.072157600525932161 -0.026173920453967225 0.12797769385899208 0.076886457695981542 -0.020894376895888495 0.071695686056448993 0.032071052553656887 0.079839927780354578 -0.058205629165219611 0.052985664287802416 0.10776738398656008 0.08049486887626417 -0.025307409698314194 0.0067831099724197054 0.088446818803181962 0.026111630046070183 0.0077068831933355224 0.058274026846320041 0.038970573175494412 -0.033325187086228045 0.06745562650468126 -0.013532173073603899 0.05775554326465468 -0.040399440874291426 0.03067750340380989 -0.064658335438244979 -0.043068821587996464 0.23413376034644401 0.016603197752356455 0.073520284679979536 -0.016920648191108684 0.018683985611028967 -0.13693867812996446 0.074183773667888406 -0.042997267733193921 -0.26466551037173519 0.037089363806020528 0.056997331363035926 -0.046956811821165428 0.0090247585152847566
leaf_weight=6759.1211150940508 874.31453415006399 264.65329401940107 291.70244956947863 53.610537469387054 144.71669986099005 541.3238672092557 37.463749889284372 267.10160583071411 1906.7807663269341 12.651376370340584 60.119843628257513 630.24310645088553 33.371229141950607 196.71347241662443 95.016637627035379 962.80410326272249 174.949532834813 45.563502782955766 39.984908057376742 55.459934310987592 36.806706519797444 31.660209173336625 57.797143194824457 270.05160639248788 13.113343782722948 593.85722813569009 328.82857806421816 89.251175129786134 135.09223883040249 52.715759625658393 90.650022082030773 15.242150910198687 10.827459378167985 4041.061557713896 307.16695288755 50.379639817401767 47.103110799565911 145.96097751706839 518.8957932908088 37.526344394311309 199.71436391212046 125.32276277989149 46.970906350761652 319.96400594711304 1191.6157646719366 183.82815098017454 79.280539583414793 237.83900389075279 142.90188620053232 4.3064871504902831 41.19921525940299 111.93922738917172 86.166959768161178 67.919863492250443 8.0041954610496742 10.298083979636429 109.96891968697309 3.4005287066102019 51.250289995223284 2.9955031611025333 45.174981083720922 440.44823019206524
leaf_count=389200 11142 10494 11748 799 4837 15273 336 13035 96011 129 912 3923 302 1663 3951 51571 9488 663 479 521 840 1087 1667 5755 131 30923 3657 2599 3983 1305 3259 155 104 229346 3579 1083 457 3457 4120 608 4866 1144 522 2303 56387 2937 809 8757 2142 38 549 3508 1083 2561 237 196 863 55 1895 84 413 4059
internal_value=-0.000102495 -0.051354 0.0582013 -0.0161364 -0.075035 0.00770525 -0.0480547 0.0172948 0.0701763 -0.0589736 -0.00502234 -0.00993028 0.0393267 -5.95963e-05 0.0729867 -0.0662697 -0.0125459 -0.0282455 -0.00290873 -0.0220255 -0.0197831 -0.0790976 0.0102026 -0.0465866 -0.00231133 0.0611176 -0.00796506 0.0181682 0.00360852 0.00857477 -0.0212146 -0.0513535 -0.0167929 0.0768907 -0.0176018 0.0482748 0.052135 0.0419786 -0.00379811 0.00645263 0.0137609 -0.0012776 -0.0035629 0.000812038 0.0542449 -0.0263883 0.0520129 -0.0572546 -0.0633045 0.0049028 0.0371895 0.0452223 0.0401741 0.0297727 0.00227767 -0.0214182 -0.0282866 0.0487522 0.0203235 -0.114019 -0.00307371 -0.00046668
internal_weight=23832.2 12683.1 11149 5099.45 7583.7 2919.04 2180.41 2524.7 8624.32 1776.3 2179.61 1973.53 720.064 404.108 7904.26 1497.51 1919.92 757.67 439.818 539.833 278.792 7043.86 2257.6 534.705 1162.25 1956.41 395.116 428.361 288.73 2199.8 287.363 284.741 339.656 5947.84 347.152 139.631 92.6666 206.081 1149.14 2089.44 1074.03 1015.41 977.881 852.558 1362.56 266.141 116.744 269.499 317.851 82.3124 45.5057 739.43 627.491 170.941 75.9241 153.638 143.34 110.362 57.6463 6.39603 805.587 760.412
internal_count=1020000 536712 483288 128394 408318 50014 78380 43098 440190 72313 30150 25781 20774 6067 419416 67820 24982 16808 5178 9119 4493 399199 30063 16249 8174 94059 4282 9026 5344 28396 4922 9999 3761 325357 4058 3682 1120 4369 8043 25057 16008 9049 8441 7297 63136 4364 1145 9844 11630 1427 587 19864 16356 6749 2798 1361 1165 3339 2034 139 6775 6362
is_linear=0
shrinkage=0.08


Tree=43
num_leaves=63
num_cat=0
split_feature=5 4 6 9 9 2 1 2 5 6 1 9 0 6 2 5 5 5 3 1 2 3 0 0 4 6 4 5 5 4 0 4 2 5 0 0 3 9 2 2 0 2 2 0 3 0 2 2 1 1 5 6 4 5 0 4 2 3 2 0 5 2
split_gain=10029.1 1548.97 1015.69 527.665 256.642 238.572 179.159 104.946 87.7243 66.1961 62.1213 57.256 55.1919 42.4496 35.955 32.1931 31.9015 30.2417 34.7599 61.1144 29.9612 41.3071 38.6012 29.8939 29.7325 27.3586 27.1042 32.4629 29.4066 26.3613 26.2549 23.9138 23.1138 22.9962 22.8829 22.6684 25.3046 21.6014 21.4385 20.5421 20.9967 19.3766 18.8943 18.5785 18.3168 18.1054 28.4653 18.0485 17.7792 17.5766 21.8476 53.062 19.8966 17.18 23.3193 17.0674 16.7496 16.9655 27.8714 15.9805 15.9162 15.907
threshold=52.657253265380866 23.14919471740723 1.0000000180025095e-35 0.50239983201026928 0.6702905297279359 66.323020935058608 94.957626342773452 94.360820770263686 75.088653564453139 1.0000000180025095e-35 88.784065246582045 0.53236505389213573 57.93287658691407 0.75000000000000011 25.15822792053223 98.122024536132827 43.204938888549812 97.446762084960952 8.5000000000000018 81.28433990478517 99.532711029052749 10.500000000000002 84.028984069824233 90.815368652343764 47.080135345458991 1.0000000180025095e-35 30.445816993713382 40.54998970031739 36.151384353637702 67.704421997070327 92.907444000244155 35.959983825683601 93.957649230957045 96.881942749023452 71.50376129150392 74.601570129394545 11.500000000000002 0.80168962478637706 45.512083053588874 46.247655868530281 50.263158798217781 46.841754913330085 60.736890792846687 38.924964904785163 2.5000000000000004 56.294013977050788 60.736890792846687 93.40579986572267 85.58441543579103 81.517440795898452 20.084033966064457 1.0000000180025095e-35 8.3920187950134295 47.925275802612312 77.015758514404311 35.663852691650398 48.934240341186531 5.5000000000000009 94.474967956542983 85.58441543579103 62.534915924072273 49.25306701660157
decision_type=2 2 2 2 2 2 2 2 2 2 2 2 2 2 2 2 2 2 2 2 2 2 2 2 2 2 2 2 2 2 2 2 2 2 2 2 2 2 2 2 2 2 2 2 2 2 2 2 2 2 2 2 2 2 2 2 2 2 2 2 2 2
left_child=1 5 6 13 8 12 11 23 24 16 17 14 61 53 -2 30 -5 18 59 -20 -21 22 -22 25 -4 -7 28 -28 -11 32 56 -18 39 37 60 36 -14 -24 -10 40 43 -38 -36 -26 -41 -46 -47 55 -32 50 52 -52 -9 -3 -55 -29 -13 58 -58 -6 -16 -1
right_child=2 3 4 9 10 7 -8 49 38 26 -12 15 35 -15 34 -17 31 -19 19 20 21 -23 33 -25 29 -27 27 47 -30 -31 48 -33 -34 -35 42 -37 41 -39 -40 44 -42 -43 -44 -45 45 46 -48 -49 -50 -51 51 -53 -54 54 -56 -57 57 -59 -60 -61 -62 -63
leaf_value=-0.072756529153857483 0.074055832404212873 -0.080084983215399752 0.034937290833563901 -0.065745420005963229 0.061540210878212938 -0.075075800604487417 0.07472007613932137 0.057932072317585188 0.077776900923000658 -0.007583565369751028 0.080055955329886505 0.045735607007706847 -0.032182688922475597 -0.036567857267966825 -0.053607127746743179 0.071073637467233941 0.037575787119715071 0.07737642238639289 0.054652907763205201 0.050607640048906007 -0.017807653794082959 0.014249306102053178 -0.40090618489850344 0.050792093112894093 0.051319633589968994 0.0010189029505852482 -0.037489175937907085 0.036257104893054545 0.092369128913188062 0.049807343982759454 0.080035930502701455 -0.034556002548644466 0.063875479735973656 -0.6792614610019595 0.11879691375053117 0.046815252347719341 0.29689976135525353 -0.14169401567896656 0.03872596841951749 0.0085485382659802288 0.094558983949956835 0.032986186355823635 -0.0306421978201778 -0.049870705857141935 -0.07583959162783771 0.034063839951127994 -0.045057165991396947 0.036721073329757499 0.016561089060444442 0.053220667138286139 -0.085062980743157726 0.52584677270732261 0.0023225754421486431 -0.06253489741908641 0.10900980625537908 -0.013488126528329505 0.0056562356947980645 -0.0028546904149229541 0.038453176243619012 0.075595151560212515 -0.01396455986858606 -0.042393014554309764
leaf_weight=228.40301454253495 21.411073215305805 6915.6850639916956 225.78980428539217 236.65133854933083 1668.2677612751722 30.94959718734026 262.06430200114846 60.018182963132858 203.51429032720625 40.763899441808462 3366.7107998505235 66.722456345334649 170.20626684650779 151.73481805622578 179.85503710061312 53.593462971970439 33.920658839866519 1013.7248364835978 578.1186749432236 28.121969643980265 12.826089745387437 30.740507772192359 2.4792021941393587 76.150031751021743 21.345927057787776 1316.7153107803315 214.58552145026624 51.078698635101318 35.023105701431632 56.618193689733744 52.311368366703391 221.47555453144014 25.99751304090023 0.6304963771253832 11.114174637943508 37.669174414128065 1.922084499150517 12.097966520115731 161.26902154274285 78.715620478615165 19.791836876422167 24.165015149861574 10.559173963963984 25.4651172272861 55.469690253958106 41.175158506259322 99.243419673293829 73.060633219778538 61.378024563193321 365.9344123005867 1.8364775367081159 1.8035496342927215 131.17494690045714 254.16296923533082 5.1748101189732543 325.00455078668892 884.81164398603141 943.05414118617773 204.08305318839848 750.7289561778307 101.33993867784739 213.77770718745887
leaf_count=10416 435 434278 2375 10234 85593 953 13277 915 10373 397 208491 993 3010 4140 5708 1648 520 56952 27924 1291 582 1412 71 2088 332 8994 3290 464 373 1405 1326 4568 526 27 83 293 19 440 5259 874 294 346 120 253 504 502 839 1215 2080 12629 51 24 1863 12387 52 2848 10903 7873 4947 40303 909 6709
internal_value=-0.000105394 -0.0537228 0.0529816 -0.0702972 0.0668735 -0.000410403 0.0116858 0.0135721 0.029118 -0.0218462 0.0720044 0.00530835 -0.0414512 -0.0784414 -0.0261327 0.00980786 -0.044584 0.0653892 0.061449 0.0452505 -0.0173033 -0.049797 -0.120027 0.00202685 0.0114886 -0.000728639 -0.00671735 -0.0118927 0.0386071 -0.00100357 0.00832373 -0.0249758 -0.00883796 -0.206239 -0.0332154 -0.0100291 -0.0209376 -0.185779 0.0605127 -0.0143782 0.0254793 0.0524312 0.0459907 -0.00372771 -0.0240453 -0.0371428 -0.0218564 0.00033648 0.0457675 0.042886 0.0234756 0.217629 0.0197792 -0.0793269 -0.0591119 -0.00673185 0.00629532 0.00500023 0.0118031 0.0659021 -0.0393203 -0.0580769
internal_weight=22550.2 11219 11331.1 8558.32 8478.84 2660.73 2852.3 1984.58 1014.4 1231.56 7464.45 2590.23 676.143 7326.76 324.279 2265.95 492.048 4097.74 3084.01 665.015 86.8962 58.7743 28.0338 1423.81 649.612 1347.66 739.516 663.729 75.787 423.822 2212.36 255.396 367.204 15.2077 302.868 233.963 196.293 14.5772 364.783 341.207 66.6029 26.0871 21.6733 46.811 274.604 195.888 140.419 449.144 113.689 560.768 194.833 3.64003 191.193 7175.02 259.338 376.083 2098.67 2031.95 1088.89 2419 281.195 442.181
internal_count=1020000 523076 496924 474766 446622 48310 50302 27517 23536 23909 423086 37025 20793 450857 7255 29770 15322 214595 157643 31747 3823 2532 1120 12035 7904 9947 8587 7817 770 5529 28122 5088 4124 538 6820 3668 3375 511 15632 3598 879 365 203 585 2719 1845 1341 4527 3406 15482 2853 75 2778 446717 12439 3312 24716 23723 15850 125896 6617 17125
is_linear=0
shrinkage=0.08


Tree=44
num_leaves=63
num_cat=0
split_feature=5 4 6 9 9 9 1 5 0 1 6 0 6 6 1 0 9 5 3 1 5 5 8 4 8 0 0 1 6 4 1 5 6 0 4 1 5 0 4 5 4 0 1 4 5 8 9 0 1 5 9 4 1 3 6 3 5 4 1 0 4 4
split_gain=9018.51 1464.56 975.454 528.888 256.457 183.083 166.221 81.9762 72.6201 65.535 59.7428 52.3499 44.3367 35.9698 33.9182 32.2259 35.0284 31.4108 34.8232 55.5191 31.1665 28.8985 27.391 25.4701 39.3331 23.557 22.3193 23.6666 20.8966 20.5642 18.9032 18.0403 20.4876 19.0685 22.13 17.5811 17.2349 17.1991 16.8602 19.8391 18.967 16.582 16.5191 16.3118 16.2418 15.76 15.3252 14.7017 14.6461 13.8384 37.3112 21.7579 35.8728 13.7241 13.6199 13.2728 12.4016 12.8322 12.2383 15.7868 12.1429 12.0248
threshold=52.657253265380866 23.14919471740723 1.0000000180025095e-35 0.50239983201026928 0.6702905297279359 0.4066902101039887 94.957626342773452 75.088653564453139 56.73658752441407 88.784065246582045 1.0000000180025095e-35 56.294013977050788 0.75000000000000011 1.0000000180025095e-35 46.894290924072273 26.36544227600098 0.50810652971267711 97.446762084960952 8.5000000000000018 81.28433990478517 43.204938888549812 97.898418426513686 1.0000000180025095e-35 47.080135345458991 1.0000000180025095e-35 90.815368652343764 92.907444000244155 48.912528991699226 1.0000000180025095e-35 35.959983825683601 61.938297271728523 47.925275802612312 1.0000000180025095e-35 51.191152572631843 37.296916961669929 40.212766647338874 39.77586746215821 34.428878784179695 30.594664573669437 41.189094543457038 41.686414718627937 85.58441543579103 85.58441543579103 30.594664573669437 41.614616394042976 1.0000000180025095e-35 0.55875089764595043 65.485893249511733 94.360820770263686 20.084033966064457 0.44826884567737585 20.526680946350101 72.255687713623061 4.5000000000000009 0.75000000000000011 9.5000000000000018 37.688747406005866 25.362623214721683 91.54584121704103 95.861873626708999 37.296916961669929 9.600614547729494
decision_type=2 2 2 2 2 2 2 2 2 2 2 2 2 2 2 2 2 2 2 2 2 2 2 2 2 2 2 2 2 2 2 2 2 2 2 2 2 2 2 2 2 2 2 2 2 2 2 2 2 2 2 2 2 2 2 2 2 2 2 2 2 2
left_child=1 5 6 12 7 8 11 23 14 17 20 15 31 -10 -1 -2 -17 18 41 54 -5 26 36 -4 -25 35 27 -13 -7 -22 60 -3 -33 -34 -35 55 -12 -9 56 -40 -41 -6 -28 -38 47 -46 -29 -14 49 -30 51 -51 -53 -16 -20 -15 57 -24 59 -44 -18 -37
right_child=2 3 4 10 9 28 -8 37 13 -11 22 21 44 25 53 16 30 -19 19 -21 29 -23 38 24 -26 -27 42 46 48 -31 -32 32 33 34 -36 61 43 -39 39 40 -42 -43 58 -45 45 -47 -48 -49 -50 50 -52 52 -54 -55 -56 -57 -58 -59 -60 -61 -62 -63
leaf_value=-0.055471805802700835 0.067757336787589398 -0.079882242945652673 0.032572773988049877 -0.064538408984724849 0.06021442276892354 -0.052667647582524485 0.074042243127669535 0.081516807313711775 -0.085897089763039475 0.079849515533462659 -0.015214130898574913 0.046019024095065475 -0.061875735020574515 0.036059136791462797 0.0071262193353569293 -0.056814735975582113 -0.11400134291109999 0.07694807628621822 0.016045499619103388 -0.015113923836453297 0.033787037535262479 0.068902450600268172 0.13106730450116655 0.022797884583714165 -0.026275009962054958 0.061784044109713949 0.077520430274163124 -0.0218284788925605 0.027084311969911505 -0.032576183269873854 0.052940228522823561 -0.068756296881660378 -0.066863750300424518 0.23408110318195849 0.0087947441639677146 -0.0099850102668770542 0.093276225607386021 0.044849925787199325 -0.063503916988246062 0.013610581448382631 -0.038945138901808111 0.075030765476652689 -0.17839845489287626 0.012884318318333985 0.047812455846091 -0.045303066766991286 0.0063954304849930012 0.050267535206075326 0.056856186367599197 0.10382409292234773 0.042917171849099836 0.21150953940273953 0.85733570293717332 -0.029807218593734138 0.057388791746000624 0.19039452719585215 0.10909218804080853 -0.063733122656901689 0.029136165634416546 0.050650139097913181 -0.011751586172199471 0.0054358621227183256
leaf_weight=291.13837060332298 23.648492090404034 6399.535011083819 222.92888447269797 222.37834961898625 1572.5493262540549 16.031305518001318 244.04207023978233 133.98344633355737 32.384500211104751 3115.578675698489 157.73414823226631 91.891878940165043 92.448329525068402 15.059973388910295 100.96880114637315 157.16767509281635 7.8013353198766699 940.78737755864859 56.897517871111631 88.705168852582574 34.673056527972221 51.500297686085105 2.9097016323357847 216.4392772205174 202.17951252870262 37.679714441299438 49.67461415193975 132.16178104653955 371.952332386747 216.35876896977425 29.501606747508049 199.71917849965394 20.193371627479792 3.201574673876169 21.737262215465307 765.52791029028594 17.169742377474904 210.50387817621231 83.287882342934608 77.361898826435208 101.75138810649514 698.01509938947856 4.399088740348815 272.82211994193494 24.881499541923404 21.847535610198975 1801.0262424182147 8.1405270248651487 211.45522373169661 1.8226523716002727 18.277102133259177 1.3512242492288353 0.92881511338055123 177.74356049485505 491.73782934434712 4.6727891042828551 9.7751379385590536 8.4471050277352315 52.397591771557927 3.4253982380032539 157.52314588800073 560.62895980291069
leaf_count=11731 490 434278 2375 10234 85593 503 13277 7503 1118 208491 1975 1340 3408 177 2162 4524 60 56952 2306 3823 520 1671 19 3287 2242 902 1324 2085 8668 4568 355 11013 782 54 590 6036 244 8129 1609 715 861 40303 56 2985 291 336 21583 105 7917 19 159 44 18 3955 25618 35 74 105 1927 86 1524 4866
internal_value=-0.000107182 -0.0524614 0.051505 -0.0694394 0.0658177 -0.000397978 0.0109547 0.0276324 -0.0122599 0.0712242 -0.0205876 0.00494556 -0.0781044 -0.00255468 -0.0363753 -0.0226433 -0.0287168 0.0642418 0.060131 0.043607 -0.0427295 0.00968539 -0.00625308 0.0107295 -0.000902757 -0.000603926 0.00825695 0.00635146 0.0374836 -0.02341 -0.00604995 -0.0790669 -0.0577557 -0.00907562 0.0377163 -0.00235055 0.00606815 0.059111 -0.0257095 -0.0312456 -0.0162455 0.0647693 0.0433695 0.0176441 -0.0346952 0.00427754 0.00446591 -0.0528001 0.0398694 0.0307604 0.091857 0.309879 0.474598 -0.0164274 0.0531012 0.0726063 0.0430343 -0.0138237 0.0151999 -0.0781257 -0.0165765 -0.00346588
internal_weight=21360.5 10604 10756.5 7996.37 7950.31 2607.62 2806.16 986.035 1985.8 6964.27 1204.67 2562.12 6791.7 1415.95 569.851 375.642 351.994 3848.69 2907.9 637.341 473.41 2186.48 731.259 641.548 418.619 1383.57 2134.98 2025.08 621.819 251.032 194.826 6644.39 244.851 45.1322 24.9388 1345.89 447.726 344.487 283.533 262.401 179.113 2270.56 109.897 289.992 147.318 46.729 1933.19 100.589 605.787 394.332 22.3798 4.10269 2.28004 278.712 548.635 19.7328 21.1319 11.3568 60.2221 7.82449 165.324 1326.16
internal_count=1020000 523076 496924 474766 446622 48310 50302 23536 30982 423086 23909 37025 450857 13134 17848 6953 6463 214595 157643 31747 15322 30072 8587 7904 5529 12016 28401 25008 17328 5088 1939 446717 12439 1426 644 11114 5204 15632 3383 3185 1576 125896 3393 3229 4140 627 23668 3513 16825 8908 240 81 62 6117 27924 212 198 124 2069 142 1584 10902
is_linear=0
shrinkage=0.08


Tree=45
num_leaves=63
num_cat=0
split_feature=5 6 6 0 5 2 2 0 0 5 6 2 3 0 0 0 2 5 4 5 0 4 0 4 2 2 2 3 4 5 5 3 2 2 8 7 0 0 2 2 5 4 4 5 0 5 5 8 8 2 5 3 0 5 4 5 2 3 4 6 2 0
split_gain=8103.86 1486.48 747.111 447.324 256.112 170.275 161.757 117.442 95.6971 85.0199 83.1521 70.4748 68.9921 66.6577 61.2361 57.2056 48.0595 43.0275 39.5408 72.3657 37.2442 36.5166 35.3773 34.5271 32.5661 31.2203 29.8211 29.7957 27.9125 27.6084 25.3137 23.8928 26.3382 23.6298 22.0013 21.686 20.9756 20.424 47.6885 19.5879 19.5506 37.8989 18.4224 18.348 17.9942 17.9937 17.4308 16.4194 16.2911 15.7326 15.4376 15.5072 21.967 17.7294 15.0889 15.0202 14.8847 21.2363 14.4116 13.9467 13.4764 18.3747
threshold=62.534915924072273 1.0000000180025095e-35 1.0000000180025095e-35 61.938297271728523 49.358869552612312 94.360820770263686 66.323020935058608 94.360820770263686 86.295150756835952 44.930728912353523 0.75000000000000011 56.048780441284187 4.5000000000000009 88.273490905761733 57.93287658691407 88.493064880371108 48.934240341186531 75.893997192382827 27.636927604675297 40.631225585937507 28.778468132019047 23.14919471740723 54.085849761962898 41.910465240478523 64.326763153076186 81.438415527343764 71.50376129150392 8.5000000000000018 41.686414718627937 98.122024536132827 98.557659149169936 4.5000000000000009 95.040985107421889 52.47950744628907 1.0000000180025095e-35 1.0000000180025095e-35 69.614067077636733 51.191152572631843 47.901996612548835 31.851119995117191 46.734052658081062 31.755368232727054 35.14332580566407 36.657941818237312 30.860805511474613 14.342856884002687 40.631225585937507 1.0000000180025095e-35 1.0000000180025095e-35 90.366767883300795 96.67456436157228 8.5000000000000018 85.58441543579103 89.670635223388686 26.111660003662113 37.387241363525398 99.532711029052749 10.500000000000002 9.600614547729494 0.75000000000000011 53.694938659667976 62.563131332397468
decision_type=2 2 2 2 2 2 2 2 2 2 2 2 2 2 2 2 2 2 2 2 2 2 2 2 2 2 2 2 2 2 2 2 2 2 2 2 2 2 2 2 2 2 2 2 2 2 2 2 2 2 2 2 2 2 2 2 2 2 2 2 2 2
left_child=1 4 7 6 15 11 9 29 10 21 17 46 22 18 -6 -1 28 49 43 59 -11 33 -8 60 36 45 -24 -10 -16 31 35 32 -2 -3 55 -12 -21 -22 -39 -33 41 -7 -26 58 -27 -14 54 -25 -43 -4 51 -19 -53 -54 -5 -17 -29 -58 -13 -20 61 -18
right_child=2 3 8 5 14 40 12 -9 27 20 30 13 25 -15 16 34 23 50 19 24 37 -23 26 47 42 44 -28 56 -30 -31 -32 39 -34 -35 -36 -37 -38 38 -40 -41 -42 48 -44 -45 -46 -47 -48 -49 -50 -51 -52 52 53 -55 -56 -57 57 -59 -60 -61 -62 -63
leaf_value=-0.079116970622193167 0.011399960655237641 -0.064481302829893519 -0.0069301814277548078 0.057250690083837361 -0.059003815740011227 0.044228185954713665 0.10889398606169852 0.072267941651613529 0.079024424571502133 0.11184422929234039 -0.1311771175391889 -0.011559016286816172 -0.018528097828960092 0.040480096907263147 0.41263530962866596 -0.046282910217743216 -0.0044234041680046307 0.048549900703515718 -0.074830910045354901 0.0092079714208942991 -0.04582796123325282 -0.075722336592302542 -0.041156387506159041 -0.0059410477439585645 0.035647723098798982 -0.088439590976391994 0.049425301171918283 0.071375101275602773 0.093126906197128892 0.069428625659152365 0.079819907377466207 0.069187114266595504 0.045690230162085892 -0.026925330613624426 -0.069178957112737541 0.061978706877694995 0.099206053620913268 0.094200542867171319 -0.024495406425333911 -0.00099856154936611924 0.071414308603291302 0.008294950454803808 -0.022151121812574934 0.097108987283024417 0.019040310363880351 -0.065907144495678222 0.092619288700471911 -0.041965280036380309 -0.070292971462551423 0.056194321271603287 0.068958614032803803 0.01807922511774564 -0.0045747597073946336 -0.49783947048180305 -0.033412674412330992 0.029690905354933936 -0.13661953184347611 0.081803525209909883 0.0065029630612647429 -0.037493765232779683 0.026341365314928065 0.4843424343225427
leaf_weight=5450.4658866580576 750.51745168864727 224.0369318285957 162.45320039521903 36.021780021488667 222.83218073099852 486.06859173160046 39.197927950881422 212.36357575282454 3109.0654976069927 13.827397631481288 3.725592195056378 627.01977090537548 106.45017246156931 172.22261788602918 2.2979125045239908 25.242661956697702 0.99332726560532936 287.19316107779741 156.13976734876633 43.953488474711776 128.24569320771843 754.88398027047515 34.48827329557389 162.56485077366233 39.429695501923561 10.93731221091002 71.450825653038919 7.7611940475180754 7.3377221636474133 48.623305480927229 614.90854916721582 26.05010749772191 177.20763825438917 205.63669082801789 41.001386178657413 2478.3501482261345 26.606940623372793 26.852775156497955 112.09290378075093 1102.8011544048786 119.08733461145312 57.672291052527726 336.40056590549648 11.740123173221944 112.62176459375769 99.023477713577449 52.373490321449935 161.3379540424794 23.868611433543265 29.923275882378221 147.83812135457993 110.29807234369218 0.90542474947869667 0.96168057806789875 17.434307275339961 48.950119743123651 9.0892014978453499 4.149301622994245 514.88197070360184 108.53426670283079 94.390660485252738 0.97588149458169937
leaf_count=390822 11014 10494 1875 397 9839 15311 383 11944 218587 153 103 3928 1023 4259 25 836 30 14205 9955 634 2612 50153 620 2135 503 317 703 402 127 1751 40647 505 6567 5210 1232 146863 254 289 1492 10291 4871 704 4237 141 1353 3861 573 2688 341 1261 8945 4177 24 21 854 571 289 208 4120 1232 1021 18
internal_value=-0.000113098 -0.0466086 0.0549131 -0.0130089 -0.0723779 0.00727722 -0.0425997 0.0155666 0.0680024 -0.0557402 0.0595333 -0.00383267 -0.00198479 -0.00713968 -0.0249692 -0.0779379 -0.00732781 0.0354323 -0.0115378 -0.0263762 -0.0161802 -0.0651252 0.0439618 -0.011378 -0.00672456 -0.0222519 0.0199366 0.0783829 0.169323 0.00984681 0.0652887 0.00843812 0.0179499 -0.0465075 -0.0221484 0.0616888 0.0431445 -0.0228056 -0.00155611 0.000621089 0.0419444 0.0357614 -0.0160872 -0.00239191 0.00952631 -0.0413614 0.0598183 -0.0238849 -0.0147093 0.00288854 0.0468737 0.0386981 0.013473 -0.258638 0.0276815 0.00384228 -0.0165897 -0.0681599 -0.00341489 -0.0595202 0.0306626 0.237794
internal_weight=20271.8 10987.6 9284.19 4769.2 6218.39 2829.46 1939.75 2317.56 6966.62 1465.58 3836.56 2142.76 474.17 2036.93 652.73 5565.66 429.898 739.573 1864.71 711.065 281.019 1184.56 145.137 420.263 446.391 329.033 105.939 3130.07 9.63563 2105.2 3096.98 2056.58 927.725 429.674 115.194 2482.08 70.5604 267.191 138.946 1128.85 686.697 567.609 375.83 1153.64 123.559 205.474 105.83 323.903 81.5409 192.376 547.196 399.358 112.165 1.86711 53.4561 74.1928 20.9997 13.2385 1141.9 264.674 96.3599 1.96921
internal_count=1020000 540321 479679 130977 409344 52314 78663 42072 437607 70403 218121 31087 8260 29263 15883 393461 6044 30508 25004 16815 4546 65857 1706 5892 5628 6554 1323 219486 152 30128 187613 28377 17581 15704 2639 146966 888 4393 1781 10796 21227 16356 4740 8189 1670 4884 1824 4823 1045 3136 27372 18427 4222 45 1251 1407 899 497 8048 11187 1069 48
is_linear=0
shrinkage=0.08


Tree=46
num_leaves=63
num_cat=0
split_feature=5 5 9 9 2 9 2 2 0 0 3 8 0 2 2 5 0 3 5 2 5 7 2 2 3 0 2 2 9 2 2 0 1 3 1 1 3 2 5 0 2 5 1 1 9 9 3 2 0 2 5 0 3 5 3 2 9 0 9 1 1 0
split_gain=7274.34 1290.44 791.619 546.401 166.067 153.863 125.741 101.979 88.1741 66.8965 63.3525 61.3277 57.5208 113.021 46.2594 45.0249 41.868 39.6422 36.3851 35.0095 33.6328 32.665 29.9049 27.7924 27.079 25.0966 23.528 23.5001 27.5066 23.4078 36.7952 51.0338 30.7235 41.8813 22.399 21.7356 44.8875 37.125 21.719 35.5919 36.1856 22.3094 35.0796 22.2596 22.1773 20.9877 20.8852 19.1213 36.8029 20.0726 18.8848 18.5861 18.573 19.5215 42.1253 17.9979 17.9596 17.8646 17.1619 16.8086 20.5365 17.8832
threshold=52.657253265380866 23.442888259887699 0.80444025993347179 0.49213162064552313 60.736890792846687 0.62180894613266002 61.257406234741218 27.842377662658695 86.70682525634767 93.127067565917983 5.5000000000000009 1.0000000180025095e-35 56.73658752441407 53.907203674316413 67.890834808349624 98.122024536132827 66.323020935058608 6.5000000000000009 39.77586746215821 73.746868133544936 98.720676422119155 1.0000000180025095e-35 92.63776016235353 94.174205780029311 4.5000000000000009 85.847797393798842 87.841831207275405 49.089704513549812 0.52298191189765941 93.582702636718764 77.849929809570327 64.051280975341811 79.557674407958999 8.5000000000000018 49.25306701660157 85.58441543579103 8.5000000000000018 99.532711029052749 44.930728912353523 67.769271850585952 59.885057449340827 48.621318817138679 56.440422058105476 41.421361923217781 0.27819642424583441 0.72908326983451854 10.500000000000002 64.051280975341811 60.120481491088874 75.716625213623061 77.820186614990249 84.660633087158217 9.5000000000000018 88.515167236328139 5.5000000000000009 51.649148941040046 0.55875089764595043 59.885057449340827 0.55875089764595043 78.210895538330092 57.712133407592781 63.510736465454109
decision_type=2 2 2 2 2 2 2 2 2 2 2 2 2 2 2 2 2 2 2 2 2 2 2 2 2 2 2 2 2 2 2 2 2 2 2 2 2 2 2 2 2 2 2 2 2 2 2 2 2 2 2 2 2 2 2 2 2 2 2 2 2 2
left_child=1 4 5 38 16 7 -7 -2 23 15 -4 18 14 -14 27 21 -1 -16 58 56 35 -8 25 -6 45 -15 55 28 -9 30 31 47 -31 -34 -29 -12 -37 -38 -3 44 41 42 -41 -42 -40 57 -35 -26 -49 52 -47 59 53 -50 -55 -20 -13 -23 -5 60 -32 -62
right_child=2 3 10 11 8 6 9 12 -10 -11 20 19 13 22 17 -17 -18 -19 26 -21 -22 24 -24 -25 29 -27 -28 34 -30 32 51 -33 33 46 -36 36 37 -39 39 40 43 -43 -44 -45 -46 50 -48 48 49 -51 -52 -53 -54 54 -56 -57 -58 -59 -60 -61 61 -63
leaf_value=-0.053005355631968822 0.075131925126723009 -0.079309741117323404 0.075567491833793674 -0.049133892514218069 -0.0033233902915420265 0.067852693504773645 -0.041477197570626442 -0.038969659993847772 0.043151267219861782 0.067674190222621333 0.05151862267981757 -0.03278566759223598 0.072001470855825853 -0.012425499870220177 0.11782853812631078 0.072492749834418307 0.029830534553744865 -0.0064188200618291716 0.060835858143037796 -0.057480241143461654 0.077477680127642848 0.066119026029763661 0.052858431448563802 0.025704803214050557 0.017879511893427066 0.062184600971424725 0.029900493099972746 -0.086916548773850924 0.017450448717856334 0.040251401364739342 0.037042768904296731 0.043892572754658812 0.026050500368992726 -0.064300686016937447 -0.031956582927122786 0.039665548427760031 0.060356683203480456 -0.11976768689011628 0.53945940129765124 0.19017661343570161 0.45977525171110323 0.077424535044702883 0.85045302605644424 -0.061704880782173288 -0.066752791854091845 0.068309599670454024 0.010838312590665363 -0.028680056738555053 -0.26957174372093223 0.044028884024768782 0.034342241271797323 0.030459940121367799 -0.14025784777977507 -0.18180299622798166 -1.1360227462961698 -0.011898648769749814 0.018141872832008275 0.014327620307451 -0.0078782286264827521 0.0017109199839238118 0.011029275258631507 -0.064112861525398676
leaf_weight=400.25491794012487 117.45002479944378 5306.3411140441895 3945.1461496623233 133.93085023574531 1416.0902396533638 604.96667307522148 51.818031826987863 141.30288451910019 392.61598144844174 242.80203132424504 552.5472949873656 120.23882521409541 154.63622958399355 591.98658465407789 24.378325993195176 115.47580224275589 43.272193182259798 50.437417408451438 23.646858654916286 314.43231813237071 260.01136782858521 47.307803245261312 54.795140756294131 248.06729650776833 22.93438180629164 30.331950249150395 189.64228355232626 80.456831993535161 90.866295697167516 372.33239183668047 19.223015555180609 202.28461582958698 220.25341066531837 63.200486676767468 115.71460295841098 131.58985899295658 10.660177031531928 23.394417531788349 0.38657046388834615 2.0672057624906324 0.5448877327144136 5.7118830997496843 0.68581856787204731 13.579411573708056 431.94574833381921 134.54845013190061 37.855434192344546 28.190055234357715 2.792732639238237 1.6468527754768727 473.04387189168483 46.118859555572271 3.9611013298854232 0.59436761215329148 0.59001567214727402 274.78558272961527 70.18584968149662 430.54120140522718 124.53948037698865 96.424089239910245 24.521502076648176 116.91727606859058
leaf_count=17534 5434 416453 289116 5842 11007 34089 610 3108 13908 13371 32895 3560 2868 5468 214 7004 389 698 208 9644 18420 1456 591 4904 846 394 2867 1437 1705 11100 733 6048 5284 591 1702 7179 515 634 25 73 12 70 32 673 28522 7249 649 796 49 36 18977 1005 77 18 26 5244 461 9970 1648 1606 675 2281
internal_value=-0.000117813 -0.0498704 0.0484948 -0.0674641 -0.000524994 0.0254224 0.0348263 0.00366445 0.00904921 0.0275751 0.0710487 -0.0195499 -0.00262352 0.0102926 -0.0239747 0.0237001 -0.0449236 0.0340665 -0.00498603 -0.0410858 0.0528241 0.0213496 -0.00380019 0.00100369 0.0227378 -0.00878899 0.00786641 -0.0341124 -0.016888 0.0147587 0.00268898 0.0245865 0.0246108 0.00648648 -0.0544976 0.0438986 0.01848 -0.063383 -0.0778715 -0.0610958 0.0367981 0.16759 0.354661 -0.0415872 -0.0662107 0.0319989 -0.0361537 -0.0397413 -0.0747246 -0.210143 0.0418642 -0.0163046 -0.262873 -0.384995 -0.65716 -0.00613539 -0.014015 0.0194551 -0.0292556 -0.0246937 -0.0405409 -0.0510853
internal_weight=19249 9512.97 9736.05 7012.66 2500.3 4812.7 3360.34 1452.36 2056.77 2755.38 4923.35 1251.4 1334.91 831.75 503.156 2512.58 443.527 74.8157 746.545 504.857 978.203 2397.1 677.114 1664.16 2345.28 622.319 488.075 428.341 232.169 1259.84 566.199 262.994 693.642 321.309 196.171 718.192 165.644 34.0546 5761.26 454.922 22.5892 8.46491 2.75302 14.1243 432.332 1085.44 101.056 60.7095 37.7751 9.58507 607.592 303.205 7.93822 3.97712 1.18438 298.432 190.425 477.849 258.47 257.086 160.662 141.439
internal_count=1020000 523076 496924 475334 47742 148165 124546 23619 29819 90457 348759 29474 18185 9321 8864 77086 17923 912 15809 13665 59643 70082 6453 15911 69472 5862 8319 7952 4813 31820 14196 7896 17624 6524 3139 41223 8328 1149 445860 29407 860 175 105 685 28547 37652 1240 1848 1002 206 26226 6300 170 93 44 5452 4021 11426 7490 5295 3689 2956
is_linear=0
shrinkage=0.08


Tree=47
num_leaves=63
num_cat=0
split_feature=5 6 6 2 9 1 5 5 1 2 6 9 5 2 5 3 5 5 5 1 5 1 5 5 2 9 8 3 1 8 8 3 3 2 2 1 3 3 9 3 2 1 7 9 3 5 2 7 9 2 2 1 2 1 1 1 2 2 5 3 1 2
split_gain=6519.17 1371.53 722.671 316.148 302.445 124.427 115.901 167.24 108.819 88.5486 79.8969 76.2275 48.5096 46.0128 37.0036 35.4665 33.5315 29.5043 27.4024 25.2047 24.519 23.8171 21.7195 23.7926 21.1154 22.9966 20.1714 18.0676 23.24 18.0358 17.5145 16.8957 15.8637 16.2671 15.8424 15.5215 28.4357 15.341 15.3912 25.4336 18.9233 14.3326 13.7841 35.0235 19.8498 13.6039 13.592 15.6261 13.5885 13.4191 12.2674 12.2002 38.6147 31.8778 18.719 28.6235 23.6609 17.4179 25.8351 15.8182 14.3331 12.3815
threshold=62.534915924072273 1.0000000180025095e-35 1.0000000180025095e-35 77.003208160400405 0.53236505389213573 96.039215087890639 43.498390197753913 23.442888259887699 88.784065246582045 94.360820770263686 0.75000000000000011 0.49213162064552313 50.318523406982429 55.488622665405281 75.893997192382827 4.5000000000000009 42.244771957397468 23.442888259887699 98.557659149169936 48.52813911437989 98.122024536132827 65.485893249511733 46.734052658081062 29.426693916320804 25.15822792053223 0.46197053790092474 1.0000000180025095e-35 8.5000000000000018 84.273937225341811 1.0000000180025095e-35 1.0000000180025095e-35 7.5000000000000009 5.5000000000000009 94.360820770263686 31.851119995117191 80.186916351318374 8.5000000000000018 1.0000000180025095e-35 0.26723130047321325 12.500000000000002 74.862636566162124 86.295150756835952 1.0000000180025095e-35 0.90457522869110119 2.5000000000000004 70.139560699462905 93.127067565917983 1.0000000180025095e-35 0.79606559872627269 99.532711029052749 76.63120269775392 87.570224761962905 85.053192138671889 70.051548004150405 84.889995574951186 77.629497528076186 87.570224761962905 86.70682525634767 85.25860977172853 1.0000000180025095e-35 86.512474060058608 93.957649230957045
decision_type=2 2 2 2 2 2 2 2 2 2 2 2 2 2 2 2 2 2 2 2 2 2 2 2 2 2 2 2 2 2 2 2 2 2 2 2 2 2 2 2 2 2 2 2 2 2 2 2 2 2 2 2 2 2 2 2 2 2 2 2 2 2
left_child=1 4 5 6 12 20 7 13 10 15 14 -9 -1 -3 -4 21 -6 -17 31 -11 32 -5 23 -21 -8 -26 -25 -16 -29 -14 -18 46 33 51 -34 45 -37 -15 39 40 -39 -23 43 44 -10 -33 47 48 -12 -30 -27 52 -2 -54 55 -55 -56 58 -57 61 -58 -53
right_child=2 3 8 9 16 -7 24 11 42 19 18 -13 29 37 27 17 30 -19 -20 22 -22 41 -24 26 25 50 -28 28 49 -31 -32 35 34 -35 -36 36 -38 38 -40 -41 -42 -43 -44 -45 -46 -47 -48 -49 -50 -51 -52 59 53 54 56 57 60 -59 -60 -61 -62 -63
leaf_value=-0.079236661775784076 0.01450399104173283 -0.046070598893229571 0.0044027494972905586 0.048879901228318097 -0.05630194905835656 0.078393444804208262 0.1102907593633739 -0.075481168208451507 -0.22189332501069062 -0.03152987407113092 0.082973480974063721 -0.012020022112451196 -0.019514587000775765 0.02961880538497063 0.053712006151335451 -0.0039329484255626584 0.0077854146713815667 -0.046761270960021833 0.079349885910582785 0.039592525999373684 0.06733314763256075 -0.0010544954540782153 0.07029960648406261 0.01969123031646423 -0.036148724764177402 0.0072630393801671172 -0.058502930589184786 0.028973159814943986 0.051096427498666143 -0.062211145300987217 -0.024364427466022024 0.010450712534772279 0.064222927140235017 0.031857998649356137 -0.0029671296350263481 0.058266508964750864 -0.0050142214619610503 0.030315578695169189 -0.016459449389146841 -0.043230236234561382 0.19345887968440706 0.026913532469866205 0.079367196051255362 0.081032968528906138 -1.2208061980834506 0.059252384353602361 0.077155734212141558 0.060491799665551016 -0.3496197941530203 -0.16635335122119088 -0.10650136482942303 -0.00621132981055144 0.063988186268974651 -0.016724078637735278 0.022999094385052595 -0.071011893980137283 -0.030323917730731353 -0.07994121684805007 -0.33202349262562342 0.047251729805073243 -0.21254479981947616 -0.20396591988757917
leaf_weight=4619.8823421401903 536.95142615772784 276.73888730630279 198.53647678066045 91.386545036919415 101.473638006486 171.32019915245473 11.055182646028696 740.00434711296111 0.26413112320005794 34.725664758123457 0.79929067194461723 144.84795079939067 112.48194639477879 63.313197363168001 394.70205109938979 332.80791173316538 264.88304787315428 149.04823353420943 554.6148300357163 474.43913173489273 42.824441109783947 513.964010941796 113.56655156984925 73.293989091180265 100.58363407105207 484.82370648253709 29.657185905613005 139.70452134497464 2.5414607329294068 144.86612522229552 183.62769830226898 38.989173715934157 23.015691163018346 227.22233302239329 928.63745944947004 100.85197240486741 82.724288357421756 74.648109496571124 610.57809873949736 33.064114340581 4.8456566333770743 151.93411942198873 2435.6887705912814 1.2755100987851618 0.24579035863280296 586.13925044145435 400.3002001112327 1194.7825307892635 1.1102166827768085 6.3654398564249277 6.1431259326636782 24.849708674475554 21.092893533408642 48.819042408838868 44.336512472480536 4.9748979695141298 6.6165107376873475 43.821838466450572 4.7388509176671505 91.967594255693257 4.7430125698447227 2.2061822190880767
leaf_count=389200 6733 12540 3300 878 4480 11961 143 59215 22 658 25 2624 4167 616 22351 2000 2600 3859 42251 15439 1741 5556 4995 990 4398 4643 467 6484 96 6295 2602 1375 486 7608 8092 6566 4227 1163 6153 675 33 3863 204763 105 19 36713 28853 80258 36 163 69 668 354 560 623 38 76 463 55 2481 55 78
internal_value=-0.000118144 -0.0439096 0.0519154 -0.0113351 -0.0710118 0.0128893 -0.029914 -0.0393988 0.0660784 0.0127832 0.0574364 -0.0650927 -0.0773536 -0.0180147 0.0339597 -0.000213474 -0.014773 -0.0171806 0.0633196 0.0349757 0.00743317 0.0105826 0.0383181 0.0320277 0.000747349 -0.00129985 -0.00283419 0.0447603 0.0209851 -0.0435493 -0.00537726 0.059624 0.00615949 0.0128795 -0.00134214 0.0502026 0.0297505 -0.00814223 -0.0114483 0.0157347 0.0402602 0.00532681 0.0792043 -0.142998 -0.703385 0.0562086 0.0643949 0.0601263 -0.168543 -0.104307 0.00583958 0.00771576 0.00377364 -0.0283887 -0.040717 -0.0610262 -0.00339417 -0.101425 -0.198346 0.0314332 -0.106408 -0.0223366
internal_weight=18310.5 9942.68 8367.77 4515.47 5427.21 2228.14 2550.65 1948.04 6139.64 1964.82 3702.16 884.852 4877.23 1063.19 741.85 1239.14 549.984 481.856 2960.31 725.683 2056.82 757.285 690.957 577.39 602.606 591.55 102.951 543.313 148.611 257.348 448.511 2405.7 2013.99 1062.34 951.653 808.705 183.576 786.449 723.136 112.558 79.4938 665.898 2437.47 1.78543 0.509921 625.128 1596.99 1196.69 1.90951 8.9069 490.967 835.118 716.095 179.144 158.051 102.355 55.696 53.5356 9.71375 119.023 11.3595 27.0559
internal_count=1020000 540321 479679 130977 409344 42072 92272 83019 437607 38705 232698 61839 399662 21180 32394 16156 9682 5859 200304 22549 30111 10297 21891 16896 9253 9110 1457 29094 6743 10462 5202 158053 28370 19792 8578 48881 10793 8640 8024 1871 1196 9419 204909 146 41 38088 109172 80319 61 259 4712 12184 8957 2224 1870 1116 754 556 93 3227 131 746
is_linear=0
shrinkage=0.08


Tree=48
num_leaves=63
num_cat=0
split_feature=9 6 6 5 0 9 5 4 0 5 0 9 3 1 9 6 0 5 1 4 5 4 9 9 0 1 9 1 4 4 4 4 0 1 1 3 6 3 3 3 0 1 9 0 3 0 1 9 1 1 3 0 5 3 0 1 5 4 3 5 4 3
split_gain=5845.05 1166.24 601.307 456.227 241.892 173.47 132.978 122.199 85.864 81.8025 74.9925 72.3436 66.8705 54.1784 38.6536 38.11 35.0151 33.7432 32.2804 29.3618 81.2755 29.459 26.3063 25.5766 24.954 24.5759 23.4083 21.7282 25.8375 17.749 17.0192 16.8776 16.5003 15.8115 15.6765 15.3796 15.1246 14.8393 14.7439 13.9105 13.7014 13.4055 13.3252 13.1815 11.9604 11.5382 12.7625 11.9196 19.0775 14.03 13.664 11.4246 11.3856 11.2834 14.1439 17.1921 15.8681 19.5264 14.1683 11.2676 15.1581 11.2414
threshold=0.60823646187782299 1.0000000180025095e-35 1.0000000180025095e-35 51.363750457763679 60.736890792846687 0.72316691279411327 49.358869552612312 24.502962112426761 90.353595733642592 67.586601257324233 35.043859481811531 0.82328909635543834 5.5000000000000009 48.912528991699226 0.50810652971267711 0.75000000000000011 61.451047897338874 98.251728057861342 46.543485641479499 26.111660003662113 40.631225585937507 33.772006988525398 0.4082044661045075 0.49213162064552313 26.36544227600098 85.58441543579103 0.50810652971267711 48.912528991699226 48.842567443847663 55.370880126953132 71.241439819335952 58.240137100219734 78.910301208496108 95.293468475341811 50.252525329589851 4.5000000000000009 0.75000000000000011 4.5000000000000009 2.5000000000000004 8.5000000000000018 69.268848419189467 90.815368652343764 0.79606559872627269 26.36544227600098 7.5000000000000009 69.614067077636733 67.006801605224624 0.77597463130950939 95.861873626708999 59.417230606079109 1.5000000000000002 86.295150756835952 36.07402420043946 11.500000000000002 68.457099914550795 61.620294570922859 94.754039764404311 89.749843597412124 6.5000000000000009 44.930728912353523 37.981754302978523 8.5000000000000018
decision_type=2 2 2 2 2 2 2 2 2 2 2 2 2 2 2 2 2 2 2 2 2 2 2 2 2 2 2 2 2 2 2 2 2 2 2 2 2 2 2 2 2 2 2 2 2 2 2 2 2 2 2 2 2 2 2 2 2 2 2 2 2 2
left_child=1 3 11 14 6 9 7 18 13 -4 -8 35 25 40 -1 29 24 30 -3 22 23 -22 -15 -21 -5 51 -26 -18 -29 -9 -14 -30 -33 -13 -11 45 39 -20 -12 -32 44 53 -41 -17 -6 46 -2 49 50 -47 -49 -7 -24 54 56 -56 57 -37 -59 -16 -61 -57
right_child=2 4 5 16 8 12 10 15 -10 34 38 33 17 19 59 43 27 -19 37 20 21 -23 52 -25 26 -27 -28 28 31 -31 36 32 -34 -35 -36 41 -38 -39 -40 42 -42 -43 -44 -45 -46 47 -48 48 -50 -51 -52 -53 -54 -55 55 61 -58 58 -60 60 -62 -63
leaf_value=-0.079285979309138999 0.01231515488286555 -0.044104029610630029 0.0047729444650711755 0.0604774235741617 0.0048759763540472591 0.060809322356103389 0.071034795136932477 -0.078510853880732173 0.043423582206699313 0.067106107671660253 0.026489710080442937 0.033279881253127079 0.062101364103292839 -0.0036503335796982048 -0.060495900574151225 0.091737711993608764 0.058448498814935627 0.07606995818595047 0.012792355640665757 -0.07988711908188656 0.083793782423795857 -0.0011237172914291952 0.021132194986834302 -0.029581673873752531 -0.050590055336867286 0.078952423068666788 -0.011261973330576281 0.030456075009274722 -0.04114309928248619 0.39877983924528176 0.035289592106718108 -0.011057822586754494 0.073577124451783438 0.078886529904578853 0.039480156920499242 -0.025356765529471942 0.042531640501421525 -0.018623329692504419 -0.02068044105777881 -0.017287214517549568 0.077806933055033264 -0.066000936671011173 -0.17402174687527325 -0.03895195779857575 0.064828773010293425 0.058043323752846938 0.060762615936722178 -0.012086049876655028 0.081165442851138414 0.0023246791971179102 0.033951456165731198 0.079559046232836619 0.1415844818589648 0.01962648178155119 0.074444817837561156 0.0074746921017586334 0.046970525886200765 -0.017762434777682669 -0.18091828017193645 0.040509925584597387 -0.041093459137460001 -0.016219099070360087
leaf_weight=4224.1923029823229 69.959560859948397 229.30073269829154 407.5771093275398 20.324346143752337 57.413295982405543 921.09785383101553 91.07281341496855 561.55141819827259 318.59367587696761 248.44238006230444 51.659458904527128 86.792606283910573 277.23752102162689 1109.5505554983392 167.18298882152885 5.0894591044634572 48.341581970453262 307.53687901049852 156.11083364859223 121.23482378292829 28.338355357758701 337.9524131026119 290.20359424874187 138.6681742221117 189.24565274640918 2567.089096006006 198.41095635667443 113.90115371998399 96.124320663511753 0.49908502958714862 36.436825145967305 66.373140281066298 18.952125765383244 110.71071712765843 279.19114012550563 79.877308666706085 585.82585083227605 250.85787260346115 236.83070801757276 25.672240594401959 54.500607621856034 18.977157222107053 4.0144272493198505 167.35735170170665 33.853767148219049 30.576087260618806 69.242053352296352 65.680611118674278 35.417990998364985 534.80578261893243 110.97512084338814 268.64508643001318 5.1107971817255011 183.61016587913036 20.373033322393894 389.37821182049811 15.180728629231451 5.2006084956228724 9.8733806125819665 17.763997985981405 80.979498838074505 191.02526314370334
leaf_count=385704 1055 10080 6671 499 1382 67938 4469 50649 11961 16978 596 3399 17102 8476 9292 61 738 25016 2856 10180 285 4318 6253 3022 7037 228196 1952 1099 1270 24 2182 498 211 8642 14200 618 38917 4889 3009 1049 938 324 100 4848 743 746 1131 1556 2540 9162 3332 21156 40 1906 284 4047 227 61 95 367 2213 1411
internal_value=-0.000116157 -0.0425237 0.0504523 -0.067767 -0.0113585 0.0633138 -0.0341585 -0.0457618 0.00463383 0.0316932 0.0077458 0.0128456 0.0692359 -0.00104332 -0.0774236 -0.0679932 -0.0100831 0.0531006 -0.0200982 -0.00442444 -0.0188317 0.00544599 0.00199736 -0.0530472 -0.0259308 0.0745475 -0.0304611 0.0087291 0.000591264 -0.078087 0.0454983 -0.0181557 0.00774097 0.0588447 0.0524882 0.00788159 0.0384379 -0.00657246 -0.0122338 0.0021693 0.0460676 0.000535272 -0.0384819 -0.0350949 0.0271143 0.0152026 0.036414 0.0114047 0.0275785 0.00533797 0.0168347 0.065043 0.0232168 0.00194683 -0.00261938 0.00221196 -0.0289746 -0.0411167 -0.124629 -0.0478403 -0.026413 -0.000323526
internal_weight=17444 9487.54 7956.42 5241.79 4245.75 5928.77 1750.33 1370.77 2495.42 935.211 379.563 2027.66 4993.56 2176.83 4490.12 734.497 751.673 1236.72 636.269 2031.06 626.194 366.291 1404.86 259.903 407.981 3756.83 387.657 343.692 295.351 562.051 929.187 181.45 85.3253 197.503 527.634 1830.15 651.949 406.969 288.49 66.1235 145.768 913.496 29.6867 172.447 91.2671 916.657 139.202 777.456 212.074 565.382 176.656 1189.74 295.314 894.519 710.909 600.777 110.132 94.9513 15.074 265.926 98.7435 580.403
internal_count=1020000 539959 480041 410880 129079 439505 81481 73407 47598 37849 8074 40536 401656 35637 397576 55582 13304 84366 17825 32574 17805 4603 14769 13202 9488 317290 8989 3816 3078 50673 59350 1979 709 12041 31178 28495 42248 7745 3605 3331 3063 8973 1149 4909 2125 19522 2186 17336 7428 9908 4888 89094 6293 8649 6743 5742 1001 774 156 11872 2580 5458
is_linear=0
shrinkage=0.08


Tree=49
num_leaves=63
num_cat=0
split_feature=9 6 6 9 2 9 9 4 2 3 9 1 2 2 2 4 1 4 2 4 3 4 4 9 3 1 2 2 4 2 1 2 1 2 1 4 3 1 2 1 4 2 2 3 3 1 2 1 2 3 1 9 4 2 1 9 3 4 2 3 2 3
split_gain=5218.98 1107.72 578.869 372.931 188.253 173.884 121.012 177.341 72.5142 69.1116 66.4339 59.7923 59.0852 46.2193 43.5458 41.2346 40.8485 32.3375 30.0992 24.7887 22.2724 20.7943 20.4092 20.292 19.031 25.2304 18.7535 21.3073 18.2113 18.2696 32.3347 48.3194 17.7144 16.6861 16.427 16.2604 16.0281 45.0475 25.6505 15.9588 15.5717 14.8529 16.619 20.5739 49.6954 17.9389 22.6388 26.2891 16.2395 16.1189 15.6146 15.5718 14.5192 14.4992 17.6969 14.3308 14.3266 13.5816 13.5368 27.6816 13.392 31.1305
threshold=0.60823646187782299 1.0000000180025095e-35 1.0000000180025095e-35 0.49720504879951483 79.772727966308608 0.72316691279411327 0.47568884491920477 26.111660003662113 42.93394851684571 5.5000000000000009 0.82328909635543834 50.252525329589851 23.294573783874515 94.360820770263686 49.25306701660157 56.025478363037116 71.89255523681642 50.802230834960945 90.815368652343764 98.739471435546889 1.0000000180025095e-35 60.650449752807624 23.14919471740723 0.57548686861991893 4.5000000000000009 68.614070892333999 48.934240341186531 92.390407562255874 29.278497695922855 60.736890792846687 53.248945236206062 53.410852432250984 42.93394851684571 69.00656890869142 27.334994316101078 71.241439819335952 8.5000000000000018 79.262283325195327 92.390407562255874 95.293468475341811 73.126304626464858 71.50376129150392 94.360820770263686 8.5000000000000018 10.500000000000002 87.570224761962905 85.053192138671889 72.821968078613295 82.009250640869155 1.0000000180025095e-35 84.889995574951186 0.66001698374748241 37.688747406005866 82.413585662841811 82.891983032226577 0.42120863497257238 20.500000000000004 56.025478363037116 63.224515914916999 4.5000000000000009 99.532711029052749 10.500000000000002
decision_type=2 2 2 2 2 2 2 2 2 2 2 2 2 2 2 2 2 2 2 2 2 2 2 2 2 2 2 2 2 2 2 2 2 2 2 2 2 2 2 2 2 2 2 2 2 2 2 2 2 2 2 2 2 2 2 2 2 2 2 2 2 2
left_child=1 3 10 15 6 11 7 14 -8 18 41 -4 -9 22 55 -1 26 -14 -7 33 -16 -13 -6 -18 25 -24 -5 -28 -10 30 31 32 -30 -11 -15 -35 -37 38 -38 -12 -17 51 45 50 -45 46 47 48 -43 -47 -44 52 -2 -49 -55 -3 -29 -27 -19 -60 -39 -62
right_child=2 4 5 16 13 9 8 12 28 19 39 21 17 34 20 40 23 58 -20 -21 -22 -23 24 -25 -26 57 27 56 29 -31 -32 -33 -34 35 -36 36 37 60 -40 -41 -42 42 43 44 -46 49 -48 53 -50 -51 -52 -53 -54 54 -56 -57 -58 -59 59 -61 61 -63
leaf_value=-0.077954330843692007 -0.14738981335697862 -0.054507319181014639 0.064677198073524927 0.031475055164969484 0.0077106924780500222 0.062939274892178765 0.059028099481146755 0.079795930680689783 0.054182706485710067 0.07184485641115379 0.031621829167034182 0.0084015691819643318 -0.071644229987985211 -0.083787392997417068 0.032019528072224246 -0.029424822300721243 -0.058945118317925468 -0.012174848355803606 0.078980367418982483 0.0804375971381142 -0.011711437341030716 0.038749837756911265 0.067934911028090891 -0.015585689145799735 -0.050495291519937577 -0.029821813608915514 -0.016244065473728884 0.062453948346569275 -0.098141344468110611 -0.023249875301862646 0.035623628648125454 -0.11797753217991928 0.0079901078471816475 0.060105077454540926 0.032489452937532123 0.048472193970841383 -0.0093794728400002914 0.025645440884807438 0.057074481608058412 0.078633245922701919 0.092727923776668428 -0.039182379563795486 0.042214740966421617 -0.044476016913153317 0.025927703344698721 -0.030220065257942123 -0.024691020508972619 0.031956277493740089 0.021540797888332474 0.040248774736413834 0.012556279514587947 0.049256552822836967 0.011900096666488932 -0.05801343894761464 0.023150345267112269 0.14198627245048859 -0.12679649425154846 0.099633272238407802 0.4811570139638755 0.012409910276038348 -0.10179403625838954 0.0088896283944931813
leaf_weight=3993.1706881653517 3.7840656340122214 169.5354176312685 236.54274424817413 76.004443364217877 704.99175105802715 1086.6826833942905 126.27686485461891 17.79607542604208 29.478255429305136 146.55097323656082 84.147863236255944 461.33522940985858 696.34390116389841 7.8890721397474399 81.04283214174211 64.163092944771051 181.26882628444582 33.84711848385632 2406.5053944820538 163.728056631051 928.4182017724961 210.39486082084477 26.666717406362295 111.60975704714656 83.230835453607142 78.956207219511271 434.85194067005068 33.168095926754177 10.888852035626767 324.64498474262655 122.6468841386959 26.293790148571134 133.04921528883278 244.87153343111277 542.15145280584693 313.43722601048648 47.653267449699342 24.332286864519119 169.03455678839236 102.51493335328996 7.4549882337450972 105.28988250717521 169.04460474476218 115.37777562439442 144.56283376738429 26.528583658859134 303.32136707380414 180.95587761886418 38.490843808278441 95.76906078029424 346.44105546269566 104.12921049259603 113.75975740328431 29.539315169677138 41.135731967166066 2.4092420432716599 2.7741738781332961 5.5513752847909918 1.1188626587390889 2.8861879948526621 31.094465930946171 34.095481354743242
leaf_count=387272 20 9529 17068 1088 6637 86829 5404 663 347 10879 3399 9333 61047 275 917 1730 10613 677 230461 14487 12834 11448 601 1828 2585 1731 7718 412 128 4906 1386 332 1962 16274 16977 22975 3211 1444 11817 8642 202 1135 2852 817 1587 560 3028 2114 405 1895 10007 1838 1434 289 514 26 17 29 15 71 1273 2006
internal_value=-0.000119016 -0.041099 0.0488587 -0.0668488 -0.0107126 0.0621136 -0.0231721 -0.0338698 0.00357519 0.0683451 0.0119905 0.0300875 -0.0642386 0.0125542 -0.0145395 -0.0768752 -0.0183121 -0.0677298 0.0739902 0.0515598 -0.00820057 0.0179071 0.00138236 -0.0424218 -0.0215667 9.07176e-05 -0.00539832 -0.0113511 -0.00724768 -0.0101801 0.00430718 -0.0182554 -3.86902e-05 0.0468834 0.0308217 0.042652 0.035755 0.0227376 0.0424601 0.0574404 -0.0167095 0.00732422 0.00462983 0.0130287 -0.00532184 -0.00330256 -0.00824978 0.00436234 -0.0229265 0.0249628 0.0222823 0.0267289 0.00677211 0.019955 -0.0107728 -0.0517541 0.0478468 -0.0213178 0.00428198 0.14336 -0.0250007 -0.0439045
internal_weight=16641.6 9060.58 7581.05 4904.47 4156.11 5576.26 2706.68 1933.4 773.279 4667.99 2004.79 908.273 751.992 1449.44 1181.41 4064.79 839.677 734.196 3493.19 1174.8 1009.46 671.73 899.397 292.879 194.405 111.174 546.799 470.794 647.002 617.524 292.879 170.232 143.938 1011.07 550.041 864.519 619.647 306.21 216.688 186.663 71.6181 1818.13 1596.46 775.426 259.941 821.031 698.733 395.412 143.781 122.298 515.486 221.673 117.544 251.631 70.675 171.945 35.9423 84.5076 37.8522 4.00505 89.5222 65.1899
internal_count=1020000 539959 480041 410880 129079 439505 100244 85779 14465 401656 40536 37849 62473 28835 23306 389204 21676 61810 317290 84366 13751 20781 11583 12441 4946 2361 9235 8147 9061 8714 3808 2422 2090 69879 17252 59000 42726 19751 15028 12041 1932 28495 25203 15263 2404 9940 7485 4457 1540 2455 12859 3292 1454 2917 803 9555 429 1760 763 86 4723 3279
is_linear=0
shrinkage=0.08


Tree=50
num_leaves=63
num_cat=0
split_feature=5 6 6 0 1 9 4 5 5 6 0 1 9 6 0 5 1 4 5 5 0 4 4 8 5 0 1 0 5 8 4 4 9 0 1 1 0 1 3 0 8 5 4 8 5 0 3 9 9 1 6 4 3 0 3 1 8 6 6 1 1 0
split_gain=4682.85 1159.91 740.334 256.2 207.271 118.243 95.7169 87.6287 73.9149 66.3791 60.6214 50.0628 47.8516 38.7417 40.333 28.1228 26.797 26.3532 56.3274 31.7303 24.6695 21.6103 21.1053 20.4661 20.4618 20.2994 20.2625 23.1824 20.0674 20.02 27.3705 18.9962 18.3278 18.3015 30.9885 18.9766 18.1488 16.1188 15.5821 16.7456 15.4512 14.9642 14.88 20.7007 14.7949 21.3032 14.4695 14.2423 14.1998 14.1072 17.1097 13.9267 13.2155 18.0534 13.1358 12.1994 11.7728 11.4744 11.3071 11.1309 10.9129 10.6848
threshold=52.657253265380866 1.0000000180025095e-35 0.75000000000000011 61.938297271728523 92.768566131591811 0.52298191189765941 26.111660003662113 67.586601257324233 97.989273071289077 0.75000000000000011 87.570224761962905 88.784065246582045 0.72316691279411327 1.0000000180025095e-35 86.295150756835952 98.557659149169936 55.612831115722663 27.636927604675297 38.829240798950202 38.364128112792976 56.294013977050788 26.709129333496097 34.802019119262702 1.0000000180025095e-35 75.893997192382827 47.413022994995124 61.938297271728523 28.778468132019047 41.614616394042976 1.0000000180025095e-35 43.947717666625984 49.285570144653327 0.49213162064552313 93.40579986572267 88.036697387695327 48.912528991699226 90.353595733642592 48.683298110961921 5.5000000000000009 85.58441543579103 1.0000000180025095e-35 40.54998970031739 53.13592720031739 1.0000000180025095e-35 44.49494934082032 18.350168228149418 1.0000000180025095e-35 0.57548686861991893 0.48769050836563116 96.039215087890639 1.0000000180025095e-35 59.863313674926765 7.5000000000000009 71.35785293579103 5.5000000000000009 61.620294570922859 1.0000000180025095e-35 0.75000000000000011 0.75000000000000011 87.841831207275405 48.050632476806648 51.649148941040046
decision_type=2 2 2 2 2 2 2 2 2 2 2 2 2 2 2 2 2 2 2 2 2 2 2 2 2 2 2 2 2 2 2 2 2 2 2 2 2 2 2 2 2 2 2 2 2 2 2 2 2 2 2 2 2 2 2 2 2 2 2 2 2 2
left_child=1 5 4 6 8 36 16 12 13 44 17 15 29 20 24 38 28 19 32 37 26 -12 -20 47 42 -18 27 -2 -3 -4 -31 40 -19 35 -35 -22 -1 -5 39 -9 57 -11 -15 -44 -8 -46 -39 -7 -29 50 -6 -32 -48 55 -16 -54 -40 -23 -21 -34 -24 -28
right_child=2 3 7 10 49 23 9 11 -10 41 21 -13 -14 14 54 -17 25 18 22 58 33 31 60 -25 -26 -27 61 48 -30 30 51 -33 59 34 -36 -37 -38 46 56 -41 -42 -43 43 -45 45 -47 52 -49 -50 -51 -52 -53 53 -55 -56 -57 -58 -59 -60 -61 -62 -63
leaf_value=-0.078446092954666077 0.053155342319646061 -0.030305108646502661 0.027035365053386291 0.046196619171528237 0.021871199900925599 -0.036739600764749095 -0.079492481438060786 0.055981442046149965 0.065965405337282623 -0.05087173458673698 0.040620446956011858 0.078769761963225382 0.071263222890147915 0.016936018980959606 0.069564909376642364 0.078726084312334563 0.1494093825837845 -0.076727905120222414 0.052261874242978665 0.3234497293378405 0.040513881811900826 -0.018936024399757417 0.068408917221304183 -0.05266239517463174 0.02800529144842168 -0.00014384339298845441 0.1029799400120528 -0.056712420406767848 0.30927278432806726 0.046495308483564972 -0.062586890310414686 0.085811104045382017 -0.035436165557199188 0.075404969226094271 -0.18643497200815015 0.0018199776156830436 0.069838044608242597 0.027825842907664364 0.056481576028143458 0.077276546311402905 -0.063655381935027663 -0.0077715082268196428 0.011995344996427267 -0.041228759340960937 0.43814329347138659 -0.040696954932197466 -0.0073886661273511265 0.0082291844515054342 -0.018460447538492464 0.077019173752813419 0.080844995301002434 0.017981581304415156 -0.04599439318425963 0.029373642819144036 -0.007574137017043168 0.0047000249405895504 0.03781613439059868 0.047669812877585517 0.10498005277021814 0.065148651053373779 -0.0082797266730496449 0.001494020665279725
leaf_weight=3708.6166509995237 22.550506343133748 443.09906908404082 137.06192233040929 52.026525898836553 77.998075386509299 75.605688355863094 464.09228205867112 715.30826262198389 140.56265594810247 79.507540460675955 331.50494159571826 1640.2549285534769 105.51673648599535 181.04071176517755 123.19304061215371 447.94975081644952 5.9529574224725357 91.253503728657961 47.362206496298313 1.866617949679491 84.867462882772088 42.117312334477901 12.380257808603345 116.27412427496165 330.46068868599832 239.5454484000802 12.197802143171431 92.977903479710221 1.1165654277428974 29.470718038268387 59.74415378831327 14.335952177643774 111.87707571592182 39.778356809169054 3.1195996794849625 1835.7395597491413 5.2900246735662213 115.12083936482668 517.46633550617844 352.93939132615924 27.4587208237499 146.6444191634655 91.419992657378316 95.751947986893356 0.60126646142452855 53.835040737874806 823.15331512782723 111.62467215396464 187.07308316417038 309.1372226588428 52.797386003658175 17.828273380175233 39.995771554298699 173.94994447007775 15.958393468521534 126.372807062231 371.53870928939432 27.272011011838913 8.075681559741497 7.5140892229974261 291.38268090132624 14.5704541914165
leaf_count=391764 551 16614 2810 447 3733 3316 48822 58567 10282 3651 13512 174318 8610 1878 9089 42251 71 8558 753 20 1346 378 235 4546 17787 2848 146 3860 13 440 673 306 2291 1310 61 23150 145 1357 37221 32180 328 1683 1494 1063 11 3293 7192 1343 2086 28482 5380 398 405 2451 877 1146 26701 699 98 73 4707 180
internal_value=-0.000118544 -0.0443831 0.0424562 -0.0125701 0.0161463 -0.0743114 -0.0392023 0.0646723 0.00921304 -0.0590907 0.00372016 0.0679931 0.0262473 0.00666496 0.0213871 0.0606438 -0.0177289 -0.00248475 -0.0170302 0.00361061 0.00128543 0.0303841 0.0025905 -0.0263008 0.0135537 0.00348259 -0.0189753 -0.0248769 -0.0294516 0.00678867 -0.0191359 -0.000136659 -0.0497361 0.00468407 0.0563636 0.00352978 -0.0782349 0.00254671 0.0565054 0.0630172 -0.0128591 -0.0229241 0.000583873 -0.0152326 -0.0748644 -0.035408 0.000770571 -0.00992971 -0.0311602 0.0677008 0.0456768 -0.04407 -0.00190644 0.0113538 0.0607183 -0.00748715 0.0486808 0.007242 0.145997 -0.0291057 -0.00515418 0.0477393
internal_weight=15903.1 7796.83 8106.27 3779.41 3711.19 4017.41 1434.39 4395.08 3271.26 744.681 2345.02 4045.46 349.622 3130.7 837.825 2405.2 689.714 1902.33 561.77 1340.56 2292.87 442.689 351.125 303.504 698.673 245.498 329.37 302.601 444.216 244.105 107.043 111.184 210.645 1963.5 42.898 1920.61 3713.91 1330.62 1957.25 1068.25 96.848 226.152 368.213 187.172 518.529 54.4363 1278.59 187.23 280.051 439.933 130.795 77.5724 1163.47 340.319 139.151 166.369 889.005 69.3893 9.9423 119.391 303.763 26.7683
internal_count=1020000 523076 496924 121962 112755 401114 77006 384169 75160 57460 44956 371238 12931 64878 32188 196920 19546 29733 16617 13116 32690 15223 5695 9205 22222 2919 6823 6497 16627 4321 1511 1711 10922 25867 1371 24496 391909 12998 154669 90747 1405 5334 4435 2557 52126 3304 12551 4659 5946 37595 9113 1071 11194 4002 9966 1551 63922 1077 118 2364 4942 326
is_linear=0
shrinkage=0.08


Tree=51
num_leaves=63
num_cat=0
split_feature=5 6 6 0 1 2 1 1 2 5 5 3 4 5 5 2 5 0 0 6 5 5 6 1 1 5 4 0 6 0 5 4 0 2 2 3 0 3 4 0 5 2 2 0 0 0 0 3 7 1 2 1 2 1 6 2 4 4 2 3 0 0
split_gain=4170.15 1113.49 709.162 228.608 192.914 117.639 90.633 86.879 85.9135 83.8394 68.0315 46.4658 40.5959 75.6097 41.1558 38.7971 36.9657 34.6685 34.5595 30.2507 29.0685 25.817 25.3223 24.3895 22.9068 22.5384 21.1263 21.1147 20.459 20.2677 19.6242 20.2087 19.1164 56.8431 25.165 32.8632 30.2042 18.893 17.5346 16.9504 16.4063 16.037 23.458 17.2077 23.0829 16.122 15.7729 18.6884 16.8308 15.7372 15.2389 14.5656 14.5242 14.4718 16.8734 14.3621 16.4246 14.3239 14.136 24.8948 18.7173 14.4182
threshold=52.657253265380866 1.0000000180025095e-35 0.75000000000000011 56.73658752441407 92.768566131591811 64.326763153076186 88.784065246582045 73.443557739257827 94.360820770263686 67.586601257324233 97.989273071289077 6.5000000000000009 27.636927604675297 40.631225585937507 36.07402420043946 50.252525329589851 40.080320358276374 22.903981208801273 93.40579986572267 1.0000000180025095e-35 98.557659149169936 74.106002807617202 0.75000000000000011 55.898166656494148 88.036697387695327 46.734052658081062 28.639780998229984 69.939758300781264 0.75000000000000011 90.815368652343764 44.930728912353523 23.14919471740723 56.294013977050788 53.907203674316413 67.890834808349624 16.500000000000004 28.778468132019047 8.5000000000000018 34.297668457031257 67.006801605224624 11.483516693115236 72.04651260375978 84.660633087158217 71.35785293579103 53.144779205322273 77.836257934570327 86.295150756835952 8.5000000000000018 1.0000000180025095e-35 35.368577957153327 59.611795425415046 83.910789489746108 93.957649230957045 96.039215087890639 1.0000000180025095e-35 93.957649230957045 47.080135345458991 40.077220916748054 75.716625213623061 11.500000000000002 64.89996719360353 85.847797393798842
decision_type=2 2 2 2 2 2 2 2 2 2 2 2 2 2 2 2 2 2 2 2 2 2 2 2 2 2 2 2 2 2 2 2 2 2 2 2 2 2 2 2 2 2 2 2 2 2 2 2 2 2 2 2 2 2 2 2 2 2 2 2 2 2
left_child=1 7 4 5 10 17 9 25 12 27 18 23 14 22 29 -15 -9 -3 19 32 46 55 -14 -7 -20 -1 -13 -4 -16 49 31 -19 34 57 36 -36 -2 -23 -17 -27 -10 -39 43 44 -43 -45 48 -48 -11 -5 -50 -44 -26 54 -6 56 -21 -34 59 61 -61 -51
right_child=2 3 6 8 53 11 -8 16 40 20 -12 26 13 15 28 38 -18 30 24 21 -22 37 -24 -25 52 39 -28 -29 -30 -31 -32 -33 33 -35 35 -37 -38 41 -40 -41 -42 42 51 45 -46 -47 47 -49 50 58 -52 -53 -54 -55 -56 -57 -58 -59 -60 60 -62 -63
leaf_value=-0.07929911901936422 0.064379090766369287 0.15112958846204619 -0.0046652503636713831 0.12733165274453964 0.020554626369225237 0.12158717711431193 0.078637532845677219 -0.064244844866497786 0.044152585447347834 -0.12470799514641423 0.064867435204767288 -0.0012482923710561476 -0.071625162499125136 0.11216717533808854 0.35743444711693195 0.045956818560579898 -0.010626619270485822 -0.047447662331569468 0.077211093903648192 0.022939623783990538 0.078488522893921234 0.042050729635952404 -0.024901827741894547 0.024745835613592133 0.083981283421841607 -0.06400303240768819 -0.070556463453131532 0.040293673305295194 0.09557995805498759 0.043675112923017949 -0.025460661082299128 -0.075613845696600374 0.17278316098725666 0.00030084802650824936 0.052129702069696242 -0.078438117612694744 -0.037876395769236536 0.04089476488551904 -0.011081746968485143 -0.008835700302537523 0.016073199102189867 0.086195500211556753 0.013445180361651279 0.054726631062393748 -0.41960694950297261 -0.28248490520638581 0.074602618453806377 -0.024653186418861023 0.068343391996461972 -0.019742928794246606 0.048069573872425608 -0.090119429326333544 -0.22902587760184279 0.07661713091276609 0.080779755107409326 0.052405348911595033 -0.014468727391111226 0.05717238401645177 0.0035562594383245888 0.0033215407109388429 0.10081633084284082 0.085643251520636773
leaf_weight=3179.6828331192955 20.090948130004108 5.0000975457951418 170.40077837463468 5.9359458703547707 76.421823345124722 26.048365599475801 1577.9748254856095 149.50273907091469 246.74558147229254 3.4572446979582301 131.86400133837014 114.73125072196126 180.41316836513579 19.226340712979436 2.3332556169480059 38.904026946052909 183.04593442287296 264.28664884809405 59.484074317850173 112.57992545422167 414.71144000440836 310.89850215241313 126.14044494740665 46.10181947145611 1.4740742873400439 178.97896874882281 37.297290281392634 110.01974420435727 10.517257422208786 63.143339697271585 91.858899797312915 425.50583858322352 7.5322462506592265 1833.7362993201241 56.786403485573828 15.761494409292935 231.61738918535411 45.586306878365576 304.26791332662106 44.508884220384061 289.32687246054411 0.76243612356483881 51.26249876152724 2.9254181021824479 2.3798926081508398 1.3153952844440935 320.00340832117945 12.619392530061303 294.45358261745423 519.17006933502853 1222.0315305730328 10.465723125264047 2.662427649833262 286.80745826195925 48.775896729901433 34.164028805680573 225.73391058668494 76.705832575447857 821.34279593173414 34.684940288774669 19.794977060519159 8.443658007308839
leaf_count=368194 531 141 2385 71 3733 411 180330 11055 9517 92 10282 1233 16890 310 47 519 3819 13518 2866 1028 42251 20815 1890 574 48 16542 2739 4534 106 2173 2785 43698 70 23055 648 207 5437 2039 4823 1504 7990 18 2276 126 80 50 30954 512 23849 5862 99262 239 61 28482 5380 1308 2605 1371 5886 524 130 125
internal_value=-0.000121454 -0.0429473 0.0408504 -0.0118479 0.0151531 -0.0442842 0.0635711 -0.0737594 0.000339018 0.0542394 0.00858831 0.00683915 -0.0067923 -0.0231565 0.00057752 0.00158017 -0.0347316 -0.0588533 0.0061974 0.00497628 0.0593432 0.018352 -0.0523995 0.0597084 0.0645524 -0.0775731 -0.0182517 0.0129739 0.143125 -0.000666476 -0.0601965 -0.0648223 0.000215472 0.00325269 -0.0177497 0.023763 -0.0297145 0.0318129 -0.00461551 -0.0530161 0.0289977 0.00406223 -0.0202328 -0.154999 -0.296882 -0.049868 0.0550574 0.0708369 0.0516042 -0.00265309 0.0520061 -0.0041137 -0.117483 0.066711 0.0440178 0.00297155 -0.00202044 0.0675099 -0.00320287 -0.0127401 0.0387457 -0.0180564
internal_weight=15210.4 7436.94 7773.47 3701.22 3647.79 1010.83 4125.67 3735.72 2690.39 2547.7 3235.79 224.179 2154.32 668.952 1485.37 362.398 332.549 786.651 3103.93 3040.3 2267.28 798.074 306.554 72.1502 63.6206 3403.17 152.029 280.421 12.8505 1472.52 781.651 689.792 2242.23 1917.97 324.256 72.5479 251.708 425.596 343.172 223.488 536.072 114.698 69.1114 7.38314 3.14233 4.24081 1852.57 332.623 1519.94 1409.37 1516.49 61.7282 4.1365 412.005 125.198 372.478 338.314 84.2381 1403.44 582.094 54.4799 527.614
internal_count=1020000 523076 496924 121962 112755 65099 384169 401114 56863 203839 75160 4957 39356 24432 14924 5652 14874 60142 64878 61903 196920 30584 18780 985 2975 386240 3972 6919 153 14771 60001 57216 31319 24496 6823 855 5968 25643 5342 18046 17507 4828 2789 274 98 176 154669 31466 123203 12598 123111 2515 109 37595 9113 4941 3633 1441 12527 6641 654 5987
is_linear=0
shrinkage=0.08


Tree=52
num_leaves=63
num_cat=0
split_feature=5 6 6 9 0 0 0 0 6 5 5 4 5 5 3 4 5 0 4 5 4 6 4 9 9 5 8 8 7 5 4 6 4 8 9 3 4 8 4 4 3 3 0 9 3 0 3 0 0 4 7 9 9 5 9 3 4 5 0 9 9 8
split_gain=3715 1054.95 578.428 292.898 206.239 122.95 78.5781 78.1948 76.4658 43.8403 40.1142 92.8797 33.7513 33.114 30.6355 27.9937 27.3807 22.7223 23.8548 18.8649 84.3526 35.8598 25.8161 18.6795 18.3784 17.8863 17.866 17.643 16.8705 16.791 31.9607 16.3514 14.698 14.6408 14.3839 14.3188 16.4807 14.2926 18.7518 14.2676 14.0718 14.5053 14.0261 13.7113 12.93 12.5965 12.4661 12.4249 18.6154 12.2606 12.647 12.4408 12.0037 12.4459 12.0947 20.4738 11.5469 16.5925 13.8506 11.5235 11.2547 11.1152
threshold=62.534915924072273 1.0000000180025095e-35 1.0000000180025095e-35 0.49720504879951483 56.73658752441407 86.295150756835952 87.570224761962905 95.861873626708999 0.75000000000000011 43.204938888549812 44.930728912353523 24.502962112426761 50.318523406982429 98.557659149169936 5.5000000000000009 36.854232788085945 96.67456436157228 57.93287658691407 41.394500732421882 43.204938888549812 29.278497695922855 0.75000000000000011 35.319471359252937 0.83571708202362072 0.91739380359649669 36.07402420043946 1.0000000180025095e-35 1.0000000180025095e-35 1.0000000180025095e-35 46.734052658081062 31.755368232727054 0.75000000000000011 39.242893218994148 1.0000000180025095e-35 0.31047625839710241 1.5000000000000002 36.329965591430671 1.0000000180025095e-35 41.686414718627937 49.285570144653327 1.0000000180025095e-35 11.500000000000002 52.419982910156257 0.57548686861991893 12.500000000000002 71.834934234619155 19.500000000000004 56.048780441284187 35.043859481811531 33.701759338378913 1.0000000180025095e-35 0.6702905297279359 0.52298191189765941 44.49494934082032 0.49720504879951483 2.5000000000000004 81.262451171875014 67.586601257324233 61.938297271728523 0.21332865953445437 0.66001698374748241 1.0000000180025095e-35
decision_type=2 2 2 2 2 2 2 2 2 2 2 2 2 2 2 2 2 2 2 2 2 2 2 2 2 2 2 2 2 2 2 2 2 2 2 2 2 2 2 2 2 2 2 2 2 2 2 2 2 2 2 2 2 2 2 2 2 2 2 2 2 2
left_child=1 3 7 12 10 8 19 23 16 -5 11 34 -1 24 -7 -11 35 -14 44 20 25 43 52 49 28 40 -17 -12 -10 30 -8 -13 -29 -30 -3 36 -4 -24 -39 61 -6 -42 -36 -22 -19 59 -40 48 -37 51 60 -2 53 54 55 -21 57 58 -35 -43 -51 -32
right_child=2 4 5 9 6 14 29 -9 13 15 27 31 17 -15 -16 26 -18 18 -20 22 21 -23 37 -25 -26 -27 -28 32 33 -31 39 -33 -34 56 42 47 -38 38 46 -41 41 45 -44 -45 -46 -47 -48 -49 -50 50 -52 -53 -54 -55 -56 -57 -58 -59 -60 -61 -62 -63
leaf_value=-0.078834672312432186 -0.065721585322593756 -0.026447160481847955 -0.13235606729415689 -0.055289425294307283 0.025420890653720832 0.078400262340046781 0.036094865635375374 0.075824877242282457 -0.1143213883793128 0.038841143067572997 0.01272956166080417 -0.079980023991675836 -0.05844063147263745 0.078333553912769208 0.031745713314040733 -0.0010165386118088442 0.062318876476334779 0.094306552201696286 -0.018181159956249755 0.094044269868482439 -0.068900725044792208 -0.015041973788192086 0.015774729432110893 0.051079514842512323 0.077694045245215074 0.095289392706566375 -0.033281131013130003 0.0416896694437437 0.056170876644570593 0.067159553116136361 -0.012591512187394484 -0.040798786847794012 -0.043519003011520098 -0.086929034673405584 0.056813123434103413 0.064383353194573251 0.052382529808844717 0.028379616331420113 -0.0267047466500882 0.11934638450716149 -0.0052073235204987542 0.22074818292214243 -0.015113943213928963 0.066111704229053186 0.37970772806662012 0.056661997445745835 0.16669227980589704 0.016805297076529935 -0.036187000370164361 0.030503785315870679 0.0068203006769946986 0.052432975695179337 0.041017634786899591 0.094150118577172787 0.12562031958427858 0.86868580970777487 0.030012954897563806 0.057217056019033867 0.037368397754692327 0.0050267379379274951 -0.0462407952476089 -0.086881345510343003
leaf_weight=3043.7919949684292 28.30573645606637 354.0038397340104 3.2087914180010548 163.51273297145963 129.97780679166317 1775.2913561873138 327.44128905981779 108.27891133911908 4.0332150487229219 71.134791419841349 119.39240532647818 348.73187332320958 115.24892583955079 366.22877561394125 94.892466384917498 249.86372416000813 98.709479457698762 6.256857610307633 31.886056719347835 0.38469997327774652 187.68186994642019 170.22118829935789 272.05941678024828 57.219689129851758 158.63499771151692 12.767626204527913 195.99755682516843 15.026211652904747 882.83867147751153 74.847835621796548 44.186155620962381 84.730450021103024 94.038079783320427 9.5492227198556083 28.143343083560467 14.327623657882212 83.900846875272691 57.466601292602718 172.30410693585873 4.125826269388198 1244.690592228435 1.6023415382951487 45.248347675427794 4.9407890588045111 1.2128744572401045 42.934823490679264 2.1598433507606378 324.51751022785902 66.221623932942748 15.970497503876684 1842.8699679346755 7.1424363376572719 55.544885275885463 9.3698645317926985 0.97289057541638613 0.50501650758087635 334.23978539463133 274.88930817693472 14.373974770307539 144.87125597707927 52.214133302681148 18.198179477825761
leaf_count=379810 182 14097 79 11702 1631 211795 13691 10200 96 1012 1870 42767 7387 40647 7691 3745 8945 159 1092 12 17935 2201 4119 3646 18522 168 4416 326 74958 4270 518 3937 2077 213 577 637 5344 738 2167 50 13631 11 636 34 21 665 20 14089 1414 175 27005 80 808 111 12 34 29202 23134 841 1636 784 228
internal_value=-0.0001232 -0.0369915 0.0441524 -0.0668424 -0.00853219 0.060345 0.00235905 0.00960646 0.0492132 -0.0191836 -0.0383195 -0.0462281 -0.0769825 0.0565382 0.076033 -0.0077642 0.0238649 -0.0405185 0.0119646 -0.00325536 -0.00701724 -0.0417955 0.00952897 0.00602809 0.0517829 0.000985501 -0.0151998 -0.00851887 0.0490785 0.0324246 0.0258253 -0.0723211 -0.0317795 0.0495133 -0.0197648 0.0161526 0.0455775 0.00333585 -0.0112552 -0.0247338 0.000215694 -0.00206875 0.0124678 -0.0654376 0.140648 0.0185563 -0.0243105 0.00982483 -0.0182981 0.00470375 0.00556848 -0.0419147 0.0562704 0.131696 0.320569 0.533743 0.0402288 0.0516558 -0.0122464 0.00738661 -0.0282653 -0.0342627
internal_weight=14565.3 7947.47 6617.86 3878.91 4068.57 4505.86 2979.25 2112 2635.67 680.509 1089.31 860.858 3198.4 2044.79 1870.18 516.996 590.886 154.605 39.3558 2510.46 1939.69 362.844 570.767 2003.72 1678.56 1576.84 445.861 228.457 1519.92 468.799 393.951 433.462 109.064 1515.89 427.396 492.176 87.1096 503.99 231.931 66.5102 1564.08 1434.1 73.3917 192.623 7.46973 189.408 174.464 405.067 80.5492 1946.5 1911.05 35.4482 66.7774 11.2325 1.86261 0.889716 633.052 298.813 23.9232 146.474 68.1846 62.3843
internal_count=1020000 540321 479679 409344 130977 437607 64690 42072 218121 20875 66287 62014 388469 187613 219486 9173 30508 8659 1272 45933 37912 20170 8021 31872 146966 17742 8161 4273 128444 18757 14487 46704 2403 128348 15310 21563 5423 7044 2925 796 17574 15943 1213 17969 180 2312 2187 16140 2051 28226 27964 262 977 169 58 46 53390 24188 1054 1647 959 746
is_linear=0
shrinkage=0.08


Tree=53
num_leaves=63
num_cat=0
split_feature=5 4 9 9 5 2 9 2 3 2 3 2 8 2 5 2 5 2 4 4 8 5 5 4 4 2 1 3 7 4 2 1 2 5 4 3 3 2 2 3 4 3 1 5 2 3 3 1 2 1 5 2 3 4 3 1 2 3 7 1 1 2
split_gain=3301.77 871.42 624.077 496.767 88.0073 87.0045 68.7712 73.6506 65.9282 56.2958 46.4619 44.333 43.7674 36.7711 32.2153 31.6212 31.2931 30.8735 30.7198 33.2499 46.5659 21.3285 20.8574 25.8506 18.8474 18.2463 26.8448 27.0309 18.0624 17.2065 17.1239 16.3524 15.9984 15.7095 17.3327 15.459 19.3616 15.1418 15.0451 16.2416 14.6221 16.3065 14.9071 14.4751 14.3492 13.9904 13.7996 22.2199 13.91 15.3432 13.7672 12.9684 12.7797 12.7401 14.4145 36.2154 16.372 14.7408 12.6927 12.6127 12.4625 12.389
threshold=52.657253265380866 23.14919471740723 0.81570467352867138 0.49213162064552313 96.881942749023452 58.64367866516114 0.6702905297279359 70.659969329833999 5.5000000000000009 27.842377662658695 4.5000000000000009 94.360820770263686 1.0000000180025095e-35 93.127067565917983 98.720676422119155 94.360820770263686 44.930728912353523 73.746868133544936 73.708465576171889 48.842567443847663 1.0000000180025095e-35 84.943626403808608 38.605176925659187 31.641993522644047 30.266714096069339 93.582702636718764 82.167320251464858 8.5000000000000018 1.0000000180025095e-35 28.012739181518558 90.366767883300795 95.293468475341811 88.493064880371108 45.729484558105476 37.296916961669929 9.5000000000000018 13.500000000000002 45.512083053588874 99.532711029052749 10.500000000000002 77.201145172119155 8.5000000000000018 60.736890792846687 94.600204467773452 23.294573783874515 3.5000000000000004 4.5000000000000009 50.252525329589851 75.716625213623061 65.485893249511733 83.087757110595717 42.163742065429695 9.5000000000000018 71.919967651367202 8.5000000000000018 80.186916351318374 99.532711029052749 12.500000000000002 1.0000000180025095e-35 87.841831207275405 88.998897552490249 79.772727966308608
decision_type=2 2 2 2 2 2 2 2 2 2 2 2 2 2 2 2 2 2 2 2 2 2 2 2 2 2 2 2 2 2 2 2 2 2 2 2 2 2 2 2 2 2 2 2 2 2 2 2 2 2 2 2 2 2 2 2 2 2 2 2 2 2
left_child=1 5 4 16 6 -1 9 -8 28 -2 15 46 22 18 53 -9 -3 24 19 -11 -21 -22 -5 52 -14 35 50 59 31 -18 -30 43 51 -19 -35 40 -37 -20 -29 -40 61 42 -42 -4 -31 -39 47 -7 -49 -50 -27 -25 -24 -10 -55 -56 -57 -58 -17 -28 -48 -12
right_child=2 3 8 12 -6 11 7 10 14 13 25 -13 17 -15 -16 58 29 33 37 20 21 -23 23 32 -26 26 27 38 30 44 -32 -33 -34 34 -36 36 -38 45 39 -41 41 -43 -44 -45 -46 -47 60 48 49 -51 -52 -53 -54 54 55 56 57 -59 -60 -61 -62 -63
leaf_value=-0.038659822083893479 0.070551453276070458 -0.077835304408460967 -0.21520134770062677 -0.023526924556193957 0.061979099661499351 0.060524394605477337 0.057167704375694781 0.020930688625691023 0.05706886952110337 0.008774339285660954 0.05133847919161532 0.029383814097746548 0.114826843201597 0.036735012670383337 0.07578630911459884 -0.052839630845221461 0.15226723179562837 -0.065943437030438493 0.065344079536977587 0.0024436931500395223 -0.039296117896975041 0.038421088342076602 0.056724001063966176 0.13670812704955829 -0.01282618004704434 0.050554866114272665 0.02562261561399605 0.090346150851173396 0.060069216572533682 0.091114408221729615 0.076928153664727564 0.080740822950070831 0.022898611025641179 0.048100815530258884 -0.04118373111774537 -0.071672664792924515 0.02079512867800833 0.039514831466788636 -0.082543836346528912 0.0037997005762393705 0.059924321196124029 0.034480493671871802 -0.044458524346281357 0.082053388566183591 -0.054715989515863178 -0.0058418549985614771 -0.0079347467361683705 -0.0099371211414067111 0.044663091654400175 0.0059377977022129535 0.017062615890409225 -0.010505345404982061 0.20309986215425058 0.039718669359874281 0.036485204767593656 0.028192555165055332 -0.086215828832293298 0.064228416361685026 0.055835722377743063 -0.02034867236480873 -0.19442512837020151 -0.00090143539021352893
leaf_weight=318.20264170318842 77.776192639023066 3122.5851554973051 3.7621345641091448 183.66422009840608 277.50714724883437 46.496645679697394 376.27404044009745 603.9885376621969 106.21649938542396 514.64735740795732 47.244325533509254 422.7418302372098 7.7583423471078268 166.72129706479609 146.76845573075116 7.0511886589229098 2.6482641873881212 163.27749786246568 46.537908942438662 408.543446325697 415.72754029091448 23.89907416049391 29.177712763659656 3.8831809274852267 161.31205965112895 115.47070451173931 116.8877219054848 4.7248753113672128 493.13494687667117 4.3830983303487292 1768.0229776646011 4.1288689472712576 164.67255907319486 17.083834637887776 75.028615035116673 47.493807534687221 20.856610242277384 77.537103557959199 47.738592590205371 19.694980609230697 9.6882179919630271 28.125604653730989 91.019747570157051 1.4535020547918973 292.01502763200551 99.21777343377471 659.90277169179171 304.21601253049448 76.502770770341158 454.44785471446812 245.64967375993729 278.32315317168832 4.3919648788869372 199.69810513965786 98.901013911701739 14.950762655586002 37.15375354513526 4.6949106790125361 280.31248507229611 56.735521313734353 2.3013520017266265 75.461627123411745
leaf_count=17152 4650 416017 161 6359 24428 516 29148 27253 9078 6649 1861 15482 108 2616 17459 304 124 8027 2505 6189 6286 627 541 22 3911 5135 3300 78 52118 172 225014 464 2715 229 1367 1287 720 2241 363 348 588 475 2160 78 29096 1925 6504 2900 427 5263 7531 6015 63 16806 8439 1013 1760 332 21517 1770 66 2248
internal_value=-0.000127591 -0.0401014 0.0376954 -0.0604922 0.0184044 0.00015009 0.0154001 0.0249511 0.066526 0.00395101 0.0182837 0.00642964 -0.0134209 0.000995835 0.0431384 0.0313241 -0.0754677 -0.0334859 -0.00276083 -0.00726745 -0.0170012 -0.0350712 -0.000596609 0.00816911 -0.00696841 0.00574192 0.0138914 -0.00650309 0.0727927 -0.0507456 0.0732514 -0.0382025 0.00308306 -0.0510407 -0.0246244 -0.00971935 -0.0434568 0.0247443 -0.0476565 -0.0573259 -0.000551925 -0.0193758 -0.0344168 -0.132362 -0.0525595 0.0140548 0.000144324 0.00669918 0.00370254 0.0115176 0.027772 -0.00847968 0.0758745 0.0327581 0.0254924 0.00724615 -0.0436658 -0.0693378 0.0531691 0.0106004 -0.00858286 0.019212
internal_weight=13976.4 6795.02 7181.42 4510.2 4302.53 2284.81 4025.03 2194.42 2878.89 1830.61 1818.14 1966.61 1088.57 1752.83 608.384 891.352 3421.63 424.46 1586.11 1362.82 848.17 439.627 664.113 480.449 169.07 926.792 606.902 245.782 2270.5 299.046 2261.16 9.34451 446.879 255.39 92.1124 319.89 68.3504 223.293 72.1584 67.4336 251.54 128.834 100.708 5.21564 296.398 176.755 1543.87 881.663 835.167 530.951 361.12 282.206 33.5697 461.615 355.399 155.7 56.7994 41.8487 287.364 173.623 662.204 122.706
internal_count=1020000 523076 496924 474766 164202 48310 139774 106086 332722 33688 76938 31158 29357 29038 54887 49074 445409 13642 26422 19751 13102 6913 15715 9356 4019 27864 18525 5859 277835 29392 277132 703 8752 9623 1596 9339 2007 6671 789 711 7332 3223 2748 239 29268 4166 15676 9106 8590 5690 12666 6037 604 37428 28350 11544 3105 2092 21821 5070 6570 4109
is_linear=0
shrinkage=0.08


Tree=54
num_leaves=63
num_cat=0
split_feature=5 4 9 9 5 2 0 3 9 2 2 0 0 2 0 8 2 5 2 3 2 2 4 0 2 9 5 0 0 4 8 4 5 9 4 0 4 1 1 1 3 0 2 4 1 3 2 9 2 1 3 3 3 5 0 2 9 0 1 4 1 2
split_gain=2931.03 852.003 617.137 434.954 84.0658 76.0526 71.0556 67.1153 48.705 83.3717 52.6366 43.5305 40.3898 104.138 39.0654 37.245 36.6294 31.8133 30.3888 52.9115 29.4267 27.8301 24.0708 22.8818 30.403 22.1829 21.7189 29.4628 21.3648 20.5316 27.5009 20.2905 19.3233 19.2519 18.7668 18.3349 21.72 18.226 17.955 17.2287 17.1657 22.847 22.8151 16.9434 19.5231 16.8107 16.5409 16.2854 15.1844 26.4162 20.1664 15.1016 14.7467 14.4813 14.4629 14.0154 13.8776 13.5589 13.524 13.4389 13.4345 15.1998
threshold=51.363750457763679 23.14919471740723 0.81570467352867138 0.48769050836563116 97.349815368652358 59.885057449340827 93.127067565917983 5.5000000000000009 0.6702905297279359 70.659969329833999 25.15822792053223 90.815368652343764 54.261501312255866 53.907203674316413 66.323020935058608 1.0000000180025095e-35 93.127067565917983 98.720676422119155 64.326763153076186 5.5000000000000009 49.089704513549812 79.205974578857436 49.882629394531257 60.49571609497071 45.923791885375984 0.54474553465843212 45.316349029541023 75.893997192382827 86.70682525634767 47.506906509399421 1.0000000180025095e-35 26.111660003662113 62.534915924072273 0.88637030124664318 51.972951889038093 28.778468132019047 53.13592720031739 46.709957122802741 49.25306701660157 74.115688323974624 4.5000000000000009 63.211599349975593 95.040985107421889 31.641993522644047 47.124916076660163 16.500000000000004 88.047618865966811 0.55875089764595043 91.331184387207045 78.979854583740249 8.5000000000000018 15.500000000000002 5.5000000000000009 37.387241363525398 69.614067077636733 94.360820770263686 0.42666241526603704 72.112087249755874 88.273490905761733 59.032005310058601 53.889368057250984 58.102025985717781
decision_type=2 2 2 2 2 2 2 2 2 2 2 2 2 2 2 2 2 2 2 2 2 2 2 2 2 2 2 2 2 2 2 2 2 2 2 2 2 2 2 2 2 2 2 2 2 2 2 2 2 2 2 2 2 2 2 2 2 2 2 2 2 2
left_child=1 5 4 26 6 14 8 33 10 -10 -2 55 18 23 56 34 28 -9 20 47 32 25 -11 24 -14 31 -3 35 29 60 59 -17 -12 -4 43 36 -28 -26 -22 -30 41 -24 58 44 -5 -21 -41 -20 -42 -50 -51 -46 -39 -45 -27 -7 -1 -52 -43 -31 -15 -62
right_child=2 3 7 15 -6 11 -8 17 9 22 12 -13 13 16 -16 21 -18 -19 19 45 38 -23 40 -25 37 54 27 -29 39 30 -32 -33 -34 -35 -36 -37 -38 52 -40 46 48 42 -44 53 51 -47 -48 -49 49 50 57 -53 -54 -55 -56 -57 -58 -59 -60 -61 61 -63
leaf_value=-0.046232814637765157 0.076104390026628041 -0.077631656247354394 0.062184237967164185 0.3449411998380178 0.064962850319867899 -0.0011285181093465086 0.060041006134303791 0.03119920567025606 0.055355294144041098 0.037063847523367006 -0.039321391922937189 0.039571879959190544 0.090206321414232418 -0.041366888152189391 0.041817545203288356 0.23354604426238712 0.037523248256319461 0.075356213552285209 0.21243846350078419 0.013960098696784884 -0.092929336311219829 -0.057090749861050595 0.068981447817437772 0.078966340743477775 -0.12944437514735488 -0.01577714972145525 0.0077852919084494942 0.20806127546264053 0.081459784763605825 -0.018832263331295843 -0.033755492172343221 -0.043690559494805631 0.0071736738601052355 0.078002085290163545 0.055599239588271447 -0.059292908330567419 0.37618034628936892 -0.062933324937860816 -0.034854118839068762 0.11112147190672317 -0.015013754101342829 -1.5868070536618739e-05 0.045693805605001955 -0.039817542065187693 0.016154300333586506 -0.074415383987982461 -0.05329779312754708 0.075280190332822891 0.027484470059289615 0.0090326172998766649 -0.172558868237845 0.25100724996563661 0.043870922267087491 -0.0056319459041679881 0.047433610082168072 0.019447891793373692 0.26785107154098614 -0.027501370598268987 0.040027952823039836 0.013325017327838411 0.065641128985031522 0.0060967065857548807
leaf_weight=291.1192216235213 60.478210994042456 2893.7431534165516 780.99419523449615 1.2051578685641278 220.26734152203426 1462.4345854413696 205.93744567176327 447.24737214110792 360.68960113078356 227.50173973664641 100.22378676105291 221.13140425644815 26.563657173886895 33.150353255681694 37.168721628375351 1.7175205936655391 132.72597025427967 136.2268933178857 7.46016891114414 33.690601750276983 58.613116839900613 187.01331126643345 53.963619086425751 134.86689289938658 7.7650880897417656 48.452477811835706 6.2357075195759526 2.7597616412676862 30.56271166075021 153.49979383219033 337.79345101490617 103.75372311891988 133.28451381158084 1332.8692124453373 32.771721315570176 212.48558573285118 1.2255729325115678 12.877641440369187 81.370179104618728 5.2032644096761969 247.95249923504889 366.37443212233484 117.28140755044296 98.766837609466165 88.434767578728497 23.303583144210279 15.827585792168973 21.528721492737532 260.91804814245552 193.69489358831197 4.2757477806881061 1.7877330249175418 23.141814025118947 402.47157928859815 44.389619090594351 247.74902560375631 0.90312449540942807 116.24200589954853 63.304149649105966 181.54216842446476 30.679893655702472 259.55976971238852
leaf_count=17429 4094 416643 90532 8 22011 12907 16816 37428 29357 8907 3626 11131 801 488 326 20 1780 17459 69 599 1469 7809 3499 4197 168 443 311 79 742 1723 4403 5678 3647 187303 463 23427 24 256 1662 41 7353 15184 7679 4131 2243 443 123 331 10280 5440 41 25 406 9546 447 6476 24 1541 3208 2586 402 2316
internal_value=-0.000125337 -0.0393658 0.035472 -0.0609886 0.0168096 0.000112959 0.0142376 0.0655281 0.0118301 0.0205105 0.00266456 0.00617113 0.000257546 0.00707287 -0.0354294 -0.0153862 -0.00207067 0.0415088 -0.0202972 0.0225823 -0.0301687 -0.034951 0.0129004 0.0596731 0.0226855 -0.0140728 -0.0757789 -0.0517053 -0.00708599 -0.00968564 -0.0176478 -0.039176 -0.0127824 0.072158 -0.00333242 -0.0549647 0.068297 -0.0182788 -0.0591711 0.043111 0.00904004 0.0193197 0.01442 -0.00659107 0.0250804 -0.0221746 -0.0126187 0.110577 0.001535 0.00866957 -0.00695408 0.0208078 0.00568637 -0.0123681 0.0144451 0.00185232 -0.0452615 -0.0326477 0.00588375 -0.00140787 0.00688022 0.0123909
internal_weight=13429.2 6387.72 7041.45 4127.21 4344.12 2260.51 4123.85 2697.34 3917.91 2012.2 1905.71 1931.32 1845.23 1385.76 329.191 1010.76 1180.54 583.474 459.475 85.9831 373.492 385.327 1651.51 205.215 70.3482 198.313 3116.45 222.707 1047.82 996.225 672.835 105.471 233.508 2113.86 625.438 219.947 7.46128 43.7845 139.983 51.5936 1424.01 600.924 546.96 592.666 91.4277 56.9942 21.0309 28.9889 823.083 575.131 314.213 90.2225 36.0195 501.238 92.8421 1710.18 292.022 120.518 429.679 335.042 323.39 290.24
internal_count=1020000 519590 500410 471297 167688 48293 145677 332722 128861 92489 36372 30514 32278 20432 17779 30813 14604 54887 11846 1442 10404 14397 63132 5828 1631 6588 440484 23841 12824 11918 8712 5698 7273 277835 16416 23762 335 830 3131 906 54225 29570 26071 15953 2276 1042 164 400 24655 17302 7022 2268 662 13677 890 19383 17453 1582 18392 4309 3206 2718
is_linear=0
shrinkage=0.08


Tree=55
num_leaves=63
num_cat=0
split_feature=5 4 9 9 5 2 0 1 9 2 2 0 0 0 2 8 2 2 5 2 7 2 4 5 0 2 1 0 2 9 0 7 0 1 4 8 8 2 1 9 2 0 4 1 7 1 1 4 2 2 0 8 4 5 9 9 4 1 4 1 2 2
split_gain=2596.47 794.168 586.816 431.003 78.3058 67.1096 65.2786 52.1576 43.0072 84.7092 49.6912 40.8604 39.3015 38.9612 93.3119 32.9663 31.556 29.519 25.4648 25.0705 23.5094 22.7701 22.5591 22.5051 27.7019 22.3682 23.136 21.2122 26.8603 19.51 19.2961 19.2622 18.9812 34.319 20.7071 23.7204 18.4401 18.0701 17.4465 17.0394 16.8966 17.692 16.8722 16.0532 16.0261 15.9981 15.8464 15.6724 15.4503 15.3636 15.347 14.4315 21.1295 15.9447 13.817 13.5473 13.453 12.909 12.6423 12.5802 13.731 13.2351
threshold=51.363750457763679 23.14919471740723 0.81570467352867138 0.48769050836563116 98.122024536132827 58.64367866516114 93.127067565917983 92.907444000244155 0.6702905297279359 70.051548004150405 27.842377662658695 66.323020935058608 91.331184387207045 54.261501312255866 53.907203674316413 1.0000000180025095e-35 93.127067565917983 63.224515914916999 98.720676422119155 79.205974578857436 1.0000000180025095e-35 49.089704513549812 50.118482589721687 44.930728912353523 67.006801605224624 59.885057449340827 57.275131225585945 60.49571609497071 45.923791885375984 0.54474553465843212 28.778468132019047 1.0000000180025095e-35 84.028984069824233 73.443557739257827 47.939544677734382 1.0000000180025095e-35 1.0000000180025095e-35 85.215545654296889 49.25306701660157 0.47568884491920477 92.907444000244155 91.922958374023452 26.111660003662113 40.212766647338874 0.75000000000000011 46.709957122802741 85.58441543579103 53.13592720031739 47.124916076660163 54.201978683471687 77.015758514404311 1.0000000180025095e-35 85.062671661376967 96.128314971923842 0.46197053790092474 0.87790206074714672 51.972951889038093 91.54584121704103 59.032005310058601 53.889368057250984 58.397436141967781 60.910972595214851
decision_type=2 2 2 2 2 2 2 2 2 2 2 2 2 2 2 2 2 2 2 2 2 2 2 2 2 2 2 2 2 2 2 2 2 2 2 2 2 2 2 2 2 2 2 2 2 2 2 2 2 2 2 2 2 2 2 2 2 2 2 2 2 2
left_child=1 5 4 23 6 11 8 18 10 -10 -2 -1 -7 17 27 40 32 21 20 29 57 39 -11 -3 30 26 -26 28 -15 42 47 -24 34 -34 59 58 -22 -35 -23 -12 41 48 -17 -27 51 -30 -39 -25 -5 -40 -42 53 -53 -33 -19 -38 -21 -4 -36 61 -61 -16
right_child=2 3 7 15 -6 12 -8 -9 9 22 13 -13 -14 14 16 19 -18 54 -20 56 36 38 31 24 25 43 -28 -29 45 -31 -32 44 33 37 35 -37 55 46 49 -41 50 -43 -44 -45 -46 -47 -48 -49 -50 -51 -52 52 -54 -55 -56 -57 -58 -59 -60 60 -62 -63
leaf_value=-0.045939629689435935 0.066248948259160667 -0.077450942724015329 -0.062861194286041255 0.079270161256290342 0.070058376020774027 0.0016602834898014878 0.058693753620818308 0.078108335339137067 0.055598251971756316 0.034945974346701089 -0.045217347926221452 0.048136196869638936 0.039146360051123028 0.086313033613865567 -0.11305154341995774 0.20628617781324926 0.035312828365321187 -0.075409240324261134 0.076571065731407331 -0.059338026555054782 0.05986293017202516 -0.092178489076909106 -0.044282058273542514 0.0099020379596841436 0.11347865675682363 0.5154281758689544 0.56449744361086507 0.076597347647038794 -0.12284219409418441 0.013251252071156999 -0.062860701288064091 0.014150142144198602 0.071678790955494565 0.082575743294287546 -0.020547974419827836 -0.033934619706684016 0.028008473849103124 -0.10840660133705782 -0.0059866120493196383 0.0016811432371067676 0.067821631045403674 0.093787993841819017 -0.041797175209396756 -0.058340946248349158 0.080997576687701245 0.0055168057646135726 -0.00071391197269277302 0.29546014559061717 -0.016870257566813193 -0.07888276032802502 0.00665163646952187 0.01300956572284437 -0.016582196051957866 0.076837728068013103 0.030341598887430266 0.052893405014559976 0.047146569212072373 -0.40586832274957862 0.011717289785599423 0.05938627866796501 0.005555800472925432 -0.0053992543959939781
leaf_weight=262.92388642160222 75.628897668793797 2659.7555498206057 4.9134059580974272 10.984535528346894 163.82509606983513 1740.899127705954 196.07867664797232 1050.2101252456196 345.18369188532233 236.37057722220197 77.364553649909794 33.288930675014853 199.51190639380366 25.848576035350561 10.725074031390248 1.7858700677752484 129.87287725694478 8.7564950231462699 278.88958808872849 172.11742371506989 633.6623002262786 54.22705214843154 43.293696918524802 6.9165251175872964 4.7908278242684883 0.32728641480207432 0.8583242893218993 129.13253346644342 7.5129902856424442 93.02192491851747 211.34157178085297 712.17840956663713 51.616016130894423 8.1444593369960767 141.5177416279912 313.64249075297266 291.83191139996052 16.021983692422509 49.465854403562844 138.060760400258 31.397722076624632 9.9082604860886914 99.937905662693083 6.7171665709465742 20.001756965182722 35.95179595053196 19.251978643238544 1.496138200163841 410.18211125722155 29.562504984438419 160.10160530498251 349.36345152417198 276.76737228734419 26.950358028057963 81.529978280887008 269.12932355841622 7.9436717936769119 0.81930343667045225 172.4042657064274 34.442464906722307 253.79262245632708 22.9476671917364
leaf_count=16862 5130 413750 155 94 18772 20621 16949 159802 30217 9572 3461 289 10521 811 178 20 1780 302 38981 7685 73379 1422 546 355 138 9 27 4258 172 890 25593 30128 1157 63 1595 4140 27438 112 1034 3063 749 144 5678 587 1767 669 137 25 12205 585 3224 13229 7799 1929 1254 32932 124 35 2410 440 2288 319
internal_value=-0.000126341 -0.0378841 0.0339558 -0.0597262 0.0158239 0.000100297 0.0136534 0.0644745 0.0113875 0.0195306 0.00271505 -0.0353672 0.00551458 6.29817e-05 0.00669675 -0.0143778 -0.00187693 -0.0206835 0.054795 -0.0331228 0.0497356 -0.03124 0.0120528 -0.0753647 -0.0514935 0.0634166 0.182006 0.0574348 0.0217346 -0.0132278 -0.058131 0.00826489 -0.00650107 0.0275866 -0.00991297 -0.0183744 0.0505112 -0.0248304 -0.0572335 -0.0151613 -0.00309276 -0.011877 -0.0374418 -0.0316835 0.00990714 -0.0166703 -0.0496296 0.0606867 -0.0143628 -0.0332552 0.0166809 0.00886563 -7.08223e-05 0.0164359 0.0200853 0.0399474 -0.0546403 -0.111883 -0.00282807 0.00658277 0.0119882 -0.0396875
internal_weight=12913.1 6126.21 6786.89 3889.58 4257.43 2236.62 4093.61 2529.46 3897.53 2010.11 1887.42 296.213 1940.41 1811.79 1372.83 997.381 1174.38 438.967 1479.25 374.807 1200.36 348.681 1664.93 2892.2 232.448 12.6936 5.64915 198.446 69.3134 194.746 219.754 1428.56 1044.51 95.0344 949.472 627.564 1194.62 43.4184 133.255 215.425 622.574 431.075 101.724 7.04445 1385.26 43.4648 35.274 8.41266 421.167 79.0284 191.499 1365.26 626.131 739.129 90.2865 560.961 180.061 5.73271 313.922 321.908 288.235 33.6727
internal_count=1020000 519590 500410 471297 167688 48293 148916 332722 131967 95187 36780 17151 31142 31650 20529 30813 14619 11121 172920 14397 133939 9565 64970 440484 26734 761 165 5910 1652 6588 25973 55398 12839 1469 11370 8145 133749 312 3041 6524 16416 12443 5698 596 54852 841 249 380 12299 1619 3973 53085 21028 32057 1556 60370 7809 190 4005 3225 2728 497
is_linear=0
shrinkage=0.08


Tree=56
num_leaves=63
num_cat=0
split_feature=9 6 5 6 1 0 0 5 1 1 5 1 0 9 9 4 5 3 0 9 8 0 0 1 4 3 4 9 3 4 6 9 4 9 8 0 0 3 1 0 0 5 0 8 4 4 1 4 9 5 9 5 0 5 0 0 3 0 1 3 4 4
split_gain=2298.83 751.963 438.594 430.065 125.946 96.0174 76.4746 66.5954 43.0042 42.4861 40.8776 40.3407 39.9683 39.4443 38.7795 37.1694 35.5646 32.7372 46.2927 31.1103 25.7683 24.9589 19.3071 17.6349 17.518 16.9247 15.645 27.6543 13.8352 13.5382 13.1116 12.9973 17.9337 12.8245 12.7686 12.7597 12.5881 21.4242 16.871 13.627 13.1793 12.5417 12.431 12.2711 12.0857 12.1283 11.819 15.041 13.1156 11.0835 11.0814 19.9283 11.0043 10.9691 10.8691 10.8149 10.8071 10.7859 14.2068 10.6003 10.4707 10.4454
threshold=0.62180894613266002 1.0000000180025095e-35 49.358869552612312 1.0000000180025095e-35 88.784065246582045 60.736890792846687 26.36544227600098 70.139560699462905 49.25306701660157 95.861873626708999 97.446762084960952 48.912528991699226 88.273490905761733 0.4410721510648728 0.49720504879951483 23.14919471740723 52.657253265380866 8.5000000000000018 78.142959594726577 0.72908326983451854 1.0000000180025095e-35 84.273937225341811 65.485893249511733 41.712455749511726 87.10666656494142 2.5000000000000004 28.639780998229984 0.46538193523883825 5.5000000000000009 98.173477172851577 0.75000000000000011 0.53236505389213573 28.639780998229984 0.72316691279411327 1.0000000180025095e-35 89.512962341308608 50.878274917602546 12.500000000000002 60.107526779174812 70.396453857421889 26.36544227600098 36.323410034179695 89.769756317138686 1.0000000180025095e-35 73.708465576171889 48.842567443847663 74.601570129394545 26.709129333496097 0.42477825284004217 88.515167236328139 0.29594974219799047 30.803116798400882 54.923507690429695 54.250427246093757 68.783603668212905 51.022111892700202 7.5000000000000009 88.493064880371108 76.23956680297853 7.5000000000000009 28.639780998229984 72.507308959960952
decision_type=2 2 2 2 2 2 2 2 2 2 2 2 2 2 2 2 2 2 2 2 2 2 2 2 2 2 2 2 2 2 2 2 2 2 2 2 2 2 2 2 2 2 2 2 2 2 2 2 2 2 2 2 2 2 2 2 2 2 2 2 2 2
left_child=1 2 14 9 7 6 50 33 13 29 17 54 -13 15 -1 -8 -6 21 30 35 36 -9 49 52 -20 31 41 -28 -18 -2 55 32 -10 42 57 -11 38 61 40 -39 -4 -27 -5 -32 45 -24 -14 48 -48 60 -3 -52 -15 59 56 -19 -7 -16 -59 -43 -22 -38
right_child=3 5 20 4 16 11 8 10 25 19 -12 12 46 23 34 -17 28 18 24 -21 22 -23 44 -25 -26 26 27 -29 -30 -31 43 -33 -34 -35 -36 -37 37 39 -40 -41 -42 53 -44 -45 -46 -47 47 -49 -50 -51 51 -53 -54 -55 -56 -57 -58 58 -60 -61 -62 -63
leaf_value=-0.078186669352633298 0.0013936961429432677 -0.035980015756715139 0.063028725471232477 -0.0025867744161938732 0.013368009164545036 0.0048853987412870899 -0.028377167450300073 0.041616008254862349 0.01887220148964458 0.09784781568974904 0.070558811211991743 -0.0028165665353240962 0.068774849710937253 0.0018866798878613721 -0.040718750970058698 -0.07251818995520258 0.078215010406260596 -0.19220832774822139 0.0024071016757704644 0.074729665464701778 0.27978227313370868 0.066551305231714514 0.024817671129830347 -0.0344169304439444 -0.065529452295640722 -0.0068536172823039365 -0.078063358093342514 -0.015295418299821605 0.019233078550205542 0.06177198916001881 0.060745901010026603 0.056470280342770636 -0.056998203131012989 0.045714801952800456 -0.067010313743441546 -0.018131567561828356 -0.00064642031591758146 0.074139556469691906 0.20613793359191374 -0.069392795148221692 -0.035766174072980647 0.062685383327854657 0.082432412705098199 0.025491274925297264 0.086947263418109696 -0.023774293620691694 -0.036891012225111985 -0.022365374430011697 0.035326176824320793 0.029356323940431698 0.73868441421928999 0.074731318796691523 0.078043445146705054 -0.039480283291255289 0.073019004908057669 0.0098230040515733183 0.064459132497180549 0.30957265550801005 0.0025364363909491866 0.44277224797395703 -0.042456059089019178 0.051815556351426359
leaf_weight=2240.7399904769845 1547.2083178143948 6.0417259023524812 9.6282369839027506 242.89526824094355 58.763899294659495 51.395099651068449 224.74690645281225 800.05605053296313 78.715737455990165 7.0228548329323521 430.24799801688641 1913.8272599247284 39.671111256815493 92.712770441081375 103.80975224729627 267.29219884099439 1253.5367722464725 1.7514891726896156 66.255472752265632 94.443390500266105 0.64720762753859062 378.42296583019197 50.877703124657273 104.13921059947461 38.353333891369402 255.11998266400769 64.286341971252114 149.14217491587624 25.979883089661598 24.137990964576602 154.76319345831871 34.10490963049233 26.703078024089336 49.649959360249341 88.811103879474103 44.79207357391715 275.37342841876671 45.050181142520159 2.0537556009367099 4.6723850462585679 84.350290826056153 0.8441425696946675 11.529017205350099 106.7877202630043 9.4221304086968285 92.899668517522514 17.390388200059533 41.417824970558286 216.05702343024313 15.050765097141264 0.29091749433427949 52.643392681609839 13.973119715228675 1.1423699557781217 56.372069579083472 53.291232536546886 31.392098390962929 0.99446622654795547 31.996922354213893 1.0584048153832553 226.14579466311261 26.63910165335983
leaf_count=377694 24991 477 273 5103 1348 1392 11635 79031 1562 90 59319 31613 1057 2520 6717 38330 205636 87 4060 12107 15 45487 677 2188 2254 5374 10175 2450 2935 1482 14616 297 2963 4041 7460 690 3761 685 20 38 3061 28 553 9764 226 1167 628 453 11554 379 6 4522 358 9 1249 2662 811 19 1091 37 8291 482
internal_value=-0.000128594 -0.0301996 -0.0579781 0.0392024 0.0546571 -0.00562419 -0.0224556 0.0434385 -0.0264556 0.00615982 0.0486686 0.00413655 0.00152693 -0.0399507 -0.0750036 -0.0523561 0.0742226 0.0427811 0.0236381 0.0474007 -0.00815565 0.049623 -0.0230483 -0.0109983 -0.0225009 -0.0109344 -0.0181759 -0.0342016 0.0770174 0.00232119 0.0388833 0.013542 -0.000346126 0.00852354 -0.0433897 -0.00241204 0.00498341 0.0119922 -0.0206876 0.0606519 -0.0256445 -0.00492727 0.0012658 0.0463519 -0.000827218 -0.00657932 0.0279553 0.0220639 0.0299464 -0.0371246 0.0666648 0.0783803 0.0118613 0.156473 0.0459245 0.00339426 0.0274752 -0.0280552 0.0117915 0.274131 -0.0415365 0.003981
internal_weight=12439.5 7049.64 3309.16 5389.89 3672.28 3740.48 1372.96 2334 1313.98 1717.6 2029.93 2367.52 2228.36 702.864 2466.35 492.039 1338.28 1599.68 421.202 146.258 842.811 1178.48 395.043 210.825 104.609 611.117 471.593 213.429 1279.52 1571.35 316.594 139.524 105.419 304.074 225.612 51.8149 447.767 351.735 96.0323 49.7226 93.9785 258.165 254.424 261.551 153.2 143.777 314.536 274.865 233.447 241.844 58.976 52.9343 106.686 3.04492 139.159 55.0427 82.7872 136.801 32.9914 1.90255 226.793 302.013
internal_count=1020000 543744 412056 476256 436896 131688 82931 226977 77926 39360 217280 48757 45305 55031 392981 49965 209919 157961 33443 12887 19075 124518 10755 5066 6314 22895 18073 12625 208571 26473 27129 4822 4525 9697 15287 780 8320 4966 3354 723 3334 5448 5656 24380 2070 1844 13692 12635 12182 8685 5005 4528 2878 74 3452 2749 2203 7827 1110 65 8306 4243
is_linear=0
shrinkage=0.08


Tree=57
num_leaves=63
num_cat=0
split_feature=9 6 6 9 1 0 2 2 0 3 2 9 2 1 9 4 9 4 2 2 9 4 3 1 2 3 4 2 1 2 0 4 4 9 0 1 3 1 0 2 1 0 2 9 0 4 2 2 0 0 0 7 1 9 3 2 1 2 9 0 2 0
split_gain=2028.57 699.148 403.627 376.883 127.056 85.0536 77.8009 75.802 96.7245 47.5202 45.8825 44.5804 38.8998 38.2901 38.1614 74.156 32.3695 31.9486 30.146 29.9832 29.7075 25.0665 34.9373 52.6926 24.4258 26.7056 23.1759 22.632 22.427 21.6175 24.508 20.738 19.7196 23.6983 19.302 19.2419 17.3966 21.5512 21.9725 21.9182 20.4003 17.1329 16.3538 20.1036 16.4356 16.1017 21.3231 16.3548 16.6213 16.9245 15.8278 15.6139 13.7719 13.6223 13.5805 13.5296 29.773 13.3982 24.8955 13.1034 12.9781 21.1455
threshold=0.62180894613266002 1.0000000180025095e-35 1.0000000180025095e-35 0.48769050836563116 88.784065246582045 66.323020935058608 61.633426666259773 73.746868133544936 28.778468132019047 6.5000000000000009 94.360820770263686 0.72316691279411327 59.299959182739265 95.861873626708999 0.46197053790092474 23.14919471740723 0.73445475101470958 56.025478363037116 49.25306701660157 42.93394851684571 0.72908326983451854 98.739471435546889 8.5000000000000018 79.262283325195327 91.331184387207045 9.5000000000000018 9.600614547729494 81.438415527343764 49.089704513549812 76.63120269775392 53.410852432250984 60.650449752807624 26.111660003662113 0.50239983201026928 85.58441543579103 65.485893249511733 3.5000000000000004 35.368577957153327 50.263158798217781 59.885057449340827 51.191152572631843 44.315244674682624 55.625879287719734 0.53236505389213573 62.243186950683601 87.10666656494142 86.70682525634767 81.120250701904311 80.810150146484389 82.891983032226577 77.291824340820327 1.0000000180025095e-35 93.063350677490249 0.6702905297279359 4.5000000000000009 71.010189056396499 61.620294570922859 83.424911499023452 0.47937326133251196 78.910301208496108 71.50376129150392 71.010189056396499
decision_type=2 2 2 2 2 2 2 2 2 2 2 2 2 2 2 2 2 2 2 2 2 2 2 2 2 2 2 2 2 2 2 2 2 2 2 2 2 2 2 2 2 2 2 2 2 2 2 2 2 2 2 2 2 2 2 2 2 2 2 2 2 2
left_child=1 3 13 17 11 7 26 8 -3 35 28 12 -4 60 15 18 -6 -1 -10 -16 -15 22 34 -24 25 -14 -7 -11 -8 30 41 42 -30 -34 -13 -9 37 -20 39 -39 -41 -27 44 -44 54 -25 47 -47 -49 -50 -33 52 -18 -43 -5 56 59 -37 -59 -35 61 -2
right_child=2 5 4 31 16 6 10 9 14 27 -12 21 24 20 19 -17 51 -19 36 -21 -22 -23 23 45 -26 29 -28 -29 32 -31 -32 50 33 55 -36 57 -38 38 -40 40 -42 53 43 -45 -46 46 -48 48 49 -51 -52 -53 -54 -55 -56 -57 -58 58 -60 -61 -62 -63
leaf_value=-0.075844208161731333 0.0026249092946989913 0.073165702322021187 0.05663574491594478 -0.061547102139783753 0.016983068931023523 -0.0073073215489594025 0.052642956950608215 0.07803302236317762 -0.057793936424185538 -0.042215883490173953 0.026472759025295552 0.04575310500139923 0.0068623951003017446 -0.0022226721614363315 0.0353648916996364 -0.067036805771536714 -0.39887570682801599 -0.010993076536689395 0.25269842552995103 -0.020533209872303396 0.074229674885641861 0.079968196538908173 0.042897583582345737 0.0012405241020136122 0.043520333174990732 0.081466764497169594 0.08014505224154031 0.010568584877130992 -0.00065716876386077473 -0.14184539864369239 0.012971863803191055 -0.00048043836359849292 -0.071376100209961532 -0.12626952720780826 0.068788708701050499 0.040113647230392555 -0.022559227936902904 -0.011697899016301212 -0.0034246218518886886 0.31592564177850607 0.073765100672665493 -0.60255707027482763 -0.046593169410183773 -0.014879364544591583 0.080898303519146023 0.081362492186004581 -0.053012487861312289 -1.1043882957593036 0.081030629363401219 -0.79398573776942516 0.060771012241904669 0.076959018057162876 0.080799239454435429 -0.08309868023448598 0.019809728381464442 -0.023913090059325556 0.036648272308384959 -0.13962748071426165 0.056303600737822777 0.096868832848972894 -0.00035115979866744509 0.062959546187562762
leaf_weight=2170.4879292245023 108.04306460078806 60.260851154569536 154.49453251017258 19.109214257448912 61.25053371861577 23.455853130668402 42.221001687925309 76.80437372205779 110.11658976878971 80.368521426804364 385.48707775957882 824.83373877964914 274.18189818132669 51.690979335457087 72.703162337653339 377.72063595382497 0.83115614671260007 49.731894683092833 2.3396344669163218 395.49312386661768 87.746121919713914 146.61414206307381 269.54463073657826 64.298625594004989 101.99742008140311 0.59868669928983154 112.00410776212811 147.20943379215896 971.98456218000501 14.527879983652381 19.143862914759666 183.76603972073644 54.117766990326345 11.541196795180438 324.34111172705889 48.771768057718873 272.95922731980681 6.85209419671446 124.64783978927881 3.9035019334405643 5.1821993440389633 0.95843667071312644 182.42782485950738 428.18961190711707 18.239448487758636 0.32441441202536114 40.07787396479398 0.2699662265367806 0.29288018867373466 0.27365115145221353 31.650678612291813 1181.3298496231437 0.71056451182812452 0.48739716783165932 41.975990813225508 226.240329711698 65.902332541532815 8.4232606492005306 8.1819787495769543 1.9720870023593295 1403.6579623264261 56.678645414300263
leaf_count=382521 1591 5520 16223 249 2033 193 635 716 8539 1783 15707 92809 10205 780 2057 56130 45 1722 74 6409 12107 23199 26912 4084 6035 42 2618 2297 8758 413 726 1926 6262 118 43838 406 6692 353 2205 32 30 20 15607 8749 230 28 2335 24 24 19 553 207738 103 41 499 3186 626 128 186 28 23572 1310
internal_value=-0.000127699 -0.0288001 0.0375691 -0.0566521 0.053196 -0.00525218 0.00658077 -0.0176958 -0.026033 0.0145966 0.00208296 0.0417992 0.0224029 0.00571351 -0.0303903 -0.0399939 0.0736906 -0.0743916 -0.0205744 -0.0118532 0.0458879 0.0483741 0.0453351 0.0241351 0.00956282 -0.00161369 0.0650021 -0.0080721 -0.0047599 -0.0666818 -0.0151456 -0.0131494 -0.00657975 -0.0225805 0.0522546 0.0508804 -0.0107195 0.0118921 0.00788455 0.0963324 0.177805 -0.278423 -0.0199149 -0.0243542 0.0142573 -0.0237845 -0.0628031 -0.400801 -0.587797 -0.341628 0.0085191 0.076627 -0.177798 -0.427445 -0.00564104 -0.0139411 0.0144674 0.0189817 -0.0430854 -0.0937054 0.0021418 0.0233853
internal_weight=12011.6 6822.44 5189.2 3125.58 3481.38 3696.86 1894.93 1801.94 1432.18 369.759 1759.47 2237.26 566.39 1707.82 1371.92 903.722 1244.12 2220.22 526.001 468.196 139.437 1670.87 1524.26 375.082 411.896 309.898 135.46 227.578 1373.98 35.7163 21.1884 905.359 1331.76 359.774 1149.17 142.181 415.884 142.925 140.586 15.9378 9.0857 2.04452 689.942 610.617 79.3247 105.537 41.2388 1.16091 0.836498 0.566531 215.417 1182.87 1.54172 1.44583 61.0852 305.656 79.4156 65.377 16.6052 13.5133 1568.38 164.722
internal_count=1020000 543744 476256 412056 436896 131688 38131 93557 88041 5516 35320 226977 33705 39360 82521 74055 209919 384243 17925 8466 12887 193272 170073 33426 17482 11447 2811 4080 19613 1242 829 27813 18978 10220 136647 1436 9386 2694 2620 415 62 103 25334 24356 978 6514 2430 95 67 43 2479 207886 148 61 748 3958 772 720 314 146 26473 2901
is_linear=0
shrinkage=0.08


Tree=58
num_leaves=63
num_cat=0
split_feature=5 4 9 9 5 3 0 9 8 4 5 9 5 8 5 0 4 0 4 5 4 9 0 0 1 4 4 3 0 1 0 1 5 0 9 4 1 0 4 5 4 4 7 5 7 0 1 0 1 0 9 0 9 3 9 9 4 3 0 1 0 7
split_gain=1812.13 646.417 496.119 407.997 69.0083 65.6504 59.355 44.1411 35.8858 44.6344 54.819 30.6899 29.3241 27.6975 25.3538 24.716 20.0419 19.4555 18.6545 17.3924 22.0333 17.1139 16.8615 15.9346 15.7801 15.517 13.9769 16.2641 19.3669 13.919 15.0461 21.3048 12.9801 12.8602 19.2298 14.2924 13.4056 14.7193 13.1913 12.8408 12.7724 12.4074 12.2774 12.1232 11.882 12.1773 14.3905 28.854 12.6772 11.1836 11.2737 10.9799 18.4704 10.9354 10.9262 10.8424 10.7496 10.7177 31.4234 12.5679 19.2428 10.7884
threshold=51.363750457763679 23.14919471740723 0.82582223415374767 0.48769050836563116 98.122024536132827 5.5000000000000009 92.805381774902358 0.4066902101039887 1.0000000180025095e-35 43.947717666625984 66.506408691406264 0.77246060967445385 98.720676422119155 1.0000000180025095e-35 44.930728912353523 68.457099914550795 56.025478363037116 33.549783706665046 63.427747726440437 40.631225585937507 37.296916961669929 0.88637030124664318 44.315244674682624 28.778468132019047 51.649148941040046 51.972951889038093 31.641993522644047 9.5000000000000018 66.323020935058608 85.58441543579103 95.861873626708999 90.353595733642592 96.128314971923842 33.549783706665046 0.60823646187782299 77.201145172119155 57.712133407592781 76.50690078735353 87.885581970214858 38.364128112792976 53.13592720031739 26.111660003662113 1.0000000180025095e-35 48.621318817138679 0.75000000000000011 43.288288116455085 50.252525329589851 60.49571609497071 51.649148941040046 74.601570129394545 0.5935734510421754 37.573530197143562 0.6702905297279359 2.5000000000000004 0.77958467602729808 0.45911540091037756 28.012739181518558 8.5000000000000018 80.186916351318374 71.50376129150392 83.250827789306655 0.75000000000000011
decision_type=2 2 2 2 2 2 2 2 2 2 2 2 2 2 2 2 2 2 2 2 2 2 2 2 2 2 2 2 2 2 2 2 2 2 2 2 2 2 2 2 2 2 2 2 2 2 2 2 2 2 2 2 2 2 2 2 2 2 2 2 2 2
left_child=1 7 4 14 6 21 8 22 11 -10 18 17 57 25 -3 23 -12 -2 -11 41 -21 -4 24 40 -1 26 27 -5 -29 -8 31 -31 44 -18 35 49 37 51 54 -28 -16 -15 -33 -17 45 48 47 -47 -19 50 -35 52 -36 -24 -38 -49 -25 -7 -59 60 -60 -61
right_child=2 3 5 13 -6 12 29 -9 9 10 16 -13 -14 19 15 43 33 32 -20 20 -22 -23 53 56 -26 -27 39 28 -30 30 -32 42 -34 34 36 -37 38 -39 -40 -41 -42 -43 -44 -45 -46 46 -48 55 -50 -51 -52 -53 -54 -55 -56 -57 -58 58 59 61 -62 -63
leaf_value=-0.043897139106678085 0.060515732873495327 -0.076593542182199464 0.059152396180707181 0.013384017309100516 0.06736030469450055 0.037785881803074822 0.078258744680648126 0.022201995887941358 0.040985235949873307 -0.035128267374462965 0.030564662878921473 0.037906202854454778 0.074689525009058677 0.058800532674489973 0.0090466357195570397 0.14677541529695326 0.065805764142413736 -0.042284890610266537 0.018327261225186249 0.025781512182129953 -0.031272281127356055 0.076969367951378487 0.006133857284122482 0.13473392242822879 0.16567972196225145 0.052398716745418773 -0.033409825904293151 0.25037312560827779 0.0053452998918508748 -0.15601236101064217 0.061766554272388308 -0.18516438422156387 0.068498488114082226 -0.04332373499334221 0.080884087340835686 0.022325241810196714 0.00012447574950542531 0.076820131645638529 -0.014343050960019197 -0.002825689458775513 0.2686471475958615 -0.06035270053652287 0.028097905310416969 -0.035208014201976071 0.082354915097817852 0.0069834158210834475 0.0071957806362120602 0.14381044373641891 0.10598585859253237 0.045237068627701341 -0.1299691517992802 0.015698508820903137 -0.62776693814040041 -0.0081338877759198052 0.027253188494972155 0.053282963473880514 -0.060067401520296465 0.03862297875418861 0.080855586813346939 -0.040929928426938086 -0.97067896485253558 0.081931124073910608
leaf_weight=91.684583832509816 52.188174712471664 2134.9948048950173 528.9721036455594 82.154915179125965 150.20121406437829 187.16880332725123 85.465358780231327 459.67210673587397 164.48931745393202 345.81681553367525 177.95722272899002 367.44391156733036 96.652896902523935 5.8797711613588026 6.5798270069062692 6.0842788675799948 19.466826381161809 44.630719654727727 47.522477520629764 57.660441369283944 174.18663800507784 992.25628957664594 493.76167476037517 1.8318529156967986 2.3584809047169975 32.137335300911218 115.38824537862092 4.2420344371348602 4.0217439471744001 4.7435939107090226 68.84225596440956 1.7877644533291448 24.673186861444265 66.994448713958263 0.4916071929037561 24.729821909684688 327.4515360603109 29.739177807699889 267.13743725884706 368.23867794172838 1.4870802089571951 114.70252690603957 51.392647054977715 3.8097618110477924 14.411783372517673 161.80330596072599 1308.6794866169803 9.3529562717303616 4.0232527842745176 7.7094991737976661 11.220309539698063 108.14043654128909 0.45165395829826593 1131.9734030370601 133.85436142655089 89.418421381618828 175.81490289513022 94.777400406543165 0.21755072753876348 57.774366567842662 0.22821728140115738 4.9674161886796346
leaf_count=6380 3748 413750 79692 2112 20892 20351 7916 17311 3639 7662 6046 28213 16441 125 355 451 1836 1471 869 1363 5293 187303 6164 113 73 463 5109 50 114 109 8858 73 2396 593 50 573 9649 2657 8487 8568 25 7616 4590 126 1327 4995 33918 105 111 155 128 7835 51 18365 9022 5066 25664 9752 21 3479 20 311
internal_value=-0.000123357 -0.0336089 0.0297241 -0.0559978 0.0141198 0.0628898 0.0121315 0.000180329 0.00983774 0.00133892 -0.00281832 0.0169309 0.0357418 -0.0120654 -0.0740679 -0.0465013 0.00583313 0.0124216 -0.0286699 -0.0298996 -0.017083 0.0707739 -0.00570575 -0.0530651 -0.0386412 -0.00169672 -0.0047252 0.0241449 0.131125 0.0533073 0.0364851 0.00643837 0.0109069 0.00142044 0.000138767 -0.0312676 0.00414589 0.0269296 -0.0001961 -0.0101227 0.0569022 -0.0545426 0.0209287 0.0767016 0.0100363 0.00939216 0.0106142 0.0277827 -0.0300242 -0.0466922 -0.0557535 0.0133281 -0.258433 -0.00380055 0.00799625 0.0618553 -0.0580587 0.0248346 0.00948904 -0.0342101 -0.457493 -0.0312027
internal_weight=11603.9 5468.67 6135.25 3289.21 4172.23 1963.02 4022.03 2179.45 3809.8 1733.17 1568.68 2076.63 441.787 958.612 2330.6 195.608 1175.34 1709.18 393.339 352.429 231.847 1521.23 1719.78 185.714 94.0431 606.183 574.046 90.4187 8.26378 212.232 126.766 57.924 1656.99 997.387 977.92 110.654 867.266 138.823 728.443 483.627 8.06691 120.582 53.1804 9.89404 1632.32 1617.91 1569.25 260.575 48.654 85.9243 78.2148 109.084 0.943261 1625.74 461.306 98.7714 177.647 345.134 157.965 63.1876 0.445768 62.7418
internal_count=1020000 519590 500410 471297 183040 317370 162148 48293 140602 59252 55613 81350 50375 30813 440484 26734 47082 53137 8531 14397 6656 266995 30982 26157 6453 16416 15953 2276 164 21546 13630 4772 49389 41036 39200 1449 37751 10593 27158 13677 380 7741 4663 577 46993 45666 44084 10166 1582 876 721 7936 101 24529 18671 5171 25777 33934 13583 3831 41 3790
is_linear=0
shrinkage=0.08


Tree=59
num_leaves=63
num_cat=0
split_feature=5 6 6 1 1 9 2 5 5 9 4 5 2 2 6 1 4 9 4 5 5 5 4 2 4 3 2 2 2 1 1 2 4 9 7 4 4 5 3 5 1 3 2 3 3 9 1 3 5 3 3 9 3 2 4 5 5 9 4 3 4 4
split_gain=1593.81 795.038 474.73 113.715 110.28 103.553 88.2189 63.6853 38.8262 37.7185 78.2686 33.9498 26.3045 24.6248 24.0076 20.3424 19.2603 20.5997 20.4627 18.2257 16.7818 16.3536 17.6062 16.2182 15.1812 15.0564 19.1885 16.9347 30.0381 19.1616 16.0773 14.8258 13.86 13.6417 13.6349 13.5151 21.7155 12.8239 12.4603 16.3655 11.8778 28.8168 13.2053 18.3509 13.3189 16.153 11.7102 24.1506 11.5873 11.3094 11.2467 11.1824 11.0254 10.8341 10.5887 19.9173 26.6288 12.2675 15.0637 14.5777 10.4289 10.2246
threshold=51.363750457763679 1.0000000180025095e-35 0.75000000000000011 94.957626342773452 88.784065246582045 0.50810652971267711 69.282051086425795 67.586601257324233 97.989273071289077 0.45911540091037756 26.111660003662113 98.557659149169936 94.360820770263686 20.761494636535648 1.0000000180025095e-35 88.036697387695327 30.445816993713382 0.50810652971267711 54.595132827758796 43.814874649047859 35.068012237548835 38.605176925659187 38.51391792297364 49.25306701660157 32.828166961669929 4.5000000000000009 60.49571609497071 89.009658813476577 78.611557006835952 62.258651733398445 82.637680053710952 90.815368652343764 8.3920187950134295 0.40380826592445379 1.0000000180025095e-35 43.947717666625984 59.863313674926765 58.195386886596687 5.5000000000000009 64.425609588623061 80.186916351318374 8.5000000000000018 99.532711029052749 11.500000000000002 11.500000000000002 0.87790206074714672 59.59492492675782 8.5000000000000018 41.799478530883796 33.500000000000007 9.5000000000000018 0.42120863497257238 2.5000000000000004 93.788581848144545 87.10666656494142 88.934238433837905 88.61517715454103 0.80444025993347179 88.346538543701186 8.5000000000000018 51.972951889038093 35.663852691650398
decision_type=2 2 2 2 2 2 2 2 2 2 2 2 2 2 2 2 2 2 2 2 2 2 2 2 2 2 2 2 2 2 2 2 2 2 2 2 2 2 2 2 2 2 2 2 2 2 2 2 2 2 2 2 2 2 2 2 2 2 2 2 2 2
left_child=1 5 3 8 7 -1 9 35 14 10 23 25 16 -12 49 52 20 18 -18 -15 46 -7 -23 51 -11 31 -27 28 29 -28 54 -9 -14 -34 -6 -4 -37 -5 -17 -40 -29 -42 44 -44 -43 -46 47 -8 -26 -2 -19 -3 -16 -48 -30 56 57 -56 59 -59 -24 -21
right_child=2 6 4 37 34 21 12 11 -10 24 13 -13 32 19 15 38 17 50 -20 61 -22 22 60 -25 48 26 27 40 30 -31 -32 -33 33 -35 -36 36 -38 -39 39 -41 41 42 43 -45 45 -47 53 -49 -50 -51 -52 -53 -54 -55 55 -57 -58 58 -60 -61 -62 -63
leaf_value=-0.076670832628888713 -0.0014459055125551499 -0.043572882936513915 0.033557560968156215 -0.0070738274086505583 -0.14687740973152194 -0.060187588204518611 0.04317391082959169 0.046199996123170529 0.05637220736245567 0.052041458076429584 0.13642329053422139 0.07638201060944376 0.042790885264770318 -0.075022202540174693 0.028009880279503078 0.068051347048284749 -0.066776011183535572 -0.0040778604436783571 0.77072626999515503 0.11812084388267524 0.078952731757735914 0.021217367136073001 -0.036683128514889057 -0.0082127959732518595 -0.036890280891618561 0.062619363273966389 -0.023631475659444682 0.051863943127147323 -0.020426845758864644 0.053994324775341773 0.047234393604501913 0.077322193995871841 -0.014344912364170209 0.020375399593938092 0.076997119638500561 -0.019597189595541679 0.040230471595349399 0.073692353527189058 -0.57124277688605674 -0.019511293714686143 0.047886377319170788 0.074707138055813513 -0.072219863470266821 0.027921566353427456 0.081061103072027643 -0.54364345511368761 -0.0012934564142593823 -0.01401440284947981 0.006259268140012134 -0.21553271426914269 -0.05793623615079712 0.22324225054226582 0.0048671869872925376 -0.088542773645253467 0.081023474121348929 -0.065156435910183885 -0.90154923104127649 -1.0455130200034852 -0.059310672833072405 -0.22053469501592837 0.030648962966218354 -0.027594098220700376
leaf_weight=1856.3862882782705 2239.8604422938079 118.5379705587402 88.673759248107672 13.549779043532906 1.7445849599316705 60.266320080962032 113.4467159002088 447.8151814150624 88.34196241479367 34.966867747716606 3.8231751788407555 235.71800327626988 120.27094015199691 264.45492210052907 177.39688561763614 60.389500529970974 55.476805755402893 221.02318669483066 0.18734151218086381 3.4232635470107189 18.112443551886827 66.163341134320945 125.10930720623583 456.81086188368499 53.801649400033057 136.03182507865131 26.595708515029401 207.2758258455433 37.897858916781843 86.684598454274237 14.324434337671844 125.39244364434853 96.585914633236825 289.511347417254 870.66496772086248 148.34529572399333 52.593951696064323 176.11063267616555 0.36698194872587819 5.5123387123458087 114.70334313157946 12.472107933834193 33.526348174549639 17.998734357766807 0.54864319972693809 0.51221335399895906 1001.9271320109256 81.005385046359152 153.37667690264061 1.5803198679350305 27.952385137788951 1.013894336298107 511.99929324304685 9.1920734429731947 0.6860438771545917 21.91295142006129 0.40712935291230667 0.28412802238017298 0.56595111079514027 0.26487844716757536 16.685676115565002 30.906421625055373
leaf_count=385704 37770 9527 2152 414 148 5303 867 58218 11235 780 137 42251 5189 51357 8164 8897 7520 3029 7 247 283 2584 4671 10502 2680 16126 2409 21808 3649 9604 1731 20381 1953 11006 180336 2736 2339 30476 17 440 14428 930 1555 1289 43 39 9022 970 2136 41 390 18 18325 366 56 2267 37 32 47 20 283 3059
internal_value=-0.00012224 -0.0321248 0.0282373 0.00779706 0.0531824 -0.0699574 -0.00665453 0.0419273 0.00410121 -0.0246739 -0.0323757 0.0484718 0.00327415 -0.0653218 0.00256048 0.0148919 -0.00196163 -0.0199609 -0.0639573 -0.0679033 0.00251935 -0.0234933 -0.0128593 -0.015078 0.00328313 0.0433556 0.0355922 0.0292167 0.00963055 0.0357695 -0.0291551 0.0530082 0.0190768 0.0116898 0.0765494 0.00754249 -0.00393786 0.0679222 0.0572275 -0.0539499 0.0388126 0.0237636 -0.0187671 -0.0372385 0.0515606 -0.220565 0.00137101 0.0193502 -0.00494614 -0.00159685 -0.0101245 -0.0413101 0.0108223 -0.00208664 -0.0467987 -0.0882329 -0.317238 -0.18515 -0.348929 -0.647487 -0.0287598 -0.0130638
internal_weight=11239.2 5280.42 5958.75 3275.11 2683.64 2124.61 3155.81 1811.23 3085.45 1121.12 878.971 1521.62 2034.69 302.608 2997.11 755.665 1528.32 304.64 55.6641 298.785 1223.68 268.225 207.958 576.363 242.145 1285.9 712.693 576.661 189.624 113.28 76.3434 573.208 506.368 386.097 872.41 289.613 200.939 189.66 66.2688 5.87932 387.037 179.761 65.058 51.5251 13.533 1.06086 1205.57 194.452 207.178 2241.44 248.976 119.552 689.396 1011.12 62.0189 24.1211 2.20813 1.801 1.11496 0.549006 141.795 34.3297
internal_count=1020000 519590 500410 115779 384631 398545 121045 204147 84889 80443 74847 196920 40602 54800 73654 35843 22454 10946 7527 54663 11508 12841 7538 20047 5596 154669 76070 59944 19852 12013 7839 78599 18148 12959 180484 7227 5075 30890 9354 457 40092 18284 3856 2844 1012 82 11225 1837 4816 37811 3419 9545 26489 9388 6108 2459 192 155 99 52 4954 3306
is_linear=0
shrinkage=0.08


Tree=60
num_leaves=63
num_cat=0
split_feature=5 6 9 6 9 2 3 9 2 9 4 5 2 5 4 4 2 1 2 3 2 9 3 4 9 5 9 2 2 5 5 4 4 5 4 2 4 4 4 1 1 3 3 1 4 2 1 2 1 4 9 5 4 9 2 1 1 1 8 4 1 1
split_gain=1400.59 750.436 441.852 129.281 104.713 77.6211 66.8749 57.4271 43.4524 29.6916 83.9212 30.879 29.4774 27.9586 21.4658 26.8455 20.9972 20.0374 22.6979 23.4377 22.017 56.3212 116.998 28.2057 18.0143 17.9917 17.3968 16.8312 16.7289 16.5907 15.9647 16.4677 15.9147 15.2945 17.135 14.7696 18.1027 14.1093 13.8247 13.4575 13.3361 11.8231 12.3916 11.7111 11.5654 11.4493 18.4882 18.4148 16.789 13.9505 21.5936 28.7778 22.1386 14.5256 11.7235 12.2354 11.6403 11.8239 11.4443 11.2308 10.9436 10.9092
threshold=51.363750457763679 1.0000000180025095e-35 0.82582223415374767 1.0000000180025095e-35 0.50810652971267711 72.438781738281264 5.5000000000000009 0.72316691279411327 39.077413558959968 0.47568884491920477 26.111660003662113 42.438537597656257 91.331184387207045 98.930450439453139 30.445816993713382 51.445278167724616 90.366767883300795 37.347984313964851 57.294832229614265 6.5000000000000009 58.102025985717781 0.60823646187782299 7.5000000000000009 74.842666625976577 0.53236505389213573 36.151384353637702 0.42666241526603704 49.25306701660157 94.360820770263686 58.195386886596687 79.373264312744155 47.080135345458991 28.012739181518558 40.080320358276374 39.242893218994148 60.49571609497071 84.231246948242202 98.367321014404311 45.910001754760749 47.673160552978523 96.039215087890639 5.5000000000000009 12.500000000000002 90.353595733642592 33.993463516235359 76.253131866455092 65.485893249511733 63.686313629150398 54.641149520874031 66.819572448730483 0.62180894613266002 68.989799499511733 58.240137100219734 0.66001698374748241 84.028984069824233 65.26175689697267 61.034790039062507 62.889245986938484 1.0000000180025095e-35 1.0000000180025095e-35 59.20709419250489 75.893997192382827
decision_type=2 2 2 2 2 2 2 2 2 2 2 2 2 2 2 2 2 2 2 2 2 2 2 2 2 2 2 2 2 2 2 2 2 2 2 2 2 2 2 2 2 2 2 2 2 2 2 2 2 2 2 2 2 2 2 2 2 2 2 2 2 2
left_child=1 4 3 40 -1 9 16 8 -5 10 26 -12 17 -8 25 24 -4 20 30 39 21 -10 23 -23 -16 28 27 -3 59 38 31 -19 -13 -6 -35 -9 43 41 -21 -20 -2 -38 -43 -37 -11 46 47 48 -31 50 -49 -52 -53 -54 56 -56 -47 -58 -26 -7 -27 -57
right_child=2 5 6 7 33 14 13 35 12 44 11 32 -14 -15 15 -17 -18 18 19 29 -22 22 -24 -25 58 60 -28 -29 -30 45 -32 -33 -34 34 -36 36 37 -39 -40 -41 -42 42 -44 -45 -46 54 -48 49 -50 -51 51 52 53 -55 55 61 57 -59 -60 -61 -62 -63
leaf_value=-0.076340333828166698 -0.0012124875250516568 -0.041193631485187357 0.050482865338330164 0.058731055828722373 -0.053096417040397692 0.10153927698184934 0.022008686813871043 0.071872467384703084 -0.071260408594773311 0.036830583383368629 -0.073425059020478523 0.492520368161455 0.048071249475173911 0.074483976572011029 -0.053912599302334961 0.074618063158060355 0.074675513674206911 0.045458883036549727 0.063447084052882172 0.065018760509282306 0.026408755692503526 -0.75147557215086813 -1.9515612510106493 -0.0016765820870409782 0.0022282754793351398 0.34434106075084892 0.1470990265360651 -0.0076645433108389624 0.021871429513554218 -0.11990204275251957 0.056146909454094882 -0.004808897607409328 -0.011999993017377055 0.023326216060490047 -0.027430019908741197 0.044168904263257203 0.033456348194610762 0.080452033807933643 -0.023001605751952255 0.0036561823862364851 0.046252436284294166 -0.02411617739185001 0.038831689096739813 0.080478874227243077 -0.0055375123802288194 -0.060193021665801288 0.04252532191862933 -0.091933488676145828 0.019164020961764634 0.00096106456201281961 -0.61647132602223098 0.033677828519854826 -0.76733015824117179 -0.17733486519437311 0.059079173064778327 -0.14375404523530075 -0.40072944482970341 -0.15255398107381532 -0.033587951966848814 0.00175869001608384 0.070849969785053674 0.083963541473931771
leaf_weight=1720.7849707230926 2221.6099131847732 114.41827591089532 295.40012763347477 132.28705638088286 73.477897686883807 7.2688529193401328 329.86721927579492 110.40907505899668 12.614051151089372 51.299577348399907 259.16941176122054 0.40299283619969983 111.65777332754806 80.921819063834846 72.698668791446835 20.98676327848807 1030.7783472118899 64.065432858187705 26.083861848339438 18.183458507061005 9.5139187439344806 0.48025197768583783 0.31487968424335111 0.96885486040264368 182.61385227832943 0.98563298769295471 4.364482393488287 589.44757889769971 385.93346949387342 7.0655975742265573 76.921223012264818 119.52628559200093 56.705042374320328 64.652268216013908 124.62098128208891 372.27762073418126 105.07533431099728 23.488710231613368 30.703270558267832 315.50067931739613 38.541809044312686 67.320806365925819 28.4823615164496 67.09555946663022 210.16705555748194 8.1668489216826909 17.487656251527369 16.922649350017316 26.004732807166874 6.750588809605687 1.2526958165690296 1.6286824401468041 0.47039410285651662 0.61784469708800316 5.6155565958470088 6.2859497657045722 1.4500655718147744 8.0458961268886906 83.068572101183236 1060.7327408944257 18.740340233314782 1.7134229475632308
leaf_count=385704 37164 9532 47544 12397 6662 70 34388 16269 177 930 52942 11 7258 15987 7347 337 219451 1024 1168 186 321 36 31 103 2136 27 112 11475 15617 131 8176 2869 5561 2118 4061 40259 13754 4255 307 9450 4171 5767 2845 12015 3682 211 548 106 906 369 36 75 17 40 174 153 29 185 1070 9867 329 58
internal_value=-0.000116078 -0.0306861 0.0267798 0.0123413 -0.0691578 -0.00621993 0.0605503 0.0283218 0.0159319 -0.0212874 -0.0274284 -0.0616911 0.00961301 0.0323459 0.00435076 -0.0131803 0.0692867 0.00413824 0.00640466 -0.00357223 -0.0680003 -0.130471 -0.553876 -0.250169 -0.0186256 0.00862589 -0.0121276 -0.0131149 0.00759628 -0.0290114 0.0255513 0.0127323 -0.00843976 -0.0221186 -0.0100926 0.0447793 0.0402726 0.0217842 0.00973764 0.0082219 -0.00040308 0.0149241 -0.00540172 0.0497137 0.00277508 -0.0463145 -0.0299529 -0.0508293 -0.010548 -0.0990196 -0.131325 -0.299251 -0.15299 -0.432362 -0.087222 -0.0314363 -0.130223 -0.190451 -0.00897007 0.0024378 0.0845153 -0.0949782
internal_weight=10902.1 5102.54 5799.57 4062.6 1983.54 3119 1736.97 1802.45 1028.3 1285.97 1024.51 316.277 896.013 410.789 1833.03 359.368 1326.18 784.355 760.463 499.95 23.892 14.378 1.76399 1.44911 338.381 1473.66 708.23 703.866 1453.94 158.365 260.513 183.592 57.108 262.751 189.273 774.149 663.74 224.367 48.8867 341.585 2260.15 200.879 95.8032 439.373 261.467 109.479 78.2008 60.7132 33.0703 27.6429 20.8923 3.96962 2.71692 1.08824 31.2777 13.6149 17.6628 9.49596 265.682 1068 19.726 7.99937
internal_count=1020000 519590 500410 183040 398545 121045 317370 141705 46541 84245 79633 58514 34144 50375 36800 10890 266995 26886 26218 14149 668 347 170 139 10553 25910 21119 21007 25554 3531 12069 3893 5572 12841 6179 95164 78895 26621 493 10618 41335 22366 8612 52274 4612 3038 2228 1680 1037 643 274 168 132 57 810 385 425 214 3206 9937 356 211
is_linear=0
shrinkage=0.08


Tree=61
num_leaves=63
num_cat=0
split_feature=9 6 5 6 1 5 0 2 0 2 3 2 0 5 0 5 1 9 9 8 0 2 5 2 3 2 1 2 2 5 9 0 3 2 1 1 0 2 2 1 2 9 5 5 0 2 2 3 2 0 2 2 3 9 3 1 2 1 0 0 2 3
split_gain=1232.5 517.448 389.11 313.214 126.634 56.7641 55.5714 69.7712 97.265 59.8681 54.9254 38.4387 38.1332 36.1136 33.442 31.2039 26.2755 25.106 25.0449 24.8797 23.1113 22.5238 21.6971 20.4531 23.8853 23.7231 23.138 27.3737 29.2552 18.2423 17.8932 20.8614 16.7008 16.4545 14.9421 14.7789 14.3783 32.0242 17.0683 14.2511 14.2427 14.1384 14.0212 14.8833 13.2211 22.7139 15.1355 39.4024 16.106 13.1921 43.2691 37.4499 50.7802 25.0109 16.6183 15.806 15.4895 14.7159 41.7607 19.5808 20.8888 23.9285
threshold=0.62180894613266002 1.0000000180025095e-35 46.734052658081062 1.0000000180025095e-35 88.784065246582045 97.446762084960952 54.923507690429695 64.326763153076186 28.778468132019047 51.649148941040046 8.5000000000000018 94.360820770263686 88.998897552490249 52.657253265380866 88.493064880371108 72.298423767089858 95.861873626708999 0.4410721510648728 0.72908326983451854 1.0000000180025095e-35 92.031745910644545 42.93394851684571 54.250427246093757 59.611795425415046 8.5000000000000018 91.331184387207045 81.28433990478517 92.390407562255874 76.253131866455092 20.084033966064457 0.39529204368591314 61.938297271728523 5.5000000000000009 99.532711029052749 36.882591247558601 56.635221481323249 50.878274917602546 48.934240341186531 93.957649230957045 60.107526779174812 26.766168594360355 0.47214318811893469 43.814874649047859 11.483516693115236 65.485893249511733 62.575302124023445 74.115688323974624 2.5000000000000004 43.288288116455085 66.323020935058608 61.633426666259773 73.746868133544936 6.5000000000000009 0.4536531269550324 11.500000000000002 48.313756942749031 63.224515914916999 65.733856201171889 77.836257934570327 78.611557006835952 81.661396026611342 3.5000000000000004
decision_type=2 2 2 2 2 2 2 2 2 2 2 2 2 2 2 2 2 2 2 2 2 2 2 2 2 2 2 2 2 2 2 2 2 2 2 2 2 2 2 2 2 2 2 2 2 2 2 2 2 2 2 2 2 2 2 2 2 2 2 2 2 2
left_child=1 2 14 16 5 12 7 8 -3 30 35 20 15 -6 -1 -5 -2 29 -18 36 34 -19 -21 -17 25 -25 27 28 -26 -10 31 -8 -15 -28 -11 -9 39 -38 -39 40 -4 -32 43 -13 46 -46 48 -48 -24 51 53 54 -53 -51 -36 -52 -56 58 -57 60 -59 -62
right_child=3 6 19 4 13 -7 9 10 17 11 -12 42 -14 32 -16 23 18 21 -20 22 -22 -23 44 24 26 -27 33 -29 -30 -31 41 -33 -34 -35 49 -37 37 38 -40 -41 -42 -43 -44 -45 45 -47 47 -49 -50 50 55 52 -54 -55 56 57 -58 59 -60 -61 61 -63
leaf_value=-0.076099703627392212 0.0010167684995463794 0.071648210117054162 0.062237086887336805 0.0032650524051374319 0.0089145828738495993 0.066729403030740569 -0.051285714919597894 0.11235276904558709 -0.037376847132282974 0.072863623013277451 -0.01274133042656686 0.032952271951672607 0.075438303315743541 0.07704037584030185 -0.0043342944741128252 0.058921437719920436 -0.0026197239120312734 0.016672403897870655 0.072150671293059909 -0.052796441044521539 0.050509863374457301 -0.039893373645184312 0.012227979218741173 0.025989677118147841 0.0311353574933965 0.056723318682093099 0.036830901263382385 0.040813385635810065 -0.064370609734694509 -0.073235732039287363 0.14715812222219199 0.067456332580264594 0.0050690130765335788 -0.051556972385466651 -0.03404514352187718 0.038064371676336056 0.08796428910646073 -0.0022523771319251261 0.055388156190362463 0.18378490520284996 -0.037301915361540733 0.062116419643796168 0.079980045809653816 0.0012853352524853188 0.07810298627758526 -0.0088414058642520971 0.35595070183569893 0.00069723039385149576 -0.047161130904123792 -0.0014326548978422799 0.048808410823446544 0.047645658472624336 -0.029571189020457092 0.086455828885435987 0.038175864198862729 -0.040525947895223603 -0.033383217831447057 -0.0063078555085022596 0.032874875080307363 -0.017825171168673139 0.048697091509864128 -0.00034302110287639999
leaf_weight=1607.3328445027582 1547.3114225319587 50.39166884124279 10.245765145868061 301.02065305178985 55.688372790813446 314.88489150628448 17.827355821151286 36.685808779206127 166.78366042906418 15.143410055432467 114.70664586313069 200.28533949144185 108.37757638888434 866.88656075391918 42.659689432941377 157.66232704976574 49.951150031760335 65.616855592466891 67.298488200642169 113.75564261386171 46.808981690555811 143.74874458415434 38.158219304867089 497.89895188156515 41.559623714536428 237.37244138214737 17.847693611867726 159.48063656920567 40.559897538274527 199.28593866573647 15.444793327711521 20.19718789216131 21.137768023181707 55.077927391044796 421.93541028071195 32.165991241578013 31.662917052861303 308.14576284447685 36.805839001201093 2.092797201126813 90.130164501257241 65.882466116920114 24.828873397782445 180.67503573652357 24.319641053676605 91.896132783964276 2.246279843151572 18.08829452469945 124.83367497473955 33.936180086340755 32.84197581326589 117.70995624177158 101.51348319323733 53.221756755374372 43.176779373548925 215.22687658620998 35.094653524458408 378.75242214417085 64.465981805697083 356.54334329348058 123.00350623577833 132.02953186957166
leaf_count=379573 26473 5510 391 10981 1348 59319 2267 586 11909 392 3365 9546 17410 205636 2178 20401 780 1881 12107 11860 1717 3304 1105 60486 3821 32405 1189 15688 2898 40323 601 519 2935 2379 15506 436 954 6248 338 26 5422 1935 386 6554 376 826 17 188 2554 875 497 1064 1789 672 1700 4157 945 4953 723 5103 1090 1383
internal_value=-0.000102204 -0.0237495 -0.0512277 0.0314012 0.0473886 0.0356543 -0.00382327 -0.0222073 -0.034928 0.00169481 0.0211628 -0.000870413 0.0296024 0.0714082 -0.0742442 0.0263093 0.0037836 -0.044261 0.0402967 -0.00867057 -0.005094 -0.0221652 -0.0230523 0.0320543 0.0280193 0.0359116 0.00956916 0.0214903 -0.0160363 -0.0568982 0.0570863 0.0117855 0.0753272 -0.0299251 -0.00631906 0.0776469 0.00373634 0.0109655 0.00389778 -0.0228337 -0.0271416 0.0782666 0.0217302 0.0179338 -0.0117565 0.00935282 -0.0251383 0.0399407 -0.0332575 -0.0068875 -0.0023361 -0.0156813 0.0118897 0.0522352 -0.0277647 -0.00598676 0.00609084 -0.00740373 -0.0236079 -0.00282728 0.00560996 0.0233092
internal_weight=10588.3 6048.3 2542.37 4540.02 2875.46 1931.74 3505.93 809.385 625.827 2696.55 183.558 2577.19 1616.86 943.713 1649.99 1508.48 1664.56 575.435 117.25 892.381 2171.4 209.366 413.298 1207.46 1049.8 735.271 314.526 241.6 82.1195 366.07 119.352 38.0245 888.024 72.9256 2124.6 68.8518 479.083 376.615 344.952 102.469 100.376 81.3273 405.789 380.96 299.542 116.216 183.326 20.3346 162.992 2109.45 1390.02 719.43 219.223 87.1579 500.207 1302.86 78.2714 1270.02 279.693 990.329 633.785 255.033
internal_count=1020000 543744 412056 476256 436896 226977 131688 67314 62927 64374 4387 59052 167658 209919 381751 150248 39360 57417 12887 30305 42566 5185 16926 139267 118866 92891 25975 22407 6719 52232 5322 2786 208571 3568 40849 1022 13379 7540 6586 5839 5813 2536 16486 16100 5066 1202 3864 205 3659 40457 19453 21004 2853 1547 18151 17906 2645 17409 4880 12529 7426 2473
is_linear=0
shrinkage=0.08


Tree=62
num_leaves=63
num_cat=0
split_feature=5 6 9 6 9 0 3 0 5 5 6 5 5 9 0 9 5 0 9 9 0 0 0 9 0 8 1 1 1 3 5 1 7 6 0 3 0 5 8 5 5 8 0 9 7 9 5 5 5 9 8 9 5 7 9 5 8 3 9 5 0 9
split_gain=1082.52 667.56 401.005 105.65 84.8159 72.4619 67.2374 57.285 46.7233 27.8142 27.7916 26.6813 23.5279 52.8683 23.5873 22.642 22.3621 24.7705 20.6914 16.2145 15.96 14.2621 14.5972 14.1611 27.118 13.8929 13.6348 13.4793 12.3961 12.3305 12.2505 11.4918 11.3378 11.0813 11.0248 10.6406 12.7574 11.5215 10.6315 13.8515 13.8045 10.5837 10.3712 10.3454 10.218 10.123 9.92606 9.78751 9.7354 9.54037 9.51045 11.0965 9.2272 8.7648 8.56594 8.44983 10.503 10.2746 8.42417 8.31806 27.0132 8.30923
threshold=49.358869552612312 1.0000000180025095e-35 0.82582223415374767 1.0000000180025095e-35 0.52298191189765941 49.25306701660157 5.5000000000000009 86.295150756835952 72.298423767089858 23.442888259887699 0.75000000000000011 98.930450439453139 23.442888259887699 0.47568884491920477 91.331184387207045 0.30374495685100561 42.438537597656257 76.50690078735353 0.88637030124664318 0.50239983201026928 90.353595733642592 57.93287658691407 30.860805511474613 0.40380826592445379 59.611795425415046 1.0000000180025095e-35 35.368577957153327 40.212766647338874 17.519181251525882 5.5000000000000009 96.209373474121108 95.293468475341811 1.0000000180025095e-35 0.75000000000000011 95.861873626708999 1.0000000180025095e-35 53.410852432250984 5.5815160274505624 1.0000000180025095e-35 95.782062530517592 96.881942749023452 1.0000000180025095e-35 85.847797393798842 0.33636228740215307 1.0000000180025095e-35 0.31248815357685095 38.829240798950202 62.534915924072273 96.67456436157228 0.37744361162185674 1.0000000180025095e-35 0.47568884491920477 35.941101074218757 1.0000000180025095e-35 0.44826884567737585 91.342369079589858 1.0000000180025095e-35 8.5000000000000018 0.57548686861991893 47.332759857177741 80.186916351318374 0.40096205472946173
decision_type=2 2 2 2 2 2 2 2 2 2 2 2 2 2 2 2 2 2 2 2 2 2 2 2 2 2 2 2 2 2 2 2 2 2 2 2 2 2 2 2 2 2 2 2 2 2 2 2 2 2 2 2 2 2 2 2 2 2 2 2 2 2
left_child=1 4 3 19 20 9 18 8 41 15 42 38 14 16 26 -3 33 27 31 21 54 22 -2 24 -23 58 -7 49 -11 -9 44 32 -4 -14 -21 36 37 -28 39 -8 -40 -5 48 -17 -12 -39 -15 -36 -10 -18 51 -25 -22 -20 -1 -44 -57 -58 -6 -56 -61 -30
right_child=2 5 6 7 25 12 11 29 10 28 30 -13 13 46 -16 43 17 -19 53 34 52 23 -24 50 -26 -27 35 -29 61 -31 -32 -33 -34 -35 47 -37 -38 45 40 -41 -42 -43 55 -45 -46 -47 -48 -49 -50 -51 -52 -53 -54 -55 59 56 57 -59 -60 60 -62 -63
leaf_value=-0.078432748914112199 0.030886653635861509 -0.025685855870397543 -0.11195855622783139 0.013387726003467958 -0.028777407985224483 0.088310202494188708 0.018231869306634285 0.069069939575631803 0.0098739899572758399 0.094156840269819922 -0.16315039538789666 0.073553027677272592 -0.069452612355618018 -0.016123219501635234 0.031608790669994988 0.15096423586683849 -0.080545438324994945 0.4274884330782795 -0.10528789876362497 0.0001975324448649166 -0.011947384301552146 0.91997129733980754 -0.045783318921901933 0.09201306979488301 0.01687542888747506 -0.04984104257705245 0.38514842574239028 -0.025776514430860917 -0.078417327141490259 0.00047018933079756554 0.067788500773492785 0.07714033321481549 0.047497398546905496 0.015094107965476338 -0.0090168116843389046 -0.0021912798311652629 0.016374760950597134 0.0012674084236369049 0.015303526352701368 0.069197471953111406 -0.04705630963546157 -0.0060140873699479633 -0.0050879068328585743 -0.0076055358149774103 0.038235243623104244 0.30851303277416042 0.0065095922257349392 0.069409876229775971 0.048890390194975118 0.20873114943833707 -0.029343565195293464 -0.009396128180587375 0.25636388373058028 0.076106660478330604 -0.065268365129152198 -0.082733334702598943 -0.77725690579396156 -0.15899938857362739 0.015054074567285986 -0.01863648937405386 0.77481738964926505 -0.039380664491298206
leaf_weight=1291.2180617644917 18.197961194440722 145.469083474949 2.8797597931697956 396.9836810096167 45.038111503701657 11.178530762903391 117.36425853706896 199.33501635026187 281.60824917722493 3.1172800245694807 1.6187286972999562 70.49464062275365 140.36798935476691 194.1672096978873 168.25112087931484 7.0814791326411051 0.96514587989077627 0.92787836305797 1.7087373682297755 2082.0939267524518 2.0105465054512019 0.31873394222929974 125.46280196774751 13.206706251949074 0.64026496745646 55.709488838911057 1.0481786280870427 17.038921108469367 117.79720708192326 18.309707764536142 107.0538429133594 99.938080181833357 316.95956914313138 10.676108516287057 16.061339993961155 1589.5471348906867 135.58584874682128 2.5812741736881439 120.94626076566055 48.122878988739103 27.973838187288493 329.12839070195332 1.8308670236729079 4.1919991234317422 415.90970464376733 0.93486144300550211 343.26115303998813 27.831435840111226 47.890283736400306 2.9904757495969534 24.641306134872139 14.474429154768584 1.3856361247599123 739.69119417690672 174.07035748544149 0.95404066145420052 0.37294607609510422 0.31932826759293675 74.456617571413517 15.464905736036595 0.27957200910896141 49.588182891020551
leaf_count=344151 542 9174 126 9702 3061 360 12910 30229 17798 148 41 15987 30044 4961 10508 190 170 26 168 30443 91 22 9493 375 30 4055 20 2144 28220 1315 19386 23873 55693 675 337 21539 1889 94 12259 6034 3185 5927 126 72 51393 14 5216 3680 7133 111 1076 421 50 187135 38427 58 42 5 1169 2446 11 4020
internal_value=-0.000101408 -0.0289088 0.0233008 0.010275 -0.0694896 -0.00605345 0.0580478 0.0248154 0.0195266 -0.0415467 0.0321709 0.0290708 -0.00161943 -0.0140485 0.00300547 -0.0172214 -0.052518 0.0229865 0.067653 -0.00100031 -0.0757028 -0.0229604 -0.0360713 0.0123899 0.317029 -0.0168479 0.000241036 0.00510911 -0.0639089 0.0632989 0.0436449 0.0534607 0.0460617 -0.0634767 0.00103398 -0.000328129 0.0208032 0.152354 0.0190972 0.0330524 0.00358957 0.00459337 0.0140944 0.0920007 0.0374545 0.0829571 -0.0016674 0.0407118 0.0155447 0.13815 0.0068063 0.0389863 0.0975231 0.0756886 -0.0761 -0.123345 -0.254859 -0.492071 -0.00146621 -0.0602318 -0.00454726 -0.0668527
internal_weight=10276.7 4606.4 5670.32 4124.24 1659.63 2946.77 1546.08 1801.31 1583.67 327.245 857.558 384.902 2619.52 710.395 1909.13 156.743 172.967 21.9224 1161.18 2322.93 1484.43 196.942 143.661 53.2814 0.958999 175.204 1740.88 20.9945 170.503 217.645 524.582 419.777 319.839 151.044 2125.99 1729.7 140.15 4.56431 314.407 165.487 148.92 726.112 332.976 11.2735 417.528 3.51614 537.428 43.8928 329.499 3.95562 52.3224 27.6811 3.39618 741.4 1481.03 3.47718 1.64632 0.692274 119.495 189.815 15.7445 167.385
internal_count=1020000 513056 506944 189574 393461 119595 317370 143155 111611 41824 95982 50375 77771 43347 34424 9436 33170 2451 266995 46419 385176 11959 10035 1924 52 8285 23916 2425 32388 31544 70820 79692 55819 30719 34460 23556 2017 128 34388 18944 15444 15629 25162 262 51434 108 10177 4017 24931 281 1872 796 141 187303 385035 231 105 47 4230 40884 2457 32240
is_linear=0
shrinkage=0.08


Tree=63
num_leaves=63
num_cat=0
split_feature=5 6 9 6 9 4 9 1 0 5 9 6 5 4 8 5 4 7 8 4 9 0 8 5 0 0 8 9 4 5 9 6 5 4 4 5 4 1 0 0 6 4 0 4 5 4 1 9 0 9 8 4 5 9 9 1 4 7 0 5 4 5
split_gain=947.637 629.005 373.167 92.6491 84.6117 68.0874 87.4451 56.3101 54.2308 43.2805 34.6952 26.4908 25.687 24.2281 25.7664 19.9682 19.9065 17.2369 16.9485 15.7312 14.4155 17.3253 15.1015 14.6029 14.2607 13.9434 12.5583 12.5104 12.4231 11.6434 10.9551 10.7395 10.5281 10.2856 10.0553 14.2952 10.5744 12.2158 9.89518 9.7613 15.0544 10.3655 9.71663 9.31125 9.20045 9.18719 11.145 9.0199 8.86904 8.81418 18.6205 29.9531 8.6854 9.5096 8.50251 8.49465 8.32901 8.30614 8.16751 10.0357 8.12197 7.97658
threshold=49.358869552612312 1.0000000180025095e-35 0.82582223415374767 1.0000000180025095e-35 0.52298191189765941 29.278497695922855 0.47568884491920477 92.907444000244155 89.769756317138686 72.298423767089858 0.42477825284004217 0.75000000000000011 98.930450439453139 43.703044891357429 1.0000000180025095e-35 36.323410034179695 49.882629394531257 1.0000000180025095e-35 1.0000000180025095e-35 23.14919471740723 0.48769050836563116 56.73658752441407 1.0000000180025095e-35 64.425609588623061 90.353595733642592 73.09759902954103 1.0000000180025095e-35 0.43455895781517034 59.032005310058601 98.469348907470717 0.72316691279411327 0.75000000000000011 37.387241363525398 25.362623214721683 36.329965591430671 82.382503509521499 31.892949104309086 54.261501312255866 95.861873626708999 88.998897552490249 0.75000000000000011 68.585231781005874 32.163381576538093 45.536504745483406 71.248622894287124 34.158597946166999 44.033897399902351 0.44826884567737585 40.936473846435554 0.76500371098518383 1.0000000180025095e-35 69.952102661132827 56.111852645874031 0.64869347214698803 0.62180894613266002 68.870674133300795 51.445278167724616 0.75000000000000011 60.49571609497071 51.363750457763679 32.056175231933601 40.852642059326179
decision_type=2 2 2 2 2 2 2 2 2 2 2 2 2 2 2 2 2 2 2 2 2 2 2 2 2 2 2 2 2 2 2 2 2 2 2 2 2 2 2 2 2 2 2 2 2 2 2 2 2 2 2 2 2 2 2 2 2 2 2 2 2 2
left_child=1 4 3 20 24 10 16 12 9 13 19 34 17 33 -15 -12 31 -4 -19 48 21 23 27 42 47 -18 -6 58 55 -13 54 -7 43 52 35 36 -11 -38 -22 41 -41 -20 -2 -8 49 46 -34 -1 -3 -40 -51 -52 -5 -54 -16 -28 -47 -43 59 -23 -24 -49
right_child=2 5 7 8 26 6 32 -9 -10 11 15 29 -14 14 30 -17 25 18 39 -21 38 22 60 -25 -26 -27 28 -29 -30 -31 -32 -33 45 -35 -36 -37 37 -39 44 40 -42 57 -44 -45 -46 56 -48 61 -50 50 51 -53 53 -55 -56 -57 -58 -59 -60 -61 -62 -63
leaf_value=-0.078252799600572978 0.023940807031106202 -0.037089702298327441 -0.11074698627699471 0.044320340122254206 -0.0013706063114828171 -0.072648377826606755 -0.02975308071708033 0.076483527152385822 0.073470721513531012 -0.0016681474814213496 0.019154338057237926 0.038903309282003966 0.074870665030137645 0.013046438405514955 -0.017722297906475348 0.099044862323933738 0.025660950743490247 0.050822480071606897 0.054165765029216217 -0.060359583950663931 -1.8558293846829259e-05 0.70352646645646943 0.33593237233655343 0.012380758166533876 0.081779439311786967 0.35065006046620328 0.31427104751776047 0.042098270363455495 0.48476582922546224 0.077511427617761919 0.044083705222815947 -0.023353867486305416 0.34209471082067916 0.031413667917777159 0.01669694727720689 0.081815882963636691 -0.48050765776556809 -0.13846976636667657 0.011306775528957567 -0.0083840541345187904 0.06923655897682808 0.0084065013631218401 -0.065372743857255833 0.26215077588864438 0.076918964469871509 -0.0081397996648106454 0.026243635430567337 -0.072892641279353756 -0.0011333182089912793 0.080469495508961944 0.080474708813549609 -1.5825981432356997 -0.21213503573905479 0.081371954695663148 -0.053066335945935537 -0.053763737303321249 0.048218354169161842 0.074650474243621187 0.10516327537924851 0.21492306277191359 -0.040916910168583079 -0.038465821686967758
leaf_weight=1194.5767044504173 8.659637167118488 45.067456296179444 4.9373628208413711 2.5663831443525842 118.90596048301086 227.02646758267656 112.44655209546909 565.14374540722929 128.42228177678771 1.7820926439017046 356.99611784284934 464.98468748549931 146.45211914973333 283.91568179358728 185.23486036527902 21.212713963817805 4.4217658974230281 386.900349694537 45.169592368882149 30.134653700981289 2122.0687757800333 0.40769747737795403 0.37366024265066045 25.514804993756115 3.6880413759499779 1.0444914009422062 0.40446576289832492 19.014510489068925 0.27849905006587405 56.014375648461282 15.152904909104107 32.311317352578044 0.72475974448025127 206.39614351652563 349.55267163249664 2.392593084834516 0.97586451098322902 2.1201556790620089 20.655372636392716 21.220851500984281 64.893841680139303 212.67887004301883 78.150120752863586 0.70374912722036143 20.841467006597668 315.70937912166119 52.997284732293338 106.67714238120243 1700.7530323076062 0.37488220678642292 0.13336087623611093 0.14431338524445891 3.0623161206021909 0.91835752828046668 56.954317775089294 52.483611941337585 17.724844010546803 12.845644824439658 1.6066456255502997 0.79104528203606606 17.902754705864936 72.24153477139771
leaf_count=344151 281 3099 159 55 4230 55355 3500 156627 22620 48 15970 61393 36027 8516 2064 340 364 67833 6830 6072 31774 38 11 432 141 7 32 545 4 12566 1610 2617 9 4133 28332 134 10 67 879 1669 16449 29886 8317 13 3024 5550 768 26020 25700 65 23 26 34 70 1503 4019 231 1890 42 30 932 14864
internal_value=-0.000105831 -0.0275122 0.0220107 0.00958186 -0.0687135 -0.00564675 -0.0261472 0.0567126 0.023416 0.0194773 0.00163455 0.031553 0.0442297 0.00542222 -0.00357142 0.0236352 -0.0633222 0.0382357 0.0392248 -0.00305072 -0.000930927 -0.0247105 0.0204327 -0.0408252 -0.075322 0.0877598 -0.0158222 0.0653659 -0.048143 0.0430542 -0.0219053 -0.0665067 -0.00647106 0.0282822 0.0147601 -0.0783567 -0.156917 -0.24628 0.000743814 0.0266489 0.0501089 0.0191857 -0.0564633 -0.0279376 0.0391265 -0.00019726 0.0305048 -0.0757438 -0.00206151 0.00216137 -0.287318 -0.783861 -0.0704367 -0.144422 -0.026034 -0.0509492 -0.00514389 0.0121797 0.223071 0.381099 -0.0332122 -0.0589922
internal_weight=10005.9 4468.53 5537.33 4077.08 1549.26 2919.27 765.111 1460.24 1760.45 1632.02 2154.16 877.822 895.099 754.201 541.258 378.209 264.804 748.647 743.709 1775.96 2316.64 152.421 40.0963 112.325 1377.18 5.46626 172.073 21.8199 53.1666 520.999 257.342 259.338 500.307 212.943 356.823 7.27071 4.87811 3.09602 2164.22 356.809 86.1147 270.694 86.8098 113.15 42.1494 387.156 53.722 1373.5 1745.82 21.3079 0.652556 0.277674 6.54706 3.98067 242.189 52.8881 333.434 225.525 2.80539 1.19874 18.2764 178.919
internal_count=1020000 513056 506944 189574 393461 119595 68414 317370 143155 120535 51181 102550 160743 17985 13693 16310 58343 124716 124557 34871 46419 10628 1598 9030 385176 371 8285 655 4055 73959 5177 57972 10071 4292 28591 259 125 77 35791 56724 18118 38606 8598 3513 4017 6558 777 385035 28799 993 114 49 159 104 3567 4051 5781 31776 110 68 943 40884
is_linear=0
shrinkage=0.08


Tree=64
num_leaves=63
num_cat=0
split_feature=9 6 5 9 6 3 0 2 0 2 3 2 9 0 2 5 2 0 9 9 2 0 4 5 4 0 2 5 8 2 6 2 0 9 5 4 2 9 4 2 2 3 5 2 0 3 8 5 5 8 5 9 5 0 5 4 4 0 0 2 5 0
split_gain=830.117 395.885 354.938 260.289 72.0376 68.2884 40.5224 60.1617 81.0133 52.7493 43.6117 32.9059 32.6191 30.8779 28.1225 25.3899 23.8753 22.8101 21.7058 20.7458 18.9263 18.0347 16.9371 16.915 16.4734 14.7088 25.4162 13.8686 13.213 14.2212 13.1413 13.1298 13.0435 12.8547 12.8422 12.7127 12.1965 15.6857 12.123 12.0946 12.047 24.8789 11.8375 11.3543 16.8164 16.7225 18.0903 11.277 11.2751 11.1933 11.3673 14.6656 31.85 11.4858 11.8977 11.1882 12.4128 11.0042 17.5908 29.0256 15.5058 48.0075
threshold=0.62180894613266002 1.0000000180025095e-35 46.184494018554695 0.82582223415374767 1.0000000180025095e-35 5.5000000000000009 54.923507690429695 64.326763153076186 28.778468132019047 47.901996612548835 8.5000000000000018 61.633426666259773 0.72316691279411327 88.493064880371108 94.360820770263686 98.930450439453139 90.366767883300795 86.295150756835952 0.46538193523883825 0.4410721510648728 42.93394851684571 92.031745910644545 84.231246948242202 20.084033966064457 98.367321014404311 57.93287658691407 38.757823944091804 64.425609588623061 1.0000000180025095e-35 93.957649230957045 1.0000000180025095e-35 49.25306701660157 62.243186950683601 0.42290079593658453 46.734052658081062 40.469308853149421 93.957649230957045 0.46875868737697607 1.0000000180025095e-35 43.288288116455085 94.174205780029311 9.5000000000000018 11.483516693115236 62.910053253173835 55.40315246582032 9.5000000000000018 1.0000000180025095e-35 95.256843566894545 11.483516693115236 1.0000000180025095e-35 92.69339752197267 0.82328909635543834 94.137859344482436 77.836257934570327 97.251304626464858 72.507308959960952 73.708465576171889 87.570224761962905 77.836257934570327 86.526824951171889 95.256843566894545 74.322341918945327
decision_type=2 2 2 2 2 2 2 2 2 2 2 2 2 2 2 2 2 2 2 2 2 2 2 2 2 2 2 2 2 2 2 2 2 2 2 2 2 2 2 2 2 2 2 2 2 2 2 2 2 2 2 2 2 2 2 2 2 2 2 2 2 2
left_child=1 2 13 4 43 16 7 8 -3 -8 -9 32 40 -1 21 55 -5 22 25 23 -21 38 -14 31 49 27 33 -4 29 -20 -18 -10 47 -27 42 -30 -23 -38 -11 -37 41 57 -16 44 45 46 -2 -6 -39 -24 -51 -52 -53 -54 -55 -7 -57 58 60 -60 -13 -62
right_child=3 6 18 5 11 15 9 10 19 14 -12 12 17 -15 34 -17 30 -19 28 20 -22 36 24 -25 -26 26 -28 -29 35 -31 -32 -33 -34 -35 -36 39 37 48 -40 -41 -42 -43 -44 -45 -46 -47 -48 -49 -50 50 51 52 53 54 -56 56 -58 -59 59 -61 61 -63
leaf_value=-0.075294246419056785 -0.29193705891909122 0.069841492501173996 -0.057956924544334446 0.044029190324784244 0.015506382108201391 0.045105188691159065 0.071380111570906707 0.070667827268870151 -0.058789373769025481 0.080067952345436774 -0.010136813087346099 0.016069919568211063 0.036696950815931342 -0.0047227595716250225 0.030256365039612505 0.072423418039500295 0.039638894339514251 0.062133062951258235 0.002637993670449046 0.014812246508094722 -0.037532349969625789 0.061750918393787664 0.017677567607442709 -0.071529531454773004 0.080351615429776951 0.42983561927746933 -0.0066797079095391402 0.020834891410982982 0.030978807620499874 0.051975807106495304 0.075990894735501899 -0.012658680065982942 0.073757983088544338 0.065933356917729502 0.085538568869640966 0.035883826636395791 0.064082680211404577 -0.56265549207494769 -0.0052922737411182016 -0.024215412107268776 0.026635989028992366 -0.067177046611832894 0.0017260416881669865 6.4995230839023796e-05 0.05357789466552558 0.05879852568515416 -0.027534559533687691 0.067535290460422143 -0.13158472601830457 0.010542466365016779 -0.043619111946047257 -1.0608261215044528 0.0065181283601043983 -1.1050730122351726 -0.19561619799241189 -0.13909997075331848 0.0098721353894148274 0.051591498855222108 -0.0046460829120659351 -0.12104411237442758 -0.073343316539304163 -1.2441515399420788
leaf_weight=1271.9365612275433 2.7403969876468164 45.870663119014353 104.15967050287873 243.7072062951047 69.436212879605591 64.886944655328989 67.453036761377007 69.191485883435234 76.321266666520387 10.701775056309996 111.8501246732194 167.12434637593105 275.26574640255421 40.957435625139624 190.27679671254009 60.846438966458663 69.929727698210627 135.89964570733719 368.24719329341315 64.431541635654867 140.84705740981735 39.050006947480142 73.204274468123913 165.1380132723134 16.315179244149476 1.355013518128547 21.08173437602818 16.571843093261123 35.972227866761386 41.615585890598595 708.13833777536638 81.819504902232438 115.254136468051 1.1472745202481744 17.972098160069436 23.287386323325336 2.5188715737313023 0.49678930640220675 2128.0391827831045 268.76091326004826 111.28953068936244 35.391651523299515 182.19272675644606 1498.9276651600376 53.018305534496903 5.0943320784717798 4.1857292884960771 43.279390834039077 1.7787383729591963 30.546792754903436 40.430462633725256 0.28033884661272068 1.0801034811884163 0.13492542086169113 0.28978578327223659 3.6362767722457638 229.79064101353288 28.047607466112822 53.372889940161258 18.450937713030726 3.1116981878876682 0.24153701029717911
leaf_count=376861 39 5510 16727 47544 8306 8338 3186 1022 7832 120 3365 5937 32086 2170 9546 15987 11124 25421 6046 1881 3304 1504 8487 40323 3824 36 1791 256 899 369 208327 4077 18332 7 339 551 127 28 42844 6343 6513 1111 6601 26346 1303 61 75 8540 79 2935 4897 36 157 16 54 430 25620 1879 1717 430 353 31
internal_value=-0.000106142 -0.020245 -0.0467228 0.0269387 0.0128467 0.0553323 -0.00313012 -0.0194678 -0.0321417 0.00154426 0.0207456 0.0274305 0.0211232 -0.0730927 -0.000286518 0.0253262 0.0658797 0.0335038 -0.00747898 -0.0409923 -0.0211028 -0.00382394 0.0246117 -0.053622 0.00411249 -0.0358537 0.0219325 -0.0471418 -0.00192944 0.00764753 0.0727237 -0.0349221 0.054834 0.26299 0.0194878 -0.0138959 0.0469664 -0.0734524 -0.00486515 -0.0194232 0.00409901 -0.00410445 0.0163008 0.00148488 0.0342084 -0.051224 -0.132148 0.0354839 -0.225695 -0.00440901 -0.0266297 -0.0535271 -0.277926 -0.132075 -0.484539 0.0157199 0.00755148 0.00415245 -0.00133886 -0.0345478 0.0126524 -0.157678
internal_weight=9754.39 5591.04 2195.09 4163.35 2782.41 1380.94 3395.95 755.47 574.428 2640.48 181.042 1218.45 990.477 1312.89 2573.03 359.16 1021.78 573.447 882.199 528.557 205.279 2182.59 437.548 323.279 162.282 144.316 23.584 120.732 737.883 409.863 778.068 158.141 227.97 2.50229 390.442 328.021 43.8444 4.7944 2138.74 292.048 417.03 305.741 372.47 1563.97 65.0388 12.0205 6.92613 112.716 2.27553 145.967 72.7624 42.2156 1.78515 1.50481 0.424711 298.314 233.427 270.349 242.301 71.8238 170.478 3.35324
internal_count=1020000 543744 412056 476256 158886 317370 131688 67314 62927 64374 4387 131062 95884 379031 61188 50375 266995 77913 33025 57417 5185 44702 52492 52232 20406 18817 1834 16983 14208 6415 219451 11909 35178 43 16486 7793 1738 234 42964 6894 17971 11458 16147 27824 1478 175 114 16846 107 16582 8095 5160 263 227 70 34388 26050 10347 8468 2147 6321 384
is_linear=0
shrinkage=0.08


Tree=65
num_leaves=63
num_cat=0
split_feature=9 9 4 1 6 4 2 3 2 9 1 2 3 3 3 2 4 2 1 1 1 9 2 1 1 2 3 2 2 2 1 2 4 3 4 1 3 4 2 1 2 1 8 2 4 4 1 3 1 1 2 2 3 3 2 1 3 8 3 2 9 2
split_gain=734.272 304.992 541.856 118.581 74.9189 57.4549 55.6814 43.6656 38.7133 38.4118 34.7515 32.7222 28.8884 26.6788 26.0693 25.833 24.2443 24.1544 33.5669 48.9566 28.0522 24.7616 23.4658 85.7977 25.3184 33.9404 28.3235 23.7808 23.7137 22.0511 21.5002 21.2222 16.5173 15.5183 14.8775 14.4312 13.6397 13.2077 13.0823 16.6139 17.5873 30.2472 13.3282 17.962 22.0864 84.7923 24.4414 50.7703 22.6495 12.9104 13.3755 12.8749 16.5133 12.5665 13.7432 12.2615 28.3119 12.6628 12.1545 11.8574 16.4667 11.806
threshold=0.77246060967445385 0.47937326133251196 23.14919471740723 94.360820770263686 1.0000000180025095e-35 53.768512725830085 51.649148941040046 5.5000000000000009 93.127067565917983 0.4366943240165711 81.517440795898452 55.217784881591804 3.5000000000000004 7.5000000000000009 8.5000000000000018 55.488622665405281 99.103118896484389 85.215545654296889 68.614070892333999 85.58441543579103 76.23956680297853 0.53236505389213573 63.224515914916999 51.649148941040046 64.326763153076186 74.862636566162124 9.5000000000000018 84.028984069824233 86.526824951171889 20.761494636535648 49.25306701660157 88.762622833251967 75.333572387695327 10.500000000000002 71.919967651367202 74.115688323974624 4.5000000000000009 32.361440658569343 75.716625213623061 85.58441543579103 85.215545654296889 78.705963134765639 1.0000000180025095e-35 87.570224761962905 87.362373352050795 90.288486480712905 80.186916351318374 3.5000000000000004 84.889995574951186 68.870674133300795 81.661396026611342 88.273490905761733 2.5000000000000004 8.5000000000000018 99.532711029052749 77.003208160400405 8.5000000000000018 1.0000000180025095e-35 8.5000000000000018 86.319076538085952 0.88214489817619335 25.15822792053223
decision_type=2 2 2 2 2 2 2 2 2 2 2 2 2 2 2 2 2 2 2 2 2 2 2 2 2 2 2 2 2 2 2 2 2 2 2 2 2 2 2 2 2 2 2 2 2 2 2 2 2 2 2 2 2 2 2 2 2 2 2 2 2 2
left_child=1 2 15 4 53 9 32 31 13 29 12 -11 -10 17 37 -1 34 21 -19 20 36 49 23 -15 27 -26 28 30 35 -4 -24 38 -3 58 -9 -27 -20 -12 -6 40 -40 51 -43 44 48 -46 47 -47 -44 50 -8 -42 -53 -2 -55 -36 -57 -58 -14 60 -48 -7
right_child=3 6 5 -5 7 61 8 16 10 11 14 -13 33 22 -16 -17 -18 18 19 -21 -22 -23 24 -25 25 26 -28 -29 -30 -31 -32 -33 -34 -35 55 -37 -38 -39 39 -41 41 42 43 -45 45 46 59 -49 -50 -51 -52 52 -54 54 -56 56 57 -59 -60 -61 -62 -63
leaf_value=-0.029435950193388852 0.0080360829432734697 0.020301740758827829 0.05159497523067455 0.07722934125819976 0.062776068552612502 0.076518320565022099 -0.013413222648480412 0.043978461990261425 0.090573420723088591 0.0015042952507927779 0.026768983513175679 -0.059148298955247161 0.024208196527005083 -0.1096350552616082 -0.053225506106551565 0.0020744758387372343 0.080281474327871222 0.052653300780444376 0.003002447836424821 0.01090813134818595 -0.07267205387668392 0.0089496015900926845 -0.0028616570398582166 0.029033443574532622 0.023914959113159925 -0.092413745341486886 -0.066907753668478759 0.01874099772199395 0.041770810208074216 -0.074240906134197787 -0.082466963468542875 0.068148193313919761 0.054623469007058015 0.038131631271201678 0.027618562081913295 -0.0070861199166616278 -0.059682646179098735 -0.0025895422916696214 0.029291484333827493 0.070443847690055017 0.030247154450925861 -0.06828019601857678 0.011492083639641581 0.0075212837498873841 -1.9901141847440433 0.080385306006496043 -1.2885201326218101 -2.5241423854139615 -0.79839821729832605 -0.055060928831542795 0.12155952013063599 0.016977971663961589 -0.42473137432479208 0.032341450151026206 -0.051729660722575954 0.023464819071566438 -0.0067113529243928273 -0.068024152791453504 -0.017443483936187502 0.080818195191779157 -0.23515980062306915 -0.010269101808675813
leaf_weight=183.67192937945947 338.72911467589438 272.31944984477013 8.9780437201261503 472.38935421011411 108.5598141096998 11.805991132976486 152.78996572573669 110.89671475230716 45.828787743812427 84.277798583265394 138.47808363731019 175.41973954741843 104.90747491829097 34.792463652323931 52.909169564954937 1782.3301935566124 44.453966893488541 40.126658980967477 71.142769655678421 152.54735731752589 127.17859486769885 1263.4639439966995 26.942968102172017 159.31609727605246 96.228608316741884 20.237817586865276 89.746967301005498 24.319624973926693 40.865112485364079 1221.8474886433687 111.88346115988679 361.42738867201842 133.84571705874987 213.83612877852283 150.77515187067911 33.992385018616915 32.302616938250139 336.08895532041788 140.56248492584564 48.006037737242877 20.692501260200522 4.3002726717386377 1.1589387583080681 1.0965651150327174 0.23180969362147141 0.099753558868542203 0.11687299003824569 0.092146259965375066 0.27306768135167647 52.516037706984207 4.8480144424829623 1.2601843399461352 0.9500400130636989 16.71284182369709 48.726038198918104 114.75957372807898 43.354284745408222 42.880093330983073 78.308869545347989 0.53501190315000713 0.50704241474159062 66.745597800472751
leaf_count=15144 9631 10216 947 148074 20209 504 7358 14862 3581 6869 7683 44571 3660 627 723 26428 12792 1834 2222 4362 3395 35676 608 4880 2850 672 2364 551 852 386120 2595 99631 18376 8426 20626 766 890 12388 24525 9683 3550 728 191 203 39 22 21 19 47 8273 404 232 164 153 387 16260 3327 2832 1787 100 107 2983
internal_value=-9.58881e-05 -0.0118195 -0.0288503 0.0420078 0.0316164 -0.0639096 0.00357127 0.0416719 0.000322429 -0.0674239 0.0139113 -0.0394651 0.0304335 -0.00487867 3.88333e-05 -0.000869357 0.0238505 -0.000118082 -0.0169616 -0.0242519 -0.0475086 0.00472024 -0.0190257 0.00417818 -0.0291651 -0.0146142 -0.0346724 -0.0542337 -0.00425003 -0.073323 -0.0670174 0.0547724 0.031612 0.023492 0.0184285 -0.038929 -0.0165721 0.00597724 0.0400532 0.0288346 0.0172129 -0.0370053 -0.166744 -0.269736 -0.370587 -0.576563 -0.333989 -1.17025 -0.142945 -0.020707 -0.00926226 0.0106438 -0.172886 0.00183585 -0.0302582 0.0103737 -0.00256244 -0.0371992 0.00640577 -0.195517 -0.432477 0.0027747
internal_weight=9520.39 7446.84 3535.08 2073.55 1601.16 1569.07 3911.76 1196.99 3505.6 1490.52 970.357 259.698 442.881 2535.24 527.476 1966 507.12 1896.92 423.298 383.171 230.624 1473.62 638.326 194.109 444.217 281.071 184.842 163.146 95.0953 1230.83 138.826 689.87 406.165 397.052 462.666 54.2302 103.445 474.567 328.443 219.883 171.877 31.3142 8.41148 4.11121 3.01464 1.58264 1.35083 0.1919 1.43201 210.154 157.638 22.9027 2.21022 404.168 65.4389 351.769 200.994 86.2344 183.216 1.15893 0.623915 78.5516
internal_count=1020000 631585 483566 388415 240341 441994 148019 230170 119427 438507 38248 51440 17454 81179 20794 41572 70699 64414 12703 10869 6507 51711 16765 5507 11258 7504 4654 3754 2290 387067 3203 159471 28592 13873 57907 1438 3112 20071 59840 39631 29948 5423 1477 749 546 308 269 41 238 16035 7762 3946 396 10171 540 43045 22419 6159 5447 228 128 3487
is_linear=0
shrinkage=0.08


Tree=66
num_leaves=63
num_cat=0
split_feature=9 0 9 4 1 2 6 2 0 2 2 6 9 0 3 1 2 2 3 9 2 0 0 4 2 0 4 3 2 3 1 1 2 3 4 2 1 1 4 0 2 9 2 2 0 2 1 0 4 4 4 4 0 1 0 2 1 0 2 1 1 3
split_gain=649.943 291.594 221.17 152.281 116.82 100.585 68.8356 52.5782 55.4604 51.3842 65.8908 50.177 114.998 44.1365 42.1035 41.5883 34.2108 29.0879 26.9047 25.3431 25.1053 24.3209 23.388 23.3069 21.6887 49.5601 21.4019 20.1607 19.2529 18.7868 18.2856 32.8986 58.8674 32.0108 28.985 31.1598 40.2098 58.6716 55.5764 24.0929 20.4947 20.1357 70.111 45.466 18.7252 27.1132 24.7616 18.2495 16.7442 16.455 18.7287 34.4384 31.8459 16.2781 16.2144 38.7495 35.0839 30.0019 27.0263 21.9814 24.7912 17.1047
threshold=0.77246060967445385 56.73658752441407 0.46197053790092474 20.526680946350101 94.360820770263686 50.252525329589851 1.0000000180025095e-35 94.360820770263686 87.570224761962905 70.396453857421889 38.757823944091804 1.0000000180025095e-35 0.53236505389213573 28.778468132019047 5.5000000000000009 76.50690078735353 52.47950744628907 64.051280975341811 6.5000000000000009 0.39954993128776556 34.428878784179695 85.58441543579103 65.485893249511733 99.103118896484389 61.633426666259773 67.006801605224624 9.600614547729494 9.5000000000000018 82.009250640869155 10.500000000000002 48.683298110961921 61.938297271728523 72.438781738281264 6.5000000000000009 80.072200775146499 68.783603668212905 56.440422058105476 50.252525329589851 88.847427368164077 61.610351562500007 86.526824951171889 0.76081374287605297 77.003208160400405 75.147060394287124 77.836257934570327 81.661396026611342 84.660633087158217 75.582656860351577 66.819572448730483 37.529342651367195 57.508169174194343 92.11072158813478 84.273937225341811 51.471860885620124 76.50690078735353 80.229885101318374 64.660633087158217 64.326763153076186 77.003208160400405 80.186916351318374 61.257406234741218 3.5000000000000004
decision_type=2 2 2 2 2 2 2 2 2 2 2 2 2 2 2 2 2 2 2 2 2 2 2 2 2 2 2 2 2 2 2 2 2 2 2 2 2 2 2 2 2 2 2 2 2 2 2 2 2 2 2 2 2 2 2 2 2 2 2 2 2 2
left_child=1 2 3 16 6 19 -2 8 11 10 -4 12 -7 20 21 -10 -1 22 -11 -3 -5 -8 29 -16 25 27 -27 -13 -20 -14 -26 32 34 39 -32 36 37 -36 -39 -34 47 -41 43 -43 -33 -46 49 -35 -15 -47 -51 -52 -53 -29 56 -56 57 58 61 60 -57 -19
right_child=4 5 9 13 -6 7 14 -9 15 18 -12 24 17 48 23 -17 -18 54 28 -21 -22 -23 -24 -25 30 26 -28 53 -30 -31 31 44 33 40 35 -37 -38 38 -40 41 -42 42 -44 -45 45 46 -48 -49 -50 50 51 52 -54 -55 55 59 -58 -59 -60 -61 -62 -63
leaf_value=-0.047798878264307371 0.0017049386380116726 0.0019701176581688731 0.047790494725123631 0.043980631643452305 0.076965684075652185 -0.058201311403684092 0.038014736491181721 0.012319767288295003 0.066769151698353277 0.088264539301578002 -0.024262399605253577 -0.020405662015540529 -0.024650896489488386 -0.074364809357340272 0.017313227787952024 0.003336443687425993 0.0073843412053842808 0.024902068328917885 -0.037196776067817947 0.071209515041699284 -0.092587782376864602 0.068832443798877596 0.068057832440951344 0.080259760395976404 0.029726469971992634 -0.030336683227696542 0.074904933626749479 -0.050931638761331721 0.044078580470689167 0.070599836155402912 -0.060705522839894784 0.0027526200362163102 0.084568950159552653 -0.064926580124905861 -0.16000244736642003 -0.051261218130050905 -0.2078573208653193 -2.4673292308351988 -0.66019986566484945 0.0090793332841398629 0.069911813911608556 -0.36678741250460123 0.013146751759558817 -2.1745856006755928 0.010501161236593977 -0.030963758393024558 0.011932562803437484 0.06382352859123247 0.072879873526875014 -0.11047944121858272 0.0063812098196872041 -1.4029800336364893 0.080555185364198478 0.056097228928254805 0.018273748487843747 0.065502409154865007 0.0079692843608222576 -0.08553325326557891 0.060495300787184347 -0.02145710723706748 -0.079281720624313518 -0.094367675717813349
leaf_weight=101.95114977634512 402.82496911659837 43.754003024892882 101.30936102266423 32.641856798902154 437.50492063397542 403.44882363663055 327.64629419753328 1081.2286641360261 103.93125397828408 55.250335413496941 409.77149533829652 159.48460960062221 54.489144551567733 991.23818654986098 454.39122052234598 181.96336984355003 243.92664845334366 12.233515107072888 28.409612804884091 149.20142591465265 11.703563263406975 327.92497339914553 54.286995346657932 41.046835255576298 87.119907271582633 14.27739768847823 92.413468116661534 11.338034854270516 54.318223146256059 17.511410772800446 155.0829003683757 1126.1738845922519 32.972363287815824 68.623757039662451 0.33197611151263062 1.8148713859263805 1.1075988644734023 0.21976574324071407 0.21593196457251906 80.473610516404733 10.031027555000035 0.17878495203331013 1.1836111110169438 0.17736579664051533 154.70128700044006 168.8696708297357 66.702651726547629 7.852102539734914 4.9674875084310761 40.142963155638427 16.782595066353682 0.21562201902270217 0.16231857240200043 45.961871432606131 93.078487285878509 8.1668171342462283 385.93525333050638 54.349980753846467 24.738910615444183 145.15657616266981 103.39036717591807 20.745000135153532
leaf_count=10605 10171 7249 10871 3661 148074 102389 62882 43523 5824 2078 14576 8853 592 325133 57907 6368 4881 150 817 12526 2126 96589 921 12792 2972 100 5756 642 3557 195 4747 23522 901 1726 37 185 115 26 25 1947 215 22 144 23 3026 1849 1419 151 44 902 981 22 26 2384 1306 98 4817 484 228 2467 1208 173
internal_value=-7.2591e-05 -0.0110997 -0.0368253 -0.0548684 0.0404493 -0.00118638 0.0301676 -0.00333593 -0.0075593 0.00171595 -0.00997966 -0.0101674 -0.0222854 -0.0701544 0.0401288 0.0263961 -0.0088815 -0.00740959 0.0450373 0.055509 0.00793774 0.0534301 0.0284094 0.0225283 -0.00304769 0.0161854 0.0608215 -0.00578233 0.0161678 -0.00148476 -0.00612588 -0.00774089 -0.0295483 -0.000842201 -0.0659782 -0.287567 -0.516262 -0.961228 -1.57172 0.0268153 -0.0376047 0.00359617 -0.282974 -1.26708 -0.00274869 -0.0165908 -0.0309012 -0.0517073 -0.0736306 -0.0435337 -0.0805765 -0.0106258 -0.765829 0.0349192 -0.0127452 -0.0259462 -0.00347294 -0.0428774 -0.00271027 -0.0419793 -0.0686824 -0.0501241
internal_weight=9309.05 7317.71 2035.49 1386.43 1991.34 5282.22 1553.83 5089.27 4008.04 649.059 511.081 3722.14 1377.53 1040.55 1151.01 285.895 345.878 974.082 137.978 192.955 44.3454 655.571 126.288 495.438 2344.61 323.475 106.691 216.785 82.7278 72.0006 2021.14 1934.02 360.266 201.493 158.773 3.69014 1.87527 0.767674 0.435698 114.986 86.5069 82.0134 1.53976 0.356151 1573.75 447.577 292.876 76.4759 996.206 226.173 57.3035 17.1605 0.377941 57.2999 847.795 349.792 498.003 112.067 57.7174 256.714 111.557 32.9785
internal_count=1020000 631585 378349 346450 388415 253236 240341 233461 189938 31899 25447 177746 115028 330964 230170 12192 15486 12639 6452 19775 5787 159471 1708 70699 62718 17735 5856 11879 4374 787 44983 42011 10264 5129 5135 388 203 88 51 3037 2092 2136 189 45 31747 8225 5199 1877 325177 3780 1931 1029 48 3026 10931 5079 5852 1035 551 3773 1306 323
is_linear=0
shrinkage=0.08


Tree=67
num_leaves=63
num_cat=0
split_feature=5 4 9 9 1 5 8 4 5 2 0 5 5 0 4 8 2 4 8 2 0 0 9 7 0 9 5 0 4 9 4 2 0 2 9 1 5 4 9 9 4 4 2 9 5 4 0 1 5 0 5 2 0 0 4 1 2 7 0 4 2 0
split_gain=574.137 419.022 275.264 209.874 58.8236 42.7409 33.655 36.5381 36.0557 27.0455 29.463 26.7461 24.2622 19.4014 19.212 18.9441 18.5651 17.9267 17.6468 16.8859 34.5819 28.6351 16.804 14.8832 14.1723 13.8581 13.4385 22.1201 22.3917 12.3031 14.0193 12.1387 15.0109 37.3592 11.7104 11.8205 17.176 48.1045 11.3096 11.2577 12.0777 11.1644 11.0903 10.7518 10.7313 10.7133 10.398 10.3254 10.3056 12.3473 16.9856 40.8873 10.226 9.97098 9.85802 9.75101 28.9322 21.2723 20.5704 9.42026 9.307 45.7304
threshold=46.734052658081062 26.111660003662113 0.82582223415374767 0.49213162064552313 94.360820770263686 98.122024536132827 1.0000000180025095e-35 43.703044891357429 66.506408691406264 58.885448455810554 62.243186950683601 98.930450439453139 96.128314971923842 95.293468475341811 65.012313842773452 1.0000000180025095e-35 79.772727966308608 56.025478363037116 1.0000000180025095e-35 45.748708724975593 51.022111892700202 33.549783706665046 0.4366943240165711 0.75000000000000011 92.031745910644545 0.48334227502346044 42.438537597656257 70.15265274047853 28.992753982543949 0.40380826592445379 36.949598312377937 32.305501937866218 61.451047897338874 63.686313629150398 0.87790206074714672 94.174205780029311 92.140716552734389 76.391868591308608 0.77246060967445385 0.48769050836563116 28.639780998229984 47.939544677734382 51.89995193481446 0.42666241526603704 71.248622894287124 50.118482589721687 92.907444000244155 69.614067077636733 94.754039764404311 84.660633087158217 73.19250869750978 93.788581848144545 89.386734008789077 26.36544227600098 72.507308959960952 81.517440795898452 92.031745910644545 1.0000000180025095e-35 88.273490905761733 93.946441650390639 56.294013977050788 60.49571609497071
decision_type=2 2 2 2 2 2 2 2 2 2 2 2 2 2 2 2 2 2 2 2 2 2 2 2 2 2 2 2 2 2 2 2 2 2 2 2 2 2 2 2 2 2 2 2 2 2 2 2 2 2 2 2 2 2 2 2 2 2 2 2 2 2
left_child=1 9 5 26 11 6 12 39 14 10 43 18 13 19 -9 -5 -17 -10 48 20 21 -2 -21 38 -11 44 -3 53 -29 30 -22 -19 47 54 35 -20 -37 -38 55 40 -8 -40 -12 -1 -23 -30 -35 -33 49 50 51 -4 -36 -28 -34 56 58 -57 60 -52 61 -24
right_child=2 3 4 15 -6 -7 7 8 17 24 42 -13 -14 -15 -16 16 -18 31 34 22 29 25 23 -25 -26 -27 27 28 45 -31 -32 32 33 46 52 36 37 -39 41 -41 -42 -43 -44 -45 -46 -47 -48 -49 -50 -51 59 -53 -54 -55 -56 57 -58 -59 -60 -61 -62 -63
leaf_value=-0.038684000540785142 0.066730596260405436 -0.075587645344937948 0.080252141223834408 -0.0025895832882151461 0.077802808963809519 0.059835896379043831 0.22806006323488925 -0.029496647498690746 0.025435300199748108 0.0015684804736590492 0.079504583646083399 0.073717813199588214 0.072396135204760861 0.055829486147105131 0.036460834648233527 -0.0087762209623089577 -0.058134404301390441 0.067841576470801107 0.0066683523836716472 -0.073575972594028288 0.69344839060989527 -0.048490682361109157 -0.011898626471328038 0.082854853194270286 0.027369250061516543 0.010434799678607642 0.083625590332721281 0.73318114695823067 0.012369970990792987 0.080762499815262206 0.17855417094808601 -0.030101244839641782 0.012860138772927866 -0.0072219314684834179 0.022534422832913899 0.080645743410325266 -2.0756866935026816 -0.15699243462674825 0.075395943150934633 0.036836806918154177 -0.023604643908160586 0.017994687929410568 -0.00016170665138605625 0.13081474562907391 -0.23112412612539796 0.30756575005612463 0.042153948866198013 0.050607591301579193 0.064624672505124478 0.053725730348790537 0.022131572935843037 -2.355292093027292 0.06561631452338719 -0.058934581302233148 0.072855046545003938 -0.1371096302345122 0.034738355142702133 -0.0039712675036197775 0.063045208461419172 -0.115969129498837 -0.0024190434360639819 0.070541116473633356
leaf_weight=208.09837365406565 36.201337799662724 1025.6553055462427 0.13429618161171575 373.26650469284505 364.71950598224066 96.606466836063191 1.2691616008523841 430.53842881624587 168.87714295601472 1707.7201447053812 19.665191544685513 121.98424677178264 42.621664546662942 61.233527346746996 30.249189386609942 97.953418720280752 97.132830743910745 15.299134381581096 167.82756585837342 15.986357227899132 0.40901095210574512 27.732437543105338 122.01744299987331 17.206190899945796 148.07019744534045 38.671447275206447 3.2265774714760473 0.34389686398208041 4.2691844496876001 48.74942074296996 1.9612403663340954 164.32444690633565 26.243848461192101 655.4461222270038 124.38181380019523 0.41485423408448596 0.1112844527233392 0.33651025360450149 23.611769511597231 180.07015554304235 31.799656739691272 265.83481870638207 25.928941541118547 2.4230161404702804 2.2242084722965947 0.96461401018314052 28.482127644587308 10.812393760308622 120.63374686730094 119.54860923043452 109.46600586525165 0.065692964708432555 49.21226029121317 116.93736401689239 52.780861886916682 7.8860171260312191 223.06090241600759 294.69336497178301 35.457158249104396 3.2551997324917457 864.42309485585429 66.551890480332077
leaf_count=24427 3317 377595 43 12236 138328 20892 44 15502 6882 24743 287 38688 5783 9474 774 4374 6428 2005 24733 2176 15 3058 4111 2360 9980 1273 283 9 838 3481 133 7317 1673 23785 21700 82 11 47 3050 3979 3625 24316 536 105 21 29 4381 474 25254 32451 18098 20 17386 37568 6200 102 7272 8329 2253 529 21135 4000
internal_value=-4.39549e-05 -0.0236093 0.0170851 -0.0529264 0.0510869 0.00725629 0.00598409 -0.00213809 -0.00632477 0.000263868 -0.0241057 0.0391659 0.0126259 0.0114432 -0.0251668 -0.0131486 -0.0333515 0.0014115 0.0331049 0.0101444 0.0354691 0.00916186 0.00810521 0.00878504 0.00362708 -0.0212057 -0.0725615 -0.0478775 0.107864 0.0894165 0.267404 -0.00284392 -0.00399672 0.00085182 0.0201609 0.00515008 -0.290228 -0.63382 0.00811552 0.0289578 -0.0139459 0.0226772 0.0341991 -0.0367331 -0.0620508 0.066776 -0.00516568 -0.0251185 0.0456522 0.035807 0.0168366 -0.719782 0.0347477 -0.0551066 0.0529309 0.00550424 0.0084909 -0.0074412 0.00311189 0.0181435 0.00109377 0.0171969
internal_weight=9103.08 3831.66 5271.42 1719.75 1182.09 4089.33 3992.73 1796.19 1583.05 2111.91 256.116 817.372 2196.53 2153.91 460.788 568.353 195.086 1122.27 695.388 2092.68 155.949 104.829 1936.73 1920.74 1855.79 68.6281 1151.4 125.742 5.5777 51.1197 2.37025 953.389 938.09 762.953 342.284 168.69 0.862649 0.447795 1903.54 213.139 33.0688 289.447 45.5941 210.521 29.9566 5.2338 683.928 175.137 353.104 232.47 112.921 0.199989 173.594 120.164 79.0247 1614.09 1311.51 302.579 1088.45 112.721 1052.99 188.569
internal_count=1020000 499438 520562 439360 317370 203192 182300 76641 68993 60078 25355 179042 105659 99876 16276 23038 10802 52717 140354 90402 11298 7669 79104 76928 34723 4352 416322 38727 876 3629 148 45835 43830 36039 63959 24873 140 58 74568 7648 3669 27366 823 24532 3079 867 28166 7791 76395 51141 18690 63 39086 37851 7873 47202 38771 8431 31499 18627 29246 8111
is_linear=0
shrinkage=0.08


Tree=68
num_leaves=63
num_cat=0
split_feature=9 0 9 5 1 2 5 2 2 0 2 0 3 9 2 5 4 9 2 1 3 2 1 9 2 1 5 4 5 0 3 1 1 2 0 0 0 3 2 1 0 4 1 2 0 9 3 2 1 1 2 0 4 2 1 1 2 3 9 1 3 3
split_gain=505.132 235.509 189.948 147.431 113.378 82.4353 47.5043 44.284 52.8517 41.5032 40.901 46.0706 39.1867 31.6991 28.2582 24.9522 118.353 52.2657 48.3995 54.1388 24.8685 23.1452 22.1742 21.9355 21.7347 20.8289 24.2788 19.5694 19.2043 17.9704 22.1989 17.2 24.4413 31.4691 35.1345 30.9702 18.6526 41.7438 55.3903 26.3518 28.1071 39.5386 23.8317 23.1134 44.6586 20.7926 18.7001 18.2934 26.8084 18.7397 18.1303 20.0209 20.0143 17.2884 16.9882 16.7299 16.4744 16.4476 16.433 16.2951 16.035 33.1172
threshold=0.77246060967445385 56.73658752441407 0.46197053790092474 20.084033966064457 94.360820770263686 50.252525329589851 98.251728057861342 70.396453857421889 38.757823944091804 28.778468132019047 94.360820770263686 90.501251220703139 5.5000000000000009 0.88637030124664318 49.25306701660157 44.930728912353523 27.636927604675297 0.51527395844459545 58.397436141967781 50.252525329589851 6.5000000000000009 91.010101318359389 91.331184387207045 0.39954993128776556 34.428878784179695 91.54584121704103 88.61517715454103 42.387704849243171 54.250427246093757 66.323020935058608 5.5000000000000009 46.709957122802741 58.499063491821296 69.00656890869142 71.834934234619155 78.910301208496108 74.322341918945327 4.5000000000000009 77.003208160400405 68.870674133300795 60.922586441040046 84.805065155029311 68.870674133300795 74.862636566162124 69.00656890869142 0.51527395844459545 19.500000000000004 80.229885101318374 69.282051086425795 80.810150146484389 71.010189056396499 59.611795425415046 77.653316497802749 82.009250640869155 61.257406234741218 58.885448455810554 83.424911499023452 11.500000000000002 0.6702905297279359 62.575302124023445 10.500000000000002 8.5000000000000018
decision_type=2 2 2 2 2 2 2 2 2 2 2 2 2 2 2 2 2 2 2 2 2 2 2 2 2 2 2 2 2 2 2 2 2 2 2 2 2 2 2 2 2 2 2 2 2 2 2 2 2 2 2 2 2 2 2 2 2 2 2 2 2 2
left_child=1 2 3 14 6 23 12 8 -4 24 11 15 13 -2 -1 16 -7 -18 19 -17 -9 -13 -14 -3 -5 26 -24 55 -11 30 -21 -29 35 34 58 50 37 38 39 40 -35 -42 46 44 -44 -40 53 48 -38 54 52 -52 -33 -39 -49 -20 -56 -54 -34 -43 61 -12
right_child=4 5 7 9 -6 10 -8 20 -10 28 60 21 22 -15 -16 18 17 -19 27 29 -22 -23 25 -25 -26 -27 -28 31 -30 -31 -32 32 33 36 -36 -37 47 42 45 -41 41 59 43 -45 -46 -47 -48 49 -50 -51 51 -53 57 -55 56 -57 -58 -59 -60 -61 -62 -63
leaf_value=-0.052021529412757513 0.024776990304824734 0.0018587105811448273 0.044575432274622087 0.041250833309285986 0.076399278026819381 -0.0024151904557352536 0.065949263463142574 0.085151366243303869 -0.021797446524479309 -0.075435929073569788 0.012518109903019948 0.073910332263975018 0.0072959166196073745 0.063997984290535548 0.0051932494183954212 -0.09940831965364616 -0.068297819978315188 -0.01752439830049865 -0.03995106953777347 -0.020022709183500097 0.014549900766716389 0.010681429492695476 0.08692690815525983 0.067468937037011026 -0.09216245817504945 -0.060900173658148996 -0.63532405941400638 0.038042112578930996 -0.023383905072605359 0.077688050897318756 0.05890749314265787 -0.072340827541594738 -0.013143172958652487 0.067183819625732152 0.066950562050810666 0.054048223066004299 -0.084050104266301051 -0.095586812898350249 0.494951929981014 0.0022481935537909297 -0.1019294896673317 -0.30025958728344188 -0.17521214712071223 -0.037539927206918622 0.058157075502259702 0.054089412333735133 0.10179368915836155 0.075957177259827549 0.010731659468772373 -0.016612630779973322 0.056846776296465715 -0.054604146284322495 -0.25167202837948771 -0.024170784969766126 -0.10955680858559841 0.01856903125935876 -0.046323811194657935 0.085298905583705939 0.040044208926211848 -0.77269566947796176 0.029295997711907166 -0.032248826569106846
leaf_weight=69.798339947359636 566.98025190783665 42.646152409957722 94.612094004638493 31.933187337359414 376.58092276309617 1369.7180203343742 177.91258707153611 52.93890813505277 407.42029825644568 822.11082004453056 699.60016827145591 62.256623437162489 546.48392120050266 171.8584057171829 265.00063461507671 17.110571221448481 307.54786540730856 224.45123491925187 35.255136166932061 39.092567630345002 80.459424268687144 91.519272695295513 0.42492245277389773 138.61316387099214 10.347507184837012 3.8410332938656211 0.99625200964510441 45.640667089028284 48.012375090736896 79.666242065606639 54.734114282066002 49.380995626794174 156.65120317321271 5.3479507521260556 65.03426674217917 17.615677183959633 22.247487596469 52.028747991425917 0.68848304124548931 56.533727675676346 18.093295003054667 1.2472373810596753 5.865011957474052 61.409792935010046 49.888893574476242 123.67141024628654 4.4741333969868711 6.2988213500939301 134.93474551150575 174.60380150424317 13.60667858016677 42.64987859223038 7.0899667297489923 37.20896494272165 32.168448656797409 276.27396648656577 146.27909547835588 1.0664857553783802 48.746182199800387 0.74716290039941657 238.73299948405474 124.59444460319355
leaf_count=8622 80180 7249 10871 3665 148074 18836 53757 2078 14576 323424 33197 3490 49310 56669 6558 751 102380 7676 1318 1769 4374 4351 33 12526 2125 346 46 2052 2056 4973 2267 1615 3109 214 2818 1059 522 1041 47 1542 467 46 80 923 1270 3507 82 226 3017 3282 493 1443 323 732 579 5160 2692 52 3699 35 7669 2657
internal_value=-3.56078e-05 -0.00976905 -0.0340031 -0.0521412 0.0372383 -0.000966499 0.0271959 0.00159758 -0.00928894 -0.0688026 -0.00288713 -0.00664518 0.0218535 0.0339 -0.00673479 -0.00838909 -0.0148531 -0.0468764 -0.00186207 0.0363566 0.042568 0.0362798 0.00572215 0.0520324 0.00860012 -0.157714 -0.419375 -0.00616549 -0.0725638 0.0497463 0.0260215 -0.0102506 -0.0119009 -0.00832577 0.0157052 -0.0446611 -0.0152857 -0.0027045 0.022878 -0.0281772 -0.0958013 -0.139193 -0.0277355 -0.00368329 0.0336079 0.0565301 -0.0578069 -0.0254476 -0.0026837 -0.0354046 -0.0599417 -0.0276477 -0.0915167 -0.0658089 -0.053165 0.0119464 -0.0577227 -0.207612 -0.000520413 -0.477248 0.0110389 0.00575064
internal_weight=8910.74 7065.67 1882.63 1247.2 1845.08 5183.03 1468.5 635.431 502.032 912.404 5001.77 3938.84 1290.58 738.839 334.799 3785.07 1901.72 531.999 1883.35 190.603 133.398 153.776 551.746 181.259 42.2807 5.26221 1.42117 1692.75 870.123 173.493 93.8267 1381.22 1335.58 1204.17 270.432 131.41 933.737 417.205 206.329 81.9694 25.4356 20.0877 210.876 117.164 55.7539 124.36 93.7118 516.532 157.182 359.35 113.794 56.2566 57.5374 89.2377 184.746 311.529 178.448 8.15645 205.397 1.9944 1062.93 824.195
internal_count=1020000 631585 378349 346450 388415 253236 240341 31899 25447 331270 233461 189938 186584 136849 15180 182097 128892 110056 53205 9760 6452 7841 49735 19775 5790 425 79 43445 325480 9009 4036 36967 34915 29930 9626 4985 20304 9986 5858 2304 762 548 4128 2273 1350 3554 1855 10318 3539 6779 3926 1936 1990 1773 3497 6478 3271 375 6808 81 43523 35854
is_linear=0
shrinkage=0.08


Tree=69
num_leaves=63
num_cat=0
split_feature=6 0 1 5 5 5 5 4 9 1 5 9 9 1 0 7 5 8 4 5 5 7 5 0 4 8 4 6 5 4 5 1 0 4 4 0 6 0 4 4 4 0 0 0 1 4 0 4 7 8 4 4 1 0 6 4 4 5 6 4 8 5
split_gain=448.091 283.763 131.372 106.282 163.437 67.6273 41.8147 149.049 40.6604 37.7318 33.6308 24.1852 21.3447 19.8648 19.1568 19.6893 18.7195 17.0806 19.5103 17.6097 16.3046 15.2193 15.286 19.9584 14.9454 14.1974 15.5898 14.962 14.0541 13.8462 13.5839 13.3795 13.6073 13.3561 12.7497 12.6337 13.966 12.5846 12.7416 12.4285 12.1143 12.3667 18.7697 12.0099 11.9398 13.3741 11.9263 12.5775 11.5221 10.8401 10.2003 9.37953 9.23431 10.5989 9.13226 9.10853 9.09257 8.97393 8.94596 11.3653 8.9255 8.69801
threshold=0.75000000000000011 56.73658752441407 88.784065246582045 54.250427246093757 20.084033966064457 67.586601257324233 46.734052658081062 27.636927604675297 0.54474553465843212 96.039215087890639 98.930450439453139 0.71077066659927379 0.54474553465843212 41.421361923217781 89.386734008789077 0.75000000000000011 42.438537597656257 1.0000000180025095e-35 81.262451171875014 95.782062530517592 98.122024536132827 1.0000000180025095e-35 46.184494018554695 98.529094696044936 43.703044891357429 1.0000000180025095e-35 86.116054534912124 1.0000000180025095e-35 39.77586746215821 93.762966156005874 44.930728912353523 68.020618438720717 33.549783706665046 32.707342147827156 53.13592720031739 92.031745910644545 1.0000000180025095e-35 89.769756317138686 85.76902008056642 93.555309295654311 31.488772392272953 70.15265274047853 75.893997192382827 83.796653747558608 89.825496673583999 58.240137100219734 87.570224761962905 33.25859451293946 1.0000000180025095e-35 1.0000000180025095e-35 35.852815628051765 34.802019119262702 88.493064880371108 81.872947692871108 1.0000000180025095e-35 51.445278167724616 45.536504745483406 94.349296569824233 1.0000000180025095e-35 50.118482589721687 1.0000000180025095e-35 9.600614547729494
decision_type=2 2 2 2 2 2 2 2 2 2 2 2 2 2 2 2 2 2 2 2 2 2 2 2 2 2 2 2 2 2 2 2 2 2 2 2 2 2 2 2 2 2 2 2 2 2 2 2 2 2 2 2 2 2 2 2 2 2 2 2 2 2
left_child=1 3 5 4 -1 46 7 28 16 13 14 34 30 51 15 17 -9 19 48 39 24 44 23 -23 -15 26 27 -26 35 52 -6 32 -5 -25 56 36 -3 38 -29 55 41 -18 -43 -40 -4 -46 47 -2 -19 -49 -34 -8 53 -20 -32 -7 -11 -57 -42 -60 -10 -38
right_child=2 6 21 31 12 10 9 8 60 11 -12 -13 -14 20 -16 -17 40 18 29 -21 -22 22 -24 33 25 -27 -28 37 -30 -31 54 -33 50 -35 -36 -37 61 -39 43 -41 58 42 -44 -45 45 -47 -48 49 -50 -51 -52 -53 -54 -55 -56 57 -58 -59 59 -61 -62 -63
leaf_value=-0.0063509442855568931 0.024911252058981447 -0.054938641730599071 -0.7914737554358463 0.038375392243941014 -0.078195352468845084 0.060162580147638929 0.40955391981985168 -0.068140743297600323 -0.0014207217376307991 -0.0056615946381812421 0.074717285860530891 0.072588913761782808 0.13498312262311196 0.01718325682642036 0.07575255039752081 0.075731304997007337 -0.011754184783977235 -0.31882609483604712 -0.032238949773358318 0.068879898119276778 0.047470489643369709 0.049496252439455005 0.073386058623210224 0.084421282807771572 -0.0048232859013863675 -0.0073952249447484051 0.025495615927944394 0.014361860944420055 0.15110797983163596 0.022322999486629812 -0.060435517315710827 0.055594090295689 -0.075644743722475122 -0.20370395251618589 0.087541180168612509 0.024394370908538323 -0.0050959827026487783 0.077991539617216582 -0.095357898316297138 -0.039539259337424484 -0.048443619911480183 0.7213923791156106 0.032436723235300967 -0.6680976070458885 -0.69185979538725006 0.0095719086675120652 0.065253060429794951 0.0053200088699983591 0.033601097842241918 -0.016681733819507563 -0.010626359204673986 0.058389559548795225 -0.27753548205987566 0.01593183868634818 -0.0049245301265097722 0.0195705308080273 -0.11608933478640693 0.061332879832027204 -0.00077736596884647171 0.21276138966271801 -0.04363737047881662 0.0069268520587928012
leaf_weight=331.82960076909512 112.40733240963891 29.449005378875881 0.18280067620798846 35.41569425095804 682.6307956345845 54.001101536909118 0.49379509687423606 319.0900863558054 119.44447500025854 13.845388227142399 115.64224552572705 82.969972523394972 3.1379638668149701 341.88799423188902 52.898928450420499 48.523226952413097 1.1596228908747428 0.59597648587077756 99.079624521080405 75.85932273324579 50.641868901671842 15.401653136126699 432.81489002727903 1.3871186561882485 690.6711730430834 1069.7117102509364 203.90037634014152 205.93092409567907 4.0394906313158563 78.082925354363397 79.894777026260272 21.854745413642377 16.220310884993523 3.9956552935764194 6.1039790110662571 143.97571624908596 802.05500425584614 20.88971017790027 0.88915614155121037 17.313136622076854 37.379294095095247 0.49744719499722101 0.51517415535636246 0.31816053600050509 0.2066052290610968 1.1013723362702874 18.641635046340525 327.15400035213679 155.80286235618405 255.04790937528014 322.09930160432123 34.305855641374364 0.88307836442254384 41.468034202000126 24.871597720542923 274.66590499295853 7.2820019647479048 37.415937198558822 16.684769681189213 1.7638029516674567 43.805942757055163 740.8194315941073
leaf_count=15168 2553 7228 8 1877 304799 7792 18 108391 2631 180 39516 27932 52 5963 15260 8304 289 15 14036 15143 9926 321 180808 46 11099 29643 7978 9742 212 12856 22334 869 244 89 213 10025 9059 4391 61 2934 9861 41 14 24 20 120 1062 6917 23926 4912 7210 1138 90 6605 2698 43774 134 6669 1451 50 2420 10859
internal_value=-2.77813e-05 -0.010615 0.0310033 -0.0409031 -0.0534705 0.021124 -0.00140237 -0.00944931 -0.0461021 0.00526159 0.0340149 0.0511183 -0.073249 0.00333252 0.0289894 0.0261901 -0.0605415 0.0233117 0.0106661 0.0336625 0.0025242 0.0693291 0.0701678 0.00315119 0.00162603 -0.000800104 0.00548431 0.00104291 0.00206296 -0.00471771 -0.0740789 -0.00524694 -0.00880472 -0.129455 -0.0142997 0.00171217 -0.000364811 0.0188109 0.0128426 0.0266943 -0.0187337 0.166618 0.370884 -0.24629 -0.185864 -0.101225 0.00210648 0.000411783 0.0322581 -0.0043184 -0.0137436 0.0633725 -0.0196467 -0.0180263 -0.0472572 0.0298267 -0.0437229 0.0245775 -0.0259456 0.0196383 -0.012749 0.000676846
internal_weight=8729.05 6508.48 2220.57 1517.95 1122.36 1765.48 4990.52 2260.68 540.341 2729.84 1052.23 110.201 790.535 2619.64 936.59 883.691 377.09 835.168 375.913 459.255 2584.84 455.09 453.599 20.7844 2534.2 2192.31 1122.6 918.699 1720.34 219.514 787.397 395.59 373.735 5.38277 27.2314 1716.3 1572.32 228.028 207.138 383.396 58.0001 2.17224 1.01262 1.20732 1.49078 1.30798 713.251 694.609 156.399 582.202 338.32 34.7997 141.431 140.548 104.766 366.083 21.1274 312.082 55.8279 18.4486 163.25 1542.87
internal_count=1020000 626224 393776 355251 345051 212364 270973 162531 125148 108442 196920 28459 329883 79983 157404 142144 120097 133840 57528 76312 78827 181412 181264 456 68901 62938 33295 25317 37383 33587 329831 10200 9331 135 527 37171 27146 14218 9827 61169 11706 344 55 85 148 140 15444 14382 23941 11829 7454 1156 20731 20641 25032 58235 314 50443 11362 1501 5051 19918
is_linear=0
shrinkage=0.08


Tree=70
num_leaves=63
num_cat=0
split_feature=9 0 9 6 1 2 2 2 2 2 0 0 3 6 9 3 0 2 3 9 1 9 3 9 2 6 9 3 3 2 0 1 2 9 1 0 2 0 3 2 0 0 3 3 2 9 2 8 2 1 2 0 1 9 2 2 1 0 2 0 3 2
split_gain=393.612 200.048 170.278 131.196 76.1173 68.6789 41.8118 38.7097 42.4966 38.5225 40.051 37.5312 32.1069 29.9296 93.7111 28.6917 27.4362 25.058 25.0535 26.9131 23.288 21.5513 19.6208 17.7583 17.1081 17.1062 16.8612 16.3469 21.8963 19.1152 15.1029 16.7602 19.8066 21.9491 33.6807 17.7381 14.6295 22.6857 20.4887 14.5126 33.9985 21.978 20.8557 14.8687 14.6874 14.4181 14.0108 14.0076 13.523 17.4569 29.5828 21.7742 16.4596 43.304 14.827 13.0844 13.0383 12.7062 15.2305 12.6345 12.4726 12.4427
threshold=0.80730661749839794 56.73658752441407 0.46197053790092474 1.0000000180025095e-35 94.360820770263686 53.694938659667976 64.326763153076186 71.010189056396499 30.341388702392582 94.360820770263686 90.353595733642592 64.326763153076186 5.5000000000000009 1.0000000180025095e-35 0.53236505389213573 11.500000000000002 26.36544227600098 91.331184387207045 12.500000000000002 0.24955905228853228 85.58441543579103 0.88637030124664318 6.5000000000000009 0.72316691279411327 77.459678649902358 1.0000000180025095e-35 0.4366943240165711 8.5000000000000018 6.5000000000000009 99.532711029052749 90.054946899414077 91.922958374023452 99.532711029052749 0.9092637598514558 90.501251220703139 91.331184387207045 64.051280975341811 65.485893249511733 12.500000000000002 55.625879287719734 48.912528991699226 48.514268875122077 7.5000000000000009 3.5000000000000004 48.050632476806648 0.5935734510421754 82.009250640869155 1.0000000180025095e-35 60.49571609497071 57.93287658691407 65.545505523681655 59.122919082641609 57.712133407592781 0.78973627090454113 64.89996719360353 67.890834808349624 43.353412628173835 53.694938659667976 70.659969329833999 26.36544227600098 1.5000000000000002 47.413022994995124
decision_type=2 2 2 2 2 2 2 2 2 2 2 2 2 2 2 2 2 2 2 2 2 2 2 2 2 2 2 2 2 2 2 2 2 2 2 2 2 2 2 2 2 2 2 2 2 2 2 2 2 2 2 2 2 2 2 2 2 2 2 2 2 2
left_child=1 2 3 59 12 11 16 8 -4 10 13 15 21 14 -7 26 -5 -12 19 56 -14 47 45 -15 57 -11 -3 28 30 -29 -22 32 -32 -34 -35 -36 37 38 -16 41 42 44 -41 55 -10 -9 -24 -2 -25 50 51 -50 -52 -54 -53 -42 -8 -21 -59 -1 -19 -17
right_child=4 5 7 6 -6 9 18 22 39 25 17 -13 20 23 36 61 -18 60 -20 24 27 -23 46 48 -26 -27 -28 29 -30 -31 31 -33 33 34 35 -37 -38 -39 -40 40 43 -43 -44 -45 -46 -47 -48 -49 49 -51 52 54 53 -55 -56 -57 -58 58 -60 -61 -62 -63
leaf_value=-0.002681260278770367 0.048909940651500505 -0.051667117383320929 0.069117529490451177 0.079862448581443105 0.076513799878540831 -0.054844353022319811 0.25106845360479702 0.14442728924831749 -0.014496980010174918 0.001787348852596292 0.066340687192291498 0.070518454211513079 0.024142616055095375 -0.0039760086939012269 -0.028949368041347571 0.11967442611924956 -0.040514892011955066 -0.026120503892737762 -0.02176672077229631 0.07177369412247879 -0.024546198410405281 0.064092959542751723 -0.031678276388297913 0.071728075864028504 -0.039662421889814517 0.020338278286266675 0.014978329392973704 0.047616154246067383 0.030711322329209093 -0.10436302616688589 0.08704923202169651 0.034318902318806986 -0.25076221556688921 -2.0147618488468115 -0.15363298484848917 -1.0964179992002452 -0.0084353430220804951 0.066021616906267303 0.092363620442484626 0.077292012124083487 -0.042781062943354035 0.013649033635502818 -0.044611227295040669 -0.081330666993028142 -0.075180209005793711 0.051943955950877849 0.039095628281016127 0.016112604178794631 -1.0032038749629029 0.019507950579204372 -0.010259032940314336 -0.12274404174125389 -0.03779455368369302 -1.3078395600827795 -0.76996693528688254 0.075826714581469917 0.073999292019910137 -0.064818992119715438 0.053568555778950346 -0.075169793948782718 0.030419240856049665 0.02284355080002241
leaf_weight=15.782689652405677 151.18928557005711 39.247133009368554 42.286302816588432 12.618253603577612 305.51777697680518 315.26633073552512 5.1253163516521436 15.304099156055598 111.34655576804653 676.74543571146205 76.264716472476721 131.01742929103784 291.19437986332923 2193.2339895691257 52.466305878013372 18.103558831848204 305.355978816282 44.444244769634679 76.585778606822714 41.472632177406922 13.340386390453206 197.89139053761028 26.359879049472511 27.7070564229507 20.434405386680737 600.33987867156975 63.775152853922918 6.8455929339397725 46.503586484119296 23.406341097783297 0.80623424449004133 1.6560166145209221 2.5814539841376249 0.11454978538677085 0.34185047121718526 0.20390243455767632 1000.7690651272424 44.902203363832086 10.732705570757387 22.771124688675627 28.023190224776044 176.88499965774827 14.832844310672952 68.517301480052993 33.118868795223534 36.563814055873081 55.791314442409202 185.71870201430283 0.29426662134938197 186.48136890493333 15.719812829978764 1.1671713476534931 0.67516768584027964 0.23046882310882211 0.28108483040705312 7.5580502799712113 5.5362738221883774 12.274354594061153 16.047279333695769 616.23324343864806 56.989700427744538 15.998688310384749
leaf_count=2685 34885 10508 8247 630 142807 97556 51 414 4320 17937 5297 12756 48301 46788 562 1735 57938 2372 2596 820 1646 75058 807 6078 297 43180 3491 596 6445 829 63 213 113 24 76 32 13560 792 128 933 1279 7363 474 2795 1016 2164 4719 33520 26 23703 2098 141 86 34 26 415 48 458 216 280711 3400 1742
internal_value=-2.67844e-05 -0.0070389 -0.0304953 -0.0491975 0.0419077 0.000397745 -0.0183754 0.00248486 -0.00765237 -0.00159896 -0.00543782 0.039899 0.0304379 -0.00715173 -0.0163576 0.0106433 -0.0357379 0.0316948 0.0127321 0.0389202 0.0128863 0.0431386 0.0407088 -0.00174713 0.024717 0.0105079 -0.0104108 -0.0213283 0.00112196 -0.0699722 -0.0711309 -0.180082 -0.267792 -0.356043 -0.767636 -0.505873 -0.0054153 0.0225433 -0.00834752 -0.014663 -0.0359909 -0.00525832 0.0292074 -0.0595428 -0.0284087 0.079232 0.0163864 0.0308306 0.0192733 0.0121785 -0.0622335 -0.375834 -0.0293649 -0.360999 -0.24836 -0.0175868 0.159121 0.0435661 0.0022604 -0.0733596 0.00564582 0.0742473
internal_weight=8566.99 7339.68 1766.82 1127.47 1227.31 5572.85 495.45 639.358 505.339 5304.71 4027.63 268.142 921.794 3849.93 1424.14 137.125 317.974 177.699 177.476 100.89 386.994 534.799 134.019 2425.79 90.2287 1277.09 103.022 95.7999 65.548 30.2519 19.0444 5.70401 4.04799 3.24176 0.660303 0.545753 1108.87 108.101 63.199 463.053 141.703 321.35 37.604 104.099 144.465 51.8679 82.1512 336.908 232.556 204.849 18.368 1.74252 16.6254 0.905637 1.44826 35.5812 10.6616 69.7943 28.3216 632.016 101.434 34.1022
internal_count=1020000 675392 381396 346450 344608 293996 63054 34946 26842 263764 202647 30232 201801 191578 112598 17476 58568 11069 4486 1890 58338 143463 8104 78980 1791 61117 13999 10037 8612 1425 2167 521 308 245 132 108 15042 1482 690 18595 5896 12699 1407 4489 5336 2578 5526 68405 32192 26114 2411 193 2218 120 167 1694 99 1494 674 283396 5772 3477
is_linear=0
shrinkage=0.08


Tree=71
num_leaves=63
num_cat=0
split_feature=6 0 2 0 5 5 4 3 5 4 2 2 5 0 5 0 3 0 7 4 0 8 2 2 3 7 3 8 2 5 0 0 8 5 3 4 2 2 0 0 2 0 4 2 3 0 0 2 2 2 3 4 0 3 3 2 0 0 2 0 3 2
split_gain=349.881 227.453 129.845 117.298 85.8546 55.3426 47.9591 47.1174 33.6514 140.508 41.5529 35.8352 32.9328 26.1172 23.3786 18.8225 25.7913 18.4158 17.7541 18.7261 16.687 16.2889 16.0714 15.937 16.6083 15.7624 14.8763 14.7162 15.0124 14.6696 15.9221 14.4562 14.3638 17.0478 13.505 13.3577 13.0779 12.9216 14.9766 14.3716 17.2966 12.8265 12.7762 12.1632 19.8429 16.7542 14.1361 12.5497 12.1463 34.0623 27.6391 21.672 17.7703 32.559 15.8006 48.9304 15.7474 14.2252 13.0284 15.656 12.9498 11.9076
threshold=0.75000000000000011 56.73658752441407 64.326763153076186 88.036697387695327 54.250427246093757 70.139560699462905 20.526680946350101 6.5000000000000009 44.930728912353523 26.111660003662113 58.397436141967781 90.366767883300795 98.930450439453139 95.293468475341811 58.195386886596687 68.208553314208999 6.5000000000000009 33.549783706665046 0.75000000000000011 56.727003097534187 51.887464523315437 1.0000000180025095e-35 70.396453857421889 30.848532676696781 8.5000000000000018 1.0000000180025095e-35 16.500000000000004 1.0000000180025095e-35 42.93394851684571 46.184494018554695 98.529094696044936 18.350168228149418 1.0000000180025095e-35 95.782062530517592 33.500000000000007 98.173477172851577 94.174205780029311 56.562757492065437 46.543485641479499 49.25306701660157 40.238094329833991 81.872947692871108 36.949598312377937 77.849929809570327 11.500000000000002 81.872947692871108 66.323020935058608 45.748708724975593 74.322341918945327 89.825496673583999 8.5000000000000018 84.231246948242202 82.637680053710952 9.5000000000000018 11.500000000000002 88.762622833251967 62.243186950683601 84.028984069824233 99.532711029052749 84.273937225341811 10.500000000000002 57.93287658691407
decision_type=2 2 2 2 2 2 2 2 2 2 2 2 2 2 2 2 2 2 2 2 2 2 2 2 2 2 2 2 2 2 2 2 2 2 2 2 2 2 2 2 2 2 2 2 2 2 2 2 2 2 2 2 2 2 2 2 2 2 2 2 2 2
left_child=1 2 4 5 6 23 -1 20 9 43 15 -11 18 35 -15 16 -10 34 19 -7 -4 -13 -22 -2 36 -21 -9 28 -26 30 -5 -8 33 61 -6 -12 -25 39 -39 -19 -41 -30 -43 44 45 -3 47 -46 56 51 -51 54 -53 -54 -50 -56 -34 -52 -59 -60 -61 -27
right_child=3 8 7 29 17 12 31 26 10 11 13 21 -14 14 -16 -17 -18 37 -20 25 22 -23 -24 24 27 32 -28 -29 41 -31 -32 -33 48 -35 -36 -37 -38 38 -40 40 -42 42 -44 -45 46 -47 -48 -49 49 50 57 52 53 -55 55 -57 -58 58 59 60 -62 -63
leaf_value=-0.025943180106752374 0.078198384444482794 -0.013946166387459965 0.083819758842709882 0.042735729867629843 0.052275998579362062 0.053708483874963332 0.12775962320034295 -0.00068374472497757192 -0.013188604304819098 -0.062187198190858786 -0.00050379327158285884 0.0033288733539531615 0.074049211818326785 -0.01211594920812527 0.064744821876687189 0.075411938073863982 0.057481541789947278 -0.033084490471827308 0.075265704788290769 -0.15482632231016757 -0.035549648402126217 -0.058398192795743875 0.047445031770994142 0.0046917076249720496 0.075073773561861151 0.063824016324859276 -0.044923610858187732 -0.044799015558696705 -0.0063692485062553173 0.069369543453206561 -0.1112521261637458 -0.075559888926257729 -0.0089113477061869267 0.067126522653677717 -0.3285988637081893 0.060369425207951154 0.055999825984221679 0.033643939737426666 -0.085652791491393543 0.10035353506251206 -0.0029367308369289556 -0.40119225374938461 -0.066136750554006488 0.0073883893674695804 0.22863442495698377 0.046232459688646657 0.092630930840738798 0.0011964073246124101 0.020745189442539037 0.054833614887586604 0.0013597463731899919 -0.095905118192648547 0.032951656106305412 -0.89959635861849152 -0.065088585222061374 -1.3112918563616298 0.057183706636401793 0.081076728458516392 -0.45490782489179643 -0.1541823283818006 0.081755303835392978 0.015957691013738309
leaf_weight=161.33476320491172 17.224881352391094 575.63435327238403 46.764084343565628 16.578955983743075 30.342088404111568 112.98745325044729 2.2461027035024008 136.82159962505102 65.094147592782974 326.88136779726483 2424.7843239506474 100.11005903896876 103.66611768852454 37.921602581627667 76.260790352127515 64.478577956324443 67.140259746462107 106.65534234140068 44.825608366518281 3.3391604111529878 21.462192495935597 37.650011231191456 49.081083505414426 469.01076006516814 14.542843615170566 38.203732434194535 75.484012999339029 83.091231487225741 105.91856020828709 401.73478221741971 5.8010965222492805 626.94829342246521 38.280972728505731 65.986309087253176 0.60774645418859918 23.2921633918304 34.10615229641553 8.4565506344661099 33.083071736153215 11.712523242924361 90.914323911536485 1.0091888885945075 2.6174525795504451 1023.117602384882 1.6168977711349715 31.214144557947293 19.801145279314369 39.107884422177449 33.44353854120709 75.047258072299883 48.320885688066483 43.455024251481518 11.779872111277651 0.24458679649978954 1.6427832478657354 0.2298553748987614 58.060778999933973 2.1671186396852109 0.89373378083109933 6.936880814842878 1.8957087788730858 257.11958660732489
leaf_count=14072 587 8972 1569 294 1757 20676 225 12182 2635 116657 74604 4223 40271 572 25487 2884 2355 2733 9289 93 1773 3756 1523 9581 520 7943 9000 2115 2381 177197 135 307215 6292 15573 35 3987 2978 165 629 340 2033 17 114 23259 21 535 162 864 5728 18783 5357 6294 2533 15 150 22 10562 177 43 136 98 47822
internal_value=-1.38869e-05 -0.00941972 -0.0378431 0.0282732 -0.0513416 0.0187626 -0.0648562 0.00607036 -0.00131099 -0.00880141 0.00454005 -0.0477643 0.0314939 0.00181971 0.0392183 0.0399734 0.0226932 -0.0134255 0.0262723 0.0235272 0.0467612 -0.0135412 0.0221946 0.00216369 0.000319825 0.0185638 -0.016413 -0.0187433 -0.00129605 0.0658578 0.00282079 -0.0748341 0.0194106 0.0303639 0.0447969 7.53835e-05 0.00816987 -0.0206098 -0.0613666 -0.0125201 0.00885151 -0.0114346 -0.159373 0.00190777 -0.00649429 -0.0108508 0.0371852 0.0102264 0.00713533 -0.00300177 0.0224409 -0.0409046 -0.0720883 0.0139829 0.00808294 -0.218053 0.0309211 -0.0179313 -0.0963072 -0.13583 -0.103544 0.0221498
internal_weight=8416.18 6316.02 1401.91 2100.16 1072.3 1676.05 790.529 329.613 4914.11 2155.13 2758.97 464.641 948.527 2562.26 114.182 196.713 132.234 281.772 844.861 800.035 117.307 137.76 70.5433 727.521 710.296 687.048 212.306 207.179 124.088 424.115 22.3801 629.194 683.709 361.31 30.9498 2448.08 503.117 250.822 41.5396 209.282 102.627 109.545 3.62664 1690.49 667.374 606.848 60.5259 40.7248 322.399 226.057 135.262 90.7957 55.4795 12.0245 35.3162 1.87264 96.3418 60.2143 11.8934 9.72632 8.83259 295.323
internal_count=1020000 626224 355251 393776 329204 216150 321512 26047 270973 158449 112524 124636 197857 104650 26059 7874 4990 7692 157586 148297 4865 7979 3296 18293 17706 127621 21182 5147 3032 177626 429 307440 127528 71338 1792 78591 12559 5900 794 5106 2373 2512 131 33813 10554 9507 1047 885 56190 39336 24594 14742 8842 2548 5900 172 16854 5811 454 277 234 55765
is_linear=0
shrinkage=0.08


Tree=72
num_leaves=63
num_cat=0
split_feature=9 9 6 1 5 4 5 6 9 2 5 3 5 1 7 9 4 9 4 2 4 5 4 2 1 3 1 3 3 2 2 1 9 5 5 2 4 2 2 2 1 9 3 2 1 1 2 2 2 1 2 2 1 3 9 9 1 2 9 1 1 4
split_gain=312.934 163.559 348.63 60.1464 55.578 41.2284 57.8638 33.6484 35.7377 26.4934 25.7697 27.7658 25.5148 17.6424 16.5261 15.497 15.2186 27.9815 15.1706 14.2413 19.5477 13.7433 13.7127 12.9554 14.3305 11.3443 10.8442 10.8008 13.5984 14.7053 33.7272 19.4743 17.5027 17.3255 35.8541 15.4064 10.586 10.3043 18.5248 12.8068 15.3488 11.3615 10.1399 19.5009 30.9271 13.4934 22.9242 17.3198 11.8958 11.5232 9.93036 10.1092 19.4662 11.0829 9.83276 12.9701 9.1992 22.4383 10.0661 9.11259 8.85006 11.5682
threshold=0.82582223415374767 0.47937326133251196 1.0000000180025095e-35 94.609127044677749 46.734052658081062 26.111660003662113 42.438537597656257 1.0000000180025095e-35 0.72316691279411327 42.93394851684571 98.930450439453139 8.5000000000000018 40.080320358276374 75.134407043457045 1.0000000180025095e-35 0.88637030124664318 98.173477172851577 0.88214489817619335 37.981754302978523 60.49571609497071 87.10666656494142 66.506408691406264 98.367321014404311 94.174205780029311 77.37634658813478 1.0000000180025095e-35 88.036697387695327 7.5000000000000009 12.500000000000002 85.215545654296889 81.438415527343764 60.49571609497071 0.77958467602729808 95.219047546386733 92.870517730712905 83.75235748291017 84.515426635742202 72.04651260375978 88.762622833251967 78.910301208496108 83.910789489746108 0.83334130048751842 7.5000000000000009 63.224515914916999 45.748708724975593 65.485893249511733 78.611557006835952 85.053192138671889 45.512083053588874 64.89996719360353 70.051548004150405 77.459678649902358 68.614070892333999 9.5000000000000018 0.79291155934333812 0.81003442406654369 54.641149520874031 54.446641921997077 0.53236505389213573 48.52813911437989 57.712133407592781 35.852815628051765
decision_type=2 2 2 2 2 2 2 2 2 2 2 2 2 2 2 2 2 2 2 2 2 2 2 2 2 2 2 2 2 2 2 2 2 2 2 2 2 2 2 2 2 2 2 2 2 2 2 2 2 2 2 2 2 2 2 2 2 2 2 2 2 2
left_child=1 2 4 10 -1 25 -7 12 9 -9 11 14 -3 -13 -2 36 -15 -18 -6 -10 26 -20 27 42 -25 -4 -21 -22 29 30 31 33 -32 34 -29 54 -16 -38 39 -39 41 -41 -11 44 48 47 -47 59 -44 -49 -33 52 -52 -54 -34 -56 57 -46 60 -45 -58 -62
right_child=3 7 5 -5 18 6 -8 8 19 23 -12 13 -14 16 15 -17 17 -19 21 20 22 -23 -24 24 -26 -27 -28 28 -30 -31 32 50 35 -35 -36 -37 37 38 -40 40 -42 -43 43 45 56 46 -48 49 -50 -51 51 -53 53 -55 55 -57 58 -59 -60 -61 61 -63
leaf_value=-0.074817286718692907 -0.11172007466352211 -0.048229027527277736 0.021520992286609794 0.07725080900123503 0.061354595991591244 -0.065271375353781025 0.011966989198861482 0.045105581223540227 0.06502750774785962 0.003627295948311102 0.071299011166965243 0.038218422958242147 -0.0008441881560545116 -0.02304783734254548 0.039350708134337394 0.052696221696317512 -1.2106574301703104 -0.14589653906524575 -0.038545646185188749 0.027832508571524694 0.01009596836754054 0.038933494076186473 0.080280441318700643 0.050210231882833432 0.0074370740837927767 -0.00118944964123088 0.064673601179611837 -0.065649791535354177 0.017439268058565285 -0.034233769013568054 -0.077007113200520574 0.080602474062834911 -1.2048225068287288 -0.022100630529684737 -0.99418492766039124 -0.26910967465686542 0.080390845967534597 0.011300928612297126 0.02735241365162254 0.080462281895525053 0.063862467536123749 -0.1093060933420915 -0.013641021980129137 -0.006579668868815408 0.025022790198056467 0.031631571007878043 -0.052444697582116381 0.096184675385934823 -0.11642778948079639 -0.15503862924129275 -0.73954479770295212 0.081655843108066298 0.081022613475505351 -0.39334346877008175 -0.23635861554305773 -1.0941025330118621 0.051454806186962854 -0.093336700793495139 0.030005874493401259 -0.077357673001154245 -0.023006590343047389 0.25430953690543684
leaf_weight=664.12336561735719 4.9081223383545867 75.155912237474695 153.15042697265744 248.36380196164828 13.891572719905524 151.06522100849543 105.37707134732045 99.960865239612758 62.669844052521512 818.26285371836275 89.843800641479902 37.731059084413573 2250.0290955094388 88.894380908692256 132.21661271282937 199.90419942687731 0.18566834274679322 1.0584465996362267 99.161436737049371 294.03069658321328 70.182332294294611 17.19254071591422 11.824327044188975 67.908981264568865 191.47865855577402 1741.2364675560966 61.899402282666415 0.54445561440661705 17.62740823160857 21.927509655477479 0.50498623214662064 3.2922952158842236 0.3089715593960134 0.77351612411439408 0.52066541602835059 0.45650678290985525 11.374637341126798 21.985937268007547 71.407297727069817 2.2082031869795236 4.7191315710078916 23.584106425521895 13.685569396475332 14.132162267575039 56.49856593622826 43.470058061182499 39.719989920267835 7.1318106711842102 15.220133119262753 1.3974792002700267 0.38988585537299547 0.96056226664222766 0.83783924253657438 0.50533275166526437 0.25201463187113404 0.20428174501284957 6.9534418657422048 12.523065027082337 49.873578428756446 66.068653189577162 1.2620485238730905 4.058835765812546
leaf_count=360074 193 13718 3382 135661 2174 58413 7318 14339 16269 25418 39089 5806 47180 7858 33049 70408 10 141 16419 42483 11653 315 4255 4757 9243 35471 16092 39 2204 1861 35 480 13 86 39 40 2517 4438 12594 421 876 4309 785 365 2155 918 875 190 301 25 34 72 83 36 23 25 146 260 1242 1203 35 87
internal_value=-6.01002e-06 -0.0055748 -0.0201558 0.0434917 -0.0654463 -0.00342861 -0.0335326 0.00421967 0.0116666 0.00530707 0.0313405 0.0253589 -0.00237579 -0.00771103 0.0343121 0.0358456 -0.0269366 -0.304799 -0.0176633 0.0291311 0.0245122 -0.0270973 -0.0018945 0.00248487 0.0186353 0.000646561 0.0342395 -0.01004 -0.0388182 -0.070321 -0.153169 -0.0825475 -0.473178 -0.310271 -0.519548 -0.636924 0.0232528 0.0075193 0.000829584 -0.035247 -0.0687884 -0.0930591 -0.00115711 -0.0129492 0.00714422 -0.0316581 -0.00851155 -0.0533595 -0.0677628 0.0550231 -0.0125997 -0.126517 -0.241898 -0.097445 -0.856337 -0.620367 0.0236514 0.00354802 0.0459783 -0.0648859 0.110878 0.188534
internal_weight=8268.09 7329.7 2945.2 938.385 794.369 2150.83 256.442 4384.5 2059.32 1509.61 690.022 600.178 2325.19 127.87 472.308 467.4 90.1385 1.24411 130.246 549.713 487.043 116.354 131.113 1409.65 259.388 1894.39 355.93 119.289 49.1062 31.4788 9.55131 7.82455 1.72676 1.83864 1.06512 1.22177 267.496 135.279 123.905 52.4974 30.5114 25.7923 1150.26 331.995 160.075 171.92 83.19 88.7301 28.9057 8.52929 5.98592 2.69362 1.73306 1.34317 0.765268 0.456296 131.17 69.0216 62.1479 80.2008 12.2743 5.32088
internal_count=1020000 702630 483566 317370 378982 104584 65731 219064 158166 62344 181709 142620 60898 13815 128805 128612 8009 151 18908 95822 79553 16734 20978 48005 14000 38853 58575 16723 5070 2866 1005 869 136 164 78 101 58204 25155 22638 10044 5606 4730 34005 8587 5011 3576 1793 1783 1086 215 705 225 153 119 61 48 3925 2415 1510 1568 268 122
is_linear=0
shrinkage=0.08


Tree=73
num_leaves=63
num_cat=0
split_feature=9 0 9 4 1 2 2 2 2 2 0 2 3 6 9 9 6 2 0 9 4 3 4 0 3 2 0 2 0 3 3 4 2 3 3 9 3 3 1 0 3 3 1 0 0 9 9 2 0 9 9 2 0 6 4 8 9 3 0 0 9 3
split_gain=277.383 149.694 133.106 133.03 59.4825 56.348 35.7415 33.6062 37.234 29.2393 31.982 25.1305 24.5025 23.3367 74.1669 20.0941 19.2158 17.9757 17.0116 16.9392 16.7898 16.7495 16.3604 14.2242 19.3588 13.5876 22.5712 13.085 12.2686 16.509 15.5857 11.2967 12.8983 12.8432 46.9321 23.817 14.0139 20.291 13.4926 12.5748 23.4364 14.1082 27.718 13.5411 12.0833 11.6278 11.2947 11.251 15.4102 16.5252 15.4566 11.2478 11.6372 11.1689 13.7131 11.1609 10.9429 10.9347 13.5647 11.2146 10.9235 10.8119
threshold=0.82582223415374767 56.73658752441407 0.4410721510648728 23.14919471740723 94.609127044677749 50.252525329589851 28.743545532226566 71.010189056396499 39.077413558959968 94.360820770263686 92.805381774902358 49.25306701660157 5.5000000000000009 1.0000000180025095e-35 0.49720504879951483 0.72316691279411327 0.75000000000000011 71.010189056396499 22.903981208801273 0.9092637598514558 84.231246948242202 6.5000000000000009 99.103118896484389 64.326763153076186 11.500000000000002 63.686313629150398 70.659969329833999 92.907444000244155 83.414241790771499 4.5000000000000009 6.5000000000000009 8.3920187950134295 98.37387847900392 10.500000000000002 8.5000000000000018 0.40513008832931524 5.5000000000000009 3.5000000000000004 79.557674407958999 88.273490905761733 5.5000000000000009 1.5000000000000002 90.054946899414077 90.353595733642592 86.295150756835952 0.57548686861991893 0.77597463130950939 27.842377662658695 51.022111892700202 0.44581410288810736 0.55875089764595043 82.009250640869155 51.887464523315437 1.0000000180025095e-35 92.759792327880874 1.0000000180025095e-35 0.5935734510421754 16.500000000000004 71.010189056396499 77.015758514404311 0.39143174886703497 12.500000000000002
decision_type=2 2 2 2 2 2 2 2 2 2 2 2 2 2 2 2 2 2 2 2 2 2 2 2 2 2 2 2 2 2 2 2 2 2 2 2 2 2 2 2 2 2 2 2 2 2 2 2 2 2 2 2 2 2 2 2 2 2 2 2 2 2
left_child=1 2 3 11 12 23 18 8 47 10 13 -1 19 14 -7 27 31 -17 -5 -2 -19 56 -14 24 -3 26 61 -15 -29 -30 -31 -11 44 34 35 36 37 -34 -36 41 43 -37 45 -41 -33 -43 57 -4 50 -50 -49 52 -23 -40 -55 -10 -9 -35 -59 -60 -39 -16
right_child=4 5 7 6 -6 9 -8 21 55 16 -12 -13 22 15 25 17 -18 20 -20 -21 -22 51 -24 -25 -26 -27 -28 28 29 30 -32 32 33 46 38 39 -38 60 53 40 -42 42 -44 -45 -46 -47 -48 48 49 -51 -52 -53 -54 54 -56 -57 -58 58 59 -61 -62 -63
leaf_value=-0.049227145563892245 0.032321724734444557 0.00053826910634890784 0.074127155411012224 0.075417978585784126 0.077007720186148015 -0.05666374315391691 -0.07429079813338503 0.12632178813645284 -0.0062642640344377056 0.033871758613530048 0.044475030985071766 0.0057712026095875528 0.0070517465905499078 -0.0021396622636495714 -0.010017259504489265 0.048383709558830285 0.037417916242975482 0.023211066703137381 -0.03148575287313754 0.069429113549742086 -0.025723814823557234 0.019893227546018553 0.080167236917245879 0.07201189494338131 0.086183705098167501 -0.0083929822483472145 0.075695598480742768 -0.016941504169744229 -0.071299602369230483 -0.50785888061398821 -0.079445227305832686 0.068666039935118564 0.084834525835596988 0.031789142822700733 -0.017141257610350884 0.072122887730259239 -0.039998113683132386 -0.2035709953217188 -0.052208841598979393 0.044812240540816957 -0.08013214177607822 -0.017484030600982078 -0.20866192150678092 -0.0049463902346913308 0.012189607026114721 0.023413484179202283 -0.041715874937038676 -0.024132746344702027 0.4881327128697277 0.0788689642422781 0.070636475020445524 0.034905475633560959 -0.083856802996169363 -0.11007349642083564 -0.42988364042611849 -0.031925688152398213 0.047020606149364957 0.0068734001459369153 -0.20557381504180039 0.066253035618801859 -0.50086044975225175 0.064394701839843971
leaf_weight=66.675905929645523 267.39542412571609 60.252111148554832 32.384816963225603 13.080108663765712 229.96374723722693 211.34684422449209 556.43110099609476 16.2388462908566 223.87990164663643 89.256689744070172 86.068623165367171 262.53532282914966 269.39146935008466 2244.627831351012 91.951249124016613 94.159680447541177 143.87684341066051 126.52920484705828 35.066581253195181 111.58794477849733 69.53344428865239 15.153326653758997 21.122121428954415 78.106815980747342 23.470301792258397 1140.5492632563692 33.148553295526654 11.770272551104428 5.3817485584877423 1.3079697126522662 0.9298318913206457 35.424560896586627 1.0978484188672144 168.2005035711918 68.790356969926506 29.000913140131161 8.3687099355738592 2.2054072679020469 69.213890805607662 41.562144845025614 23.710869315546006 53.790391434915364 3.5438174551818511 221.77294712327421 76.829943383927457 257.39430872211233 17.875259520253167 42.62324335379526 0.67305644601583381 10.207135966047643 14.852374617010353 54.927086974610575 12.733279674663207 12.392289617098864 0.9219255836214878 210.42518141446635 35.444114988902584 17.154225995298479 4.0065859241876742 1.2822217294014988 1.2333977450616656 14.462235611863433
leaf_count=10346 76367 8530 7490 868 135661 93097 308393 519 10706 5131 7355 7560 39892 50929 1499 19960 19410 18224 11186 54975 9261 557 10475 8929 2465 24264 828 235 185 33 23 1485 22 4617 1586 2117 194 33 498 2397 516 3638 144 16785 6145 8111 664 714 8 701 2493 4915 629 312 21 12374 2448 672 128 31 29 220
internal_value=3.70222e-06 -0.00519774 -0.0267689 -0.0462872 0.0419052 0.00093175 -0.0685691 0.000452712 -0.00853338 -0.000441991 -0.00378071 -0.00536774 0.029848 -0.00480731 -0.0127586 -0.000164431 0.00978467 0.0196539 -0.002443 0.0432476 0.00585635 0.0362006 0.0123677 0.0474563 0.0245477 -0.00550985 0.0180521 -0.00270493 -0.0681418 -0.147233 -0.329848 0.00648535 0.00429456 0.00141777 -0.00321726 0.00620711 -0.101378 -0.214603 -0.0433068 0.00840824 -0.00395228 0.0187304 0.0138105 0.00290701 0.0300121 0.0163441 0.0190893 0.0352853 0.0168833 0.104186 0.000356733 0.0138979 -0.02748 -0.0651167 -0.132218 -0.0186975 0.0719371 0.0247906 -0.0276607 -0.139672 -0.3102 9.57757e-05
internal_weight=8145.29 7245.83 1603.33 933.789 899.461 5642.5 604.578 669.542 535.046 5480.67 4131.77 329.211 669.497 4045.7 1491.46 2554.24 1348.91 290.222 48.1467 378.983 196.063 134.497 290.514 161.829 83.7224 1280.11 139.562 2264.02 19.3898 7.61955 2.2378 1205.03 1115.77 1003.52 794.999 643.681 12.9054 4.53665 151.318 630.775 287.046 343.729 314.729 263.335 112.255 311.185 208.519 100.741 68.3558 10.8802 57.4756 82.8137 27.8866 82.5281 13.3142 434.305 51.683 190.644 22.443 5.28881 3.43881 106.413
internal_count=1020000 702630 381907 338353 317370 320723 320447 43554 34486 300799 226113 17906 181709 218758 119908 98850 74686 47445 12054 131342 27485 9068 50367 19924 10995 26811 2547 51405 476 241 56 55276 50145 42515 36403 33986 278 84 2417 33708 19698 14010 11893 19182 7630 11749 6112 11406 3916 709 3207 6101 1186 831 333 23080 2967 5448 831 159 62 1719
is_linear=0
shrinkage=0.08


Tree=74
num_leaves=63
num_cat=0
split_feature=9 0 9 5 1 2 2 0 2 2 2 0 1 5 1 2 1 3 5 2 6 5 0 4 2 5 6 5 9 9 3 3 2 1 0 1 1 2 2 0 0 0 9 3 1 2 3 0 0 2 1 3 9 2 0 1 2 0 9 5 1 5
split_gain=245.041 132.067 121.339 131.116 58.7532 49.3845 33.441 29.0113 28.845 32.9558 27.0906 29.245 37.9667 24.7155 24.5757 47.5436 33.0836 23.2821 22.4469 21.3332 19.8814 88.7728 18.3397 22.6564 18.0491 24.482 17.0254 16.5428 22.9681 16.1171 15.8768 15.1966 13.8215 29.7845 23.1323 14.6253 26.984 45.2975 21.7438 24.5752 21.5426 30.1338 27.2175 23.4421 15.7016 39.4148 31.9505 37.2958 27.2515 29.9339 44.9228 18.7088 23.8741 39.9399 39.8169 29.9077 23.9123 43.7544 57.9123 54.3276 33.6399 18.8907
threshold=0.82582223415374767 56.73658752441407 0.4410721510648728 23.442888259887699 94.609127044677749 53.694938659667976 28.743545532226566 64.326763153076186 71.010189056396499 27.842377662658695 94.360820770263686 87.570224761962905 76.50690078735353 98.930450439453139 87.20676422119142 87.007671356201186 81.28433990478517 5.5000000000000009 40.631225585937507 52.47950744628907 1.0000000180025095e-35 44.930728912353523 92.031745910644545 20.526680946350101 93.788581848144545 87.531093597412124 0.75000000000000011 39.77586746215821 0.39669676125049597 0.9092637598514558 4.5000000000000009 16.500000000000004 61.633426666259773 53.889368057250984 65.692962646484389 48.683298110961921 61.938297271728523 70.051548004150405 67.028984069824233 61.938297271728523 76.50690078735353 61.938297271728523 0.34821656346321112 5.5000000000000009 67.769271850585952 78.611557006835952 8.5000000000000018 69.614067077636733 78.611557006835952 83.047893524169936 83.239700317382827 7.5000000000000009 0.64869347214698803 88.762622833251967 84.273937225341811 76.23956680297853 84.29276275634767 81.28433990478517 0.68929168581962597 75.088653564453139 74.322341918945327 88.019138336181655
decision_type=2 2 2 2 2 2 2 2 2 2 2 2 2 2 2 2 2 2 2 2 2 2 2 2 2 2 2 2 2 2 2 2 2 2 2 2 2 2 2 2 2 2 2 2 2 2 2 2 2 2 2 2 2 2 2 2 2 2 2 2 2 2
left_child=1 2 3 19 13 7 27 18 9 -4 11 20 -13 17 15 -14 -17 29 -3 -1 21 -7 23 -18 -16 -26 -12 28 -5 -2 -20 -10 33 -22 -35 -34 37 -37 39 -38 41 43 -43 -39 45 -40 47 -47 -46 -50 51 52 -51 54 56 -56 -54 -58 -59 -60 61 -61
right_child=4 5 8 6 -6 10 -8 -9 31 -11 26 12 14 -15 24 16 22 -19 30 -21 32 -23 -24 -25 25 -27 -28 -29 -30 -31 -32 -33 35 34 -36 36 38 40 44 -41 -42 42 -44 -45 48 46 -48 -49 49 50 -52 -53 53 -55 55 -57 57 58 59 60 -62 -63
leaf_value=-0.038864788799098174 0.026521542537582602 -0.042739728903271768 0.073144416253850666 -0.071589431147271815 0.076747679765470644 -0.06410413482278049 -0.073820461373773141 0.064645894791148642 0.048693767382410526 -0.012801430674766912 0.0060605909981812887 0.061637984235114976 0.049361699625753812 0.070119907163230077 0.022248439699727049 -0.031464864396380174 -0.67614035125594873 0.0044630197737387609 -0.024816622108426899 0.0079485565354637903 -0.04383115395949666 -0.0053465610861122741 -0.092752498370681946 -0.23732644402626052 -0.036430981065165326 -0.3946190554102777 0.035614366676271721 0.031841116506653763 1.7792598731517169 0.06811878710319029 0.050986511929208111 -0.015549950187217663 0.02872259874189257 0.0059921870401939675 0.058710465308505759 -0.064491885664402115 -0.07110198149874157 0.065837447036712224 -0.055267015675143548 0.032606534957935973 0.0448308862095518 -0.011417320003853156 -0.090917558169978818 -0.020386829431352713 0.0082003157452005086 0.072189630025726481 -0.051746847147974513 -0.018808585417553616 0.010807947876202997 -0.067458561412517368 0.0016584236034768013 0.0018555999376091183 -0.1983235571854183 -0.029812436111595193 0.081651880951905995 -0.82232463868837191 -0.25706094254348505 -0.16452693431236939 -1.9118054067512569 -1.7510566356296149 -0.15807977613798879 -0.68610108705786788
leaf_weight=84.109916059183888 237.1353335257154 37.193309526657686 30.280622833408415 16.882365516852591 212.97406640218105 192.51869585120585 519.70024110563099 117.56129964254797 101.82703827903606 500.6794252517866 1197.2321591845248 94.649821773404256 18.221484930254519 79.51242468925193 169.75465426326264 14.115133314626293 0.84034158103167822 253.90249014250003 24.010785442660563 240.27898426051252 44.857910757767968 1133.2729457935784 5.4211123825516543 7.2473816322162747 15.43225867173169 1.3261979781091202 139.26476759824436 30.323282329365611 0.043019829317926361 79.630618049297482 67.106032883515581 30.660402554669417 84.872730130562559 129.38986260257661 90.54706722672563 122.62866907124408 15.916312790941445 38.984732185257599 122.63384446315467 180.01530000986531 45.44258942711167 70.615125092212111 45.203359035309404 41.83497558394447 802.8804517807439 58.501500390470028 45.607125683920458 56.824301722692326 144.13020297186449 89.86416456126608 109.88146982691251 20.159191595157608 1.8657957939431051 6.1139759588986635 1.9875941302161666 0.26552494568750251 1.6133005623705687 0.55398403480648983 0.40115403803065397 0.21836493350565434 0.33281690208241343 0.20828066160902381
leaf_count=12114 67081 10197 7490 8687 135661 91373 308773 12756 6195 26996 55276 8663 1123 39089 8252 631 20 34381 2165 5414 2721 20151 168 176 895 74 19410 3355 10 41158 5114 2873 2972 8908 7425 4679 556 1694 3244 8902 1764 435 2907 1283 21906 1944 971 1486 4055 1087 3712 499 117 542 222 28 120 5 22 27 30 16
internal_value=1.11424e-05 -0.00484038 -0.0254717 -0.044753 0.0402794 0.000877995 -0.0679621 0.0359369 0.000432619 -0.00789994 -0.000729117 -0.00400444 0.0189278 0.0283338 0.00153008 -0.0509471 -0.117113 0.0225117 0.00963294 -0.00418955 -0.00603113 -0.0138788 -0.206606 -0.282921 0.0144291 -0.0647766 0.00914013 -0.00352451 -0.0668851 0.0369785 0.0310111 0.0338264 -0.00164916 0.0155789 0.0276961 -0.00381165 -0.00517546 -0.0248789 -0.000846458 0.0241819 -0.00481249 -0.0162849 -0.0424459 0.0212049 -0.00419598 -0.0210998 0.00493617 0.0273522 -0.000135436 -0.0178597 -0.0355577 -0.0686474 -0.0823896 -0.181334 -0.305736 -0.0248797 -0.427577 -0.556108 -0.837487 -1.1587 -0.76091 -1.23116
internal_weight=8027.46 7164.31 1554.79 891.338 863.155 5609.52 566.949 245.871 663.447 530.96 5363.65 4027.15 327.008 650.181 232.359 45.8455 27.624 570.668 128.31 324.389 3700.14 1325.79 13.5088 8.08772 186.513 16.7585 1336.5 47.2487 16.9254 316.766 91.1168 132.487 2374.35 264.795 219.937 2109.56 2024.68 364.709 1659.97 195.932 242.081 196.638 115.818 80.8197 1464.04 283.567 160.933 115.326 1180.48 377.596 233.466 123.584 103.425 13.5608 7.44682 2.25312 5.1937 3.3279 1.7146 1.16062 0.759462 0.426646
internal_count=1020000 702630 381907 338353 317370 320723 320825 30232 43554 34486 290491 215805 20002 181709 11339 2118 995 142620 17476 17528 195803 111524 364 196 9221 969 74686 12052 8697 108239 7279 9068 84279 19054 16333 65225 62253 12762 49491 9458 8083 6319 3342 2977 40033 7645 4401 3430 32388 10482 6427 2715 2216 1129 587 250 337 220 100 95 73 43
is_linear=0
shrinkage=0.08


Tree=75
num_leaves=63
num_cat=0
split_feature=6 0 2 1 5 5 5 3 7 0 5 5 2 2 1 5 8 5 3 8 2 0 3 1 5 0 2 2 0 2 7 0 2 0 3 0 1 3 0 0 0 5 1 0 0 0 5 3 1 0 3 0 2 2 3 0 5 1 2 0 3 5
split_gain=211.97 148.181 98.7176 97.846 75.4114 45.4515 43.9687 35.2527 31.3573 28.9972 21.0025 110.066 30.7981 24.0409 18.9912 26.0821 17.9643 25.3611 18.5366 17.5693 16.3133 15.8564 18.8035 15.7496 14.9968 14.8977 14.6595 13.8756 30.4505 26.7831 13.0788 12.6704 12.1986 12.1308 12.0848 11.1491 10.8731 10.7795 10.3984 10.3577 10.28 10.7897 31.4723 16.7695 72.5643 13.0648 10.061 10.161 21.9151 21.7472 25.6669 19.9987 55.1483 9.86936 19.453 14.1992 9.79106 9.55841 15.4308 13.6753 10.8216 9.276
threshold=0.75000000000000011 56.73658752441407 64.326763153076186 88.784065246582045 54.250427246093757 20.084033966064457 98.557659149169936 6.5000000000000009 0.75000000000000011 89.386734008789077 43.498390197753913 26.115373611450199 58.397436141967781 87.007671356201186 95.861873626708999 62.534915924072273 1.0000000180025095e-35 94.510131835937514 8.5000000000000018 1.0000000180025095e-35 42.163742065429695 68.208553314208999 6.5000000000000009 56.440422058105476 46.184494018554695 98.529094696044936 56.562757492065437 71.010189056396499 65.485893249511733 92.031745910644545 1.0000000180025095e-35 48.050632476806648 29.679679870605472 18.350168228149418 16.500000000000004 26.36544227600098 87.007671356201186 1.5000000000000002 95.861873626708999 50.263158798217781 86.70682525634767 97.785949707031264 69.282051086425795 79.795917510986342 75.893997192382827 60.120481491088874 98.251728057861342 8.5000000000000018 53.399339675903327 79.795917510986342 11.500000000000002 84.660633087158217 99.532711029052749 77.003208160400405 15.500000000000002 85.847797393798842 89.864246368408217 53.399339675903327 51.89995193481446 49.089704513549812 7.5000000000000009 36.657941818237312
decision_type=2 2 2 2 2 2 2 2 2 2 2 2 2 2 2 2 2 2 2 2 2 2 2 2 2 2 2 2 2 2 2 2 2 2 2 2 2 2 2 2 2 2 2 2 2 2 2 2 2 2 2 2 2 2 2 2 2 2 2 2 2 2
left_child=1 2 4 6 5 -1 8 23 9 16 11 53 21 -13 38 -16 17 20 27 61 -2 22 32 -4 25 -5 35 28 -18 40 -26 -28 -12 -7 -9 -6 -20 -30 46 -25 41 -29 43 44 45 -43 -14 -48 -49 -50 51 52 -51 54 55 -3 -38 58 59 -37 -61 -15
right_child=3 10 7 24 26 33 -8 34 -10 -11 12 13 14 19 15 -17 18 -19 36 -21 -22 -23 -24 39 30 -27 31 29 37 -31 -32 -33 -34 -35 -36 57 56 -39 -40 -41 -42 42 -44 -45 -46 -47 47 48 49 50 -52 -53 -54 -55 -56 -57 -58 -59 -60 60 -62 -63
leaf_value=-0.022650414322477972 0.057309052315907938 -0.010377285557880943 0.076265675468873348 0.042082374008858364 0.064017218536516582 0.10800272233984833 0.069539921055056658 0.00048090689649762605 0.076416506022608743 0.071909347576464486 0.37455373369588857 -0.061565383090825376 -0.0012153376880746384 -0.027450147433772276 -0.0089993076272111509 0.070557959387977959 -0.0051000333941283449 0.053767440276856877 -0.019761628600427118 -0.064894843837791927 0.0072156933703210226 0.06938936747800678 0.049199874867644391 0.070441859235352511 -0.15408142415274934 -0.11143029580107315 0.01853448807287594 -0.023288661900139233 -0.006102020773113356 0.039610791650994577 0.070013078236276685 -0.081160892628069845 -0.014306223868831716 -0.073891527726421977 -0.040525067526598846 -0.020760659187997403 0.086445637709982745 0.072891405740152238 0.068218080197611802 -0.0025324695261938158 0.062724374292828095 -1.0235637672886291 -0.042820924986299781 0.080585693457589994 -2.5451036854182654 -0.13033369699988087 0.061784393489928098 -1.0083481545172273 0.053599518037802253 0.081098546073604741 0.0055360945515724727 -0.13970136217397774 -1.666598118465846 0.0064416691550572471 0.089650835448491575 0.072024790447318951 -0.20666601762065345 0.037424809160987255 -0.064924002344531329 -0.0086243487351746681 0.061902564082490688 0.021077130709698851
leaf_weight=150.94251589442138 44.462929546833038 582.78247087204363 48.666296818992123 13.404418742749842 14.923275317763908 2.3581684574019155 90.107573793502524 132.12358081177808 46.858693705871701 46.752355043659918 0.52044676057994266 237.95609285542741 2403.0755293255206 48.313496352522634 48.395974514074624 57.956397515605204 104.8490228173323 98.772228608024307 192.45232787844725 39.78027356788516 647.64833442354575 58.2529297581641 66.573214514413849 16.732339676935226 1.6763938514050085 5.7949683694168916 11.145907231606541 158.99118739622645 13.192286099307237 61.088745092158206 291.37843962234911 30.441830162890255 64.826580769615248 476.47462332260329 70.560977734508924 104.13127458211966 0.91895801480859418 68.272254781797528 14.145226539927533 48.617167474585585 8.6884171301498991 0.14492257591336866 3.2465551586356014 0.18303947988897562 0.12187107489444315 0.37851872714236379 29.837043852428906 0.14685114612802763 5.8956191190518439 0.19948528637178231 1.041425072122365 0.35890655918046832 0.27463790960609913 1048.6451657669386 13.213791607413439 13.698047388345001 3.5351780485361814 26.65592939266935 31.460939152166247 26.584615804953501 29.23692724131979 52.717555896844715
leaf_count=13793 4398 8843 2181 321 1317 224 42251 12182 9612 14731 9 109977 68991 3638 1071 27859 6059 22816 15146 5160 57001 2928 2663 632 148 135 215 16832 1358 12587 180808 589 3153 307495 9000 2890 38 6473 1674 2052 2062 29 761 33 21 60 7292 15 1050 26 178 34 32 23293 231 411 96 501 753 704 723 2445
internal_value=3.07518e-05 -0.00733731 -0.0322143 0.0233 -0.0456752 -0.0609291 0.0152626 0.00622404 0.0120033 0.00992699 -0.000993865 -0.00715128 0.00356485 -0.0460612 0.00125859 0.0343552 0.00786734 0.0158457 -0.00237502 -0.0198607 0.0104338 0.0346265 0.0192761 0.0418109 0.0642437 -0.00425249 -0.010689 0.00713616 0.023408 -0.00588404 0.0687312 -0.0544416 -0.0112092 -0.0729957 -0.0137946 -0.00287948 -0.0226216 0.0600993 -0.000175198 0.0161522 -0.0220654 -0.0265831 -0.155124 -0.595273 -0.786977 -0.377638 -0.000571554 0.0404059 -0.0401648 -0.0218666 -0.259226 -0.590222 -0.931262 0.0017358 -0.00635806 -0.00848494 -0.146192 -0.00745746 -0.0137077 -0.003634 0.0283146 -0.00212883
internal_weight=7912.58 6009.66 1221.06 1902.92 904.356 629.775 1590.67 316.7 1500.56 1453.7 4788.61 2037.11 2751.5 378.767 2561.33 106.352 1406.95 790.883 616.063 140.811 692.111 190.173 131.92 114.016 312.254 19.1994 274.581 419.157 186.314 232.843 293.055 41.5877 65.347 478.833 202.685 232.993 196.906 81.4645 2454.97 65.3495 171.755 163.066 4.07491 0.828352 0.645312 0.523441 2440.83 37.754 7.91693 7.77007 1.87445 0.83303 0.474123 1658.34 609.694 596.481 4.45414 218.07 191.414 159.953 55.8215 101.031
internal_count=1020000 626224 355251 393776 329204 321512 212364 26047 170113 160501 270973 153998 116975 121220 108222 28930 145770 84215 61555 11243 61399 8753 5825 4865 181412 456 7692 46275 13890 32385 180956 804 3162 307719 21182 6888 15280 7831 79292 2684 19798 17736 904 143 110 89 77618 8627 1335 1320 270 92 58 32778 9485 9254 134 5571 5070 4317 1427 6083
is_linear=0
shrinkage=0.08


Tree=76
num_leaves=63
num_cat=0
split_feature=9 0 5 6 1 5 6 6 0 5 5 5 3 6 0 0 0 9 7 1 8 7 1 1 5 8 1 5 5 5 9 9 5 6 3 0 1 1 1 3 1 0 5 0 3 5 9 5 8 5 6 1 3 3 3 9 7 3 1 5 9 3
split_gain=190.361 102.965 101.54 126.573 57.3501 26.6242 87.8503 25.6945 27.1005 23.1175 22.9263 22.9041 20.3287 20.2054 17.1846 16.8208 14.0824 13.8628 13.5169 12.47 12.0189 11.534 10.8996 10.8891 10.5114 9.66313 10.1718 16.2748 18.8549 11.0538 9.02768 9.04728 8.97967 12.8777 9.50782 9.01719 8.99149 8.48335 8.33838 7.9377 12.4225 10.2913 7.92459 7.8779 19.4903 14.387 7.62493 7.72451 7.39211 9.46835 15.0147 9.85157 7.84066 7.54768 7.25717 8.79266 7.1169 7.08034 7.07387 6.99932 25.3893 6.9803
threshold=0.82582223415374767 56.73658752441407 47.332759857177741 1.0000000180025095e-35 94.609127044677749 43.204938888549812 1.0000000180025095e-35 1.0000000180025095e-35 90.353595733642592 95.219047546386733 98.930450439453139 23.442888259887699 8.5000000000000018 0.75000000000000011 79.337715148925795 88.493064880371108 28.778468132019047 0.87790206074714672 1.0000000180025095e-35 47.413022994995124 1.0000000180025095e-35 0.75000000000000011 41.223155975341804 64.89996719360353 51.363750457763679 1.0000000180025095e-35 93.957649230957045 94.349296569824233 92.69339752197267 93.553852081298842 0.72316691279411327 0.55875089764595043 27.792633056640629 0.75000000000000011 1.0000000180025095e-35 98.529094696044936 81.046867370605483 43.792808532714851 47.856706619262702 11.500000000000002 39.250699996948249 71.834934234619155 39.246419906616218 59.611795425415046 10.500000000000002 95.529048919677749 0.44338367879390722 37.387241363525398 1.0000000180025095e-35 92.545253753662124 1.0000000180025095e-35 54.641149520874031 6.5000000000000009 20.500000000000004 12.500000000000002 0.28273916244506841 1.0000000180025095e-35 4.5000000000000009 91.331184387207045 73.19250869750978 0.83822378516197216 7.5000000000000009
decision_type=2 2 2 2 2 2 2 2 2 2 2 2 2 2 2 2 2 2 2 2 2 2 2 2 2 2 2 2 2 2 2 2 2 2 2 2 2 2 2 2 2 2 2 2 2 2 2 2 2 2 2 2 2 2 2 2 2 2 2 2 2 2
left_child=1 2 3 -1 10 6 15 22 18 16 12 54 17 -13 43 -3 -4 25 -9 -20 46 30 -7 48 58 57 -27 28 -28 -30 31 -21 34 36 -8 37 42 -35 -23 -36 -41 -42 -34 44 45 -14 -17 -48 49 53 51 -51 -50 -18 -5 -56 -24 -2 -10 60 -59 -32
right_child=4 5 9 11 -6 7 32 8 24 -11 -12 13 14 -15 -16 20 23 -19 19 21 -22 38 56 -25 -26 26 27 -29 29 -31 61 -33 33 35 39 -37 -38 -39 -40 40 41 -43 -44 -45 -46 -47 47 -49 52 50 -52 -53 -54 -55 55 -57 -58 59 -60 -61 -62 -63
leaf_value=-0.076628279879638911 0.048244352663551093 -0.061988768711915693 0.04485715256829944 0.0070008565894709111 0.076203394420667314 0.055788532208330577 0.018667359787790935 -0.19757054885563771 0.092112674132558067 0.050907323499117516 0.068629535242407697 -0.068783976654316736 -0.19889247472762711 -0.0078984143438262724 -0.036386534469806456 0.30552569444318206 0.0059316298869898573 0.043524374550511821 0.041395079405335301 0.020701034199411859 -0.080997964790497909 -0.59024592915342788 -0.026807935474172487 0.037944512770369351 0.073605224791501431 0.0023548677584702719 -0.10650437188170347 0.082059034587144669 -0.99424869657814241 -0.34124814253679825 0.026266251379479431 -0.001638106026712885 -0.069899658515734917 0.13499982977902983 -0.0024561461154713016 -0.10449991581115278 -0.0097102555483627746 0.0011335657489584614 0.081924690972593583 0.16902226820106822 0.0021512916002188044 0.049695629941621897 -0.0098107267554380252 0.026717127837189852 0.080815410574069713 -1.0739909601604121 -0.02713505211424283 0.05508848257879146 -0.0031103322455668068 -0.26179641211268256 0.0023026369785601464 -0.013966462530167891 -0.03198738557321644 -0.045753237696976479 -0.033588233217080418 0.019921274148856402 -2.2921128265840003e-05 0.081011248796278273 -0.017941388588381707 0.0085300899121590716 -1.3507556062384629 0.0044644263467172804
leaf_weight=367.06357398780528 64.771248085307889 194.58290643314831 35.638313994044438 212.62004739581607 184.23738850478549 21.945814263308421 190.74523962126113 1.9843191695399571 4.8960644183680424 53.681123285554349 69.375108404317871 74.515894616721198 0.28564859041944035 65.586798412026837 66.306066668126732 0.58875374263152735 249.51300250610802 200.01477098069154 82.645948237157427 145.50694969273172 9.9630507181864214 0.11900572979356994 65.630511883413419 32.491193964146078 64.58635414019227 110.88653543952387 1.2815204784274095 1.2612567002652211 0.29700039140880097 0.37587523018009961 245.28078978566919 572.72427380131558 48.163856316474266 3.0819177026860407 1294.587140590651 5.0956398975104085 59.083421217277646 178.94119413383305 15.768127797287887 3.325565818231552 129.23853100510314 37.619134439853951 19.829573666793294 59.365987240569666 0.74645402119494975 0.20763494400307536 14.356819850392641 14.902879736386238 103.71345566795208 3.1858052033930999 7.1173500237055123 1.5145789347589014 143.35206463257782 19.495737903169356 72.850323744933121 26.91432146076113 1944.1594788423972 0.27326618158258398 15.801268648356199 38.7986350574065 0.11165263585280627 152.37403996859211
leaf_count=272213 20706 101039 4235 10855 135661 902 6994 53 105 12618 39089 44232 28 4199 4521 22 11347 79038 9245 2533 1080 24 1129 1468 20949 20518 344 185 32 31 44153 18590 14874 90 21096 85 1065 2488 3097 20 1515 648 3253 9154 94 18 816 399 5991 42 1034 18 8537 911 3692 515 44452 78 558 7850 23 19449
internal_value=4.84046e-05 -0.0041694 -0.0229965 -0.0417219 0.0370549 0.000825948 -0.00599586 0.00533662 0.0141116 0.000624048 0.0253148 -0.0134054 0.0198009 -0.0402814 -0.00824231 -0.052295 -0.00390475 0.0283138 0.0110551 0.011396 -0.00491575 0.00920537 -0.000285301 -0.00700583 0.0577061 0.0143618 -0.00171273 -0.141977 -0.286557 -0.629476 0.00824173 0.0028876 -0.000486286 -0.0128852 0.00186688 0.000461771 -0.0325385 0.00340012 0.0768897 -0.000320913 0.0159218 0.0128705 -0.0523753 0.0225491 -0.177043 -0.567243 0.0204796 0.014744 -0.00977248 -0.000892976 -0.0709778 -0.18194 -0.0198653 0.0021859 -0.00135161 -0.0191525 -0.000897597 0.0320055 0.00809249 0.00516232 -0.334299 0.0179122
internal_weight=7805.38 7006.78 1469.25 819.551 798.596 5537.53 2204.11 3333.42 1301.69 649.703 614.359 452.487 544.984 140.103 126.912 234.394 596.022 418.072 1216.4 1214.42 39.8115 1131.77 2031.74 560.383 85.2837 218.057 114.102 3.21565 1.9544 0.672876 1115.89 718.231 1969.71 314.196 1655.52 187.119 127.077 182.023 15.8871 1464.77 170.183 166.858 67.9934 60.6057 1.23974 0.493284 29.8485 29.2597 527.892 280.826 11.8177 4.70038 247.066 269.009 312.385 99.7646 2009.79 103.955 20.6973 39.1836 0.384919 397.655
internal_count=1020000 702630 381907 335706 317370 320723 155484 165239 118756 46201 181709 63493 142620 48431 13815 103356 33583 128805 97144 97091 2317 87846 46483 29348 21612 49767 21110 592 407 63 84725 21123 52128 21855 30273 2663 19192 2578 3121 23279 2183 2163 18127 9294 140 46 1237 1215 27880 13352 1094 60 14528 12258 15062 4207 45581 28657 663 7951 101 63602
is_linear=0
shrinkage=0.08


Tree=77
num_leaves=63
num_cat=0
split_feature=9 0 6 9 1 1 0 4 3 0 9 3 7 7 3 4 9 1 3 3 0 9 9 6 9 3 1 3 9 3 4 1 4 4 0 8 9 4 0 0 9 1 4 0 0 4 1 3 8 4 4 3 1 1 0 0 0 4 4 0 1 0
split_gain=168.047 90.826 100.899 142.751 55.9183 27.1243 22.4801 21.6562 19.1218 18.4548 15.8992 15.8566 15.2687 14.2649 13.8364 13.6944 13.375 12.5793 12.2773 10.842 26.5478 14.2802 11.836 10.5891 13.9243 10.4209 11.4419 10.2588 10.0936 13.9357 17.521 34.9465 21.9056 9.76397 12.1491 9.64934 9.50967 10.5528 8.86349 8.84289 8.75591 26.0485 8.18527 15.5364 8.04214 7.98449 7.90305 7.63439 7.59553 7.6073 9.39149 8.47343 15.8544 9.13711 11.9537 20.1603 14.4168 20.0043 16.8103 22.6273 11.0619 16.9022
threshold=0.82582223415374767 61.938297271728523 1.0000000180025095e-35 0.45633910596370703 94.609127044677749 50.252525329589851 68.208553314208999 53.768512725830085 5.5000000000000009 22.903981208801273 0.9092637598514558 3.5000000000000004 1.0000000180025095e-35 0.75000000000000011 13.500000000000002 98.367321014404311 0.31428839266300207 68.020618438720717 8.5000000000000018 12.500000000000002 54.923507690429695 0.26723130047321325 0.40096205472946173 0.75000000000000011 0.72316691279411327 8.5000000000000018 75.134407043457045 33.500000000000007 0.81292524933815014 5.5000000000000009 81.64029693603517 68.870674133300795 94.140533447265639 1.0000000180025095e-35 53.144779205322273 1.0000000180025095e-35 0.52298191189765941 28.639780998229984 33.549783706665046 85.58441543579103 0.40230591595172888 31.851119995117191 9.600614547729494 44.920890808105476 84.889995574951186 9.600614547729494 43.792808532714851 8.5000000000000018 1.0000000180025095e-35 98.173477172851577 84.515426635742202 1.5000000000000002 80.810150146484389 80.186916351318374 74.322341918945327 84.660633087158217 74.601570129394545 95.02512359619142 94.140533447265639 83.796653747558608 69.282051086425795 79.095325469970717
decision_type=2 2 2 2 2 2 2 2 2 2 2 2 2 2 2 2 2 2 2 2 2 2 2 2 2 2 2 2 2 2 2 2 2 2 2 2 2 2 2 2 2 2 2 2 2 2 2 2 2 2 2 2 2 2 2 2 2 2 2 2 2 2
left_child=1 2 3 7 8 6 18 -1 10 -4 12 33 -2 23 25 19 -9 27 -3 21 22 -13 46 -7 -25 -10 44 35 38 -30 -31 32 -32 34 -11 -5 37 -35 -23 -26 41 -24 43 -40 -27 -22 -21 -19 -14 50 -50 52 -52 54 -53 56 57 -56 59 -58 61 -60
right_child=4 5 9 17 -6 13 -8 16 14 11 -12 15 48 -15 -16 -17 -18 47 -20 20 45 28 40 24 39 26 -28 -29 29 30 31 -33 -34 36 -36 -37 -38 -39 42 -41 -42 -43 -44 -45 -46 -47 -48 -49 49 -51 51 53 -54 -55 55 -57 58 -59 60 -61 -62 -63
leaf_value=-0.073255251528429169 -0.12425469560188404 -0.01607709168426958 0.069406174256759712 0.0038698378864005789 0.075886643544798821 -0.00094776441055896554 0.053456552645734318 0.52598022782966114 0.017685260535844176 -0.089055093592268833 0.066366743438241407 0.014426980260007388 0.045149177554392218 0.082013542958191771 0.059360246352938122 0.080243771681176745 -0.00081574131011795295 0.051878089878112252 0.042607803165898843 -0.055674517901392905 -0.0086252807690945371 0.059542226142900521 1.4638497514344957 0.00097906631520066679 0.017731651290106398 0.03820586520335606 -0.028748890896408516 -0.27096235357849702 0.080377323173850879 0.080422789614725779 0.080853403440025215 -1.856888610991998 -0.95029413745356095 0.0099211548126402638 0.37778632452135485 -0.021874448048075854 0.026759022290737434 -0.031789085841055345 0.27698933405360515 0.056288101562792521 0.0013711798803529879 -0.081034125538592183 -0.028337731806533685 -0.0035197710093982744 -0.32821243871776618 0.042441748872202992 -0.012473602871555651 -0.041422454691675582 0.036917013742856088 0.074188274342670987 0.01513776774627637 0.043135923863451699 -0.1232643870145838 0.041069840231504166 -0.27120329721713859 0.080309483862169864 -0.1836920539419073 -1.6733953993500392 -1.0930768348205544 -1.3220644979421943 0.080569068939334354 0.080360712175522195
leaf_weight=436.13921155885328 4.2278005848638704 71.821043902426027 22.114865067531355 193.14742998371366 170.75430364336353 3947.9664989630692 117.6326360036619 0.31269870512187736 129.22078449639957 0.55540653644129523 87.088714568992145 75.240950558218174 104.78080797067378 13.816863316576926 30.373791965888813 10.65930021740496 22.722368508344516 35.215099605266005 33.437539409380406 56.009621127624996 25.010381949134171 8.2915144683793169 0.10353994672186573 402.14475276647136 195.29687735717744 24.56281720218249 89.836617582244799 0.955909613519906 0.59174606204032787 0.31380380922928452 0.30417643138207495 0.12385452259331942 0.23274378967471421 145.33993103785906 0.99755034409463406 180.02785447682254 127.88680473167915 52.968454703455791 1.2883053589612234 47.287663048598915 108.06153461046051 0.21467953780665994 392.3434387211455 66.103129781316966 0.38942932186182488 90.498014446464367 52.508286807918921 6.6771440347656599 47.703261859249324 13.004050790215841 11.033133918186651 8.5540566876297834 10.189165742718613 26.202612857916392 0.22750223497860034 3.5929009056417263 5.4478179629659262 0.091227102559059858 0.13607613067142699 0.11408952903002489 2.6918624764075503 0.185864178230986
leaf_count=321360 145 7217 5457 6049 135661 168216 10698 10 26092 36 54975 5870 39168 3122 9763 4648 1969 1439 3074 12011 334 1415 11 8401 32914 5254 9232 16 149 73 64 16 37 5621 22 7544 9235 12232 25 13688 7857 77 39407 1085 26 6646 4353 232 15117 5193 2968 2075 2114 6101 54 1461 1201 18 23 30 653 46
internal_value=4.87525e-05 -0.003885 -0.0177188 -0.0385088 0.0354969 0.00216757 0.0294236 -0.0692625 0.0239958 -0.00301866 0.0371165 -0.0043362 0.0264215 0.00084876 0.00844156 -0.00988731 0.00633546 -0.00456529 0.00256536 -0.0109825 0.000403839 -0.0179294 -0.0160948 0.00060458 0.0101103 0.00210331 -0.0154377 -0.00922023 -0.0231137 -0.225857 -0.411797 -0.645553 -0.366128 0.0107023 0.210823 -0.00854976 0.00974952 -0.00121971 -0.0224352 0.0252476 0.00260512 0.421629 -0.0239137 0.00184265 0.0324872 0.0313845 -0.034771 0.0370071 0.0291444 0.0161619 0.00966646 -0.00932011 -0.0513113 0.0095426 -0.0297179 -0.0796241 -0.144229 -0.67254 -0.124594 -0.207043 0.027565 -0.415622
internal_weight=7712.77 6942.36 2112.96 875.198 770.409 4829.4 222.891 459.174 599.654 1237.76 325.271 1215.65 238.182 4606.51 274.383 887.899 23.0351 416.023 105.259 877.24 332.406 544.834 216.898 4592.7 644.729 244.01 114.789 374.131 469.593 1.56632 0.974579 0.660775 0.53692 327.748 1.55296 373.175 326.195 198.308 468.026 242.585 108.38 0.318219 459.735 67.3914 24.9522 115.508 108.518 41.8922 233.954 129.174 116.17 68.4663 21.2223 47.244 21.0414 12.4873 8.89444 0.318729 8.57571 5.56191 3.0138 0.32194
internal_count=1020000 702630 455300 338619 317370 247330 20989 323339 181709 116681 131342 111224 76367 226341 50367 84078 1979 15280 10291 79430 31289 48141 24309 223219 55003 40604 14512 13609 42271 339 190 117 101 27146 58 13593 27088 17853 41932 46602 7945 88 40517 1110 5280 6980 16364 1671 76222 37054 31861 16744 5082 11662 5561 3486 2025 72 1953 1231 722 69
is_linear=0
shrinkage=0.08


Tree=78
num_leaves=63
num_cat=0
split_feature=9 5 6 1 2 4 5 5 9 6 0 2 5 4 3 4 2 3 1 1 4 0 2 0 0 2 0 3 3 3 2 0 2 0 1 2 2 1 0 9 0 4 9 1 5 4 3 9 9 3 0 0 3 9 3 2 1 9 5 5 1 3
split_gain=150.17 89.7862 256.561 46.5418 38.6084 34.1699 31.7139 28.946 28.6111 23.708 42.2853 12.7511 12.5101 13.3437 11.7525 11.5766 11.4708 15.1059 26.9232 17.2424 16.793 24.0588 13.8637 60.5325 25.0101 23.6547 54.0993 22.4491 17.6637 15.1325 14.9303 14.1749 13.4385 29.1296 13.9304 24.9476 14.5754 17.58 14.9689 13.4613 23.3015 54.9322 22.1713 16.6192 14.062 13.1866 13.0408 12.2809 12.1541 18.9565 26.6573 12.0903 12.9135 12.0646 11.7817 11.0887 30.45 30.247 37.5878 36.3764 13.7389 12.759
threshold=0.85909464955329906 44.930728912353523 1.0000000180025095e-35 90.815368652343764 88.762622833251967 30.594664573669437 98.122024536132827 36.323410034179695 0.47568884491920477 1.0000000180025095e-35 90.353595733642592 25.15822792053223 98.930450439453139 68.585231781005874 8.5000000000000018 56.025478363037116 91.54584121704103 5.5000000000000009 81.28433990478517 91.010101318359389 32.828166961669929 86.512474060058608 75.716625213623061 69.939758300781264 65.26175689697267 70.051548004150405 59.885057449340827 4.5000000000000009 7.5000000000000009 9.5000000000000018 84.660633087158217 65.692962646484389 46.247655868530281 51.022111892700202 46.543485641479499 58.397436141967781 59.299959182739265 59.896907806396491 53.694938659667976 0.71758726239204418 55.40315246582032 81.64029693603517 0.75294479727745067 52.223320007324226 93.553852081298842 97.785949707031264 7.5000000000000009 0.55875089764595043 0.40513008832931524 6.5000000000000009 57.93287658691407 78.910301208496108 3.5000000000000004 0.47214318811893469 17.500000000000004 77.003208160400405 74.322341918945327 0.77958467602729808 93.033367156982436 90.02164459228517 57.93287658691407 1.5000000000000002
decision_type=2 2 2 2 2 2 2 2 2 2 2 2 2 2 2 2 2 2 2 2 2 2 2 2 2 2 2 2 2 2 2 2 2 2 2 2 2 2 2 2 2 2 2 2 2 2 2 2 2 2 2 2 2 2 2 2 2 2 2 2 2 2
left_child=1 2 4 12 -1 7 9 -4 15 -3 11 -11 13 -2 -15 -7 22 -18 -19 20 21 -20 23 25 27 31 28 -24 -27 45 -29 32 33 -13 35 -34 -36 38 46 -40 41 -41 43 44 -42 55 53 -32 49 50 -35 52 -25 -38 -31 56 57 -26 59 -59 -60 -58
right_child=3 6 5 -5 -6 8 -8 -9 -10 10 -12 16 -14 14 -16 -17 17 18 19 -21 -22 -23 24 51 29 26 -28 30 -30 54 47 -33 34 48 36 -37 37 -39 39 40 42 -43 -44 -45 -46 -47 -48 -49 -50 -51 -52 -53 -54 -55 -56 -57 61 58 60 -61 -62 -63
leaf_value=-0.071930672702613871 0.056908312757573729 -0.0016028398717258985 0.00069229897666919934 0.071426956092878649 -0.013053937569109417 -0.06031994593577153 0.052299348431453972 0.086895888318591658 -0.01098762876665426 0.072909910268271413 0.062353012120073714 -0.0066744853521866487 0.064220968606241005 0.02032979543336905 -0.018960765922123958 0.89055252943758312 0.054815638034340516 0.028603274228305279 -0.10801802273830059 -0.59031025432097739 -0.024519528531672972 -0.92460478309838012 0.075452600926281269 0.0039390005357016348 -0.12946217010144798 0.064747624341234544 -0.12751785710319627 -0.042645733917776568 -0.071226515523040587 -0.082654856305335936 0.35225890336757415 0.029249107201054791 -0.092321801206522502 1.1197186747132262 0.010807783893591598 0.014115109045130025 0.51210418964685656 -0.003456734946263328 -0.072727808537311131 -1.9605990370090438 0.088267527781604099 0.080674718771442666 0.037232084155367946 -0.64333856037721748 -0.45131926074780271 -0.35017882805985973 -0.10043127567266849 0.040992280360723256 0.067112024244563959 0.0065951762853034756 0.12213322679599321 0.07929696789998035 0.051564065144646912 0.055440433659263447 0.076806234503366239 -0.0063360780379314238 -0.1409771269190036 -0.62791958755088439 -0.75340984647218268 -2.2872699413981037 0.080681086280651237 0.033900142857360906
leaf_weight=465.56701068219263 44.131788343773223 2335.5774794319877 2017.4406699039973 202.47026943101082 84.167565728072077 105.40363655006513 87.547804580652155 25.241696245851927 292.78822119743563 18.979736939654686 96.116935863392428 89.827682872768492 40.195706189610064 169.04787366010714 68.451924421358854 0.082007921766488745 66.500179980997927 160.8392861073371 0.84304959047585615 0.35393670294433732 60.241851159138605 0.31801986740902066 39.316235857084394 55.130387370707467 8.3211079339962453 21.119417522335429 29.516324424417689 27.507118500303477 8.6058563233818841 31.243933984544128 0.87158135185018082 102.66673995670862 33.375403148587793 0.3329701661132265 172.08051418932155 24.395203355466947 0.39188910322263648 86.486363243311644 29.875834859907627 0.15676868986338277 0.64543439168483085 0.18270558095537126 1.7609594012610612 0.77051908476278175 0.59318363200873137 0.73502659751102228 3.9680298212915659 11.715428456431253 38.737309737131 0.66426733089610934 0.3533717580139637 53.378202474676073 107.46810339414515 6.7067766939289868 3.2763339546509078 287.40764826466329 3.2776118756737587 0.22585112252272743 0.19163018930703402 0.13514662254601717 0.37122661201283336 14.405830358387901
leaf_count=358556 12581 74984 54189 165000 11854 52251 29638 955 7812 3875 34873 5229 25043 51694 5666 4 14331 19029 76 22 5021 31 3865 4897 259 1766 1116 1291 273 1233 17 7505 1026 35 8446 892 10 4876 586 21 38 24 249 62 29 74 144 708 3390 28 6 8795 8926 388 148 24615 303 39 18 23 64 1101
internal_value=5.67138e-05 -0.00298758 -0.0135417 0.0413763 -0.0629163 -0.00242195 0.00466341 0.00175753 -0.0238578 0.00363061 0.0108106 0.00772638 0.0224707 0.0165119 0.00900551 -0.0595807 0.00694696 0.0213584 0.0113631 -0.033537 -0.0303277 -0.331683 0.00373765 0.00954574 -0.00802996 -0.00259382 -0.0507986 0.0324985 0.0253813 -0.0172361 -0.00962228 0.00221403 -0.00343542 0.0186318 -0.0113683 -0.0473759 -0.00451705 -0.0245652 -0.0650871 -0.0914013 -0.227154 -0.861982 -0.169992 -0.351618 -0.170145 -0.0117268 0.0157229 0.0625458 0.0753372 0.311246 0.606099 0.0462614 0.0354164 0.080651 -0.0675203 -0.0109353 -0.0600234 -0.177678 -0.611956 -1.24913 -0.203293 0.00148678
internal_weight=7640.5 7116.2 2990.69 524.298 549.735 2440.96 4125.51 2042.68 398.274 4037.96 1702.38 1606.27 321.827 281.632 237.5 105.486 1587.29 289.096 222.596 61.7569 61.4029 1.16107 1298.19 869.19 429.002 653.214 59.2416 79.4104 29.7253 349.591 40.0941 593.972 491.305 129.916 361.39 57.7706 303.619 131.538 45.0521 33.9854 4.10957 0.339474 3.7701 2.00914 1.23862 315.071 11.0667 12.587 40.0879 1.35061 0.686342 215.977 162.598 7.09867 34.5203 314.336 26.9284 9.24496 0.923855 0.360998 0.562857 17.6834
internal_count=1020000 760016 485621 259984 370410 115211 274395 55144 60067 244757 169773 134900 94984 69941 57360 52255 131025 38510 24179 5150 5128 107 92515 58757 33758 36139 3155 5881 2039 27877 2016 32984 25479 8688 16791 1918 14873 6427 1551 1009 423 45 378 129 67 26496 542 725 3459 69 41 22618 13823 398 1381 26422 1807 403 144 62 82 1404
is_linear=0
shrinkage=0.08


Tree=79
num_leaves=63
num_cat=0
split_feature=6 0 2 0 5 4 5 7 3 2 3 2 0 3 0 2 5 2 2 0 0 2 0 0 0 2 2 5 3 4 3 0 2 0 2 0 3 4 5 4 5 2 0 3 4 4 0 0 2 3 2 3 0 4 8 5 3 3 0 4 8 7
split_gain=126.815 94.0248 79.2808 75.7473 64.1746 41.8464 36.9321 28.1333 25.7249 17.671 28.6188 17.8768 35.5369 17.8696 16.3991 16.0001 14.9935 14.536 15.1807 16.3309 13.6858 13.4855 33.6282 17.8454 19.8882 24.3186 12.2705 11.8997 11.6514 15.1503 11.2487 11.226 11.1995 10.972 19.4459 10.6 10.865 50.5713 37.0184 40.6239 10.4676 10.529 40.2906 13.7452 13.8784 47.0896 12.2865 11.3784 25.2376 20.581 10.4286 11.3589 14.4515 10.4211 10.2437 10.1398 10.0352 9.92832 9.83067 11.6118 9.7267 9.70525
threshold=0.75000000000000011 56.73658752441407 64.326763153076186 88.998897552490249 54.250427246093757 20.526680946350101 98.930450439453139 0.75000000000000011 6.5000000000000009 91.331184387207045 5.5000000000000009 59.299959182739265 65.485893249511733 6.5000000000000009 80.186916351318374 30.848532676696781 40.080320358276374 46.247655868530281 94.360820770263686 92.805381774902358 51.887464523315437 78.611557006835952 65.485893249511733 56.73658752441407 77.836257934570327 84.660633087158217 56.562757492065437 44.930728912353523 8.5000000000000018 32.209075927734382 8.5000000000000018 48.050632476806648 70.396453857421889 45.393938064575202 47.413022994995124 72.112087249755874 8.5000000000000018 51.972951889038093 94.510131835937514 84.805065155029311 97.785949707031264 93.40579986572267 85.847797393798842 7.5000000000000009 87.611175537109389 90.288486480712905 88.273490905761733 86.295150756835952 81.661396026611342 1.5000000000000002 93.957649230957045 1.5000000000000002 93.957649230957045 82.380176544189467 1.0000000180025095e-35 50.318523406982429 17.500000000000004 18.500000000000004 30.860805511474613 53.768512725830085 1.0000000180025095e-35 1.0000000180025095e-35
decision_type=2 2 2 2 2 2 2 2 2 2 2 2 2 2 2 2 2 2 2 2 2 2 2 2 2 2 2 2 2 2 2 2 2 2 2 2 2 2 2 2 2 2 2 2 2 2 2 2 2 2 2 2 2 2 2 2 2 2 2 2 2 2
left_child=1 2 4 6 5 -1 7 9 20 11 -11 12 15 61 -12 -2 54 30 19 40 -4 22 -15 -23 25 35 -6 -7 -16 -30 55 -28 -22 60 -35 -25 37 -37 39 -39 41 47 -43 44 46 -46 -44 57 -49 53 -21 -52 -53 -50 -5 -3 -10 -19 59 -29 -17 -13
right_child=3 17 8 16 26 27 -8 -9 56 10 14 13 -14 21 28 33 -18 18 -20 50 32 23 -24 24 -26 -27 31 58 29 -31 -32 -33 -34 34 -36 36 -38 38 -40 -41 -42 42 43 -45 45 -47 -48 48 49 -51 51 52 -54 -55 -56 -57 -58 -59 -60 -61 -62 -63
leaf_value=-0.02074029600403637 0.063547581254570912 -0.041044981603444775 0.072702244385330114 0.0078330795884553918 -0.001439956498712514 -0.077499400260877205 0.070533328456573272 0.075476343812499569 0.0017572108347620686 0.064152962245728348 0.028786365234220616 -0.16114412101992856 0.076754746635073465 -0.051753684200840588 0.0132118797857626 -0.00019194145212227503 0.06534911349891187 -0.0066578098792910781 0.0064224208536290631 0.047462955027828498 -0.033692733363670062 0.074649593003451586 0.026839467721426404 -0.12491405280420927 -0.012047541265911978 -0.038949484294243233 0.01971999617735954 0.01214427041781518 -0.46577282799945041 -0.033284611529953517 0.095788869332920967 -0.074557321632835183 0.037224487445334263 0.048770841201543472 -0.0077561230370382511 -0.10394386696297023 -0.15793382756615984 -2.1342923295969238 -0.18395637464358686 -0.7027951852885238 0.045069229892390601 0.019144582648985234 -0.30320987583645453 0.043846959075019197 -1.0819589527713434 -0.1305345928495163 -0.097635066710909824 0.072472162633462442 -0.012100145377309485 0.020281930481303334 -0.094917349587082783 -0.49709190629191813 0.085174781904738511 -0.07212855837668003 -0.186620120806408 0.05193830110071862 -0.038306619925555077 0.04010664880981598 -0.048535129454141263 0.32967734669474652 -0.069744034711193378 0.0046317260212618405
leaf_weight=147.56617401598487 28.035300854709931 12.531324051902631 44.591995582799427 10.936283885501323 229.44421282643452 308.59136517264415 66.592143331537955 40.346415549400263 138.68872598104645 83.881717440788634 140.74536915402859 2.270008399616926 55.310651461710222 62.87208227510564 59.401606732280925 27.285242177080363 227.67668809974566 2957.3808926165802 1236.0579085571226 60.328189353225753 20.536021075677127 6.828367003472521 78.155581308179535 14.958193530794235 31.37015862413682 22.713077642722055 11.089567319722844 4.2782725740689775 0.52309850230812927 57.551525603514165 16.821380099165253 29.818390571512282 46.574949908419512 54.81611328443978 134.55691583629232 1.4482144913636141 3.0648056205827743 0.21668677637353528 0.30230058962479234 0.30611565988510847 26.785071907797828 19.609908721176911 2.7262653582729381 1.685099642141721 0.47980405599810083 1.087638691649772 5.8602359724463895 36.499769076704979 86.470153356553055 155.21299310901668 7.5810040845535678 0.28756041161250312 5.3158020742703229 23.549709123442881 2.0604893863201132 18.716208421741612 56.238155826227739 29.343490096507594 55.142340462189168 0.89046863629482675 24.354712663218379 522.31372441444546
leaf_count=14072 4914 2832 1569 157 6888 284318 41675 10509 13440 39022 20229 48 9397 2942 10323 1787 166795 160339 80298 4664 1773 337 5673 662 2628 1477 215 505 13 3373 1353 589 1523 4662 7546 26 205 26 41 28 5525 586 65 30 19 49 252 1405 3024 5543 496 17 441 1154 10 1044 7742 1837 22592 25 1459 57812
internal_value=7.48305e-05 -0.00563586 -0.0267673 0.0188774 -0.0402149 -0.056745 0.0122755 0.00960668 0.00773951 0.00772623 0.0235554 0.00267085 0.0183528 -0.00414013 0.0103676 0.00634656 0.0605784 -0.000724173 -0.00117601 -0.00392207 0.0383495 -0.0231527 -0.00819845 -0.0491225 -0.0604854 -0.0958149 -0.00863645 -0.0711474 -0.0116995 -0.0371802 0.0430432 -0.0490001 0.0155238 -0.000307225 0.00860623 -0.159451 -0.25623 -0.38875 -0.88864 -1.29611 -0.00474137 -0.00514324 -0.0512128 -0.167751 -0.202867 -0.421772 -0.162906 -0.00470266 0.0101027 0.00151984 0.0333768 -0.0310778 0.0552933 -0.0249492 -0.0229952 0.0146488 -0.00980156 -0.00619837 -0.0386466 0.0668487 -0.0329945 0.00391437
internal_weight=7558.67 5797.78 1093.45 1760.89 786.821 516.469 1520.22 1453.63 306.63 1413.28 342.103 1071.18 324.359 746.819 258.222 269.048 240.673 4704.33 4656.26 3420.2 111.703 222.236 141.028 81.2079 74.3796 43.0094 270.352 368.902 117.476 58.0746 48.0689 40.908 67.111 241.013 189.373 20.2963 5.33812 2.27332 0.825103 0.522802 3346.69 3319.91 31.449 11.839 10.1539 1.56744 8.5865 3288.46 301.733 265.233 73.5126 13.1844 5.60336 110.02 12.9968 31.2475 194.927 2986.72 60.3111 5.16874 51.64 524.584
internal_count=1020000 626224 355251 393776 329204 321512 226814 185139 26047 174630 72960 101670 29765 71905 33938 20368 166962 270973 265744 185446 4865 14045 8615 5430 5093 2465 7692 307440 13709 3386 5229 804 3296 15454 12208 988 326 121 95 54 179828 174303 1001 415 385 68 317 173302 11126 9721 5618 954 458 4178 167 3876 21182 162176 23122 530 3246 57860
is_linear=0
shrinkage=0.08


Tree=80
num_leaves=63
num_cat=0
split_feature=9 5 4 9 3 5 8 4 5 0 0 3 1 5 5 4 4 4 2 0 5 2 2 9 0 4 3 9 0 3 3 1 9 3 0 4 2 3 0 1 0 2 4 2 0 2 1 0 2 2 9 0 0 3 3 2 3 1 5 4 4 0
split_gain=119.869 74.7957 152.744 124.817 39.4519 33.3055 23.0856 34.2757 25.9317 17.3339 17.099 19.4355 20.9873 16.8962 16.2613 27.8073 15.4733 14.8746 13.8557 15.6939 12.6017 12.4375 11.4978 23.7135 78.7956 23.31 10.9363 12.4305 10.7999 10.6348 13.7625 13.4559 13.3087 12.8162 14.0276 10.9449 10.6351 10.1776 10.1322 9.59321 9.29373 25.7279 18.3153 14.4065 20.3188 12.0777 9.66859 28.1804 12.9832 14.0925 11.3796 11.2247 12.0581 10.5549 11.8548 15.8953 11.9616 9.8677 15.973 10.8505 11.8402 9.79628
threshold=0.87790206074714672 46.734052658081062 27.636927604675297 0.45105512440204626 5.5000000000000009 98.122024536132827 1.0000000180025095e-35 43.703044891357429 95.670913696289077 95.293468475341811 82.167320251464858 3.5000000000000004 59.20709419250489 66.506408691406264 37.387241363525398 34.158597946166999 57.508169174194343 65.012313842773452 48.313756942749031 58.64367866516114 39.77586746215821 20.761494636535648 61.938297271728523 0.46197053790092474 66.323020935058608 28.992753982543949 1.0000000180025095e-35 0.21332865953445437 18.350168228149418 12.500000000000002 5.5000000000000009 88.273490905761733 0.76500371098518383 16.500000000000004 70.659969329833999 72.507308959960952 99.532711029052749 7.5000000000000009 95.861873626708999 85.58441543579103 64.326763153076186 65.26175689697267 95.489685058593764 57.735042572021491 49.25306701660157 82.009250640869155 64.326763153076186 67.769271850585952 74.862636566162124 88.762622833251967 0.5935734510421754 79.337715148925795 79.795917510986342 6.5000000000000009 8.5000000000000018 99.532711029052749 11.500000000000002 82.413585662841811 54.250427246093757 90.018451690673842 84.231246948242202 88.273490905761733
decision_type=2 2 2 2 2 2 2 2 2 2 2 2 2 2 2 2 2 2 2 2 2 2 2 2 2 2 2 2 2 2 2 2 2 2 2 2 2 2 2 2 2 2 2 2 2 2 2 2 2 2 2 2 2 2 2 2 2 2 2 2 2 2
left_child=1 2 18 10 39 6 8 -8 9 29 21 -12 -13 17 -5 22 -15 -9 19 28 26 -4 23 24 25 -16 27 -20 -1 30 32 40 -3 34 -31 -35 -33 -21 -18 -2 42 -42 43 -32 -45 -46 47 50 -48 -50 -43 -51 -53 61 -55 56 -56 -57 -59 60 -60 -54
right_child=4 5 3 14 -6 -7 7 13 -10 -11 11 12 -14 16 15 -17 38 -19 20 37 -22 -23 -24 -25 -26 -27 -28 -29 -30 33 31 36 -34 35 -36 -37 -38 -39 -40 -41 41 46 -44 44 45 -47 48 -49 49 51 -52 52 53 54 55 57 -58 58 59 -61 -62 -63
leaf_value=0.84526775942369214 0.028946666463628944 0.005544751935254809 0.06978515550139662 -0.03379215820067899 0.0073271824850449589 0.052570550684804797 0.028489759666148542 -0.024555368000417004 0.060226224519042734 0.051350551980937971 0.093623260339824987 1.9138842716967484 -0.080205434343697257 0.019245954617754534 1.9253553185501897 -0.013736102630760314 -0.0067130218612920798 0.035480508430069092 0.29949439322642507 -0.013667087236526898 0.10117137159736926 -0.07221576588449341 0.02624345092009514 0.082645762564195965 1.9073177495131308 -0.080396070661488073 -0.00020485293026076983 0.017970351358598008 -0.049818577313718325 0.047567101622749311 0.0073880511829337824 0.060681908254033162 0.027273954485663856 -0.019200324831450576 -0.011400442493761287 0.044417165178861913 -0.0853012684419161 0.12029777824280295 0.059177663758855775 0.069654651096454037 0.069002063635378544 -0.078667908648405407 -0.46788650915088736 0.068875383341988158 -0.067094535588088908 0.00044605073727363843 0.041488631322175201 -0.0075088800467127065 -0.028725583803786894 0.024702528473666854 -0.29059301624264539 -0.40829263116239634 -0.078183726685960575 0.023931415922065834 0.065333153983504685 0.0026931429165435996 -0.16889296839536147 -0.36911394459407021 -0.072432795270671022 -0.21924667505197401 0.044737693689292056 0.10691504498998025
leaf_weight=0.086386832874267294 45.159124256693758 829.61918707832228 3.9846677166642612 169.74056966241915 124.8184867760865 91.519316604710184 199.21223991643637 391.1232176135527 62.348329954664223 57.065020185080357 1.9449994619935744 0.080222375923767575 0.058347306563518941 187.65302028576843 0.039882495068012669 342.51170646841638 1010.6528585441411 28.324798042769544 1.0087562042754132 8.6829681609524396 8.2111092610284668 424.21556395874359 56.703538491739891 12.10486662504263 0.19985573494341224 0.5281797155039385 1736.7399178065825 203.3614353169105 65.062164400529582 127.74020395195112 89.620825178222731 3.7825507137458798 230.52183714078274 65.038392620859668 32.359403359470889 23.583638928947039 20.521923518041149 6.2361932917265213 15.16014618379995 206.31902192253619 35.799604509491473 3.035843789111822 0.57529731676913698 10.381717929034492 64.93956209172029 22.927131334552541 47.270195065997541 28.570655437652022 100.37170158233494 120.47529572504573 3.4809243786148727 0.47867186833172937 18.50798516091891 73.703650035662577 15.908337583765388 19.492432039231062 1.5295688649639494 1.09445060789585 24.372857594396923 2.4938553050160399 7.1354355588555327 2.030708700651302
leaf_count=14 18498 30935 817 22396 25286 36281 8137 15715 12821 19736 238 29 29 11127 16 28131 64754 960 28 256 539 371223 3817 319 21 268 43657 7955 19559 6966 5145 143 43182 2983 1626 2062 619 126 8362 180430 2532 98 32 351 1963 989 2041 808 2823 6731 78 17 813 3662 489 606 38 12 468 21 121 101
internal_value=9.21284e-05 -0.0022361 -0.0117271 -0.0371131 0.0440951 0.00485574 0.00375824 -0.00283797 0.00938766 0.007867 -0.0697819 0.15884 1.07424 -0.00665989 -0.0129534 -0.00436982 -0.00187548 -0.0205012 0.000933676 -0.0316826 0.00227338 -0.0708944 0.0417387 0.109994 0.54109 0.0604237 0.00185503 0.0193599 -0.0486317 0.00664305 0.00447634 -0.00407163 0.0102696 0.0221375 0.0356486 -0.00227077 -0.0625816 0.0423301 -0.00573925 0.0623445 -0.00202314 0.0036271 -0.0171874 -0.0158072 -0.0369657 -0.0494711 -0.00135297 -0.0417497 0.00190647 -0.00292088 -0.191867 0.00609671 -0.00734599 -0.00619171 0.00137527 -0.021706 0.044788 -0.0429468 -0.0682949 -0.0586122 -0.0458981 -0.0598826
internal_weight=7488.22 7111.92 3041.5 1012.11 376.297 4070.42 3978.9 1832.13 2146.78 2084.43 430.284 2.08357 0.13857 1632.91 581.829 412.088 1213.47 419.448 2029.39 80.0677 1949.32 428.2 69.5763 12.8728 0.767918 0.568062 1941.11 204.37 65.1486 2027.36 1778.64 718.501 1060.14 248.722 160.1 88.622 24.3045 14.9192 1025.81 251.478 694.197 505.752 188.445 187.869 98.2484 87.8667 469.953 35.0874 434.865 387.595 6.51677 287.223 166.748 166.269 145.731 72.0269 17.4379 54.589 35.0966 34.0021 31.5083 20.5387
internal_count=1020000 795786 499438 427304 224214 296348 260067 109055 151012 138191 372336 296 58 100918 54968 32572 84243 16675 72134 19955 52179 372040 4441 624 305 284 51640 7983 19573 118455 104818 30701 74117 13637 8592 5045 762 382 73116 198928 29939 21459 8480 8448 3303 2952 18927 984 17943 15902 176 13079 6348 6331 5417 1755 527 1228 622 610 589 914
is_linear=0
shrinkage=0.08


Tree=81
num_leaves=63
num_cat=0
split_feature=6 0 0 2 5 4 5 3 7 1 2 5 0 2 3 2 3 2 2 1 1 0 4 2 2 2 1 5 3 5 5 2 4 0 0 6 4 4 4 2 0 5 4 0 1 2 3 3 2 0 2 1 3 0 2 0 0 0 2 1 1 2
split_gain=99.9251 74.8513 66.0392 65.8101 51.4172 35.3288 30.9771 30.3188 26.6987 18.6126 17.6064 16.6547 14.8271 43.9469 30.7579 28.371 22.6123 19.3183 19.173 16.5175 14.9787 14.031 14.1041 13.8974 13.6798 13.1294 12.4836 21.5615 12.1452 19.5665 11.6803 10.8479 10.5922 11.2255 11.8718 10.1332 11.7686 10.1013 9.98731 9.79499 9.77803 9.75421 9.79829 11.9249 11.2805 9.70301 16.3088 16.9382 13.4715 31.341 28.0736 25.3233 20.9392 41.6311 28.2951 68.8766 18.1802 24.4155 15.0275 14.8521 19.9569 26.8154
threshold=0.75000000000000011 54.261501312255866 90.353595733642592 63.686313629150398 54.250427246093757 20.526680946350101 98.930450439453139 12.500000000000002 0.75000000000000011 88.784065246582045 40.238094329833991 41.394500732421882 62.563131332397468 72.04651260375978 6.5000000000000009 56.294013977050788 12.500000000000002 64.051280975341811 81.661396026611342 54.641149520874031 37.573530197143562 43.534002304077156 14.650406837463381 49.089704513549812 54.446641921997077 30.848532676696781 95.861873626708999 62.534915924072273 17.500000000000004 86.685932159423842 39.77586746215821 79.772727966308608 34.158597946166999 93.127067565917983 95.293468475341811 1.0000000180025095e-35 69.952102661132827 6.3324980735778817 53.768512725830085 40.778533935546882 18.350168228149418 47.925275802612312 50.802230834960945 57.712133407592781 36.032787322998054 92.63776016235353 7.5000000000000009 11.500000000000002 78.319625854492202 65.485893249511733 60.736890792846687 60.736890792846687 4.5000000000000009 74.601570129394545 78.611557006835952 70.15265274047853 79.795917510986342 56.73658752441407 85.215545654296889 85.58441543579103 85.215545654296889 86.70682525634767
decision_type=2 2 2 2 2 2 2 2 2 2 2 2 2 2 2 2 2 2 2 2 2 2 2 2 2 2 2 2 2 2 2 2 2 2 2 2 2 2 2 2 2 2 2 2 2 2 2 2 2 2 2 2 2 2 2 2 2 2 2 2 2 2
left_child=1 3 6 4 5 -1 8 21 9 25 41 -4 13 16 30 -14 20 19 28 -18 24 22 -5 -6 39 -2 -17 32 29 -16 -15 -9 -28 -34 -35 36 -22 -33 -36 -12 -7 -3 43 44 -43 48 -47 -48 49 -27 -51 -52 53 54 55 -50 57 -54 -59 60 -55 -62
right_child=2 10 11 7 23 40 -8 31 -10 -11 12 -13 15 14 18 26 17 -19 -20 -21 35 -23 -24 -25 -26 45 27 -29 -30 -31 -32 37 33 34 38 -37 -38 -39 -40 -41 -42 42 -44 -45 -46 46 47 -49 52 50 51 -53 56 59 -56 -57 -58 58 -60 -61 61 -63
leaf_value=-0.019211653031197561 0.060758499865292838 0.0026339750938370243 -0.02558143868230468 0.23664962646114845 0.0072547440389539421 0.089052094661031506 0.06711328990006156 -0.054977482280896134 0.075084787715274728 0.052171860236133558 -1.0660850111139584 0.067805548199932744 0.041697492697581835 0.019392821933699674 -0.048974042415320253 -0.0017365001548343068 -0.0033481758608070278 -0.058455066742478475 0.011358575130987966 0.084182344208032736 -0.057364917310914303 0.027258738311555567 0.051010428388968326 -0.033720982281448285 0.074764176103705421 -0.0080722478579288853 0.021034223267302584 0.067594768434097743 0.040708320381788871 -0.24563619046795107 0.06728073959751632 -0.12659564403637008 0.070428353713898925 -0.22123647665291071 -0.035446277464375536 -0.024084163936671545 -0.0005707091483936926 0.0096541811045600043 0.067018257099730374 -0.10394982889802055 -0.07339164779281078 0.13160436246263985 0.056633628586784404 0.14309830254711056 0.70596627598555683 0.049080935465738475 -0.013201466307829521 0.032805484392736659 -0.043337297521383114 0.07343155950271657 -0.049934459588911219 0.023828804101790616 0.074481513516906434 -0.034092527329243581 0.061531381374561336 -1.4599665959179811 0.0027344802806319561 -0.10349000867390862 -0.034137641308930225 0.035419862500433705 0.031985115427199923 -0.90356553254549665
leaf_weight=112.30199400719721 26.930681452853605 8.3271578707499447 13.12290089856833 4.2099328022450191 131.61806935444474 2.3912101736059403 61.46688569674734 41.424902446509805 38.242952359083574 56.881461574113928 0.06972371600568239 178.0439565005363 103.97464476735331 68.73990801430773 44.706876296084374 3734.1460872528842 28.837956471310463 17.242872645379975 92.818722350290045 26.455307468015235 163.76355565548874 118.70743857690832 6.9326004153699614 88.656158643076196 13.489774470159317 396.76591626403388 108.56735839881003 44.452996033243835 8.4601461234269646 3.4906078570056698 61.997269079787657 3.7523260489106169 8.0048244588542712 2.0145709631033233 53.702003031503409 220.12534374953248 27.233673568814993 48.421958918683231 6.8665397500153622 2.3554671481833793 287.89301666169195 0.37980819074436922 8.0051615135744196 4.5186854130588472 0.51638413046021014 76.183797311037779 123.37579266063403 87.565340199973434 1.3011933411471535 63.091923338593915 34.477608928107657 218.92184344085399 8.0771149306092394 97.271546817617491 67.957300791749731 0.26426436216570426 48.732054847641848 43.247488760389388 37.192343237926252 21.984422937501222 0.38927685399539669 0.39507806452456862
leaf_count=12549 4920 2302 184 30 4662 225 43328 8473 11246 35507 2 154143 7761 1956 4596 157151 5016 2243 3141 2922 62402 7235 646 1945 1825 25255 7593 27508 666 42 2490 22 192 38 1094 15186 395 4474 406 713 277625 21 551 101 25 20757 14761 12165 139 10485 1622 20301 448 12960 8854 19 5144 2593 2762 6092 55 36
internal_value=7.98913e-05 -0.00499163 0.0170941 -0.0269493 -0.0403112 -0.0573132 0.0114883 0.0102965 0.00912907 0.00734145 -0.00117053 0.0613949 -0.00149314 -0.0115972 0.0137612 0.000446675 -0.0258208 0.0154762 -0.0110266 0.0385312 -0.0328355 0.0353156 0.12115 -0.0092372 0.0433158 0.0054583 -0.00063703 0.0177236 -0.0476987 -0.0632169 0.0421019 -0.0244125 0.00534926 -0.0187749 -0.0301846 -0.0357834 -0.0492668 -0.00014478 -0.0238301 -0.131611 -0.0720535 0.0706503 0.112854 0.195969 0.46255 0.00433618 0.017355 0.00589682 0.000742167 0.00690518 0.0256815 0.0137926 -0.0127084 0.0045221 0.0537853 -0.282478 -0.0365066 -0.0581103 -0.0714241 -0.0240092 -0.0373334 -0.43925
internal_weight=7411.46 5709.57 1701.88 846.31 622.86 402.586 1510.72 223.449 1449.25 1411.01 4863.26 191.167 4841.52 779.787 280.214 4061.73 499.574 72.5361 149.476 55.2933 427.038 129.85 11.1425 220.274 15.915 1354.12 3957.75 223.608 56.6576 48.1975 130.737 93.5992 179.155 70.5879 62.5831 411.123 190.997 52.1743 60.5685 2.42519 290.284 21.7472 13.42 5.41488 0.896192 1327.19 287.125 210.941 1040.07 713.257 316.491 253.399 326.812 189.563 69.5228 1.56546 137.249 88.5169 80.4398 120.04 98.0559 0.784355
internal_count=1020000 626224 393776 317886 297006 290399 239449 20880 196121 184875 308338 154327 305338 103595 12891 201743 90704 10181 8445 7938 80523 7911 676 6607 2540 149368 193982 36831 5304 4638 4446 12969 9323 1730 1538 77983 62797 4496 1500 715 277850 3000 698 147 46 144448 47683 26926 96765 57663 32408 21923 39102 28155 9012 158 10947 5803 5355 19143 13051 91
is_linear=0
shrinkage=0.08


Tree=82
num_leaves=63
num_cat=0
split_feature=9 5 6 0 5 7 0 5 2 9 2 2 5 3 5 6 0 7 5 9 0 1 2 2 2 0 3 2 3 1 0 2 0 3 0 2 1 3 1 1 3 0 1 9 2 0 3 9 3 1 5 0 9 2 5 1 0 0 2 2 3 0
split_gain=96.0808 67.4693 187.259 48.4869 34.0119 29.0763 24.8422 14.454 13.9811 28.5486 29.3586 16.0607 16.096 12.7509 12.3118 12.1859 21.9867 14.4485 11.8242 28.3472 13.5954 11.4998 10.9269 10.1408 9.68177 14.8486 10.4282 9.67693 24.2948 21.931 12.5749 15.9338 33.2253 25.3925 20.8669 21.7425 17.6593 15.5833 15.4749 23.9041 34.9155 42.6649 35.1565 38.7063 34.8419 37.3845 37.7655 85.5587 77.2839 58.7467 51.2855 28.0863 23.6862 27.9349 14.9385 14.1703 13.2723 13.0603 12.8238 13.691 75.8365 11.8562
threshold=0.91929101943969738 46.734052658081062 1.0000000180025095e-35 68.457099914550795 98.251728057861342 0.75000000000000011 95.293468475341811 40.852642059326179 64.89996719360353 0.4536531269550324 59.611795425415046 64.660633087158217 41.614616394042976 5.5000000000000009 58.195386886596687 1.0000000180025095e-35 89.769756317138686 1.0000000180025095e-35 23.442888259887699 0.39954993128776556 88.036697387695327 92.390407562255874 20.761494636535648 23.294573783874515 38.507879257202156 47.413022994995124 12.500000000000002 91.331184387207045 5.5000000000000009 81.28433990478517 86.295150756835952 80.229885101318374 72.112087249755874 5.5000000000000009 70.396453857421889 64.660633087158217 70.396453857421889 5.5000000000000009 62.258651733398445 79.557674407958999 2.5000000000000004 83.414241790771499 71.50376129150392 0.70416003465652477 85.215545654296889 80.186916351318374 5.5000000000000009 0.78296345472335827 3.5000000000000004 74.115688323974624 91.493671417236342 72.646820068359389 0.83334130048751842 86.319076538085952 94.600204467773452 74.322341918945327 65.26175689697267 77.015758514404311 89.825496673583999 90.054946899414077 2.5000000000000004 78.404876708984389
decision_type=2 2 2 2 2 2 2 2 2 2 2 2 2 2 2 2 2 2 2 2 2 2 2 2 2 2 2 2 2 2 2 2 2 2 2 2 2 2 2 2 2 2 2 2 2 2 2 2 2 2 2 2 2 2 2 2 2 2 2 2 2 2
left_child=1 2 3 21 5 6 15 -5 9 -9 -11 12 -12 -2 -8 -3 23 -18 -4 20 22 -1 -20 -17 25 -21 -27 30 -29 -30 31 34 33 -33 -25 -36 37 -37 -34 40 41 -40 -43 -44 45 46 47 55 54 57 -51 -48 -45 -54 -49 -42 -35 -50 -32 60 -60 -46
right_child=13 4 18 7 -6 -7 14 8 -10 10 11 -13 -14 -15 -16 16 17 -19 19 24 -22 -23 -24 27 -26 26 -28 28 29 -31 58 32 38 56 35 36 -38 -39 39 -41 44 42 43 52 61 -47 51 48 49 50 -52 -53 53 -55 -56 -57 -58 -59 59 -61 -62 -63
leaf_value=-0.072912747072718428 0.072669518267149708 -0.0014244840093372224 0.0015174785341613242 -0.040252762403200706 0.050776042787136495 0.07471016945892936 -0.0010784283621618116 -0.081076264737629064 0.0032349140509080818 1.407180265904284 1.4028542299307269 1.7142184769204096 -0.080246856728872745 0.0076365480597322963 0.061728855325980034 0.080954937578121527 -0.26702080574654496 0.053264847978137297 0.085062625689185489 0.016080680819789198 1.0450456942679092 0.1449614491198071 -0.071379044451333848 -0.0022035650567134536 -0.0066116730686414747 0.13097060079148498 0.51932573404501381 0.05511250251379568 0.024185239481766683 -0.01924734686388533 0.052147216876397479 0.053600001622382105 0.045991139561270905 0.018640279938969839 0.068166992278906227 -0.058491643960793448 0.027121885990820879 0.024046073382481561 0.029445333181528879 -0.014856055080356126 -0.15756688997701246 0.036123126570889501 -0.18573857764205376 -0.5989296348191302 -0.025205697888440817 0.0043275748942673518 -0.60352472189813011 0.080667449761369373 -0.42539484506026426 -1.5332429958690901 -3.7265235144160278 -0.12736145954955436 -0.60032077544208551 -2.2867358550073971 -0.76397194674086022 -0.48587303454117237 -0.064638435586497747 -1.4571479045508946 -2.6196177965678631 -0.058251226434888385 0.080463800843896274 -0.12570781000096004
leaf_weight=341.80186814424815 129.52738976606634 2225.6757270813687 1924.9506406867877 87.394745864439756 102.49580646079266 37.010837380134035 28.146671022637747 0.75353242084383854 69.839202279224992 0.21496128034777939 0.053942232043482363 0.044579901150427759 0.3553713116561994 22.672926876228303 68.799499914224725 11.346016719471661 0.91230540629476209 75.548508522333577 3.0020863967947653 4.7883172277361146 0.070841979235409691 1.5575128416530777 59.292660807317588 669.11779798392672 477.5999674636405 1.1347684311913324 0.72539481567218889 81.020133551384788 176.03305626660585 128.88120718393475 44.38847339572385 61.057295139180496 13.670297967270015 24.08071163110435 56.813605534029193 35.215969649842009 149.36330248531885 25.05576784373261 27.094655823195357 94.463679568842053 2.6759986924007566 1.6677649412304152 1.4915022794157269 0.70094874338246871 19.993390038609505 4.4682781887240699 0.86871844436973233 0.25790412467904367 0.1580557709094137 0.1487053451128304 0.12608392466790974 9.0714415423572046 0.11752657731994987 0.13515774509869516 0.2789714434184134 1.2272798516787586 24.924958345945925 0.15603907685726881 0.088891194085589986 2.0269439892144874 0.26516908255871385 12.033943538786842
leaf_count=347403 137872 56439 43860 28785 50993 12734 1315 255 5419 37 34 17 159 6207 43503 3075 39 36123 130 525 2 27 43898 39230 28813 59 15 28764 23309 13151 10029 7448 961 1193 9165 2384 14812 1273 2802 12720 67 153 15 40 1603 292 24 42 23 24 25 365 26 23 18 29 1061 18 35 454 64 620
internal_value=8.12894e-05 -0.00124972 -0.010479 -0.055024 0.00525502 0.00412162 0.00348123 -0.0184486 0.00829191 0.25659 0.637006 0.272256 0.115207 0.0629817 0.0434938 0.00250723 0.00748787 0.0494433 -0.00143115 -0.011815 -0.0625803 -0.0719244 -0.0638399 0.00557893 -0.00527704 0.0905977 0.282415 0.00506656 0.0161737 0.00582715 0.00172598 0.000185738 -0.0158287 0.0191748 0.00533584 0.0242691 0.0123723 -0.0241796 -0.0360198 -0.042349 -0.0737631 -0.00699882 -0.247083 -0.440251 -0.114248 -0.198742 -0.259358 -0.438004 -1.05243 -1.68533 -2.5396 -0.168976 -0.838313 -1.50236 -0.358224 -0.260794 -0.0237164 -0.937959 0.0424452 -0.138427 -0.597425 -0.0629683
internal_weight=7344.86 7192.66 2973.58 502.016 4219.07 4116.58 4079.57 158.656 71.2616 1.42239 0.668855 0.453893 0.409314 152.2 96.9462 3982.62 1756.95 76.4608 2471.56 546.614 62.3656 343.359 62.2947 1680.49 484.248 6.64848 1.86016 1669.14 385.934 304.914 1283.21 1236.44 300.869 110.063 935.566 266.449 209.635 60.2717 190.806 177.136 82.6724 31.2076 4.1129 2.44514 51.4648 19.4375 14.9692 5.02904 1.12576 0.588884 0.274789 9.94016 0.953633 0.252684 0.536876 3.90328 49.0057 0.314095 46.7695 2.381 0.35406 32.0273
internal_count=1020000 875921 499438 382136 376483 325490 312756 34706 5921 502 247 210 193 144079 44818 267938 211499 36162 117302 73442 44030 347430 44028 175337 29412 599 74 172262 65224 36460 107038 96456 29592 9702 66864 27634 18469 3657 19890 18929 6209 3059 257 104 3150 927 635 246 150 90 49 389 89 49 60 96 2254 41 10582 553 99 2223
is_linear=0
shrinkage=0.08


Tree=83
num_leaves=63
num_cat=0
split_feature=9 5 6 5 2 7 4 9 4 5 0 9 5 5 3 5 6 0 5 2 3 0 2 0 3 0 5 0 0 3 2 0 2 4 0 4 4 4 3 4 2 3 3 9 4 9 7 0 4 9 0 2 9 5 5 0 3 4 4 5 5 5
split_gain=86.8253 59.292 183.932 30.8606 29.5138 27.0056 24.5558 17.6333 16.7283 20.147 19.5109 17.3452 15.9997 14.6528 12.5296 11.4256 10.954 19.0056 14.9357 10.4854 23.5976 17.6788 12.0729 33.9258 16.7925 17.0072 13.7018 12.1493 11.0136 10.8167 8.74257 11.5693 8.64415 11.5309 8.5457 14.2282 20.6485 37.6852 8.4248 8.34942 8.27038 8.1376 8.12702 9.49124 8.12284 18.101 11.552 11.506 10.3607 8.78503 8.37997 8.8781 8.01764 12.6696 7.98315 7.78338 11.1715 7.75068 7.65862 9.24461 9.97556 7.60209
threshold=0.91929101943969738 44.124549865722663 1.0000000180025095e-35 98.251728057861342 88.762622833251967 0.75000000000000011 31.641993522644047 0.47568884491920477 38.51391792297364 58.195386886596687 95.293468475341811 0.6702905297279359 36.07402420043946 58.195386886596687 5.5000000000000009 70.139560699462905 1.0000000180025095e-35 90.054946899414077 48.621318817138679 93.582702636718764 5.5000000000000009 87.20676422119142 69.00656890869142 65.692962646484389 9.5000000000000018 60.120481491088874 95.256843566894545 33.549783706665046 78.910301208496108 7.5000000000000009 80.901721954345717 79.795917510986342 97.70084381103517 53.768512725830085 90.054946899414077 88.577949523925795 84.00913238525392 85.662899017333999 33.500000000000007 38.641853332519538 69.282051086425795 2.5000000000000004 2.5000000000000004 0.5935734510421754 84.231246948242202 0.72316691279411327 1.0000000180025095e-35 60.49571609497071 88.577949523925795 0.79291155934333812 84.889995574951186 88.493064880371108 0.89898234605789196 96.564838409423842 96.209373474121108 80.810150146484389 8.5000000000000018 1.0000000180025095e-35 45.536504745483406 42.941320419311531 43.814874649047859 94.349296569824233
decision_type=2 2 2 2 2 2 2 2 2 2 2 2 2 2 2 2 2 2 2 2 2 2 2 2 2 2 2 2 2 2 2 2 2 2 2 2 2 2 2 2 2 2 2 2 2 2 2 2 2 2 2 2 2 2 2 2 2 2 2 2 2 2
left_child=1 2 4 5 -1 8 12 -8 9 -3 16 15 30 32 -2 -11 18 19 -10 22 -21 55 23 26 25 29 27 -18 41 -24 31 57 -12 -34 -16 36 -36 -38 -20 -19 -27 -25 43 -17 45 -42 -46 48 -48 -50 51 -49 -26 -54 -31 -22 -57 -4 -9 -60 -61 -47
right_child=14 3 6 -5 -6 -7 7 58 10 11 13 -13 -14 -15 34 42 17 39 38 20 21 -23 24 28 52 40 -28 -29 -30 54 -32 -33 33 -35 35 -37 37 -39 -40 -41 44 -43 -44 -45 46 61 47 50 49 -51 -52 -53 53 -55 -56 56 -58 -59 59 60 -62 -63
leaf_value=-0.069357832285397533 0.072106332538725476 0.03682664753599546 0.066194215913592758 0.049227205431446326 -0.013061782039084036 0.07419321910570767 -0.05527935765685868 -0.015228126011109358 -0.038930867872428776 -0.0032254118573102472 0.083240458845154922 0.0429652898084577 0.058041110406814721 0.059936224758605612 0.02296945895619908 -0.019360949393822307 0.047452359077092762 -0.65052880123037082 -0.0016984438562216056 0.058410161511612935 0.022392764477549516 -0.073203477802010156 0.055865928874908717 -0.0089748685005329992 -0.036147552147059232 -0.12409172629276116 0.058869231064409534 -0.0094407333930406779 0.082184148537130325 -0.031538158162773867 0.0063905779295886809 0.027533675756745972 -0.051796711617387664 0.078999521262588454 -0.080922629905969046 0.019046495081311839 -2.1099746649419844 -0.28887880067077798 -0.20478267270125336 0.049054707353481837 -0.013169947355986046 0.040797325157791872 -0.03797860837012821 -0.21010054229592373 -0.28235236685338189 0.015785743320849067 0.081704760455666395 -0.033824052402970345 -0.21427654712912655 -0.87224633432076615 0.031154164912600101 0.03690028761834608 -0.056282881206531424 -0.6890895027773708 -0.35380000933563688 0.020611616153771561 -0.030478692188526172 -0.0070487211439115727 0.098789800283112794 -0.085922878821889301 0.13044128322351098 0.071566834040268978
leaf_weight=340.56192804529564 120.4656431118492 196.26047097932315 9.3334646625444275 97.471980583562981 72.243396549369209 34.501347187091596 77.810769799514674 231.13310070941225 71.877287682960741 78.083276834106073 5.69148271519225 39.422587443026714 31.670044070866425 62.830456695635803 20.38875861372799 2.7123401268618208 25.604422862292267 0.10936676466371764 2044.70627529989 67.963773459021468 156.92086291965097 16.988112467108294 44.365031229215674 26.922680700896308 92.075701706693508 3.7707782284123814 21.996278655598871 388.73461142578162 32.619857438956387 4.8002708451822391 934.3247954081744 68.838799092918634 21.325944692594934 5.4075649504084131 0.49492932285647784 1.2976442018989471 0.10954456822946668 0.21637077420018613 1.3081714947475109 65.172115435008891 234.50811345502734 95.944721111329272 21.775440334691666 4.3431300621014088 1.0811916021630157 133.92751474061515 0.26525289681740005 103.84908525331412 0.26835678005591035 0.25166228041052818 19.040655364049599 12.754757849383166 0.5797718521207561 0.31116433162242174 0.54814592073671509 53.818926771869883 55.782122825039551 995.0164991581114 8.5084296779241395 4.9409473731648168 1.8837289116345344 17.703416609438136
leaf_count=352111 137872 10360 216 50993 11635 12735 47919 6826 20720 873 178 4607 1656 42508 5685 26 3943 30 45393 26699 21601 1885 4818 2603 4071 332 5230 18311 6770 180 22632 838 563 391 121 331 21 49 62 32692 5215 9690 328 60 19 25502 32 15690 21 40 5058 2465 35 20 32 8710 2588 33765 157 62 21 4004
internal_value=0.000141543 -0.00109405 -0.010235 0.00471796 -0.0595057 0.00370169 -0.00162925 -0.0220778 0.00312733 0.0200748 0.00163545 -0.00239213 0.00162254 0.0373959 0.0618696 -0.0191168 0.000738228 0.00556491 -0.00308748 0.00385264 0.0160729 0.00592371 0.000449022 0.00877535 -0.00690466 -0.00182186 -0.00265861 -0.00592498 0.0408618 0.0429093 0.000732492 -0.00419347 -0.00628087 -0.0253397 0.00707959 -0.145848 -0.406523 -0.900974 -0.00182829 0.0478827 -0.00603811 0.0298913 -0.0621558 -0.136774 -0.00518801 0.000757922 -0.0218846 -0.0198204 -0.325163 -0.5327 -0.0180527 -0.0260878 -0.0384586 -0.277294 -0.064566 0.0109673 -0.00539111 -0.00636807 -0.0115959 0.0431564 -0.0262026 0.0222984
internal_weight=7285.64 7142.66 2776.27 4366.4 412.805 4268.92 2363.46 324.277 4234.42 342.597 3891.83 146.337 2039.18 95.2554 142.973 106.914 3796.57 1678.68 2117.89 1613.4 351.474 283.51 1261.92 591.823 670.101 577.134 436.335 414.339 155.487 49.7134 2007.51 1073.19 32.425 26.7335 22.5072 2.11849 0.820845 0.325915 2046.01 65.2815 527.421 122.867 28.8309 7.05547 523.65 386.139 137.511 136.43 0.785272 0.520019 135.644 116.604 92.9666 0.890936 5.34842 266.522 109.601 1004.35 246.466 15.3331 6.82468 151.631
internal_count=1020000 875921 477838 398083 363746 347090 114092 54985 334355 16254 318101 5894 59107 43640 144079 1287 274461 208286 66175 175564 61483 34784 114081 46547 67534 63408 27484 22254 19063 5030 57451 34819 1132 954 6207 522 191 70 45455 32722 58378 12293 414 86 58046 34721 23325 23306 93 61 23213 18155 4126 55 212 32899 11298 33981 7066 240 83 29506
is_linear=0
shrinkage=0.08


Tree=84
num_leaves=63
num_cat=0
split_feature=6 0 2 0 5 5 5 3 7 2 5 8 5 3 2 4 3 0 2 2 3 2 3 2 2 5 6 5 2 2 0 2 4 2 0 0 4 0 3 3 5 4 0 0 2 2 3 0 4 2 5 2 0 4 5 2 2 7 3 2 5 4
split_gain=69.0865 53.7375 59.9455 52.5733 38.6624 27.538 25.5931 24.3906 21.3419 16.4821 15.3487 14.5875 21.5944 13.1676 12.3999 12.5856 11.8338 11.76 30.429 24.8258 23.9424 18.4197 18.1028 16.2494 12.7609 11.4715 11.0868 16.0934 10.6155 9.88712 19.8477 19.7849 9.9793 13.584 72.8858 11.6599 13.2847 19.0023 41.0396 12.2934 16.1439 12.8763 15.6709 17.4373 11.8894 37.4024 38.8013 11.5248 11.5277 30.4966 11.1107 9.84457 12.265 9.4274 9.43071 9.37275 20.0332 9.15348 9.85028 9.05172 9.00561 8.996
threshold=0.75000000000000011 53.144779205322273 63.686313629150398 90.815368652343764 54.250427246093757 20.084033966064457 98.930450439453139 16.500000000000004 0.75000000000000011 40.238094329833991 41.394500732421882 1.0000000180025095e-35 95.782062530517592 8.5000000000000018 48.050632476806648 87.611175537109389 4.5000000000000009 61.938297271728523 72.04651260375978 55.625879287719734 6.5000000000000009 81.661396026611342 12.500000000000002 64.051280975341811 99.532711029052749 34.733690261840827 1.0000000180025095e-35 56.111852645874031 42.163742065429695 71.010189056396499 67.006801605224624 94.174205780029311 84.805065155029311 93.788581848144545 73.746868133544936 81.872947692871108 94.140533447265639 81.517440795898452 1.5000000000000002 6.5000000000000009 96.982700347900405 88.346538543701186 78.404876708984389 67.006801605224624 92.63776016235353 92.907444000244155 2.5000000000000004 75.582656860351577 85.317890167236342 80.229885101318374 60.390020370483406 94.360820770263686 94.360820770263686 93.555309295654311 93.762966156005874 80.901721954345717 83.424911499023452 1.0000000180025095e-35 3.5000000000000004 87.841831207275405 98.369518280029311 79.41880035400392
decision_type=2 2 2 2 2 2 2 2 2 2 2 2 2 2 2 2 2 2 2 2 2 2 2 2 2 2 2 2 2 2 2 2 2 2 2 2 2 2 2 2 2 2 2 2 2 2 2 2 2 2 2 2 2 2 2 2 2 2 2 2 2 2
left_child=1 2 4 6 5 -1 8 16 11 -3 -5 12 28 29 -6 61 -4 18 22 -19 24 -22 26 -24 25 -20 27 -11 -2 30 -13 32 50 35 -35 36 37 39 -39 47 41 42 43 -41 -37 46 -46 -34 49 -49 59 52 -21 54 -30 -43 -57 58 -12 -31 -50 -16
right_child=3 9 7 10 14 -7 -8 -9 -10 17 57 13 -14 -15 15 -17 -18 19 20 51 21 -23 23 -25 -26 -27 -28 -29 53 31 -32 -33 33 34 -36 44 -38 38 -40 40 -42 55 -44 -45 45 -47 -48 48 60 -51 -52 -53 -54 -55 -56 56 -58 -59 -60 -61 -62 -63
leaf_value=-0.019953389681361837 0.049592821721340198 0.064155767148714266 0.065279949502497575 -0.02367831080856311 0.0058997634926172176 -0.070643072122415801 0.064851669802246534 -0.03599443361474005 0.073438940023243082 -0.069683729291891219 0.081298835245330159 0.00016356695750475831 0.063606898943121715 -0.019763984354382213 -0.033402969352407996 -0.12822773992347172 0.015234665726142672 0.039581811350606774 0.019664789724554918 -0.0036311055788532088 -0.047023064425827821 0.01174410822568064 0.034427684934282797 -0.053424943097552816 -0.058261667540963957 0.070935024140184905 -0.017023042526313713 -0.022548692734229794 0.0068734593291696587 -0.017859564458577466 0.056822553991056707 0.0338828407893823 -0.016950840278977267 -3.6042766621128561 0.080228792312221506 0.026079224800166147 -0.0035157690889688199 -1.1694141698873177 0.080827017876121843 -0.56166588712444043 -0.8031523480127396 0.081390831416427376 -0.82221174981521727 0.080892730872721932 0.080114961810904078 0.080211681876469362 -3.5549095916682392 0.080616720367141251 -0.097709126698563104 -1.3736332003515843 0.020525002559041185 0.0054930202285962742 0.069889824406334497 -0.05417105483236493 0.04759992557004987 -0.66801749947103617 -0.005300715719962901 0.068005315769006841 -0.4575700140290539 -0.11856267441061313 -0.60282182509217019 0.060357331099902052
leaf_weight=98.113679410074838 41.277643899666145 24.656977814680431 44.445068508153781 13.220249847508965 117.97456365788821 227.96019075217191 52.433379019028507 45.958259574545082 31.13809348794166 82.616185132821556 0.42730633518658478 113.82816573395394 51.94702936662361 197.08912081690505 66.089856500504538 8.2679598964750749 94.612167895131279 100.31930451036897 56.973297461459879 2820.5468948679627 55.091255331644788 89.732806630257983 57.45328902231995 17.602626095875166 8.2571759963757341 54.789031630207319 228.81137439532904 105.63799548801035 625.82709797215648 53.315515385009348 60.652802156633697 62.268753705138806 15.422535827790862 0.043426032178102925 0.16460434021428227 16.01373422739562 16.790727911633439 0.319442437030374 0.35451552859740332 0.49346769927069434 0.2715239522513001 1.38770496705547 0.35409652767702926 0.59764878614805639 0.032797981286420419 0.19579244690248743 0.044014694984070957 0.20951465470716257 10.590355667634864 0.16494776506442577 57.939317172334995 1161.120988719631 14.597184364101848 15.351132925250566 38.635562816227321 0.4267131835222242 0.9241998044308275 141.99865440628491 0.44132478325627744 6.3980014144908628 0.23082375572994429 7.2696419097483149
leaf_count=11622 4959 4064 1587 181 4344 262972 43859 7967 11470 71423 108 7339 18162 15699 1536 189 8706 7970 936 120536 5351 3106 9737 2605 687 2469 17194 1468 70023 610 7119 24254 2325 34 88 4995 2959 33 52 21 35 138 30 64 28 110 22 29 1302 26 12337 78452 1202 3616 11187 25 75 150314 18 108 22 101
internal_value=0.000145462 -0.00408027 -0.0246323 0.0146414 -0.0384162 -0.0553908 0.0099636 0.0145313 0.00793786 -0.0010861 0.0587903 0.00647008 0.0137902 -0.00270832 -0.0106862 -0.0346575 0.03123 -0.00141754 -0.0105784 0.000275198 0.011286 -0.010611 -0.0223451 0.0138239 0.0377085 0.0447989 -0.0288541 -0.0432341 0.0102014 0.005306 0.0198593 -0.00506031 -0.0183342 -0.0434833 -0.688906 -0.0414121 -0.0610655 -0.0915026 -0.511762 -0.0823876 -0.20538 -0.166585 -0.359781 -0.20971 0.017161 -0.506725 -2.0028 -0.0618011 -0.123584 -0.559969 -0.00443297 -0.000711526 -0.00325257 0.00780958 0.00924152 -0.0646327 -0.214633 0.0664215 -0.192484 -0.0286494 -0.108484 -0.0241117
internal_weight=7218.12 5588.9 710.691 1629.22 525.676 326.074 1473.13 185.015 1420.7 4878.21 156.088 1389.56 773.038 616.524 199.602 81.6275 139.057 4853.55 756.965 4096.58 264.844 144.824 492.121 75.0559 120.02 111.762 417.066 188.254 721.091 419.435 174.481 244.954 182.685 65.0326 0.20803 64.8246 48.5382 31.7475 0.673958 31.0735 4.45535 4.18383 1.44521 1.09112 16.2863 0.272605 0.0768127 26.6182 11.1956 0.374462 117.653 3996.27 2835.14 679.814 664.463 2.73862 1.35091 142.867 0.868631 59.7135 10.8212 73.3595
internal_count=1020000 626224 299024 393776 280764 274594 243155 18260 199296 327200 150621 187826 107947 79879 6170 1826 10293 323136 114976 208160 12549 8457 102427 12342 4092 3405 90085 72891 89785 64180 14458 49722 25468 12413 122 12291 7136 4177 85 4092 388 353 115 85 5155 160 50 3704 1379 55 13055 200190 121738 84826 81210 238 100 150440 126 718 1324 1637
is_linear=0
shrinkage=0.08


Tree=85
num_leaves=63
num_cat=0
split_feature=9 5 4 9 4 8 5 4 5 4 8 2 4 4 0 3 3 0 5 0 3 3 3 2 2 9 5 0 9 1 2 3 9 1 3 4 4 9 0 1 0 2 0 4 4 0 5 9 0 0 2 1 2 2 1 4 5 4 4 4 0 5
split_gain=73.5796 46.2597 121.693 88.9604 26.4728 19.4471 29.3472 25.0016 19.8765 14.8872 13.5223 18.2563 15.7267 12.5916 11.956 11.8688 10.8613 10.4377 10.4263 10.3639 13.8673 9.39115 12.949 15.2201 17.4035 34.4806 31.4986 12.2599 14.4047 18.2565 51.9573 11.6334 13.2563 12.3528 11.2397 10.7534 9.40917 10.098 13.2913 9.11746 8.9915 8.80545 19.3904 13.8314 10.435 10.0487 8.77514 8.72894 8.63976 12.5745 20.8903 10.1687 8.60271 8.33436 8.14556 8.00404 9.24608 7.93423 7.68916 17.0409 11.2025 9.34662
threshold=0.91929101943969738 44.124549865722663 26.111660003662113 0.45105512440204626 99.103118896484389 1.0000000180025095e-35 96.437637329101577 41.910465240478523 66.506408691406264 57.508169174194343 1.0000000180025095e-35 63.224515914916999 50.118482589721687 60.650449752807624 95.861873626708999 5.5000000000000009 8.5000000000000018 95.293468475341811 58.195386886596687 67.006801605224624 2.5000000000000004 12.500000000000002 16.500000000000004 64.051280975341811 95.69842910766603 0.86338993906974804 94.600204467773452 51.191152572631843 0.46875868737697607 48.683298110961921 51.191152572631843 5.5000000000000009 0.76500371098518383 88.273490905761733 15.500000000000002 72.507308959960952 53.768512725830085 0.55875089764595043 52.689416885375984 96.449581146240249 30.860805511474613 77.849929809570327 67.962265014648452 48.842567443847663 51.445278167724616 56.562757492065437 79.884391784667983 0.4082044661045075 39.173061370849616 64.326763153076186 65.26175689697267 86.512474060058608 99.532711029052749 20.761494636535648 86.295150756835952 70.613265991210952 58.195386886596687 43.168636322021491 89.749843597412124 90.018451690673842 62.243186950683601 92.69339752197267
decision_type=2 2 2 2 2 2 2 2 2 2 2 2 2 2 2 2 2 2 2 2 2 2 2 2 2 2 2 2 2 2 2 2 2 2 2 2 2 2 2 2 2 2 2 2 2 2 2 2 2 2 2 2 2 2 2 2 2 2 2 2 2 2
left_child=1 2 47 53 5 6 17 16 13 46 -5 12 19 41 -11 -2 -7 21 39 -12 -21 31 23 27 25 -25 -27 40 29 57 -31 32 -3 48 -32 -24 37 38 -26 -19 -23 42 -9 -44 45 -43 -10 -1 -33 51 -51 58 -35 -4 -48 56 -15 -29 -50 60 -60 -61
right_child=15 4 3 10 -6 7 -8 8 9 14 11 -13 -14 55 -16 -17 -18 18 -20 20 -22 22 35 24 36 26 -28 28 -30 30 34 33 -34 52 -36 -37 -38 -39 -40 -41 -42 44 43 -45 -46 -47 54 -49 49 50 -52 -53 -54 -55 -56 -57 -58 -59 59 61 -62 -63
leaf_value=-0.0013249761699788639 0.071107126101785198 0.0049384146438008428 0.060248437851682123 -0.0035123525520228418 0.080171915892504345 0.036760740389980139 0.06656317038574136 -0.031121889099633916 0.00024454150518964823 -0.0045185967063248464 -0.0029779543145008035 -0.048291759394230555 0.74058661186383079 0.06578358360398863 0.061972385116434867 0.007028332518767535 -0.0077956129613795423 0.10201662698570906 0.067158747507490027 -0.15617131939524595 0.19448829283463415 0.13024595161326386 -0.019618793344082223 -0.01530539244436757 -0.086056032954364994 -1.1618773735431851 0.081121825148721238 0.26516906638329668 0.071319474391017226 1.5277977740820865 -0.081246643287221532 0.068007235140525146 0.025709896294215002 0.050055551915647777 0.61702135247344181 0.04344217116637851 0.023266934358102592 0.062517242694076713 0.29926920763091891 -0.016805669344304101 -0.0034839363623323152 0.11406493215765 0.052633974059248967 -0.013259126557143085 -0.020624048290161984 -0.071356462201948925 0.04328334130684116 0.011949910450013479 -0.015213289520422908 0.06361555561535108 -0.00018007327194962877 -0.3817874225021044 -0.072845330935254332 -0.07037472235693526 -0.011851568083699136 0.1271783198392972 -0.008595447613340983 0.043234875408344246 -0.10184370198113206 0.061409847724107854 -0.65031619503037497 -0.10812282001736005
leaf_weight=1570.9502862914815 106.80154011555715 868.35070798889501 3.1580104579916215 296.63675651105586 29.173587947152555 141.70935269992333 54.890849232149776 178.14196455257479 85.381228058948182 1137.2937890050816 24.016343667637564 111.70647843083134 0.19418917543953185 13.115451634745112 17.575280906748958 22.375086352461949 46.504589445714373 4.9716002487111863 36.632232153730001 0.89267226459924032 3.7701204110635445 3.8065766113577437 67.842026264115702 44.24965658102883 0.72526780050247852 0.32170741027220984 0.21949826274067163 1.8915680018253613 39.801109859370627 0.24771701399004076 0.41820916713913903 11.393716845603192 254.20074165269034 4.2826430341228869 0.2279470365610905 23.232889076811261 37.164834333583713 11.626814138842745 2.7273633443983272 24.499779774690978 20.802634934429079 1.9307952550589096 36.418282736558467 46.316089389030822 70.968065249326173 59.952174445963465 99.524712592188735 397.16144907654962 175.04826397966826 35.101858826703392 512.19473995734006 0.49633371573872764 24.484032861655578 309.9961964696995 20.719584587437566 3.6133055918035089 57.992212900193408 2.2659314359189011 0.42961345426738162 3.0766670076409337 0.53529282240197062 6.4329516767757013
leaf_count=40986 137872 35620 793 26108 22836 7566 17171 17323 3498 104793 3007 20260 24 275 14852 6207 3819 164 27747 58 120 586 4329 1483 75 27 23 94 2176 24 120 1557 65802 240 36 2304 2949 633 41 1058 1975 160 834 772 1332 1644 8228 19022 9607 2748 23925 16 1074 367460 3924 195 1635 113 37 190 15 438
internal_value=0.000176596 -0.000921337 -0.00909747 -0.0365098 0.00422263 0.00370636 0.00877765 -0.00201215 -0.00486928 2.44704e-05 -0.0131977 -0.0336348 0.0230707 -0.019082 -0.00350671 0.0600078 0.0257516 0.00734867 0.0386609 0.0182124 0.127356 0.00638756 0.0207207 0.0339871 0.0135225 -0.023068 -0.657751 0.0625754 0.0874707 0.214731 0.54273 0.00444044 0.0096421 -0.00310877 0.165084 -0.00353216 0.0448928 0.0981918 0.218327 0.00323876 0.0172015 -0.0247958 -0.0162582 0.0157459 -0.0415607 -0.0655712 0.0198569 0.00135387 -0.00112175 -0.00219583 0.00391157 -0.0201647 -0.0545484 -0.0690575 0.0337829 0.0110256 0.00512339 0.14421 -0.0191973 -0.0857771 -0.406115 -0.0532736
internal_weight=7168.58 7039.41 2718.48 750.371 4320.92 4291.75 2274.59 2017.16 1828.94 1360.49 437.217 140.58 28.8733 468.448 1154.87 129.177 188.214 2219.7 66.1036 28.6791 4.66279 2153.6 257.572 166.497 97.0351 44.7909 0.541206 69.4617 44.8525 5.05137 0.893873 1896.03 1122.55 773.476 0.646156 91.0749 52.2443 15.0794 3.45263 29.4714 24.6092 393.727 260.876 82.7344 132.851 61.883 205.626 1968.11 744.709 733.316 547.297 186.019 28.7667 313.154 120.244 74.721 71.1077 4.1575 185.523 10.4745 0.964906 9.50962
internal_count=1020000 875921 477838 417830 398083 375247 204397 170850 159465 135295 49577 23469 3209 24170 119645 144079 11385 187226 28969 3185 178 158257 16988 10355 5231 1533 50 5124 2563 387 180 141269 101422 39847 156 6633 3698 749 116 1222 2561 22065 18929 1606 3136 1804 15650 60008 38533 36976 26673 10303 1314 368253 12152 2105 1910 207 10287 680 52 628
is_linear=0
shrinkage=0.08


Tree=86
num_leaves=63
num_cat=0
split_feature=6 1 0 2 5 4 5 3 0 1 5 4 2 0 2 3 2 3 2 2 2 1 5 3 2 2 5 1 2 5 0 2 5 8 5 3 1 2 4 0 3 1 3 4 0 3 1 5 0 0 0 4 4 5 1 3 5 4 2 2 0 0
split_gain=55.4802 46.1156 42.2547 51.703 34.6055 26.2236 21.6558 20.9182 17.181 14.8031 13.9296 13.577 11.6031 10.5347 30.4024 24.4664 19.4716 17.2914 17.8238 14.1529 13.5966 12.7508 11.6017 10.5161 17.0815 11.6483 44.712 11.2272 10.3809 9.86686 9.86492 11.913 14.9448 9.78673 19.2752 9.89583 9.45246 9.34615 8.90269 8.74699 8.7113 12.2745 8.67505 9.23449 8.61203 10.0386 8.55138 16.6154 10.1049 10.6118 16.9034 13.7644 9.40905 8.89902 8.24852 9.33007 10.6395 8.23329 8.84552 12.4649 13.4173 9.22927
threshold=0.75000000000000011 90.815368652343764 53.144779205322273 63.686313629150398 54.250427246093757 14.650406837463381 98.930450439453139 12.500000000000002 93.127067565917983 40.212766647338874 46.184494018554695 1.0000000180025095e-35 70.396453857421889 62.910053253173835 73.746868133544936 6.5000000000000009 56.294013977050788 12.500000000000002 64.051280975341811 99.532711029052749 81.661396026611342 54.641149520874031 47.925275802612312 2.5000000000000004 70.659969329833999 62.192192077636726 99.864498138427749 58.204833984375007 48.050632476806648 54.250427246093757 43.534002304077156 68.532287597656264 14.342856884002687 1.0000000180025095e-35 94.923065185546889 8.5000000000000018 43.792808532714851 42.163742065429695 87.611175537109389 18.350168228149418 3.5000000000000004 51.89995193481446 23.500000000000004 12.608381271362306 71.50376129150392 4.5000000000000009 95.861873626708999 71.248622894287124 93.127067565917983 95.475021362304702 95.040985107421889 11.554354667663576 39.242893218994148 7.4537036418914804 47.413022994995124 6.5000000000000009 68.989799499511733 35.14332580566407 91.331184387207045 76.253131866455092 64.660633087158217 82.637680053710952
decision_type=2 2 2 2 2 2 2 2 2 2 2 2 2 2 2 2 2 2 2 2 2 2 2 2 2 2 2 2 2 2 2 2 2 2 2 2 2 2 2 2 2 2 2 2 2 2 2 2 2 2 2 2 2 2 2 2 2 2 2 2 2 2
left_child=2 6 3 4 5 -1 8 30 33 11 -3 -4 -9 14 17 19 44 23 21 22 -17 -19 -16 24 -11 29 -27 -26 54 -25 31 32 -5 34 37 57 -14 -2 -30 -7 41 -32 -20 -44 45 -15 -18 48 53 50 -50 -52 -53 -48 -6 56 -56 -35 59 60 -59 -61
right_child=1 10 9 7 28 39 -8 12 -10 13 -12 -13 36 16 15 20 46 18 42 -21 -22 -23 -24 25 27 26 -28 -29 38 -31 40 -33 -34 35 -36 -37 -38 -39 -40 -41 -42 -43 43 -45 -46 -47 47 -49 49 -51 51 52 -54 -55 55 -57 -58 58 -60 61 -62 -63
leaf_value=-0.013612738238771387 0.045762740450911714 -0.01238801513024659 0.67738728570229612 0.39773881730755312 0.0011403486667852282 0.086111952390608731 0.06285412294453295 -0.078555011936167388 0.081672472664330156 -0.018558575403814656 0.066108220981064725 0.033551575304066751 -0.039284378845482568 -0.028798044115074757 0.024108924410152856 -0.04334470040073829 -0.0016298441820151589 0.0003112441243169612 -0.062316718850335122 -0.054344676996140637 0.0073151865008246365 0.072901254502504495 0.076251363277374584 -0.040360190963708228 0.15862151231772478 -0.052648988145238711 -1.3676303469556683 0.017467769636115307 -0.022436622946435825 -0.0043695626946514401 0.12866152878222717 0.048856484229127937 0.080686912938211383 0.043026827338768607 0.051718130124154396 -0.015702906832142368 0.023780643709634109 0.0059141307838670911 -0.10651268794258135 -0.068970466505056699 0.010563177465764659 0.026731587914436188 0.63029536737485514 0.052657394674527104 0.064931869229161651 0.041018369260200346 -0.072693897816965822 0.069618997983399086 -0.0054508228436949838 0.0013558988408068589 0.08084755431349594 -0.76311986569644119 -0.26975760108992891 0.072014985101519116 0.39915004797244158 -0.0016361728898258688 0.048192572998360224 -0.012412066511227369 0.030800677970712065 -0.035308696533341351 0.029180333650317355 0.014831582555693315
leaf_weight=79.418954706168734 39.974744994891807 16.36875789379701 0.21025098580866952 1.7217927984893306 112.72524604038335 2.3529934674734241 46.386960213247221 15.714898633188566 19.601349510368891 121.16243817494251 124.62540367018664 69.897223365667742 25.545735022460576 20.504625618632417 62.642058915866073 50.538175693363883 3652.8678422126686 33.185940666706301 20.332991151546597 9.6124545122729597 103.02942998154322 29.038108317938168 48.418769017676823 100.67700507602422 5.8189744672854422 121.97207565105055 0.16571234411094238 9.4843436970841122 72.176074821036309 94.519757834030315 11.483893743017687 7.3653248941409402 2.126832909299992 34.893661323003471 71.940662406675983 203.05448024254292 37.596860582067166 653.12855831743218 9.0737265576608461 215.91019863152178 59.22833029035246 22.13447141594952 0.22050806879997142 0.90030900039710104 38.643992256256752 36.90195522090653 3.1182772237807539 30.462683262536302 2.2722318228334184 150.36938592547085 0.3315066462382672 0.49144583637826145 0.49818660644814372 21.281676589045674 1.1382218119688325 2.290505665820092 1.0749189611524341 93.657743840594776 59.445592532109004 92.989062599546742 105.61299594910815 31.438177202886436
leaf_count=9247 4845 405 7 14 4248 225 42127 4269 11416 24524 161510 11463 4468 2018 1749 4549 154001 6489 2999 800 3583 3182 1522 48076 170 17564 31 336 1637 1981 273 504 158 921 24355 16641 3220 73277 189 265122 4446 908 2 102 2396 2835 210 25798 108 9548 32 26 15 1084 31 46 19 6394 18977 11136 12856 8916
internal_value=0.000163171 0.0133143 -0.00363328 -0.0223209 -0.035724 -0.0529757 0.00907309 0.0140346 0.00729841 -0.00101107 0.0569952 0.0354824 -0.0170428 -0.0015475 -0.00984959 0.0118252 0.000155232 -0.0209089 0.0125069 0.0387811 -0.00935668 0.0341868 0.0468413 -0.0270705 -0.0084997 -0.0350567 -0.0544331 0.0711404 -0.00984958 -0.0229325 0.0375852 0.108461 0.222529 0.00624668 0.0123034 -0.00121387 -0.00173371 0.0082124 -0.031826 -0.0672986 0.0290249 0.0615504 -0.050373 0.166301 0.0357353 0.0160812 -0.000729738 0.0150153 0.00568953 -0.00189085 -0.137755 -0.365306 -0.514758 0.0535214 0.00538197 0.111549 0.228691 0.00582393 0.00243579 -0.00277329 0.0096318 -0.0226401
internal_weight=7111.77 1593.12 5518.65 679.079 496.161 297.682 1452.12 182.918 1405.74 4839.57 140.994 70.1075 78.8575 4769.46 811.719 274.241 3957.74 537.478 83.6779 120.673 153.568 62.224 111.061 453.8 136.466 317.335 122.138 15.3033 198.479 195.197 104.061 11.214 3.84863 1386.14 765.044 621.092 63.1426 693.103 81.2498 218.263 92.8467 33.6184 21.4538 1.12082 96.0506 57.4066 3861.69 208.825 178.363 153.963 3.59337 1.32114 0.989632 24.4 117.229 4.50365 2.21314 418.037 383.144 323.698 199.271 124.427
internal_count=1020000 393776 626224 299024 280764 274594 231861 18260 189734 327200 161915 11470 11957 315730 117659 12203 198071 105456 12774 4071 8132 9671 3271 92682 25030 67652 17595 506 6170 50057 6303 676 172 178318 102477 75841 7688 78122 1826 265347 5627 1181 3103 104 7249 4853 190822 36821 11023 9729 181 73 41 1294 4344 96 50 59200 58279 39302 19250 20052
is_linear=0
shrinkage=0.08


Tree=87
num_leaves=63
num_cat=0
split_feature=9 6 5 9 0 4 2 4 4 3 2 9 4 0 2 5 2 9 2 5 4 0 4 2 0 2 0 1 3 2 0 2 0 2 3 5 5 5 0 1 2 9 2 2 5 0 5 2 0 9 5 5 9 3 5 1 0 1 5 0 4 5
split_gain=60.2071 37.0137 146.696 27.3908 22.9387 21.0702 18.8042 16.4087 13.0943 11.8146 11.1798 11.0143 9.30026 9.04857 13.1784 26.083 8.56515 10.3608 8.44811 11.7523 10.3569 27.5405 8.81426 8.40853 8.80406 11.1402 8.98895 8.61111 8.14685 13.1794 9.87959 8.75048 34.3785 16.7677 16.9388 61.4732 124.006 21.3645 19.0936 8.98559 21.0938 8.92792 19.1767 8.35345 7.92814 21.6258 10.7628 9.63839 13.2164 25.1705 7.89668 17.4721 38.0337 12.1003 18.3046 10.6348 31.646 7.86245 24.6455 23.3774 22.5348 41.9462
threshold=0.91929101943969738 1.0000000180025095e-35 42.438537597656257 0.72316691279411327 92.907444000244155 71.241439819335952 87.841831207275405 99.103118896484389 73.708465576171889 5.5000000000000009 60.49571609497071 0.42859442532062536 40.864889144897468 40.936473846435554 47.124916076660163 96.209373474121108 35.368577957153327 0.50239983201026928 44.920890808105476 90.02164459228517 90.486961364746108 61.610351562500007 74.298820495605483 38.757823944091804 56.73658752441407 37.86628723144532 33.549783706665046 32.690166473388679 8.5000000000000018 90.366767883300795 86.70682525634767 87.298336029052749 83.414241790771499 87.570224761962905 1.5000000000000002 90.632698059082045 85.786437988281264 96.982700347900405 84.028984069824233 60.49571609497071 65.545505523681655 0.81003442406654369 76.253131866455092 71.010189056396499 77.210353851318374 81.28433990478517 91.856159210205092 88.493064880371108 79.795917510986342 0.87386938929557811 95.219047546386733 94.600204467773452 0.86765915155410778 5.5000000000000009 96.982700347900405 84.889995574951186 75.893997192382827 77.003208160400405 97.685134887695327 74.601570129394545 93.555309295654311 98.816528320312514
decision_type=2 2 2 2 2 2 2 2 2 2 2 2 2 2 2 2 2 2 2 2 2 2 2 2 2 2 2 2 2 2 2 2 2 2 2 2 2 2 2 2 2 2 2 2 2 2 2 2 2 2 2 2 2 2 2 2 2 2 2 2 2 2
left_child=1 2 6 8 5 -5 -1 10 -3 -2 13 23 -13 14 15 -7 -14 -18 -10 20 -20 -22 -21 24 26 27 -4 -26 29 30 31 39 44 -34 35 36 -35 38 -36 40 -12 -42 -43 -41 45 -33 -46 48 50 -50 51 55 -53 -52 -55 -48 -57 -30 -59 -60 -61 -62
right_child=9 3 11 4 -6 7 -8 -9 18 -11 28 12 16 -15 -16 -17 17 -19 19 22 21 -23 -24 -25 25 -27 -28 -29 57 -31 -32 32 33 34 37 -37 -38 -39 -40 43 41 42 -44 -45 46 -47 47 -49 49 -51 53 52 -54 54 -56 56 -58 58 59 60 61 -63
leaf_value=-0.068867894306041233 0.069827166983802744 -0.00039042460687624343 0.03272539502982609 0.034421566991864862 0.064970584122032812 -1.9048548075756764 -0.019359624027203714 0.080102530082088452 0.065691303070678164 0.0040929309744061546 -0.2574749723462792 0.014506101258242518 0.052822759233836253 0.055763230163847211 0.080623981350797957 0.080275285697200258 -0.028602389807472348 -0.0014228035626101996 0.038466434666067584 -0.45582393389011833 -1.012375362080201 0.080952689032313632 -0.018872168893426137 -0.06483930897870735 0.19071791653943734 0.30543775562683112 -0.067624070202840988 -0.13146105256130819 0.0028888614893097602 0.027824921691186461 0.051095084094153691 -0.070861521813177272 0.081683752090283918 0.080400298253390942 -0.84750802184898077 0.081637562960660048 -3.8453033142572774 -1.078394122929617 -0.09397552917858415 0.041559325463153905 -0.015843980192787838 -1.2267784121117919 0.080349966163466388 -0.0055769573320839762 0.069270942174828154 -1.2662109927639138 0.0017635635543841665 0.021241171783707786 -1.0334333666058679 0.080458183404160097 0.080955867632498235 0.080645312311423703 -1.8419550579214947 0.080885221768761506 -1.2125902441031478 0.080411140842003834 -1.8605408830945613 -0.021751764860080753 -1.3937319536300614 -0.00766863620109688 -0.13958930276963008 -1.0201070432170583
leaf_weight=255.35971255542245 93.589986827922985 3276.9145862307632 10.677759816811891 215.92270247009583 58.258642580243759 0.080581742804500034 60.787792682356667 18.17818655987503 26.856024944223464 21.52347131766146 2.7867504517780644 238.16409060178557 17.956401614705101 29.335160570160951 0.21582529309671372 0.089308122987858951 94.080826808465645 1954.8460222652066 64.053962458274327 0.29804015508852799 0.2195342960767438 0.44908316736109555 34.129875495331362 30.369456706452183 0.92840111104305822 1.2617778381099922 12.286675650568212 1.2401799247600136 94.103607778437436 128.98449764540419 19.13577062258264 0.52834469533991324 0.53248868358787094 0.10414581652730737 0.25594550685491402 0.21115608292166144 0.10186943237204105 0.20644516730681051 1.3522071463521568 28.810471710050479 19.569963093264963 0.12215394200757046 0.17436821304727346 145.99895045207813 6.9315593414939931 0.11860937019810081 1.008450048277153 4.0493076526327059 0.28615784854628135 0.23766395798884332 1.7850157318171116 0.139360578265041 0.12484574690461159 0.16137897805310775 0.12368556845467538 0.15481519640889008 0.082362292800098658 87.639235811773688 0.10853382269851808 1.8075572500238197 1.0862392531707881 0.50827622751239676
leaf_count=332564 137872 144079 1602 55077 54422 10 11753 17938 10930 6207 233 10485 661 10968 38 34 14892 46586 6791 39 27 68 4994 24768 21 24 7987 73 14987 46865 7921 96 82 31 19 40 28 25 247 7871 2677 29 74 28705 1347 12 146 994 18 53 405 22 29 19 26 42 12 5253 34 500 127 121
internal_value=0.000153218 -0.000796912 -0.00817153 0.00382344 0.0164787 0.0130045 -0.0593486 0.00526141 0.000582703 0.0575364 0.00291192 -0.00132107 -0.000463747 0.0507016 -0.334253 -0.861307 -0.0021887 -0.00267081 0.0258898 0.0151091 0.0351969 -0.278031 -0.0226548 -0.0361346 -0.0031074 0.116437 -0.0209646 0.00646845 0.000326326 0.00727581 -0.00399846 -0.00888022 -0.0614973 -0.321689 -0.417932 -0.877594 -1.86076 -0.312256 -0.213904 -0.00395171 -0.0513582 -0.0224454 -0.458129 0.00219161 -0.0157779 -0.290011 -0.00401649 -0.066324 -0.152728 -0.528048 -0.0978101 -0.236935 -0.827843 0.00366206 -0.480336 -0.111599 -0.593604 -0.0133315 -0.0300775 -0.237922 -0.20105 -0.420268
internal_weight=7067.41 6952.29 2677.96 4274.33 871.413 813.154 316.148 597.231 3402.92 115.113 579.053 2361.81 2305.05 29.7209 0.385715 0.16989 2066.88 2048.93 126.007 99.1505 64.7226 0.668617 34.4279 56.7643 26.3948 3.43036 22.9644 2.16858 549.332 364.079 235.094 215.958 18.4958 2.76426 2.23177 0.417171 0.206015 1.8146 1.60815 197.463 22.6532 19.8665 0.296522 174.809 15.7316 0.646954 15.0846 8.15304 4.10374 0.523822 3.57991 1.50983 0.264206 2.07008 0.285065 1.24563 0.237177 185.253 91.1498 3.51061 3.40207 1.59452
internal_count=1020000 875921 451416 424505 257577 203155 344317 148078 166928 144079 130140 107099 72624 11050 82 44 62139 61478 22849 11919 6886 95 5033 34475 9707 118 9589 94 119090 98068 51203 43282 3693 472 390 99 59 291 266 39589 3013 2780 103 36576 3221 108 3113 1766 772 71 701 251 51 450 45 200 54 21022 6035 782 748 248
is_linear=0
shrinkage=0.08


Tree=88
num_leaves=63
num_cat=0
split_feature=9 6 5 9 9 4 4 3 2 2 2 2 2 3 5 4 8 3 4 5 4 8 3 5 3 4 2 5 4 2 3 5 2 2 2 5 4 4 3 4 5 3 8 7 4 4 4 9 4 5 5 4 4 2 4 8 9 3 3 3 9 3
split_gain=54.1162 32.3072 133.804 25.2139 19.2902 18.0109 14.5282 14.4341 20.5936 13.8144 12.421 12.2967 11.4757 11.468 9.47081 18.9026 46.8228 107.266 9.79752 32.0077 8.69199 8.56289 8.13952 7.71519 7.52961 7.21491 10.7717 9.16429 9.88053 9.33365 8.16856 9.21788 12.5632 7.21176 10.608 10.2387 14.9575 33.9105 13.0408 19.6965 7.86503 13.3383 9.66345 7.04236 6.45878 11.9564 6.31163 11.7162 7.34237 6.25785 8.65125 13.0591 8.10873 10.2651 8.00732 12.0031 8.75388 7.65269 15.8132 13.8223 8.01635 7.64661
threshold=0.91929101943969738 1.0000000180025095e-35 39.77586746215821 0.72316691279411327 0.42859442532062536 71.241439819335952 99.103118896484389 4.5000000000000009 90.521114349365249 89.386734008789077 66.323020935058608 25.15822792053223 31.400560379028324 5.5000000000000009 40.080320358276374 39.77586746215821 1.0000000180025095e-35 11.500000000000002 29.5160026550293 49.358869552612312 73.708465576171889 1.0000000180025095e-35 33.500000000000007 90.02164459228517 1.0000000180025095e-35 41.910465240478523 35.368577957153327 54.250427246093757 51.972951889038093 83.047893524169936 17.500000000000004 77.820186614990249 70.396453857421889 66.323020935058608 80.901721954345717 95.256843566894545 96.108486175537124 92.337051391601577 5.5000000000000009 94.600204467773452 91.342369079589858 4.5000000000000009 1.0000000180025095e-35 0.75000000000000011 82.719280242919936 81.64029693603517 73.708465576171889 0.91543608903884899 87.10666656494142 90.872871398925795 58.195386886596687 52.529907226562507 56.025478363037116 72.438781738281264 39.77586746215821 1.0000000180025095e-35 0.6971435844898225 16.500000000000004 15.500000000000002 18.500000000000004 0.6353101134300233 14.500000000000002
decision_type=2 2 2 2 2 2 2 2 2 2 2 2 2 2 2 2 2 2 2 2 2 2 2 2 2 2 2 2 2 2 2 2 2 2 2 2 2 2 2 2 2 2 2 2 2 2 2 2 2 2 2 2 2 2 2 2 2 2 2 2 2 2
left_child=1 2 9 11 12 -5 7 8 -7 -1 -9 -3 14 -2 15 -4 17 -17 19 -16 24 -11 25 -22 -13 30 -27 28 -28 -30 31 -6 -33 -25 35 40 37 -37 39 -39 41 -35 -43 46 45 -36 47 -12 -48 50 52 54 57 61 55 56 -52 58 -26 -59 -60 -54
right_child=13 3 4 5 22 6 -8 10 -10 21 43 20 -14 -15 18 16 -18 -19 -20 -21 23 -23 -24 33 49 26 27 -29 29 -31 -32 32 -34 34 44 36 -38 38 -40 -41 -42 42 -44 -45 -46 -47 48 -49 -50 -51 51 -53 53 -55 -56 -57 -58 59 60 -61 -62 -63
leaf_value=-0.072335362103594425 0.069081261029370344 0.060697089728724868 -0.080059199016672342 0.034883091991051558 0.017134450443620244 0.007240604768637424 0.08009320495460974 0.04706782109039688 0.058471184707573932 0.0014496256071195547 -0.05403234498575378 0.01158028131148321 -0.057452918799671855 0.0037808296628975778 -0.080097451116983173 -0.080049299209560637 -0.080052347636499044 7.3918502862757007 0.0059068448784283384 3.4332647557521256 0.038463416610080736 -0.080519917107885461 -0.22725662867641463 0.021079599445656096 -0.0010556730624023795 0.061451193978905895 -0.031798600362321287 -0.0011006013011181145 -0.0295523749545385 0.047081292449400278 -0.080642603460934784 -0.11552598095146638 0.0083251043767110476 0.08105389060094248 -0.043206722568230986 -0.054731843460378883 0.080987813536850764 -0.4912011259425153 -0.34355489545910767 -1.4591297306620146 0.020934069004621598 -0.55251177187233758 -0.1270518034546331 0.062518163916136404 0.048817756080791766 -0.70232026667727621 0.0067409024647252245 -0.64180761237676309 -0.018091008940288405 0.049616050646343911 -0.059092608933666656 -0.026487897675464899 -0.022188420358079504 0.06183313470554553 0.014194848412071285 0.040895446382212132 0.081780891406940642 -0.058626972085168746 0.048640286941460928 0.00022692551776714318 -0.30675906283306459 0.11694254362593709
leaf_weight=204.74059632350691 87.290149756183382 21.611062432639301 0.16742697061272238 232.65333275333978 270.57486526638968 179.5716007684241 17.790858267457224 28.678680993209127 69.712520218221471 29.393803641141858 13.011755375482604 294.98429567523999 60.237995083618443 21.439808965369593 0.061220162839162096 0.028880908328574151 0.071996442449744791 0.021413559967186302 15.504449951578861 0.022767133661545813 69.837728568352759 11.288810319907496 1.0133936081547279 29.160935630032327 2353.5241780873039 16.880908073624596 125.86761251877761 1851.0569023556891 18.186190282634925 23.08111904875841 6.0837671469198531 8.1392609188333171 14.724663525703361 0.85531379655003759 1.276416661334222 1.1677110897144309 0.72707878390792746 0.27932699816301454 0.37595792673528194 0.25959506165236235 3.9324776085559279 0.62836958980187752 0.74880471639335155 8.8721511716139485 7.4267545390175655 0.20433798735029984 133.60920101468218 0.22072483185911629 177.38003398047294 15.060332300956359 33.803631453542039 213.31895107252058 23.134196706349034 29.776580766774714 122.03905816376209 13.475812600227071 3.0803232896141699 40.817184821004048 47.074995139962994 68.232404758688062 0.40971991047263046 2.8383149914443484
leaf_count=286418 137872 7016 260 75890 21550 47404 19165 8461 56064 5137 2161 12458 65609 6207 71 48 116 35 4486 5 8823 3589 22 7014 97449 648 15863 44503 1899 271 567 71 248 89 152 113 106 36 28 26 325 32 27 2550 1532 33 20307 43 25532 2314 802 8931 260 435 4407 382 285 3660 2602 7536 13 42
internal_value=0.00020443 -0.00067564 -0.00759879 0.00364105 -0.00187201 0.0158658 0.00883007 0.00675525 0.0215673 -0.0638748 -0.00345118 0.000543555 -0.041505 0.0562051 0.0189978 0.472206 1.2283 3.10121 0.0105748 0.872299 0.000158769 -0.0212957 -0.000580391 0.0215942 -0.000609386 -0.000481996 -0.00218817 -0.00272048 -0.020661 0.0133094 0.0111104 0.0130127 -0.0357643 -0.00344894 -0.0434483 -0.104834 -0.231407 -0.340471 -0.705175 -0.957446 -0.0471486 -0.167075 -0.321178 -0.00780076 0.0183999 -0.134162 -0.009725 -0.0638368 -0.00742256 -0.00182147 -0.00208394 -0.0132547 -0.000404634 0.0297725 0.00311947 -0.02372 -0.0473277 -0.00107488 -0.000133484 -0.021802 0.0455737 -0.00698398
internal_weight=7027.44 6918.71 2657.15 4261.56 2411.72 861.501 628.848 611.057 249.284 245.423 361.773 3400.06 76.1162 108.73 15.8782 0.289718 0.122291 0.0502945 15.5884 0.0839873 3378.45 40.6826 2335.61 116.881 3261.57 2334.6 2035.07 2018.19 167.135 41.2673 299.523 293.439 22.8639 47.0431 17.8821 8.97464 2.80967 2.08259 0.91488 0.538922 6.16497 2.23249 1.37717 333.094 8.90751 1.48075 324.222 13.2325 310.989 2966.59 2951.53 385.718 2565.81 55.7491 172.399 50.3598 36.884 2510.06 2401.01 109.05 47.4847 25.9725
internal_count=1020000 875921 451416 424505 156272 257577 181687 162522 103468 295144 59054 166928 70630 144079 5021 459 199 83 4562 76 159912 8726 85642 18336 141576 85620 63184 62536 18033 2170 22436 21869 319 9513 2499 782 309 203 90 62 473 148 59 50593 1717 185 48043 2204 45839 129118 126804 14807 111997 737 5876 1469 1087 111260 100064 11196 2615 302
is_linear=0
shrinkage=0.08


Tree=89
num_leaves=63
num_cat=0
split_feature=9 5 6 9 7 5 4 5 5 4 9 1 4 9 5 4 4 3 3 4 9 2 7 5 4 2 5 2 9 3 3 5 1 2 2 5 4 4 5 4 9 1 2 1 1 5 1 4 5 1 2 2 9 1 9 2 9 9 4 4 1 5
split_gain=49.0327 31.2693 118.627 47.087 22.537 20.2802 16.7203 21.5341 13.4546 13.1782 17.99 17.8083 11.3636 12.675 11.2213 16.1342 21.9399 14.9435 11.1044 10.5838 9.34479 9.3407 9.26256 9.37701 14.6378 13.3433 13.0471 9.30097 14.6398 10.4484 19.9761 9.62073 10.7424 16.8855 13.2374 16.3496 26.8551 60.8501 12.8217 20.5466 24.763 54.053 11.2947 29.7431 54.8355 26.0966 30.1759 15.6429 23.9458 12.1183 26.948 38.3412 16.5153 77.6691 93.3119 10.6744 14.5403 31.9383 27.5036 10.2291 8.93153 8.85623
threshold=0.91929101943969738 46.734052658081062 1.0000000180025095e-35 0.45105512440204626 0.75000000000000011 98.251728057861342 32.828166961669929 36.07402420043946 38.605176925659187 47.080135345458991 0.76881772279739391 96.039215087890639 44.487846374511726 0.4366943240165711 38.724208831787116 37.150663375854499 36.072002410888679 1.0000000180025095e-35 5.5000000000000009 26.709129333496097 0.42120863497257238 41.728857040405281 1.0000000180025095e-35 66.506408691406264 57.508169174194343 77.003208160400405 60.390020370483406 69.00656890869142 0.66001698374748241 4.5000000000000009 1.5000000000000002 82.382503509521499 80.186916351318374 82.807880401611342 80.901721954345717 95.088153839111342 92.566703796386733 87.10666656494142 82.78556060791017 73.126304626464858 0.80168962478637706 92.63776016235353 91.922958374023452 92.031745910644545 89.512962341308608 88.515167236328139 91.715686798095717 97.20148086547853 97.570808410644545 84.273937225341811 84.29276275634767 86.70682525634767 0.86984956264495861 82.413585662841811 0.89673292636871349 95.293468475341811 0.83334130048751842 0.87179788947105419 84.231246948242202 88.346538543701186 67.006801605224624 85.25860977172853
decision_type=2 2 2 2 2 2 2 2 2 2 2 2 2 2 2 2 2 2 2 2 2 2 2 2 2 2 2 2 2 2 2 2 2 2 2 2 2 2 2 2 2 2 2 2 2 2 2 2 2 2 2 2 2 2 2 2 2 2 2 2 2 2
left_child=1 2 3 -1 5 9 7 19 -5 10 -3 22 13 -8 15 16 17 -10 -2 -4 -14 -15 -11 24 -24 -26 -27 28 -25 30 31 -29 33 34 60 -36 37 -37 39 40 -34 -42 49 44 55 61 59 -45 -49 50 -40 52 -52 -54 -55 56 -44 58 -58 -47 -33 -46
right_child=18 4 6 8 -6 -7 12 -9 14 11 -12 -13 20 21 -16 -17 -18 -19 -20 -21 -22 -23 23 27 25 26 -28 29 -30 -31 -32 32 38 -35 35 36 -38 -39 42 -41 41 -43 43 47 45 46 -48 48 -50 -51 51 -53 53 54 -56 -57 57 -59 -60 -61 -62 -63
leaf_value=-0.072576840170852974 0.068291017609637863 0.008642820679962266 0.0017924649952814418 -0.04877136309669039 0.073020818021969108 0.042866309684142852 -0.062585712499663881 0.05284930649657401 0.83192207740404855 -0.028561044603707737 0.062935985248230436 0.047000690036057911 0.13289982186267191 0.086815197146691961 -0.0019725077297069508 -0.080678066961025544 1.261067795896309 -0.080297671848088115 0.0034914465064019196 -0.030893289518519666 0.0083179465166281844 -0.017806980297536953 -0.017508622524123246 0.0018541065683104377 -0.010344810482167075 0.053463374116981995 0.0010410934695200334 0.012444952295569179 0.030768442075543294 -0.0052071965734208341 0.01748509294967884 -0.057068581600806099 -0.33509824008551176 0.041255440309421978 -0.069111653720531227 -0.15759846469928887 -0.098852801393898349 -1.924208976846554 -0.011959340464535425 -0.043491672453233432 -0.61246479064004589 -4.0731872090344714 -0.11626931145606963 0.0015405846196396237 -0.70165228546727731 -0.91830431687299297 -0.35413685116224164 -1.6623897584512313 0.08055757451006007 0.0050014389790925089 -0.32579575640375408 -0.028839387075079059 0.081050646113789052 -4.3341197828356979 -0.64201644901602917 0.081230653913508463 -3.0625203159752874 -0.15071520270908306 -0.75796070512112068 -1.6309522199428188 0.011161015488013791 -0.073689780959579676
leaf_weight=222.43068801570917 81.474255689943675 778.40928559168242 1929.1995644322014 52.118209449283313 29.746245066169649 80.577960406779312 42.543630178959575 52.03521536180051 0.17454578855540492 74.981695004855283 41.12242784263799 50.727336532785557 4.1885773926624088 5.5717460804153225 104.85860052815406 0.5573688970762305 0.17870956932893023 0.33649456244893372 21.362803452124353 65.556845063809305 48.148449141415767 276.02583375142422 424.04456060141092 315.79109589883592 139.32403802324552 57.788986804604065 64.075784491666127 90.222868081880733 173.72139237663941 1109.7297754297615 456.34759429353289 18.719607579521835 0.57077599910553445 38.459344220464118 6.2766603286145246 0.33355078427121021 0.87966271059121937 0.19937035359907895 19.309615080594089 1.261608949746005 0.11544740159297362 0.038522934366483241 5.7415567671414482 13.994526135153134 0.20238981005968504 0.23918920278083533 0.36656367854448035 0.091786565841176393 0.11201074009295553 49.788781053561252 2.8726383824832733 4.129520783026237 0.24190346151590336 0.072479505324736238 0.11075378721579909 1.5724384377826934 0.050912525854073354 0.345683874853421 0.094961261725984514 0.2795716212131083 35.688155387993902 0.49595625419169664
leaf_count=339541 137872 26474 46164 21657 14571 49156 36815 3008 15 1212 13011 39228 1353 376 20463 257 37 166 6207 15751 1250 12585 16379 12733 2682 1181 2293 8623 31154 64960 65855 1671 20 5221 514 59 107 33 2296 201 48 37 116 3752 31 23 41 16 36 6204 88 392 47 14 34 573 35 227 19 17 5043 56
internal_value=-3.16074e-06 -0.000821196 -0.00732816 -0.048846 0.00364049 0.00313211 -0.000806414 0.00204358 -0.0154852 0.00232744 0.0113671 -1.73978e-05 -0.0163009 -0.0218858 0.000864721 0.239421 0.498084 0.231271 0.0548299 0.000718261 0.0182883 -0.0157369 -0.000784636 -9.81082e-05 -0.00833207 0.00656622 0.0259 0.00230439 0.0121154 -0.000279116 0.0070202 -0.00928563 -0.0189601 -0.000400502 -0.0261998 -0.124452 -0.370353 -0.818503 -0.0372392 -0.238504 -0.577974 -1.47833 -0.0332459 -0.0816456 -0.192116 -0.621331 -0.909757 -0.0085927 -0.704434 -0.0183276 -0.0617704 -0.19127 -0.394668 -0.860039 -2.10246 -0.105032 -0.152021 -0.569612 -1.56229 -1.30237 -0.0123142 -0.255682
internal_weight=6996.03 6893.19 2803.92 380.655 4089.27 4059.52 2423.27 2046.79 158.224 3978.94 819.532 3159.41 376.478 324.141 106.106 1.24712 0.68975 0.51104 102.837 1994.76 52.337 281.598 3108.68 3033.7 685.233 261.189 121.865 2348.47 489.512 1858.96 749.226 292.879 202.656 100.556 62.097 7.68924 1.41258 0.532921 102.1 1.98636 0.724746 0.15397 100.113 23.5875 9.38922 1.58367 0.885325 14.1983 0.203797 76.5257 26.7369 7.4273 3.29778 0.425137 0.183233 7.80555 6.23311 0.491558 0.145874 0.518761 54.4078 0.698346
internal_count=1020000 875921 499438 382136 376483 361912 117302 64923 42595 312756 39485 273271 52379 49776 20938 475 218 181 144079 61915 2603 12961 234043 232831 22535 6156 3474 210296 43887 166409 101449 35594 26971 12648 7427 713 199 92 14323 306 105 85 14017 4942 1138 168 81 3804 52 9075 2871 575 183 95 48 970 397 281 54 40 6714 87
is_linear=0
shrinkage=0.08


Tree=90
num_leaves=63
num_cat=0
split_feature=6 0 2 0 3 0 7 4 4 4 1 2 7 0 2 2 3 1 1 1 4 6 4 1 0 4 2 4 0 4 2 1 1 0 2 0 1 3 0 0 2 1 2 0 2 3 2 1 3 0 2 2 3 4 1 1 3 0 3 0 1 2
split_gain=35.3802 36.4198 34.9097 34.1065 25.4217 23.7972 19.3756 16.1042 14.9631 13.0166 12.9395 11.2317 10.8469 10.6652 32.8186 19.5078 18.9761 12.9622 11.3887 11.1954 10.2898 10.1698 18.4311 9.90202 9.77204 15.9455 12.8871 10.1683 13.4587 9.74418 9.9007 9.17254 8.73916 53.8592 26.7726 12.8919 13.9194 12.3875 13.0642 13.0068 9.72291 13.7563 20.2915 18.9152 68.0754 31.7409 25.2463 58.5372 55.8481 33.4782 51.8294 21.3755 19.2288 19.3667 17.623 16.5744 15.5051 15.2644 15.0105 24.3179 13.9865 27.9385
threshold=0.75000000000000011 47.856706619262702 55.488622665405281 92.907444000244155 14.500000000000002 26.36544227600098 0.75000000000000011 45.536504745483406 99.103118896484389 9.600614547729494 93.957649230957045 40.238094329833991 1.0000000180025095e-35 61.938297271728523 70.659969329833999 55.625879287719734 4.5000000000000009 59.59492492675782 61.938297271728523 41.421361923217781 14.650406837463381 1.0000000180025095e-35 45.536504745483406 40.936473846435554 42.462121963500984 14.650406837463381 67.890834808349624 95.896026611328139 45.923791885375984 12.608381271362306 80.229885101318374 43.792808532714851 61.257406234741218 77.015758514404311 68.532287597656264 67.769271850585952 59.59492492675782 3.5000000000000004 70.15265274047853 80.810150146484389 94.360820770263686 84.660633087158217 93.788581848144545 77.581478118896499 82.413585662841811 7.5000000000000009 79.772727966308608 68.614070892333999 5.5000000000000009 72.821968078613295 85.912700653076186 77.459678649902358 1.5000000000000002 73.126304626464858 72.821968078613295 67.006801605224624 9.5000000000000018 82.413585662841811 3.5000000000000004 68.457099914550795 77.37634658813478 76.63120269775392
decision_type=2 2 2 2 2 2 2 2 2 2 2 2 2 2 2 2 2 2 2 2 2 2 2 2 2 2 2 2 2 2 2 2 2 2 2 2 2 2 2 2 2 2 2 2 2 2 2 2 2 2 2 2 2 2 2 2 2 2 2 2 2 2
left_child=1 2 5 6 24 9 8 20 10 -1 12 -3 -2 14 18 23 17 -16 21 -17 -7 22 -13 -15 25 26 -4 -26 -29 30 -19 -6 33 35 37 -21 -37 39 -39 -34 41 43 -43 46 60 55 47 -36 49 54 52 58 -51 -54 -48 57 -47 -46 -49 -60 61 -45
right_child=3 11 4 -5 31 7 -8 -9 -10 -11 -12 13 -14 15 16 19 -18 29 -20 32 -22 -23 -24 -25 27 -27 -28 28 -30 -31 -32 -33 34 -35 40 36 -38 38 -40 -41 -42 42 -44 44 45 56 48 51 -50 50 -52 -53 53 -55 -56 -57 -58 -59 59 -61 -62 -63
leaf_value=0.66266936835474155 -0.094218040920262078 0.040716125779181135 0.36317700954966819 0.058950140508748035 -0.058254149333901328 -0.02681797572842164 0.072728569906781254 -0.021877720485418545 0.075985124933305295 0.036830176139374997 0.0768660970263466 -0.051849881673642503 0.005233255920837657 -0.11759761238383548 0.077880430929335998 0.057844425413376997 -0.0024402635302228667 0.0063837204556671402 -0.05737911356406647 -0.045185638311952568 -0.075632089396348676 -0.0069382621068416897 -0.0097911785417073259 0.040105997929748415 0.032700263297109726 0.042611248454219854 0.10991126818614685 0.085157994401513323 -0.64817856275061281 0.04287663650846571 -0.109399110890983 0.018159644401772881 -0.0079263156941838421 0.046175468719683303 -0.056274328175555492 0.0011825290052559284 -0.057616955427318386 0.0267917108244859 0.082116338791608762 0.067762487447460024 0.0044181792019788715 0.013781135998723146 -0.061835448758587708 0.029349597706522183 -0.11193019229231002 0.034172262743225393 0.070755766476662804 -0.0085682359191097766 -0.019540661836229559 0.003639766620538235 0.050706766046262834 -0.050525924223017875 -0.067374569700308154 -0.24820325760298764 0.018570471116700377 -0.053158527309782447 -0.043460949337527553 0.051246847896429581 -0.085245158066176149 0.031717470474510269 0.026128325228639213 -0.055691675889002257
leaf_weight=0.2151463339105274 7.0549390154774292 40.61475543450797 2.1910944068804374 88.754914135090075 29.980090280267177 35.730754623073153 28.876062250608811 88.116287302691489 19.57771448045969 18.647269906185102 16.097742261918029 118.0561669821036 1371.7620667025913 2.6192244599806136 35.282941464276519 20.877385693020187 225.93721530307084 26.429512463510036 47.767724262666889 145.35607646493008 122.01091267028823 313.48787933459971 153.24190460631507 93.868484336009715 41.692245882848511 9.8885790423082636 3.1121613681316376 0.31443321885308151 0.32646510284394026 46.741344334324822 5.7561277057975522 15.126217073702717 87.064647803839762 78.956916167866439 147.28866929822834 117.06485886254814 33.038351878465619 107.12588700972265 36.666353053005878 17.441703571123071 1137.1009585480206 360.07174933346687 24.241330092132557 51.670454138191417 4.6141159736434956 50.579158134874888 129.21071916579967 164.97486593213398 221.46498490410158 23.969770345895085 64.608018407772761 43.070840212865733 32.640305400069337 4.2885792035376644 60.952732966921758 322.51148994715186 24.41166047367733 17.911108245840296 12.143855115864424 180.0600163564086 178.80684699956328 47.409703463315964
leaf_count=21 171 13156 46 123563 8733 5828 15721 11773 25795 3368 20384 133556 208142 241 941 1149 14290 128 4788 17493 162889 33165 11613 7729 5994 1888 16 22 18 2838 89 2904 7173 2694 9316 7605 2110 7791 1403 709 78210 15327 1528 1823 153 846 2641 6363 6511 613 1273 1522 1369 94 1509 8623 458 541 673 6423 4598 1649
internal_value=8.07991e-05 -0.00295114 -0.0272727 0.0108159 0.0123346 -0.0426284 0.00785605 -0.0492722 0.00653172 0.0439686 0.00555693 -0.0011845 0.0047244 -0.00152372 -0.00904485 0.000285292 0.0109941 0.0375709 -0.0198205 -0.000583375 -0.064575 -0.0167526 -0.0280931 0.035825 0.0475915 0.102633 0.214551 0.0278391 -0.288394 0.0195512 -0.0143231 -0.0326291 -0.000894022 -0.0125189 0.00033125 -0.028204 -0.0117595 0.0256658 0.0408992 0.00470585 -0.00157266 -0.00471641 0.00901147 -0.00767604 -0.0179496 -0.0382721 -0.00106573 -0.0131543 0.0112569 0.0328636 0.000794716 0.00271357 -0.0521575 -0.0883743 0.0540289 -0.0485247 0.00890043 0.0178213 0.00913352 0.0243275 0.0127682 -0.0113425
internal_weight=6956.87 5424.75 367.352 1532.12 102.631 264.72 1443.37 245.858 1414.49 18.8624 1394.91 5057.4 1378.82 5016.78 972.701 4044.08 340.147 114.21 632.554 3947.59 157.742 584.786 271.298 96.4877 57.525 15.1918 5.30326 42.3331 0.640898 78.927 32.1856 45.1063 3926.72 374.416 3552.3 295.459 150.103 248.299 143.792 104.506 3304 2166.9 384.313 1782.59 697.915 420.028 1084.67 547.538 537.135 315.67 125.507 400.25 60.8987 36.9289 190.163 345.037 74.9908 22.5252 357.179 192.204 277.887 99.0802
internal_count=1020000 626224 203500 393776 19621 183879 270213 180490 254492 3389 228697 422724 208313 409568 201408 208160 18286 3996 183122 200190 168717 178334 145169 7970 7984 1950 62 6034 40 3055 217 11637 199041 29902 169139 27208 9715 17076 9194 7882 152063 73853 16855 56998 18691 10621 38307 24297 14010 7499 3349 14981 2076 1463 4150 9317 1304 694 13459 7096 8070 3472
is_linear=0
shrinkage=0.08


Tree=91
num_leaves=63
num_cat=0
split_feature=5 0 2 0 3 8 7 5 1 4 4 2 1 5 3 4 3 1 1 5 5 0 4 5 5 4 4 0 2 2 3 0 3 7 1 2 2 4 1 0 0 3 2 0 2 1 5 0 4 5 2 1 3 5 5 4 0 5 2 3 2 0
split_gain=32.7446 31.962 28.8331 33.8265 32.3257 20.1657 19.3948 18.9064 18.4262 20.0569 23.7534 17.133 14.249 29.3261 13.8128 15.5485 34.4228 17.6607 12.7978 12.5339 12.0231 11.3929 11.3668 11.0833 10.4588 10.4427 10.3546 10.1783 43.2149 31.5837 29.2824 24.1429 31.09 14.5677 14.5025 40.019 26.3494 24.8105 20.4562 18.3814 25.4458 13.4553 18.0691 16.8417 13.2734 13.6576 13.0928 12.5831 11.7608 26.4876 17.8513 17.6329 13.3743 12.8813 11.9235 11.8146 11.4044 11.0294 10.8827 10.6751 10.5431 10.2655
threshold=94.754039764404311 47.856706619262702 56.294013977050788 26.36544227600098 14.500000000000002 1.0000000180025095e-35 0.75000000000000011 44.49494934082032 91.54584121704103 87.885581970214858 94.831630706787124 40.238094329833991 95.861873626708999 62.534915924072273 10.500000000000002 93.762966156005874 17.500000000000004 84.273937225341811 67.769271850585952 14.342856884002687 98.122024536132827 99.593494415283217 99.103118896484389 42.672246932983406 96.437637329101577 31.892949104309086 94.38727188110353 62.910053253173835 72.04651260375978 64.326763153076186 4.5000000000000009 75.582656860351577 3.5000000000000004 1.0000000180025095e-35 64.660633087158217 77.003208160400405 71.50376129150392 17.173579216003422 50.252525329589851 80.186916351318374 63.686313629150398 12.500000000000002 64.051280975341811 54.923507690429695 86.526824951171889 57.275131225585945 16.730279922485355 76.50690078735353 23.14919471740723 41.799478530883796 55.217784881591804 35.368577957153327 2.5000000000000004 36.323410034179695 42.244771957397468 38.241153717041023 67.006801605224624 9.600614547729494 51.649148941040046 9.5000000000000018 80.229885101318374 65.26175689697267
decision_type=2 2 2 2 2 2 2 2 2 2 2 2 2 2 2 2 2 2 2 2 2 2 2 2 2 2 2 2 2 2 2 2 2 2 2 2 2 2 2 2 2 2 2 2 2 2 2 2 2 2 2 2 2 2 2 2 2 2 2 2 2 2
left_child=1 2 3 -1 -4 24 11 19 9 -7 14 23 27 21 -11 17 18 20 -17 -5 -16 -14 -12 -3 -2 -23 -18 28 41 31 46 32 -29 -31 35 37 -36 -35 -39 40 59 48 43 58 45 47 -30 -42 51 -50 -51 -13 54 -53 55 -52 -34 -33 -43 -37 -41 -47
right_child=5 6 4 7 -6 8 -8 -9 -10 10 22 12 13 -15 15 16 26 -19 -20 -21 -22 25 -24 -25 -26 -27 -28 29 30 33 -32 57 56 34 36 39 -38 38 -40 60 44 42 -44 -45 -46 61 -48 -49 49 50 52 53 -54 -55 -56 -57 -58 -59 -60 -61 -62 -63
leaf_value=0.05250857758163395 0.025247829473284668 -0.013690700291872217 0.048486210137126479 -0.022104079571839567 -0.037476491371793604 0.037045520158863962 0.077194172112324835 -0.023344508931012822 0.067782120351395483 -0.034157187529120316 0.00064160265982459764 0.12607747279707346 0.02505144122901181 0.068801206123190767 -0.13653477297559113 0.081098556778009298 -0.92029512722037143 -0.93940417032526502 -0.4523945263706054 -0.077120281113467554 0.080569250469262568 0.01059504136866174 0.074683374354160628 0.065587034628087751 0.06878799370351614 -0.040259296528983468 -2.2616280291209439 -0.026948084271273546 0.014734148483183192 -0.039029084111537424 -0.00094628874481191688 -0.013838813054329347 0.013141723992471691 -0.0053343977269893848 0.02220627105357716 0.14040910396704376 -0.001399663885013577 -0.00011819694724319095 -0.070796059131418884 -0.11849145329935561 -0.025238628021178624 0.022976823357362109 -0.050428503644886068 0.043172452383698545 0.03856537440158906 0.020051176341009939 0.065978515230934662 0.070874889102842772 -0.065424185565608806 0.00034932234308880324 0.53701419589994981 -0.011580982680644294 -0.04537393176076699 0.24353747481139543 -0.0091611631456868479 -0.082843863448864505 0.053439967436148879 0.073338657192482046 -0.049784830166047622 0.027366705036432827 0.058102080465505336 -0.054106142437079986
leaf_weight=26.759888233267702 75.844831267313566 15.58922604145482 67.065776621224359 35.582217127433978 48.059124280291144 83.902457063086331 20.822598132945132 170.12642240454443 31.6234235689044 51.904543898417614 148.23364789038897 6.2767707059974773 83.632731218531262 56.647578558186069 6.4989243089221382 0.46786517009604611 0.079944704251829424 0.15652266319375563 0.74764464295003563 103.85720626899274 2.1801954408874735 52.03325946838595 14.574492674262727 40.887703029147815 66.064142228133278 51.342361249029636 0.068302600120659918 88.377522828639485 53.87734233122319 65.295691693085246 267.52156603138428 10.704525681212543 102.20430842071073 105.87543341843411 335.10393754439428 9.8458503321162443 3122.5948896289337 33.403793061326724 121.6650387433474 2.2556753550888962 19.850819851912092 24.303546115930658 31.13512802310288 71.113943383970764 25.434384129417595 14.288337290578054 78.259797513135709 15.543923037475905 99.557294167869259 171.70936963579152 0.50607635086635028 206.6587027888163 175.59276380538358 1.2744640212040383 79.890862351574469 0.32201596625964157 80.223909339460079 70.189492585777771 28.680795341788325 11.699590267846359 53.066534604295157 72.902087689493783
leaf_count=5459 26762 10811 7893 5880 11156 17921 14737 18697 45388 12249 20930 276 5233 83035 477 162 28 19 110 161948 1003 4256 16426 3894 38872 2205 20 8340 285 1209 16624 99 9315 864 19826 446 196827 3636 15092 112 1201 8663 4836 8091 1074 657 6119 451 127241 17441 81 8465 12138 63 4703 169 5678 8155 8706 699 3324 3523
internal_value=7.83667e-05 -0.00142979 -0.0219553 -0.0337839 0.0126009 0.0201819 0.000120225 -0.0412433 0.00962094 0.00366508 -0.00878734 -0.000149171 -0.000568889 0.0183736 -0.0508818 -0.135993 -0.387411 -0.0971871 -0.247046 -0.0630812 -0.0819982 0.0030983 0.00726978 0.0437041 0.0455175 -0.0146622 -1.53829 -0.00138474 -0.00760744 0.000465689 0.0142726 0.0234523 0.0119964 -0.00155096 -0.000930406 -0.0138729 0.000888113 -0.0351881 -0.0555712 0.0108598 -0.00220431 -0.0173558 0.00406237 0.0177336 -0.0140279 -0.0249401 0.0450842 0.0169705 -0.021838 -0.0282567 -0.0196115 -0.00602947 -0.0329838 -0.0100173 -0.0060308 0.295973 0.0308631 0.0618027 -0.0164096 0.0790249 0.0509018 -0.0419536
internal_weight=6911.96 6429.61 451.451 336.326 115.125 482.347 5978.16 309.566 340.438 308.815 224.912 5957.34 5900.86 243.656 62.1039 10.1994 1.36376 8.83564 1.21551 139.439 8.67912 187.008 162.808 56.4769 141.909 103.376 0.148247 5657.21 1296.68 4360.53 399.659 351.7 270.806 4008.83 3943.53 485.831 3457.7 260.944 155.069 224.887 169.565 897.022 155.233 124.098 148.02 122.585 132.137 35.3947 741.788 527.578 428.021 214.21 256.312 207.933 80.719 0.828092 182.428 80.894 52.9843 21.5454 55.3222 87.1904
internal_count=1020000 839633 211033 191984 19049 180367 628600 186525 114733 69345 51424 613863 599158 94729 14068 1819 320 1499 272 167828 1480 11694 37356 14705 65634 6461 48 504429 223901 280528 23028 31587 23333 248941 247732 31079 216653 19592 18728 11487 8051 200873 30296 25460 6906 5832 6404 1652 170577 161773 34532 8804 17091 8528 4953 250 14993 8254 17369 1145 3436 4180
is_linear=0
shrinkage=0.08


Tree=92
num_leaves=63
num_cat=0
split_feature=6 0 4 0 4 4 7 1 2 3 1 2 3 1 3 4 8 4 0 2 0 4 3 3 3 0 4 0 4 2 1 1 1 4 2 4 3 0 0 2 3 2 3 1 2 4 3 3 4 4 1 4 2 1 4 0 2 4 1 1 4 0
split_gain=29.2129 34.3757 47.4472 26.0537 35.7484 18.0256 16.8381 14.883 9.85356 15.0162 8.88424 8.49826 8.42848 8.46534 7.48214 6.79198 6.58891 16.8114 7.60636 12.7373 8.83872 8.4054 7.0943 6.4435 6.12811 6.57975 20.3097 7.92746 6.37734 9.10974 17.1708 9.00332 7.67813 7.34485 6.45759 11.8964 48.8632 6.00156 5.86559 5.72019 7.39612 6.21615 5.64735 8.63396 12.6913 20.4012 5.58483 7.89493 8.96414 6.69304 6.35776 5.58134 5.43904 5.16939 6.67334 5.14923 13.5986 11.2242 8.13317 7.97091 7.96404 7.31063
threshold=1.0000000180025095e-35 56.294013977050788 45.910001754760749 90.353595733642592 48.842567443847663 98.739471435546889 0.75000000000000011 94.174205780029311 71.010189056396499 3.5000000000000004 71.50376129150392 23.294573783874515 2.5000000000000004 65.733856201171889 5.5000000000000009 8.3920187950134295 1.0000000180025095e-35 90.486961364746108 61.938297271728523 68.783603668212905 65.485893249511733 34.538915634155281 31.500000000000004 33.500000000000007 2.5000000000000004 66.323020935058608 48.42927551269532 80.810150146484389 46.321735382080085 62.575302124023445 61.938297271728523 52.689416885375984 64.660633087158217 44.163812637329109 55.217784881591804 38.115415573120124 4.5000000000000009 69.614067077636733 75.582656860351577 74.115688323974624 5.5000000000000009 61.938297271728523 6.5000000000000009 91.922958374023452 99.532711029052749 89.48392486572267 14.500000000000002 16.500000000000004 89.749843597412124 55.370880126953132 41.712455749511726 35.776086807250984 90.521114349365249 91.010101318359389 80.966987609863295 90.054946899414077 92.390407562255874 50.802230834960945 81.872947692871108 81.517440795898452 47.939544677734382 74.322341918945327
decision_type=2 2 2 2 2 2 2 2 2 2 2 2 2 2 2 2 2 2 2 2 2 2 2 2 2 2 2 2 2 2 2 2 2 2 2 2 2 2 2 2 2 2 2 2 2 2 2 2 2 2 2 2 2 2 2 2 2 2 2 2 2 2
left_child=1 2 8 5 52 6 7 11 -1 10 12 -2 13 -10 -6 -9 17 22 39 20 -20 -21 46 -4 25 26 -22 37 29 30 31 -26 -31 38 35 36 -33 -27 -34 41 -41 -18 43 44 -16 53 -3 49 50 -48 -49 -52 -5 54 -46 58 57 60 61 -58 -57 -23
right_child=3 16 23 4 14 -7 -8 15 9 -11 -12 -13 -14 -15 42 -17 18 -19 19 21 24 55 -24 -25 28 27 -28 -29 -30 32 -32 34 33 -35 -36 -37 -38 -39 -40 40 -42 -43 -44 -45 45 -47 47 48 -50 -51 51 -53 -54 -55 -56 56 59 -59 -60 -61 -62 -63
leaf_value=-0.06442839434656808 0.063070591017271915 -0.0022524716291541149 -0.0019093885280886611 0.053219638088803728 0.06328538896824791 0.073114395944237118 0.070488950900184588 -0.035660254228482499 0.061566642220571899 -0.040799600329772576 -0.0026307007337209865 0.00078670365776673662 0.59296267385788648 0.43184913190414487 0.080380767175935244 0.06676453294771946 -0.027231448167113894 0.03992066715079147 -0.012310195971094904 -0.059461722849271662 0.035687303976234895 4.6795409549103847e-05 0.33466113562379951 -0.19267763666578547 -0.048856297693308834 0.009987703205465992 1.1422813185523411 0.061504502321307775 0.033701272029058565 -0.08196561382131147 0.52429272023774964 2.1452241948787512 -0.00020470598057110195 0.23247530499602531 0.1076231784699988 0.17153449244873781 0.15639325323296674 -0.087934638994953893 0.33089135866105479 0.05609815885089043 -0.027575613469189037 -0.082846021168401521 0.080444329290119146 0.080906257304409132 -1.4676205909375486 0.080668118994138907 0.095180793168621186 0.33889376569479107 -0.44374884903363515 0.0092606762569603113 -0.12551664822316469 0.0064148060075164296 0.0025684456706883173 -0.51615244962949647 -0.58954479177976171 -0.036224394908860001 0.051447482584609572 0.050393473739228249 0.0067651288691530226 -0.047747356374190031 -0.32423412713144517 -0.020637744088879844
leaf_weight=164.42376784689259 14.07169798912946 1062.5765593365941 215.61139738184283 14.535084350558462 119.25421483546961 22.874589829880279 22.767450226587243 4.7875108262524 1.3231850682059336 14.018608507642055 1.6901695571141315 3840.959529798216 0.36326059763086949 0.56339428503997613 0.502438533992972 30.801747728488408 47.900937889149645 68.276858581637498 36.889637938467786 20.342669305275194 0.55886025860673072 197.83572089206427 0.40287811029702325 1.1391431139199983 1.4904716627206633 8.3709364846581646 0.13103465607855469 7.7850355316768391 38.194183398736641 2.3485011033480987 0.76197396550560359 0.10773184831486993 3.5885698045021859 1.6444022250943815 2.6506908300798386 0.99838145478861406 0.29708356253104284 7.6815489428117862 0.37856393569381896 10.019253768667115 20.789529609144665 17.584202416852349 1.2676180173293685 0.80081153963692475 0.10336034127976745 0.34233569155912846 13.471581615478501 0.34054239938269049 0.3009004257619371 10.192677563522009 2.3409870374889605 16.63645638039452 203.97529872422456 0.40001760446466506 0.11936381901614368 2.3871821209322692 5.589594703167676 20.552996177459136 245.73685609555105 71.543714279483538 0.82745724171400059 244.51412822073326
leaf_count=255826 4132 79148 19759 1094 165446 29023 11767 310 90 8679 83 309854 34 31 164 23178 17407 2298 8199 6824 152 10078 14 93 442 1400 6 418 1061 1294 81 29 928 50 715 52 57 767 43 598 1829 6731 373 214 26 76 1681 47 4 131 886 924 22859 44 24 122 368 778 6258 8608 17 6376
internal_value=8.168e-05 -0.00661806 -0.0282136 0.00414325 0.0253464 0.00230479 0.00189089 0.00148947 -0.058283 -0.00201767 0.135969 0.00101405 0.240091 0.172145 0.0598849 0.0529862 -0.00268948 0.00139498 -0.00739507 -0.00516338 0.0198875 -0.00868818 -0.000982767 -0.00291198 0.0353154 0.00230638 0.245867 -0.00474265 0.0507484 0.0963873 0.168209 0.119272 0.0394867 0.0903161 0.181086 0.319861 0.685673 -0.0368708 0.0313902 -0.0287912 -0.000364258 -0.0421652 -0.0547997 -0.130379 -0.245675 -0.415426 -0.00110505 0.0270636 -0.0104608 0.0581733 -0.00371185 -0.00985977 0.00593771 -0.688141 -0.997036 -0.00737908 -0.0242563 0.0286513 -0.00490421 -0.040559 -0.110359 -0.0113868
internal_weight=6870.74 2593.17 399.133 4277.56 341.301 3936.26 3913.39 3890.62 182.382 17.9586 3.94001 3855.03 2.24984 1.88658 122.79 35.5893 2194.04 1174.54 1019.5 923.208 113.878 809.33 1106.26 216.751 76.988 24.5274 0.689895 23.8375 52.4606 14.2664 6.30633 5.54436 7.96004 5.61154 4.05389 1.4032 0.404815 16.0525 3.96713 96.2939 30.8088 65.4851 3.53595 2.26833 1.46752 0.965077 1105.86 43.2831 19.6189 23.6643 19.318 18.9774 218.51 0.622742 0.222724 788.988 100.901 23.7676 688.087 77.1333 3.21464 442.35
internal_count=1020000 451416 284595 568584 190320 378264 349241 337474 264743 8917 238 313986 155 121 166367 23488 166821 85133 81688 55123 15694 39429 82835 19852 7495 2743 158 2585 4752 3691 1376 1295 2315 1021 853 138 86 2167 971 26565 2427 24138 921 548 334 170 82821 3673 1861 1812 1857 1810 23953 94 50 32605 9893 917 22712 8976 139 16454
is_linear=0
shrinkage=0.08


Tree=93
num_leaves=63
num_cat=0
split_feature=5 5 6 2 1 5 4 4 8 7 4 8 5 3 5 4 1 5 5 5 8 4 5 6 1 3 8 4 2 3 1 1 2 1 2 1 5 5 1 4 4 5 4 1 4 6 7 3 2 5 1 3 4 2 5 1 2 1 6 4 4 3
split_gain=27.4051 22.1376 103.947 23.5444 18.8846 28.2204 17.5547 16.999 14.9298 14.8564 14.3664 18.6601 24.7728 13.0574 12.5834 13.0854 13.5335 25.7604 10.1103 9.89238 13.4944 12.9072 9.45442 9.40957 9.71695 8.85118 17.0591 8.65248 8.47612 12.557 10.0224 8.76224 14.9928 12.7202 8.64658 14.1385 9.89288 8.75896 10.2167 8.14828 47.0409 8.11852 8.07184 15.9551 7.71833 7.21328 7.13583 10.0237 14.0752 14.9834 7.11336 6.99922 6.9913 6.84121 6.84008 8.20365 7.15018 16.8933 9.3514 9.24565 7.76763 6.90606
threshold=98.251728057861342 43.204938888549812 1.0000000180025095e-35 87.841831207275405 95.861873626708999 62.534915924072273 31.641993522644047 43.947717666625984 1.0000000180025095e-35 0.75000000000000011 41.910465240478523 1.0000000180025095e-35 96.437637329101577 20.500000000000004 52.657253265380866 49.285570144653327 95.69842910766603 70.139560699462905 36.07402420043946 56.111852645874031 1.0000000180025095e-35 30.445816993713382 85.25860977172853 0.75000000000000011 81.28433990478517 20.500000000000004 1.0000000180025095e-35 33.701759338378913 61.633426666259773 4.5000000000000009 49.089704513549812 53.248945236206062 52.97661209106446 40.212766647338874 88.762622833251967 76.23956680297853 44.49494934082032 84.943626403808608 34.641025543212898 90.685741424560561 92.11072158813478 27.792633056640629 45.536504745483406 90.815368652343764 56.727003097534187 0.75000000000000011 1.0000000180025095e-35 1.5000000000000002 91.715686798095717 80.119758605957045 32.690166473388679 10.500000000000002 53.768512725830085 80.901721954345717 49.358869552612312 74.601570129394545 77.003208160400405 70.051548004150405 1.0000000180025095e-35 82.719280242919936 88.577949523925795 1.5000000000000002
decision_type=2 2 2 2 2 2 2 2 2 2 2 2 2 2 2 2 2 2 2 2 2 2 2 2 2 2 2 2 2 2 2 2 2 2 2 2 2 2 2 2 2 2 2 2 2 2 2 2 2 2 2 2 2 2 2 2 2 2 2 2 2 2
left_child=1 2 3 -1 9 52 18 23 42 10 13 12 28 19 -13 -16 -17 -18 -4 21 22 -3 27 24 -8 -9 -27 -21 31 30 44 32 -12 -34 -31 37 -37 38 -36 -19 -41 -25 -5 -44 -30 -35 47 48 -32 -50 -28 -33 -6 -49 55 -48 -56 59 60 -58 61 -59
right_child=-2 4 6 8 5 -7 7 25 -10 -11 11 14 -14 -15 15 16 17 39 -20 20 -22 -23 -24 41 -26 26 50 -29 29 34 46 51 33 45 35 36 -38 -39 -40 40 -42 -43 43 -45 -46 -47 54 53 49 -51 -52 -53 -54 -55 56 -57 57 58 -60 -61 -62 -63
leaf_value=-0.067264735553617463 0.043004528197760954 0.081153180293487198 0.0010001883900023353 0.0071117792520524305 -0.020421341756113924 0.070162658695408539 -0.063917828803103219 0.044886033008119733 -0.080506787004456265 0.066759234939355996 0.015409617889431151 -0.029642321880178291 0.066039482150027584 -0.072550614605621455 0.017903380430929507 -0.0063190204981607304 -1.6235339326707905 0.080275676932701698 0.049950619538169469 -0.036261638774817778 0.035045910162680473 0.020384964309357444 0.07472561920772415 0.21398309261168005 -0.012623679215201293 0.10297364961858181 2.1489431231051745 0.0012984007121037676 0.13459193849346879 -0.015041571350867771 0.085390583564898676 0.023752483721011838 0.030980844349628854 -0.053356512807910345 -0.13155200406915279 0.21304659830774736 -0.008971195432326216 -0.00044270420113368651 0.043293231527727224 -4.5526976606445411 0.080108229163438363 -0.014416330906794662 -0.082013243870195554 0.55783043213479555 0.025805002299840462 -0.16245346972417452 0.026809387698628302 0.036276461540203309 -0.44284516915685773 0.082324013069643806 0.81484026190193226 0.073128738772412091 0.063138548177804024 -0.12379209411088468 -0.0035024186134400338 -0.046247951845441095 0.073006493129819161 -0.02246416624800799 0.02741201170874203 0.0024331016503603827 0.039823555203561609 0.0073080669484606323
leaf_weight=201.69907991719083 93.861767242808128 24.399907670769608 1962.5282196846092 44.845763795136008 45.479638743272517 64.518677168904105 62.447998669173103 18.164249031746298 14.710918654513078 22.624320066941436 175.48274449360906 133.50795127989841 42.350340141507331 11.005397241882745 156.38860182874487 1444.9829007441294 0.093743174918926253 0.27512265145196579 27.380983057082631 58.860443783749361 65.375351713591954 268.83008537258138 8.5911142423574329 1.0026896727504198 38.030060832388699 0.33584501850418647 0.035876192443538457 117.83168865635525 6.9952184676949427 334.85459063170129 5.8323306370293748 85.527059560816269 9.7562366616912204 16.380636100017004 2.1951998290023758 1.2899939836934198 300.47394667440676 63.342756053549238 83.33138212969061 0.017268098366912454 0.074736288574058563 149.68176175327972 0.49997992895077814 0.4977081473916769 10.349289489153305 5.0820775645552194 15.00278429922764 2.1419495075242585 0.74378504999913253 0.65288620570208877 0.089113983674906194 23.400649939721916 7.4593499984766813 8.4510499405441788 146.53509436774766 28.568571702344343 47.15182574710343 82.513257211307064 132.9228339906258 15.88226188282715 28.840201871935278 126.01980250456836
leaf_count=341353 86627 1265 57451 6983 1896 113517 45903 1676 5027 13833 18889 18126 16155 1454 6732 110399 10 261 1593 1431 2001 22992 1709 39 810 52 13 3880 232 13371 87 6222 480 1235 127 18 19683 5573 3847 20 101 4905 80 10 747 259 811 32 14 34 39 1186 1447 186 10008 380 3215 1640 55261 2273 1141 3259
internal_value=7.41705e-05 -0.000522412 -0.0064556 -0.0541308 0.003013 0.0346424 -0.000922564 -0.0200725 -0.0103835 0.00211016 0.00175274 -0.000124594 0.00557718 0.0137206 -0.00604562 -0.00407891 -0.00645727 -0.439905 0.00167374 0.0154663 0.00379692 0.0254415 -0.00722897 -0.0255409 -0.0445034 0.0536703 0.39991 -0.0112138 0.00412207 0.00152634 0.00967326 0.0159982 0.00632198 -0.0447599 -0.00530455 0.00193079 -0.0080221 0.0221057 0.0388055 -0.137674 -0.789413 -0.0128965 0.0121187 0.23718 0.0696799 -0.0791892 0.00805022 -0.0418628 0.030764 -0.19735 1.19777 0.0343599 -0.00864736 -0.0914256 0.00947707 -0.0210924 0.0117741 0.01694 0.0104229 0.0552246 0.000909492 -0.00447234
internal_weight=6848.2 6754.34 2521.95 262.253 4232.39 117.458 2259.7 269.788 60.5544 4114.93 4092.31 3537.41 1802.07 554.894 1735.34 1601.83 1445.44 0.46087 1989.91 543.889 250.659 293.23 185.283 251.163 100.478 18.6251 0.460835 176.692 1759.72 1444.09 658.603 315.629 206.702 31.219 785.488 450.633 301.764 148.869 85.5266 0.367127 0.0920044 150.684 45.8435 0.997688 17.3445 21.4627 641.259 17.822 7.229 1.39667 0.12499 108.928 52.939 10.593 623.437 43.5714 579.865 433.33 370.296 63.0341 237.373 208.533
internal_count=1020000 933373 465934 353453 467439 116860 112481 53437 12100 350579 336746 302014 166365 34732 135649 117523 110791 392 59044 33278 9021 24257 7020 51657 46713 1780 104 5311 150210 121939 79320 28271 20863 1974 42619 29248 19701 9547 3974 382 121 4944 7073 90 979 1494 78341 353 135 48 52 7408 3343 218 77988 1191 76797 66789 61301 5488 6040 4899
is_linear=0
shrinkage=0.08


Tree=94
num_leaves=63
num_cat=0
split_feature=9 5 6 9 8 4 7 4 5 4 8 5 9 5 5 3 5 4 4 5 5 4 4 4 3 1 1 4 4 1 5 9 3 1 9 9 4 9 4 4 4 5 1 9 9 4 1 9 9 4 9 9 5 5 3 1 9 3 1 1 1 7
split_gain=31.4933 18.9708 78.8776 41.2028 16.8482 15.9651 14.275 12.6355 15.7633 10.4864 13.45 20.9074 10.6078 15.223 12.503 10.3571 10.3542 10.7761 10.1483 12.4099 8.94686 11.5208 8.75093 11.321 12.0187 16.6625 12.3517 8.70844 8.57618 18.1305 42.1404 10.0089 8.12411 8.05523 11.3448 7.66596 7.27225 20.6981 7.19927 6.90995 6.69031 7.69494 6.67905 9.44437 19.2693 27.4154 6.64268 7.04731 6.28498 6.20517 8.17129 6.1162 6.78703 5.98162 6.37826 9.54461 7.14119 6.89235 9.51401 6.23447 5.85136 8.93935
threshold=0.91929101943969738 46.734052658081062 1.0000000180025095e-35 0.40380826592445379 1.0000000180025095e-35 99.103118896484389 0.75000000000000011 32.828166961669929 36.07402420043946 43.703044891357429 1.0000000180025095e-35 96.437637329101577 0.76081374287605297 77.820186614990249 86.981086730957045 5.5000000000000009 66.506408691406264 70.613265991210952 62.527532577514656 84.943626403808608 37.387241363525398 47.080135345458991 50.118482589721687 44.835317611694343 1.5000000000000002 82.637680053710952 88.036697387695327 26.709129333496097 31.175813674926761 47.673160552978523 43.814874649047859 0.57548686861991893 23.500000000000004 90.054946899414077 0.79606559872627269 0.49213162064552313 53.768512725830085 0.31047625839710241 43.415952682495124 35.14332580566407 60.650449752807624 58.195386886596687 95.69842910766603 0.76881772279739391 0.76500371098518383 70.613265991210952 97.97959136962892 0.72908326983451854 0.66001698374748241 44.163812637329109 0.77597463130950939 0.51527395844459545 28.178466796875004 20.084033966064457 1.0000000180025095e-35 61.257406234741218 0.31961427628993994 11.500000000000002 72.255687713623061 33.520599365234382 80.810150146484389 1.0000000180025095e-35
decision_type=2 2 2 2 2 2 2 2 2 2 2 2 2 2 2 2 2 2 2 2 2 2 2 2 2 2 2 2 2 2 2 2 2 2 2 2 2 2 2 2 2 2 2 2 2 2 2 2 2 2 2 2 2 2 2 2 2 2 2 2 2 2
left_child=1 2 3 36 28 6 9 8 27 12 11 46 13 32 -15 -2 17 40 19 22 21 51 23 24 25 -18 -27 53 29 30 -5 -30 38 -21 -35 -29 -1 -38 -3 -34 48 -42 -20 44 -44 -46 60 -48 -12 -28 -51 -9 -53 -4 55 56 -55 -56 59 -59 -11 -62
right_child=15 5 7 4 -6 -7 -8 20 -10 10 16 -13 -14 14 -16 -17 18 -19 42 33 -22 -23 -24 -25 -26 26 49 35 31 -31 -32 -33 39 34 -36 -37 37 -39 -40 -41 41 -43 43 -45 45 -47 47 -49 -50 50 -52 52 -54 54 57 -57 -58 58 -60 -61 61 -63
leaf_value=-0.078376489660889087 0.064894735473459489 0.013524597989140184 0.00086113904971079377 4.9749280126596966 -0.052708083823914058 0.080135666920833404 0.069164908679121798 -0.061915720087870919 0.045391241349929834 0.0068223157714595983 -0.01800099448641657 0.061749368368897085 0.065175029793574271 -0.053425263193381374 0.071840118299987085 -0.00092603427678166503 -0.0011558084449537636 0.12911705741243301 -0.0050890315524754117 0.038331872770976785 -0.007097241329899872 0.45659291359043502 -0.018270706712524638 0.040675037394741473 -0.016439074434851205 -1.0584488351228216 -0.10858541653841931 -0.066983308779338308 -0.032566141303457502 0.039202602574642635 -0.08006839786859056 0.0170366976859045 0.056948080956833839 -0.59048884497400911 -0.027732234818271757 -0.0082716744369356124 2.16287568472986 -0.080125800796437871 0.07554817259398372 -0.14448118331187501 0.062235939771027309 -0.0070265778245110714 0.081303758670624213 0.074026789820882719 -1.4481397977157473 0.080917849058118996 -0.014584362458889416 0.075294609419636505 -0.054164542519949947 -0.99666147311393904 0.080146245591730378 0.21478424364643003 -0.023515064710775663 0.79800796521268169 0.0032413492199841899 0.064962410246653376 0.22800073473059501 0.28693324842143059 0.30979468601742954 0.022299789609275665 -0.058675626258623867 -0.0014780344342822671
leaf_weight=129.07630085165147 63.175065415998688 482.52376100077527 1861.161590605625 0.015825581504034569 65.056882610253524 17.086693672987167 20.538324059656588 38.425938361964654 51.722369453578722 1133.1831533552613 284.81691720103845 41.491162505524699 23.355747055087704 36.47287599806441 5.9284659675904541 20.189649587147869 0.73984642134746426 3.2563432780443682 1054.0608084176783 108.51508855383145 271.62777969567105 0.30291666451375832 86.851577516674297 41.365499982639449 6.3834712962270714 0.20934644318185747 0.31730531086213887 21.807908760616556 63.243179399840301 22.060264704545261 0.031688148766988888 44.251519246958196 1.545990131155121 0.23606952861882557 7.9515180881426204 40.976750069763511 0.035646344651467099 0.10074462645570748 12.282052777300121 3.6950589169864543 12.544567456643561 56.51024321388104 0.54210705729201336 11.257314333488464 0.15697759442264214 0.14378419722197577 8.4015345439547691 16.644160459371051 34.480313850741368 0.14743676560465246 0.064979522721841931 0.77622408233582874 52.511058832984418 0.18108560680411656 38.047202843357809 6.8166658855043352 0.6302079944871366 0.63701065856730466 1.0630656355060635 5.3966121989651583 18.13961324171396 486.53381818218622
leaf_count=268931 137872 14326 42776 20 54904 22836 13208 27469 3008 74131 13289 16682 8310 1071 469 6207 27 181 94879 10179 23695 56 4441 2300 302 8 53 14966 48383 8828 42 890 46 10 2294 785 3 135 477 249 269 1545 202 14570 37 19 443 21846 1219 6 72 13 1146 34 2308 80 52 169 13 732 332 56155
internal_value=8.46387e-05 -0.000520318 -0.00568507 -0.0427367 -0.0194889 0.00297046 0.00264094 -0.000668537 0.00179327 0.00229772 0.000626393 0.00565609 0.0123851 0.0101122 -0.0359109 0.048954 -0.0043852 -0.0158079 -0.000993681 0.0134179 -0.0144008 -0.0359604 -0.00299725 0.0239494 -0.0640477 -0.269542 -0.53821 0.0006525 -0.00281378 0.0425648 1.60362 -0.0121465 0.0140147 0.0325586 -0.043958 -0.0286648 -0.0777596 0.506092 0.0150641 -0.0850641 -0.0170231 0.00555572 -0.00441061 0.0546874 -0.203609 -0.717148 0.0042565 0.0451449 -0.0219062 -0.332611 -0.667259 -0.0375873 -0.0200438 0.00161423 0.0281741 0.0958346 0.35523 0.0167416 0.0891197 0.0502389 0.00363125 -0.0035339
internal_weight=6817.7 6734.33 2715.96 323.872 194.659 4018.37 4001.29 2392.08 2028.44 3980.75 3414.94 1704.39 565.804 542.448 42.4013 83.3647 1710.55 391.608 1318.94 252.782 363.644 92.0161 136.079 49.2279 7.86239 1.47891 0.739068 1976.72 129.602 22.1078 0.0475137 107.495 500.047 116.703 8.18759 62.7847 129.213 0.136391 494.806 5.24105 388.352 69.0548 1066.16 12.1002 0.842869 0.300762 1662.9 25.0457 319.297 0.529722 0.212416 91.7132 53.2873 1913.93 52.7719 7.62796 0.811294 45.1439 7.09669 6.03362 1637.86 504.673
internal_count=1020000 875921 499438 382136 113067 376483 353647 117302 64923 340439 315491 169589 24948 16638 1540 144079 145902 16503 129399 19692 52379 28684 7209 2768 468 166 139 61915 58163 8890 62 49273 15098 12483 2304 15751 269069 138 14803 295 16322 1814 109707 14828 258 56 152907 22289 14508 131 78 28628 1159 46164 3388 166 86 3222 914 901 130618 56487
is_linear=0
shrinkage=0.08


Tree=95
num_leaves=63
num_cat=0
split_feature=9 5 4 9 4 7 3 5 8 5 4 9 4 5 2 2 1 2 1 5 4 2 3 3 5 4 1 4 3 4 3 3 4 3 3 4 9 4 3 3 2 2 9 5 4 3 9 1 4 5 3 3 3 4 4 2 3 5 1 4 5 9
split_gain=28.1458 16.6298 62.9199 55.2459 14.8661 13.1931 9.86155 9.38905 8.96602 18.8197 16.1248 11.6375 11.412 8.46962 8.41119 8.22741 13.5168 27.5821 23.3045 11.4574 11.8331 9.95223 13.5963 28.0115 12.6739 11.8899 10.8292 10.4327 21.6623 9.92093 9.12565 8.8366 11.7566 12.0917 8.37587 8.30717 8.1859 8.09207 7.84287 9.01081 11.269 12.4213 10.3509 37.2542 8.38543 8.11969 13.1172 9.35021 8.40135 7.79579 7.56661 7.56308 7.42899 7.32917 7.31546 13.5083 11.7288 10.9284 8.99732 7.23806 8.7106 7.16543
threshold=0.91929101943969738 44.124549865722663 30.445816993713382 0.44826884567737585 99.103118896484389 0.75000000000000011 5.5000000000000009 36.787031173706062 1.0000000180025095e-35 96.437637329101577 41.910465240478523 0.53236505389213573 74.298820495605483 44.49494934082032 45.199691772460945 77.459678649902358 69.282051086425795 69.00656890869142 54.085849761962898 88.019138336181655 53.13592720031739 94.360820770263686 8.5000000000000018 10.500000000000002 62.534915924072273 56.727003097534187 84.889995574951186 85.062671661376967 10.500000000000002 49.882629394531257 13.500000000000002 14.500000000000002 98.557659149169936 11.500000000000002 3.5000000000000004 47.506906509399421 0.45911540091037756 45.910001754760749 12.500000000000002 16.500000000000004 64.051280975341811 95.69842910766603 0.8406454622745515 91.856159210205092 72.507308959960952 5.5000000000000009 0.76500371098518383 88.273490905761733 60.650449752807624 84.943626403808608 12.500000000000002 8.5000000000000018 41.500000000000007 56.727003097534187 59.863313674926765 87.007671356201186 11.500000000000002 68.989799499511733 72.255687713623061 37.296916961669929 50.318523406982429 0.55875089764595043
decision_type=2 2 2 2 2 2 2 2 2 2 2 2 2 2 2 2 2 2 2 2 2 2 2 2 2 2 2 2 2 2 2 2 2 2 2 2 2 2 2 2 2 2 2 2 2 2 2 2 2 2 2 2 2 2 2 2 2 2 2 2 2 2
left_child=1 2 14 -4 5 8 -2 37 9 13 51 12 -12 -3 36 16 17 19 30 20 -13 24 26 29 25 -17 -23 28 -26 -24 -19 32 -25 -34 -18 -36 -1 -5 45 40 59 42 -42 -44 -41 46 61 -47 -48 -29 54 -10 -21 -43 57 -56 -57 -30 -58 60 -40 -15
right_child=6 4 3 7 -6 -7 -8 -9 10 -11 11 15 -14 38 -16 21 34 18 -20 52 -22 22 23 31 27 -27 -28 49 50 -31 -32 -33 33 -35 35 -37 -38 -39 39 44 41 53 43 -45 -46 47 48 -49 -50 -51 -52 -53 -54 -55 55 56 58 -59 -60 -61 -62 -63
leaf_value=-0.033142864221155456 0.063872662170400871 0.062073000799275378 -0.068301520002301302 -0.034112783085074518 0.080125395347237935 0.068367569149826418 -0.00085117052639784008 -0.0042334032231288463 0.029940765633733643 0.060532085384137312 -0.028125071345085472 0.020004945928820607 0.095064644194461034 0.016829479464430728 0.0016747281725953288 -0.060271856963091876 0.0028020738929504731 0.046326107649724592 -0.072111717515785864 0.029469180227587329 -0.016635663506618159 0.033535347277689677 0.084601903531153669 0.027742659096636087 0.010240006153006321 0.0048031127021124463 0.00077957044888739778 0.087728424041643563 -0.26545362611036111 -0.048167147371032497 -0.11742244448855553 -0.021383667936724814 -0.93294676041218116 -0.1098935791426999 0.10850841615754159 0.03392115474096509 0.30358837077906892 0.3303524441981992 0.28017424825926501 -0.017837317357766773 -0.012188003776286416 0.083580057545998232 -0.71677112199102955 0.083300823670616225 0.040016413712173654 -0.0022733652959606642 0.052576902006486667 -0.047930525568307542 0.015590428108023311 -0.02341014531572112 -0.031268922930091314 -0.0078027674406838578 -0.62033728211431816 0.017372767252746939 -0.064622418863532524 -0.11235094307915999 -0.24079306768977343 0.081519705766448264 -0.59084128228588306 0.043514837490365971 0.082246180418692139 -0.0015373304255613973
leaf_weight=53.806944722222397 59.213817007490434 16.254593291232595 166.8261217448744 103.97371709209983 15.774946392484706 19.264113268058281 20.207392213458661 253.3210154932458 138.43751298153074 39.134261390194297 160.57890438553295 94.332859022426419 4.9614559889305374 168.7576215560548 1964.1663027079194 62.509892882662825 51.195520039647818 18.46626148669748 55.214546813222114 115.79614809819032 140.3171383382869 109.4610330152791 3.7374592514242968 92.80413566151401 228.73081547094625 25.218745765043423 157.59746880710009 4.1173671439755699 0.80234865844249936 99.350779727101326 2.4694328390760338 35.494962694880087 0.15731751278508355 0.41717559425160289 11.082698158104902 69.401515142177232 0.46604174841195245 0.39134443731745605 1.7579199539322852 64.083546747307992 42.877088818378979 15.837913652881978 0.60062863398343214 0.98056297656148672 21.384552682284266 721.21671911599697 48.994233532081125 29.896701423451304 198.73762141514453 213.14985083736246 14.209383428853469 45.029577349487226 0.11271039349958201 32.992649869760498 3.9734094316372648 1.4534543797490187 0.94444280350580812 2.1054445042391308 0.93533893837593496 56.310517042904394 7.4697549015982077 699.10612574924016
leaf_count=29527 137872 2239 315682 18139 22836 13209 6207 29871 7520 16714 18974 1701 375 8672 84554 990 4565 822 2160 20384 5293 13077 121 4616 16890 307 35828 342 7 2433 47 2429 17 64 307 5267 4 61 232 3999 1338 825 36 83 2176 36392 21309 1267 65590 16754 319 3811 5 2702 98 38 23 45 22 4403 169 28241
internal_value=5.99004e-05 -0.000500573 -0.00559854 -0.0302842 0.00261126 0.00231663 0.0474048 -0.0125528 0.00200861 0.0055578 -0.0019052 -0.00423135 -0.0244329 0.00454646 0.000816281 -0.00216137 0.00569395 -0.00122041 -0.0448602 0.00825925 -0.00190558 -0.00631049 0.00189858 -0.0122703 -0.0136499 -0.0415652 0.0142054 -0.00844399 0.00259297 -0.0433536 0.0270114 0.0125938 0.0255093 -0.335276 0.0281 0.0441918 -0.0302514 -0.0327461 0.00410351 0.0175827 0.0288535 0.0109926 -0.0196008 -0.220613 -0.00336202 0.0023395 0.00666883 -0.00409067 0.0229053 -0.021304 -0.0690221 0.0206771 0.0288373 0.0388467 -0.121541 -0.164251 -0.283013 -0.0142208 -0.41497 0.0542771 0.119953 0.00203413
internal_weight=6788.37 6708.95 2542.95 524.512 4166 4150.22 79.4212 357.686 4130.96 2166.39 1964.57 1781.1 165.54 2127.26 2018.44 1615.56 558.389 426.709 76.1502 350.559 234.65 1057.17 499.02 231.962 558.15 87.7286 267.059 470.422 253.155 103.088 20.9357 128.874 93.3786 0.574493 131.68 80.4842 54.273 104.365 2111 244.295 158.827 93.2888 44.4583 1.58119 85.4681 1866.71 1115.6 751.113 247.732 217.267 24.4238 183.467 115.909 48.8306 10.2144 7.30665 3.33324 2.90779 1.87978 65.5382 9.22767 867.864
internal_count=1020000 875921 477838 363753 398083 375247 144079 48071 362038 196387 165651 154320 19349 179673 114085 134971 40551 30412 3029 27383 6994 94420 58585 9680 35835 1297 48905 34538 17442 2554 869 7126 4697 81 10139 5574 29531 18200 177434 15963 9788 4984 1457 119 6175 161471 123812 37659 86899 17096 552 11331 20389 3527 233 181 83 52 45 4804 401 36913
is_linear=0
shrinkage=0.08


Tree=96
num_leaves=63
num_cat=0
split_feature=9 0 2 0 3 2 9 9 4 2 4 2 0 2 3 3 1 1 9 3 0 9 1 2 0 3 1 9 3 0 0 9 3 0 6 4 2 1 3 0 9 9 4 2 9 0 2 9 2 2 4 3 1 2 0 3 2 0 1 0 4 2
split_gain=25.0842 17.3072 24.5707 34.1463 22.5749 18.964 16.3667 12.739 12.3119 10.4121 10 9.74681 15.8915 15.4744 15.6613 38.6667 19.224 13.9112 15.5903 13.5062 10.721 10.6333 10.1811 17.8758 11.8383 10.6223 10.8066 10.4053 9.91183 9.88015 13.2802 18.8946 12.6004 12.2527 12.2292 10.0857 9.75015 15.4839 34.942 20.4982 18.2546 47.3406 24.1579 11.0031 12.6959 31.2417 11.3434 24.7065 14.1733 9.72022 9.41219 9.36574 8.91373 39.2225 39.3382 25.9183 18.7044 18.4741 29.1808 18.426 16.2136 14.6424
threshold=0.91929101943969738 47.856706619262702 55.488622665405281 28.778468132019047 14.500000000000002 43.288288116455085 0.41281884908676153 0.39529204368591314 98.173477172851577 47.673160552978523 14.650406837463381 94.360820770263686 93.127067565917983 98.37387847900392 11.500000000000002 8.5000000000000018 79.557674407958999 86.295150756835952 0.42477825284004217 9.5000000000000018 75.582656860351577 0.49720504879951483 84.660633087158217 93.788581848144545 86.512474060058608 18.500000000000004 55.217784881591804 0.21332865953445437 16.500000000000004 67.962265014648452 87.841831207275405 0.4145235568284989 5.5000000000000009 90.353595733642592 1.0000000180025095e-35 53.13592720031739 85.912700653076186 86.295150756835952 4.5000000000000009 79.795917510986342 0.89278647303581249 0.89898234605789196 63.427747726440437 90.815368652343764 0.68929168581962597 85.847797393798842 87.570224761962905 0.77597463130950939 89.386734008789077 93.957649230957045 85.662899017333999 5.5000000000000009 81.517440795898452 84.29276275634767 86.295150756835952 7.5000000000000009 86.70682525634767 86.295150756835952 73.20508193969728 89.769756317138686 97.20148086547853 80.901721954345717
decision_type=2 2 2 2 2 2 2 2 2 2 2 2 2 2 2 2 2 2 2 2 2 2 2 2 2 2 2 2 2 2 2 2 2 2 2 2 2 2 2 2 2 2 2 2 2 2 2 2 2 2 2 2 2 2 2 2 2 2 2 2 2 2
left_child=1 2 3 -1 -4 7 10 -3 11 -8 -5 12 22 17 15 29 19 21 -19 -17 -18 -13 25 36 -25 27 -27 -7 -16 -15 -31 -32 33 -33 -35 -36 -24 38 39 -38 43 50 -43 44 -41 46 47 -46 -48 -14 -42 -2 57 60 55 -55 -57 -29 -59 61 -54 -60
right_child=51 5 4 6 -6 8 9 -9 -10 -11 -12 13 49 14 28 16 20 18 -20 -21 -22 -23 23 24 -26 26 -28 52 -30 30 31 32 -34 34 35 -37 37 -39 -40 40 41 42 -44 -45 45 -47 48 -49 -50 -51 -52 -53 53 54 -56 56 -58 58 59 -61 -62 -63
leaf_value=0.043147052194929952 0.0628004782039214 -0.010551684747270253 0.04323705652979945 -0.022280487421768327 -0.026657116743332283 0.061191604493129617 -0.010734713338463313 0.058324357360663215 0.050212966552580757 -0.063459670097789661 -0.074078488510278026 -0.0054452699141850306 0.054840080526754154 -0.035966362089810425 0.027109562797573334 -0.035465624695957508 -0.15300199756385091 -0.68374905127087149 0.0079024658513257365 0.01767189811614326 -0.043222877623675736 0.072141961548027836 0.042841998072312516 0.024723313339184122 -0.14406326186390381 -0.0045829487564874602 0.061695968008169122 -0.0044372920482776282 -0.013254135738253278 0.018900468612584539 -0.5780931567743165 0.036718897034364519 -0.039779414319238746 -0.02262634625629802 0.0033335290692464467 0.062358219616695534 0.0085239198496168973 0.014410131695629508 0.039611043233694118 -0.095461299742574612 -1.3452367975152382 -2.0974500282487414 0.080187569221216115 -0.032322363243270612 -0.30303970462607832 -0.056125453458999087 0.086061570814794111 -0.87106105053123473 -0.45957404890087483 -0.020481239606585263 -2.8163457799312517 -0.00078241808305420132 0.015337042132529849 -0.057584028377834939 -0.19293263629695126 -0.15733743424711683 0.049376841585354145 0.06022456308848223 0.033479252317672702 0.035960578686373527 -0.30259541939692797 -0.10673747595388122
leaf_weight=38.364280945330393 55.557127037667669 24.158478915371234 72.24975645673112 32.967362092109397 50.071401644934667 15.519151599321047 129.0702602584206 59.54802812525304 31.230017771362327 29.438330834876979 86.28681792030693 14.219564556260591 48.881822754075984 32.508179186086636 223.28838751348667 53.179414955724496 5.9395604410674414 0.20919020473956962 70.780385066347662 72.144099643803202 137.4125548468437 55.15217643318465 57.650222538621165 4.0139631687779893 7.8810867636348121 31.151786679256475 31.831968889629934 3710.9274064183119 47.159501417365391 412.47668312434689 0.36401531379669805 60.449334459321108 47.731267958937678 115.70377882284811 121.40391741861822 21.86432323770714 8.6349287961493264 289.29310240913765 22.921363316825591 7.1998714571818763 0.056108550867064788 0.036736675188876688 0.28980496048461646 5.4530051183537571 1.1876295330002911 2.7955707348883152 0.52434373460710026 0.83437858871184278 0.72728467010892928 14.136404957913326 0.055235657200682908 20.223713655897882 126.8804546049214 90.251230066642165 11.18786031071795 3.1244315801886868 27.100493631791323 70.115961042232811 6.5017108170432065 18.893239626951981 1.0349487456842315 17.858447941485792
leaf_count=12040 137872 19680 9671 5771 13495 464 8472 6911 24451 3354 166402 748 9650 3945 15205 2508 103 16 15285 4069 2845 11722 3578 416 432 6045 1992 357960 4212 42086 25 9364 2334 12396 14203 30185 476 25800 899 188 19 20 147 236 12 155 38 40 30 1940 22 6207 6726 3965 431 75 810 8349 499 1991 127 891
internal_value=6.41743e-05 -0.000455011 -0.015819 -0.0275993 0.0146263 0.000624199 -0.0373708 0.0384461 0.000110095 -0.0205268 -0.0597591 -0.000145288 -0.00195562 0.00547864 0.00285315 -0.00145379 -0.027763 0.0307611 0.00586433 -0.00487632 -0.0477714 0.0562384 -0.00250559 0.00952956 -0.0871065 -0.00368978 0.0289144 -0.00419071 0.0200711 0.00724608 0.00904706 -0.00201176 -0.0014406 0.00428839 -0.00328155 0.0123414 0.0124202 0.00726204 -0.0335117 -0.0938132 -0.139934 -0.650527 -0.164802 -0.127992 -0.167308 -0.252539 -0.420269 -0.537433 -0.230991 0.0379438 -2.07502 0.045832 -0.00443917 -0.0187849 -0.0494363 -0.0361107 0.0280082 -0.00346543 0.0283465 -0.0233295 0.0127647 -0.0693137
internal_weight=6756.1 6680.32 438.448 316.127 122.321 6241.87 277.763 83.7065 6158.17 158.509 119.254 6126.94 4634.95 1491.99 1351.63 1081.18 268.676 140.361 70.9896 125.324 143.352 69.3717 4571.93 409.555 11.895 4162.38 62.9838 4099.4 270.448 812.501 779.993 367.517 367.153 319.421 258.972 143.268 397.66 340.009 50.7163 27.7949 19.16 0.437886 0.326542 18.7221 13.2691 6.06921 3.27364 2.02201 1.25163 63.0182 0.111344 75.7808 4083.88 259.579 131.664 120.476 30.2249 3824.3 113.369 43.2534 127.915 24.3602
internal_count=1020000 875921 219205 196039 23166 656716 183999 26591 630125 11826 172173 605674 434423 171251 143480 124063 9525 27771 15301 6577 2948 12470 422833 32508 848 390325 8037 382288 19417 114538 110593 68507 68482 66148 56784 44388 31660 28082 2282 1383 907 208 167 699 463 275 120 52 68 11590 41 144079 381824 12134 5281 4850 885 369690 11730 3381 6853 1390
is_linear=0
shrinkage=0.08


Tree=97
num_leaves=63
num_cat=0
split_feature=9 3 0 2 0 3 2 9 9 4 7 4 2 9 4 0 2 3 2 9 0 1 0 2 9 1 2 0 2 9 0 1 9 2 0 4 1 1 1 3 3 3 1 2 2 1 1 1 1 3 3 4 0 2 4 3 0 2 3 0 2 0
split_gain=23.3192 19.3307 14.3081 21.1714 30.8002 19.7334 16.8694 16.3603 14.1556 11.2488 10.6036 10.2558 9.91051 9.80678 9.62076 9.10622 44.6074 27.1824 21.3577 21.5457 19.6549 12.0714 37.3693 26.5592 29.6667 23.7315 22.6865 15.3273 27.6162 15.8707 44.1476 22.0203 11.8275 11.0799 17.0222 12.8538 13.1688 10.8607 10.7524 10.6027 10.5817 20.9172 20.261 32.3755 13.7604 17.8245 10.4745 10.4463 10.3927 10.0441 9.92469 9.90258 11.6033 25.2923 9.85554 9.62399 25.2129 9.49431 16.5785 20.0441 66.9669 52.6132
threshold=0.87790206074714672 5.5000000000000009 47.856706619262702 55.488622665405281 33.549783706665046 6.5000000000000009 50.252525329589851 0.39529204368591314 0.43257108330726629 98.173477172851577 0.75000000000000011 30.445816993713382 47.673160552978523 0.21332865953445437 12.608381271362306 62.910053253173835 72.04651260375978 6.5000000000000009 64.89996719360353 0.4536531269550324 68.208553314208999 64.660633087158217 78.910301208496108 87.007671356201186 0.51527395844459545 51.471860885620124 72.04651260375978 64.89996719360353 75.716625213623061 0.70416003465652477 63.686313629150398 63.224515914916999 0.64869347214698803 81.661396026611342 51.191152572631843 78.13226699829103 50.252525329589851 63.686313629150398 58.681159973144538 3.5000000000000004 2.5000000000000004 9.5000000000000018 50.878274917602546 63.224515914916999 66.323020935058608 58.204833984375007 51.000400543212898 37.573530197143562 51.000400543212898 18.500000000000004 16.500000000000004 9.600614547729494 69.268848419189467 68.783603668212905 36.854232788085945 9.5000000000000018 58.898942947387702 94.360820770263686 9.5000000000000018 75.134407043457045 79.772727966308608 72.646820068359389
decision_type=2 2 2 2 2 2 2 2 2 2 2 2 2 2 2 2 2 2 2 2 2 2 2 2 2 2 2 2 2 2 2 2 2 2 2 2 2 2 2 2 2 2 2 2 2 2 2 2 2 2 2 2 2 2 2 2 2 2 2 2 2 2
left_child=2 -2 3 4 -1 -5 7 11 14 10 13 -4 -10 -8 -6 16 40 37 19 -17 32 22 23 24 38 -26 51 28 29 -27 31 -31 39 34 -19 -36 -37 -18 -20 -21 44 -42 -43 -44 47 -46 -41 -15 -22 -29 -25 -23 53 -53 -48 56 -38 58 59 60 61 -28
right_child=1 -3 6 5 8 -7 9 -9 12 -11 -12 -13 -14 15 -16 18 17 33 21 20 48 26 -24 50 25 27 57 49 -30 30 -32 -33 -34 -35 35 36 55 -39 -40 46 41 42 43 -45 45 -47 54 -49 -50 -51 -52 52 -54 -55 -56 -57 -58 -59 -60 -61 -62 -63
leaf_value=0.023917042191631561 0.045978294278736891 0.00052803361009802941 0.0091572660327986916 0.069848224577414894 -0.018457611512758133 -0.005019217589657593 0.064785796630562734 0.031685585406892133 -0.010425724269479337 0.056002159317585967 0.07418471856140052 -0.055612169195184802 -0.064311802980234367 0.080868739016156918 -0.073286802528369707 -0.013560554521643751 0.05710509683679689 0.064982137783818436 0.0083213846530350872 -0.042964995281940289 -0.079369143658683902 -0.01338476985331837 0.034358183908575958 0.066982215503610082 0.011411710381015319 -0.067815679014840216 -0.061530392165257533 -0.08887984400214731 0.050863689197723189 -1.4470328195957245 -0.07214045790676471 -0.44531720714257916 0.057547254878583358 0.0084673200007760255 -0.027733674687257993 -0.37411709406889626 0.038815276660446235 0.017933006471632065 -0.028671245424741598 -0.086594224225611041 -0.03787274671850515 -0.049648498469572776 0.029899576600736485 -0.052734947699678243 0.088036776247560525 -0.010088960999369385 0.084516756615038033 -0.020938292487485258 0.05824919257861829 0.1205312727104528 -0.050713533977012351 0.02783712673974189 0.039513127610349835 -0.046387337881926873 0.0069041187790273087 -0.031450988150954248 -0.41258194910755108 0.003810846563081398 -0.028284307193940594 -0.0085275217449169438 0.029262393985643426 0.010142117155208099
leaf_weight=62.903744359471602 127.07763736398192 113.27555949872476 44.269641579681775 29.864568415592657 27.071581654134206 91.765662346064346 14.424941903911529 196.1889481174876 107.41132621903671 22.291161756991642 12.000344327650962 24.198801303718938 27.419689700822346 6.7803555322170714 84.139603820425691 91.152364090376068 85.705499256786425 11.176465936674502 103.67245040700072 30.203389844798949 3.616736003314144 51.298410541377962 86.548917051928584 26.194680298096504 27.562693306943402 12.731177244801076 121.00742399611045 97.241566020937171 16.204965775599703 0.26156088919378717 1.4099033063976092 0.30331718042725697 25.541418247157708 151.54902913671685 66.238810382259544 1.1881419774144877 1.4752850910881519 96.081746392679634 97.654666201618966 6.0017432642634949 330.15199056570418 50.496638430951862 117.43434047294431 40.916436143947067 21.39682635787176 26.546960676147137 13.47759040823439 132.56159312397358 121.27341260091634 1.4882910037413228 5.5583744184696107 114.68632544926368 161.31658161053201 39.501464730943553 46.941666378814261 6.0035427812254056 1.7096718208631498 1255.3593299530621 178.56152388948249 1320.9057355809782 397.78576040954795 143.02712874737335
leaf_count=23915 198928 25286 12414 2978 4779 20051 303 26388 5058 14766 7705 45696 1668 1150 160619 13600 4528 1126 10279 1305 286 406 6049 1545 1018 170 5843 2172 657 21 99 23 4133 8083 7083 28 58 5338 9746 107 73103 15489 19007 5676 1322 1696 502 28666 12041 37 413 8894 12559 2952 1470 117 32 111598 5991 60756 15373 6899
internal_value=8.86382e-05 0.0245581 -0.000817595 -0.0149088 -0.0260394 0.0133634 0.000183736 0.0199352 -0.0388114 -0.000718372 -0.000937411 -0.0137342 -0.0213842 -0.00109391 -0.05994 -0.0012593 -0.007635 0.0130798 0.00033156 0.0196818 0.0319467 -0.00120459 -0.0131998 -0.0237463 -0.0299569 -0.0559993 0.000307191 -0.0703315 -0.0211705 -0.100547 -0.311564 -0.909151 0.00913191 -0.00463355 -0.0272487 -0.0407031 -0.123493 0.0364011 -0.00962206 -0.00366607 -0.0196462 -0.0253383 -0.00552351 0.00854755 -0.00326463 0.0337036 0.0142042 -0.0159844 0.0542639 -0.0857231 0.0463796 0.0192138 0.0245141 0.00882152 0.024217 -0.0910849 -0.203493 -0.00172258 -0.0049366 -0.00283394 0.0085297 -0.0227055
internal_weight=6730.21 240.353 6489.85 430.576 308.946 121.63 6059.28 264.657 246.042 5794.62 5772.33 68.4684 134.831 5760.33 111.211 5745.9 1147.41 421.128 4598.49 338.208 247.056 4260.28 476.833 390.284 358.531 157.203 3783.45 129.641 30.9109 14.706 1.97478 0.564878 122.166 239.341 87.7919 76.6155 10.3766 181.787 201.327 96.6244 726.285 538.999 208.847 158.351 187.286 47.9438 66.421 139.342 124.89 98.7299 31.7531 366.803 315.504 154.188 60.4193 9.1885 3.18496 3416.65 2161.29 1982.73 661.82 264.035
internal_count=1020000 224214 795786 219068 196039 23029 576718 84498 172124 492220 477454 58110 6726 469749 165398 469446 172502 26393 296944 33444 19844 263500 32229 26180 24222 4197 231271 3179 970 313 143 44 7517 16527 8444 7318 235 9866 20025 3384 146109 113275 40172 24683 32834 3018 2079 29816 12327 2209 1958 24811 24405 11846 1972 207 90 206460 94862 88871 28115 12742
is_linear=0
shrinkage=0.08


Tree=98
num_leaves=63
num_cat=0
split_feature=9 7 0 2 0 2 3 5 5 2 5 1 3 2 1 1 5 5 3 3 2 2 2 1 1 0 1 1 2 1 2 2 1 2 0 5 5 3 9 9 5 1 2 9 5 9 5 9 3 3 2 2 0 0 0 2 1 3 3 5 9 1
split_gain=21.1313 14.5568 13.6009 24.5317 23.1991 20.9954 17.5683 16.5877 19.1091 12.0865 8.42176 7.77705 7.39273 8.57876 9.15481 7.36266 7.96685 15.3057 7.3407 16.3308 14.911 43.578 15.0881 16.3548 14.8701 14.6517 14.1948 22.9779 13.3021 13.403 12.6576 20.7712 13.8856 12.3849 12.6006 11.9934 11.8186 11.711 20.3206 24.4437 10.8564 10.6342 13.3472 12.1792 11.5639 11.0678 14.2984 10.404 9.58174 9.36337 9.21044 8.86731 40.4906 51.5199 29.9297 20.4433 17.5584 17.166 16.9894 12.9554 26.0277 12.8599
threshold=0.94807967543602001 0.75000000000000011 51.191152572631843 63.686313629150398 26.36544227600098 40.238094329833991 3.5000000000000004 46.734052658081062 23.442888259887699 45.923791885375984 98.251728057861342 51.191152572631843 16.500000000000004 70.396453857421889 51.000400543212898 52.689416885375984 94.137859344482436 94.349296569824233 11.500000000000002 8.5000000000000018 99.532711029052749 87.007671356201186 74.862636566162124 68.020618438720717 82.637680053710952 79.795917510986342 74.115688323974624 80.186916351318374 51.649148941040046 51.000400543212898 96.449581146240249 75.147060394287124 54.641149520874031 94.360820770263686 93.127067565917983 96.881942749023452 51.363750457763679 13.500000000000002 0.53236505389213573 0.50239983201026928 14.342856884002687 85.58441543579103 99.532711029052749 0.49720504879951483 16.730279922485355 0.39399594068527227 11.483516693115236 0.60823646187782299 16.500000000000004 18.500000000000004 60.736890792846687 89.603706359863295 81.872947692871108 89.386734008789077 86.295150756835952 93.127067565917983 89.386734008789077 1.5000000000000002 7.5000000000000009 35.941101074218757 0.4410721510648728 81.517440795898452
decision_type=2 2 2 2 2 2 2 2 2 2 2 2 2 2 2 2 2 2 2 2 2 2 2 2 2 2 2 2 2 2 2 2 2 2 2 2 2 2 2 2 2 2 2 2 2 2 2 2 2 2 2 2 2 2 2 2 2 2 2 2 2 2
left_child=1 2 3 4 -1 -4 11 8 9 -6 18 -5 -8 -14 -15 -13 -17 -18 19 33 21 22 23 36 -22 -23 -24 -28 29 -20 31 32 40 34 51 -26 -21 38 39 -31 -30 42 43 44 -35 46 -44 -42 -32 -33 -38 54 -53 56 -7 57 58 -55 -54 -59 -61 -57
right_child=-2 -3 5 6 7 10 12 -9 -10 -11 -12 15 13 14 -16 16 17 -19 28 20 24 25 26 -25 35 -27 27 -29 30 37 48 49 -34 41 -36 -37 50 -39 -40 -41 47 -43 45 -45 -46 -47 -48 -49 -50 -51 -52 52 53 55 -56 61 -58 59 -60 60 -62 -63
leaf_value=0.048602087688972506 0.068835139372540474 0.068507878329217384 0.058816984588830543 0.13152835311624703 -0.052837201271777941 -0.0025509209388788214 0.017256582331783614 -0.012429519071287046 -0.066123052010852154 0.013747540673405991 0.029546443607852947 -0.22192152489013961 -0.10623836397112375 -0.020825327205298332 0.12383955232938186 0.068143110030230838 -1.5446252934104416 -0.096143371487141263 0.034790965651877677 -0.033346396555526847 -0.01249129707805229 0.0085356004557653326 -0.054805724476282125 0.050080546252689477 -0.045327763770361303 0.070449254182783291 0.024000113967170771 -0.11615199129750158 0.03698021767220739 0.2169463327675904 0.026132554231118672 -0.02955644902067622 0.028609589099008254 0.02329242559060115 0.034633409022813477 -0.18086245743233506 0.032955028466975067 0.050955524378483122 0.12409013943564504 1.0379361197220633 -0.049388510237597702 0.0027467059008534052 -0.010553856857898999 0.081607551076558899 -0.18899193884700397 0.018177491971125722 -0.18264859181766371 0.041591574587783606 -0.015379724859589992 0.020429827344506331 -0.016846205480198443 0.025020473993775001 -0.10588210637966773 -0.026177939950811961 0.030889973601135622 0.11161439714309229 0.013388138586548042 -0.021155891569436935 0.034706404085963996 1.2184938116854531 0.050974102369283444 -0.13815844398671084
leaf_weight=28.678491469559958 28.495564277691301 19.674705692508724 39.580097165715415 10.037997653882487 29.036096075258683 2981.2588192323747 85.329569835244911 250.08131407375913 105.48415140385623 43.71536387244123 62.609536475763889 0.65268109040334721 6.7895112147671162 31.00389870343497 3.0775472768873433 13.77898921637097 0.049226415692829373 0.90543776506092399 35.153263311920455 87.306181683088653 170.71695990656735 43.253191144089215 93.346080440358492 31.798862042545807 97.124071989674121 56.306870344677009 40.534498511697166 9.1827872376888973 19.354438314214349 0.50948449349380043 209.79617652168963 168.37809189999825 138.34055808052653 10.872575460933147 61.286589244060451 4.3663769394624969 46.343849488650449 2.5242329661559779 1.6465639481320975 0.42630052752792835 44.230165843910072 607.63617639799486 15.919535288587214 37.432045579014812 1.9344769216841076 257.93659927131375 3.8339276307378887 9.8325359430164081 42.854223820497282 27.966945107094944 48.788274581194855 113.3223643694073 71.074567480536643 60.251383352908306 181.7288438040996 1.5176669608335931 10.921335515507961 20.867399852722883 5.9627217454835764 0.12250280100852151 50.209791945992038 10.090873109234961
leaf_count=8801 86864 18553 8879 424 7184 240984 7953 20784 223259 4763 50479 28 2427 6225 244 1120 11 362 6766 24124 7012 1490 4962 1569 1534 1806 1091 210 466 146 12976 7561 12023 596 12565 88 2276 304 88 6 11996 131445 376 9501 88 22227 80 696 3046 1581 1539 7026 2853 7993 16809 134 1096 959 260 4 10263 1025
internal_value=9.06954e-05 -0.000203226 -0.000406666 -0.011805 -0.0210564 0.000742562 0.0160788 -0.0257205 -0.044369 -0.0128273 0.000359263 0.076749 0.00385613 -0.0241211 -0.00776212 0.0410111 0.0526587 -0.170833 5.13233e-05 -0.000978477 -0.0120864 -0.0032552 -0.0162976 -0.00286354 -0.0269082 0.0435513 -0.0364151 -0.00188599 0.00773905 0.0523838 0.00501884 -0.00369322 0.0136859 0.000819499 -0.00132841 -0.0511588 -0.0120917 0.173492 0.29327 0.590951 -0.014435 0.00901247 0.0206226 0.0585676 -0.00877266 0.0137577 -0.0439555 -0.0328417 0.0190913 -0.0224365 0.00741459 -0.0019568 -0.0141482 -0.0333617 -0.000629581 -0.00373833 -0.0815425 0.00524866 -0.0950005 0.0318428 0.0538157 -0.105504
internal_weight=6693.24 6664.75 6645.07 608.62 456.995 6036.45 151.625 428.317 178.236 72.7515 5996.87 25.4243 126.201 40.871 34.0814 15.3863 14.7337 0.954664 5934.26 5233.25 729.068 456.861 357.301 214.237 272.207 99.5601 143.063 49.7173 701.013 40.2598 660.753 408.103 211.758 4504.18 3568.61 101.49 182.438 5.10658 2.58235 0.935785 73.4171 935.565 327.929 50.2391 12.8071 277.69 19.7535 54.0627 252.65 196.345 95.1321 3507.33 344.341 231.018 3162.99 143.06 87.9586 131.451 77.0373 71.1997 50.3323 11.6085
internal_count=1020000 933136 914583 283585 264791 630998 18794 255990 235206 11947 622119 1945 16849 8896 6469 1521 1493 373 571640 513985 47701 39067 35771 29508 8634 3296 6263 1301 57655 7310 50345 34323 25181 466284 301971 1622 27939 544 240 152 13158 164313 32868 10185 684 22683 456 12692 16022 9142 3815 289406 31613 24587 257793 20378 4209 19219 3113 11226 10267 1159
is_linear=0
shrinkage=0.08


Tree=99
num_leaves=63
num_cat=0
split_feature=9 6 5 2 9 1 4 2 9 5 4 4 2 8 7 2 4 4 5 4 5 9 5 4 1 5 9 1 1 4 1 1 1 2 4 5 2 4 4 2 4 8 8 1 1 4 2 1 5 2 5 4 5 2 4 9 1 5 4 4 4 5
split_gain=19.4576 14.7245 77.3788 14.1304 12.2191 16.8507 12.2494 9.83976 9.6939 9.76724 12.9255 13.4902 7.86187 7.84451 7.45026 7.07918 7.01103 7.01444 7.91508 6.20605 5.78923 5.72929 6.00001 13.0233 9.08735 14.8604 10.5579 7.9351 13.1641 5.69547 10.0611 32.1191 5.40376 9.41377 5.38346 7.21877 6.77351 6.62536 6.31626 8.55573 8.85581 10.2829 7.89454 6.83765 7.47782 6.30284 8.30307 6.20872 5.92402 5.79634 5.25306 8.0723 20.399 26.4677 14.4261 11.2053 5.34938 9.36229 5.23782 5.19811 7.99184 8.73007
threshold=0.95902729034423839 1.0000000180025095e-35 40.080320358276374 89.009658813476577 0.72316691279411327 92.907444000244155 50.118482589721687 74.322341918945327 0.42859442532062536 40.45593452453614 31.334292411804203 43.947717666625984 20.761494636535648 1.0000000180025095e-35 0.75000000000000011 38.757823944091804 99.103118896484389 87.10666656494142 95.088153839111342 8.3920187950134295 46.184494018554695 0.84300288558006298 92.335666656494155 87.362373352050795 88.998897552490249 96.437637329101577 0.82328909635543834 91.54584121704103 92.031745910644545 38.241153717041023 74.322341918945327 82.891983032226577 68.870674133300795 88.047618865966811 74.298820495605483 58.195386886596687 90.521114349365249 81.262451171875014 52.529907226562507 80.901721954345717 39.77586746215821 1.0000000180025095e-35 1.0000000180025095e-35 64.660633087158217 61.620294570922859 56.025478363037116 72.438781738281264 63.686313629150398 60.390020370483406 44.920890808105476 92.69339752197267 90.685741424560561 93.033367156982436 46.247655868530281 90.486961364746108 0.68929168581962597 64.326763153076186 94.137859344482436 35.959983825683601 90.018451690673842 90.486961364746108 90.250156402587905
decision_type=2 2 2 2 2 2 2 2 2 2 2 2 2 2 2 2 2 2 2 2 2 2 2 2 2 2 2 2 2 2 2 2 2 2 2 2 2 2 2 2 2 2 2 2 2 2 2 2 2 2 2 2 2 2 2 2 2 2 2 2 2 2
left_child=1 2 3 -1 12 6 -6 -8 15 10 -10 29 19 -5 16 -4 17 18 -9 -3 -7 22 -19 32 -25 26 -26 -28 -29 30 -12 58 -24 -34 35 45 38 -36 39 40 41 -37 -40 44 -42 -14 -47 -41 -44 -39 59 52 55 -54 56 -52 -55 -58 -32 -51 61 -61
right_child=-2 4 8 13 5 20 7 14 9 -11 11 -13 34 -15 -16 -17 -18 21 -20 -21 -22 -23 23 24 25 -27 27 28 -30 -31 31 -33 33 -35 37 36 -38 49 42 47 43 -43 48 -45 -46 46 -48 -49 -50 50 51 -53 53 54 -56 -57 57 -59 -60 60 -62 -63
leaf_value=-0.068501474055937608 0.080037847246413191 0.68649198143122403 -0.0026272243603688529 0.0048531074274108703 0.045224292078557368 -0.033116656600613956 0.026896950136872048 0.0026876707012064853 1.4084541251370033 -0.00047109375964846865 -0.08021030735659361 0.80383978345073093 0.00070361976902220665 -0.080400210282588563 0.066111911935606435 -0.060069963469179227 0.071049539264453829 -0.0001811414616776783 0.040792369708498886 0.064942592214041653 0.063551441819199445 -0.00092126149057470677 -0.11128284399589697 -0.031407734297553766 -1.1251956707071391 -1.0083116461807669 0.080440828288328284 -0.92744923572775617 0.080167106488942763 -0.081279607852536767 0.89259699499899636 -0.082487265121489739 -0.84884774996117895 -0.18748587036129341 0.044626916549894292 -0.0494457281864501 0.023992422382369347 0.050409003203971112 -0.0060554969007101372 0.030382499788030884 0.018395105107391393 0.038851350075815846 -0.081121917970821564 0.06468573794953153 -0.051964913639662783 -0.0052679538301110638 0.055679182864778493 -0.069278772246838191 -0.029291742213195943 0.02113458741887362 -0.26129379671757297 -0.0069813268008947884 -1.2536347756991635 0.011805161844503632 -0.51445097245937865 -1.0696648952418251 0.080899255492011476 -0.65512427856382704 1.7864361191784246 0.080862593493121124 -0.019980427531113617 -0.46496220847624936
leaf_weight=135.70052081301401 19.426206270116381 0.1038905899040391 25.001308464183239 30.822566148883197 54.118389420735184 4.3245694753713897 118.4868437324476 288.94891505935811 0.053725507284979268 2280.3165566684038 0.36824601414264158 0.18023739865748201 2707.2462911017647 8.9026861521997471 11.289374196378047 30.458505683185649 8.8872068385535368 38.678062933671754 39.679114027385367 9.9034850696625636 47.676175911736209 164.36156155553181 0.40754501667106424 61.510597597225569 0.066360128810628138 0.14670693932566781 0.64829695789376274 0.15858072403352708 0.17406623577699065 0.77347245116834529 0.08219506312161684 0.24931696546263993 0.25752811948768795 0.2961299839662388 38.437871468137018 30.613579092372674 34.240490648022387 13.30167413203162 100.13650289928773 5.1598632662789923 73.698067659104709 11.65473793284036 16.585549894720316 17.050345242547337 11.126794234151019 26.639812790090218 30.898593134596013 17.80729569029063 94.685290314722806 31.304967756965198 0.23162542842328804 12.581062112934886 0.11989826173521567 4.4932872733916156 0.39897085318807501 0.20856000343337655 0.22576411766931404 0.21683989674784243 0.085709258331917226 0.27647407748736341 3.9141006114077754 0.58300440938910469
leaf_count=296210 66778 6 16152 5457 16229 199 41137 69997 23 82377 350 46 122843 3843 10873 46517 18241 5245 17316 4295 93376 51772 54 9936 22 38 239 57 89 382 16 19 23 35 5280 866 3814 6429 5733 169 3036 361 158 671 249 332 542 502 3942 3745 17 2558 27 704 36 27 24 18 24 42 444 58
internal_value=8.98796e-05 -0.000143774 -0.0049731 -0.0562168 0.00279193 0.011404 0.00849371 0.00578553 -0.00112746 -0.00032434 0.186325 0.148572 0.000595361 -0.0142527 0.00172154 -0.0341748 0.000518454 -0.000534442 0.0072885 0.0713951 0.0555122 -0.0101737 -0.0250328 -0.0401306 -0.0356509 -0.254241 -0.14861 -0.0825446 -0.400188 0.072813 0.224552 0.493541 -0.33237 -0.495111 0.000379601 -0.000212831 -0.0100815 0.0180897 -0.0131638 -0.00154037 0.00568521 -0.0250994 -0.0223518 0.0184578 0.00916572 0.00126048 0.0274612 -0.0468886 -0.0370173 0.00305742 -0.008488 -0.0431778 -0.120429 -0.0781535 -0.0517351 -0.6443 -0.0143336 -0.279692 1.34887 0.0092768 -0.0684861 -0.289383
internal_weight=6666.38 6646.96 2513 175.426 4133.96 840.116 788.115 733.997 2337.57 2282.11 1.7929 1.73918 3293.84 39.7253 615.51 55.4598 604.221 595.333 328.628 10.0074 52.0007 266.705 102.344 63.6658 62.7046 1.19401 1.0473 0.980944 0.332647 1.55894 0.785467 0.417221 0.961203 0.553658 3283.84 3177.54 412.759 106.294 378.518 167.111 144.144 42.2683 211.407 101.875 84.8249 2764.78 57.5384 22.9672 111.271 67.8562 54.5546 18.476 5.89495 5.45476 5.33486 0.440185 4.93589 0.442604 0.167904 36.0785 4.77358 0.859478
internal_count=1020000 953222 451416 305510 501806 334878 241303 225074 145906 83237 860 837 166928 9300 183937 62669 173064 154823 87313 4301 93575 67510 15738 10493 10381 445 407 385 146 791 409 59 112 58 162627 143218 19501 19409 15687 5854 5183 1227 9833 3956 3285 123717 874 671 4100 14129 7700 3411 853 809 782 44 746 42 40 4289 544 100
is_linear=0
shrinkage=0.08


end of trees

feature_importances:
Column_2=1108
Column_0=1044
Column_5=833
Column_4=734
Column_1=670
Column_9=594
Column_3=578
Column_6=364
Column_8=205
Column_7=70

parameters:
[boosting: gbdt]
[objective: binary]
[metric: binary_logloss]
[tree_learner: serial]
[device_type: cpu]
[data_sample_strategy: bagging]
[data: ]
[valid: ]
[num_iterations: 180]
[learning_rate: 0.08]
[num_leaves: 63]
[num_threads: 4]
[seed: 42]
[deterministic: 0]
[force_col_wise: 0]
[force_row_wise: 0]
[histogram_pool_size: -1]
[max_depth: -1]
[min_data_in_leaf: 20]
[min_sum_hessian_in_leaf: 0.001]
[bagging_fraction: 0.8]
[pos_bagging_fraction: 1]
[neg_bagging_fraction: 1]
[bagging_freq: 0]
[bagging_seed: 400]
[bagging_by_query: 0]
[feature_fraction: 0.8]
[feature_fraction_bynode: 1]
[feature_fraction_seed: 30056]
[extra_trees: 0]
[extra_seed: 12879]
[early_stopping_round: 0]
[early_stopping_min_delta: 0]
[first_metric_only: 0]
[max_delta_step: 0]
[lambda_l1: 0]
[lambda_l2: 0]
[linear_lambda: 0]
[min_gain_to_split: 0]
[drop_rate: 0.1]
[max_drop: 50]
[skip_drop: 0.5]
[xgboost_dart_mode: 0]
[uniform_drop: 0]
[drop_seed: 17869]
[top_rate: 0.2]
[other_rate: 0.1]
[min_data_per_group: 100]
[max_cat_threshold: 32]
[cat_l2: 10]
[cat_smooth: 10]
[max_cat_to_onehot: 4]
[top_k: 20]
[monotone_constraints: ]
[monotone_constraints_method: basic]
[monotone_penalty: 0]
[feature_contri: ]
[forcedsplits_filename: ]
[refit_decay_rate: 0.9]
[cegb_tradeoff: 1]
[cegb_penalty_split: 0]
[cegb_penalty_feature_lazy: ]
[cegb_penalty_feature_coupled: ]
[path_smooth: 0]
[interaction_constraints: ]
[verbosity: 1]
[saved_feature_importance_type: 0]
[use_quantized_grad: 0]
[num_grad_quant_bins: 4]
[quant_train_renew_leaf: 0]
[stochastic_rounding: 1]
[linear_tree: 0]
[max_bin: 255]
[max_bin_by_feature: ]
[min_data_in_bin: 3]
[bin_construct_sample_cnt: 200000]
[data_random_seed: 175]
[is_enable_sparse: 1]
[enable_bundle: 1]
[use_missing: 1]
[zero_as_missing: 0]
[feature_pre_filter: 1]
[pre_partition: 0]
[two_round: 0]
[header: 0]
[label_column: ]
[weight_column: ]
[group_column: ]
[ignore_column: ]
[categorical_feature: ]
[forcedbins_filename: ]
[precise_float_parser: 0]
[parser_config_file: ]
[objective_seed: 16083]
[num_class: 1]
[is_unbalance: 0]
[scale_pos_weight: 1]
[sigmoid: 1]
[boost_from_average: 1]
[reg_sqrt: 0]
[alpha: 0.9]
[fair_c: 1]
[poisson_max_delta_step: 0.7]
[tweedie_variance_power: 1.5]
[lambdarank_truncation_level: 30]
[lambdarank_norm: 1]
[label_gain: ]
[lambdarank_position_bias_regularization: 0]
[eval_at: ]
[multi_error_top_k: 1]
[auc_mu_weights: ]
[num_machines: 1]
[local_listen_port: 12400]
[time_out: 120]
[machine_list_filename: ]
[machines: ]
[gpu_platform_id: -1]
[gpu_device_id: -1]
[gpu_device_id_list: ]
[gpu_use_dp: 0]
[num_gpu: 1]

end of parameters

pandas_categorical:null
