tree
version=v4
num_class=1
num_tree_per_iteration=1
label_index=0
max_feature_idx=9
objective=binary sigmoid:1
feature_names=Column_0 Column_1 Column_2 Column_3 Column_4 Column_5 Column_6 Column_7 Column_8 Column_9
feature_infos=[0:1] [0:1] [0:1] [0:1] [0:61] [0:1] [0:1] [0:1] [0:1] [0:1]
tree_sizes=3077 3502 3490 3487 3493 3514 3491 3513 3524 3505 3519 3534 3520 3539 3530 3525 3540 3526 3553 3515 3525 3536 3547 3551 3548 3541 3542 3540 3549 3538 3544 3532 3534 3552 3546 3560 3547 3542 3531 3559 3542 3555 3547 3546 3549 3536 3556 3538 3555 3556 3549 3526 3557 3551 3538 3552 3557 3561 3566 3546 3560 3516 3568 3551 3546 3560 3548 3542 3538 3573 3556 3556 3553 3526 3552 3547 3553 3543 3555 3543 3546 3529 3550 3552 3536 3559 3540 3486 3557 3528 3534 3556 3512 3538 3543 3510 3510 3539 3459 3547 3556 3479 3560 3551 3552 3458 3414 3540 3526 3572 3538 3540 3548 3412 3543 3520 3518 3548 3551 3511 3485 3488 3463 3547 3527 3530 3521 3495 3564 3550 3539 3547 3555 3512 3511 3509 3555 3549 3521 3533 3491 3538 3558 3496 3523 3533 3496 3541 3565 3535 3457 3490 3424 3550 3532 3549 3551 3480 3556 3485 3539 3537 3523 3445 3539 3482 3459 3561 3549 3505 3539 3518 3393 3535 3480 3371 3557 3514 3537 3535 3540 3442 3536 3505 3465 3559 3507 3538 3532 3497 3556 3439 3535 3491 3505 3542 3543 3542 3507 3446 3427 3505 3515 3561 3534 3455 3502 3473 3515 3538 3526 3395 3537 3535 3564 3535 3452 3562 3547 3374 3514 3544 3514 3547 3461 3511 3409 3477 3556 3540 3520 3548 3468 3451 3381 3422 3489 3499 3454 3503 3502 3418 3531 3526 3424 3522 3522 3520 3529 3488

Tree=0
num_leaves=31
num_cat=0
split_feature=6 0 5 6 0 1 1 8 2 4 0 6 6 1 8 6 2 8 6 2 0 1 2 0 2 1 0 1 1 0
split_gain=794561 103967 51704.5 21974.3 34999.1 15187.3 9943.84 9652.98 5848.19 5003.46 3707.42 2880.7 2466.84 2456.37 1965.49 1909.12 6259.33 3530.1 1737.35 1659.49 1590.45 1433.06 1221.64 1117 857.961 803.452 657.235 557.818 445.492 436.868
threshold=0.68500718474388134 0.49253065884113317 1.0000000180025095e-35 0.57979589700698864 0.6569296419620515 0.80217391252517711 0.61257407069206249 1.0000000180025095e-35 0.2237871661782265 4.5000000000000009 0.59299960732460033 0.80654072761535656 0.8578908145427705 0.77015754580497753 1.0000000180025095e-35 0.50800052285194408 0.71503761410713207 1.0000000180025095e-35 0.83087757229805004 0.94609123468399059 0.79388421773910534 0.70064935088157665 0.86706829071044933 0.44170945882797247 0.87206766009330761 0.70064935088157665 0.68108487129211437 0.68870675563812267 0.92718276381492626 0.5604878067970277
decision_type=2 2 2 2 2 2 2 2 2 2 2 2 2 2 2 2 2 2 2 2 2 2 2 2 2 2 2 2 2 2
left_child=2 6 5 15 13 20 8 9 18 19 11 21 -10 29 24 -4 26 -18 -2 -3 27 -9 28 -14 -6 -13 -17 -1 -7 -5
right_child=1 7 3 4 14 22 -8 10 12 -11 -12 25 23 -15 -16 16 17 -19 -20 -21 -22 -23 -24 -25 -26 -27 -28 -29 -30 -31
leaf_value=-0.13909430826755298 -0.075742848354352507 0.08888746598367217 -0.15757660094452031 -0.15180722891566265 -0.040964980544747079 0.020468062642970263 0.13409143807148793 -0.06396633350867964 -0.13657097404006074 0.015588188852044844 0.15454793406800263 0.09064026824205651 -0.080523669481073909 0.075891238670694861 0.13959364698831286 -0.15380872054388386 -0.11227181111431041 0.10444135373203524 0.062677359654534234 0.1549447701326751 0.082477231329690356 0.13015290519877676 0.11813788053143634 0.017338315607933315 0.10422857142857143 0.15072164948453609 -0.065260482846251591 -0.06805741626794258 0.079937287692709691 -0.096239476145930786
leaf_weight=2402 807.75 6242 114974 8959 637.5 1415.75 1498.75 945.5 6909.5 4744.75 124835.75 3126.5 5265.5 326 4166.25 9776.5 863.25 1073.5 2021.25 4046.25 269.5 322 4774.5 864.75 432.5 2711 585.25 1040 1908.5 1064
leaf_count=9608 3231 24968 459896 35836 2550 5663 5995 3782 27638 18979 499343 12506 21062 1304 16665 39106 3453 4294 8085 16185 1078 1288 19098 3459 1730 10844 2341 4160 7634 4256
internal_value=6.43231e-05 0.122547 -0.130077 -0.143376 -0.0536771 0.0307704 -0.0625356 0.14442 -0.0811528 0.0836122 0.151344 0.0949536 -0.103769 -0.138938 0.114774 -0.154357 -0.124192 0.00772499 0.0230346 0.114945 -0.103129 -0.0142083 0.0921795 -0.06669 0.017786 0.118675 -0.148857 -0.117807 0.054727 -0.145975
internal_weight=319009 164341 154668 142858 15585.2 11810.2 17367.5 146974 15868.8 15033 131941 7105 13039.8 10349 5236.25 127272 12298.5 1936.75 2829 10288.2 3711.5 1267.5 8098.75 6130.25 1070 5837.5 10361.8 3442 3324.25 10023
internal_count=1276037 657365 618672 571431 62341 47241 69470 587895 63475 60132 527763 28420 52159 41396 20945 509090 49194 7747 11316 41153 14846 5070 32395 24521 4280 23350 41447 13768 13297 40092
is_linear=0
shrinkage=0.08


Tree=1
num_leaves=31
num_cat=0
split_feature=6 3 9 0 5 8 9 8 1 9 6 3 0 6 6 0 0 9 8 1 6 0 6 1 3 9 0 0 1 6
split_gain=676182 96373.3 55448.1 25460.9 16938.9 10134.9 9246.07 8582.87 8436.49 7476.71 5080.56 4718.75 3874.03 2535.14 2381.84 8039.22 2001.41 1681.6 1413.82 1412.09 1302.79 1265.92 1250.72 927.07 904.369 882.908 693.09 649.585 644.492 573.087
threshold=0.68500718474388134 0.56773442029953014 1.0000000180025095e-35 0.59299960732460033 1.0000000180025095e-35 1.0000000180025095e-35 1.0000000180025095e-35 1.0000000180025095e-35 0.84660634398460399 1.0000000180025095e-35 0.49629549682140356 0.65485891699790966 0.93127068877220165 0.83087757229805004 0.59384471178054821 0.67942845821380626 0.50944742560386669 1.0000000180025095e-35 1.0000000180025095e-35 0.68614074587821972 0.83087757229805004 0.21680375933647159 0.98031464219093334 0.60107529163360607 0.82287582755088817 1.0000000180025095e-35 0.90054944157600414 0.84660634398460399 0.56691542267799389 0.83960041403770458
decision_type=2 2 2 2 2 2 2 2 2 2 2 2 2 2 2 2 2 2 2 2 2 2 2 2 2 2 2 2 2 2
left_child=2 6 3 19 8 10 20 9 27 -3 -5 13 22 17 -6 -16 21 -9 -17 -1 -2 29 -11 -23 25 -13 -10 -4 -15 -8
right_child=1 7 4 5 14 -7 16 11 26 12 -12 24 -14 28 15 18 -18 -19 -20 -21 -22 23 -24 -25 -26 -27 -28 -29 -30 -31
leaf_value=-0.13107048923391182 -0.036213219277930947 0.15196861454724384 -0.11967648994063611 -0.13502979945054308 -0.14693963420376907 0.13202425039771362 -0.10790439990563973 0.11232449650032356 0.019683268222941891 -0.0028204802511444869 0.13501420801713265 0.14613489485530826 0.12535833399663326 0.062526433580160287 -0.13886154812174856 -0.055015509830165649 0.044028456740497275 -0.077437796798659489 0.10759154371974634 0.022419472511239436 0.073575982315760888 -0.12908688087245915 0.12128447033644287 0.052354424444841695 0.14586834523223985 0.11311362228442473 0.083740303671770516 0.073301456895103312 0.12618699798140692 0.0003502640742299105
leaf_weight=5112.8834900259972 975.78987643122673 5347.0272982269526 3524.6370293647051 1601.7861374169588 120367.32861109078 8424.8984372019768 506.78297474980354 413.92311146855354 2198.5327380299568 6938.9546062797308 612.11182171106339 9427.8293968737125 2285.5721547603607 1794.6239757239819 7596.0011548399925 487.43783092498779 515.84711414575577 1036.3152876794338 1116.0542072951794 411.33233711123466 2337.5835964232683 10092.328901574016 556.61599293351173 179.72809033095837 105640.68504761159 12061.927989318967 2145.1099134385586 111.08772127330303 2446.5366001725197 798.04815956950188
leaf_count=20574 3918 21452 14146 6447 484423 33827 2032 1663 8810 27792 2454 37920 9188 7201 30545 1952 2068 4158 4486 1652 9367 40496 2230 722 425076 48520 8609 445 9837 3196
internal_value=-5.78343e-05 0.113266 -0.120495 0.0196583 -0.136965 0.0920072 -0.0771269 0.133095 -0.0237967 0.0759373 -0.0601583 0.139601 0.0343008 0.068193 -0.143932 -0.10451 -0.109562 -0.0229666 0.0580446 -0.119603 0.041189 -0.116436 0.00644884 -0.125873 0.142793 0.127639 0.0514146 -0.113644 0.0993924 -0.041824
internal_weight=317065 163356 153709 16163 137546 10638.8 15406.1 147950 7979.37 15128.2 2213.9 132822 9781.14 5691.4 129567 9199.49 12092.7 1450.24 1603.49 5524.22 3313.37 11576.9 7495.57 10272.1 127130 21489.8 4343.64 3635.72 4241.16 1304.83
internal_count=1275206 656836 618370 64954 553416 42728 61799 595037 32010 60662 8901 534375 39210 22859 521406 36983 48514 5821 6438 22226 13285 46446 30022 41218 511516 86440 17419 14591 17038 5228
is_linear=0
shrinkage=0.08


Tree=2
num_leaves=31
num_cat=0
split_feature=6 3 6 6 0 1 8 3 4 6 6 0 0 8 1 3 1 3 1 8 2 6 1 2 3 4 2 1 2 0
split_gain=581419 86525.5 38639.8 14524.5 25403.4 11314.3 7612.6 4263.65 4168.25 3779.49 2311.73 2175.3 2656.24 2037.4 1565.78 1385.29 1374.84 1106.32 1048.71 1019.76 7170.81 1603.7 978.985 894.148 880.534 1089.34 797.143 783.444 753.2 746.48
threshold=0.67806351184844982 0.56773442029953014 1.0000000180025095e-35 0.56727004051208507 0.64630925655365001 0.80217391252517711 1.0000000180025095e-35 0.65485891699790966 4.5000000000000009 0.86800479888916027 0.80654072761535656 0.24068965017795566 0.47559523582458502 1.0000000180025095e-35 0.77015754580497753 0.88047617673873912 0.94360822439193737 0.9569842815399171 0.60922586917877208 0.75000000000000011 0.68020617961883556 0.44124551117420202 0.57804551720619213 0.86706829071044933 0.82952776551246654 7.5000000000000009 0.86512476205825817 0.80217391252517711 0.54011154174804699 0.21680375933647159
decision_type=2 2 2 2 2 2 2 2 2 2 2 2 2 2 2 2 2 2 2 2 2 2 2 2 2 2 2 2 2 2
left_child=2 9 5 19 14 15 8 10 16 29 18 -11 22 26 -5 -1 -3 27 -8 -4 -21 -22 -13 -7 25 -9 -6 -10 -12 -2
right_child=1 6 3 4 13 23 7 24 17 11 28 12 -14 -15 -16 -17 -18 -19 -20 20 21 -23 -24 -25 -26 -27 -28 -29 -30 -31
leaf_value=-0.10773906022143656 -0.041452185090095794 0.065073501581638285 -0.13758768873501689 -0.12855148497264021 -0.054497369040502966 0.047137112897665839 -0.077254546577859726 0.12647952695352019 0.01909788901178289 0.043607061658851046 0.049369978076046185 -0.085980187736594813 0.079047949351808797 0.11654263025566267 0.061306316015326393 0.045246266369864223 0.12460032903451476 0.050043841239390811 0.091576839302883531 -0.13317671301526249 -0.054459748933568204 0.10444161540470695 0.11401864686275769 0.10160026254260228 0.13669072371767052 0.07711031355594028 0.080079821971108772 -0.068675994125834708 0.11655132211089717 -0.11829267670655823
leaf_weight=3253.3632037341595 922.95800839364529 4345.0691460072994 104840.30111518502 10638.36160337925 726.85083514451981 3302.2517242580652 919.06068867444992 19325.781047433615 1256.4958776086569 1852.524560764432 1821.5666003227234 4565.6249431073666 787.89812414348125 4106.1569815576077 281.53861886262894 424.28084552288055 5906.9826571047306 2294.3401408195496 310.66405336558819 15867.56164893508 675.14175635576248 1004.1192193031311 157.35874620079994 4736.9432476758957 102782.71329471469 3413.9820174574852 452.84313920140266 1336.6620588749647 2656.6712111383677 7454.9411054849625
leaf_count=13193 3721 17508 429012 43433 2924 13270 3702 78839 5039 7435 7339 18413 3168 16688 1132 1712 24019 9200 1254 64893 2746 4055 635 19173 420433 13869 1827 5353 10806 30270
internal_value=-2.04197e-05 0.105065 -0.113358 -0.125151 -0.0539413 0.0261228 0.124232 0.130432 0.0704576 -0.0731318 0.0626782 -0.0312568 -0.0564686 0.0899487 -0.123616 -0.0900086 0.099431 0.00961058 -0.0342751 -0.134576 -0.116541 0.0404888 -0.0791693 0.0792916 0.133509 0.119093 -0.0025829 -0.0261293 0.0893459 -0.109876
internal_weight=312421 162111 150310 138593 16205.8 11716.8 146370 131230 15139.5 15741.3 5707.96 7363.41 5510.88 5285.85 10919.9 3677.64 10252.1 4887.5 1229.72 122387 17546.8 1679.26 4722.98 8039.19 125522 22739.8 1179.69 2593.16 4478.24 8377.9
internal_count=1275061 661003 614058 566710 66004 47348 597361 536242 61119 63642 23101 29651 22216 21439 44565 14905 41527 19592 4956 500706 71694 6801 19048 32443 513141 92708 4751 10392 18145 33991
is_linear=0
shrinkage=0.08


Tree=3
num_leaves=31
num_cat=0
split_feature=6 3 9 0 5 9 1 9 0 6 6 5 2 6 6 2 0 6 2 1 6 1 1 0 2 0 3 3 6 6
split_gain=504055 72531.7 44160 19554.4 12807.8 7667.83 6255.59 4313.2 5509.4 3494.9 2797.02 9604.08 2487.71 2102.94 1765.26 5646.91 1534.31 1050.36 1043.16 934.095 875.516 809.268 617.486 574.945 573.756 569.586 707.148 561.978 501.321 498.204
threshold=0.68500718474388134 0.56773442029953014 1.0000000180025095e-35 0.57804551720619213 1.0000000180025095e-35 1.0000000180025095e-35 0.85857143998146068 1.0000000180025095e-35 0.58885449171066295 0.84521561861038219 0.47229200601577764 1.0000000180025095e-35 0.91627725958824169 0.98227471113204967 0.6079215705394746 0.67826876044273388 0.49253065884113317 0.81002196669578563 0.2237871661782265 0.6832355558872224 0.42128865420818334 0.7320508360862733 0.59675306081771862 0.79388421773910534 0.89699381589889537 0.26158231496810919 0.49151568114757543 0.66274511814117443 0.88934239745140087 0.80101522803306591
decision_type=2 2 2 2 2 2 2 2 2 2 2 2 2 2 2 2 2 2 2 2 2 2 2 2 2 2 2 2 2 2
left_child=2 5 3 19 6 17 23 -3 9 21 11 -5 13 -10 -6 -16 18 -2 29 -1 -13 -9 -20 -4 -8 -19 -27 -11 -18 -7
right_child=1 7 4 10 14 16 24 8 12 27 -12 20 -14 -15 15 -17 28 25 22 -21 -22 -23 -24 -25 -26 26 -28 -29 -30 -31
leaf_value=-0.11649046633864699 -0.038125064797195865 0.13166973182392935 -0.10910003241500084 0.12939415952809091 -0.12982564182236878 -0.10985914007210093 0.013436154903127375 -0.10252262587092861 0.085812939144228592 0.030169397405938034 0.12870759533382389 -0.10303274622422158 0.12806625715668271 0.12608420170466617 -0.12096283790727039 0.064681066765576126 -0.060759980056882601 0.10693350885784943 -0.11650533039380571 0.022358206527302835 0.023399785593832108 0.067295878252586053 0.037914559414798134 -0.0078877974716228556 0.072856928264894052 -0.017376515795249074 0.1010940435739056 0.096583590792362228 0.074823196008169765 -0.011846892104064191
leaf_weight=4783.7334667444229 810.03206141293049 68478.068650364876 3290.2659160494804 3508.6438069790602 116875.50902359188 480.9598648250103 1991.8795678019524 1308.9314592927694 29901.681461825967 1488.7955016791821 4728.4392444938421 1905.5697014033794 27861.376166239381 11573.617562606931 6147.0407812595367 1259.6002011597157 296.87801039218903 1174.0718110650778 9451.3336659222841 327.946567684412 424.88775970041752 203.3175814896822 164.91742153465748 407.92239648103714 2195.4310459196568 797.19745971262455 533.1756504625082 1839.4290951937437 407.5142737776041 1065.9345770329237
leaf_count=19982 3295 286393 13516 14364 490296 1959 8023 5292 124066 6061 19462 7891 116587 48327 25599 5162 1197 4722 38903 1329 1737 833 669 1637 8977 3204 2155 7567 1647 4283
internal_value=5.41934e-05 0.0994778 -0.106086 0.0208391 -0.121145 -0.066735 -0.0222373 0.11717 0.103774 0.0211909 0.0829737 0.0458331 0.109535 0.0970683 -0.127418 -0.0893476 -0.0967764 0.0407643 -0.104002 -0.107538 -0.0799124 -0.079439 -0.113822 -0.0980049 0.0446787 0.066369 0.030184 0.0670127 0.0174283 -0.0426797
internal_weight=305684 157837 147847 15679.2 132168 15182 7885.5 142655 74177.1 4840.47 10567.5 5839.1 69336.7 41475.3 124282 7406.64 11867.5 3314.48 11163.1 5111.68 2330.46 1512.25 9616.25 3698.19 4187.31 2504.44 1330.37 3328.22 704.392 1546.89
internal_count=1275135 657160 617975 64765 553210 62034 32153 595126 308733 19753 43454 23992 288980 172393 521057 30761 48658 13376 45814 21311 9628 6125 39572 15153 17000 10081 5359 13628 2844 6242
is_linear=0
shrinkage=0.08


Tree=4
num_leaves=31
num_cat=0
split_feature=6 3 5 6 2 1 8 6 2 2 2 3 3 8 0 2 3 6 6 2 8 3 1 2 6 0 2 0 3 0
split_gain=440539 65657.2 29670.2 11597.8 19586 8447.39 7180.01 4119.79 3249.18 2716.11 2333.94 2248.45 1903.99 1421.5 1201.76 1107.54 1000.43 916.247 912.895 2880.13 2000.09 802.566 794.628 775.895 568.086 529.586 499.282 490.475 470.433 430.179
threshold=0.67806351184844982 0.59611794352531444 1.0000000180025095e-35 0.56727004051208507 0.65733855962753307 0.79388421773910534 1.0000000180025095e-35 0.83960041403770458 0.93127068877220165 0.49752475321292883 0.24440020322799685 0.82097071409225475 0.65485891699790966 1.0000000180025095e-35 0.45923791825771337 0.57735043764114391 0.87026646733284008 0.84240093827247631 0.49629549682140356 0.76845377683639537 1.0000000180025095e-35 0.82287582755088817 0.60107529163360607 0.85575589537620556 0.76675301790237438 0.88762626051902782 0.89377820491790783 0.6569296419620515 0.95488464832305919 0.57804551720619213
decision_type=2 2 2 2 2 2 2 2 2 2 2 2 2 2 2 2 2 2 2 2 2 2 2 2 2 2 2 2 2 2
left_child=2 7 5 18 11 16 8 22 25 10 -9 29 15 26 -12 17 -1 -8 -4 27 -21 24 -2 -7 -14 28 -6 -20 -3 -5
right_child=1 6 3 4 13 23 12 9 -10 -11 14 -13 21 -15 -16 -17 -18 -19 19 20 -22 -23 -24 -25 -26 -27 -28 -29 -30 -31
leaf_value=-0.098455813403275777 -0.10351988148363875 0.0095600649218375213 -0.12329447985213034 -0.11881175155015618 -0.038503391168903965 0.03557187644749079 -0.048769511655285668 0.032604436752909728 0.11629690597857381 0.088357782773706844 -0.078756319051962828 0.067309762706353513 0.058308266374512335 0.11428741827791701 0.023337229961678353 0.10775017749865018 0.032831022463206842 0.06169626882945884 -0.12101181668195445 -0.089301019390699857 0.092641955070910845 0.12288990760273356 0.046042875529199043 0.087218351617207951 0.10912949847470077 0.065281085560753752 0.076708029312531192 -0.06519390283672151 0.052081344487571242 -0.065867896861174322
leaf_weight=3015.4597863852978 7368.126721650362 5187.143193334341 103776.05111661553 9345.5466855913401 611.17817644774914 3025.5158245712519 725.631607234478 2232.1807452440262 4379.6090783774853 1281.7162617594004 4940.3607041090727 457.22189337015152 1556.7176765948534 3611.4288290888071 862.30236954987049 1925.1251911818981 419.13132497668266 1395.6060770452023 9249.298661917448 761.37067292630672 775.40907870233059 98751.584293812513 230.40626315772533 4935.5504018962383 18834.33491101861 2577.271560639143 389.71356745064259 1167.2293689548969 2458.572290584445 1137.2639965713024
leaf_count=12666 30990 21110 449390 40195 2488 12286 2969 9039 18746 5300 20440 1899 6596 15247 3512 8141 1712 5747 39966 3245 3212 426613 938 20565 80352 10650 1608 4933 10021 4746
internal_value=-1.0451e-05 0.093495 -0.1014 -0.112148 -0.0472482 0.0224032 0.111755 -0.0552332 0.0586622 -0.019538 -0.0368136 -0.105535 0.118045 0.0909326 -0.0635502 0.0638676 -0.0823636 0.0238071 -0.120866 -0.0997299 0.00240043 0.119881 -0.0989364 0.0676454 0.105273 0.0339106 0.00635531 -0.114807 0.0232793 -0.113117
internal_weight=297384 154707 142677 131282 15552.4 11395.7 137792 16915.1 14602.6 9316.56 8034.84 10940 123189 4612.32 5802.66 4046.36 3434.59 2121.24 115729 11953.3 1536.78 119143 7598.53 7961.07 20391.1 10223 1000.89 10416.5 7645.72 10482.8
internal_count=1275322 661164 614158 566929 66183 47229 590945 70219 60527 38291 32991 46840 530418 19343 23952 16857 14378 8716 500746 51356 6457 513561 31928 32851 86948 41781 4096 44899 31131 44941
is_linear=0
shrinkage=0.08


Tree=5
num_leaves=31
num_cat=0
split_feature=6 3 9 0 5 8 9 9 8 0 6 4 3 9 6 6 0 6 0 8 0 0 3 3 4 0 3 3 5 6
split_gain=386644 55632.4 36223.1 15349.8 9797.16 6628.49 6579.53 6264.37 6201.34 4065.81 3488.39 3313.6 2995.5 1522.77 1716.8 1451.53 4669.89 1262.61 1244.9 1053.09 1027.37 782.516 909.158 752.509 1017.93 663.613 610.569 567.896 562.278 439.865
threshold=0.68500718474388134 0.56773442029953014 1.0000000180025095e-35 0.56691542267799389 1.0000000180025095e-35 1.0000000180025095e-35 1.0000000180025095e-35 1.0000000180025095e-35 1.0000000180025095e-35 0.79388421773910534 0.49629549682140356 4.5000000000000009 0.65485891699790966 1.0000000180025095e-35 0.86978259682655346 0.5867464840412141 0.69860395789146434 0.89485698938369762 0.95275297760963451 1.0000000180025095e-35 0.48683299124240881 0.25158227980136877 0.49151568114757543 0.83752354979515087 7.5000000000000009 0.21680375933647159 0.77849927544593822 0.96178188920021068 1.0000000180025095e-35 0.97154423594474804
decision_type=2 2 2 2 2 2 2 2 2 2 2 2 2 2 2 2 2 2 2 2 2 2 2 2 2 2 2 2 2 2
left_child=2 6 3 28 9 7 21 -3 10 26 -5 18 13 -7 -15 -6 -17 -8 -9 -18 25 -2 29 24 -14 -19 -4 -13 -1 -23
right_child=1 5 4 8 15 12 17 11 -10 -11 -12 27 23 14 -16 16 19 20 -20 -21 -22 22 -24 -25 -26 -27 -28 -29 -30 -31
leaf_value=0.055190411366697847 0.089257721215927233 0.12654826349073955 -0.10444174458104645 -0.1081387097608616 -0.11866404075306602 0.1133145431716131 -0.10835319908498992 0.031202074360109147 0.10884222799935456 0.037974741934606662 0.11785443931926574 -0.069684398298615918 0.10837713056102838 -0.051272904929431942 0.064100350502499862 -0.11071399292186686 -0.054200897162245909 0.0088500431812437007 0.11489566386216141 0.088570763805095529 0.063359109083082968 -0.051514859424679003 0.083395190444628883 0.11772265058153741 0.060195435031517648 -0.07995811211092789 -0.040935406106656316 -0.0058887222140712927 -0.10263476405818066 0.079205948584159927
leaf_weight=144.88612703979015 1324.3262163847685 5032.5759409070015 2365.1118991971016 1537.3219821155071 107053.16954249144 1804.457680568099 6928.1917871534824 4229.0285456925631 8073.6562640666962 3672.8273685276508 604.86534151434898 2146.5060823112726 18858.984401494265 1272.7531711757183 2324.0289398729801 7628.2031706571579 480.29926341772079 632.97501367330551 1558.7308056354523 1030.373880520463 428.25350825488567 1054.9058598279953 680.4912863522768 92362.941794142127 3341.4829585850239 3452.493486136198 1673.6986676603556 1538.3788692057133 4568.7739671617746 189.64366513490677
leaf_count=610 5399 21669 10188 6791 481289 7715 29891 17518 34521 15217 2497 8615 83253 5261 9822 33666 1948 2546 6891 4376 1759 4329 2796 414078 14361 14502 6879 6230 20240 764
internal_value=1.53045e-05 0.0894422 -0.0960627 0.0216434 -0.110247 0.105591 -0.0583465 0.0544622 0.0767441 -0.0228846 -0.0441272 0.0161012 0.11177 0.0534226 0.0232156 -0.116043 -0.0852704 -0.0868733 0.0538494 0.0430437 -0.0537847 0.0420344 0.00931727 0.114517 0.101147 -0.0661657 -0.0782472 -0.0431382 -0.0976964 -0.0312304
internal_weight=287994 149161 138833 14929.5 123904 134470 14691.3 14505.2 10215.8 7711.64 2142.19 9472.64 119965 5401.24 3596.78 116192 9138.88 11441.9 5787.76 1510.67 4513.72 3249.37 1925.04 114563 22200.5 4085.47 4038.81 3684.88 4713.66 1244.55
internal_count=1275621 657399 618222 64659 553563 595413 61986 60923 43809 32284 9288 39254 534490 22798 15083 521279 39990 48698 24409 6324 18807 13288 7889 511692 97614 17048 17067 14845 20850 5093
is_linear=0
shrinkage=0.08


Tree=6
num_leaves=31
num_cat=0
split_feature=6 0 9 0 9 5 1 9 4 6 5 6 1 6 2 1 6 6 6 1 6 0 1 0 0 0 2 2 2 1
split_gain=339917 42135.1 35425.4 14087.8 9714.32 9146.79 4255.73 3336.73 3296.91 2233.69 6865.78 1833.4 1799.09 1722.94 4742.39 1399.43 1122.85 980.769 857.487 823.3 748.283 676.277 471.79 459.45 459.44 427.723 406.563 395.05 368.681 281.565
threshold=0.69852143526077282 0.50944742560386669 1.0000000180025095e-35 0.56691542267799389 1.0000000180025095e-35 1.0000000180025095e-35 0.86706829071044933 1.0000000180025095e-35 5.5000000000000009 0.47229200601577764 1.0000000180025095e-35 0.98227471113204967 0.64051282405853283 0.61583185195922863 0.67826876044273388 0.9404677450656892 0.91758641600608837 0.91184088587760936 0.90486964583396923 0.65895724296569835 0.41517429053783422 0.58380147814750682 0.56691542267799389 0.84262126684188854 0.74210175871849071 0.21680375933647159 0.90054944157600414 0.25143678486347204 0.88762626051902782 0.7320508360862733
decision_type=2 2 2 2 2 2 2 2 2 2 2 2 2 2 2 2 2 2 2 2 2 2 2 2 2 2 2 2 2 2
left_child=2 4 3 19 18 6 23 -3 15 10 -5 21 16 -7 24 17 -6 -9 22 -1 -12 -10 27 29 -15 -18 -8 -2 -16 -4
right_child=1 7 5 9 12 13 26 8 11 -11 20 -13 -14 14 28 -17 25 -19 -20 -21 -22 -23 -24 -25 -26 -27 -28 -29 -30 -31
leaf_value=-0.10121695536360345 0.059711457288702682 0.11587258242153667 -0.10595345717743759 0.11305745997073295 -0.10053159451120865 -0.113567323388564 0.0098665421632073529 0.059477984341250803 -0.01582782160680412 0.1131546950643557 -0.091662707381511249 0.10344485956424057 0.066715293460288538 -0.1075981790909627 0.019467976181584017 0.11105914014629897 0.016446002649899569 0.09603999453365282 0.093676324280451584 0.025100143906700054 0.019596580154692442 0.047753435547008172 0.11496119857101182 0.030210297138763866 0.063166464460716998 -0.057911605053532739 0.06091258774875357 -0.020841595860452113 0.10284968881950712 -0.05499759499537641
leaf_weight=4333.0791939049959 592.77022375166416 59426.580813318491 2358.249834254384 3310.3417702317238 7077.1134944558144 105473.28547087312 1948.9861132651567 7058.1920631676912 1187.5110070854425 5071.6591801792383 1774.3642917275429 4115.5715397000313 545.58435812592506 5654.0550843179226 696.44335953891277 29263.332088470459 575.28201429545879 14425.271389260888 2576.9372181147337 353.36575748026371 489.5205375701189 10361.731434836984 302.74462352693081 209.84710915386677 98.41877818107605 3334.3442510515451 2066.5938262045383 1111.5141738504171 673.21118707954884 1032.421928524971
leaf_count=19879 2424 276577 10462 14475 31226 494248 7928 31332 5024 22563 7899 18829 2329 25693 2976 135561 2317 65427 11025 1486 2062 45875 1331 849 413 14185 8778 4605 2949 4278
internal_value=-3.47872e-05 0.0864821 -0.0906446 0.0238587 -0.0352911 -0.105251 -0.0203612 0.10208 0.0897277 0.0747376 0.0396854 0.05759 -0.0744477 -0.11099 -0.0727477 0.0996383 -0.0814993 0.084052 0.0631578 -0.0916417 -0.0675444 0.041198 0.0237583 -0.0834719 -0.104596 -0.0469224 0.03622 0.00717481 0.0607931 -0.0905889
internal_weight=277498 141954 135544 15332.3 16116.3 120212 7616.1 125838 66411.6 10645.9 5574.23 15664.8 11532.3 112595 7122.13 50746.8 10986.7 21483.5 4583.97 4686.44 2263.88 11549.2 2007.03 3600.52 5752.47 3909.63 4015.58 1704.28 1369.65 3390.67
internal_count=1275005 648067 626938 68364 69442 558574 32295 578625 302048 46999 24436 69728 50057 526279 32031 232320 47728 96759 19385 21365 9961 50899 8360 15589 26106 16502 16706 7029 5925 14740
is_linear=0
shrinkage=0.08


Tree=7
num_leaves=31
num_cat=0
split_feature=6 3 9 1 5 8 9 9 8 1 2 2 6 3 3 6 2 6 6 6 6 2 8 9 6 3 6 3 8 2
split_gain=300985 49974.9 24166 10866.6 8587.02 6862.22 6335.36 5712.39 4127.59 3624.17 3327.38 2347.71 1911.84 1610.92 1595.49 1374.1 1366.92 1143.33 1129.1 920.586 801.364 3072.64 1225.26 673.738 527.371 508.54 583.049 485.55 476.275 402.929
threshold=0.66028577089309703 0.60922586917877208 1.0000000180025095e-35 0.75582656264305126 1.0000000180025095e-35 1.0000000180025095e-35 1.0000000180025095e-35 1.0000000180025095e-35 1.0000000180025095e-35 0.86706829071044933 0.94932374358177196 0.51087471842765819 0.48579499125480657 0.79431909322738659 0.81302964687347423 0.7798304855823518 0.64630925655365001 0.93359273672103893 0.98031464219093334 0.77563387155532848 0.54818576574325573 0.72255688905715953 1.0000000180025095e-35 1.0000000180025095e-35 0.8657626509666444 0.61451050639152538 0.50800052285194408 0.49151568114757543 1.0000000180025095e-35 0.89377820491790783
decision_type=2 2 2 2 2 2 2 2 2 2 2 2 2 2 2 2 2 2 2 2 2 2 2 2 2 2 2 2 2 2
left_child=2 6 3 14 9 7 19 -3 12 -4 18 17 -5 15 25 16 -7 -8 -9 -2 -6 -22 -23 -17 -13 -1 -27 -19 -16 -11
right_child=1 5 4 8 20 13 11 10 -10 29 -12 24 -14 -15 28 23 -18 27 -20 -21 21 22 -24 -25 -26 26 -28 -29 -30 -31
leaf_value=-0.10251318905463722 -0.034263944476612858 0.11666584637778976 -0.078935425486966054 -0.10061703664627664 -0.11079804196466485 -0.034201118267848753 -0.096932305425012771 -0.023473922039599554 0.10546536928073373 0.004824309269658782 0.1063096650653538 -0.037755748354737204 0.10391636129840275 0.10873976384846881 -0.05798962617912639 0.11079050496809824 0.093083142990029302 -0.058798664386910712 0.09524942034948751 0.060792567871974408 -0.10350041064627159 -0.066343722208895159 0.090436452875749321 0.076963597785216664 0.066900405561127335 -0.077067267373306866 0.039266204086553638 0.013972416944605779 0.10492182892138242 0.055973412592065723
leaf_weight=3582.928034901619 809.18006831407547 4716.6766363382339 3509.3456789255142 1059.3759715408087 93893.412415489554 1202.2815622538328 9215.0669597834349 6971.2536742687225 5977.7404507100582 1833.5994069725275 1795.8705178201199 476.07153354585171 398.11605216562748 91874.57318867743 157.60715432465076 6418.0916098058224 970.96389299631119 2370.3286627829075 548.03500317037106 3256.5209368169308 9414.6956728249788 530.72915028035641 782.45158541202545 9479.1879025101662 848.72467160224915 977.07618524134159 377.7341411113739 772.7641419172287 385.20198626816273 2147.7422906756401
leaf_count=17090 3479 21877 15582 4964 461668 5249 42086 28802 27114 7455 8496 2029 1707 447129 721 30634 4464 10157 2346 13704 45132 2286 3360 43447 3667 4419 1651 3253 1674 9251
internal_value=-8.06413e-05 0.0797329 -0.0905543 0.0130528 -0.102492 0.0977073 -0.0458041 0.0449805 0.0760417 -0.0197073 0.00862283 -0.0718566 -0.0444748 0.104433 -0.072364 0.0825022 0.0226767 -0.0827071 -0.0147421 0.0418157 -0.108416 -0.0875134 0.0269402 0.0906609 0.0291709 -0.0866862 -0.0444896 -0.0408625 0.0572301 0.0324925
internal_weight=266753 141726 125028 12915.8 112112 123977 17748.7 14031.8 7435.23 7490.69 9315.16 13683 1457.49 109945 5480.55 18070.5 2173.25 12358.2 7519.29 4065.7 104621 10727.9 1313.18 15897.3 1324.8 4937.74 1354.81 3143.09 542.809 3981.34
internal_count=1274893 670819 604074 59340 544734 592444 78375 61521 33785 32288 39644 61192 6671 530923 25555 83794 9713 55496 31148 17183 512446 50778 5646 74081 5696 23160 6070 13410 2395 16706
is_linear=0
shrinkage=0.08


Tree=8
num_leaves=31
num_cat=0
split_feature=5 9 0 0 9 8 2 8 8 9 8 5 2 1 5 0 8 5 0 1 1 5 5 5 1 5 2 9 4 5
split_gain=186732 53495.1 51273.5 11308.5 8634.15 8471.27 12967.9 6823.2 5689.45 5014.4 4408.41 3735.96 2883.16 2371.6 1851.28 1688.09 1886.96 1284.12 1258.55 1198.16 1081.96 897.996 896.592 872.12 769.542 696.049 462.451 349.473 780.577 318.836
threshold=0.57384175062179577 1.0000000180025095e-35 0.54446640610694896 0.54446640610694896 1.0000000180025095e-35 1.0000000180025095e-35 0.71010184288024913 1.0000000180025095e-35 0.75000000000000011 1.0000000180025095e-35 1.0000000180025095e-35 1.0000000180025095e-35 0.92637759447097789 0.65895724296569835 0.42978830635547643 0.62258651852607738 0.75000000000000011 0.89236900210380565 0.63686314225196849 0.52027395367622387 0.7320508360862733 0.97909381985664379 0.76376262307167064 0.72040465474128734 0.6832355558872224 0.39917013049125677 0.27334994077682501 1.0000000180025095e-35 8.5000000000000018 0.74705719947814953
decision_type=2 2 2 2 2 2 2 2 2 2 2 2 2 2 2 2 2 2 2 2 2 2 2 2 2 2 2 2 2 2
left_child=1 3 4 24 19 -3 15 9 11 -4 14 -8 21 17 -5 -7 -17 -6 20 23 22 -11 -9 -2 -1 -10 -25 -20 -29 -15
right_child=2 5 7 10 13 6 8 18 25 12 -12 -13 -14 29 -16 16 -18 -19 27 -21 -22 -23 -24 26 -26 -27 -28 28 -30 -31
leaf_value=-0.076555341106386454 -0.037468497081919003 -0.10608829151359722 0.11247670643068319 -0.065193529104707534 -0.094133679651720176 -0.10101660837889645 0.02554165443265621 -0.010210088294376958 -0.0014709354604483453 -0.031205514582541807 0.10025692327831602 -0.076723798172956714 0.084992115874588339 -0.023819457755429051 0.07727533125031788 -0.079820044712222857 0.024985146799077752 -0.033683504747540435 0.10845483729483497 0.10373627395021055 0.10116649174428241 0.088584536586351903 0.068955605968539738 0.078887572487416083 0.049413925018575194 0.097791345602694854 0.011018639692561396 0.10121430009966567 0.062851569650780884 0.081861565164327091
leaf_weight=3772.933200225234 1180.8436239659786 69097.437549203634 3877.8654643446207 1635.8066388368607 11840.14690284431 22223.245385214686 4247.7143633365631 1461.0658508688211 515.84251154959202 6075.363129273057 13678.46570931375 4937.0345083773136 2069.7311586737633 250.0778397321701 900.64773015677929 4084.1852208226919 1498.2248684465885 2796.3892955482006 40316.815437182784 1506.841978982091 3394.2859190106392 423.37214916944504 2427.9670163840055 1300.4362002015114 333.20822615921497 3473.8500394076109 1281.3656618744135 40526.01360167563 3764.0811490118504 635.46151013672352
leaf_count=18377 5395 356057 18783 7930 56527 112485 18008 6668 2486 25211 67131 25231 9922 1124 4247 19984 7205 12108 207437 7328 16803 1847 11375 5519 1497 17166 5391 203899 18383 2868
internal_value=1.35655e-05 -0.0669764 0.0698264 0.0522663 -0.0448784 -0.0889923 -0.060153 0.0926867 0.00521456 0.037059 0.0822986 -0.029423 0.00286256 -0.0749139 -0.01449 -0.0911256 -0.0516663 -0.0826107 0.100217 0.0435526 0.068149 -0.0233149 0.0391979 0.0193025 -0.0662465 0.0849315 0.045352 0.102972 0.097965 0.0518712
internal_weight=255527 130399 125128 20321.1 20791.6 110078 40980.1 104337 13174.4 12446.3 16214.9 9184.75 8568.47 15522.1 2536.45 27805.7 5582.41 14636.5 91890.2 5269.49 7283.32 6498.74 3889.03 3762.65 4106.14 3989.69 2581.8 84606.9 44290.1 885.539
internal_count=1274392 657804 616588 99182 96260 558622 202565 520328 62891 55763 79308 43239 36980 72627 12177 139674 27189 68635 464565 23633 34846 27058 18043 16305 19874 19652 10910 429719 222282 3992
is_linear=0
shrinkage=0.08


Tree=9
num_leaves=31
num_cat=0
split_feature=6 3 5 6 0 8 2 4 3 0 3 4 2 6 0 8 2 8 2 3 2 0 3 2 6 2 6 3 6 2
split_gain=240031 32460.9 17530.4 10128 13299.9 5642.73 4039.13 2459.6 1881.96 1820.72 2215.79 1424.72 1045.51 961.13 2669.43 1943.39 939.473 807.705 791.277 778.369 726.562 711.115 580.931 525.859 514.817 500.162 497.277 384.277 355.54 328.826
threshold=0.69852143526077282 0.57836258411407482 1.0000000180025095e-35 0.57979589700698864 0.6569296419620515 1.0000000180025095e-35 0.68020617961883556 4.5000000000000009 0.79431909322738659 0.24068965017795566 0.49151568114757543 8.5000000000000018 0.61242875456810009 0.49629549682140356 0.6911335587501527 1.0000000180025095e-35 0.9547502100467683 1.0000000180025095e-35 0.60495716333389293 0.86526826024055492 0.51087471842765819 0.8019607961177827 0.95419579744339 0.76993650197982799 0.79637822508811962 0.87827673554420482 0.87194395065307628 0.81120249629020702 0.94313561916351329 0.88762626051902782
decision_type=2 2 2 2 2 2 2 2 2 2 2 2 2 2 2 2 2 2 2 2 2 2 2 2 2 2 2 2 2 2
left_child=2 9 6 13 12 7 19 16 11 24 28 18 27 -4 -15 -16 -3 29 -7 -1 26 -13 23 -9 -2 -8 -12 -5 -11 -6
right_child=1 5 3 4 17 8 25 22 -10 10 20 21 -14 14 15 -17 -18 -19 -20 -21 -22 -23 -24 -25 -26 -27 -28 -29 -30 -31
leaf_value=-0.078328586895352978 -0.049795934880530988 0.047773399322172283 -0.10362884880130833 -0.095528118303252224 -0.020280119066906823 0.054730435851519273 0.028025155924499577 -0.0041710974140850973 0.10228763681861265 -0.090724113001172793 -0.063818425389020231 0.03013671775077912 0.023857369048980386 -0.098403134391414501 -0.076163865155041713 0.069854365217289618 0.10419360025019682 0.09153671120541286 0.095480457942585806 0.01767603011621088 0.062804612101806032 -0.18130375827821105 0.023377248012651095 -0.082142764267348789 0.032963608721901135 0.070610507494273375 0.012399085791126249 0.03215076533067919 -0.050082301514977105 0.06993990399599205
leaf_weight=2470.2831281274557 606.29186210036278 5713.9611501693726 83089.753303602338 8325.0973357111216 679.86623434722424 4360.415702983737 3287.0051494389772 1474.0749626010656 81930.604064255953 5526.5795548707247 1039.0615900754929 2846.3989797383547 513.60238707065582 8946.736339583993 1145.9345547109842 1177.758381575346 2845.8785992413759 4024.8687131255865 10533.860392808914 686.12774269282818 858.18538485467434 100.45542182028294 2207.836806833744 886.58388143777847 2241.0607370734215 3876.7509108781815 1144.1099874377251 149.51337417960167 1892.2798361033201 409.25735649466515
leaf_count=11939 2831 25667 449865 42955 2934 20731 14196 6124 439539 26636 4897 12951 2333 47662 5779 5475 14983 20229 53869 2925 3793 473 9411 3603 9509 18105 4906 662 8361 1890
internal_value=-8.8219e-05 0.0767312 -0.0817108 -0.0911908 -0.0279271 0.0906607 0.0179021 0.0413133 0.09715 -0.0414225 -0.0568587 0.0735257 -0.0865206 -0.100642 -0.0785706 -0.00209508 0.0665999 0.0750079 0.0835837 -0.0574139 0.000600576 0.0225798 -0.0060515 -0.033634 0.015229 0.0511262 -0.0238658 -0.093239 -0.0804201 0.0136401
internal_weight=244990 126208 118783 108462 14102.2 112900 10320.2 13128.3 99771.7 13307.6 10460.2 17841.1 8988.21 94360.2 11270.4 2323.69 8559.84 5113.99 14894.3 3156.41 3041.36 2946.85 4568.5 2360.66 2847.35 7163.76 2183.17 8474.61 7418.86 1089.12
internal_count=1275233 648284 626949 579784 71003 587351 47165 59788 527563 60933 48593 88024 45950 508781 58916 11254 40650 25053 74600 14864 13596 13424 19138 9727 12340 32301 9803 43617 34997 4824
is_linear=0
shrinkage=0.08


Tree=10
num_leaves=31
num_cat=0
split_feature=6 3 9 0 5 8 9 9 8 6 1 0 6 0 0 3 9 6 8 6 1 1 1 1 8 6 0 1 1 8
split_gain=213706 26864 26266.2 9362.82 6749.24 5109.09 4099.08 3994.66 3475.97 2693.56 2554.9 1811.9 1579.59 4260.84 1471.53 1380.93 1294.12 1106.85 841.223 788.64 773.445 673.002 503.096 462.417 459.344 480.336 445.693 397.825 350.879 314.069
threshold=0.71126025915145885 0.59611794352531444 1.0000000180025095e-35 0.55351883172988903 1.0000000180025095e-35 1.0000000180025095e-35 1.0000000180025095e-35 1.0000000180025095e-35 1.0000000180025095e-35 0.46818889677524572 0.89009663462638866 0.95275297760963451 0.5867464840412141 0.67942845821380626 0.50944742560386669 0.81120249629020702 1.0000000180025095e-35 0.88338446617126476 1.0000000180025095e-35 0.98031464219093334 0.23294574022293094 0.62988328933715831 0.63702240586280834 0.90070420503616344 0.75000000000000011 0.91184088587760936 0.86222714185714733 0.77015754580497753 0.50878274440765392 1.0000000180025095e-35
decision_type=2 2 2 2 2 2 2 2 2 2 2 2 2 2 2 2 2 2 2 2 2 2 2 2 2 2 2 2 2 2
left_child=2 7 3 22 10 6 -3 24 9 -5 26 19 -6 23 20 16 -7 -18 -15 -8 -9 -22 -1 -14 -2 28 -4 -10 -26 -24
right_child=1 5 4 8 12 15 11 14 27 -11 -12 -13 13 18 -16 -17 17 -19 -20 -21 21 -23 29 -25 25 -27 -28 -29 -30 -31
leaf_value=-0.086878455764072784 0.11775133544942688 0.10806331965725993 -0.073417606072860353 -0.096580518281813327 -0.10145029703958197 0.10118742538531023 -0.012900194272442224 -0.015436748778298917 0.048204325098063647 0.09178818796242183 0.030109030778959166 0.09791563239801683 -0.096888275403997637 -0.040057642535191812 0.032424897747515315 0.099791409799558861 0.012445921563086248 0.07202117970331777 0.070339836337600603 0.087146124689958637 -0.082511168077791894 0.059637642804212083 -0.083426674649188223 0.078496765549157063 -0.015933223378421076 0.064968010934415246 0.037598951784423816 0.097566214260332865 0.090950714673280364 0.081251082770583086
leaf_weight=3703.7163650393486 455.01862324774265 3952.6719140261412 3271.7968756556511 1300.7425748407841 83870.618973493576 7299.1861366331577 6824.5228087157011 1515.5040755420923 1272.6017973870039 768.36165794730186 3610.3900409638882 1266.086332783103 7492.7150072902441 639.36082404851913 1044.0590793192387 75185.508325636387 2649.9328510761261 8197.4068385958672 1395.666768938303 539.27566514909267 7213.6944012492895 214.94292272627354 113.40590305626392 92.946305111050606 1294.9192438721657 1411.3904646039009 244.07915069162846 6704.0964333117008 226.58047339320183 192.03792826831341
leaf_count=19765 1971 20648 15581 6863 480591 39513 28423 6603 5836 3559 15624 6825 39997 2705 4532 425920 12515 41654 6842 2477 35519 929 517 400 5427 6086 1004 34411 1046 827
internal_value=8.94937e-05 0.0750523 -0.0778907 0.0245354 -0.0922004 0.0885437 0.0406455 -0.031757 0.0657861 -0.0265 -0.0171125 0.0097035 -0.097921 -0.0670997 -0.0572191 0.0949969 0.0751012 0.0574945 0.0355638 -0.00549759 -0.0677135 -0.0783393 -0.0787403 -0.0946679 0.0432368 0.0314411 -0.0656227 0.0897462 0.000124799 0.0192348
internal_weight=233963 119291 114673 14055 100618 105915 12582.6 13376.1 10045.8 2069.1 7126.27 8629.88 93491.3 9620.69 9988.2 93332 18146.5 10847.3 2035.03 7363.8 8944.14 7428.64 4009.16 7585.66 3387.91 2932.89 3515.88 7976.7 1521.5 305.444
internal_count=1274610 640088 634522 71778 562744 577975 58373 62113 50669 10422 32209 37725 530535 49944 47583 519602 93682 54169 9547 30900 43051 36448 21109 40397 14530 12559 16585 40247 6473 1344
is_linear=0
shrinkage=0.08


Tree=11
num_leaves=31
num_cat=0
split_feature=6 3 9 0 5 8 9 9 8 1 0 6 3 6 9 6 0 1 6 1 6 0 8 6 0 0 3 8 0 8
split_gain=191338 32021.3 16842 7115.59 6611.69 5461.16 4295 4255.15 2945.74 2209.65 1790.73 1708.14 1563.2 1476.06 1347.74 1697.57 1123.24 719.465 717.606 2384.62 708.574 643.532 568.212 547.334 463.862 461.369 353.483 299.463 276.412 269.064
threshold=0.66028577089309703 0.61451050639152538 1.0000000180025095e-35 0.61938297748565685 1.0000000180025095e-35 1.0000000180025095e-35 1.0000000180025095e-35 1.0000000180025095e-35 1.0000000180025095e-35 0.84273937344551098 0.95275297760963451 0.89326858520507824 0.81120249629020702 0.48579499125480657 1.0000000180025095e-35 0.79637822508811962 0.44170945882797247 0.71892556548118602 0.54818576574325573 0.90521115064620983 0.97905021905899059 0.25158227980136877 1.0000000180025095e-35 0.80654072761535656 0.62258651852607738 0.58102023601531994 0.90501254796981823 0.75000000000000011 0.92031747102737438 1.0000000180025095e-35
decision_type=2 2 2 2 2 2 2 2 2 2 2 2 2 2 2 2 2 2 2 2 2 2 2 2 2 2 2 2 2 2
left_child=2 6 3 17 9 7 23 -3 13 26 20 25 14 -5 -7 -16 21 -1 -6 24 -9 -13 -21 27 -20 -8 -4 -2 -11 -19
right_child=1 5 4 8 18 12 11 10 -10 28 -12 16 -14 -15 15 -17 -18 29 19 22 -22 -23 -24 -25 -26 -27 -28 -29 -30 -31
leaf_value=-0.082468581408896666 0.09514324625713555 0.10513628030099779 -0.07856965419084054 -0.088424047394976321 -0.099793150195495117 0.097977030969841575 -0.086128398394582292 -0.015174048141396088 0.086750076667009623 0.0047380569792295464 0.094726596982045289 0.0046507965929401514 0.097359538202889909 0.088160411434704336 -0.028304449580818663 0.065237922931177486 0.035791285399744015 -0.069303879314658812 -0.097219116759486954 -0.034912969525158773 0.079501692616304076 -0.069426771416003161 0.098771493166769725 0.054585084936970389 -0.04368741976700366 0.046705384557577334 0.014494911298754451 -0.031027419607739325 0.047383461617901135 0.073311602459272249
leaf_weight=3706.3699488192797 134.31653766334057 4002.3697224408388 2638.5682177841663 1081.3584709912539 75908.633089229465 6946.1572614014149 7180.6177257448435 7161.7067704200745 5685.7009873986244 2481.6878705024719 1245.3901536911726 1071.4885219037533 73084.953200772405 414.81506735086441 1433.2773382216692 9057.6528856605291 1485.1400002986193 115.32967966794968 6946.2642047256231 315.24457238614559 539.05056186020374 2465.8747458308935 551.62912674248219 2950.2466372251511 1245.3997724503279 166.80436073243618 285.10863684117794 869.84870438277721 1606.4272106289864 277.8093494027853
leaf_count=20475 583 21968 13356 5972 461743 39621 37983 29839 29317 10378 7025 4500 437293 1894 6647 47245 6624 548 40755 1440 2546 11827 2582 13037 5892 713 1189 3908 7300 1208
internal_value=4.09735e-05 0.0688315 -0.0797625 0.0124736 -0.0910773 0.08526 -0.0352839 0.0366256 0.0604741 -0.0163724 0.00591546 -0.0584849 0.0922126 -0.0392287 0.0706093 0.0524355 -0.0224534 -0.07155 -0.097239 -0.0757744 -0.00847873 -0.0469682 0.0500513 0.0372336 -0.0891317 -0.0830613 -0.0694304 -0.0136046 0.0215721 0.0307277
internal_weight=223055 119795 103260 11281.4 91979 103471 16324.3 12948.5 7181.87 7011.79 8946.15 12369.9 90522 1496.17 17437.1 10490.9 5022.5 4099.51 84967.2 9058.54 7700.76 3537.36 866.874 3954.41 8191.66 7347.42 2923.68 1004.17 4088.12 393.139
internal_count=1275408 671359 604049 59414 544635 592184 79175 61378 37183 32223 39410 61647 530806 7866 93513 53892 22951 22231 512412 50669 32385 16327 4022 17528 46647 38696 14545 4491 17678 1756
is_linear=0
shrinkage=0.08


Tree=12
num_leaves=31
num_cat=0
split_feature=6 3 5 6 2 1 6 4 3 1 2 2 6 3 3 1 2 3 0 2 2 1 6 2 0 6 0 0 4 6
split_gain=170752 29022.5 14583.6 4535.99 7791.41 3129.73 2721.85 2083.46 1974.21 1611.1 1522.66 1371.11 1315.38 1145.67 784.717 656.473 496.471 492.33 467.473 459.415 412.43 316.006 306.591 738.009 298.255 229.823 409.52 226.439 201.271 183.096
threshold=0.66028577089309703 0.61451050639152538 1.0000000180025095e-35 0.53671374917030346 0.68020617961883556 0.77015754580497753 0.8164966106414796 4.5000000000000009 0.93643954396247875 0.99565216898918163 0.49752475321292883 0.24440020322799685 0.77154105901718151 0.83752354979515087 0.49151568114757543 0.92637759447097789 0.56992483139038097 0.86526826024055492 0.73735308647155773 0.86706829071044933 0.90353596210479747 0.21483516693115237 0.46384282410144811 0.86453121900558483 0.54446640610694896 0.76216787099838268 0.71503761410713207 0.6569296419620515 8.5000000000000018 0.97394534945487987
decision_type=2 2 2 2 2 2 2 2 2 2 2 2 2 2 2 2 2 2 2 2 2 2 2 2 2 2 2 2 2 2
left_child=2 6 5 22 13 17 16 15 9 12 11 28 -9 24 -13 25 21 -1 -11 -6 -7 -2 -4 27 -5 26 -3 -24 -8 -10
right_child=1 7 3 4 19 20 10 8 29 18 -12 14 -14 -15 -16 -17 -18 -19 -20 -21 -22 -23 23 -25 -26 -27 -28 -29 -30 -31
leaf_value=-0.074211081551392402 -0.022508997265238757 0.0050888021921851236 -0.097418274091726043 -0.093728656433042817 0.027776038778536214 0.025877495807997156 -0.0092650329121834758 -0.018740411076641445 0.07729923861088292 0.030541201138703605 0.061714840422668067 -0.061550816214030697 0.060606830521345405 0.045521048138609591 0.0028964949664373324 0.096256922510172982 0.040846999741435915 0.029539703311721569 -0.080323343579943654 0.087121850782795107 0.064841009874580025 -0.085193029546663898 -0.095163626665665413 -0.011405420108101836 -0.05610232342800333 0.082128595920228503 0.079705137445267055 -0.06269779426854806 0.045167517738258833 0.095891726721759413
leaf_weight=2209.1803271919489 580.95991267263889 727.03541834652424 65226.996158644557 7533.5675220638514 1561.2537100613117 4062.6148945391178 578.60826310515404 1532.5435548573732 12625.037361010909 338.0858668088913 1689.371500402689 4057.1702723503113 10219.729399904609 433.84748764336109 1714.3885975778103 43631.084883153439 224.12040609121323 332.18480724096298 829.22524327039719 1831.7421562671661 3077.7103583663702 5450.6266302317381 7265.8556875288486 870.61818931996822 1706.0388945192099 22242.49780164659 1359.4720988720655 1789.4654270857573 1673.2753454595804 4961.8166198134422
leaf_count=11829 2894 3582 419054 46795 8003 18293 2518 7396 74365 1835 8102 19971 55910 2166 7653 274167 1003 1485 4279 9999 15652 30045 46069 4925 9234 131465 7879 10576 7258 31322
internal_value=-3.95568e-05 0.0663136 -0.0775998 -0.0878283 -0.044276 0.0155832 -0.0337144 0.0825378 0.0651255 0.0413309 -0.00717913 -0.0217344 0.0502425 -0.0808596 -0.0423937 0.0903463 -0.0748497 -0.0605555 -0.0480841 0.0599426 0.042728 -0.0792055 -0.0953949 -0.0820403 -0.0868326 0.079722 0.0538562 -0.0888037 0.031121 0.0825796
internal_weight=212336 114435 97901.1 88219.4 13066.4 9681.69 15968.5 98466.5 30506.4 12919.6 9712.81 8023.44 11752.3 9673.45 5771.56 67960.1 6255.71 2541.37 1167.31 3393 7140.33 6031.59 75152.9 9925.94 9239.61 24329 2086.51 9055.32 2251.88 17586.9
internal_count=1275724 671644 604080 556821 76197 47259 79444 592200 175107 69420 45502 37400 63306 58195 27624 417093 33942 13314 6114 18002 33945 32939 480624 61570 56029 142926 11461 56645 9776 105687
is_linear=0
shrinkage=0.08


Tree=13
num_leaves=31
num_cat=0
split_feature=6 9 3 0 5 8 9 9 8 6 4 3 6 0 0 3 4 9 8 0 6 3 9 0 8 0 0 0 6 4
split_gain=152562 20615.3 19661.8 6916.75 5525.06 5344.38 3649.13 3255.55 2783.21 2092.86 1553.23 1529.47 1386.45 3505.7 1293.06 1233.47 1229.58 1117.69 1023.59 746.023 688.027 428.011 427.857 423.705 397.032 383.409 631.974 295.364 284.569 217.322
threshold=0.71126025915145885 1.0000000180025095e-35 0.61451050639152538 0.51191151142120372 1.0000000180025095e-35 1.0000000180025095e-35 1.0000000180025095e-35 1.0000000180025095e-35 1.0000000180025095e-35 0.46818889677524572 4.5000000000000009 0.80810147523880016 0.55433616042137157 0.6569296419620515 0.53001752495765697 0.83752354979515087 7.5000000000000009 1.0000000180025095e-35 1.0000000180025095e-35 0.9547502100467683 0.89326858520507824 0.78086888790130626 1.0000000180025095e-35 0.85127449035644542 0.75000000000000011 0.45923791825771337 0.2674796879291535 0.2014492750167847 0.98120275139808666 2.5000000000000004
decision_type=2 2 2 2 2 2 2 2 2 2 2 2 2 2 2 2 2 2 2 2 2 2 2 2 2 2 2 2 2 2
left_child=1 3 7 -1 11 6 -4 24 9 -5 19 29 -6 -14 20 16 22 -18 -15 -8 -9 -10 -7 -13 -2 26 -26 -22 -12 -3
right_child=2 4 5 8 12 15 10 14 21 -11 28 23 13 18 -16 -17 17 -19 -20 -21 27 -23 -24 -25 25 -27 -28 -29 -30 -31
leaf_value=-0.077671758856836901 0.10849718466122507 -0.030271695785302068 0.10066928439375776 -0.08897083606652352 -0.095833820626446103 0.096059557741192819 0.014333325725628445 -0.078689024017224052 0.037457989918569627 0.082130791820381688 -0.044836006798919012 -0.018275946197306228 -0.089921844601374132 -0.050321598085018328 0.033337584498950072 0.093842267662689147 0.088740942826372099 -0.0079486977890456251 0.054419053105105218 0.090298794129024182 0.024325840438665935 0.089918084828562436 0.068254480748206572 0.030290626094233657 0.057754415386458903 0.083787183207055499 -0.024227739933452209 -0.041323108657812545 0.056758853355081136 -0.08883752630012072
leaf_weight=3172.1983819156885 497.18712413311005 575.19011735916138 3354.6366903334856 1234.9634417593479 67753.476880162954 6190.3579946756363 3829.6633017957211 4546.1695002913475 1211.7645942419767 719.63125538825989 3249.2815348953009 2016.4524361044168 8520.9648656100035 929.86470395326614 1137.3572879433632 60722.544046521187 1174.4535671919584 2168.9277680069208 1645.1939137578011 1054.1155746281147 491.77474796772003 6183.1938851475716 8681.0472264587879 2654.9492956250906 1180.7907556146383 691.32344217598438 1214.5150159299374 3656.6244877427816 181.04194393754005 1516.4604843556881
leaf_count=19249 2284 3048 20528 7568 464494 40346 17005 25593 5865 3641 13149 8552 53498 4256 5201 407542 6617 10670 8420 6677 1985 35418 50132 12133 5153 3464 5163 17531 842 8446
internal_value=-5.13549e-06 -0.0715561 0.0674947 0.0243019 -0.0855788 0.080878 0.0303059 -0.0228766 0.0589405 -0.0258452 0.00185247 -0.0161433 -0.0915309 -0.0652113 -0.046672 0.0883493 0.070008 0.0260502 0.0165105 0.030838 -0.0571698 0.0813745 0.0798677 0.00929509 0.0423336 0.0314661 0.0161557 -0.0334823 -0.0393528 -0.0729192
internal_weight=202156 98134.3 104022 12521.8 85612.6 90606.1 11668.7 13415.7 9349.55 1954.59 8314.1 6763.05 78849.5 11096 9831.93 78937.3 18214.8 3343.38 2575.06 4883.78 8694.57 7394.96 14871.4 4671.4 3583.82 3086.63 2395.31 4148.4 3430.32 2091.65
internal_count=1274470 634588 639882 71741 562847 573508 58201 66374 52492 11209 37673 32179 530668 66174 50310 515307 107765 17287 12676 23682 45109 41283 90478 20685 16064 13780 10316 19516 13991 11494
is_linear=0
shrinkage=0.08


Tree=14
num_leaves=31
num_cat=0
split_feature=5 3 8 2 8 8 2 5 5 0 5 2 8 3 4 0 4 5 2 0 0 0 3 1 3 2 1 0 1 1
split_gain=92913.3 31334.1 18947.4 16792.2 6028.48 5616.89 3434.44 3173.74 2414.06 2261 1949.27 1934.87 1597.61 1447.13 1264.83 886.301 729.135 521.334 515.66 504.341 546.829 501.341 892.162 461.625 408.8 398.279 387.956 358.572 343.574 253.147
threshold=0.5557561218738557 0.65485891699790966 1.0000000180025095e-35 0.65733855962753307 1.0000000180025095e-35 0.75000000000000011 0.56374144554138195 1.0000000180025095e-35 0.43643578886985784 0.60495716333389293 0.82696363329887401 0.93127068877220165 0.75000000000000011 0.83752354979515087 7.5000000000000009 0.8019607961177827 5.5000000000000009 0.45622551441192633 0.88762626051902782 0.60107529163360607 0.21680375933647159 0.25158227980136877 0.49151568114757543 0.91458967328071605 0.95488464832305919 0.68020617961883556 0.70659971237182628 0.8263767957687379 0.94932374358177196 0.65142410993576061
decision_type=2 2 2 2 2 2 2 2 2 2 2 2 2 2 2 2 2 2 2 2 2 2 2 2 2 2 2 2 2 2
left_child=2 6 17 9 11 7 10 23 -9 26 19 16 27 14 25 -16 28 -1 -19 20 -2 -12 -23 -5 -18 -6 -4 -11 -3 -14
right_child=1 4 3 5 13 -7 -8 8 -10 12 21 -13 29 -15 15 -17 24 18 -20 -21 -22 22 -24 -25 -26 -27 -28 -29 -30 -31
leaf_value=-0.092763105920188979 -0.017763337639209127 0.0088421467960765939 -0.081685934940310331 0.0050513381388513261 0.053380794259701707 0.086466798258810762 0.055316871098860972 -0.076406239634868089 0.041977396268617871 -0.061280658513061685 0.028288474602316982 0.08184666445359344 0.071112689193313636 0.091718178815865276 0.02626638822735327 -0.14567850819473663 -0.050874584547260453 -0.07752890621610066 -0.012722680519716435 0.044072196113401713 -0.076680102975235975 -0.058202062014749249 0.015490593980820526 0.050924699537333321 0.004813937502822759 0.08470224519783788 -0.028463111702586912 0.038292080300689653 0.053975862634369501 0.0066121775274779696
leaf_weight=45246.968697205186 1133.0842479765415 3582.4521147012711 16642.872288927436 2000.4171511977911 3993.4252260774374 8095.8702590763569 2282.5827238857746 4037.2477161735296 1510.2159218341112 2512.786856546998 1518.4460857659578 2643.2613323777914 1035.3877283334732 53344.327234089375 2404.2540893703699 203.33065319061279 1827.8659625053406 5034.9192632436752 940.75708727538586 245.5997266471386 10008.00534401834 2340.4669999927282 1897.7431220114231 4777.6169334948063 1552.7239897400141 7857.2725683003664 942.4194525629282 249.51403266191483 1548.8218559771776 633.42235311865807
leaf_count=329515 6007 17137 113738 9305 24602 53469 12474 27879 9642 15791 6738 17219 6014 379147 12944 1034 8259 33780 5812 1231 60486 11727 8888 24338 7008 51536 5794 1350 7752 3898
internal_value=-3.05351e-05 0.0542604 -0.0570609 -0.0175217 0.0766541 0.0347204 -0.036748 0.000697072 -0.0441404 -0.0659832 -0.0490281 0.0221246 -0.0148463 0.0856209 0.0630897 0.0125443 0.00352268 -0.089811 -0.0673723 -0.068205 -0.0707131 -0.011042 -0.0251876 0.0374233 -0.0252799 0.0741881 -0.0788516 -0.0521757 0.0225357 0.046819
internal_weight=192044 98383.7 93660.4 42437.8 78957.7 20421.4 19425.9 12325.5 5547.46 22016.4 17143.3 11155.1 4431.11 67802.6 14458.3 2607.58 8511.86 51222.6 5975.68 11386.7 11141.1 5756.66 4238.21 6778.03 3380.59 11850.7 17585.3 2762.3 5131.27 1668.81
internal_count=1274514 634189 640325 271218 526638 124633 107551 71164 37521 146585 95077 57375 27053 469263 90116 13978 40156 369107 39592 67724 66493 27353 20615 33643 15267 76138 119532 17141 24889 9912
is_linear=0
shrinkage=0.08


Tree=15
num_leaves=31
num_cat=0
split_feature=6 3 9 6 3 9 9 4 6 6 3 1 1 3 6 6 6 6 1 2 2 0 1 3 0 2 2 0 2 2
split_gain=124682 21051.3 13021.3 5060.4 4744.97 3620.41 3545.77 3203.17 1629.59 1570.22 1372.92 1332.56 1305.28 1004.96 901.112 3663.14 822.51 614.892 1665.18 500.819 541.671 453.436 453.031 380.077 359.491 308.571 299.693 285.826 285.551 209.462
threshold=0.66028577089309703 0.63224515318870556 1.0000000180025095e-35 1.0000000180025095e-35 0.65485891699790966 1.0000000180025095e-35 1.0000000180025095e-35 5.5000000000000009 0.8873705565929414 0.98418948054313671 0.92718276381492626 0.78319624066352855 0.94360822439193737 0.49151568114757543 1.0000000180025095e-35 0.42689777910709387 0.98227471113204967 0.52506983280181896 0.91331186890602123 0.48313754796981817 0.2674796879291535 0.57804551720619213 0.24068965017795566 0.49151568114757543 0.62258651852607738 0.60088497400283825 0.65733855962753307 0.80925628542900097 0.93582704663276683 0.54011154174804699
decision_type=2 2 2 2 2 2 2 2 2 2 2 2 2 2 2 2 2 2 2 2 2 2 2 2 2 2 2 2 2 2
left_child=2 5 4 11 25 19 -3 12 21 10 -9 27 16 22 -6 -16 -8 -5 24 20 -2 26 -10 -22 -19 -1 -7 -4 -13 -15
right_child=1 6 3 17 14 8 7 9 13 -11 -12 28 -14 29 15 -17 -18 18 -20 -21 23 -23 -24 -25 -26 -27 -28 -29 -30 -31
leaf_value=-0.078479486821817337 0.061784137401492752 0.09437050207519207 -0.07547032439395443 -0.093342744001192912 0.08932283069873867 -0.078940142948368944 0.045315594100870035 -0.022254426971781881 0.0045115834603574644 0.080642437157590979 0.03939514964269087 -0.0046598928031296605 0.088109598593134553 0.0081925313279529975 -0.071242406504095218 0.081890160194998632 0.087832609508401285 -0.089968256984236758 0.030649953404686597 0.091384446572659914 -0.033663844692390144 0.023565517357052576 -0.062742183217433883 0.044254438897829991 -0.046529664426591982 0.041661600887179448 0.081456097442557523 0.054931500171084842 0.039822942958936472 0.058223665887137281
leaf_weight=2680.9032290428877 1430.700083270669 38121.790638834238 2012.6554687172174 57848.536203473806 2473.9743884056807 6208.3476993143559 11264.615621238947 4410.1489088088274 898.91982255876064 2572.5785979032516 4844.8989705145359 3125.679225936532 18532.913213714957 1492.636039763689 1523.5300807356834 2883.2688672840595 3955.8842854052782 6941.8350958377123 923.62196707725525 970.62150582671165 1078.3531897813082 295.71649473905563 2187.328793078661 630.20123359560966 1520.9845254421234 139.39800296723843 70.658863216638565 108.73689593374729 1302.697843670845 840.23201461136341
leaf_count=18167 6416 285059 11992 448634 14632 38372 68878 22604 3760 17470 29288 13434 134535 6646 8911 16818 27663 50936 4719 5508 4769 1318 11660 2890 7972 691 305 450 6393 4348
internal_value=-0.000106163 0.0602373 -0.0722475 -0.0837032 0.014865 -0.023513 0.0763525 0.061271 -0.0457198 0.0254101 0.0100049 -0.0165342 0.0738267 -0.013184 0.050692 0.0288918 0.0564017 -0.0902425 -0.0710792 0.0412311 0.0255527 -0.0724823 -0.0431261 -0.004785 -0.0822122 -0.0724215 -0.0770463 -0.0685976 0.00841971 0.0263667
internal_weight=183292 99806.5 83485.8 73784.7 9701.07 16103.7 83702.8 45581 11993.8 11827.6 9255.05 6549.77 33753.4 5419.12 6880.77 4406.8 15220.5 67235 9386.44 4109.88 3139.25 6574.72 3086.25 1708.55 8462.82 2820.3 6279.01 2121.39 4428.38 2332.87
internal_count=1275238 671489 603749 544530 59219 85992 585497 300438 66409 69362 51892 32269 231076 26414 40361 25729 96541 512261 63627 19583 14075 39995 15420 7659 58908 18858 38677 12442 19827 10994
is_linear=0
shrinkage=0.08


Tree=16
num_leaves=31
num_cat=0
split_feature=6 3 9 8 5 2 9 9 2 2 8 3 2 6 9 4 6 3 6 6 2 8 3 2 3 3 8 5 2 8
split_gain=112085 19416.7 11445.4 5351.61 5007.8 4248.42 3636.19 3307.99 1799.13 1713.5 1675.93 1271.28 1198.24 1075.59 1074.85 1208.53 909.953 656.113 567.35 555.447 1344.57 875.716 545.943 653.223 367.273 291.466 264.994 259.019 233.493 222.099
threshold=0.6546536684036256 0.64051282405853283 1.0000000180025095e-35 1.0000000180025095e-35 1.0000000180025095e-35 0.60495716333389293 1.0000000180025095e-35 1.0000000180025095e-35 0.9634092152118684 0.54011154174804699 1.0000000180025095e-35 0.82287582755088817 0.73735308647155773 0.91607978940010082 1.0000000180025095e-35 7.5000000000000009 0.46818889677524572 0.81120249629020702 0.98031464219093334 0.52506983280181896 0.70064935088157665 0.75000000000000011 0.53093111515045177 0.27334994077682501 0.49151568114757543 0.89943820238113414 0.75000000000000011 1.0000000180025095e-35 0.17712418735027316 1.0000000180025095e-35
decision_type=2 2 2 2 2 2 2 2 2 2 2 2 2 2 2 2 2 2 2 2 2 2 2 2 2 2 2 2 2 2
left_child=2 7 5 6 12 17 -3 22 18 13 16 14 25 28 -5 -16 -7 27 -8 -6 -21 -22 23 -2 -15 -4 -25 -1 -9 -19
right_child=1 3 4 11 19 10 8 9 -10 -11 -12 -13 -14 24 15 -17 -18 29 -20 20 21 -23 -24 26 -26 -27 -28 -29 -30 -31
leaf_value=0.039853918795145937 0.056364232254209105 0.096883415299684084 -0.069018121773526106 0.089405980177599598 -0.091967891687032483 -0.07994628001482347 -0.024178341821341369 -0.00070409773006315185 0.091941214020306458 0.036176190055285044 0.077462979775156024 0.088589749133695495 0.015073626431237257 -0.037435140760058862 0.059325460023199474 -0.013979473582554323 0.072026320025802879 -0.05166240746915747 0.069741599427807777 -0.083880088930753258 -0.045758113109471525 0.084981193393679058 0.079636431718642126 0.082868165953901798 0.014880775373617691 -0.0072313024720019074 -0.033124865366922031 -0.073820294817400323 -0.075721831028492337 0.077638566469507397
leaf_weight=129.24545736610889 1437.389615431428 3151.7181788384914 2108.827138453722 5408.7849846631289 54168.820767253637 773.70846955478191 6773.1753616780043 281.3159035295248 1081.7259722799063 1549.4155517071486 4541.3131528645754 53892.004942275584 3676.2412954419851 2491.8756645619869 6773.260966449976 1821.0926598310471 367.42362287640572 115.15627440810204 432.71296417713165 7186.9737055748701 901.0077737569809 508.79625244438648 1446.2649154514074 135.2592639029026 1300.4142273664474 644.94198094308376 1207.5026657581329 2954.2395146638155 6561.8482367098331 282.39718236029148
leaf_count=620 6528 21905 12717 40260 448737 5510 29047 1479 7586 7884 27723 430931 16804 12549 43350 9037 1827 687 2323 54071 4631 2538 8198 598 5814 2667 5481 20422 41999 1434
internal_value=1.40641e-05 0.0580824 -0.0709359 0.0744675 -0.0820619 0.0130604 0.0238153 -0.0211142 -0.00399432 -0.0422702 0.0556912 0.0829969 -0.0147789 -0.0537252 0.0614372 0.0437749 -0.0307735 -0.0564641 -0.0184718 -0.0889504 -0.069876 0.001446 0.0398192 0.0189427 -0.0194574 -0.0546448 -0.0210578 -0.068947 -0.0726641 0.039611
internal_weight=174105 95745.8 78359.1 79334.5 69195.6 9163.48 11439.3 16411.3 8287.61 12184.9 5682.45 67895.1 6430.01 10635.5 14003.1 8594.35 1141.13 3481.04 7205.89 62765.6 8596.78 1409.8 4226.42 2780.15 3792.29 2753.77 1342.76 3083.48 6843.16 397.553
internal_count=1275357 674969 600388 584439 542165 58223 60861 90530 38956 69725 35060 523578 32188 61841 92647 52387 7337 23163 31370 509977 61240 7169 20805 12607 18363 15384 6079 21042 43478 2121
is_linear=0
shrinkage=0.08


Tree=17
num_leaves=31
num_cat=0
split_feature=6 3 6 6 2 8 1 2 2 3 0 3 3 4 1 8 8 0 4 1 6 1 4 6 3 0 0 2 6 2
split_gain=100734 13012.2 8939.12 6803.94 7618.45 4736.72 1603.14 1548.49 1444.74 1275.45 1189.48 1099.41 909.708 847.024 931.667 758.719 638.883 2604.75 511.008 377.746 376.866 365.08 337.966 334.257 320.666 320.314 317.393 303.624 244.528 238.862
threshold=0.71126025915145885 0.63224515318870556 1.0000000180025095e-35 0.55433616042137157 0.65733855962753307 1.0000000180025095e-35 0.72377106547355663 0.51087471842765819 0.9547502100467683 0.83752354979515087 0.25158227980136877 0.84475743770599376 0.49151568114757543 7.5000000000000009 0.83910790085792553 1.0000000180025095e-35 0.75000000000000011 0.64630925655365001 4.5000000000000009 0.92718276381492626 0.42689777910709387 0.56691542267799389 4.5000000000000009 0.91184088587760936 0.84475743770599376 0.50944742560386669 0.44170945882797247 0.64630925655365001 0.79637822508811962 0.88762626051902782
decision_type=2 2 2 2 2 2 2 2 2 2 2 2 2 2 2 2 2 2 2 2 2 2 2 2 2 2 2 2 2 2
left_child=2 7 6 16 9 8 24 10 18 25 28 13 26 27 -15 29 -4 -18 -3 22 -19 -20 -8 -14 -1 -5 -12 -7 -2 -6
right_child=1 5 3 4 15 11 19 -9 -10 -11 12 -13 23 14 -16 -17 17 20 21 -21 -22 -23 -24 -25 -26 -27 -28 -29 -30 -31
leaf_value=-0.069799220812962304 -0.031597892479541256 0.027869757316632351 -0.090331555949217157 -0.083652410532173246 -0.024596707014935795 0.05148077364091809 0.024581319275391384 0.046359440696095523 0.088690974635976291 0.062335755265589925 -0.066181472333994351 0.08750835685023152 -0.030809921701079459 0.043061402400401849 -0.081897890559155986 0.07814755342571561 -0.086041444366632081 -0.017848756426553411 0.080822091348465797 0.042488546829723167 0.067644910773251118 -0.017152248341314253 -0.03863990135282485 0.02310499978418969 0.02780335515910384 -0.047629917010348244 0.029168412440488942 0.07974317391532787 0.028593316494171035 0.047974296335255982
leaf_weight=1535.2643299400806 518.37503536045551 4738.1785385683179 48593.480962790549 6200.7185664921999 723.56870061904192 3461.351256981492 1594.4459866732359 2320.5314788520336 1799.8192165717483 456.22194898873568 4870.5578544437885 47058.993428431451 1593.5982654839754 2465.7271531000733 446.2377707734704 3457.1122771948576 6960.0195397436619 534.9127539396286 254.80111426115036 4494.0582124143839 839.12028282880783 3779.7119321972132 812.3384742885828 1356.7267331331968 245.15256378054619 2186.2056383267045 229.07682032883167 8883.7496535554528 2431.151012852788 476.84095744788647
leaf_count=10193 2964 24909 425888 48901 3588 23600 7816 12624 14594 2666 29495 402679 8417 13912 2478 24388 58754 3219 1175 24200 4711 16956 3841 6191 1186 13296 1244 68061 11261 2683
internal_value=-6.43863e-05 0.0597544 -0.0652528 -0.0746941 -0.023607 0.0730405 0.0113212 -0.0129368 0.0234936 -0.0672163 -0.0254763 0.0814415 -0.0413998 0.0626956 0.0237499 0.0591421 -0.0868037 -0.0661726 0.0100565 0.0288007 0.0343021 -0.0108327 0.00314067 -0.0059655 -0.0562301 -0.0743155 -0.0618426 0.0718559 0.0179251 0.00417749
internal_weight=165318 86208.6 79109.5 70428.2 13500.7 72888.6 8681.26 13320 10572.5 8843.15 10999.5 62316.1 8049.96 15257.1 2911.96 4657.52 56927.5 8334.05 8772.69 6900.84 1374.03 4034.51 2406.78 2950.32 1780.42 8386.92 5099.63 12345.1 2949.53 1200.41
internal_count=1275890 640560 635330 588094 95522 568364 47236 72196 57634 64863 59572 510730 45347 108051 16390 30659 492572 66684 43040 35857 7930 18131 11657 14608 11379 62197 30739 91661 14225 6271
is_linear=0
shrinkage=0.08


Tree=18
num_leaves=31
num_cat=0
split_feature=5 3 9 8 9 5 9 0 8 0 3 8 2 2 9 4 1 5 2 5 8 0 5 5 4 5 8 8 5 8
split_gain=59321.7 25181.4 17478.3 6897 3855.77 3636.55 3005.28 2819.92 1958.8 3892.77 1843.57 1683.09 1601.15 1503.63 1414.93 1213.24 919.677 886.74 746.436 533.124 487.639 421.745 413.746 391.817 269.363 249.221 252.764 234.598 513.316 200.901
threshold=0.51013559103012096 0.65485891699790966 1.0000000180025095e-35 1.0000000180025095e-35 1.0000000180025095e-35 1.0000000180025095e-35 1.0000000180025095e-35 0.51191151142120372 0.75000000000000011 0.60922586917877208 0.83752354979515087 1.0000000180025095e-35 0.56992483139038097 0.96214476227760326 1.0000000180025095e-35 7.5000000000000009 0.89009663462638866 0.8873705565929414 0.49752475321292883 0.97909381985664379 0.75000000000000011 0.61257407069206249 0.75051021575927745 0.41941523551940924 4.5000000000000009 0.44795833528041845 1.0000000180025095e-35 0.75000000000000011 1.0000000180025095e-35 1.0000000180025095e-35
decision_type=2 2 2 2 2 2 2 2 2 2 2 2 2 2 2 2 2 2 2 2 2 2 2 2 2 2 2 2 2 2
left_child=2 6 7 4 -3 16 18 -1 25 -10 14 23 17 19 -5 -16 24 21 20 -6 -2 -8 -22 -9 -4 -7 -27 28 -13 -14
right_child=1 3 5 10 13 8 12 11 9 -11 -12 27 29 -15 15 -17 -18 -19 -20 -21 22 -23 -24 -25 -26 26 -28 -29 -30 -31
leaf_value=-0.050283603147665411 0.088887867705886109 0.092584461647673116 -0.022908410199526833 0.085616667294116294 -0.033309153445807163 -0.088745328667164183 -0.072559648869195262 -0.043143647179565273 -0.078991568263809445 0.043499323781369219 0.085589508558074692 0.082187526288551041 -0.039946250257448385 0.07668633669364025 0.047674671906924697 -0.025552814539615491 0.01345428163151928 -0.018949444179222931 0.080029366446197722 0.064201408640043783 -0.037225551424338532 0.041763034358695023 0.020163400368554449 0.044147550636405034 -0.072034538480103646 -0.077752451739412434 -0.029275929219477678 0.089714134524928116 0.015409883918901844 0.038991796804311009
leaf_weight=1832.4744263514876 378.06109771132469 2712.0707660764456 1414.3795486390591 4859.5984255000949 7313.2367069721222 39290.770280949771 11154.834493748844 1075.9852012991905 5759.101175762713 2326.7698185369372 43775.917889259756 2213.5553204417229 240.50319870561361 974.54309222847223 6416.0834610685706 1863.0808505490422 3325.1051530838013 2651.487476348877 1053.1113703548908 371.75757594406605 1501.0397771894932 205.59601327031851 1717.1363720446825 467.07286123931408 1479.006356164813 3723.8228325918317 868.54439282417297 3669.9768411591649 1116.7193381041288 1257.9950006231666
leaf_count=13632 1877 20521 7567 40442 34605 372719 81945 8050 51117 16540 396616 14648 1321 7635 45555 9853 15520 13202 7065 2085 9227 1071 7865 3002 9038 32123 6824 29130 7141 7199
internal_value=-0.000158224 0.043135 -0.0560076 0.0663283 0.00942814 -0.0730642 -0.0354156 0.0396202 -0.0799827 -0.043719 0.0776924 0.0589407 -0.0523259 -0.0166354 0.051346 0.0311713 -0.0152023 -0.0607336 0.020959 -0.0285326 0.00352947 -0.0704591 -0.00657086 -0.0165606 -0.0481563 -0.0866552 -0.0686608 0.0756062 0.0599001 0.0261254
internal_weight=157009 88446.1 68563.3 68286.3 11371.6 58187.5 20159.8 10375.8 51969 8085.87 56914.7 8543.31 15510.4 8659.54 13138.8 8279.16 6218.49 14011.9 4649.35 7684.99 3596.24 11360.4 3218.18 1543.06 2893.39 43883.1 4592.37 7000.25 3330.27 1498.5
internal_count=1275135 688084 587051 557312 64846 511448 130772 75603 479323 67657 492466 61971 104738 44325 95850 55408 32125 96218 26034 36690 18969 83016 17092 11052 16605 411666 38947 50919 21789 8520
is_linear=0
shrinkage=0.08


Tree=19
num_leaves=31
num_cat=0
split_feature=6 3 5 6 2 8 1 1 2 3 6 3 8 4 1 2 0 1 8 0 4 5 6 0 1 3 4 3 8 1
split_gain=82188.7 10715.5 7904.29 5894.71 6581.29 4364.52 1669.75 1337.3 1254.43 1155.99 1035.45 882.19 703.766 660.314 857.618 553.756 641 540.156 514.22 1828.88 446.78 332.776 313.513 303.619 523.459 297.43 294.137 339.88 221.757 216.556
threshold=0.71126025915145885 0.65485891699790966 1.0000000180025095e-35 0.54246303439140331 0.68020617961883556 1.0000000180025095e-35 0.58380147814750682 0.73746865987777721 0.9547502100467683 0.83752354979515087 0.93359273672103893 0.84475743770599376 1.0000000180025095e-35 6.5000000000000009 0.84475743770599376 0.2237871661782265 0.58885449171066295 0.61257407069206249 0.75000000000000011 0.6569296419620515 4.5000000000000009 0.44497103989124304 0.41799478232860571 0.53788751363754284 0.28759399056434637 0.87026646733284008 4.5000000000000009 0.9495762586593629 1.0000000180025095e-35 0.93582704663276683
decision_type=2 2 2 2 2 2 2 2 2 2 2 2 2 2 2 2 2 2 2 2 2 2 2 2 2 2 2 2 2 2
left_child=2 6 7 18 9 8 10 25 17 21 15 13 29 -7 -15 -2 -17 -3 -4 -20 -19 -5 -21 24 -12 -1 -9 -28 -11 -6
right_child=1 5 3 4 12 11 -8 26 -10 28 23 -13 -14 14 -16 16 -18 20 19 22 -22 -23 -24 -25 -26 -27 27 -29 -30 -31
leaf_value=-0.063676963675658366 0.014218796007552697 0.08396739502129108 -0.088361902630727449 -0.030005993470917886 -0.032166103587800296 0.070828093121383745 0.056769089550203974 0.039218255392691678 0.086491131443782149 -0.022442976922621219 0.033813184920821103 0.084789334113955964 0.076591265993421878 0.047021545717095894 -0.066424297306513558 -0.053118624162464559 0.059227093371073229 0.021539005554673408 -0.083353206456854761 -0.024938814704608517 -0.01653080352540013 -0.077040525478046282 0.058472932983884444 0.059844798542636621 -0.025653970814275687 0.033127010367367433 -0.039708116801010433 0.026235843510253588 0.08550364378070581 0.035912388944768427
leaf_weight=1539.4508880823851 1112.145072683692 576.08068862557411 42309.322999954224 1130.0432901456952 554.4105577096343 9914.4517522007227 2200.1487625986338 4380.634189710021 1607.9844188764691 177.27148944884539 1781.0005013346672 41380.782361701131 3097.3192334026098 2567.1724265217781 505.68118073791265 5867.3827005624771 338.71947921067476 4285.1500451490283 5742.7806525453925 471.94315904378891 3644.8757901489735 7406.3695665597916 719.9941885098815 689.04459021240473 2011.5757068693638 228.42561674118042 761.26405687630177 1433.7849071770906 359.33603296428919 636.26346278190613
leaf_count=10844 5468 2879 423238 9249 2901 82286 13441 24524 14644 950 8383 402489 24100 16012 2877 36401 1749 23068 54207 2816 16466 60309 4068 3701 10181 1105 3683 7078 2377 3588
internal_value=-9.70525e-05 0.056311 -0.0624965 -0.0722443 -0.025088 0.0700841 -0.00711706 0.0106251 0.0217935 -0.0636849 -0.0190615 0.0790618 0.0565214 0.0607746 0.0282229 -0.0376023 -0.0469185 0.00950076 -0.0850317 -0.0646421 0.00402143 -0.0708541 0.0253465 0.0111871 0.00223753 -0.0510206 0.0272491 0.00325485 0.0496694 0.0040774
internal_weight=149431 78482.2 70948.6 62605.1 13361 64482.2 14000 8343.56 10114.1 9073.02 11799.9 54368.1 4287.99 12987.3 3072.85 7318.25 6206.1 8506.11 49244 6934.72 7930.03 8536.41 1191.94 4481.62 3792.58 1767.88 6575.68 2195.05 536.608 1190.67
internal_count=1275082 640045 635037 587803 103474 560721 79324 47234 57057 72885 65883 503664 30589 101175 18889 43618 38150 42413 484329 61091 39534 69558 6884 22265 18564 11949 35285 10761 3327 6489
is_linear=0
shrinkage=0.08


Tree=20
num_leaves=31
num_cat=0
split_feature=6 3 5 8 6 2 6 2 3 2 2 4 0 8 2 0 3 2 4 8 2 3 2 0 0 2 2 6 0 8
split_gain=74186.2 13472.6 8358.58 4433.14 2419.2 3119.82 2155.62 1267.78 1232.51 1068.44 979.772 756.553 677.006 671.346 652.301 772.295 596.336 466.006 450.682 399.412 1379.18 343.898 311.869 281.61 262.725 244.401 228.345 212.303 207.874 202.457
threshold=0.64720091223716747 0.65485891699790966 1.0000000180025095e-35 1.0000000180025095e-35 0.52506983280181896 0.69416099786758434 0.79637822508811962 0.9569842815399171 0.84475743770599376 0.51899951696395885 0.64630925655365001 6.5000000000000009 0.81861472129821788 0.75000000000000011 0.27334994077682501 0.44170945882797247 0.84475743770599376 0.57735043764114391 4.5000000000000009 0.75000000000000011 0.70396453142166149 0.96178188920021068 0.68020617961883556 0.74210175871849071 0.53788751363754284 0.91922956705093395 0.91507393121719371 0.41103501617908483 0.58102023601531994 1.0000000180025095e-35
decision_type=2 2 2 2 2 2 2 2 2 2 2 2 2 2 2 2 2 2 2 2 2 2 2 2 2 2 2 2 2 2
left_child=2 6 10 7 19 16 17 18 11 14 23 22 -13 26 -8 -16 24 -2 -3 -4 28 -20 -5 -1 -6 -12 -7 -22 -21 -18
right_child=1 3 4 8 5 13 9 -9 -10 -11 25 12 -14 -15 15 -17 29 -19 21 20 27 -23 -24 -25 -26 -27 -28 -29 -30 -31
leaf_value=-0.050447072158127243 -0.063773386297367812 0.025476692840625682 -0.087677365405276861 0.046045414996748864 -0.082068581065359025 -0.02710303790103687 0.021971126864270711 0.086106085248320113 0.083747442043663634 0.052019571067292082 0.013317425711295652 0.032151093905312261 -0.10763836477242379 0.082481776996052927 -0.047613572973037234 0.014842689843657129 -0.03921822829743609 0.030555884711177088 -0.031035952890513703 -0.086432031397773321 -0.015341800959267441 0.01437279223399662 0.07642083817453095 0.044167519822246891 -0.0432693822455094 0.046477685868190191 0.045295647848597305 0.067695679570315262 -0.035071305785555951 0.079477099621015415
leaf_weight=1735.0425109565258 4811.5096438229084 4808.7514995709062 39007.092783659697 3295.8964812681079 4883.8758999630809 808.1351730376482 2985.2712597548962 1586.473170414567 40017.400422282517 2444.0841634869576 3982.2836697921157 3026.1554395705462 233.95463879406452 1160.3773491606116 3423.228503011167 2001.899999640882 149.98401175439358 354.99821742624044 2317.9441773742437 4425.0497922375798 334.59409356117249 1965.3333121389151 6683.8117832541466 221.98447261750698 1498.991260021925 2231.2821689471602 418.99024382978678 460.28487606346607 592.29873602092266 219.01842243224382
leaf_count=11809 35955 26122 418891 25937 47674 4701 14555 15154 414199 15228 20242 18926 1224 8861 20402 9728 915 1878 10298 45518 1966 9232 59997 1102 10543 13943 2520 2536 4102 1325
internal_value=-9.16556e-05 0.050862 -0.0656674 0.0672999 -0.0770852 -0.039509 -0.0147278 0.0202236 0.0767333 0.00550832 0.00971708 0.0554972 0.0219209 0.0389922 -0.00801183 -0.024545 -0.0672995 -0.0572377 0.00866908 -0.0847387 -0.064931 -0.0101709 0.0664332 -0.0395482 -0.0730228 0.0252788 -0.00216984 0.0326647 -0.0804417 0.0309253
internal_weight=142086 79956.7 62129.3 63935.7 53958.7 9139.37 16021 10678.5 53257.2 10854.5 8170.59 13239.8 3260.11 2387.5 8410.4 5425.13 6751.87 5166.51 9092.03 44819.3 5812.23 4283.28 9979.71 1957.03 6382.87 6213.57 1227.13 794.879 5017.35 369.002
internal_count=1275483 678835 596648 581089 549552 76539 97746 60806 520283 59913 47096 106084 20150 16082 44685 30130 60457 37833 45652 473013 54122 19530 85934 12911 58217 34185 7221 4502 49620 2240
is_linear=0
shrinkage=0.08


Tree=21
num_leaves=31
num_cat=0
split_feature=6 3 9 9 5 2 1 9 6 6 4 3 1 3 1 6 1 3 1 6 5 6 5 6 4 2 4 6 3 2
split_gain=66216.7 12233.5 8578.27 3882.48 3827.54 2839.22 2668.53 2649.18 2003.06 1383.17 979.582 701.654 663.558 603.578 456.221 433.948 797.6 415.467 465.554 403.506 497.323 338.536 1435.09 312.12 256.216 236.264 225.566 220.686 206.924 188.369
threshold=0.64720091223716747 0.65485891699790966 1.0000000180025095e-35 1.0000000180025095e-35 1.0000000180025095e-35 0.90709662437438976 0.77015754580497753 1.0000000180025095e-35 0.98227471113204967 0.8164966106414796 8.5000000000000018 0.49151568114757543 0.72377106547355663 0.56440424919128429 0.23294574022293094 0.51972952485084545 0.91331186890602123 0.53093111515045177 0.28759399056434637 0.50800052285194408 1.0000000180025095e-35 0.44854147732257849 0.24257134646177295 0.97685134410858165 5.5000000000000009 0.61938297748565685 4.5000000000000009 0.39688599109649664 0.93788579106330883 0.98076212406158458
decision_type=2 2 2 2 2 2 2 2 2 2 2 2 2 2 2 2 2 2 2 2 2 2 2 2 2 2 2 2 2 2
left_child=2 7 6 -3 12 8 13 17 10 25 -5 14 -4 -1 -11 -6 -17 18 -2 20 -15 22 -8 -13 29 -9 -14 -24 -28 -7
right_child=1 3 4 5 15 24 21 9 -10 11 -12 23 26 19 -16 16 -18 -19 -20 -21 -22 -23 27 -25 -26 -27 28 -29 -30 -31
leaf_value=-0.074412969608138563 0.050131441288000414 0.088289465781503276 -0.064277079357837635 0.028334876151568156 -0.087055386544023478 0.068322973534660755 0.080479798825628598 -0.072240707990565742 0.075494331418545363 0.0095072214752703749 -0.016053321101531813 -0.0028763341409299048 0.012667814565884863 0.06318744891906701 -0.053373050026601233 -0.07456757862971268 0.012408072320059884 0.074216476767574174 -0.017360968534520627 0.055026585601741188 -0.061906582189177189 0.087650387756861292 -0.067717232293561982 0.04799677141627904 -0.040838444523554812 0.030738562966572604 -0.062482367396359123 0.019145310730759528 -0.0032933793628304154 0.088833627314712768
leaf_weight=1579.1284603625536 1537.9075371846557 26375.962527699769 1361.7968502491713 13069.026794813573 38387.818322621286 5498.3732749000192 1853.1009111851454 4267.5739156901836 4900.5132423266768 1010.6186013370752 4196.7673121020198 2329.8739358335733 2912.1308433413506 262.88840460777283 2683.9702375233173 6055.1106743663549 754.39287543296814 1508.6346466243267 1127.4291090369225 494.35725053399801 834.27580528706312 1524.7868170887232 637.43709853291512 1144.972872056067 109.59647255390882 142.67619695514441 581.66690273582935 257.96245738863945 1082.1981734931469 6596.7609669566154
leaf_count=14917 7305 284899 10304 98195 445105 53190 13802 34674 46687 4391 26271 11866 14282 1302 17517 57411 4292 10030 5475 2854 6176 11536 4596 6172 778 659 2789 1565 4612 71553
internal_value=-0.000109032 0.0489021 -0.0641161 0.065193 -0.0757961 0.0474541 0.0160943 -0.0139069 0.0303697 -0.033608 0.0175347 -0.0118788 -0.0153626 -0.0394474 -0.0361399 -0.0837295 -0.0649064 0.0406858 0.0215434 -0.00452959 -0.0316373 0.0573399 0.0403378 0.0138854 0.0784444 -0.0688419 -0.000716705 -0.0425473 -0.0242062 0.0795549
internal_weight=135080 76500.7 58579.1 60747 51135.1 34371 7443.94 15753.7 22166.3 11579.7 17265.8 7169.44 5937.79 3170.65 3694.59 45197.3 6809.5 4173.97 2665.34 1591.52 1097.16 4273.29 2748.5 3474.85 12204.7 4410.25 4576 895.4 1663.87 12095.1
internal_count=1275205 679662 595543 581573 538795 296674 56748 98089 171153 75279 124466 39946 31987 25249 21908 506808 61703 22810 12780 10332 7478 31499 19963 18038 125521 35333 21683 6161 7401 124743
is_linear=0
shrinkage=0.08


Tree=22
num_leaves=31
num_cat=0
split_feature=6 9 3 8 6 3 9 9 8 6 6 2 2 3 9 2 8 4 1 1 6 3 3 6 8 1 1 1 8 4
split_gain=59601.3 11817.7 7619.94 4250.02 3446.67 3074.01 2583.11 1778.45 1085.42 1229.96 1074.13 1839.56 1021.03 941.263 997.528 919.599 757.728 753.691 606.232 541.301 483.412 328.237 284.981 329.209 304.946 284.66 261.619 240.154 222.815 198.839
threshold=0.72354421019554149 1.0000000180025095e-35 0.65485891699790966 1.0000000180025095e-35 1.0000000180025095e-35 0.60922586917877208 1.0000000180025095e-35 1.0000000180025095e-35 1.0000000180025095e-35 0.49629549682140356 0.52506983280181896 0.73363915085792553 0.97894504666328441 0.86319074034690868 1.0000000180025095e-35 0.54011154174804699 0.75000000000000011 6.5000000000000009 0.7320508360862733 0.59675306081771862 0.957820624113083 0.86729559302330028 0.53093111515045177 0.97785946726799022 0.75000000000000011 0.21483516693115237 0.84889996051788341 0.56691542267799389 0.75000000000000011 2.5000000000000004
decision_type=2 2 2 2 2 2 2 2 2 2 2 2 2 2 2 2 2 2 2 2 2 2 2 2 2 2 2 2 2 2
left_child=1 5 7 6 18 27 -4 22 9 -7 -6 21 19 14 -5 20 -13 -16 -3 -8 25 -12 23 24 -2 -9 -10 -1 -22 -20
right_child=2 4 3 13 10 8 12 15 26 -11 11 16 -14 -15 17 -17 -18 -19 29 -21 28 -23 -24 -25 -26 -27 -28 -29 -30 -31
leaf_value=-0.065669241680337914 0.09686202969824137 -0.061664780075594193 0.091885589477930324 0.084836128583903589 -0.08611537845851748 -0.068985102291171316 0.07994098967528164 0.0025596763824393227 0.041337169904116657 0.077741303581410487 -0.076165120628870042 -0.026962309068523895 0.087060725840507155 0.082088713119525814 0.053546661447254201 0.032367818720149523 0.07706415706853012 -0.0023856886627756026 0.018560862115628449 -0.022257300552488549 0.066010691666881963 0.0045867784363599513 0.073276069108385716 0.084886490790689703 -0.0010480380039678027 -0.054341535281389186 0.079281998260054984 0.040365764247958839 -0.012392976425662313 -0.015179730433603073
leaf_weight=1973.4663352295756 226.94432955980301 1356.2817920595407 2185.3114031553268 4857.993051469326 36098.648317478597 888.27634260803461 344.89301584661007 633.08580404520035 1723.8543828651309 613.69357321411371 7630.9750182107091 1080.4491733163595 661.68940995633602 32484.689615800977 5766.9187887832522 1597.1444719880819 757.21135373413563 2095.9690984115005 1939.813275501132 6233.0128850415349 256.93633206188679 331.87578222900629 1304.9138393029571 484.56693921983242 1640.0069516152143 4671.2753066718578 3852.224867708981 141.67893429100513 2010.9080298990011 2622.5558251589537
leaf_count=18236 1056 10642 19945 52627 448848 8224 1484 3137 10700 3915 73300 6053 6742 382719 51372 9156 5717 12287 9694 27979 1233 1994 9265 2337 7487 32168 33716 898 10309 11966
internal_value=-0.000189255 -0.0574846 0.0516297 0.0646569 -0.0723146 0.0260819 0.0157573 -0.00384947 0.0513776 -0.0088686 -0.0797238 -0.0561334 -0.0072479 0.0748455 0.0563114 -0.0226716 0.015908 0.0386247 -0.0148103 -0.0168179 -0.0343154 -0.0727787 0.0432742 0.0264374 0.0109952 -0.0475241 0.0676275 -0.0584128 -0.00331413 -0.000794369
internal_weight=128467 61011 67456.3 54630.5 51817.8 9193.19 9424.91 12825.8 7078.05 1501.97 45899.2 9800.51 7239.6 45205.6 12720.9 9169.35 1837.66 7862.89 5918.65 6577.91 7572.21 7962.85 3656.43 2351.52 1866.95 5304.36 5576.08 2115.15 2267.84 4562.37
internal_count=1275206 643903 631303 555155 568214 75689 56150 76148 56555 12139 535912 87064 36205 499005 116286 56003 11770 63659 32302 29463 46847 75294 20145 10880 8543 35305 44416 19134 11542 21660
is_linear=0
shrinkage=0.08


Tree=23
num_leaves=31
num_cat=0
split_feature=6 0 5 8 9 9 9 9 6 0 6 9 2 2 8 6 2 0 6 0 8 0 6 6 8 0 4 2 0 2
split_gain=53702.8 10357.7 7069.04 4282.35 3277.88 2922.48 2669.57 1767.44 1501.19 1321.71 1849.64 1062.89 1227.45 1016.07 696.876 634.514 504.108 472.609 445.825 702.829 628.438 373.705 448.946 366.402 334.656 320.643 288.621 244.872 229.404 170.566
threshold=0.63949534296989452 0.57804551720619213 1.0000000180025095e-35 1.0000000180025095e-35 1.0000000180025095e-35 1.0000000180025095e-35 1.0000000180025095e-35 1.0000000180025095e-35 0.84240093827247631 0.51191151142120372 0.41517429053783422 1.0000000180025095e-35 0.88036698102951061 0.9634092152118684 0.75000000000000011 0.98418948054313671 0.81284341216087352 0.44170945882797247 0.50800052285194408 0.59299960732460033 0.75000000000000011 0.44170945882797247 0.98227471113204967 0.98031464219093334 0.75000000000000011 0.25158227980136877 5.5000000000000009 0.70396453142166149 0.87827673554420482 0.65733855962753307
decision_type=2 2 2 2 2 2 2 2 2 2 2 2 2 2 2 2 2 2 2 2 2 2 2 2 2 2 2 2 2 2
left_child=2 5 7 6 9 21 -3 -1 27 -4 14 -5 15 23 -11 -13 28 25 -6 -20 -21 22 24 -8 -2 -10 -14 -7 -9 -19
right_child=1 3 4 11 18 8 13 16 17 10 -12 12 26 -15 -16 -17 -18 29 19 20 -22 -23 -24 -25 -26 -27 -28 -29 -30 -31
leaf_value=0.075291773272476215 0.089487243655055698 0.09042060754832329 -0.070813796112717667 0.086340181186024878 -0.085729061495244951 -0.069158287216054742 -0.021833817675699276 -0.041547768397535115 0.0070168185815707518 -0.088582049620761286 0.064262617679885684 0.035117835719601177 0.08406614502838991 0.081939783446225808 0.082480187959949505 0.074078909487824821 0.011570088603148355 0.010596192452215259 -0.081581027502681466 -0.056444334628241215 0.033139756585069041 0.071702750476424201 0.082170520865601782 0.058036857236543414 -0.0030286295415958898 -0.042258058581359663 0.001643504840443219 0.074292680370432407 0.042830972946117506 0.071940891622478451
leaf_weight=1910.9252828285098 279.03679946064949 2287.8032818213105 1604.3572844713926 20164.92395067215 32720.133268490434 4791.6349541991949 6567.6664256453514 2859.8859928101301 1262.1023137047887 982.06623288244009 2022.3077545762062 10058.635042957962 10324.390732854605 723.21899305284023 175.22100562602282 3669.4319818764925 2750.3405948579311 2221.0519204363227 4235.2203773781657 1457.178817152977 756.09969040006399 1687.7658950909972 669.10400453209877 383.65307980030775 2079.239903010428 2515.0265447199345 283.53101242333651 72.434741415083408 216.38197576999664 331.26407292485237
leaf_count=15064 1425 21973 16543 256560 438214 41448 28529 17626 5693 8179 14729 89592 127533 7583 743 38637 13603 11583 50563 10594 4482 13770 4632 2310 10674 16331 2827 390 924 2301
internal_value=4.28382e-05 0.045521 -0.0618673 0.0621079 -0.0742794 -0.0112559 0.0146676 0.00862061 -0.0335148 -0.0117137 0.0181211 0.0727218 0.0614156 -0.00793799 -0.062301 0.0455667 -0.0132636 -0.00778941 -0.0819144 -0.0624825 -0.0257628 0.0415311 0.0245671 -0.0173641 0.00801653 -0.0257634 0.08188 -0.0669151 -0.0355008 0.0187458
internal_weight=122062 70371.9 51690.1 54463.3 43952.6 15908.7 9962.34 7737.53 11193.5 4783.95 3179.59 44500.9 24336 7674.54 1157.29 13728.1 5826.61 6329.44 39168.6 6448.5 2213.28 4715.15 3027.38 6951.32 2358.28 3777.13 10607.9 4864.07 3076.27 2552.32
internal_count=1275055 683791 591264 575544 544047 108247 60395 47217 77746 40194 23651 515149 258589 38422 8922 128229 32153 35908 503853 65639 15076 30501 16731 30839 12099 22024 130360 41838 18550 13884
is_linear=0
shrinkage=0.08


Tree=24
num_leaves=31
num_cat=0
split_feature=6 0 5 8 9 9 9 9 6 1 9 0 6 0 6 8 1 6 0 8 1 1 1 6 0 8 6 4 4 1
split_gain=47991.7 9304.92 6662.79 4150.51 3083.33 2625.56 2469.48 1533.67 1376.18 1210.06 1119.77 1142.32 898.531 718.635 641.268 531.436 525.722 475.193 712.465 563.561 474.571 418.768 379.907 344.727 387.009 317.463 324.535 270.926 231.562 230.339
threshold=0.63949534296989452 0.57804551720619213 1.0000000180025095e-35 1.0000000180025095e-35 1.0000000180025095e-35 1.0000000180025095e-35 1.0000000180025095e-35 1.0000000180025095e-35 0.84240093827247631 0.84889996051788341 1.0000000180025095e-35 0.87428161501884472 0.42128865420818334 0.95275297760963451 0.98494350910186779 0.75000000000000011 0.65142410993576061 0.50800052285194408 0.61257407069206249 0.75000000000000011 0.6832355558872224 0.55351883172988903 0.64051282405853283 0.55433616042137157 0.45923791825771337 0.75000000000000011 0.90016075968742382 12.500000000000002 5.5000000000000009 0.79118219017982494
decision_type=2 2 2 2 2 2 2 2 2 2 2 2 2 2 2 2 2 2 2 2 2 2 2 2 2 2 2 2 2 2
left_child=2 5 7 6 9 22 -3 -1 29 23 -5 14 15 21 -12 -11 -9 -6 -19 -20 27 -8 25 -4 -25 -2 -27 -10 -13 -7
right_child=1 3 4 10 17 8 13 16 20 12 11 28 -14 -15 -16 -17 -18 18 19 -21 -22 -23 -24 24 -26 26 -28 -29 -30 -31
leaf_value=0.072010832419354978 0.088900267504804939 0.089354971868767119 -0.060380615956377622 0.085637991939202185 -0.08496296176223346 -0.067426552648083421 0.089217994461966849 -0.067791369335459831 -0.028335244724335379 -0.079418544943633831 0.033518303302022059 0.082449668258931033 0.080414685038676964 0.072440374116896286 0.073349677689380513 0.10294375580651151 -0.0014500277036400889 -0.079554969115557594 -0.052061189365276046 0.03591270534859025 0.052773361772930016 -0.019037801650777248 0.085464237760115372 -0.055486623718211156 0.059486452002517634 -0.0044880047442515825 0.046316736376386038 0.0088071693121646449 0.015334865672118517 0.052802683283097118
leaf_weight=1832.0637961104512 478.00224229693413 2128.7500954791903 2091.0770089551806 18767.713366061449 30425.085399709642 4558.3074730038643 231.31080022454262 902.26873716711998 3598.5079725757241 465.29787965863943 9872.8831079304218 9433.4602814018726 1185.3666925579309 646.12693481147289 3527.1986665800214 125.45804113149643 4894.0314610823989 4122.0270200893283 1342.7200889587402 705.97184713929892 735.82051888853312 6793.3592242971063 936.45897088199854 362.4402866512537 377.06148601323366 1721.0203816890717 1496.7043119296432 1918.6672801449895 349.65408936142921 99.331718467175961
leaf_count=15126 2756 21876 19360 256529 437919 41347 1040 8024 20605 4011 90503 125446 10037 7058 38972 512 24253 52212 9817 3985 5078 30515 10153 3849 2491 9246 8444 10212 3603 573
internal_value=1.50565e-05 0.0438251 -0.0603542 0.0601273 -0.0730684 -0.0104452 0.0132231 0.00830037 -0.0318743 -0.0113322 0.0710772 0.0592669 0.040313 -0.00792814 0.0440382 -0.039883 -0.011854 -0.0808328 -0.0603908 -0.0216542 -0.00731043 -0.0153894 0.0399742 -0.0438087 0.00292741 0.0283044 0.019129 -0.0153932 0.0800764 -0.0647743
internal_weight=116124 67293.3 48830.9 51750.5 41202.5 15542.8 9799.55 7628.36 10910.6 4606.7 41950.9 23183.2 1776.12 7670.8 13400.1 590.756 5796.3 36595.8 6170.72 2048.69 6253 7024.67 4632.19 2830.58 739.502 3695.73 3217.72 5517.18 9783.11 4657.64
internal_count=1275552 683956 591596 575542 544193 108414 60489 47403 77815 40260 515053 258524 14560 38613 129475 4523 32277 503933 66014 13802 35895 31555 30599 25700 6340 20446 17690 30817 129049 41920
is_linear=0
shrinkage=0.08


Tree=25
num_leaves=31
num_cat=0
split_feature=6 9 0 8 5 0 9 9 6 1 9 2 8 6 2 1 6 1 0 8 6 1 1 2 1 6 8 0 8 6
split_gain=43270.7 9026.33 5416.69 3562.06 3264.24 2329.67 1921.86 1610.16 1143.61 1582.87 1030.27 1152.21 768.09 952.567 756.165 601.033 545.382 463.408 458.305 452.537 416.481 390.248 316.579 295.602 251.844 210.426 228.747 179.76 166.069 159.103
threshold=0.72982835769653331 1.0000000180025095e-35 0.56691542267799389 1.0000000180025095e-35 1.0000000180025095e-35 0.47559523582458502 1.0000000180025095e-35 1.0000000180025095e-35 0.53091880679130565 0.91331186890602123 1.0000000180025095e-35 0.88762626051902782 1.0000000180025095e-35 0.46818889677524572 0.98529094457626354 0.6832355558872224 0.98870021104812633 0.75582656264305126 0.61938297748565685 1.0000000180025095e-35 0.9492306411266328 0.67017546296119701 0.84889996051788341 0.19560018926858905 0.62575301527977001 0.98418948054313671 0.75000000000000011 0.80717849731445324 0.75000000000000011 0.50800052285194408
decision_type=2 2 2 2 2 2 2 2 2 2 2 2 2 2 2 2 2 2 2 2 2 2 2 2 2 2 2 2 2 2
left_child=1 5 7 6 17 -1 -4 24 -6 18 -5 16 13 -7 21 20 -12 27 -10 -11 23 -8 29 -9 25 26 -2 -3 -22 -14
right_child=2 4 3 10 8 12 14 15 9 19 11 -13 22 -15 -16 -17 -18 -19 -20 -21 28 -23 -24 -25 -26 -27 -28 -29 -30 -31
leaf_value=-0.057842223282757371 0.084059660642005082 -0.059993981053549188 0.088666562516737463 0.085227355619385464 -0.083827613880606458 -0.06904652510219314 0.050423678814494818 0.023745204329800866 -0.076531287833652387 -0.024891185746504205 0.033382359311929011 0.080864932114500979 0.0070520826335745725 0.065124625036614273 0.086375834577419972 0.046397480886213718 0.072005814834610701 0.0011824757256014744 -0.03010541291853408 0.07084762637896333 0.052189375704989389 -0.018665690197853323 0.074282555757639604 -0.047608919968680025 0.08327952599412336 0.077925782079649106 0.012542099783483081 0.054226426634380237 -0.0094880781006926491 0.055390011395384679
leaf_weight=1765.934903472662 326.13778895884752 1269.8458624482155 1739.9718962684274 16342.598300889134 29355.630635306239 737.24420324712992 567.78234622627497 399.44875834137201 5494.2621767222881 535.03099362552166 9516.9772065728903 8708.0342124700546 855.80190542340279 617.40994869172573 529.36635048687458 766.27525432407856 3124.1731937527657 4372.8170317411423 1837.8052538260818 753.36581399291754 312.5965581536293 5954.617716550827 3359.408342115581 4432.2778851687908 760.83201671391726 519.33084429055452 2209.6599834337831 89.46267993748188 2306.4084051176906 905.02603293955326
leaf_count=18056 1915 11045 19584 241629 451845 8208 2490 2009 65874 2829 91958 123095 4775 4437 6435 5141 36841 20755 11222 6414 1530 26797 34903 32328 9001 3130 11455 379 12190 7074
internal_value=-0.000178662 -0.0533177 0.0469942 0.0593769 -0.0677972 0.0234547 0.0134912 -0.000831692 -0.0762908 -0.0505732 0.0700725 0.0584468 0.0456796 -0.00776313 -0.0050848 -0.0207858 0.0429652 -0.0114803 -0.0649448 0.031024 -0.0277432 -0.0125929 0.0598438 -0.0416584 0.042065 0.0316296 0.0219505 -0.0521881 -0.00198005 0.0320738
internal_weight=110466 51949 58516.5 46483.5 43708.2 8240.83 8791.74 12033 37976.1 8620.46 37691.8 21349.2 6474.89 1354.65 7051.77 8217.01 12641.2 5732.13 7332.07 1288.4 7450.73 6522.4 5120.24 4831.73 3815.96 3055.13 2535.8 1359.31 2619 1760.83
internal_count=1275344 647816 627528 548829 570363 77453 55306 78699 538184 86339 493523 251894 59397 12645 35722 53198 128799 32179 77096 9243 48057 29287 46752 34337 25501 16500 13370 11424 13720 11849
is_linear=0
shrinkage=0.08


Tree=26
num_leaves=31
num_cat=0
split_feature=6 3 5 9 8 9 3 9 9 0 6 6 4 8 0 6 0 8 0 0 4 0 6 0 0 0 3 6 0 3
split_gain=38939.9 7776.88 5726.24 3791.71 3287.62 2731.03 1633.76 1350.15 1312.31 985.251 1412.95 979.81 738.871 696.628 577.808 492.219 642.25 467.225 450.9 438.821 425.773 392.956 348.98 301.569 424.735 256.431 220.089 204.835 171.422 124.661
threshold=0.63949534296989452 0.65485891699790966 1.0000000180025095e-35 1.0000000180025095e-35 1.0000000180025095e-35 1.0000000180025095e-35 0.86319074034690868 1.0000000180025095e-35 1.0000000180025095e-35 0.51191151142120372 0.43533413112163549 0.79637822508811962 6.5000000000000009 0.75000000000000011 0.95861870050430309 0.50800052285194408 0.59299960732460033 0.75000000000000011 0.44170945882797247 0.25158227980136877 8.5000000000000018 0.61257407069206249 0.98031464219093334 0.45035210251808172 0.2674796879291535 0.60495716333389293 0.49151568114757543 0.98120275139808666 0.90366768836975109 0.82952776551246654
decision_type=2 2 2 2 2 2 2 2 2 2 2 2 2 2 2 2 2 2 2 2 2 2 2 2 2 2 2 2 2 2
left_child=2 7 8 -3 14 9 12 23 -1 -4 13 25 -6 -11 22 -7 -17 -18 19 -13 -8 -10 -5 24 -2 -9 -26 -20 -23 -12
right_child=1 3 5 4 6 15 20 11 21 10 29 18 -14 -15 -16 16 17 -19 27 -21 -22 28 -24 -25 26 -27 -28 -29 -30 -31
leaf_value=0.068976795979421759 0.047985616649105646 0.084461482281122907 -0.06627647325733213 -0.016677434009263956 0.040616709142642315 -0.083689794090490377 0.076459692269532128 -0.066976762772274059 -0.058665363300216045 -0.081511446935412221 0.031682840356865999 0.0099676196275489837 -0.014488236478318135 0.072954122706028676 0.073502037112151766 -0.07824451305596361 -0.049889276019100655 0.029153483831103746 0.00086549013289500556 -0.045291658735315002 0.033490707379229309 -0.013519915621305174 0.060475364504552105 0.063305506804761949 -0.035297237086202887 0.034579749378759871 0.03504192576451802 0.047104577855316576 0.018377253384412963 0.077664163143587081
leaf_weight=1659.7165002897382 1266.4667919501662 18689.752383191139 1394.2673844844103 6807.1353933513165 5330.1872012019157 26291.40596050024 11883.521758854389 3159.9504527300596 947.79801884293556 957.92997343093157 607.27812644094229 1389.1753257215023 2191.0283946767449 226.64609669148922 533.04183614999056 3497.1833529323339 1347.6388601623476 733.92415478080511 2077.1731740832329 2683.6179433315992 1714.0142251476645 3066.7512170001864 391.48054795712233 1164.4853312894702 1018.2755911052227 162.47750356048346 387.96546275913715 869.46186531335115 1654.9248452186584 1113.0053352043033
leaf_count=14991 6534 285782 16619 30086 53804 437513 172306 33652 8558 8886 3662 6650 13482 1004 6671 50893 10637 4444 11065 19684 19370 14764 2487 9583 5082 772 2020 5280 8802 10215
internal_value=1.93262e-05 0.0408769 -0.0579472 0.0563849 0.0381793 -0.071012 0.0545171 -0.011109 0.00651 -0.0111012 0.015395 -0.0261518 0.0245437 -0.0516405 -0.00643229 -0.0790857 -0.0573032 -0.0219404 -0.0091683 -0.0264151 0.0710694 -0.0117934 -0.0124204 0.0293734 0.0144391 -0.0619177 -0.0157227 0.0146201 -0.00229865 0.0616639
internal_weight=105218 61719.2 43498.5 47540.2 28850.4 36169.3 21118.8 14179 7329.19 4299.13 2904.86 10341.9 7521.22 1184.58 7731.66 31870.2 5578.75 2081.56 7019.43 4072.79 13597.5 5669.47 7198.62 3837.19 2672.71 3322.43 1406.24 2946.64 4721.68 1720.28
internal_count=1275298 684310 590988 583988 298206 543873 258962 100322 47115 40386 23767 77103 67286 9890 39244 503487 65974 15081 42679 26334 191676 32124 32573 23219 13636 34424 7102 16345 23566 13877
is_linear=0
shrinkage=0.08


Tree=27
num_leaves=31
num_cat=0
split_feature=6 0 5 8 9 9 9 6 9 2 9 2 6 2 6 1 6 0 8 1 1 8 1 8 6 8 4 4 0 6
split_gain=34909.9 7165.74 5573 3558.37 2366.88 1914.97 1900.31 1230.19 1160.32 1234.39 1114 948.85 828.04 754.18 570.736 476.975 446.813 594.532 485.61 391.187 385.25 377.229 349.906 267.79 277.425 258.678 243.99 207.144 203.32 383.843
threshold=0.63191848993301403 0.59299960732460033 1.0000000180025095e-35 1.0000000180025095e-35 1.0000000180025095e-35 1.0000000180025095e-35 1.0000000180025095e-35 0.79637822508811962 1.0000000180025095e-35 0.88762626051902782 1.0000000180025095e-35 0.67826876044273388 0.40631225705146795 0.9833287000656129 0.98870021104812633 0.70659971237182628 0.49629549682140356 0.59299960732460033 1.0000000180025095e-35 0.64051282405853283 0.65895724296569835 0.75000000000000011 0.59317129850387584 0.75000000000000011 0.89485698938369762 0.75000000000000011 5.5000000000000009 5.5000000000000009 0.45923791825771337 0.47229200601577764
decision_type=2 2 2 2 2 2 2 2 2 2 2 2 2 2 2 2 2 2 2 2 2 2 2 2 2 2 2 2 2 2
left_child=2 6 10 5 11 -3 19 -8 -5 14 -1 28 21 22 -10 25 -6 -18 -19 23 -12 -13 -7 -2 -25 -9 -11 -17 -4 -30
right_child=1 3 4 8 16 13 7 15 9 26 20 12 -14 -15 -16 27 17 18 -20 -21 -22 -23 -24 24 -26 -27 -28 -29 29 -31
leaf_value=0.065311872646187763 0.080572191361744039 0.086657356637175428 -0.071665786864062553 0.083971331185067041 -0.083426979956058467 0.073871935056906243 -0.06472087740933441 0.021076191837386137 0.028517884751506517 0.081058772143934851 -0.061310320679841636 -0.07967955246884538 0.069046411036893074 0.085121546613830854 0.070475544484049107 0.080596953852703226 -0.078463989853209667 -0.064154444443153671 0.012348242101145067 0.082208536153161677 -0.0016355941784652306 0.080315152117870561 -0.017111067175871339 -0.0068755107248428737 0.040010611455377119 -0.021613717690780701 -0.011772791696940477 -0.00068775717468746403 -0.064797907057192503 0.028584240655721321
leaf_weight=1599.6585736647248 459.06833500042558 1741.5321082063019 1118.8078801035881 14988.691539425403 23982.543156933039 276.50234794616699 3528.0345614477992 1079.7888285964727 9205.0919142253697 7725.4940427206457 803.96907093375921 461.54734016954899 1184.1204641088843 530.12973874807358 2691.6361040994525 514.68649137765169 3463.243281006813 1016.5078211985528 1097.364373087883 913.59194857254624 4850.4250638484955 112.96906059980392 6673.8378005847335 1690.8380387239158 1530.969090461731 5508.5599010363221 181.26460816711187 320.38866680860519 626.14969363808632 502.05864540487528
leaf_count=15128 2978 21879 14362 255101 430175 1292 37997 6178 93585 124491 8103 4521 10880 6848 35662 3954 54724 10106 6900 12095 24179 475 29969 9526 9361 33511 2046 2413 5854 3063
internal_value=-0.000108717 0.0389453 -0.0570947 0.0554355 -0.0708352 0.0112251 -0.00773476 -0.0258574 0.067146 0.0543853 0.0064669 -0.0130595 0.0308481 -0.0063611 0.0380499 -0.00733452 -0.0786555 -0.0580522 -0.024429 0.035409 -0.0101954 -0.0475217 -0.013418 0.0236542 0.0153822 -0.0145822 0.0789043 0.049402 -0.0474872 -0.0231584
internal_weight=100379 59560.1 40819.4 44014.2 33565.3 9222 15545.9 10951.5 34792.2 19803.5 7254.05 4005.65 1758.64 7480.47 11896.7 7423.42 29559.7 5577.12 2113.87 4594.47 5654.39 574.516 6950.34 3680.88 3221.81 6588.35 7906.76 835.075 2247.02 1128.21
internal_count=1277356 688886 588470 570873 541060 59988 118013 84053 510885 255784 47410 39155 15876 38109 129247 46056 501905 71730 17006 33960 32282 4996 31261 21865 18887 39689 126537 6367 23279 8917
is_linear=0
shrinkage=0.08


Tree=28
num_leaves=31
num_cat=0
split_feature=6 9 3 9 5 8 3 6 2 3 9 2 8 6 6 5 8 3 2 2 3 3 0 0 6 6 5 6 2 0
split_gain=31284.7 6688.46 4470.68 3065.97 2990.28 2449.65 1762.78 1167.34 1418.1 1149.91 759.955 568.07 525.177 480.282 453.733 691.367 612.612 448.122 482.226 444.747 343.458 300.797 293.707 285.699 279.642 251.387 246.893 216.702 205.297 208.9
threshold=0.72982835769653331 1.0000000180025095e-35 0.65485891699790966 1.0000000180025095e-35 1.0000000180025095e-35 1.0000000180025095e-35 0.78086888790130626 0.50800052285194408 0.73363915085792553 0.86319074034690868 1.0000000180025095e-35 0.98529094457626354 1.0000000180025095e-35 0.98494350910186779 0.50800052285194408 0.25819891691207891 0.75000000000000011 0.49151568114757543 0.27953489124774938 0.69416099786758434 0.68801230192184459 0.87226107716560375 0.84575733542442333 0.44170945882797247 0.97905021905899059 0.90872874855995189 0.57384175062179577 0.57979589700698864 0.47673159837722784 0.30068494379520422
decision_type=2 2 2 2 2 2 2 2 2 2 2 2 2 2 2 2 2 2 2 2 2 2 2 2 2 2 2 2 2 2
left_child=1 6 10 -4 20 11 19 -6 21 13 28 24 -10 -7 15 -8 -17 18 -12 27 -3 -9 -11 -20 -5 26 -19 -1 29 -2
right_child=2 4 3 5 7 9 14 8 12 22 17 -13 -14 -15 -16 16 -18 25 23 -21 -22 -23 -24 -25 -26 -27 -28 -29 -30 -31
leaf_value=-0.055990942625598457 0.040082002226651738 -0.064776431345568999 0.083636060762517075 -0.01225345925979005 -0.082551516319507481 0.013043607056276527 0.067485471931580818 -0.068550234368611102 -0.032847827143987783 0.048723924229782563 -0.0040933199745892095 0.084618477657670305 0.053784679251494112 0.062005623188466766 0.082517363473929684 -0.056910254145476735 0.078338715176290416 0.039688107127732145 -0.066119878793521672 0.056763022808167363 -0.0022959405600292389 0.0093869836106536264 0.076651225402767503 0.047214191845915458 0.057706418225971091 0.021978272866248611 -0.034578140602198396 -0.007922742717391908 0.068084816856007355 -0.0067526186963756223
leaf_weight=1645.1196906790137 1392.0842950940132 631.45101756602526 14869.191640220582 6224.0778049975634 22714.162548296154 4762.550614438951 1362.0835409015417 6320.37887756899 800.24056496098638 3525.0483881831169 1954.7234181091189 446.36778461560607 1001.4999199137092 1758.1842764280736 1894.9583134353161 754.50139245390892 293.15630786120892 357.56484298408031 2098.0012645348907 351.69349804148078 4946.4552625194192 328.68618441000581 8198.1700049117208 147.54432003200054 382.94503229856491 2227.2468869164586 1342.9963193610311 959.55256232619286 731.66773185878992 1069.9827941134572
leaf_count=18210 7026 6641 266359 27088 437633 42705 14241 83515 5302 47576 11841 6503 8516 20449 26246 6647 1672 2085 19289 3156 25458 2360 138724 971 2462 12609 8176 7458 7583 5310
internal_value=-4.30485e-05 -0.0495731 0.0422849 0.0547992 -0.0634379 0.03783 0.0205593 -0.0730925 -0.0476158 0.0533058 -0.00210259 -0.00218559 0.015234 0.0263071 0.0532129 0.0299792 -0.0187205 -0.0151075 -0.0332606 -0.0269425 -0.00944943 -0.0646693 0.0682918 -0.0585138 -0.00813379 0.00428173 -0.0187983 -0.0383932 0.0309169 0.019691
internal_weight=95492.3 44003.9 51488.3 40166.5 36742.9 25297.3 7261.07 31165 8450.81 18244 11321.8 7053.39 1801.74 6520.73 4304.7 2409.74 1047.66 8128.08 4200.27 2956.37 5577.91 6649.07 11723.2 2245.55 6607.02 3927.81 1700.56 2604.67 3193.73 2462.07
internal_count=1273811 647055 626756 551866 569425 285507 77630 537326 99693 249454 74890 36053 13818 63154 48806 22560 8319 54971 32101 28824 32099 85875 186300 20260 29550 22870 10261 25668 19919 12336
is_linear=0
shrinkage=0.08


Tree=29
num_leaves=31
num_cat=0
split_feature=6 3 6 8 2 6 6 0 0 8 2 1 4 3 1 1 3 0 8 0 3 4 0 1 3 4 3 1 1 1
split_gain=27888.1 6227.15 4966.55 3275.42 2099.08 1526.13 1432.65 1405.87 759.843 687.916 678.835 564.111 494.288 620.096 1137.23 457.375 381.547 580.137 375.159 763.368 365.657 341.448 325.286 324.459 311.392 307.833 213.535 206.05 178.461 121.512
threshold=0.63191848993301403 0.77712419629096996 1.0000000180025095e-35 1.0000000180025095e-35 0.63686314225196849 0.49629549682140356 0.79637822508811962 0.53788751363754284 0.8019607961177827 1.0000000180025095e-35 0.9569842815399171 0.6832355558872224 5.5000000000000009 0.91458967328071605 0.67962265014648449 0.92718276381492626 0.42740046977996832 0.26158231496810919 0.75000000000000011 0.58380147814750682 0.86319074034690868 10.500000000000002 0.30068494379520422 0.85145786404609691 0.96693986654281627 4.5000000000000009 0.91922956705093395 0.21483516693115237 0.91715687513351452 0.7320508360862733
decision_type=2 2 2 2 2 2 2 2 2 2 2 2 2 2 2 2 2 2 2 2 2 2 2 2 2 2 2 2 2 2
left_child=2 4 15 10 6 18 27 -7 21 -9 11 -3 28 14 -14 25 17 -8 -4 -20 -11 -6 -18 -10 -13 -1 -27 -2 -5 -29
right_child=1 3 5 12 8 7 16 9 23 20 -12 24 13 -15 -16 -17 22 -19 19 -21 -22 -23 -24 -25 -26 26 -28 29 -30 -31
leaf_value=0.0054418024976419311 0.0057521114291723876 0.088494309424972162 -0.082414175482212693 0.064797008139601944 0.059025289805662025 -0.071914008664973994 0.011220417321366831 -0.043994679254009031 0.025504915732368301 0.00020322093528263741 0.077665158858714042 -0.016725429287949602 0.083831005361757818 0.065715169100660858 -0.046881732277009001 0.025463205725703764 0.065185991960770032 -0.052472080374988073 -0.078124622546525635 0.016034848531409854 0.068048769356069044 -0.038745187048759802 0.0077045027545708331 -0.14991535495499658 0.018173835668919017 -0.060130169538577916 0.014407154682887597 -0.057335644518788968 0.081838354370020211 0.030987230566045579
leaf_weight=1916.9375177621841 379.23157679289579 465.83964063972235 20052.706910297275 5864.7387446947396 4419.3067947402596 3354.0375231392682 1962.7534242719412 1316.6374326720834 106.52063618972898 1171.8072808943689 892.77089454978704 3897.6891272030771 748.90901488438249 5014.7179471738636 973.51584320142865 3698.8603332191706 696.2509486451745 1702.4983173310757 1823.5958115383983 782.90587383136153 899.55562976002693 235.74814996868372 6358.3579454272985 167.36738989129663 2811.0261084586382 1101.8659135103226 309.94506825506687 4235.1294512040913 13804.68004526943 96.76630299910903
leaf_count=12260 3144 2906 408132 94574 47758 57699 10216 14076 1104 9556 14806 21312 8102 83567 10644 24259 4152 12468 34640 6924 9001 1565 44516 1005 15907 9144 1597 42995 266447 687
internal_value=-3.86982e-05 0.0360039 -0.0542931 0.0567198 0.000914134 -0.0687329 -0.0135972 -0.0352383 0.0463447 0.00107516 0.0120729 0.00384014 0.0703488 0.0514967 0.00993759 0.00610192 0.00255307 -0.0183521 -0.0786819 -0.0498045 0.0298373 0.0540033 0.0134424 -0.081883 -0.00207577 -0.01537 -0.0436604 -0.0503436 0.0767831 -0.0552923
internal_weight=91262.7 54833.8 36428.9 34473.9 20359.9 29401.2 15431 6742.04 4928.94 3388 8067.33 7174.55 26406.6 6737.14 1722.42 7027.61 10719.9 3665.25 22659.2 2606.5 2071.36 4655.05 7054.61 273.888 6708.72 3328.75 1411.81 4711.13 19669.4 4331.9
internal_count=1275163 687875 587288 518265 169610 540028 118178 90332 51432 32633 54931 40125 463334 102313 18746 47260 71352 22684 449696 41564 18557 49323 48668 2109 37219 23001 10741 46826 361021 43682
is_linear=0
shrinkage=0.08


Tree=30
num_leaves=31
num_cat=0
split_feature=6 0 5 9 8 9 9 6 4 9 1 1 6 6 0 0 1 8 1 1 1 1 0 1 8 5 8 0 6 4
split_gain=24898.1 5678.89 4739.46 3363.77 2447.81 1950.26 1564.18 1129.77 1083.64 913.922 682.661 616.979 490.208 449.196 526.115 422.574 392.046 386.829 337.874 335.062 324.656 316.993 298.518 252.34 238.773 223.422 220.033 205.608 355.227 198.696
threshold=0.62345302104949962 0.60922586917877208 1.0000000180025095e-35 1.0000000180025095e-35 1.0000000180025095e-35 1.0000000180025095e-35 1.0000000180025095e-35 0.87362372875213634 8.5000000000000018 1.0000000180025095e-35 0.91331186890602123 0.84889996051788341 0.39688599109649664 0.49629549682140356 0.62563130259513866 0.95275297760963451 0.6832355558872224 0.75000000000000011 0.73746865987777721 0.61620295047760021 0.69614070653915416 0.9404677450656892 0.423303171992302 0.28759399056434637 0.75000000000000011 0.52655076980590831 0.75000000000000011 0.45923791825771337 0.44124551117420202 3.5000000000000004
decision_type=2 2 2 2 2 2 2 2 2 2 2 2 2 2 2 2 2 2 2 2 2 2 2 2 2 2 2 2 2 2
left_child=2 6 9 -3 15 11 16 18 10 -1 -6 27 26 -7 -15 19 24 -16 25 -5 -10 29 23 -9 -2 -8 -13 -4 -29 -11
right_child=1 3 5 4 8 13 7 22 20 21 -12 12 -14 14 17 -17 -18 -19 -20 -21 -22 -23 -24 -25 -26 -27 -28 28 -30 -31
leaf_value=0.062407444853457096 0.074722534213429948 0.082950354956173755 -0.067229618727799895 0.069398546334768732 0.038185388138445422 -0.081954459057182225 -0.014678178843866916 0.0045218093391978451 0.048103857206359624 -0.004788860646271694 0.073169018782178893 -0.073971567950956066 0.06346972568342911 -0.074366703842252774 -0.045186255199369675 0.065154129333892252 0.081290665912536378 0.035991800442169847 0.033108203541480717 -0.014497711307682943 -0.020612117470039083 0.01069142992312159 0.018436197917699348 -0.042150787997619232 0.013691323952240701 -0.062932495694176652 0.071779502112022164 -0.061807946462011633 0.024331832055700043 -0.04726562978494276
leaf_weight=1433.843780554831 467.16719173640013 13483.580996319652 906.91203071922064 314.0670428276062 6416.682609025389 19207.332014925778 738.77636855468154 1580.0219276919961 597.07460186257958 1321.5359987691045 8181.0694290883839 308.17958330363035 910.50206135213375 2908.3867278173566 1109.9738692268729 500.81517420709133 863.5549389757216 560.17104297876358 286.50046633556485 6551.834413126111 1628.1394949927926 2647.9431883394718 3036.4201306775212 1381.3800254762173 3272.8663121089339 4043.1052097156644 78.748522132635117 579.26049603149295 636.89212275668979 1531.0754845067859
leaf_count=15014 3410 274027 13806 1510 76528 429287 8543 8073 4874 7653 152821 3450 9267 54297 10675 7138 13998 3218 1830 29467 17859 13028 19234 10104 20702 43388 347 6245 4242 11431
internal_value=-4.54383e-05 0.0340951 -0.05339 0.0509281 0.0330585 -0.0684363 -0.00636793 -0.022677 0.0498956 0.00562616 0.0578207 -0.0118784 0.0314425 -0.0765586 -0.0538229 -0.00537736 0.0327834 -0.0178372 -0.0504641 -0.010589 -0.00203584 -0.00918934 0.00080002 -0.0172296 0.021447 -0.055534 -0.0433624 -0.0384392 -0.0166511 -0.0276861
internal_weight=87483.8 53343.1 34140.8 37673.3 24189.7 27206.4 15669.8 11066.2 16823 6934.4 14597.8 3420.49 1297.43 23785.9 4578.53 7366.72 4603.59 1670.14 5068.38 6865.9 2225.21 5500.55 5997.82 2961.4 3740.03 4781.88 386.928 2123.06 1216.15 2852.61
internal_count=1275466 693506 581960 564224 290197 534834 129282 91172 252082 47126 229349 37357 13064 497477 68190 38115 38110 13893 53761 30977 22733 32112 37411 18177 24112 51931 3797 24293 10487 19084
is_linear=0
shrinkage=0.08


Tree=31
num_leaves=31
num_cat=0
split_feature=6 9 9 5 0 1 6 3 6 0 3 5 8 0 8 3 6 5 8 8 1 6 1 5 1 0 3 0 3 0
split_gain=22398 5390.31 4057 2634.09 2342.63 1305.63 1266.92 1249.41 1162.36 1088.23 817.717 589.138 577.467 513.111 365.561 352.891 304.316 446.961 454.725 296.65 273.801 231.039 219.807 202.679 184.582 171.142 157.86 243.367 157.014 145.064
threshold=0.72982835769653331 1.0000000180025095e-35 1.0000000180025095e-35 1.0000000180025095e-35 0.90366768836975109 0.77015754580497753 0.98227471113204967 0.55351883172988903 0.50800052285194408 0.6569296419620515 0.95488464832305919 0.59621357917785656 1.0000000180025095e-35 0.45923791825771337 0.75000000000000011 0.54201978445053112 0.50800052285194408 0.25819891691207891 0.75000000000000011 0.75000000000000011 0.62988328933715831 0.52506983280181896 0.77015754580497753 0.27465948462486273 0.28759399056434637 0.45035210251808172 0.92885261774063121 0.95861870050430309 0.8263767957687379 0.2290398105978966
decision_type=2 2 2 2 2 2 2 2 2 2 2 2 2 2 2 2 2 2 2 2 2 2 2 2 2 2 2 2 2 2
left_child=1 5 7 20 6 15 10 24 -5 22 11 -4 26 -8 -11 29 17 -7 -19 -12 28 23 -10 -17 -2 -26 -6 -28 -3 -1
right_child=2 3 4 8 12 16 13 -9 9 14 19 -13 -14 -15 -16 21 -18 18 -20 -21 -22 -23 -24 -25 25 -27 27 -29 -30 -31
leaf_value=0.010630215189602004 0.036996876607820507 -0.073165975588111207 0.027966057478187686 -0.081043579090100973 0.079457707815942816 0.065151552530945026 -0.0024849610947842542 0.080977975933112858 -0.069319422864831517 -0.02610355192196543 0.011399806679072665 -0.015193466303422443 0.077631993199863511 0.058624590814103331 0.034935139672989578 0.032650862956626669 0.080198402273021871 -0.046525139999676293 0.078112203436880898 0.055700267625595046 -0.0025805227996276727 0.037448366798698 0.012673139419959548 -0.047178243892346108 -0.025031273064936358 0.056641564204260295 -0.007562574497460308 0.068471216921758934 0.050081668181125617 -0.063985251482876204
leaf_weight=193.3732142187655 1261.5094643309712 552.59427428245544 2395.320067435503 18242.046521212906 259.93386917561293 1170.4467983059585 1125.9592023715377 12927.55015507713 4706.026859972626 1572.1874921284616 2038.6064495146275 12860.338507894427 4803.9206876419485 3925.0199622362852 1037.9655756987631 291.00967133045197 1521.3470033332705 631.79868911579251 260.08366967737675 1861.13756961748 4865.756949916482 751.09445321187377 214.07045486941934 639.2667066603899 816.83709257096052 199.63986606150866 1046.0469940155745 356.31870436295867 69.92786368727684 1019.4656950943172
leaf_count=2250 6579 6863 19108 437785 1394 13987 6381 274792 78234 11495 11214 106047 103715 53446 8627 1893 25407 5967 1609 28183 24993 5984 1532 6509 3786 1192 5068 6122 420 13939
internal_value=1.21099e-05 -0.0456346 0.0375646 -0.0593977 0.0208013 0.0207522 0.00936109 0.0713511 -0.0701132 -0.043577 -3.23854e-05 -0.00839948 0.0635627 0.0449815 -0.00174906 -0.0191562 0.0530089 0.0327288 -0.00976815 0.0326273 -0.00903168 0.00449729 -0.0657102 -0.0219939 0.0165907 -0.00863505 0.0226968 0.0118173 -0.0587779 -0.0519625
internal_weight=83616.6 37738.5 45878.1 31260.6 30672.6 6477.89 24206.4 15205.5 25772.3 7530.25 19155.4 15255.7 6466.22 5050.98 2610.15 2894.21 3583.68 2062.33 891.882 3899.74 5488.28 1681.37 4920.1 930.276 2277.99 1016.48 1662.3 1402.37 622.522 1212.84
internal_count=1274521 647494 627027 569949 340678 77545 224379 286349 537673 99888 164552 125155 116299 59827 20122 30575 46970 21563 7576 39397 32276 14386 79766 8402 11557 4978 12584 11190 7283 16189
is_linear=0
shrinkage=0.08


Tree=32
num_leaves=31
num_cat=0
split_feature=6 9 9 6 0 3 3 6 3 6 0 4 1 8 0 8 6 6 8 3 1 0 6 6 6 8 4 3 1 3
split_gain=19789.4 4973.91 3769.99 2636.48 2148.95 1239.28 1223.77 1220.23 1068.69 1103.08 1067.77 749.464 401.92 386.987 363.016 346.253 329.406 519.246 354.82 264.436 262.785 225.099 192.12 171.87 162.548 154.424 137.766 156.827 129.23 126.074
threshold=0.73538899421691906 1.0000000180025095e-35 1.0000000180025095e-35 1.0000000180025095e-35 0.91545844078063976 0.81120249629020702 0.56773442029953014 0.51972952485084545 0.49151568114757543 0.98227471113204967 0.71503761410713207 5.5000000000000009 0.25844402611255651 1.0000000180025095e-35 0.45035210251808172 0.75000000000000011 0.45954339206218725 1.0000000180025095e-35 0.75000000000000011 0.68801230192184459 0.89009663462638866 0.44170945882797247 0.53091880679130565 1.0000000180025095e-35 0.98494350910186779 0.75000000000000011 2.5000000000000004 0.89699381589889537 0.2014492750167847 0.93788579106330883
decision_type=2 2 2 2 2 2 2 2 2 2 2 2 2 2 2 2 2 2 2 2 2 2 2 2 2 2 2 2 2 2
left_child=1 5 6 19 8 14 24 -5 12 11 20 -10 -4 29 -1 -12 17 -7 -19 -3 -9 -14 23 -16 25 -2 -21 -28 -27 -6
right_child=2 3 4 7 13 16 -8 10 9 -11 15 -13 21 -15 22 -17 -18 18 -20 26 -22 -23 -24 -25 -26 28 27 -29 -30 -31
leaf_value=-0.050816216614524644 0.069631907323598086 -0.059723659973287123 0.0030107900973291115 -0.080191398405192821 0.078866548483887966 0.063761161447415657 0.080382123961511273 -0.063240776287043568 0.023309719436820073 0.054192519122489145 -0.016147473045904998 -0.010873276410365049 -0.055901126150915657 0.078073585992463335 0.038896024986211579 0.05344136846891389 0.078029573418548784 -0.056721201538533682 0.07265168187712584 0.01477770196758529 0.03229967050786664 0.04444428080556552 0.036718915527407851 -0.038285653667414953 0.065953236913018409 0.044937133526942674 -0.041752010449244169 -0.00045243071405745089 -0.011247225800527219 0.014656847375323025
leaf_weight=1237.9612999893725 219.88103888183832 544.28837990760803 1546.6760589033365 17295.023168656975 240.70666060224175 1059.8048535212874 11862.414711013436 4979.5132798738778 9112.6300384551287 4116.0001515336335 1223.2035878896713 7455.3472416251898 2192.5833778828382 4050.8196114487946 245.37513165920973 722.97049231082201 1687.6998142898083 535.59588117152452 175.62283922731876 2024.936372898519 186.17055143788457 147.62715743482113 735.61277848482132 688.51740536093712 355.04520431905985 316.39996667206287 825.7020056694746 2045.8517878949642 1410.4611518383026 1033.4596537575126
leaf_count=16852 1346 6642 8660 444479 1439 13444 272418 78285 89656 57332 8181 55101 21727 94722 1613 7406 28171 5850 918 10685 1278 938 6224 6885 2095 1643 5702 9238 6876 9509
internal_value=1.68701e-05 -0.043791 0.0360279 -0.0574833 0.019907 0.0203748 0.0700234 -0.068708 0.00990835 0.0171462 -0.0407228 0.00791958 -0.0285394 0.065961 -0.0180676 0.0096923 0.0527159 0.0283513 -0.0242673 -0.00708421 -0.0597387 -0.0494216 0.00619964 -0.017737 0.0165112 0.00726616 -0.00114527 -0.0124355 -0.000760579 0.0271728
internal_weight=80273.9 36213.8 44060.1 29847.7 29895.8 6366.19 14164.2 24406.9 24570.9 20684 7111.86 16568 3886.89 5324.99 2907.47 1946.17 3458.72 1771.02 711.219 5440.78 5165.68 2340.21 1669.51 933.893 2301.79 1946.74 4896.49 2871.55 1726.86 1274.17
internal_count=1275315 651853 623462 571896 339084 79957 284378 539629 233414 202089 95150 144757 31325 105670 31574 15587 48383 20212 6768 32267 79563 22665 14722 8498 11960 9865 25625 14940 8519 10948
is_linear=0
shrinkage=0.08


Tree=33
num_leaves=31
num_cat=0
split_feature=6 3 5 8 9 2 9 6 9 5 4 9 4 6 3 2 2 6 2 9 9 2 2 2 8 9 5 5 2 8
split_gain=17726.3 4747.42 3930.35 2890.27 1592.22 1496.23 1159.01 1098.54 726.716 640.803 628.678 609.05 741.089 495.824 472.709 470.04 463.671 473.808 460.802 443.659 367.048 301.602 286.092 253.436 231.174 224.649 223.317 191.675 170.244 165.052
threshold=0.62345302104949962 0.79431909322738659 0.24257134646177295 1.0000000180025095e-35 1.0000000180025095e-35 0.64630925655365001 1.0000000180025095e-35 0.84521561861038219 1.0000000180025095e-35 0.49324201047420507 8.5000000000000018 1.0000000180025095e-35 5.5000000000000009 0.48579499125480657 0.91458967328071605 0.9833287000656129 0.69416099786758434 0.39688599109649664 0.86222714185714733 1.0000000180025095e-35 1.0000000180025095e-35 0.79388421773910534 0.66961652040481578 0.64630925655365001 1.0000000180025095e-35 1.0000000180025095e-35 0.67576888203620922 0.41138803958892828 0.90999102592468273 0.75000000000000011
decision_type=2 2 2 2 2 2 2 2 2 2 2 2 2 2 2 2 2 2 2 2 2 2 2 2 2 2 2 2 2 2
left_child=2 5 8 6 16 7 -3 9 -1 -2 25 -5 -13 -6 -14 22 -4 29 27 -11 -9 -12 -8 -10 -20 -7 -22 -15 -27 -18
right_child=1 3 4 11 13 10 15 20 23 19 21 12 14 18 -16 -17 17 -19 24 -21 26 -23 -24 -25 -26 28 -28 -29 -30 -31
leaf_value=0.056632725553728988 0.025711945905498839 0.084036296267582536 -0.038144573357666876 0.082772686047415417 -0.081047903440148159 0.08109149689495794 0.035472419292815402 0.032186435889371652 -0.040902855774002329 -0.0096058130536199708 0.00047515654758213639 0.067350197119755026 -0.024851841118397045 -0.010756431510620413 0.041915618043491129 0.08113364244581997 -0.074040523560801375 0.057282687499005072 -0.035880149499404219 -0.063016752061720485 0.028203195277381972 -0.11762567848895518 -0.016892357746845738 8.9354714775342849e-05 0.075217541486980843 0.030621714616920061 -0.01073247526725539 -0.065924915435017925 0.082047374379011023 0.056733929698348728
leaf_weight=1330.2925960086286 845.17112033814192 1103.2090890295804 1773.1817494593561 8792.583810787648 14962.637281585485 1095.067955929786 759.70938002690673 2389.3419993817806 1239.6489648260176 1355.0390268452466 469.5899277664721 8290.2761068381369 958.50351310148835 469.10974502936006 2278.6346910968423 378.95219423621893 310.22376487031579 883.444740165025 215.43133392930031 3845.8827661313117 1124.9499082118273 189.62959412485361 5199.4324652776122 4265.7407154142857 255.88397214561701 2686.9048644080758 5655.9488548859954 3324.2155911847949 491.95278722047806 71.481038346886635
leaf_count=15697 8619 20213 22826 234648 418208 23859 3465 20335 13563 9511 3392 174973 8989 8918 34385 6570 3871 9862 2326 44874 7163 930 23610 22426 1580 24393 36787 62494 6257 330
internal_value=-0.000125186 0.0297848 -0.0493695 0.051236 -0.0656567 0.000216593 0.00854816 -0.0121893 0.00366823 -0.03865 0.0384887 0.0668548 0.0546688 -0.0741607 0.0220889 -0.00462197 -0.0117555 0.025109 -0.0498927 -0.0491545 0.00525082 -0.0338863 -0.0101656 -0.00914057 0.0242569 0.0497159 -0.00423345 -0.0591677 0.0387468 -0.04872
internal_weight=77012.1 47910.8 29101.3 27761.3 22265.6 20149.5 7441.3 15216.3 6835.68 6046.09 4933.15 20320 11527.4 19227.3 3237.14 6338.09 3038.33 1265.15 4264.64 5200.92 9170.24 659.22 5959.14 5505.39 471.315 4273.93 6780.9 3793.33 3178.86 381.705
internal_count=1275074 692973 582101 506853 530415 186120 53858 127289 51686 63004 58831 452995 218347 493526 43374 33645 36889 14063 75318 54385 64285 4322 27075 35989 3906 54509 43950 71412 30650 4201
is_linear=0
shrinkage=0.08


Tree=34
num_leaves=31
num_cat=0
split_feature=6 9 5 2 9 2 6 5 6 9 6 2 2 8 6 6 8 2 4 1 2 8 6 8 6 2 2 5 4 4
split_gain=15818.3 4190.05 3771.07 3126.68 1584.94 1520.31 1463.99 546.899 525.216 501.82 494.781 471.465 446.822 443.14 408.323 376.095 355.527 322.339 254.989 237.819 234.748 227.434 198.208 151.506 144.264 138.614 129.93 122.155 121.894 109.571
threshold=0.62345302104949962 1.0000000180025095e-35 1.0000000180025095e-35 0.90709662437438976 1.0000000180025095e-35 0.51899951696395885 0.91903391480445873 0.53863716125488292 0.78446456789970409 1.0000000180025095e-35 0.48579499125480657 0.56374144554138195 0.70396453142166149 1.0000000180025095e-35 0.98227471113204967 0.3869446069002152 0.75000000000000011 0.49752475321292883 8.5000000000000018 0.65142410993576061 0.98529094457626354 0.75000000000000011 0.95666620135307323 0.75000000000000011 0.52506983280181896 0.41206791996955877 0.45035210251808172 0.5219314992427827 2.5000000000000004 5.5000000000000009
decision_type=2 2 2 2 2 2 2 2 2 2 2 2 2 2 2 2 2 2 2 2 2 2 2 2 2 2 2 2 2 2
left_child=2 5 9 6 12 21 7 25 -9 -1 -6 -12 24 20 18 23 -13 -16 -8 -11 -5 -2 27 -14 -4 -3 -26 -23 -21 -15
right_child=1 3 4 13 10 -7 14 8 -10 19 11 16 15 29 17 -17 -18 -19 -20 28 -22 22 -24 -25 26 -27 -28 -29 -30 -31
leaf_value=0.051398277451662387 0.072198377169046271 -0.017523818621790314 -0.052682618080606557 0.01099369379133208 -0.080485184911078367 0.080278258089359247 0.018533574064118204 -0.050531232862520453 -0.013321114791817884 -0.052074201890042325 -0.071559950273955661 -0.041768826935319824 -0.07032635564893551 0.077502641966434832 0.0092348051019914331 0.054067856115744765 0.035879585369379179 0.054660503479485839 -0.011768648278236621 0.015759689679675854 0.081983865218358487 0.046150279261290721 0.047018880066884282 0.058003619037441015 -0.039175443224485157 0.029259831927403987 0.032839624213152604 -0.0055506338062768692 -0.010243337099544557 -0.049459003854723814
leaf_weight=1214.6468745395541 475.7966473698616 527.14052812382579 1168.7264506518841 1277.3191939815879 14003.52672944963 10503.231934629381 5649.2568485960364 3659.2650568112731 7262.9303187765181 614.30365286022425 2374.4646133668721 1139.2353404872119 276.13131754100323 4518.3591768443584 1534.7241134978831 882.5135140940547 556.68321637809277 2926.4872550070286 2581.2516148835421 1979.9675301462412 387.71075778454542 334.31700078770518 818.73845448344946 69.044705629348755 333.77198574692011 1663.016061656177 298.39095719903708 2104.2626566328108 2748.5345830768347 39.223491013050079
leaf_count=15083 4862 7121 16108 6828 421765 279010 54893 42078 61817 7979 56935 14329 3552 112744 10060 10181 3984 47214 17484 10425 6952 2752 8404 329 5252 13226 2128 16673 13678 549
internal_value=-2.56827e-05 0.0285859 -0.0478827 0.0125237 -0.0643462 0.0646918 0.00023854 -0.0184989 -0.0258197 0.00508272 -0.0733204 -0.0485635 -0.0107047 0.0634012 0.0196092 0.0263731 -0.0161562 0.039097 0.00900939 -0.00545507 0.0278159 0.0207473 0.0130837 -0.0437382 -0.0360727 0.0179125 -0.00494112 0.00155175 0.000616265 0.0763219
internal_weight=73923 46263 27659.9 32026.7 21102.5 14236.3 25804.1 13112.4 10922.2 6557.45 18073.9 4070.38 3028.58 6222.61 12691.7 1227.69 1695.92 4461.21 8230.51 5342.81 1665.03 3733.11 3257.32 345.176 1800.89 2190.16 632.163 2438.58 4728.5 4557.58
internal_count=1274395 692667 581728 380966 534563 311701 253893 124242 103895 47165 497013 75248 37550 127073 129651 14062 18313 57274 72377 32082 13780 32691 27829 3881 23488 20347 7380 19425 24103 113293
is_linear=0
shrinkage=0.08


Tree=35
num_leaves=31
num_cat=0
split_feature=6 3 6 8 9 6 9 9 9 4 9 9 6 0 1 3 3 0 8 0 8 6 3 0 0 0 1 1 1 4
split_gain=14058.4 4168.45 3554.91 2756.71 1359.85 1142.38 988.474 662.853 553.844 627.569 515.912 502.83 437.94 477.002 421.038 420.046 375.954 437.013 368.658 368.431 510.173 390.717 364.442 335.037 324.16 216.537 206.487 175.382 172.377 158.386
threshold=0.6079215705394746 0.80982521176338207 1.0000000180025095e-35 1.0000000180025095e-35 1.0000000180025095e-35 0.78446456789970409 1.0000000180025095e-35 1.0000000180025095e-35 1.0000000180025095e-35 5.5000000000000009 1.0000000180025095e-35 1.0000000180025095e-35 0.47641299664974218 0.62258651852607738 0.68870675563812267 0.55351883172988903 0.42740046977996832 0.81284341216087352 1.0000000180025095e-35 0.51191151142120372 0.75000000000000011 0.44124551117420202 0.91458967328071605 0.9547502100467683 0.18350168317556384 0.56691542267799389 0.9404677450656892 0.7320508360862733 0.71516755223274242 6.5000000000000009
decision_type=2 2 2 2 2 2 2 2 2 2 2 2 2 2 2 2 2 2 2 2 2 2 2 2 2 2 2 2 2 2
left_child=2 5 10 6 19 11 -3 15 -5 26 -1 28 -6 -14 -8 -7 24 -18 -15 -4 21 -21 -11 -16 -9 -12 -10 -13 -2 -29
right_child=1 3 4 8 12 7 14 16 9 22 25 27 13 18 23 -17 17 -19 -20 20 -22 -23 -24 -25 -26 -27 -28 29 -30 -31
leaf_value=0.052105574426452153 -0.0034859529533955496 0.082773403870607554 -0.056795279301722852 0.082341635405470112 -0.080300694955390869 0.013223744183270148 0.08628618503959222 0.03700071080724341 0.049199069506850303 -0.022804468022048635 -0.055545874647446612 -0.052829038238730155 -0.072485771761318901 -0.054883746289778088 -0.014785478314300909 0.066294608795262278 0.013058142080936619 -0.068476548937087781 0.023643289118857571 -0.065270690983543392 0.055436446322464923 0.030291843441326693 0.039636333951908694 0.06038846339734983 -0.039544514357099381 -0.0012213459421754054 0.077328978741143223 0.027317451987694398 0.069740658256942006 -0.071202079553723055
leaf_weight=1164.133084308356 1124.2881109453738 945.92830627784133 834.81884042546153 7468.8719867728651 12741.197349077091 1907.9514591991901 303.31830549612641 422.84285143762827 2834.5726243332028 812.13547571003437 516.36871398985386 3428.8753830268979 2227.7371802609414 733.11824098601937 5494.5942917950451 1929.5604765731841 8699.9320091940463 436.66768027842045 786.95060969889164 691.05272828787565 799.28135915473104 444.90142975747585 2211.4584928229451 402.02195081487298 2020.676872368902 4804.1244984716177 4387.6825003959239 349.17294418439269 245.83498379960656 143.00842654332519
leaf_count=15052 8465 19904 15186 231624 414077 10127 1475 1866 54140 7969 6745 47802 59007 12097 24859 39824 68963 3271 5622 8884 7750 3177 34742 7035 16058 25498 117131 2428 4371 807
internal_value=1.281e-05 0.0267119 -0.0472376 0.0487917 -0.0644844 0.000192372 0.00681603 0.0112082 0.0657084 0.0535335 0.00397016 -0.031856 -0.0731973 -0.0489309 -0.00480442 0.0400018 0.00163938 0.00910851 -0.0141806 -0.012524 0.00658838 -0.0277342 0.022802 -0.00958631 -0.0261848 -0.00657094 0.0663524 -0.0464262 0.00974222 -0.00141479
internal_weight=71313.1 45569.4 25743.7 24860.6 19259.1 20708.8 7145.86 15417.6 17714.7 10245.8 6484.63 5291.18 16489 3747.81 6199.93 3837.51 11580.1 9136.6 1520.07 2770.05 1935.24 1135.95 3023.59 5896.62 2443.52 5320.49 7222.26 3921.06 1370.12 492.181
internal_count=1275956 702861 573095 498879 525800 203982 53273 140109 445606 213982 47295 63873 490803 76726 33369 49951 90158 72234 17719 34997 19811 12061 42711 31894 17924 32243 171271 51037 12836 3235
is_linear=0
shrinkage=0.08


Tree=36
num_leaves=31
num_cat=0
split_feature=9 5 2 8 3 3 0 8 5 8 2 5 8 5 3 4 3 2 3 8 5 0 2 5 3 4 2 8 4 5
split_gain=8263.8 4960.81 3215.02 2716.61 2124.18 1423.83 1035.43 768.898 665.007 662.364 565.473 500.979 457.248 448.721 441.251 285.598 240.026 222.905 318.418 220.351 325.243 189.432 185.77 165.622 160.527 150.767 121.298 100.652 98.1167 93.3615
threshold=1.0000000180025095e-35 0.49892704188823706 0.88762626051902782 1.0000000180025095e-35 0.77303028106689464 0.9495762586593629 0.55036231875419628 1.0000000180025095e-35 0.94345891475677501 0.75000000000000011 0.63686314225196849 0.45078563690185552 0.75000000000000011 1.0000000180025095e-35 0.49151568114757543 5.5000000000000009 0.91458967328071605 0.21132376790046695 0.49151568114757543 0.75000000000000011 0.24257134646177295 0.28743545711040502 0.98610842227935802 0.99206298589706432 0.91715687513351452 8.5000000000000018 0.65733855962753307 1.0000000180025095e-35 8.5000000000000018 0.44127789139747625
decision_type=2 2 2 2 2 2 2 2 2 2 2 2 2 2 2 2 2 2 2 2 2 2 2 2 2 2 2 2 2 2
left_child=4 3 5 29 10 8 26 22 14 13 17 19 25 -8 -3 -9 -17 -1 21 20 -6 -19 24 -10 -4 -7 -5 -20 -14 -2
right_child=1 2 7 6 11 12 9 15 23 -11 -12 -13 28 -15 -16 16 -18 18 27 -21 -22 -23 -24 -25 -26 -27 -28 -29 -30 -31
leaf_value=0.041891138095950076 -0.078961359855982946 -0.047291483770235114 0.049652886819491329 -0.062205290281244191 0.053933189475891943 0.023854243348804215 -0.0011603927445494394 0.075382280019521436 0.00048309676621361965 0.04971025309645815 0.062683238888652987 0.080300983292687145 0.070652050559603538 -0.050462256259831834 -0.017352217962192888 -0.1743792204286724 0.035605868807405953 -0.0015492090787087402 -0.02793523255479477 0.077804991646668459 -0.016132586979009975 -0.050536023052009507 0.06509255772095647 0.036477035807043756 -0.0092883578720186783 -0.017823749806742256 0.082406076778491488 0.020653822104603529 0.034561553967412159 -0.055356100425980145
leaf_weight=703.9389716014266 8786.3408154863864 4256.2961054965854 367.79716778919101 2665.2654165755957 945.91027597337961 1325.9619135931134 4865.04098347947 4424.9717126060277 2518.3793049231172 1281.0601669494063 1133.5901292003691 8126.0576306059957 1395.8350952006876 1558.5778507944196 12266.966812420636 48.263474322855473 94.778230983763933 903.46787674725056 309.22905486449599 646.08334022946656 757.11535312235355 1162.3139190599322 367.37115085870028 1213.619032163173 1419.4949046969414 945.23424909636378 32.589053682982922 1984.4240164533257 794.53858959488571 1341.3226117491722
leaf_count=5685 305544 65228 1920 70419 14042 9906 26176 121571 21667 17191 23862 253867 28811 45442 115287 373 1596 7211 4726 13327 10060 11470 7099 13809 7691 5683 376 20091 11901 33053
internal_value=-8.43223e-05 -0.015809 0.00416045 -0.0463912 0.0489126 -0.00917815 -0.0176439 0.0531958 -0.0181951 -0.00267488 0.0117416 0.070871 0.0316971 -0.0131775 -0.0250861 0.0717702 -0.0376607 0.000254638 -0.00647224 0.0380816 0.0227343 -0.0292444 0.0136678 0.012264 0.00285625 0.00643721 -0.06025 0.013987 0.057742 -0.0758797
internal_weight=68641.8 51969.7 31439.5 20530.2 16672.1 24716.8 10402.5 6722.68 20255.3 7704.68 6196.96 10475.2 4461.57 6423.62 16523.3 4568.01 143.042 5063.37 4359.43 2349.11 1703.03 2065.78 2154.66 3732 1787.29 2271.2 2697.85 2293.65 2190.37 10127.7
internal_count=1275084 910743 412542 498201 364341 272292 159604 140250 215991 88809 73045 291296 56301 71618 180515 123540 1969 49183 43498 37429 24102 18681 16710 35476 9611 15589 70795 24817 40712 338597
is_linear=0
shrinkage=0.08


Tree=37
num_leaves=31
num_cat=0
split_feature=6 3 6 9 9 2 2 6 4 1 6 1 9 6 0 9 2 9 3 0 9 9 6 2 1 1 0 6 4 3
split_gain=11419.2 3462.7 3283.81 1894.77 1149.55 1070.92 948.341 872.343 819.566 857.294 679.251 667.131 452.586 437.355 410.519 389.292 302.128 283.144 259.717 397.35 240.522 239.7 225.038 221.202 205.698 200.88 119.233 228.626 114.471 136.663
threshold=0.6079215705394746 0.83752354979515087 1.0000000180025095e-35 1.0000000180025095e-35 1.0000000180025095e-35 0.64630925655365001 0.97467949986457836 0.83960041403770458 7.5000000000000009 0.78830561041831981 0.98227471113204967 0.70659971237182628 1.0000000180025095e-35 0.48579499125480657 0.5604878067970277 1.0000000180025095e-35 0.74443343281745922 1.0000000180025095e-35 0.42740046977996832 0.28743545711040502 1.0000000180025095e-35 1.0000000180025095e-35 0.42436611652374273 0.92247596383094799 0.9404677450656892 0.64747309684753429 0.45512083172798162 0.39688599109649664 4.5000000000000009 0.88493064045906078
decision_type=2 2 2 2 2 2 2 2 2 2 2 2 2 2 2 2 2 2 2 2 2 2 2 2 2 2 2 2 2 2
left_child=2 5 15 -3 16 7 10 12 17 -10 11 -5 -2 -6 -15 -1 26 -7 19 -9 -11 -20 -18 -19 28 -14 -4 -28 -17 -30
right_child=1 3 4 6 13 8 -8 18 9 20 -12 -13 25 14 -16 24 22 23 21 -21 -22 -23 -24 -25 -26 -27 27 -29 29 -31
leaf_value=0.048135632077938965 0.001983339749239733 0.08208605552719403 -0.061058461173313365 0.081241580069241537 -0.0792909600318146 0.078065617188068648 0.079599564926435301 0.0057059043373267658 0.043955120226822547 0.065238537961502169 0.068002335494095498 0.0082356022068193237 -0.040854644441525027 -0.074059782966024668 -0.01671774616393518 -0.0064701525740898094 -0.02421712646554092 0.025275340584932585 0.043008400677112729 -0.057247633421857576 -0.11016567223084471 0.0063100470748478034 0.055443168570129577 0.079458136546510225 0.011308940823708707 -0.095611057609663153 -0.066573077459475438 0.010641669580076965 -0.06165987148266705 -0.0015563678934822263
leaf_weight=1074.2330500669777 1646.4683568943292 6875.5383687242866 651.58104242756963 870.81915203481913 11285.269446745515 1181.6525278538465 2174.7919532787055 2049.8389042019844 518.28060046583414 50.433373376727104 1770.0210407115519 9529.3466329220682 3731.2043533474207 1612.389935163781 1604.1070771589875 1584.5618089735508 380.58553244918585 3366.0564456582069 1467.8152532540262 926.17516391724348 563.45334345847368 5105.5865998230875 542.37294206395745 565.19963568076491 2609.203950881958 490.62135802954435 378.05906919389963 672.79783254116774 687.52372251451015 381.21239570528269
leaf_count=14928 12860 240498 13256 9400 421292 34979 67936 11656 4346 853 44141 113108 53871 48538 20029 9582 4362 33182 18253 7513 2732 33879 7009 9510 12945 3060 5301 5152 7828 1731
internal_value=3.58987e-05 0.0245877 -0.0448245 0.0475525 -0.0630246 0.00207854 0.0309666 -0.0092347 0.0300191 -0.0313822 0.0222337 0.0144 -0.0334996 -0.0718437 -0.0455826 0.00435318 -0.0142062 0.043664 0.00566948 -0.0138956 -0.0950863 0.0145554 0.022469 0.0331969 -0.00459095 -0.0473614 -0.0341906 -0.0171695 -0.0202787 -0.0404774
internal_weight=66347.2 42883.3 23463.9 21220.5 17127.2 21662.8 14345 15417.7 6245.08 1132.17 12170.2 10400.2 5868.29 14501.8 3216.5 6336.73 2625.4 5112.91 9549.42 2976.01 613.887 6573.4 922.958 3931.26 5262.5 4221.83 1702.44 1050.86 2653.3 1068.74
internal_count=1273730 701777 571953 475083 524939 226694 234585 141092 85602 7931 166649 122508 69791 489859 68567 47014 35080 77671 71301 19169 3585 52132 11371 42692 32086 56931 23709 10453 19141 9559
is_linear=0
shrinkage=0.08


Tree=38
num_leaves=31
num_cat=0
split_feature=6 2 1 3 6 5 1 5 6 5 3 1 4 0 5 0 0 2 4 3 4 4 6 4 4 6 4 6 5 0
split_gain=10222.5 2365.45 2201.49 1098.68 941.776 1540.19 822.835 757.331 1191.66 762.993 570.843 581.841 555.493 407.467 368.449 351.034 277.124 226.253 165.061 175.758 158.214 142.895 142.818 193.321 186.245 128.875 73.9472 73.3041 120.85 62.2341
threshold=0.74634006619453441 0.90709662437438976 0.91715687513351452 0.95419579744339 0.48107238113880163 0.24257134646177295 0.99565216898918163 0.24257134646177295 0.49629549682140356 0.41138803958892828 0.49151568114757543 0.27953489124774938 5.5000000000000009 0.73097601532936107 0.60039526224136364 0.45923791825771337 0.69614070653915416 0.98076212406158458 5.5000000000000009 0.91922956705093395 5.5000000000000009 4.5000000000000009 0.99061012268066417 8.5000000000000018 10.500000000000002 0.44124551117420202 12.500000000000002 0.43533413112163549 0.32444286346435552 0.90054944157600414
decision_type=2 2 2 2 2 2 2 2 2 2 2 2 2 2 2 2 2 2 2 2 2 2 2 2 2 2 2 2 2 2
left_child=2 3 7 6 5 26 10 18 27 15 11 -2 -8 -11 -12 -10 -14 20 29 -20 -3 -6 23 -5 -25 -7 -4 -9 -29 -1
right_child=1 17 4 22 21 25 12 8 9 13 14 -13 16 -15 -16 -17 -18 -19 19 -21 -22 -23 -24 24 -26 -27 -28 28 -30 -31
leaf_value=-0.0035532055106713995 0.014769286665943347 0.056575471878942241 0.019939196674533453 0.053225141358071333 0.058739770682854325 -0.07196976129351397 0.063060064723039697 -0.078842296606559489 -0.03361480989834649 -0.049983622804207081 0.049226220740217153 -0.03898767335424453 0.007206634767551472 0.0041503455311141489 0.014995595657861396 0.078239302112576958 -0.11452110218455425 0.081864924529645028 -0.056075140539586447 0.022198668590923561 -0.043613156036462944 0.013746275024316672 0.077924622448993217 -0.012987639330844703 0.039533374599012502 -0.010354119966549136 -0.024071414209507438 0.034077343169233283 -0.064415712930252292 0.042724098497109064
leaf_weight=1693.5331361293793 2732.3026407435536 3715.4427673108876 3275.4682179410011 3581.8067016787827 1463.5508114602417 2200.5942246727645 177.04557573981583 7796.0368284918368 263.76098441518843 5671.0228440929204 2365.6173589155078 2426.2894369997084 143.44273952953517 1048.0979756955057 13637.227007558569 532.66350393183529 636.77226865105331 3808.8411169294268 795.84762752987444 231.85271715559065 98.400607295334339 672.72157495096326 849.73026175796986 652.3888577260077 1242.009679781273 249.87525843083858 256.62195742316544 78.485771829262376 1705.7253167182207 203.58056731894612
leaf_count=13330 16574 97158 24758 72396 29041 79424 3249 300026 6583 101124 28898 21933 1391 12661 172067 6329 4613 137237 9483 1351 1157 9498 28031 8197 21649 6212 1457 2240 55984 1396
internal_value=0.000169788 0.0283661 -0.0359633 0.0177462 -0.000803109 -0.0171059 0.00932397 -0.0502099 -0.0566471 -0.0327297 0.0126175 -0.010497 -0.0630046 -0.0415188 0.0200795 0.041017 -0.0920343 0.0679362 -0.0124969 -0.0382394 0.0538949 0.044711 0.0471389 0.042266 0.0213755 -0.0657858 0.0166669 -0.0753663 -0.0599105 0.00142798
internal_weight=64206.8 36067.3 28139.4 28444.6 8118.83 5982.56 22118.7 20020.6 17095.8 7515.55 21161.4 5158.59 957.261 6719.12 16002.8 796.424 780.215 7622.68 2924.81 1027.7 3813.84 2136.27 6325.94 5476.21 1894.4 2450.47 3532.09 9580.25 1784.21 1897.11
internal_count=1275447 614550 660897 378998 150390 111851 248725 510507 484947 126697 239472 38507 9253 113785 200965 12912 6004 235552 25560 10834 98315 38539 130273 102242 29846 85636 26215 358250 58224 14726
is_linear=0
shrinkage=0.08


Tree=39
num_leaves=31
num_cat=0
split_feature=6 9 8 2 0 0 6 9 5 0 8 6 0 1 5 9 6 8 0 2 1 1 6 1 8 1 6 0 8 1
split_gain=9095.95 3286.37 2757.71 2129.18 1439.61 1393.21 1038.58 561.004 502.223 371.032 340.051 316.755 308.367 257.8 247.752 205.107 201.428 201.438 182.802 163.369 159.711 153.653 135.521 133.568 113.724 110.211 99.8711 80.8478 74.5819 65.6197
threshold=0.6079215705394746 1.0000000180025095e-35 1.0000000180025095e-35 0.91627725958824169 0.51191151142120372 0.49253065884113317 0.91903391480445873 1.0000000180025095e-35 0.5219314992427827 0.64630925655365001 1.0000000180025095e-35 0.98227471113204967 0.47559523582458502 0.94185259938240062 0.76376262307167064 1.0000000180025095e-35 0.98418948054313671 0.75000000000000011 0.45035210251808172 0.98529094457626354 0.7320508360862733 0.90682172775268566 0.45211435854434973 0.57804551720619213 0.75000000000000011 0.63224515318870556 0.44854147732257849 0.6911335587501527 0.75000000000000011 0.98147514462471019
decision_type=2 2 2 2 2 2 2 2 2 2 2 2 2 2 2 2 2 2 2 2 2 2 2 2 2 2 2 2 2 2
left_child=2 5 15 6 25 16 8 21 18 -10 19 14 -13 24 -8 26 17 -2 -3 29 27 28 -15 -19 -9 -4 -1 -7 -6 -5
right_child=1 3 4 10 7 20 11 13 9 -11 -12 12 -14 22 -16 -17 -18 23 -20 -21 -22 -23 -24 -25 -26 -27 -28 -29 -30 -31
leaf_value=-0.057177267250721614 0.066395557201431754 -0.024008575402958341 -0.071511739087485302 0.027102050658644222 -0.0060309884260310257 0.039107777836067815 0.035924711071677363 -0.031925879493207618 -0.038547448189581217 -0.0092109865610789463 0.073636813752595232 -0.0011874609921371957 0.047519875692950179 -0.00040649305888873825 -0.00012411562716013966 -0.079006371273505682 0.0614955669871486 -0.010337944405659268 0.034457090581915061 0.076093573805167652 0.081304769131836513 0.054887792680670455 0.061213979834908436 0.07445093298742983 0.0021403945632149941 -0.0068933754349438095 0.0029886135981365583 0.077338958537124719 0.036513788990904128 -0.014085106285049425
leaf_weight=451.17490541189909 275.84043619036674 437.29664083197713 2662.9090179856867 538.25474122911692 619.59347213804722 1067.0140652507544 1492.8268696814775 3488.0278006233275 5284.5194240473211 5814.3738165702671 3114.7871303465217 1146.4427917413414 2964.6406164038926 2854.5194412264973 6534.6965562384576 8455.3850122299045 431.85310666821897 2096.435396630317 1482.7664308790118 294.63559806160629 6627.9502727072686 1070.0576218478382 242.83724608831108 120.78568810038269 753.11236294917762 187.44094236008823 279.3461910225451 571.7395939361304 446.3388923406601 445.22600625455379
leaf_count=9564 2063 7465 87081 3357 5371 17448 14092 54197 61033 53071 107345 6702 52504 24079 60910 352484 5021 12501 12350 6887 256719 17071 1890 1821 11745 3420 2115 18073 3213 2334
internal_value=-0.000217166 0.0219995 -0.0422991 0.00800684 -0.0175411 0.0589116 -0.000964428 -0.00251552 -0.0166627 -0.0232044 0.0593631 0.0158591 0.0339132 -0.0130356 0.00657792 -0.0754721 0.0113694 0.00251671 0.0210306 0.0243019 0.0756965 0.0334989 0.00446394 -0.00548985 -0.0258435 -0.0673379 -0.0340888 0.0527382 0.0117217 0.00831765
internal_weight=62252.8 40742.1 21510.7 29550.5 12324.8 11191.6 25157.6 9474.49 13019 11098.9 4392.9 12138.6 4111.08 7338.5 8027.52 9185.91 2924.91 2493.06 1920.06 1278.12 8266.7 2135.99 3097.36 2217.22 4241.14 2850.35 730.521 1638.75 1065.93 983.481
internal_count=1273926 701696 572230 388050 208067 313646 268127 117566 133919 114104 119923 134208 59206 91911 75002 364163 21406 16385 19815 12578 292240 25655 25969 14322 65942 90501 11679 35521 8584 5691
is_linear=0
shrinkage=0.08


Tree=40
num_leaves=31
num_cat=0
split_feature=9 8 0 3 8 2 2 1 2 1 3 1 2 0 8 2 4 3 2 1 0 3 0 0 4 2 3 1 0 2
split_gain=5683.79 3640.7 2648.17 1728.99 1226.61 640.909 624.965 554.603 445.819 420.916 351.093 364.917 353.718 304.728 304.191 277.122 249.483 232.285 220.183 197.19 185.055 271.355 169.676 166.437 147.885 138.938 134.753 121.641 94.4736 92.9224
threshold=1.0000000180025095e-35 1.0000000180025095e-35 0.62563130259513866 0.78086888790130626 0.75000000000000011 0.68020617961883556 0.88762626051902782 0.93710443377494823 0.68020617961883556 0.65142410993576061 0.75582656264305126 0.59675306081771862 0.21132376790046695 0.87827673554420482 0.75000000000000011 0.91922956705093395 5.5000000000000009 0.91331186890602123 0.78611555695533764 0.58380147814750682 0.2014492750167847 0.49151568114757543 0.85857143998146068 0.30068494379520422 5.5000000000000009 0.7897985875606538 0.9495762586593629 0.2237871661782265 0.89871358871459972 0.8216732144355775
decision_type=2 2 2 2 2 2 2 2 2 2 2 2 2 2 2 2 2 2 2 2 2 2 2 2 2 2 2 2 2 2
left_child=3 7 5 8 15 10 9 13 20 -6 12 -12 -3 26 -5 19 22 -15 -19 -4 -1 23 -9 -22 -8 -18 27 -2 -17 -24
right_child=1 2 4 14 6 -7 24 16 -10 -11 11 -13 -14 17 -16 28 25 18 -20 -21 21 -23 29 -25 -26 -27 -28 -29 -30 -31
leaf_value=0.044838110984399576 0.015235863266709782 0.012082168691040318 0.061087220659541704 0.047728958225889614 0.066432101713805855 0.060798856083651424 0.072642757330207544 0.034967432713136154 0.067008664785697669 0.017745631372822777 0.078267355872323571 -0.020244621064392586 -0.038889918614913803 0.045502306032231203 0.080073358497192854 0.075643023407074267 -0.019430596686067829 0.051612623559709574 -0.058037181895130019 -0.015022131532282285 -0.0024036834681086649 0.014657673407431668 0.05907766573476838 -0.04874405751973563 -0.016218144463295846 -0.060251837654786818 -0.0079936044005160366 -0.061360654601244312 0.017214308166182003 -0.01905290457723088
leaf_weight=575.5770909935236 129.36845477297902 950.61943346820772 221.65885069407523 2997.4067400805652 1399.6044008247554 515.16851703450084 3075.5641033928841 509.16008953005075 786.08150198683143 6092.5332145430148 364.52387877739966 682.0854104347527 9624.8257439304143 302.22302116826177 5200.0251724030823 196.31791880354285 973.02475450560451 139.52796830050647 603.53579865768552 5276.2684345897287 1027.2365132942796 2442.2658531274647 96.109074991196394 969.27308198809624 119.96215275675058 1236.8442329224199 334.73613221012056 9528.8286096360534 1704.7073727231473 2266.8711765818298
leaf_count=4795 1546 9414 2997 73998 15994 5810 108269 7712 21285 94196 3830 9942 165581 3949 214313 3001 18137 1923 9301 63397 8838 30059 1391 10375 1716 14852 6612 291610 23660 45996
internal_value=-4.69769e-06 -0.0135017 0.00287009 0.0446585 0.022271 -0.0260249 0.0396 -0.0441984 0.0111863 0.0269003 -0.0299117 0.014123 -0.0342894 -0.0542767 0.0683024 -0.00274856 -0.022245 -0.0129097 -0.0370266 -0.0118719 0.00234532 -0.00317297 -0.00660851 -0.0250467 0.0692367 -0.0424346 -0.0585792 -0.0603108 0.0235148 -0.0156895
internal_weight=60341.9 46344.1 30223.8 13997.9 18086.6 12137.2 10687.7 16120.2 5800.43 7492.14 11622.1 1046.61 10575.4 11038.2 8197.43 7398.95 5082.01 1045.29 743.064 5497.93 5014.35 4438.78 2872.14 1996.51 3195.53 2209.87 9992.93 9658.2 1901.03 2362.98
internal_count=1274499 910836 507807 363663 313230 194577 220175 403029 75352 110190 188767 13772 174995 314941 288311 93055 88088 15173 11224 66394 54067 49272 55099 19213 109985 32989 299768 293156 26661 47387
is_linear=0
shrinkage=0.08


Tree=41
num_leaves=31
num_cat=0
split_feature=6 5 9 2 3 6 6 2 8 5 3 3 1 5 9 8 8 1 9 8 8 3 2 3 3 6 9 3 3 2
split_gain=7679.4 2695.13 2620.99 1745.7 1454.05 925 911.087 622.446 532.379 458.674 515.937 356.153 692.431 335.838 272.604 259.729 238.375 192.943 189.496 170.17 148.407 144.651 141.483 134.234 122.613 119.611 118.079 109.213 95.6523 81.0414
threshold=0.6079215705394746 0.24257134646177295 1.0000000180025095e-35 0.92247596383094799 0.65485891699790966 0.44854147732257849 0.90336728096008312 0.52223318815231334 1.0000000180025095e-35 0.53073820471763622 0.9495762586593629 0.95861870050430309 0.99565216898918163 0.41743351519107824 1.0000000180025095e-35 1.0000000180025095e-35 0.75000000000000011 0.58885449171066295 1.0000000180025095e-35 0.75000000000000011 0.75000000000000011 0.66274511814117443 0.99565216898918163 0.93788579106330883 0.49151568114757543 0.98494350910186779 1.0000000180025095e-35 0.80810147523880016 0.78319624066352855 0.43657262623310095
decision_type=2 2 2 2 2 2 2 2 2 2 2 2 2 2 2 2 2 2 2 2 2 2 2 2 2 2 2 2 2 2
left_child=1 14 4 6 17 16 9 27 26 24 -11 12 -8 -10 -1 22 -3 19 29 -2 -13 -16 23 -5 -4 -21 -9 -7 -6 -18
right_child=2 5 3 15 28 7 11 8 13 10 -12 20 -14 -15 21 -17 18 -19 -20 25 -22 -23 -24 -25 -26 -27 -28 -29 -30 -31
leaf_value=0.040953629634464514 0.060060403752057373 -0.079624838620617186 -0.022386002120752001 0.059802837143573248 0.054068669001262462 -0.065622509156513645 0.012679770902273863 0.0047217554000267854 0.089669071153870489 -0.032892386823905356 0.014984083735859851 0.020498262278479541 -0.075398805242900491 0.0031933280567497772 -0.054673800874319368 0.07348391474661839 -0.052168148134220903 0.070533938276073335 -0.060486055364969565 -0.0079184433099690251 0.057056750170723113 -0.00065096494001906831 0.075853112911241943 -0.011506761954096818 0.029185782264507486 0.045639859716825201 -0.058524465713834885 0.028465650787420749 0.080647093038772363 0.046985640866506521
leaf_weight=1017.9454144909978 314.49205289036036 8066.8591681998223 356.95888523943722 232.63587378337979 1121.0759872086346 2243.7895027566701 10284.103409349918 229.91268423199654 388.26401528529823 7471.2674763128161 1776.1947846096009 1410.4820880666375 599.49859925173223 1085.1097225863487 334.51043602451682 2593.6583293899894 65.242802649736404 314.07585036382079 534.51282731071115 2325.4502281695604 1484.7946402225643 4938.9627106320113 271.02091383375227 573.58700205013156 1544.6140236500651 296.13582988455892 933.503064526245 76.766347615048289 5774.3728587515652 199.59689922630787
leaf_count=15591 2396 373724 6878 1420 30237 77228 101716 1551 4799 80705 19244 10420 4940 13369 6537 102315 1599 5761 19430 14614 36606 29736 6825 3473 13534 1995 26194 1329 259568 1194
internal_value=-0.00013783 -0.040239 0.0206799 0.00827632 0.0556065 -0.0599889 0.000680383 -0.0322096 -0.00552334 -0.0163115 -0.0236762 0.0144417 0.00778107 0.0263159 0.00314348 0.0597432 -0.0754761 0.0114111 -0.0331749 0.00492305 0.0393679 -0.00415663 0.0263256 0.00911419 0.0193876 -0.00173219 -0.0459222 -0.0623867 0.0763914 0.0214523
internal_weight=58859.4 20115 38744.4 28598.8 10145.6 13823.6 24927.9 4957.35 2636.79 11149 9247.46 13778.9 10883.6 1473.37 6291.42 3670.9 8866.21 3250.15 799.353 2936.08 2895.28 5273.47 1077.24 806.223 1901.57 2621.59 1163.42 2320.56 6895.45 264.84
internal_count=1274928 572281 702647 388076 314571 520417 274043 124470 45913 120361 99949 153682 106656 18168 51864 114033 395947 24766 22223 19005 47026 36273 11718 4893 20412 16609 27745 78557 289805 2793
is_linear=0
shrinkage=0.08


Tree=42
num_leaves=31
num_cat=0
split_feature=6 9 9 5 2 6 3 0 6 1 5 3 1 0 6 3 5 4 6 5 3 6 5 5 6 5 1 2 4 4
split_gain=6838.09 2010.45 1937.03 1779.6 1252.1 1247.57 1007.45 685.537 608.347 577.591 411.973 360.055 709.168 301.859 194.857 167.019 159.164 150.494 140.112 207.299 124.926 117.013 107.479 105.754 96.9292 117.525 113.37 88.9491 86.579 78.1146
threshold=0.75258171558380138 1.0000000180025095e-35 1.0000000180025095e-35 1.0000000180025095e-35 0.94609123468399059 0.48579499125480657 0.62418830394744884 0.54446640610694896 0.98227471113204967 0.84889996051788341 0.45341086387634283 0.96178188920021068 0.99565216898918163 0.63224515318870556 0.52506983280181896 0.89699381589889537 0.26837453246116644 8.5000000000000018 0.54246303439140331 0.39441493153572088 0.68614074587821972 0.3869446069002152 0.80860316753387462 0.29519198834896093 0.98494350910186779 0.59621357917785656 0.5604878067970277 0.98610842227935802 8.5000000000000018 1.5000000000000002
decision_type=2 2 2 2 2 2 2 2 2 2 2 2 2 2 2 2 2 2 2 2 2 2 2 2 2 2 2 2 2 2
left_child=2 6 9 20 8 -5 24 -7 11 15 -9 12 -3 22 16 18 -11 -13 23 -20 -4 -18 -10 -1 25 -2 -27 -6 -15 -22
right_child=1 4 3 5 27 7 -8 10 13 14 -12 17 -14 28 -16 -17 21 -19 19 -21 29 -23 -24 -25 -26 26 -28 -29 -30 -31
leaf_value=0.0027101587945525174 0.050946211859237929 -0.00051428004005547206 -0.046011794912873542 -0.077682318706859044 0.043255632912163437 -0.061551875546321501 0.077250158480310624 0.046808755997037668 0.054209028376705472 0.052468054379725883 -0.021223093235145214 0.032314818210395377 -0.07389068533699035 0.061811620089296977 0.076808929390229805 0.056780594856005825 -0.048984418374311847 -0.00085395996576650968 0.097669984322009781 -0.0078841145448643544 0.015833999066067278 0.023172370896804545 0.0029640328982142696 -0.048383987268658474 0.056036275041933196 -0.0067250553544687302 0.065796669198734031 0.081173136146095129 0.017579803750223558 -0.0058728876695007337
leaf_weight=348.99788174778223 339.33409560658038 13193.175788005814 380.88591562211514 8185.6792947128415 585.97471302375197 2702.3476610332727 5662.1562055218965 689.75636346824467 309.96080222725868 673.90202317759395 3142.7998257577419 2767.3429216705263 895.87506266310811 1863.879111180082 790.85394748486578 214.93062313087285 225.43364112451673 1265.5994273237884 127.28047786839306 1180.6538000777364 1580.5317358635366 376.13571452349424 1610.440715841949 937.06011453829706 312.82118704915047 1553.7524544894695 146.33317249082029 1563.2183443754911 352.1711041033268 3194.2749522104859
leaf_count=3053 2215 120118 6505 422213 18643 82113 262471 8253 2148 13102 34270 40523 6473 47363 28927 3585 3173 11666 1450 13418 8693 3413 11888 16354 2230 8609 2642 66832 6085 17109
internal_value=4.08924e-05 0.0242157 -0.0316177 -0.0427014 0.0127863 -0.0568642 0.0589739 -0.0307233 0.00714033 0.0135346 -0.00889247 0.000809229 -0.00521595 0.0348041 0.0456005 -0.0100363 0.0259005 0.0218782 -0.0157327 0.00259876 -0.00221656 -0.00378496 0.0114376 -0.0344378 0.0148422 0.00832365 -0.000214346 0.0710336 0.0549098 0.00128799
internal_weight=57173.6 32422 24751.5 19876.3 24407.6 14720.6 8014.4 6534.9 22258.4 4875.25 3832.56 18122 14089.1 4136.45 2066.33 2808.92 1275.47 4032.94 2593.99 1307.93 5155.69 601.569 1920.4 1286.06 2352.24 2039.42 1700.09 2149.19 2216.05 4774.81
internal_count=1275537 609906 665631 579156 331739 546849 278167 124636 246264 86475 42523 178780 126591 67484 48615 37860 19688 52189 34275 14868 32307 6586 14036 19407 15696 13466 11251 85475 53448 25802
is_linear=0
shrinkage=0.08


Tree=43
num_leaves=31
num_cat=0
split_feature=6 5 2 9 3 6 6 0 5 3 5 2 9 5 3 9 1 9 0 4 5 4 3 6 9 9 3 6 3 2
split_gain=6147.61 2442.51 2268.37 1591.5 998.359 722.57 714.284 500.718 428.685 422.565 316.494 311.173 286.071 284.223 296.863 229.85 215.869 213.482 174.603 158.421 138.582 124.96 191.848 123.284 113.362 107.583 92.3425 84.0171 69.5995 65.5593
threshold=0.5867464840412141 0.24257134646177295 0.90353596210479747 1.0000000180025095e-35 0.75582656264305126 0.90204423666000377 0.44854147732257849 0.64051282405853283 0.50092250108718883 0.9495762586593629 0.37527292966842657 0.9833287000656129 1.0000000180025095e-35 0.74705719947814953 0.95488464832305919 1.0000000180025095e-35 0.71516755223274242 1.0000000180025095e-35 0.47856706380844122 5.5000000000000009 0.43379870057106024 4.5000000000000009 0.8521554470062257 0.97785946726799022 1.0000000180025095e-35 1.0000000180025095e-35 0.52027395367622387 0.94715359807014476 0.74322345852851879 0.72255688905715953
decision_type=2 2 2 2 2 2 2 2 2 2 2 2 2 2 2 2 2 2 2 2 2 2 2 2 2 2 2 2 2 2
left_child=1 15 3 4 16 8 17 24 18 -10 28 12 -4 27 -15 -1 20 -3 -5 23 -2 -17 -23 -14 26 -12 -8 -7 -9 -26
right_child=2 6 11 5 -6 13 7 10 9 -11 25 -13 19 14 -16 21 -18 -19 -20 -21 -22 22 -24 -25 29 -27 -28 -29 -30 -31
leaf_value=0.037859656611403468 0.077153431586431134 -0.037521112771627417 0.081000311098815378 -0.022409040722340498 0.077510061570496627 0.022453611466287562 -0.055376677082257499 0.17358184448561972 -0.029787914890835571 0.015081799407517115 0.021082398666268279 0.08003773791810341 0.02743932557373871 0.0001660496008582871 0.032794481696729452 0.005359996317577732 0.073882557678739386 -0.079200581740981851 0.039722192248405105 -0.056430230768467274 0.0063675722079606948 -0.059020660859929575 -0.0043712518436267453 0.074648318786751655 -0.069944965747278515 -0.026791481396469773 0.0078681354971922475 0.054202590002430349 0.059636725998161694 0.077337766977572858
leaf_weight=968.02915332652628 182.61959139071405 922.6108960788697 1028.9783708583564 382.04032596945763 3026.0445694327354 1107.7968989964575 314.93431144207716 43.432772632688284 7770.6388210039586 1615.4441226273775 402.13786320947111 2969.9550766441971 2161.2471785340458 8706.7484575752169 2242.9870911817998 3183.9770333450288 372.95166848041117 6778.5009184852242 1124.0731819216162 120.24415845796466 3376.5954077523202 572.87033047899604 1453.9284942597151 429.51342095993459 1633.7260563541204 1119.163682859391 265.28535460680723 1093.8253646101803 195.37116650491953 14.641995357349513
leaf_count=15627 1741 14271 55480 7985 141726 10062 8568 513 88644 17000 4861 147113 41472 83896 37805 20227 11917 381841 9486 1037 30661 8942 7044 16622 70328 21520 2231 12139 3514 195
internal_value=0.000132461 -0.0385106 0.0184493 0.00931079 0.04299 -0.000436249 -0.0600072 -0.0323985 -0.0156779 -0.0220444 -0.000395465 0.0606096 0.0450526 0.0121761 0.00687631 0.00214881 0.0163194 -0.0742556 0.0238341 0.0312255 0.0101475 -0.00448461 -0.0200038 0.0354563 -0.057545 -0.0140042 -0.0263666 0.0383869 0.0841518 -0.06831
internal_weight=55580.3 17868.6 37711.7 31001.8 6958.21 24043.6 11689.8 3988.69 10892.2 9386.08 1760.11 6709.94 3739.98 13151.4 10949.7 6178.81 3932.17 7701.11 1506.11 2711 3559.21 5210.78 2026.8 2590.76 2228.59 1521.3 580.22 2201.62 238.804 1648.37
internal_count=1274468 559682 714786 453062 186045 267017 507842 111730 123115 105644 30408 261724 114611 143902 121701 51840 44319 396112 17471 59131 32402 36213 15986 58094 81322 26381 10799 22201 4027 70523
is_linear=0
shrinkage=0.08


Tree=44
num_leaves=31
num_cat=0
split_feature=6 8 9 0 3 0 6 6 9 4 1 0 1 1 6 9 1 9 8 3 0 9 0 4 4 8 6 0 1 8
split_gain=5383.85 2223.97 1703.15 1453.83 1004.53 867.726 717.439 522.881 512.884 348.053 369.798 287.937 283.327 247.416 231.17 219.963 208.99 162.09 130.141 124.208 121.353 120.307 114.66 108.159 106.248 93.3676 78.6608 75.7101 121.464 75.5431
threshold=0.75258171558380138 1.0000000180025095e-35 1.0000000180025095e-35 0.49253065884113317 0.62418830394744884 0.94360822439193737 0.55433616042137157 0.98031464219093334 1.0000000180025095e-35 4.5000000000000009 0.94932374358177196 0.56691542267799389 0.78830561041831981 0.94360822439193737 0.45592044293880468 1.0000000180025095e-35 0.89386734366416942 1.0000000180025095e-35 0.75000000000000011 0.56773442029953014 0.6569296419620515 1.0000000180025095e-35 0.2290398105978966 7.5000000000000009 8.5000000000000018 0.75000000000000011 0.42436611652374273 0.51899951696395885 0.29818989336490637 1.0000000180025095e-35
decision_type=2 2 2 2 2 2 2 2 2 2 2 2 2 2 2 2 2 2 2 2 2 2 2 2 2 2 2 2 2 2
left_child=1 6 4 17 25 7 21 9 16 10 -4 18 -11 23 -15 -8 -5 19 -9 22 -17 -1 -3 -10 -13 -2 -18 28 -27 -7
right_child=2 3 5 8 -6 29 15 11 13 12 -12 24 -14 14 -16 20 26 -19 -20 -21 -22 -23 -24 -25 -26 27 -28 -29 -30 -31
leaf_value=-0.039903174928299048 0.059277994980897385 0.018147892774479358 0.0047575872978368105 0.011730771117255876 0.076171762988248917 0.033379103769807468 0.047401045789995717 0.064695041087584448 -0.010415377252715021 0.0036259065403886526 0.047359848035664814 0.056767371913371799 -0.023506532625831921 0.0012926298749575788 0.058888359325550761 -0.059465960610642597 0.036944291863083234 -0.066065729732322581 -0.0027103276887303234 0.039164369418796911 -0.011126868989115728 -0.079240654219409068 -0.053183749096685037 -0.036560678844030969 0.014653646874869903 0.019849645909782873 0.077474924341257689 0.056148036799651968 -0.020745237433427623 0.074689871236187144
leaf_weight=580.83458096906543 236.43448607251048 172.94889756664634 6400.687397506088 1407.6629958357662 4913.3244949122891 393.52934116125107 277.28952171187848 204.90628850460052 3954.9827217999846 5304.7770805433393 1636.8469851780683 2104.3143849913031 4577.8547548186034 2779.9318129215389 527.72586002759635 541.70358934439719 688.95344859734178 2572.201454045251 1419.0519096106291 144.31184254959226 882.62183981947601 5750.1146489009261 730.09517468512058 1374.0532000344247 487.01432647556067 1055.5791241675615 613.49007645249367 174.91057802736759 843.52428098209202 1353.3813495002687
leaf_count=10845 2308 2227 67838 16468 262754 7383 4992 1247 55570 40860 32120 54045 42549 24014 8284 11935 12456 100074 8946 1297 5605 346189 13443 26974 7834 5876 24687 2624 4761 69194
internal_value=0 -0.0293476 0.0216954 -0.0111018 0.0557245 0.0113863 -0.0632955 0.00708699 0.00297346 0.00111123 0.0134775 0.032422 -0.00893179 -0.00654184 0.0106052 -0.0169962 0.0333124 -0.055213 0.00586893 -0.0282205 -0.029767 -0.0756912 -0.0393216 -0.0172147 0.0489576 0.0121025 0.0563811 0.00651795 0.00172747 0.0655969
internal_weight=54105.1 22998.9 31106.1 14966.4 7223.77 23882.4 8032.56 22135.5 11346.8 17920.2 8037.53 4215.29 9882.63 8636.69 3307.66 1701.61 2710.11 3619.56 1623.96 1047.36 1424.33 6330.95 903.044 5329.04 2591.33 2310.45 1302.44 2074.01 1899.1 1746.91
internal_count=1275399 665060 610339 285494 278323 332016 379566 255439 168453 183367 99958 72072 83409 114842 32298 22532 53611 117041 10193 16967 17540 357034 15670 82544 61879 15569 37143 13261 10637 76577
is_linear=0
shrinkage=0.08


Tree=45
num_leaves=31
num_cat=0
split_feature=6 5 2 3 6 8 0 5 6 8 8 5 3 8 8 2 4 2 0 3 4 3 4 0 0 5 8 4 4 4
split_gain=4729.98 2253.22 1964.38 966.789 706.732 579.189 486.142 481.609 784.193 480.161 371.75 341.952 268.122 266.477 255.132 164.957 149.46 195.88 143.551 133.673 121.637 206.248 117.13 114.006 145.242 103.196 84.5124 79.0231 70.9109 58.8816
threshold=0.5867464840412141 0.24257134646177295 0.91627725958824169 0.95419579744339 0.44124551117420202 1.0000000180025095e-35 0.51191151142120372 0.51013559103012096 0.79317620396614086 1.0000000180025095e-35 1.0000000180025095e-35 0.36400441825389868 0.80982521176338207 1.0000000180025095e-35 0.75000000000000011 0.98610842227935802 1.5000000000000002 0.80735492706298839 0.47559523582458502 0.96051946282386791 2.5000000000000004 0.87226107716560375 5.5000000000000009 0.44170945882797247 0.25158227980136877 0.30803118646144872 1.0000000180025095e-35 8.5000000000000018 2.5000000000000004 5.5000000000000009
decision_type=2 2 2 2 2 2 2 2 2 2 2 2 2 2 2 2 2 2 2 2 2 2 2 2 2 2 2 2 2 2
left_child=1 20 3 7 14 16 -6 23 12 -8 15 -11 -9 -10 -3 19 17 -5 -16 -4 -1 29 -18 24 -2 -20 -25 -7 -21 -22
right_child=2 4 10 5 6 27 9 8 13 11 -12 -13 -14 -15 18 -17 22 -19 25 28 21 -23 -24 26 -26 -27 -28 -29 -30 -31
leaf_value=0.016992248943441556 0.06063229543100418 -0.07871871936797778 0.039346912840904032 0.070399908794280944 -0.067033110917576286 0.067370203890320071 -0.048612381833276798 -0.040146736699317856 -0.013677754989357947 0.12944481144373396 0.074318856752181958 0.0075517835948057076 0.0094665305158845234 0.010604318020057117 -0.07283501058046378 0.073710453483467553 0.033986480766371792 -0.14665848849553781 0.096661068660789801 -0.085041327555872362 -0.013345040923939813 0.006514242056221177 -0.0027051341638819589 0.015403337803861271 -0.019316394621107104 -0.01213825856263342 0.057079180249908039 0.041858174858023685 -0.0049758386499394623 -0.052146731726288198
leaf_weight=2510.8181290607899 212.03600065968931 5986.8939937856048 496.23608663398772 34.058134466409683 1462.2171566653997 2241.4873895095661 1074.9263836788014 3813.2492170948535 3613.709996201098 163.55620630457997 3865.0853291377425 1205.3350844532251 844.73935806658119 14337.632279125042 229.53492758050561 338.54840890970081 913.36951739899814 79.740314779803157 62.361913256347179 80.019283460453153 459.26676860451698 2496.0715190060437 1394.698384674266 431.46808883547783 432.89768456295133 314.5235319249332 1287.4114810135216 1314.8393669445068 461.40636154450476 596.2892913389951
leaf_count=21484 2281 367373 4871 414 67951 87803 34552 58788 21744 2129 218622 17036 13345 198176 12742 13590 6659 478 692 1294 4726 16669 7927 3270 7809 6295 20046 44324 3534 8798
internal_value=0.000109864 -0.0352925 0.0163171 0.00863686 -0.057707 0.0375218 -0.0306136 0.00170971 -0.00187882 -0.00866495 0.0615891 0.0226502 -0.0311144 0.00570484 -0.0736982 0.0255821 0.00724703 -0.0801206 -0.0236327 0.0094481 0.00351566 -0.00597711 0.0117877 0.0360322 0.00698654 0.00647528 0.0467857 0.0580549 -0.0177717 -0.0355577
internal_weight=52754.4 16561.8 36192.6 30951.3 10499.3 5978.19 3906.03 24973.1 22609.3 2443.82 5241.3 1368.89 4657.99 17951.3 6593.31 1376.21 2421.87 113.798 606.42 1037.66 6062.45 3551.63 2308.07 2363.81 644.934 376.885 1718.88 3556.33 541.426 1055.56
internal_count=1275422 560447 714975 473064 508770 147605 121668 325459 292053 53717 241911 19165 72133 219920 387102 23289 15478 892 19729 9699 51677 30193 14586 33406 10090 6987 23316 132127 4828 13524
is_linear=0
shrinkage=0.08


Tree=46
num_leaves=31
num_cat=0
split_feature=8 3 5 8 2 9 0 1 2 3 1 9 9 0 2 9 2 3 8 0 1 5 2 2 0 5 1 5 3 5
split_gain=3069.03 2567.73 1680.04 1458.76 815.299 507.802 465.695 379.174 364.381 518.966 381.014 340.672 319.267 280.906 268.118 252.487 232.265 221.308 214.673 192.962 189.823 186.222 166.912 156.844 120.985 115.256 102.619 96.8122 85.6568 84.3234
threshold=1.0000000180025095e-35 0.84475743770599376 0.47084967792034155 0.75000000000000011 0.64630925655365001 1.0000000180025095e-35 0.7897985875606538 0.99565216898918163 0.21132376790046695 0.49151568114757543 0.64747309684753429 1.0000000180025095e-35 1.0000000180025095e-35 0.26158231496810919 0.86706829071044933 1.0000000180025095e-35 0.78830561041831981 0.74322345852851879 0.75000000000000011 0.88762626051902782 0.70659971237182628 0.97909381985664379 0.93387979269027721 0.99565216898918163 0.90366768836975109 0.47466187179088598 0.65895724296569835 0.24257134646177295 0.96693986654281627 0.46188034117221838
decision_type=2 2 2 2 2 2 2 2 2 2 2 2 2 2 2 2 2 2 2 2 2 2 2 2 2 2 2 2 2 2
left_child=2 4 15 11 8 -4 14 16 18 13 -11 25 -5 -10 17 -1 -8 -6 -2 20 -14 23 -9 28 26 27 -13 -3 -7 -26
right_child=1 3 5 12 6 21 7 22 9 10 -12 24 19 -15 -16 -17 -18 -19 -20 -21 -22 -23 -24 -25 29 -27 -28 -29 -30 -31
leaf_value=-0.015232510576180141 0.12677358589810922 0.044899042302313154 0.052365418193065449 0.079844667875036593 0.041461624614829419 -0.025365876055075356 -0.08541449991999768 -0.13510977570266625 -0.0077893666094794398 0.001127605241422149 -0.040602493553609821 0.053312706023323948 0.08211918641872093 -0.049083680609278771 0.078420850588920496 -0.071890766225585864 0.016665381610728433 0.0021473057548738969 0.013600777035344605 0.065630940711780966 0.027079542960690178 0.044844307242065472 0.061416528905704898 0.047275299079592277 0.0077249089689237259 0.079564947338672934 -0.012499883164729005 -0.01606951433110183 -0.0067575382163713683 0.050129320428160623
leaf_weight=572.24827491305768 112.00668533612043 596.44182846136391 759.57421843893826 3061.6364546213299 2076.401525106281 5539.0109826121479 166.81184259429574 214.56853094696999 1446.669460865669 7282.603515824303 1726.6378415301442 153.67270403914154 469.09396844822913 4003.3528087995946 691.2151259649545 4924.657927647233 834.95748140756041 1654.1918928287923 1401.9932874022052 2248.5308270901442 2857.896030979231 306.58629865199327 27.519390314817429 222.27603759709746 1708.569924660027 438.34228558838367 3136.6584028666839 223.00361657701433 2258.7480310192332 363.82387129031122
leaf_count=12290 1037 12802 22976 195389 31275 53679 2654 1794 20041 105082 24607 2536 8232 86766 21760 326990 15778 28201 13929 104540 63232 3150 1036 6736 15078 26390 35869 3587 12409 14505
internal_value=-7.92125e-05 0.0121979 -0.031146 0.0373266 -0.00551752 -0.00999334 0.0205325 -0.0225691 -0.0147709 -0.0186877 -0.00687038 0.00903322 0.0589776 -0.0381689 0.032705 -0.0660407 -0.000513534 0.0240982 0.0224684 0.0474292 0.0349995 -0.0157291 -0.111331 -0.0180911 0.000200265 0.046417 -0.00930137 0.0281162 -0.020004 0.0153491
internal_weight=51479.7 36896.6 14583.1 15257.7 21638.9 9086.2 5665.67 1243.86 15973.3 14459.3 9009.24 6620.51 8637.16 5450.02 4421.81 5496.91 1001.77 3730.59 1514 5575.52 3326.99 8326.62 242.088 8020.04 5362.72 1257.79 3290.33 819.445 7797.76 2072.39
internal_count=1274350 836120 438230 482160 353960 98950 102498 21262 251462 236496 129689 110767 371393 106807 81236 339280 18432 59476 14966 176004 71464 75974 2830 72824 67988 42779 38405 16389 66088 29583
is_linear=0
shrinkage=0.08


Tree=47
num_leaves=31
num_cat=0
split_feature=6 8 9 1 2 3 6 3 1 8 2 3 9 3 8 6 8 5 5 1 6 5 6 6 5 3 5 2 5 6
split_gain=3927.07 1916.41 1674 1180.26 1067.31 861.291 591.431 327.387 551.054 462.122 259.657 240.577 237.335 209.756 169.283 163.733 151.818 433.695 169.974 130.921 125.486 121.384 110.438 97.7278 92.7579 71.2388 48.522 44.1951 41.4317 41.3316
threshold=0.63191848993301403 1.0000000180025095e-35 1.0000000180025095e-35 0.71516755223274242 0.9833287000656129 0.61451050639152538 0.98227471113204967 0.9495762586593629 0.99565216898918163 0.75000000000000011 0.86706829071044933 0.65485891699790966 1.0000000180025095e-35 0.77849927544593822 0.75000000000000011 0.41280081868171697 0.75000000000000011 1.0000000180025095e-35 0.32846482098102575 0.63702240586280834 0.90016075968742382 0.30198507010936743 0.54818576574325573 0.44854147732257849 0.80860316753387462 0.87841832637786876 0.42128865420818334 0.52689418196678173 0.45078563690185552 0.50800052285194408
decision_type=2 2 2 2 2 2 2 2 2 2 2 2 2 2 2 2 2 2 2 2 2 2 2 2 2 2 2 2 2 2
left_child=1 12 3 13 6 19 7 8 -4 -9 16 24 23 14 -2 21 17 -7 -18 27 -16 -12 -14 -1 -8 -13 -25 -3 -24 -29
right_child=2 5 4 -5 -6 10 11 9 -10 -11 15 25 22 -15 20 -17 18 -19 -20 -21 -22 -23 28 26 -26 -27 -28 29 -30 -31
leaf_value=-0.050777983357734251 0.057765354386007425 -0.064902997124634196 -0.0051090418881290754 0.079245501285901923 0.078428804652454262 -0.0027898961060413481 0.048233756571260271 -0.0037044618085535193 -0.072419347992049563 0.046250505465126761 0.015253585407537318 0.034411325082206123 -0.078817895725889084 0.073834346113017466 -0.011314056652871258 0.061656750422059682 0.10203729342213197 -0.058207184554160477 0.0037058719532580033 0.030520705408027184 0.022095661387477653 -0.048490939151758783 0.017766169879254431 0.054877503225887171 -0.0010995969424502639 0.063886606653016528 -0.012140024433412579 -0.045434205863087274 -0.047171046893374313 0.048768247555740461
leaf_weight=347.7103465218097 407.35702979750931 1926.1090305577964 15026.708011564799 3915.2941614128649 1235.1620393134654 3397.7366356141865 291.2332192696631 3200.1747402735054 816.69355675578117 1871.8626567348838 2295.6913797128946 1198.0499830972403 4611.0047194315121 359.3653060272336 1674.8723526671529 463.20159698463976 120.10195146221668 1230.018709378317 1167.0876464974135 97.707349717617035 1251.0734746791422 202.7255987226963 66.659020077437162 101.64216682873666 1348.1293279156089 1028.1861413568258 186.21953558735549 82.008568638004363 439.63356575369835 39.47326129116118
leaf_count=9570 5124 89862 155040 260330 71110 24202 1997 20819 5632 52973 20273 22031 345216 17796 13318 8481 1590 46530 15811 2025 13056 6553 1368 745 8912 39897 1757 3169 9253 879
internal_value=-0.000107061 -0.0317211 0.0156624 0.0486612 0.0059989 -0.0121564 0.00236722 -0.00294123 -0.00861059 0.0147276 -0.001133 0.0310975 -0.0691338 0.0161264 0.00975572 0.018165 -0.0108298 -0.0176008 0.0133639 -0.0575847 0.00292998 0.00993082 -0.0748735 -0.0224472 0.0076872 0.0482088 0.01151 -0.061931 -0.0382183 -0.012842
internal_weight=50398.9 16774.7 33624.2 7607.96 26016.2 11021.9 24781 20915.4 15843.4 5072.04 8876.56 3865.6 5752.87 3692.67 3333.3 2961.62 5914.94 4627.76 1287.19 2145.3 2925.95 2498.42 5117.3 635.572 1639.36 2226.24 287.862 2047.59 506.293 121.482
internal_count=1275319 587284 688035 309624 378411 219375 307301 234464 160672 73792 123440 72837 367909 49294 31498 35307 88133 70732 17401 95935 26374 26826 355837 12072 10909 61928 2502 93910 10621 4048
is_linear=0
shrinkage=0.08


Tree=48
num_leaves=31
num_cat=0
split_feature=6 5 9 1 0 6 6 0 5 5 6 5 3 3 9 9 9 5 6 1 3 0 4 3 1 6 3 4 0 9
split_gain=3480.92 1815.21 1631.54 1181.3 796.442 665.404 516.969 413.763 345.393 306.687 280.652 231.213 218.983 189.964 181.16 152.194 117.298 115.036 136.844 98.0309 108.121 88.7478 66.9036 105.364 62.5931 58.4529 50.4419 49.5416 122.24 41.2237
threshold=0.5867464840412141 0.24257134646177295 1.0000000180025095e-35 0.71516755223274242 0.93957647681236278 0.43533413112163549 0.94313561916351329 0.51191151142120372 0.36400441825389868 0.5219314992427827 0.7798304855823518 0.80562138557434093 0.77712419629096996 0.86319074034690868 1.0000000180025095e-35 1.0000000180025095e-35 1.0000000180025095e-35 0.50092250108718883 0.90486964583396923 0.62988328933715831 0.79431909322738659 0.47856706380844122 1.0000000180025095e-35 0.97467949986457836 0.92031747102737438 0.38477630913257604 0.42740046977996832 8.5000000000000018 0.64630925655365001 1.0000000180025095e-35
decision_type=2 2 2 2 2 2 2 2 2 2 2 2 2 2 2 2 2 2 2 2 2 2 2 2 2 2 2 2 2 2
left_child=1 15 3 12 6 14 9 29 -9 21 -11 26 17 -13 25 24 -10 -2 -19 20 -17 -4 -6 -24 -1 -3 -8 28 -21 -7
right_child=2 5 4 -5 22 7 11 8 16 10 -12 13 -14 -15 -16 19 -18 18 -20 27 -22 -23 23 -25 -26 -27 -28 -29 -30 -31
leaf_value=0.010717151609132612 0.049217388497078671 -0.052287091084448525 -0.0088744833495494752 0.07859106568833378 0.072046802442457966 -0.038321173073819638 0.005240649667321573 0.075960321815916138 0.010358059119065963 -0.03108673290454186 -0.0049825403732093182 0.0011042792107496468 0.07351692388020141 0.028527448380944721 -0.078610071125907025 -0.0607706859994964 -0.031254635520002086 -0.010143106163776677 0.023993981536790759 0.072801669877645775 0.042593651526657297 0.030047477645193374 0.055193137240708082 -0.012326718081085921 0.053878211339948016 -0.0047598833498103087 0.05119425973859764 -0.017991869856883204 0.00087139358668452793 -0.073257265341980266
leaf_weight=441.23938809521496 402.67953792959452 456.9200325012207 475.89314394071698 3770.0478615863249 927.92017491627485 331.77050505764782 183.29995170980692 269.1143877049908 596.59192643873394 3497.45563554205 10752.472507544793 4509.1642128322273 372.54627343825996 2526.9530183169991 4616.7359156701714 326.91929447744042 1515.2843334563076 1813.2346082460135 1273.0978833902627 152.84358694590628 74.785049388185143 1636.5042887954041 621.78354994487017 186.78543496783823 442.61567059531808 272.08742295764387 1308.6703358739614 798.18116989079863 3737.3988441647962 966.40256177913398
leaf_count=4781 3977 9020 10162 265240 51567 10289 1104 6452 6323 55814 108378 45415 18491 58009 365365 8188 46568 15709 14158 1661 618 15855 26417 6171 10776 4168 18674 4863 20834 60706
internal_value=8.0296e-05 -0.0320509 0.0141551 0.0467551 0.00479854 -0.0546846 0.00113234 -0.0283729 -0.00844211 -0.00718407 -0.0114093 0.0171022 0.0155707 0.010989 -0.0727201 0.00213216 -0.019427 0.00924125 0.00390256 -0.00316989 -0.0408469 0.0212031 0.0571028 0.039419 0.0326928 -0.0349198 0.0456918 6.42704e-05 0.00382836 -0.0646328
internal_weight=49257.4 14998.9 34258.5 7631.61 26626.9 9024.91 24890.4 3679.16 2380.99 16362.3 14249.9 8528.09 3861.56 7036.12 5345.74 5973.98 2111.88 3489.01 3086.33 5090.13 401.704 2112.4 1736.49 808.569 883.855 729.007 1491.97 4688.42 3890.24 1298.17
internal_count=1275753 560612 715141 317575 397566 508891 313411 130338 59343 190209 164192 123202 52335 103424 378553 51721 52891 33844 29867 36164 8806 26017 84155 32588 15557 13188 19778 27358 22495 70995
is_linear=0
shrinkage=0.08


Tree=49
num_leaves=31
num_cat=0
split_feature=6 8 9 2 3 2 6 9 6 4 1 3 3 1 1 2 3 9 6 4 9 2 8 8 1 1 8 6 3 6
split_gain=2996.44 1575.09 1210.12 919.283 881.911 845.007 667.297 379.376 356.602 275.053 294.832 259.647 234.51 197.228 171.857 165.204 144.849 140.711 136.317 132.022 116.518 108.831 99.2622 86.641 86.0405 84.3223 84.0027 70.9016 65.0403 61.0408
threshold=0.75258171558380138 1.0000000180025095e-35 1.0000000180025095e-35 0.56374144554138195 0.55036231875419628 0.9833287000656129 0.54246303439140331 1.0000000180025095e-35 0.98418948054313671 4.5000000000000009 0.78830561041831981 0.46709956228733068 0.65485891699790966 0.94185259938240062 0.90521115064620983 0.21132376790046695 0.77712419629096996 1.0000000180025095e-35 0.45211435854434973 9.5000000000000018 1.0000000180025095e-35 0.47395551204681402 0.75000000000000011 0.75000000000000011 0.93710443377494823 0.45633104443550115 0.75000000000000011 0.98494350910186779 0.87841832637786876 0.42128865420818334
decision_type=2 2 2 2 2 2 2 2 2 2 2 2 2 2 2 2 2 2 2 2 2 2 2 2 2 2 2 2 2 2
left_child=1 6 3 16 15 8 20 14 9 11 -11 -4 23 19 25 22 26 -8 -15 -9 -1 -17 -3 -10 -19 -6 -2 -28 -14 -16
right_child=2 4 5 -5 7 -7 17 13 12 10 -12 -13 28 18 29 21 -18 24 -20 -21 -22 -23 -24 -25 -26 -27 27 -29 -30 -31
leaf_value=-0.036335223133242049 0.052654308074756739 0.18033803786861793 -0.042441513642709199 0.077770255287727658 0.069609586102458723 0.079625811488884077 0.039951831836815582 -0.010502504390303957 0.053104227264268451 0.0038117004203483676 -0.02389323025745986 0.014808609481415894 0.032715054399770301 0.0013818981849023707 0.034927125201023673 -0.062949315752952859 0.073212560741876279 -0.037203551904668612 0.047491893576120749 -0.042548996190634708 -0.078541688412954294 0.0056684480536864298 -0.0052464214514288754 -0.0022541790051107953 0.0058002141703632996 0.004111569240196975 -0.0027315594893775751 0.038965148029008308 0.06284625292639491 0.075356357512901803
leaf_weight=499.03252452611923 238.09058040566742 14.796650663949547 536.96394857391715 3195.715337314643 134.70054595079273 1004.2687973668799 253.59806104470044 4351.3886921517551 202.49167723022401 5377.3790209852159 4509.4023349983618 7645.8529594168067 1082.75794765912 2759.2833948461339 588.33158128708601 2133.0608177958056 236.10174517706037 971.28600215353072 478.8090248843655 1019.2478107586503 3959.9298709398136 153.51553973928094 252.12979817669839 1380.6013094596565 418.06292309053242 1354.8858731072396 1884.6338217705488 297.11616864986718 875.50453736074269 450.93105440307409
leaf_count=10814 2853 303 6246 243904 1368 68074 5024 67182 1404 42060 43555 102652 21048 24331 12212 90525 14771 17040 8337 27530 343809 5079 7075 9153 2669 17491 13685 2656 38362 23847
internal_value=-0.00014834 -0.0240546 0.0164693 0.0488849 -0.00896681 0.00806582 -0.0578463 0.000748452 0.00471535 0.00015431 -0.00881415 0.0110086 0.0279097 -0.00724155 0.0279718 -0.0513229 0.0139882 -0.0140878 0.00831212 -0.016648 -0.0738999 -0.0582703 0.00757954 0.00487081 -0.0241743 0.0103545 0.0080047 0.00294974 0.0463934 0.0528992
internal_weight=48259.9 19793 28466.9 5851.66 13691.1 22615.2 6101.91 11137.6 21611 18069.6 9886.78 8182.82 3541.36 8608.73 2528.85 2553.5 2655.94 1642.95 3238.09 5370.64 4458.96 2286.58 266.926 1583.09 1389.35 1489.59 2419.84 2181.75 1958.26 1039.26
internal_count=1275059 664636 610423 277869 285280 332554 379356 182298 264480 194513 85615 108898 69967 127380 54918 102982 33965 24733 32668 94712 354623 95604 7378 10557 19709 18859 19194 16341 59410 36059
is_linear=0
shrinkage=0.08


Tree=50
num_leaves=31
num_cat=0
split_feature=6 8 9 1 0 0 6 5 3 4 3 3 9 1 8 8 5 5 0 9 6 8 3 0 0 6 6 6 1 8
split_gain=2661.25 1662.12 1378.58 1103.1 691.999 640.187 437.11 349.591 233.586 313.966 223.363 198.673 166.534 165.134 155.602 139.073 341.975 186.869 137.392 125.435 97.6606 88.8563 81.2573 158.75 80.6507 51.3843 51.1527 50.8776 46 42.0462
threshold=0.5867464840412141 1.0000000180025095e-35 1.0000000180025095e-35 0.71516755223274242 0.94360822439193737 0.47856706380844122 0.91184088587760936 0.50092250108718883 0.42740046977996832 8.5000000000000018 0.79431909322738659 0.79431909322738659 1.0000000180025095e-35 0.9404677450656892 0.75000000000000011 0.75000000000000011 1.0000000180025095e-35 0.34006802737712866 0.28743545711040502 1.0000000180025095e-35 0.91607978940010082 1.0000000180025095e-35 0.96051946282386791 0.96178188920021068 0.44170945882797247 0.44124551117420202 0.49189095199108129 0.42128865420818334 0.58380147814750682 1.0000000180025095e-35
decision_type=2 2 2 2 2 2 2 2 2 2 2 2 2 2 2 2 2 2 2 2 2 2 2 2 2 2 2 2 2 2
left_child=1 12 3 11 6 28 7 24 18 -10 -9 14 27 15 29 16 -7 -17 -8 -15 -16 22 -6 -24 -4 -21 -14 -1 -3 -2
right_child=2 5 4 -5 21 13 8 10 9 -11 -12 -13 26 19 20 17 -18 -19 -20 25 -22 -23 23 -25 -26 -27 -28 -29 -30 -31
leaf_value=-0.052442829101599121 0.020335869379278927 -0.066746786382215331 -0.011658634067962956 0.077751906251691219 0.071640163448493721 -0.0046817148017820401 -0.0028192650188543678 -0.026201568497169096 0.023232564529553794 -0.0068444461719469095 -0.0027966274696075324 0.076453423332327755 -0.079383839982192075 0.042544942748793162 -0.0086541035589899288 0.096433192767560794 -0.05972357195326012 -0.0001894858742938761 -0.056807456597566634 0.00048170217833951154 0.021395845661536742 0.070301281840103591 -0.077754192862028143 0.045396151810558463 0.033523618490579103 0.041767298206603271 -0.050475597894429847 -0.0026718283452790916 -0.010266727842103458 0.074909999399296601
leaf_weight=258.99364597164094 162.74065681360662 1213.7247053086758 306.30090181343257 3249.6889621671289 152.96021437272429 2699.3636764287949 1005.0128497481346 5748.6511805523187 8040.858079040423 3055.5751043204218 4808.6084973365068 294.34738756716251 3385.0141650391743 638.06554121337831 1944.8211824884638 144.4358665831387 985.74093815870583 874.47289871424437 430.74857002496719 2739.5711720557883 1066.482177448459 1017.6493594422936 101.43605342134833 175.76251703873277 1276.6949884677306 203.30794251896441 520.34598274901509 277.24168572947383 109.36784464959055 248.5912207076326
leaf_count=8780 1742 72214 7412 264899 1871 21196 5280 75561 132210 26852 52918 17312 329672 13887 17458 2083 45259 14726 4097 24104 11789 72577 647 5567 12482 1787 20468 2476 3261 3756
internal_value=-0.000259498 -0.0294276 0.0121238 0.0437317 0.00368064 -0.0106861 0.000514554 -0.0102953 0.010999 0.0149366 -0.0155626 0.0138811 -0.0698755 -0.00239881 0.00834948 -0.0122632 -0.0195094 0.0137551 -0.0192685 0.0105137 0.00195316 0.0573372 0.0258443 0 0.0246712 0.00345419 -0.0756425 -0.0272685 -0.0622548 0.054206
internal_weight=47136.6 14049.6 33086.9 6966.67 26120.3 9608.05 24672.5 12140.3 12532.2 11096.4 10557.3 3716.98 4441.6 8284.96 3422.64 4704.01 3685.1 1018.91 1435.76 3580.94 3011.3 1447.81 430.159 277.199 1583 2942.88 3905.36 536.235 1323.09 411.332
internal_count=1274343 559913 714430 316956 397474 198517 316812 148373 168439 159062 128479 52057 361396 123042 34745 83264 66455 16809 9377 39778 29247 80662 8085 6214 19894 25891 350140 11256 75475 5498
is_linear=0
shrinkage=0.08


Tree=51
num_leaves=31
num_cat=0
split_feature=6 5 2 6 3 1 4 3 1 0 5 0 2 1 5 6 4 4 2 4 3 5 3 4 0 6 5 6 0 1
split_gain=2353.15 1551.84 1306.51 633.365 603.946 432.506 441.88 414.568 640.054 346.007 327.86 279.519 218.732 201.343 153.294 119.53 132.157 154.461 104.499 94.4438 158.697 90.0867 81.6263 70.6517 47.9898 38.7277 46.5164 33.3172 32.4864 38.3309
threshold=0.57979589700698864 0.24257134646177295 0.92247596383094799 0.44854147732257849 0.95861870050430309 0.99565216898918163 5.5000000000000009 0.49151568114757543 0.28759399056434637 0.66969698667526256 0.48394460976123815 0.71248623728752147 0.98529094457626354 0.63224515318870556 0.39917013049125677 0.99285680055618297 8.5000000000000018 9.5000000000000018 0.72481885552406322 4.5000000000000009 0.89512962102890026 0.38266237080097204 0.9689110815525056 1.5000000000000002 0.90366768836975109 0.39688599109649664 0.31383949518203741 0.95217302441596996 0.81530213356018078 0.81872946023941051
decision_type=2 2 2 2 2 2 2 2 2 2 2 2 2 2 2 2 2 2 2 2 2 2 2 2 2 2 2 2 2 2
left_child=1 19 4 25 5 7 24 8 -2 18 -9 -8 22 -11 -15 16 23 -18 21 -1 -21 -5 -4 -6 -7 -3 -27 -24 29 -22
right_child=2 3 12 9 15 6 11 10 -10 13 -12 -13 -14 14 -16 -17 17 -19 -20 20 28 -23 27 -25 -26 26 -28 -29 -30 -31
leaf_value=0.010608750287433267 0.0082288284359238791 -0.07477557764394939 0.050254369044531115 0.00052004696352297313 -0.013132843998190789 0.063635222803997443 0.014017892257108372 0.048242308527626634 -0.044665320804144482 0.13552919802666211 0.0059993779531342375 -0.10002966602266042 0.077555089564745092 0.058082046056825654 -0.013443496608488639 0.07175200498537837 -0.031685368384549446 0.023583455265053326 0.074014862951425328 -0.040608246179445542 0.034281894574847697 -0.056692460839013664 0.0044976704454215404 0.040011655460526666 -0.07676746149611885 0.0033778150850260549 -0.060732033607041526 0.045552075997562114 0.019923079602607658 -0.011317250791166094
leaf_weight=3645.8004986448213 3264.9463012153283 3453.2900199415162 1206.4235545797274 194.90301796793938 162.63074206095189 194.33997690211982 169.53101175092161 1266.878531598486 2641.8582599265501 71.349131063558161 15907.899551914074 651.92362073156983 1722.9356694594026 236.74088868871331 920.86017564125359 422.7014900976792 436.85884544439614 1193.5036162650213 39.687409964390099 733.81724435463548 132.83450181689113 1402.9793577520177 514.18847694154829 2848.8520457092673 11.727654634974895 71.498336005024612 1203.8630205336958 168.44498678483069 557.43728101719171 784.29464049264789
leaf_count=31555 31062 299968 57042 9076 5462 4348 1915 19002 42793 928 237668 5249 145777 5163 19619 28317 6079 25685 496 10739 908 72074 19946 79981 164 4537 92524 8761 3824 4777
internal_value=-6.88932e-05 -0.0282449 0.0114871 -0.0520913 0.0058572 0.00057255 -0.0500758 0.00284455 -0.0154191 -0.0222839 0.00913783 -0.0763566 0.0568443 0.00967749 0.00123345 0.0309571 0.0271346 0.00862463 -0.046324 0.00268406 -0.0103209 -0.0496342 0.0377155 0.0370716 0.0532574 -0.0700842 -0.0570138 0.0151184 0.00472981 -0.00438921
internal_weight=46235 13449.4 32785.6 7595.17 29173.7 24109.1 1027.52 23081.6 5906.8 2866.52 17174.8 821.455 3611.99 1228.95 1157.6 5064.55 4641.85 1630.36 1637.57 5854.18 2208.38 1597.88 1889.06 3011.48 206.068 4728.65 1275.36 682.633 1474.57 917.129
internal_count=1275439 556188 719251 504385 487725 342201 11676 330525 73855 107356 256670 7164 231526 25710 24782 145524 117207 31764 81646 51803 20248 81150 85749 85443 4512 397029 97061 28707 9509 5685
is_linear=0
shrinkage=0.08


Tree=52
num_leaves=31
num_cat=0
split_feature=6 8 9 0 0 6 0 9 6 5 0 4 0 9 3 4 9 3 0 6 8 3 3 5 6 8 4 8 8 4
split_gain=2051.61 1279.66 1039.15 788.816 766.094 606.35 473.042 303.042 290.571 305.277 215.701 202.45 195.707 140.461 135.742 126.774 116.275 107.088 103.971 103.203 98.899 75.7387 75.1019 75.2201 79.3758 70.1129 69.0211 68.6643 66.767 62.5017
threshold=0.76216787099838268 1.0000000180025095e-35 1.0000000180025095e-35 0.60922586917877208 0.45035210251808172 0.54246303439140331 0.94360822439193737 1.0000000180025095e-35 0.98494350910186779 0.64223912358284008 0.58885449171066295 4.5000000000000009 0.2290398105978966 1.0000000180025095e-35 0.82952776551246654 4.5000000000000009 1.0000000180025095e-35 0.92718276381492626 0.6569296419620515 0.42436611652374273 1.0000000180025095e-35 0.56773442029953014 0.71330726146698009 0.59621357917785656 0.9855765998363496 0.75000000000000011 5.5000000000000009 0.75000000000000011 1.0000000180025095e-35 8.5000000000000018
decision_type=2 2 2 2 2 2 2 2 2 2 2 2 2 2 2 2 2 2 2 2 2 2 2 2 2 2 2 2 2 2
left_child=1 5 3 22 12 13 8 14 9 20 27 -11 25 -1 26 -9 -7 -17 -18 -16 -4 -14 23 -2 -25 -3 -6 -10 -8 -12
right_child=2 4 6 -5 7 16 28 15 10 11 29 -13 21 -15 19 17 18 -19 -20 -21 -22 -23 -24 24 -26 -27 -28 -29 -30 -31
leaf_value=-0.02901455419986795 0.045207682479543203 0.12239059251567458 0.0015404936835581742 0.077190087734149523 0.022049940599895467 0.035390105083341256 0.024259458623066249 0.0032731723744148494 0.048253683719129095 0.0054806905368517643 0.052623095889071693 -0.013722817751018482 -0.0629551966030195 -0.077665285178315391 0.024437418269065231 -0.027710901821617843 -0.051638013022165488 3.8779562524467697e-05 -0.0066595337005291135 0.070502472336018265 0.032875117114946818 -0.010783215160959156 0.060343611425025333 -0.0028261466633922377 0.04227686112400144 -0.0052249148158787237 -0.018333634689870752 -0.0022306341449365766 0.068877648307732381 0.012841280423122953
leaf_weight=452.58064530789852 326.1477372366935 24.704556904733181 962.08751446381211 2628.1568145845085 688.21129969786853 254.18447661865503 317.51740869320929 4875.4182536853477 191.44204506650567 6255.310468768701 1384.614921361208 7980.7323643621057 1818.8546742415056 3194.8752272231504 754.19668263196945 2170.3855041470379 508.93789545819163 1486.8627267675474 946.76880655065179 555.71522650402039 2022.0719082625583 208.28000545874238 203.52598380576819 1666.0496050482616 287.80871142540127 361.32030814513564 436.59387502633035 1374.234596773982 818.4483904344961 327.46646466106176
leaf_count=10733 2763 561 4616 241280 8776 5649 7273 64999 1362 84375 48831 69330 86078 343380 14402 51415 13815 14091 6681 31783 27212 6923 11863 14122 2834 10692 3753 9392 68932 6747
internal_value=1.6296e-05 -0.0202762 0.0142403 0.0466676 -0.00702662 -0.0533013 0.00656192 0.00194527 0.00376198 -0.000386986 0.0255753 -0.00527461 -0.0477882 -0.0717204 0.0268203 -0.00514539 -0.0138227 -0.0164009 -0.0226172 0.0442955 0.0228459 -0.0577132 0.0142132 0.0099023 0.00382692 0.00399352 0.00622165 0.00397439 0.0567075 0.0451668
internal_weight=45483.5 18737.9 26745.6 5111.69 13380.5 5357.35 21633.9 10967.4 20498 17220.2 3277.76 14236 2413.16 3647.46 2434.72 8532.67 1709.89 3657.25 1455.71 1309.91 2984.16 2027.13 2483.53 2280.01 1953.86 386.025 1124.81 1565.68 1135.97 1712.08
internal_count=1274663 673731 600932 272862 293473 380258 328070 189219 251865 185533 66332 153705 104254 354113 58714 130505 26145 65506 20496 46185 31828 93001 31582 19719 16956 11253 12529 10754 76205 55578
is_linear=0
shrinkage=0.08


Tree=53
num_leaves=31
num_cat=0
split_feature=8 3 8 5 2 3 2 9 8 1 4 9 4 9 9 1 4 5 5 5 1 4 2 8 5 1 8 3 2 5
split_gain=1582.92 1399.79 1094.91 970.856 488.116 284.763 476.718 276.406 268.404 257.44 411.389 231.17 214.502 191.112 177.69 150.513 117.817 106.921 104.868 103.272 101.698 82.8102 82.5209 76.6993 70.9257 68.6926 67.1993 66.5939 43.2414 41.0175
threshold=1.0000000180025095e-35 0.84475743770599376 0.75000000000000011 0.44795833528041845 0.89871358871459972 0.42740046977996832 0.2674796879291535 1.0000000180025095e-35 0.75000000000000011 0.28759399056434637 7.5000000000000009 1.0000000180025095e-35 5.5000000000000009 1.0000000180025095e-35 1.0000000180025095e-35 0.70659971237182628 5.5000000000000009 0.97909381985664379 0.67576888203620922 0.51013559103012096 0.69614070653915416 8.5000000000000018 0.98529094457626354 0.75000000000000011 0.26837453246116644 0.98717737197875988 0.75000000000000011 0.96693986654281627 0.84877073764801036 0.62602058053016674
decision_type=2 2 2 2 2 2 2 2 2 2 2 2 2 2 2 2 2 2 2 2 2 2 2 2 2 2 2 2 2 2
left_child=3 4 14 13 5 6 8 -4 -2 26 -11 18 25 28 19 -14 -6 22 -5 24 -16 -22 27 -8 -3 -9 -7 -13 -1 -24
right_child=1 2 7 11 16 9 23 12 -10 10 -12 17 15 -15 20 -17 -18 -19 -20 -21 21 -23 29 -25 -26 -27 -28 -29 -30 -31
leaf_value=-0.028182314756172389 0.10226807078671785 0.036506952466993599 0.07802726634787184 0.00062060313406311657 0.079747281277286308 0.1213861497409688 0.017735535897046281 0.044900993436655073 -0.0065719620041708596 0.0067872036406966376 -0.021818936938076485 -0.022114208523910554 0.077599423436565521 -0.069482762990316457 0.052087332809542052 0.010831507939607911 -0.084954187500434777 0.035686459567248072 0.066769493641200287 0.079761134805471146 0.0019696773268030603 -0.02487319504786966 -0.0055716646166921934 -0.055469558296553804 -0.017688644598825326 0.070976071977815358 0.035484434935987491 -0.0057126447866028785 0.026257541472506665 0.068337597277464121
leaf_weight=301.84686950035393 150.01652050577104 516.37648444529623 1934.4483505273238 293.79472823161632 508.87293583061546 61.801888042129576 90.451244975440204 1742.0334075652063 2238.1266283728182 9129.3964753514156 4959.1308368369937 5445.5526870386675 247.77892290428281 2823.6498168045655 219.95273958332837 1578.2656728103757 24.488506753928959 258.02800628636032 327.87654913961887 257.9779645530507 4005.2839374793693 893.88707308098674 78.397424665279686 1955.5865989532322 211.59617303311825 1149.6527301492169 749.70064051542431 2280.8070757426322 127.10480745509267 103.40612493362278
leaf_count=8468 1603 12875 195767 6642 22364 892 2506 61385 29156 156428 80443 66788 3994 311660 3544 31860 221 3110 17297 25351 54372 10022 2449 50739 4677 78550 9582 14293 3015 5074
internal_value=0.000173146 0.00932604 0.0300015 -0.0246078 -0.00394613 -0.00604443 -0.0238306 0.0524442 0.000397593 -0.00073439 -0.00327491 -0.0107509 0.0418489 -0.0619233 0.00549845 0.0201659 0.0711693 -0.0143507 0.036018 0.0365084 -0.000472674 -0.00291573 -0.0160251 -0.05212 0.0205227 0.0554276 0.0429257 -0.0173 -0.0115656 0.0363138
internal_weight=44665.3 32624.8 12757.3 12040.5 19867.6 19334.2 4434.18 6652.18 2388.14 14900 14088.5 8787.86 4717.73 3252.6 6105.07 1826.04 533.361 8166.19 621.671 985.951 5119.12 4899.17 7908.16 2046.04 727.973 2891.69 811.503 7726.36 428.952 181.804
internal_count=1275127 836331 482397 438796 353934 331349 84004 371556 30759 247345 236871 115653 175789 323143 110841 35854 22585 91714 23939 42903 67938 64394 88604 53245 17552 139935 10474 81081 11483 7523
is_linear=0
shrinkage=0.08


Tree=54
num_leaves=31
num_cat=0
split_feature=9 8 5 1 0 8 3 5 1 1 2 3 4 4 0 8 4 5 0 3 3 8 2 5 1 3 5 5 8 4
split_gain=1398.6 949.914 960.865 839.171 738.761 430.823 458.204 297.853 273.706 235.579 306.822 288.637 210.714 196.718 193.106 188.442 114.804 109.09 88.3244 181.738 86.8944 86.5234 74.5232 71.4694 62.8177 61.1122 59.556 55.6761 46.1197 44.8785
threshold=1.0000000180025095e-35 1.0000000180025095e-35 0.44127789139747625 0.79388421773910534 0.54446640610694896 0.75000000000000011 0.88047617673873912 0.47769485414028173 0.4817046076059342 0.6832355558872224 0.25143678486347204 0.69920635223388683 8.5000000000000018 13.500000000000002 0.73097601532936107 0.75000000000000011 8.5000000000000018 0.97909381985664379 0.25158227980136877 0.42740046977996832 0.92718276381492626 0.75000000000000011 0.98529094457626354 0.26837453246116644 0.32466214895248419 0.96693986654281627 0.98369517922401439 0.99206298589706432 0.75000000000000011 5.5000000000000009
decision_type=2 2 2 2 2 2 2 2 2 2 2 2 2 2 2 2 2 2 2 2 2 2 2 2 2 2 2 2 2 2
left_child=3 2 -2 14 9 16 8 21 -7 10 15 -12 -8 29 18 -3 26 22 28 27 -18 23 25 -5 -21 -4 -6 -20 -1 -11
right_child=1 4 17 7 5 6 12 -9 -10 13 11 -13 -14 -15 -16 -17 20 -19 19 24 -22 -23 -24 -25 -26 -27 -28 -29 -30 -31
leaf_value=0.080183708825635552 -0.069434558981407463 0.098859303654766181 -0.020809939134596916 0.036363599157072816 -0.00025456160476957198 0.065180371558570385 0.053504680722314374 0.076808708269853809 0.0030589679391573592 0.084222090468121444 -0.038179448226106742 0.042555407213836396 0.0086880687167300002 -0.056196714823976195 0.058501516738125987 -0.0014799956256979028 -0.04715837223569655 0.037200304562260561 -0.042726830453212045 0.039828773167251953 -0.0060322466318205427 0.065391007615551777 0.034991306398627499 -0.0059449132939736055 0.0023572734731107125 -0.0051853452928386431 0.066227317335030844 0.03620622395116424 0.018561561489752243 0.021050480491125807
leaf_weight=83.582698876969516 2562.6100212410092 124.87149370647967 5484.644336914178 542.63175266887993 5963.5814240053296 488.71862293500453 2941.08487956319 2224.2517530843616 5743.249519799836 234.54291243944317 4771.1073301844299 295.39817551989108 884.02478092722595 109.68570263497531 436.62669571349397 1508.013806364499 615.35727732814848 258.30146978888661 727.60910472460091 320.75938472989947 725.12870881520212 308.14572976110503 179.84154223743826 466.35933125484735 2481.2258636029437 2310.7346312440932 82.451347551308572 56.089037708938122 883.84744774363935 119.80832517705858
leaf_count=1015 305613 1308 71427 13837 87482 4713 143413 232736 76774 2366 123698 4719 15882 2320 23759 20333 12434 3136 9506 3289 7421 17104 7786 10001 44229 15010 3172 272 8271 1497
internal_value=9.40724e-05 -0.0069098 -0.0266884 0.0291651 0.00176507 0.0106536 0.0214268 0.058926 0.00800461 -0.0198494 -0.0236868 -0.0334034 0.0432137 0.0348738 0.00797282 0.00637392 -0.00399743 -0.0133306 0.00303335 -0.00272231 -0.0251354 0.0284302 -0.0150095 0.0167178 0.00676716 -0.0162052 0.000679602 -0.036681 0.024435 0.0638987
internal_weight=43934.3 35403.2 10796.1 8531.13 24607 17443.6 10057.1 3541.39 6231.97 7163.43 6699.39 5066.51 3825.11 464.037 4989.74 1632.89 7386.52 8233.52 4553.11 3585.68 1340.49 1317.14 7975.22 1008.99 2801.99 7795.38 6046.03 783.698 967.43 354.351
internal_count=1274523 910504 402972 364019 507532 351291 240782 273678 81487 156241 150058 128417 159295 6183 90341 21641 110509 97359 66582 57296 19855 40942 94223 23838 47518 86437 90654 9778 9286 3863
is_linear=0
shrinkage=0.08


Tree=55
num_leaves=31
num_cat=0
split_feature=9 8 5 1 0 1 1 4 4 8 5 2 0 8 4 0 5 4 1 2 1 0 1 1 0 2 5 4 5 8
split_gain=1211.21 814.54 893.318 771.837 639.946 538.93 381.531 468.645 373.02 432.165 322.358 216.859 172.207 135.379 127.911 125.822 100.767 91.1373 87.4161 108.805 93.3276 83.8864 136.362 99.392 64.1282 62.7289 64.2392 50.1861 49.2168 43.5188
threshold=1.0000000180025095e-35 1.0000000180025095e-35 0.44127789139747625 0.77015754580497753 0.64630925655365001 0.62575301527977001 0.7320508360862733 4.5000000000000009 8.5000000000000018 0.75000000000000011 0.53073820471763622 0.17712418735027316 0.71503761410713207 0.75000000000000011 12.500000000000002 0.21680375933647159 0.81835731863975536 4.5000000000000009 0.95275297760963451 0.86512476205825817 0.84273937344551098 0.44170945882797247 0.48934240639209753 0.31010198593139654 0.2290398105978966 0.92768564820289623 1.0000000180025095e-35 16.500000000000004 0.66192114353179943 0.75000000000000011
decision_type=2 2 2 2 2 2 2 2 2 2 2 2 2 2 2 2 2 2 2 2 2 2 2 2 2 2 2 2 2 2
left_child=3 2 -2 12 6 -6 11 -8 9 -7 13 29 15 25 -13 -1 -10 18 20 -20 -4 23 -23 -17 -19 26 -5 -9 -26 -3
right_child=1 4 17 10 5 8 7 27 16 -11 -12 14 -14 -15 -16 21 -18 24 19 -21 -22 22 -24 -25 28 -27 -28 -29 -30 -31
leaf_value=0.035255727862675779 -0.067500982116027619 0.10643720358289599 0.0038717541594574701 0.026177999780500109 0.069200823163946004 -0.0016794899857004253 0.083506741126933848 -0.0031993948166226778 -0.0078105769732113818 0.030421254491016587 0.077813117431921902 -0.02776660463919231 0.056033881621348994 0.067100645670515088 -0.0062472801693766126 0.0025940131956539935 -0.043656475965784862 0.043988983731152807 0.073566065271209666 0.0043933233948242291 -0.024421728261178614 0.043556013464906014 -0.0046877167412608988 -0.033546456953568622 -0.036613563769996728 0.041792915844186443 -0.019873503922006569 -0.05508844577612737 -0.016527821109742071 0.024864196957007267
leaf_weight=624.20980977732688 2418.3143767127767 44.495599132962525 1395.2734521888196 348.19338688068092 1008.7992900377139 5259.8729734383523 545.72050427831709 550.60175617225468 1297.1517446869984 5456.089695231989 1956.8909747013822 6257.1070615742356 410.79548526229337 419.49162748362869 2497.1414087023586 984.36344916280359 831.24073810502887 89.738648017402738 166.62887149536982 1006.1758337812498 1575.4772874880582 514.40509673580527 1329.9835489192046 943.28224830608815 1114.300204642117 344.41801118617877 424.13926235912368 150.4107998656109 2855.3730892557651 420.00087223947048
leaf_count=6043 306092 312 21097 7691 14911 74548 7843 7856 15523 186857 224067 130249 22321 28366 51301 10052 11609 1151 1259 15035 10099 7562 26044 12394 33846 11090 8970 2573 14899 4083
internal_value=0.000193278 -0.00632964 -0.0248077 0.0276583 0.00173762 0.0130211 -0.0131822 0.0282248 0.00857109 0.0146564 0.0562543 -0.0188116 0.00680834 0.0285252 -0.0216536 0.0021138 -0.0219546 -0.0121684 -0.00376709 0.0146276 -0.0110952 -0.00336769 0.00876246 -0.0150494 -0.0206893 0.0136578 0.000717062 -0.0148707 -0.0222452 0.0340694
internal_weight=43240.1 34939.9 10621.3 8300.17 24318.6 13853.2 10465.5 1246.73 12844.4 10716 3493.13 9218.74 4807.04 1536.24 8754.25 4396.24 2128.39 8202.97 4143.56 1172.8 2970.75 3772.03 1844.39 1927.65 4059.41 1116.75 772.333 701.013 3969.67 464.496
internal_count=1275743 911143 403478 364600 507665 303448 204217 18272 288537 261405 280184 185945 84416 56117 181550 62095 27132 97386 47490 16294 31196 56052 33606 22446 49896 27751 16661 10429 48745 4395
is_linear=0
shrinkage=0.08


Tree=56
num_leaves=31
num_cat=0
split_feature=6 8 9 0 6 0 0 5 6 9 3 1 3 1 9 5 1 6 8 0 3 1 8 3 0 6 8 5 6 6
split_gain=1610.4 883.122 700.983 694.509 577.712 542.162 368.568 266.242 262.485 172.845 150.633 144.703 141.314 113.514 109.485 109.076 103.653 101.324 91.9059 85.875 79.0784 77.3102 73.5596 72.2896 78.6515 72.0666 74.1765 66.0339 61.1622 57.3498
threshold=0.76216787099838268 1.0000000180025095e-35 1.0000000180025095e-35 0.60495716333389293 0.54246303439140331 0.45035210251808172 0.93957647681236278 0.60567402839660656 0.98031464219093334 1.0000000180025095e-35 0.95861870050430309 0.25844402611255651 0.86319074034690868 0.92031747102737438 1.0000000180025095e-35 0.43854957818984991 0.94360822439193737 0.45954339206218725 0.75000000000000011 0.6569296419620515 0.53093111515045177 0.6832355558872224 1.0000000180025095e-35 0.9529346525669099 0.9569842815399171 0.95217302441596996 1.0000000180025095e-35 0.58701059222221386 0.98494350910186779 0.44124551117420202
decision_type=2 2 2 2 2 2 2 2 2 2 2 2 2 2 2 2 2 2 2 2 2 2 2 2 2 2 2 2 2 2
left_child=1 4 3 21 14 11 7 25 10 13 -9 18 -10 -7 -1 -6 -11 -18 -3 -17 -13 27 23 -8 -25 26 -4 -2 -29 -15
right_child=2 5 6 -5 15 9 22 8 12 16 -12 20 -14 29 -16 19 17 -19 -20 -21 -22 -23 -24 24 -26 -27 -28 28 -30 -31
leaf_value=-0.032338612320026681 0.042904664687494848 0.10186825065898196 0.0020885414471427835 0.075940411327175994 0.046181971981582602 0.0057642890170168824 0.074891465439530028 -0.0086227858864666891 0.011621555531539176 -0.0127501364225145 0.011621796844730274 -0.064872707469572605 0.050944681193405852 0.026044318443609132 -0.076912476874367572 -0.044361276810272132 -0.00024444234534908439 0.040567643982645944 -0.01871911926328422 -0.0032079588319357745 -0.016797138917334749 0.063072131219793423 0.066429744523532466 -0.041080890974685515 0.042383130844105471 0.058928546797322311 0.033396278138648032 -0.0035047300812839776 0.036218740392431704 0.071947482382590341
leaf_weight=438.53089351765811 296.12255457043648 38.466504853218794 771.41521892510355 2042.6531161805615 185.64790010266006 1459.8769400678575 112.7848896374926 10897.050550984219 2547.4945597499609 5246.5229754261672 2989.3710778802633 1324.5759437112138 763.34677803888917 491.89211216941476 2482.2975363475271 507.32740456238389 2694.0578308403492 448.61159427091479 542.2671877797693 913.51317500229925 278.57185412943363 173.30367980804294 726.29921406880021 141.28004737570882 137.79196192789823 414.32371170725673 1353.2787443259731 1621.5738123189658 287.02844878379256 290.37038319697604
leaf_count=10795 2428 875 3682 242303 2882 21770 1338 108386 32287 96937 42756 73855 36405 11715 344041 13321 24173 9120 18873 9836 10482 12245 71961 854 5642 6187 18698 12914 3055 25305
internal_value=-3.21324e-05 -0.0188067 0.0128449 0.0417701 -0.0491662 -0.00805384 0.00669711 0.0041504 0.000567429 -0.000573421 -0.00425054 -0.0443116 0.0207993 0.019116 -0.0703416 -0.0104683 -0.00586304 0.00558578 -0.00965712 -0.0181185 -0.0566965 0.0122541 0.0512874 0.0223348 0 0.0283069 0.0221361 0.00805338 0.00246457 0.0436352
internal_weight=42617.6 17342.5 25275.1 4420.68 4527.32 12815.2 20854.4 19736.3 17197.3 10631.3 13886.4 2183.88 3310.84 2242.14 2920.83 1606.49 8389.19 3142.67 580.734 1420.84 1603.15 2378.03 1118.16 391.857 279.072 2539.02 2124.69 2204.72 1908.6 782.262
internal_count=1275121 673980 601141 272945 380875 293105 328196 248401 219834 189020 151142 104085 68692 58790 354836 26039 130230 33293 19748 23157 84337 30642 79795 7834 6496 28567 22380 18397 15969 37020
is_linear=0
shrinkage=0.08


Tree=57
num_leaves=31
num_cat=0
split_feature=6 6 2 6 9 1 0 6 9 4 3 1 3 3 4 3 4 3 1 0 3 0 1 0 9 9 2 4 0 2
split_gain=1313.26 966.337 910.008 705.809 583.498 695.726 342.906 250.933 161.216 160.572 237.36 224.789 144.189 128.149 107.127 86.6446 81.3877 105.919 69.1984 56.7076 53.3441 139.763 84.1367 51.7897 50.7278 45.9954 42.8344 32.0425 39.8648 31.0536
threshold=0.61583185195922863 1.0000000180025095e-35 0.9833287000656129 0.42689777910709387 1.0000000180025095e-35 0.7320508360862733 0.45923791825771337 0.98310789465904247 1.0000000180025095e-35 4.5000000000000009 0.45534290373325353 0.69614070653915416 0.89943820238113414 0.79431909322738659 6.5000000000000009 0.42740046977996832 2.5000000000000004 0.87026646733284008 0.65142410993576061 0.2014492750167847 0.89512962102890026 0.92232277989387523 0.82793453335762035 0.66969698667526256 1.0000000180025095e-35 1.0000000180025095e-35 0.87827673554420482 6.5000000000000009 0.72046512365341198 0.85145786404609691
decision_type=2 2 2 2 2 2 2 2 2 2 2 2 2 2 2 2 2 2 2 2 2 2 2 2 2 2 2 2 2 2
left_child=1 16 4 8 5 13 25 9 26 10 -6 -11 15 19 24 -9 20 27 -16 -2 22 -22 23 -1 -8 -5 -3 28 -18 -23
right_child=2 3 -4 6 7 -7 14 12 -10 11 -12 -13 -14 -15 18 -17 17 -19 -20 -21 21 29 -24 -25 -26 -27 -28 -29 -30 -31
leaf_value=0.035507288530176651 0.033066693248718707 -0.042498666660006484 0.077438983057895566 -0.028317254275647664 -0.043504476140977397 0.076034207955558555 0.027269862262233983 -0.01381570062453976 -0.076844387455594534 0.0031275005317239254 0.0094520802983161997 -0.019564107110675362 0.05604361619009425 0.070030322211399071 0.0015919618767752748 0.021217522954892203 0.0042236427726871787 0.0041799756976184004 -0.042747991424618194 0.0026965218877336569 -0.048234588600322051 0.048854475687766269 0.055438480832808522 -0.017221662388152242 -0.00091599750657064241 -0.069426775296212745 0.0055457583300250147 -0.044293874093014073 -0.041568679646619637 0.011216058083724275
leaf_weight=209.76195698976517 457.86011168546975 470.19035353045911 1205.6780016804114 265.77941141929477 574.04744379315525 1540.7748026917689 588.00602882169187 571.67626521736383 2654.2126605194062 5446.2875334993005 8244.3379192650318 5707.5102515900508 634.54255561064929 217.82787909870967 361.98077511368319 2023.9459082689136 303.70771620050073 2376.0206907968968 561.89822467975318 2747.0136028407142 252.15022751502693 164.31040411815047 431.07839582115412 259.68981939554214 1281.016712017823 694.60182113666087 149.42629004828632 414.45997148938477 191.43030464276671 1007.3576152082533
leaf_count=2349 3864 10663 145906 11214 11398 185055 9333 3672 356343 62220 114305 53534 36493 18284 16245 31114 3807 15788 17914 30967 1580 1241 3195 1599 44285 62489 2290 6421 1199 10155
internal_value=0.000229672 -0.0213258 0.0095114 -0.0410829 0.00658475 0.0314669 -0.0173098 0.0012494 -0.0682207 -0.00209084 0.00596395 -0.00847325 0.0219229 0.011276 -0.00303668 0.0134283 0.00340822 -0.0046582 -0.0252881 0.00712991 0.0148649 0.00505501 0.0300849 0.00612753 0.00791517 -0.0584213 -0.0307045 -0.0278166 -0.0133993 0.0168155
internal_weight=42008.6 12637.1 29371.5 7027.11 28165.8 4963.48 3753.28 23202.3 3273.83 19972.2 8818.39 11153.8 3230.16 3422.7 2792.9 2595.62 5609.97 3285.62 923.879 3204.87 2324.35 1423.82 900.53 469.452 1869.02 960.381 619.617 909.598 495.138 1171.67
internal_count=1274922 578110 696812 530776 550906 238170 161480 312736 369296 241457 125703 115754 71279 53115 87777 34786 47334 27215 34159 34831 20119 12976 7143 3948 53618 73703 12953 11427 5006 11396
is_linear=0
shrinkage=0.08


Tree=58
num_leaves=31
num_cat=0
split_feature=8 3 8 5 3 0 4 1 0 1 0 0 9 8 4 9 0 0 9 1 5 9 4 0 3 1 3 0 5 5
split_gain=860.582 870.165 815.874 651.033 259.492 389.026 301.109 391.423 391.709 345.988 335.921 320.203 227.863 203.497 160.701 156.34 156.152 133.146 125.963 122.325 95.2471 93.2424 84.0607 111.658 142.053 105.004 151.434 104.6 82.1426 70.8087
threshold=1.0000000180025095e-35 0.86319074034690868 0.75000000000000011 0.42978830635547643 0.42740046977996832 0.28743545711040502 3.5000000000000004 0.83910790085792553 0.71819767355918895 0.73746865987777721 0.68108487129211437 0.71503761410713207 1.0000000180025095e-35 0.75000000000000011 8.5000000000000018 1.0000000180025095e-35 0.18350168317556384 0.74210175871849071 1.0000000180025095e-35 0.70659971237182628 0.67576888203620922 1.0000000180025095e-35 5.5000000000000009 0.83414238691329967 0.91458967328071605 0.94932374358177196 0.90054944157600414 0.89871358871459972 0.45341086387634283 0.26837453246116644
decision_type=2 2 2 2 2 2 2 2 2 2 2 2 2 2 2 2 2 2 2 2 2 2 2 2 2 2 2 2 2 2
left_child=3 4 21 15 5 13 9 10 -9 17 -8 -11 -4 -2 -14 -1 -15 -6 20 -16 -5 28 25 24 -24 26 -20 -27 29 -3
right_child=1 2 12 18 6 -7 7 8 -10 11 -12 -13 14 16 19 -17 -18 -19 22 -21 -22 -23 23 -25 -26 27 -28 -29 -30 -31
leaf_value=-0.0096459842069617548 0.08097609608467457 0.030673626248332975 0.077114828820423281 -0.0021814685807659434 -0.0058858499150375703 -0.05587619268615325 -0.0094149685952662193 0.011426682036490639 -0.094607529233727769 0.070416989770966096 0.02956481937795347 0.013143818416651696 0.047799581355182572 0.023656184030198046 0.076233320838489438 -0.067196898541557484 -0.020843782807382302 0.058749669560539605 0.00037182152783139197 -0.0013330644708202106 0.063053290674782381 -0.00014341327635559333 -0.030411654568656746 -0.051064354364618765 0.0073849800929087096 0.03635275675209379 -0.034200014310488018 -0.005556346837499144 0.072513348552733087 -0.030017536443696945
leaf_weight=370.76164520718157 165.60822704806924 433.78737292345613 1305.9461179645732 311.93445071065798 2957.2986223986372 1358.4195484216325 7050.0304405437782 348.0090537047945 598.7653923779726 1107.4219440207817 1764.3966427841224 1451.2204711386003 2871.7982625309378 676.40375556051731 147.76427711360157 1857.5756933917291 1921.9841251089238 213.92968918848783 2062.0015558535233 852.32398101501167 252.49225650075823 4813.9237138368189 1473.0892159836367 664.63540303707123 1104.9498531757854 649.02549042040482 1321.8027797029354 898.39133402705193 204.61105083627626 164.16725547984242
leaf_count=10726 2149 12434 187887 7465 47564 41586 122223 6421 8103 30261 29841 41252 150927 6545 2480 292686 33483 5031 31525 14975 17189 64499 35984 4173 9054 5881 9362 14081 26197 2782
internal_value=3.0058e-05 0.00696299 0.0252012 -0.0191731 -0.00307015 -0.0208978 0.00166894 -0.00686429 -0.0556088 0.0162271 -0.00158185 0.038084 0.0480945 -0.00357929 0.0381782 -0.057736 -0.00917505 -0.00138957 -0.00929354 0.0102905 0.0270173 0.00404336 -0.0118354 -0.021846 -0.0141671 -0.0052048 -0.0131162 0.0119788 0.0291999 0.0136349
internal_weight=41374.5 30407.8 10794.3 10966.7 19613.5 4122.42 15491.1 9761.2 946.774 5729.87 8814.43 2558.64 5177.83 2764 3871.89 2228.34 2598.39 3171.23 8738.32 1000.09 564.427 5616.49 8173.9 3242.67 2578.04 4931.22 3383.8 1547.42 802.566 597.955
internal_count=1274766 836640 462181 438126 374459 83763 290696 166588 14524 124108 152064 71513 356269 42177 168382 303412 40028 52595 134714 17455 24654 105912 110060 49211 45038 60849 40887 19962 41413 15216
is_linear=0
shrinkage=0.08


Tree=59
num_leaves=31
num_cat=0
split_feature=6 5 2 6 9 3 5 6 5 5 2 3 3 9 1 5 5 3 3 1 3 9 5 6 5 4 3 3 5 6
split_gain=1129.04 932.36 806.757 553.932 509.001 629.627 296.251 238.636 244.632 189.735 169.696 162.674 144.344 132.7 125.088 95.5877 76.8938 75.9336 66.1547 66.0659 115.482 56.6392 55.8118 43.6965 38.5044 32.1694 41.3419 31.9651 31.5186 27.4413
threshold=0.5867464840412141 0.25819891691207891 0.9833287000656129 0.43533413112163549 1.0000000180025095e-35 0.79431909322738659 0.38266237080097204 0.95217302441596996 0.48662948608398443 0.81835731863975536 0.69416099786758434 0.81120249629020702 0.94665718078613292 1.0000000180025095e-35 0.7320508360862733 0.39917013049125677 0.60039526224136364 0.50333333015441906 0.86319074034690868 0.65895724296569835 0.79431909322738659 1.0000000180025095e-35 0.38414336740970617 0.3869446069002152 0.34217563271522528 1.0000000180025095e-35 0.88493064045906078 0.35767590999603277 0.32019416987895971 0.37850958108901983
decision_type=2 2 2 2 2 2 2 2 2 2 2 2 2 2 2 2 2 2 2 2 2 2 2 2 2 2 2 2 2 2
left_child=1 19 4 13 5 14 17 8 22 27 18 -10 -11 23 15 -2 -12 -5 -8 20 29 -21 -6 -3 -19 26 -23 -9 -25 -1
right_child=2 3 -4 6 7 -7 10 9 11 12 16 -13 -14 -15 -16 -17 -18 24 -20 21 -22 25 -24 28 -26 -27 -28 -29 -30 -31
leaf_value=-0.048462027889844016 0.08351872885570126 -0.049711526613742001 0.075329162263021415 -0.029899487713643504 0.070205195596691944 0.075645241672813612 -0.049839037985008029 -0.00063423418120114373 -0.015019780429073204 0.00076573632600618964 -0.0072440353343545209 0.0014561585458860945 0.032636764051922167 -0.076161638862653661 0.065013699410207501 0.0046432297618441802 0.0829363135020659 0.09194949746516326 0.010498762670893723 0.027112093171456367 0.041602310966947914 0.050210895684238831 0.021692658484357249 0.072427237730799301 0.034507606174960022 -0.0017873004279909102 0.0063096522850742695 0.046839344840091716 -0.015791145704111605 0.076582852569951509
leaf_weight=403.27249532192945 96.899179162457585 368.32416245341301 1107.3861323562451 67.839745369274169 176.60897779185325 1352.8906592526473 1397.1430246667005 91.721425451338291 7936.4744161656126 4366.8925881860778 799.2659428990446 7384.828162859194 1147.5266676805913 2391.7724919407628 254.37666170345619 3179.4054571948946 60.419353780336678 140.83360115904361 120.41417161608115 627.12460966501385 122.14992897352204 169.70733871171251 1171.3619961412624 24.470720364712179 202.50392590556294 3644.1563695226796 709.30615279171616 1074.3093937770464 199.11122738011181 6.2623432208783916
leaf_count=11231 1191 8921 147220 5726 2342 187121 86533 493 95103 57909 21007 96650 39583 359858 18860 35286 996 4420 3803 15017 1169 1048 15681 356 8054 22997 4663 17980 3656 369
internal_value=0.000171003 -0.0211204 0.00849044 -0.0437525 0.0058503 0.029325 -0.0179899 0.000928512 -0.0041843 0.0137037 -0.0288826 -0.0070701 0.0074505 -0.0677053 0.0114488 0.0071485 -0.000278125 0.0441925 -0.0449276 0.00186071 -0.0248069 0.00466614 0.0284029 -0.032915 0.0595106 0.00149224 0.0152025 0.0429816 -0.00406273 -0.0452633
internal_weight=40794.8 11454.1 29340.7 5772.1 28233.3 4883.57 2788.42 23349.7 16669.3 6680.45 2377.24 15321.3 5514.42 2983.68 3530.68 3276.3 859.685 411.177 1517.56 5681.98 531.685 5150.29 1347.97 591.906 343.338 4523.17 879.013 1166.03 223.582 409.535
internal_count=1275243 559824 715419 503330 568199 242458 130539 325741 209776 115965 112339 191753 97492 372791 55337 36477 22003 18200 90336 56494 12769 43725 18023 12933 12474 28708 5711 18473 4012 11600
is_linear=0
shrinkage=0.08


Tree=60
num_leaves=31
num_cat=0
split_feature=6 2 8 6 3 9 2 5 5 2 8 2 4 9 2 3 6 5 5 6 3 5 3 1 5 2 5 6 3 1
split_gain=988.832 639.679 634.974 498.582 404.865 380.969 507.629 252.801 185.669 165.531 212.6 158.494 135.148 132.123 126.365 117.016 115.36 113.565 84.889 84.3609 73.4721 67.6418 61.7871 59.7115 58.5124 54.2931 41.9992 40.146 34.2017 33.6374
threshold=0.76675301790237438 0.9833287000656129 1.0000000180025095e-35 0.54246303439140331 0.49151568114757543 1.0000000180025095e-35 0.56992483139038097 0.67576888203620922 0.99206298589706432 0.73986300826072704 0.75000000000000011 0.24440020322799685 4.5000000000000009 1.0000000180025095e-35 0.54011154174804699 0.89943820238113414 0.48579499125480657 0.48662948608398443 0.45341086387634283 0.94715359807014476 0.79431909322738659 0.61024904251098644 0.83424907922744762 0.83910790085792553 1.0000000180025095e-35 0.92637759447097789 0.62128567695617687 0.57347798347473156 0.42740046977996832 0.62575301527977001
decision_type=2 2 2 2 2 2 2 2 2 2 2 2 2 2 2 2 2 2 2 2 2 2 2 2 2 2 2 2 2 2
left_child=2 5 3 13 11 6 20 19 12 15 24 27 -9 25 -10 17 -17 -6 -5 23 21 -2 -20 -7 -11 -1 -24 -4 -21 -13
right_child=1 -3 4 18 9 7 -8 8 14 10 -12 29 -14 -15 -16 16 -18 -19 22 28 -22 -23 26 -25 -26 -27 -28 -29 -30 -31
leaf_value=-0.038173578092794293 0.039451469221173922 0.078544238734543248 -0.041415912731547683 0.037427149608479378 -0.004967469713958954 0.026020415648287554 0.073355454872296472 0.0056773877081113724 0.0046954850943234398 0.0066835339222743317 0.045626383649182874 -0.059854817719154407 -0.0096068957777082041 -0.075180967078452496 0.059262329613365784 0.00036511141472701011 0.067181850899705048 -0.030996026958049618 -0.033304413599562432 0.0033250360016178438 0.070379217022647683 0.00053721831748211027 -0.022603364395730598 0.0018537806378874978 -0.017769635196289667 0.034554960506038082 0.016372369733989117 0.012738170559336202 0.054953543418407476 0.089019630912011163
leaf_weight=341.66158041357994 334.007334346883 850.83792686229572 115.04188794642687 217.64211276266724 2619.3508467897773 1711.3098756186664 1240.408301233314 6595.0636734399013 572.21758383698761 3674.0488610491157 873.97103975713253 1162.8348320960067 8409.1578776016831 1928.1245082505047 525.93202917091548 812.65301351249218 204.24062954587862 1836.2460741638206 658.63296862039715 103.28421591967344 117.73886424675584 1882.5087318262085 293.32785505242646 1082.9642891474068 747.86399659421295 74.66277014836669 429.37175843352452 316.68294665683061 609.05332817975432 4.7230858677066854
leaf_count=9465 2971 131398 8176 3416 72809 15196 172749 108461 4625 28692 37007 72947 81555 343728 22984 9504 5144 28258 15059 624 14370 16607 3340 14983 28008 1252 4807 6241 10442 71
internal_value=0.000278468 0.0105991 -0.0149179 -0.0428564 -0.00598301 0.00808224 0.032088 0.00369084 -0.000540636 -0.000382126 0.0096805 -0.0434767 -0.00287842 -0.0663197 0.0311241 -0.0101492 0.0142047 -0.015753 -0.00825485 0.0231405 0.00998036 0.00654883 -0.0156769 0.0167315 0.00249631 -0.0244955 0.000286494 -0.00163488 0.0477662 -0.0587391
internal_weight=40345.6 24034.5 16311.1 3943.42 12367.7 23183.6 3574.66 19609 16102.4 10768.4 5295.88 1599.28 15004.2 2344.45 1098.15 5472.49 1016.89 4455.6 1598.97 3506.61 2334.25 2216.52 1381.33 2794.27 4421.91 416.324 722.7 431.725 712.338 1167.56
internal_count=1274889 596965 677924 381067 296857 465567 206697 258870 217625 209422 93707 87435 190016 354445 27609 115715 14648 101067 26622 41245 33948 19578 23206 30179 56700 10717 8147 14417 11066 73018
is_linear=0
shrinkage=0.08


Tree=61
num_leaves=31
num_cat=0
split_feature=6 2 8 6 9 0 0 5 6 0 1 0 9 1 6 5 1 3 0 3 0 1 6 1 1 1 8 9 2 5
split_gain=894.412 598.796 596.931 453.335 352.6 499.536 348.299 215.68 159.563 188.19 143.249 141.866 135.938 115.937 163.094 124.008 104.28 115.725 94.3777 83.369 71.9164 71.8799 67.7378 65.7363 65.1966 64.0941 53.1449 44.4319 38.5656 38.1696
threshold=0.76216787099838268 0.98610842227935802 1.0000000180025095e-35 0.55433616042137157 1.0000000180025095e-35 0.63224515318870556 0.45035210251808172 0.61577314138412487 0.99061012268066417 0.62258651852607738 0.78830561041831981 0.2290398105978966 1.0000000180025095e-35 0.9404677450656892 0.44124551117420202 0.30198507010936743 0.46247655153274542 0.71834936738014232 0.87827673554420482 0.55351883172988903 0.6569296419620515 0.60640108585357677 0.94715359807014476 0.71516755223274242 0.87428161501884472 0.58885449171066295 0.75000000000000011 1.0000000180025095e-35 0.83899769186973583 0.49324201047420507
decision_type=2 2 2 2 2 2 2 2 2 2 2 2 2 2 2 2 2 2 2 2 2 2 2 2 2 2 2 2 2 2
left_child=2 4 3 12 5 23 11 22 10 -10 -9 -4 28 16 15 -15 17 -8 -18 25 29 -22 24 26 -6 -13 -2 -21 -1 -5
right_child=1 -3 6 20 7 -7 13 8 9 -11 -12 19 -14 14 -16 -17 18 -19 -20 27 21 -23 -24 -25 -26 -27 -28 -29 -30 -31
leaf_value=-0.040874989318657455 0.045598258154083159 0.078495788132954186 0.0070032366292239953 0.010933358752741046 0.028618036727208775 0.074752970949198347 0.0093951796907155716 0.0051888670851518073 -0.00040139891347000897 0.044429558964841569 -0.010694833237203636 -0.05747326886965589 -0.074615237734032003 0.0081274040385300034 0.047658800418828917 -0.050491602344649923 -0.013048360952426742 0.11544553623604202 0.016895567801311646 0.046749804262825968 0.10583661982817842 0 0.051640474023492935 0.064823819672119976 0 0.085613875167480619 0.0025553013262741208 -0.02814767068490176 0.0085370992677517351 -0.043369430798093592
leaf_weight=279.27378562651575 198.1738893436268 779.23600148083642 363.95887080300599 96.206263518892229 1393.4661234263331 1119.3198719890788 303.01362733915448 6801.2256066668779 1382.4470661114901 1043.3540469524451 7773.2218416659161 1316.9779974287376 1838.7991328807548 2818.1310548204929 639.05674837995321 246.20130152534693 5332.8759681805968 81.076030656229705 762.23481076862663 74.361446272116154 37.828760962933302 938.56925146188587 478.54897489026189 127.22753595886752 806.34752829745412 15.223245188128201 2040.8186321915127 135.02368333376944 147.22744647599757 403.39570820191875
leaf_count=8277 3388 130247 11247 2200 12652 173489 10039 60774 10892 48768 109640 84384 345792 24298 32800 10645 97361 1290 12455 851 384 10280 7612 14135 11309 330 18083 7216 2636 10972
internal_value=-2.81916e-05 0.00972159 -0.0147841 -0.0426935 0.00738469 0.0308233 -0.00611875 0.00321828 -9.93339e-05 0.0188666 -0.00327243 -0.0374628 -0.0651436 -0.000221896 0.0110442 0.003291 -0.0066896 0.033388 -0.00926666 -0.0480531 -0.00802648 0.00448151 0.0242966 0.0098614 0.018172 -0.0554045 0.00652946 -0.000332152 -0.023546 -0.0325908
internal_weight=39772.8 23943.4 15829.4 3741.3 23164.2 3485.54 12088.1 19678.6 17000.2 2425.8 14574.4 1905.55 2265.3 10182.6 3703.39 3064.33 6479.2 384.09 6095.11 1541.59 1476 976.398 2678.36 2366.22 2199.81 1332.2 2238.99 209.385 426.501 499.602
internal_count=1274446 600989 673457 380541 470742 209095 292916 261647 230074 59660 170414 104028 356705 188888 67743 34943 121145 11329 109816 92781 23836 10664 31573 35606 23961 84714 21471 8067 10913 13172
is_linear=0
shrinkage=0.08


Tree=62
num_leaves=31
num_cat=0
split_feature=6 8 6 0 0 9 0 5 6 9 3 9 7 9 5 1 1 1 6 1 1 5 0 5 5 8 0 6 0 1
split_gain=796.658 537.316 445.139 404.196 326.993 307.485 458.627 195.039 151.679 129.3 116.454 109.301 105.814 92.5919 83.3286 81.7454 64.4327 64.3754 63.2669 60.6292 60.2442 59.5857 59.1128 58.629 57.2955 52.7276 46.8966 46.7048 43.4334 42.9819
threshold=0.76675301790237438 1.0000000180025095e-35 0.48579499125480657 0.96039214730262767 0.45923791825771337 1.0000000180025095e-35 0.63224515318870556 0.62602058053016674 0.98494350910186779 1.0000000180025095e-35 0.86319074034690868 1.0000000180025095e-35 1.0000000180025095e-35 1.0000000180025095e-35 0.41941523551940924 0.92031747102737438 0.7320508360862733 0.4817046076059342 0.95217302441596996 0.2014492750167847 0.94185259938240062 0.60039526224136364 0.6569296419620515 0.58701059222221386 0.48662948608398443 1.0000000180025095e-35 0.24068965017795566 0.49629549682140356 0.423303171992302 0.64051282405853283
decision_type=2 2 2 2 2 2 2 2 2 2 2 2 2 2 2 2 2 2 2 2 2 2 2 2 2 2 2 2 2 2
left_child=1 2 13 5 9 6 16 18 12 -3 -10 15 -9 -1 -4 17 21 -6 25 -11 24 -2 26 -22 -13 -7 -16 -17 -20 -24
right_child=3 4 14 -5 11 7 -8 8 10 19 -12 20 -14 -15 22 27 -18 -19 28 -21 23 -23 29 -25 -26 -27 -28 -29 -30 -31
leaf_value=-0.028256259577583799 0.03853586081347133 -0.0075078776492009183 0.034654763125398363 0.068035999321305177 0.052700245138717697 0.0017384426242612286 0.074097150338311268 -0.0043003713907186977 0.0088666190303148696 0.001789923554652064 0.049533895593227753 -0.0038744019671546094 0.038033926417843637 -0.077687379777832272 0.048614895914383553 0.025406804706501557 0.066590303411420332 -0.0010241648404030184 0.0065050365422279445 -0.056703124557869994 0.0016233686489341066 0.0012286045474765269 0.058585871819158683 0.047382034639720655 -0.02240074813442355 0.026829577014632022 -0.045892957777610335 0.07397752363841803 0.065014674565526814 -0.011818031685839019
leaf_weight=312.11000718548894 317.44099230645224 684.07427478861064 200.74052147287875 721.15483719529584 155.8082972872071 866.05082261376083 1028.7239588941447 13627.35202505393 2187.5313929049298 119.67694582417607 569.02731609065086 3475.0369450016879 383.0779644716531 1481.5714078778401 30.235129121225327 487.39303277619183 117.49391630059108 1225.3372612432577 116.43391693010926 1140.7791617019102 2868.8660345990211 1896.2813485567458 53.156900950707495 186.96191908419132 1558.2766525573097 1468.152707173489 532.4401932824403 181.41339488374069 336.0163556500338 1023.9135629418306
leaf_count=10156 3221 16236 5072 123973 1773 4189 172627 155550 29587 4757 37852 74330 7205 328770 1143 12386 14950 20266 682 86717 27764 18437 700 6076 20381 21696 20786 25762 7111 14989
internal_value=-3.35224e-05 -0.0139929 -0.0409496 0.00924412 -0.00585883 0.00737235 0.0297165 0.00351811 0.000248635 -0.0358648 0.0173939 -7.35043e-05 -0.00311828 -0.0692775 -0.0131426 0.0163873 0.00994701 0.00508934 0.0230972 -0.0510378 -0.00427232 0.00672525 -0.0191788 0.00454808 -0.00965832 0.0176121 -0.0401493 0.0392702 0.0505432 -0.00794085
internal_weight=39352.5 15717.8 3634.17 23634.7 12083.6 22913.6 3359.94 19553.6 16767 1944.53 2756.56 10139.1 14010.4 1793.68 1840.49 2049.95 2331.22 1381.15 2786.65 1260.46 8089.14 2213.72 1639.75 3055.83 5033.31 2334.2 562.675 668.806 452.45 1077.07
internal_count=1275144 678064 381616 597080 296448 473107 209235 263872 230194 107710 67439 188738 162755 338926 42690 60187 36608 22039 33678 91474 128551 21658 37618 33840 94711 25885 21929 38148 7793 15689
is_linear=0
shrinkage=0.08


Tree=63
num_leaves=31
num_cat=0
split_feature=6 8 0 9 1 0 5 6 5 9 8 0 5 6 6 5 5 8 5 6 5 4 8 9 5 0 9 0 4 1
split_gain=690.196 782.36 442.956 318.501 514.192 267.495 186.976 268.108 120.993 112.979 107.719 103.574 102.335 352.312 196.093 110.361 92.6754 86.3632 80.5183 51.5071 50.1778 43.7273 42.9123 34.2859 27.1656 25.0808 24.1871 20.2636 19.7757 96.4412
threshold=0.56727004051208507 1.0000000180025095e-35 0.94360822439193737 1.0000000180025095e-35 0.75582656264305126 0.46402691304683691 0.49324201047420507 0.89326858520507824 0.74705719947814953 1.0000000180025095e-35 0.75000000000000011 0.6569296419620515 0.30803118646144872 0.41103501617908483 0.36328536272048956 0.36400441825389868 0.39441493153572088 1.0000000180025095e-35 0.37527292966842657 0.48579499125480657 0.26837453246116644 1.0000000180025095e-35 1.0000000180025095e-35 1.0000000180025095e-35 0.41743351519107824 0.92907443642616283 1.0000000180025095e-35 0.45035210251808172 1.5000000000000002 0.99565216898918163
decision_type=2 2 2 2 2 2 2 2 2 2 2 2 2 2 2 2 2 2 2 2 2 2 2 2 2 2 2 2 2 2
left_child=1 9 3 4 10 23 18 11 -9 25 22 -8 14 26 20 -15 -12 21 -5 -11 -7 -4 -2 -3 -21 -1 -14 -20 -23 -30
right_child=2 5 17 6 -6 12 7 8 -10 19 16 -13 13 15 -16 -17 -18 -19 27 24 -22 28 -24 -25 -26 -27 -28 -29 29 -31
leaf_value=-0.032915030197247702 0.015749435853575165 -0.024161749881382637 0.050164935588370152 0.081817159362544273 0.073713680714864172 0.0026610377675562809 -0.022149339987620469 0.023886570940261188 0.0024650949733816627 -0.077443537209265736 0.082718488891204617 -0.0042826820929590557 -0.037335454678959573 0.076682159305131489 0.12919987508212188 0 0.0012032322069409128 0.066656514877202713 0.00059099295084387199 0.017262884525196833 -0.053435114113663112 -0.028051267182284595 0.068015224382606182 -0.065446878531607119 -0.048121514880984852 0.015193801798209536 -0.072798507685093578 0.025534467644197197 0.067793644014804144 -0.066487775642978655
leaf_weight=347.33107324875891 189.52612659148872 204.49546125810593 183.65671519096941 152.90950467810035 1017.0645412744489 5427.6866035736166 3879.0432942220941 1994.7849091812968 10983.368497980759 1371.2933363241609 87.222839234862477 4527.2978665260598 218.96190924197435 131.01766186626628 73.217982369475067 1020.3677146062255 2969.5687069930136 871.27587213064544 271.22997227730229 41.872509471140802 98.842471277806908 98.532463904935867 246.57960015814751 489.60046071605757 246.5731266872026 78.17729430925101 490.09606964699924 1141.6074589523487 87.414863156620413 48.78834222164005
leaf_count=9710 3760 9994 9832 2285 173856 46065 71603 26506 157521 328608 1496 47595 1860 2709 1477 23600 47797 151611 7706 3044 5435 4061 6951 55171 16690 1313 42150 12997 1436 461
internal_value=0.00016203 -0.017664 0.00651847 0.00435532 0.0237793 -0.00644472 0.00052698 -0.00142238 0.0057779 -0.0613397 0.00910906 -0.0125544 -0.00198689 -0.0182295 0.00339239 0.00899178 0.00371274 0.052259 0.0271724 -0.0708111 0.00158143 0.0214662 0.0460999 -0.0537721 -0.0379523 -0.0236307 -0.0624095 0.0208778 -0.000898255 0.0179095
internal_weight=38989.4 10239.5 28749.9 27460.2 4509.96 8154.29 22950.2 21384.5 12978.2 2085.25 3492.9 8406.34 7460.19 1860.44 5599.75 1151.39 3056.79 1289.67 1565.75 1659.74 5526.53 418.392 436.106 694.096 288.446 425.508 709.058 1412.84 234.736 136.203
internal_count=1275300 547826 727474 560073 233860 188461 326213 303225 184027 359365 60004 119198 123296 70319 52977 26309 49293 167401 22988 348342 51500 15790 10711 65165 19734 11023 44010 20703 5958 1897
is_linear=0
shrinkage=0.08


Tree=64
num_leaves=31
num_cat=0
split_feature=6 8 2 5 3 8 0 4 0 6 9 8 5 6 5 2 4 6 5 0 6 4 2 9 6 5 5 3 0 6
split_gain=620.18 668.217 591.851 297.077 249.991 381.591 318.349 260.378 234.179 196.015 136.177 99.6006 296.54 214.025 110.395 96.5541 92.9353 54.0056 49.7601 49.4128 49.0903 41.656 28.2799 28.0516 24.7441 22.1657 19.0661 19.0072 23.8406 14.5033
threshold=0.56727004051208507 1.0000000180025095e-35 0.98610842227935802 0.43643578886985784 0.95419579744339 1.0000000180025095e-35 0.90645834803581249 1.5000000000000002 0.45035210251808172 0.80101522803306591 1.0000000180025095e-35 0.75000000000000011 1.0000000180025095e-35 0.43533413112163549 0.32274864614009863 0.80874970555305492 8.5000000000000018 0.36626690626144415 0.36325278878211981 0.6569296419620515 0.48579499125480657 3.5000000000000004 0.92637759447097789 1.0000000180025095e-35 0.66802722215652477 0.41941523551940924 0.62602058053016674 0.53410854935646068 0.25158227980136877 0.39688599109649664
decision_type=2 2 2 2 2 2 2 2 2 2 2 2 2 2 2 2 2 2 2 2 2 2 2 2 2 2 2 2 2 2
left_child=1 10 3 18 6 7 9 -6 23 -5 22 12 21 -14 17 -8 -7 -13 -2 -16 -12 -10 29 27 -4 -22 -27 28 -3 -1
right_child=2 8 24 4 5 16 15 -9 11 -11 20 14 13 -15 19 -17 -18 -19 -20 -21 25 -23 -24 -25 -26 26 -28 -29 -30 -31
leaf_value=-0.049277335967889579 0.084837428201030449 0.0060917898620329513 0.030735298804781618 -0.01751951267521314 -0.089460038614077766 0.053228902392667428 0.086268012086687523 0.0048653486367877556 0.0080793436792944758 0.00089172104889347873 -0.076681483267582951 0.023465424503091629 -0.07065707628208967 0.0044306661480365255 -0.010603409705235727 0.027824538084724005 0.019913716092225232 0.13776890396583885 0.038044667634105529 0.026999686801629012 0.010965038326006702 -0.0059552911794516928 0.022739930115808764 -0.066049327068950406 0.077826933546347801 -0.050873472423908786 0.069320488377284717 0.021315046377747206 -0.058977576072734628 -0.013550851193444954
leaf_weight=128.34545586351305 196.72926711686887 45.906670906580985 102.25213543139398 4820.5124670120422 196.73575954604894 1551.944002488628 252.34571675723419 2598.7468343013898 2685.1501263957471 15818.500721038086 1268.9530547503382 52.237819852307439 703.49435582756996 362.97052082698792 392.14425098802894 690.3534853097517 858.77865694160573 65.926516851875931 721.36251206393354 496.80981548177078 44.166373501997441 2712.481731178239 80.756879799067974 422.13817625539377 726.91444692038931 229.4091409384273 3.4631884112022808 35.848227770999074 105.77910245582461 212.13080093171448
leaf_count=6859 5304 1973 4726 95693 2426 132798 10943 18353 23191 220081 328413 821 52315 8354 12118 36300 43666 1080 15834 7119 3172 21811 1351 52544 141007 16463 164 674 7112 2892
internal_value=1.54374e-06 -0.0170815 0.00602456 0.00401872 0.00247433 0.0182024 -0.00131571 -0.00186366 -0.0068652 -0.00340392 -0.0588428 -0.00293549 -0.00660348 -0.0450503 0.0203654 0.0440104 0.041493 0.0915409 0.04865 0.0102663 -0.0698444 0.000997894 -0.0177441 -0.0543458 0.0724305 -0.037156 -0.0469938 -0.0261392 -0.0386976 -0.0279997
internal_weight=38583.3 10048.1 28535.2 27706 26787.9 5206.21 21581.7 2795.48 8080.89 20639 1967.22 7471.22 6464.1 1066.46 1007.12 942.699 2410.72 118.164 918.092 888.954 1545.99 5397.63 421.233 609.672 829.167 277.039 232.872 187.534 151.686 340.476
internal_count=1275557 548426 727131 581398 560260 197243 363017 20779 189112 315774 359314 126809 105671 60669 21138 47243 176464 1901 21138 19237 348212 45002 11102 62303 145733 19799 16627 9759 9085 9751
is_linear=0
shrinkage=0.08


Tree=65
num_leaves=31
num_cat=0
split_feature=6 6 2 8 9 3 3 6 6 2 3 2 3 1 8 8 9 4 9 9 8 2 4 6 3 2 1 2 2 1
split_gain=512.411 700.836 555.103 334.22 299.032 483.276 229.453 189.772 165.906 115.365 193.183 98.532 90.5855 301.714 90.8996 73.9012 73.5364 54.972 51.5729 46.7663 43.9015 38.0628 33.5069 32.9648 31.2449 50.717 32.1371 28.2446 25.9207 22.5978
threshold=0.53091880679130565 1.0000000180025095e-35 0.98610842227935802 0.75000000000000011 1.0000000180025095e-35 0.79431909322738659 0.51316702365875255 0.43533413112163549 0.91903391480445873 0.17712418735027316 0.49151568114757543 0.6911335587501527 0.9495762586593629 0.99565216898918163 0.75000000000000011 0.75000000000000011 1.0000000180025095e-35 13.500000000000002 1.0000000180025095e-35 1.0000000180025095e-35 0.75000000000000011 0.88762626051902782 7.5000000000000009 0.66802722215652477 0.61451050639152538 0.50263157486915599 0.58380147814750682 0.93127068877220165 0.70396453142166149 0.67962265014648449
decision_type=2 2 2 2 2 2 2 2 2 2 2 2 2 2 2 2 2 2 2 2 2 2 2 2 2 2 2 2 2 2
left_child=1 17 4 7 5 11 -5 19 9 20 -11 15 13 -10 -14 -2 -9 18 -1 27 -6 -18 28 -4 26 -26 -20 -3 -8 -24
right_child=2 3 23 6 8 -7 22 16 12 10 -12 -13 14 -15 -16 -17 21 -19 24 -21 -22 -23 29 -25 25 -27 -28 -29 -30 -31
leaf_value=0.025676654270458652 0.037400644452929691 -0.054612856553402367 0.032824918786092734 -0.063297692021002924 0.11577469991701211 0.069535993092869439 0.010985270425148668 0.012548971460946133 0.0069555240129227829 -0.033021452337146963 -0.0034478550875601238 0.064290290324874905 0.0077506357923480956 -0.059934911059657772 0.039903856126401765 0.00037085310536067546 -0.051398041748034806 -0.029517019304378944 -0.066352994242853583 -0.078319120970882644 0.028665800110692054 0.0058239033618182976 0.015462315739976223 0.077781228179813464 0.052469268041105237 0.00054891219476376147 0.028388241830950015 0.00049258740531126779 0.047451087310980376 -0.033415569861045012
leaf_weight=611.17310508340597 386.55000962410122 339.98451471142471 151.89848290942609 304.9220004985109 47.553439600858837 1057.1022680527531 272.22490788577124 241.09664466790855 7952.3912080926821 1621.1918744575232 10986.582122825086 183.51510992250405 1382.1571411471814 451.06273413822055 966.58174961432815 2976.9972273716703 391.24637373397127 328.93531234469265 78.309964037500322 1509.5266979841981 175.39945654943585 84.417473232606426 124.36429854715243 672.90768050542101 119.11722339317203 4321.3199567720294 25.619132153689861 64.922219958156347 257.76692762877792 105.92678739316761
leaf_count=14433 6421 10320 5590 38032 483 189866 6681 2030 98037 58919 128345 17759 13203 4141 50856 35263 48008 3410 2737 352886 2084 5293 5724 140803 1718 24537 443 1171 3780 2139
internal_value=0.000225148 -0.0162376 0.00544224 -0.0431376 0.0035371 0.0221741 -0.00512966 -0.0584251 -9.86095e-05 -0.0062467 -0.00727489 0.00793618 0.0072226 0.00331259 0.0211074 0.00472314 -0.0227739 0.00188596 0.00394721 -0.0715954 0.050079 -0.0409549 0.0182515 0.0699424 0.000964633 0.00203515 -0.0412988 -0.0454888 0.0292976 -0.00657233
internal_weight=38192.8 9180.87 29011.9 3696.4 28187.1 4604.16 1065.2 2631.19 23582.9 12830.7 12607.8 3547.06 10752.2 8403.45 2348.74 3363.55 716.76 5484.47 5155.54 1914.43 222.953 475.664 760.283 824.806 4544.37 4440.44 103.929 404.907 529.992 230.291
internal_count=1275112 523342 751770 476064 605377 249309 56356 419708 356068 189831 187264 59443 166237 102178 64059 41684 55331 47278 43868 364377 2567 53301 18324 146393 29435 26255 3180 11491 10461 7863
is_linear=0
shrinkage=0.08


Tree=66
num_leaves=31
num_cat=0
split_feature=6 8 2 9 3 3 3 1 6 1 9 8 2 0 2 0 0 8 6 6 9 0 6 2 2 0 0 3 0 8
split_gain=478.141 588.069 494.924 277.365 469.41 197.381 146.329 256.946 203.44 173.15 133.423 118.261 93.1708 76.7021 69.734 161.318 96.5314 67.453 44.8517 42.0926 40.7167 37.316 37.1854 36.4415 24.3895 17.1231 17.0827 13.1042 12.6648 11.2457
threshold=0.56106334924697887 1.0000000180025095e-35 0.98529094457626354 1.0000000180025095e-35 0.80982521176338207 0.51704764366149913 0.42740046977996832 0.27953489124774938 0.99061012268066417 0.65142410993576061 1.0000000180025095e-35 0.75000000000000011 0.6911335587501527 0.63686314225196849 0.84262126684188854 0.8019607961177827 0.90366768836975109 0.75000000000000011 0.49189095199108129 0.43533413112163549 1.0000000180025095e-35 0.40862709283828741 0.66028577089309703 0.74443343281745922 0.21132376790046695 0.70051544904708873 0.81769305467605602 0.7897985875606538 0.45923791825771337 0.75000000000000011
decision_type=2 2 2 2 2 2 2 2 2 2 2 2 2 2 2 2 2 2 2 2 2 2 2 2 2 2 2 2 2 2
left_child=1 10 3 4 12 24 7 11 9 -8 23 -5 17 -10 16 -16 19 -2 -12 -7 -17 -9 29 26 -3 -20 -1 -27 -26 -4
right_child=2 5 22 6 -6 14 8 21 13 -11 18 -13 -14 -15 15 20 -18 -19 25 -21 -22 -23 -24 -25 28 27 -28 -29 -30 -31
leaf_value=-0.045989770333056186 0.037159906810023964 -0.0034360303723377835 0.001246684059534234 0.051299747811691207 0.073642417172568947 -0.015769588579962475 0.0115427496070116 -0.054533718515908207 0.011244325392521719 -0.0052450252505340279 -0.076477494337730503 -0.0082557520313355955 0.064134318701859205 0.043372119239184964 0.08188723403544175 0.025859316263363255 0.038641629245212215 0.0014142520304366135 -0.05653359473984202 0.0045854386933328588 -0.0019738094311952041 0.063559111364004231 0.077211744175258237 0.0080431028852049977 -0.069038412521380266 0.045502713086040147 0.03746853229400833 -0.022429405112777471 -0.0011235403252320797 0.058401044622656655
leaf_weight=187.84833205491304 378.59634254639968 52.48030026210472 72.359286152292043 246.96513937227428 893.85714124119841 3465.684854617808 5613.9158574016765 880.96062485454604 1000.3580141020939 13089.843702008482 1108.401398164453 1385.7469897181727 179.62973066535778 941.13707924401388 167.39986423356459 387.15978370932862 249.50796615239233 2938.7410242198966 106.34067461267114 783.71527206385508 2320.5815215031616 12.234908591490237 633.5873550188262 193.80327684246004 355.62077561300248 16.393140217289329 11.268118224106727 94.04989054100588 23.706544840708375 31.312495255377144
leaf_count=6756 6672 3944 1318 2922 184238 75455 68491 26375 9200 166895 330411 16407 20112 49203 2048 11563 2600 34601 11712 18777 22087 350 142293 3950 47319 852 243 4089 1807 2904
internal_value=0.000147636 -0.0153481 0.0053701 0.00362727 0.0220511 -0.00598378 0.000125141 -0.0180233 0.00235714 -0.0001959 -0.0576595 0.000784073 0.00873186 0.0269718 -0.00286378 0.00682886 -0.00909434 0.00559172 -0.0698044 -0.0119769 0.00198719 -0.0523931 0.0698457 -0.0159342 -0.0582555 -0.0340091 -0.0396808 -0.00942616 -0.0652801 0.0218744
internal_weight=37823.2 9523.96 28299.2 27562 4390.82 7805.86 23171.2 2525.91 20645.3 18703.8 1718.1 1632.71 3496.97 1941.5 7374.05 2875.14 4498.91 3317.34 1325.19 4249.4 2707.74 893.196 737.259 392.92 431.808 216.784 199.116 110.443 379.327 103.672
internal_count=1275594 543613 731981 585466 245623 185600 339843 46054 293789 235386 358013 19329 61385 58403 132530 35698 96832 41273 347064 94232 33650 26725 146515 10949 53070 16653 6999 4941 49126 4222
is_linear=0
shrinkage=0.08


Tree=67
num_leaves=31
num_cat=0
split_feature=2 8 8 5 0 0 2 0 0 1 1 7 1 8 1 1 1 9 9 1 4 2 5 0 5 4 4 1 4 2
split_gain=364.09 400.234 270.003 255.476 205.453 183.949 134.643 256.328 125.318 362.31 317.795 239.993 238.735 234.912 108.148 130.927 89.6263 84.8592 64.6904 55.352 52.9868 49.6652 31.2553 31.2443 29.7495 24.8204 24.7917 22.5423 20.1516 19.0832
threshold=0.90054944157600414 0.75000000000000011 1.0000000180025095e-35 0.44127789139747625 0.90366768836975109 0.81530213356018078 0.76506900787353527 0.86706829071044933 0.47559523582458502 0.44552318751811987 0.28759399056434637 1.0000000180025095e-35 0.58380147814750682 0.75000000000000011 0.82426470518112194 0.95275297760963451 0.92637759447097789 1.0000000180025095e-35 1.0000000180025095e-35 0.40212766826152807 5.5000000000000009 0.84660634398460399 0.97909381985664379 0.95024752616882335 0.56916823983192455 5.5000000000000009 7.5000000000000009 0.91715687513351452 4.5000000000000009 0.98717737197875988
decision_type=2 2 2 2 2 2 2 2 2 2 2 2 2 2 2 2 2 2 2 2 2 2 2 2 2 2 2 2 2 2
left_child=2 5 3 17 8 28 7 16 10 19 13 -11 -12 -4 26 -16 -5 -1 24 -10 29 -6 25 27 -7 -20 -8 -23 -2 -3
right_child=1 20 4 6 21 18 14 -9 9 11 12 -13 -14 -15 15 -17 -18 -19 22 -21 -22 23 -24 -25 -26 -27 -28 -29 -30 -31
leaf_value=-0.0061801287073196178 0.075046735167779308 0.050883976746567125 0.090538178413381895 -0.0099802730384893536 0.057049944683456387 0.018951624588567466 0.032317596212336992 0.089146595933788583 0.072400238034423636 -0.00051776398623242588 -0.03091514673912471 0.066520194554445036 0.040951229229224596 0.0034848266150951436 -0.044814160632498316 -0.010263139134447985 0.025381206337760753 -0.059234261525471732 -0.0022068832697582676 0.03150357679209214 -0.022525891542924437 0.027918576338376334 0.057174539657810629 0.032519722670108539 0.072779979334200148 -0.044606987573391883 -0.036776041440234879 -0.11771476545355027 -0.012443610425059315 0.073357047327013966
leaf_weight=248.48821850307286 253.05143227754161 807.38940855721012 207.2808173764497 2761.3614260347094 497.46771550504491 339.00388628966175 264.03314962354489 195.08869755687192 462.60091367620043 15419.77605212573 3454.476227642037 344.44680896168575 317.36967311543413 3131.0674543851055 1320.9816000438295 1532.0729031672236 543.50281309336424 1007.1193972926121 2986.5027154013515 448.00252110045403 46.491109346039593 5.0119938077405122 50.053392861038446 25.178483844501898 83.919824277283624 86.746474636718631 31.617970519699156 19.058153607649729 13.31689613079652 509.6833965072874
leaf_count=9194 8908 92505 2822 58723 25207 13417 2715 2321 6766 357507 99438 13515 7614 47797 10433 12571 5166 276036 70297 7271 1402 221 2442 1639 20170 925 329 546 163 115488
internal_value=0.000128689 0.0198171 -0.00303032 -0.0158724 0.00113732 0.00643919 -0.00957372 0.001184 1.10921e-05 0.00380966 -0.00887124 0.00095749 -0.0247796 0.00906521 -0.0215651 -0.0263669 -0.00408699 -0.0489278 0.00153306 0.0527364 0.0569454 0.0493998 -0.00241242 -0.023062 0.0307321 -0.00352617 0.0239076 -0.0823002 0.0699344 0.0599462
internal_weight=37412.2 5176.16 32236 7904.27 24331.7 3812.59 6648.66 3499.95 23785 16674.8 7110.19 15764.2 3771.85 3338.35 3148.71 2853.05 3304.86 1255.61 3546.23 910.603 1363.56 546.716 3123.3 49.2486 422.924 3073.25 295.651 24.0701 266.368 1317.07
internal_count=1273548 325717 947831 377488 570343 116322 92258 66210 542730 385059 157671 371022 107052 50619 26048 23004 63889 285230 107251 14037 209395 27613 73664 2406 33587 71222 3044 767 9071 207993
is_linear=0
shrinkage=0.08


Tree=68
num_leaves=31
num_cat=0
split_feature=9 1 2 3 4 3 1 0 1 4 0 1 5 1 1 3 0 4 5 3 0 3 4 0 5 3 0 4 2 1
split_gain=348.534 323.276 214.72 250.649 214.456 214.141 403.371 369.66 719.506 321.851 328.328 257.344 195.59 174.009 206.773 322.717 174.005 148.901 84.5704 71.3453 70.7451 104.002 74.8878 60.6175 55.6749 49.0456 91.0135 47.1632 314.412 109.349
threshold=1.0000000180025095e-35 0.84889996051788341 0.88762626051902782 0.91331186890602123 4.5000000000000009 0.9495762586593629 0.84475743770599376 0.6569296419620515 0.63224515318870556 4.5000000000000009 0.7729182541370393 0.75582656264305126 0.48110784590244299 0.89386734366416942 0.94932374358177196 0.9813067913055421 0.6911335587501527 8.5000000000000018 0.97909381985664379 0.89943820238113414 0.26158231496810919 0.39718310534954077 24.500000000000004 0.93788579106330883 0.49892704188823706 0.35767590999603277 0.2014492750167847 2.5000000000000004 0.93127068877220165 0.99565216898918163
decision_type=2 2 2 2 2 2 2 2 2 2 2 2 2 2 2 2 2 2 2 2 2 2 2 2 2 2 2 2 2 2
left_child=1 19 5 4 23 6 7 11 -9 10 -8 -2 -3 24 15 -15 -11 -16 27 20 25 -22 -23 -4 -7 26 -1 28 -5 -29
right_child=2 12 3 18 -6 13 9 8 -10 16 -12 -13 -14 14 17 -17 -18 -19 -20 -21 21 22 -24 -25 -26 -27 -28 29 -30 -31
leaf_value=0.036143063891548859 -0.016236075471637471 0.019658716238403616 0.060278604783376634 -0.08167537062355347 -0.056109956283696819 0.014300345295684738 0.038813786280780901 0.072399997423444717 -0.0013829647956226402 -0.0076768398653067138 -0.030458858592100482 0.035273222017750773 0.07412212941146587 -0.095231085839679083 0.022653469409185362 0.097340619684237489 -0.06809437619929519 -0.008422390054782852 0.064156925692179345 0.053570934215464792 -0.039902937617599464 0.0054017384638385905 -0.078841885626365849 -0.030252165276890265 0.066570916093648749 0.041912887132545762 -0.028329201803865247 0.042095797977399887 0.0052692300018224907 -0.0017788563829915639
leaf_weight=296.47948794811964 10292.796939802123 869.89117344049737 980.82272882666439 315.00010492582805 116.53739555110224 213.01046436047181 599.74096848256886 1028.2616266359109 4641.5513435530011 388.59296409646049 1574.0018810250331 654.15266328607686 843.27121703140438 271.89189336192794 2083.0114586346317 64.631337743485346 1554.9625241791364 1857.793774003163 129.99182014446706 188.87169540533796 395.52648305147886 2972.347848712001 63.945521726273 44.421858688117936 388.86104861553758 453.21033062878996 255.35078253038228 463.79378789593466 1566.0763983447105 1591.2615396848414
leaf_count=2787 377304 38189 32845 7143 1368 6800 10066 18951 114460 8454 32320 15888 217115 5667 49821 969 27462 33102 17957 18051 5707 73781 886 2338 8594 4665 2702 12807 89466 36800
internal_value=-2.08577e-05 0.0170513 -0.00353942 0.0112504 0.0442887 -0.00655445 -0.0101061 -0.00453642 0.0120219 -0.0325131 -0.0112277 -0.0131287 0.0466981 0.00850049 0.0027697 -0.0568944 -0.0561473 0.00797088 0.00189079 0.00599831 0.00387915 -0.00155234 0.00344822 0.056073 0.0486055 0.0224999 0.0060357 -0.000203758 -0.00938338 0.00812344
internal_weight=37160.1 6338.89 30821.2 5207.91 1141.78 25613.3 20734.1 16616.8 5669.81 4117.3 2173.74 10946.9 1713.16 4879.2 4277.33 336.523 1943.56 3940.81 4066.12 4625.73 4436.86 3431.82 3036.29 1025.24 601.872 1005.04 551.83 3936.13 1881.08 2055.06
internal_count=1274465 363883 910582 200724 36551 709858 604905 526603 133411 78302 42386 393192 255304 104953 89559 6636 35916 82923 164173 108579 90528 80374 74667 35183 15394 10154 5489 146216 96609 49607
is_linear=0
shrinkage=0.08


Tree=69
num_leaves=31
num_cat=0
split_feature=6 8 0 5 0 6 6 5 5 5 8 4 1 1 8 5 6 5 5 5 9 9 6 5 8 4 1 6 1 1
split_gain=400.892 418.635 259.099 244.815 189.645 174.372 154.387 116.59 125.587 75.8515 71.358 70.8406 138.085 106.959 69.1705 212.321 218.026 118.904 65.9717 65.3741 62.6065 60.9361 60.9122 60.1437 57.4631 46.2275 38.4423 32.8503 29.5269 20.6588
threshold=0.62345302104949962 1.0000000180025095e-35 0.94360822439193737 0.56479570269584667 0.45035210251808172 0.92541947960853588 0.44854147732257849 0.81497043371200573 0.99206298589706432 0.38117386400699621 1.0000000180025095e-35 4.5000000000000009 0.71892556548118602 0.28759399056434637 0.75000000000000011 1.0000000180025095e-35 0.43533413112163549 0.30803118646144872 0.46818889677524572 0.42378494143486029 1.0000000180025095e-35 1.0000000180025095e-35 0.94715359807014476 0.63098418712615978 1.0000000180025095e-35 1.0000000180025095e-35 0.62988328933715831 0.97685134410858165 0.87570226192474376 0.97801932692527782
decision_type=2 2 2 2 2 2 2 2 2 2 2 2 2 2 2 2 2 2 2 2 2 2 2 2 2 2 2 2 2 2
left_child=1 6 3 9 21 11 20 27 -9 -2 25 12 -5 -13 15 26 -17 -16 -19 -8 28 -3 24 -21 -11 -4 -6 -7 -1 -27
right_child=2 4 10 5 14 7 19 8 -10 22 -12 13 -14 -15 17 16 -18 18 -20 23 -22 -23 -24 -25 -26 29 -28 -29 -30 -31
leaf_value=-0.05189241481055399 0.070576259608009173 -0.010075386824051387 0.051493251090965142 -0.015299225772439482 -0.025468543176748976 0.019807480979542991 0.019112966489162136 0.00031626940844254432 0.027774904350300028 -0.00034144925386278899 0.062775352180942004 0.01020877993188702 0.011976217901515367 -0.016071699114000228 0.098393261890740685 -0.069409234889753729 0.00080120929006959659 0.023704201859348281 -0.011441944170951898 -0.040114661177577782 -0.077085650236374842 -0.060906416607502692 0.054583681263697593 0.050943488638930605 0.024228695795745953 0.011962983231328023 0.0026181438334616715 0.045131585288544544 0.0066693616914268094 -0.037706904899730366
leaf_weight=117.30775219388306 205.71496282168664 232.12238428834826 140.6172487270087 1969.6457266614307 327.22291021142155 1184.5821854395326 190.81662119133398 7434.0711478465237 1241.9730421476997 864.35072008054703 598.16648906935006 1190.4757838975638 2973.6326766742859 5647.2728067487478 93.710555371362716 611.17308607650921 515.15320344548672 721.31763854809105 634.77682287362404 605.03978027123958 860.22735440544784 490.1958718537353 302.20590258925222 44.52513490896672 1959.4799988302402 134.73891713516787 4998.7591989394277 485.41033244552091 90.603248607367277 79.947036458877847
leaf_count=6330 5807 12107 9641 30622 5886 25698 12653 147174 41336 7383 149608 12923 96569 90356 1506 51890 10424 15646 13366 35766 307301 65001 7484 1057 50481 2215 39155 11813 3193 3606
internal_value=-0.000208549 -0.0134053 0.00504967 0.00350488 -0.00586977 0.000451284 -0.0472698 0.00803426 0.00427913 0.0237056 0.045897 -0.00619505 0.00107152 -0.0114687 -0.002249 -0.00581543 -0.0372937 0.0134787 0.00715343 -0.0211572 -0.0674711 -0.044973 0.0204624 -0.0332871 0.0166641 0.0165608 0.000840244 0.0273766 -0.0260636 -0.00624253
internal_weight=36945.2 10533 26412.3 25458.8 8624.43 22127.1 1908.52 10346 8676.04 3331.75 953.47 11781 4943.28 6837.75 7902.11 6452.31 1126.33 1449.81 1356.09 840.382 1068.14 722.318 3126.04 649.565 2823.83 355.303 5325.98 1669.99 207.911 214.686
internal_count=1273997 581281 692716 527646 214981 456491 366300 226021 188510 71155 165070 230470 127191 103279 137873 107355 62314 30518 29012 49476 316824 77108 65348 36823 57864 15462 45041 37511 9523 5821
is_linear=0
shrinkage=0.08


Tree=70
num_leaves=31
num_cat=0
split_feature=6 6 2 6 9 3 8 3 0 6 7 0 8 8 2 8 0 3 9 0 9 9 9 6 2 1 3 0 3 1
split_gain=357.75 529.668 395.688 261.308 192.712 400.097 130.071 121.664 231.279 166.951 179.351 118.061 111.414 87.6661 84.6741 66.7524 61.6048 47.3476 46.9482 44.2693 38.5068 34.9367 33.0923 31.3439 25.5847 25.3845 102.219 47.4442 67.0175 27.1138
threshold=0.52506983280181896 1.0000000180025095e-35 0.99565216898918163 0.41799478232860571 1.0000000180025095e-35 0.8263767957687379 0.75000000000000011 0.42740046977996832 0.28743545711040502 0.99061012268066417 1.0000000180025095e-35 0.57804551720619213 0.75000000000000011 0.75000000000000011 0.70396453142166149 0.75000000000000011 0.63686314225196849 0.71834936738014232 1.0000000180025095e-35 0.40862709283828741 1.0000000180025095e-35 1.0000000180025095e-35 1.0000000180025095e-35 0.71711125969886791 0.71010184288024913 0.62575301527977001 0.76689496636390697 0.57804551720619213 0.8521554470062257 0.94360822439193737
decision_type=2 2 2 2 2 2 2 2 2 2 2 2 2 2 2 2 2 2 2 2 2 2 2 2 2 2 2 2 2 2
left_child=1 25 4 6 5 14 22 8 12 10 -9 18 -6 21 15 -2 -11 -15 -5 -10 -8 -13 -3 -4 -20 26 -1 28 -27 -29
right_child=2 3 23 11 7 -7 20 9 19 16 -12 13 -14 17 -16 -17 -18 -19 24 -21 -22 -23 -24 -25 -26 27 -28 29 -30 -31
leaf_value=-0.044739485115161182 0.035268295497831226 -0.046304646368614019 0.03401092654231911 -0.0094230425921009841 0.047791668693222392 0.07093837596775894 0.021201783213262083 -0.00093384599661261729 -0.056087391772916884 0.01130307249204566 0.054897723863540401 0.005957822301409359 -0.0086925498440267278 0.078509788570932243 0.060618582874319975 0.00041744436853169143 0.040760384651222184 0.01343482508132798 -0.065327301988178682 0.067787153661668403 -0.036744399428250835 -0.033074090583342326 -0.077886896396751809 0.077571189232637061 0.088829832848382043 0.076264982728075165 0.048033281172591091 -0.0052654927218918858 -0.0184718920003334 0.0067752441514179239
leaf_weight=266.5230497373268 394.78866814123467 335.38737624324858 170.72011894546449 167.82644381653517 258.35139763960615 769.70924628013745 125.63643982633948 18421.042586875614 737.64696753909811 993.93635756429285 370.7247652024962 243.00211066752672 1471.2528217704967 102.23349251225591 177.47897160006687 3012.251897680806 873.02750514307991 248.65767801459879 334.47019700775854 13.736263962928204 158.1148451899644 339.38106484431773 1095.4766162596643 472.43759545194916 2.0114570816513142 122.39008115418255 99.609104132279754 2181.3418767862022 70.149196356534958 2626.202758718282
leaf_count=6914 7556 10741 9557 7658 3848 180628 1454 239079 26436 9168 9216 1817 21857 1338 22138 39641 49654 3503 60802 423 11444 44440 329430 136276 98 1413 903 15371 441 22222
internal_value=0.000457492 -0.0138967 0.00481055 -0.0398981 0.0033473 0.018778 -0.0609776 0.000433347 -0.016279 0.0024516 0.000173399 -0.0145213 -4.98088e-05 0.00221064 0.00744975 0.00454842 0.0252354 0.0336809 -0.0455174 -0.0531781 -0.0106106 -0.0166034 -0.0707826 0.0666069 -0.0626501 0.00137009 -0.0187617 0.00289348 0.041345 0.00127892
internal_weight=36655.5 8518.41 28137.1 3152.2 27493.9 4354.23 1714.62 23139.7 2480.99 20658.7 18791.8 1437.58 1729.6 933.274 3584.52 3407.04 1866.96 350.891 504.308 751.383 283.751 582.383 1430.86 643.158 336.482 5366.22 366.132 5000.08 192.539 4807.54
internal_count=1275466 519989 755477 472725 609644 249963 353069 359681 52564 307117 248295 119656 25705 51098 69335 47197 58822 4841 68558 26859 12898 46257 340171 145833 60900 47264 7817 39447 1854 37593
is_linear=0
shrinkage=0.08


Tree=71
num_leaves=31
num_cat=0
split_feature=6 2 2 0 8 8 5 0 5 4 3 2 6 5 6 2 0 5 6 6 3 2 3 0 2 8 0 5 6 2
split_gain=328.046 308.907 240.046 286.075 178.364 177.759 177.735 123.797 116.924 92.8399 169.074 161.745 91.8064 86.7772 242.87 85.3957 75.315 68.5153 234.919 62.7219 52.5799 74.8385 56.6451 47.4034 38.6314 57.1892 48.9259 32.9517 32.8398 32.301
threshold=0.79317620396614086 0.98425099253654491 0.69416099786758434 0.77836257219314586 1.0000000180025095e-35 0.75000000000000011 0.66815477609634411 0.64630925655365001 0.99206298589706432 4.5000000000000009 0.43951219320297247 0.76845377683639537 0.46384282410144811 0.48662948608398443 0.51972952485084545 0.24440020322799685 0.61938297748565685 1.0000000180025095e-35 0.42689777910709387 0.94715359807014476 0.74322345852851879 0.75513628125190746 0.87226107716560375 0.24068965017795566 0.7897985875606538 1.0000000180025095e-35 0.61257407069206249 0.47769485414028173 0.39443081617355352 0.62258651852607738
decision_type=2 2 2 2 2 2 2 2 2 2 2 2 2 2 2 2 2 2 2 2 2 2 2 2 2 2 2 2 2 2
left_child=2 6 3 4 12 7 19 -4 9 10 -8 -11 -1 14 -6 -15 -10 -9 -19 24 27 22 -22 -14 26 -26 -2 -7 -23 -5
right_child=1 -3 5 29 13 20 8 17 16 11 -12 -13 23 15 -16 -17 -18 18 -20 -21 21 28 -24 -25 25 -27 -28 -29 -30 -31
leaf_value=-0.072658075657660345 0.01137975045660645 0.076036187236435376 0.073382440046265818 0.063370901731330337 -0.021237772545763919 0.099418414357731758 -0.03722881708772114 0.0012761803943825286 0.012032061948625999 0.0017524830978537854 0.011019767879919651 -0.021719570600293052 0.049786415733455616 0.0089985306660340693 0.030206452479307724 -0.031067840081448674 0.05518412810345262 -0.059481929397948059 -0.0011674308153889882 0.043174126120400155 -0.061505835191403659 -0.013737212979248143 0.027921888723202958 -0.034785322920559518 -0.015644543107372254 0.026969577890447724 0.037304051410930412 0.034974445767663072 0.039481268130488585 0.018090071780673855
leaf_weight=576.225112458691 1128.8221721390728 400.95349512435496 125.99513328587636 239.79975485871546 1977.3258657604456 100.91259383643046 495.45187437161803 3934.7767265383154 815.14309857576154 6713.6321697020903 6349.080981326988 2598.4193186652847 38.992487171432003 383.8668271205388 828.28033486893401 2543.3760375576094 386.87394128460437 588.36108137574047 1758.7576824489515 716.24074128083885 103.15035640262067 76.909834630787373 71.269062699517235 796.28341778251342 486.63480343297124 335.75050570187159 828.4044079198502 136.31626002653502 618.89495920808986 201.68288392387331
leaf_count=206170 10002 125534 3362 6586 90958 1451 4883 30972 10517 79920 190541 52167 1406 9443 20135 71622 31813 124541 45843 18590 1646 1224 2783 33913 3551 24919 18893 1955 44043 6446
internal_value=0.000477645 0.00688643 -0.00853163 -0.0185677 -0.0224519 0.00158291 0.00553136 -0.00351678 0.00220413 0.000399615 0.00747924 -0.00478809 -0.0479445 -0.0161111 -0.00596659 -0.0257527 0.0262243 -0.00514172 -0.0159487 0.0219802 0.0311175 0.0215084 -0.0243134 -0.0303742 0.0163938 0.00161774 0.022501 0.0645345 0.0333145 0.0434778
internal_weight=36356.6 21255.4 15101.2 7585.83 7144.35 7515.34 20854.5 6407.89 17358.6 16156.6 6844.53 9312.05 1411.5 5732.85 2805.61 2927.24 1202.02 6281.9 2347.12 3495.85 1107.45 870.224 174.419 835.276 2779.61 822.385 1957.23 237.229 695.805 441.483
internal_count=1275829 571330 704499 446679 433647 257820 445796 204718 369841 327511 195424 132087 241489 192158 111093 81065 42330 201356 170384 75955 53102 49696 4429 35319 57365 28470 28895 3406 45267 13032
is_linear=0
shrinkage=0.08


Tree=72
num_leaves=31
num_cat=0
split_feature=9 2 6 2 6 2 3 3 1 3 2 3 4 4 5 6 6 5 3 6 1 1 1 4 1 3 3 5 6 5
split_gain=256.161 297.56 240.934 239.597 230.318 216.214 160.461 146.867 135.379 353.172 277.45 248.399 488.51 170.728 109.479 326.298 91.6862 181.764 68.4563 66.1496 90.159 61.1875 59.0047 57.7386 64.6311 67.1376 59.7063 47.2986 45.7226 40.8359
threshold=1.0000000180025095e-35 0.69416099786758434 0.76675301790237438 0.56374144554138195 0.57979589700698864 0.99565216898918163 0.8263767957687379 0.70064935088157665 0.81530213356018078 0.86729559302330028 0.70064935088157665 0.96178188920021068 4.5000000000000009 1.5000000000000002 0.24257134646177295 0.43533413112163549 0.43842941522598272 0.48110784590244299 0.83752354979515087 0.56727004051208507 0.56440424919128429 0.65419578552246105 0.70659971237182628 29.500000000000004 0.28759399056434637 0.45222154259681707 0.35767590999603277 0.25819891691207891 0.42436611652374273 0.25819891691207891
decision_type=2 2 2 2 2 2 2 2 2 2 2 2 2 2 2 2 2 2 2 2 2 2 2 2 2 2 2 2 2 2
left_child=1 18 3 6 -3 8 19 16 9 10 -4 12 -10 -13 -9 -16 27 -18 23 29 -21 -8 -11 24 26 -26 -1 -5 -20 -2
right_child=2 4 5 7 -6 -7 21 14 11 22 -12 13 -14 -15 15 -17 17 -19 28 20 -22 -23 -24 -25 25 -27 -28 -29 -30 -31
leaf_value=-0.0010621904032717953 -0.023255119440580813 0.015251387416210174 -0.0020946154035186453 0.017635747071203748 0.074096180151810714 0.075155195589109922 0.069421281452821545 -0.00042957777023051988 0.0023347873691819516 0.077552018305804035 0.03896974098302531 -0.07528347883441569 -0.048777432503527174 0.013498459620345517 -0.071270199003774196 -0.0068824225946272069 0.11540721746072496 0.013603050832882069 -0.0022336000744561367 -0.017450072956296098 -0.070310768563082604 -0.0048296799409882707 0.03294341428609518 -0.06582735472827668 -0.028687930352260957 0.0018827699713640552 0.034036817099260978 -0.053806290021758858 0.058566882785164705 -0.061251294551474558
leaf_weight=576.56770052295178 256.62857631617226 916.64541829493828 8131.2273921398446 129.11770296958275 809.29087097919546 253.00980767654255 110.47178860357963 4221.9923576840665 3078.0534014457371 448.14091382734478 1203.7971241660416 138.97019481100142 1946.8662671972997 3494.6399534302764 633.11409755644854 2433.8558709532954 163.48620951524936 354.48174329707399 112.67132558021694 1211.9456266225316 250.01864153565839 173.76434164727107 377.05398667696863 76.548482055775821 581.8036983627826 2086.6875615664758 644.73934520874172 99.212830031756312 224.80483434698544 889.14656949066557
leaf_count=5958 10452 23338 69826 2145 240755 65983 4505 24557 64376 9520 15245 7026 16782 70919 179008 49949 4263 4697 2281 52285 3565 9004 6766 1057 9031 40121 6678 27400 34723 212300
internal_value=6.23622e-06 0.0150497 -0.00301416 -0.0124853 0.0430705 0.00240584 -0.0322217 -0.00534647 0.00139955 0.00766854 0.00320173 -0.00593841 -0.0174652 0.00996017 -0.00882916 -0.0203204 0.0282877 0.0468376 0.00373868 -0.0384647 -0.026808 0.0241769 0.057683 0.000733551 0.00216733 -0.00476381 0.0173997 -0.0132089 0.0380643 -0.053018
internal_weight=36028.8 6029.76 29999 10927.2 1725.94 19071.8 2891.98 8035.26 18818.7 10160.2 9335.02 8658.53 5024.92 3633.61 7288.96 3066.97 746.298 517.968 4303.82 2607.74 1461.96 284.236 825.195 3966.35 3889.8 2668.49 1221.31 228.331 337.476 1145.78
internal_count=1274515 363942 910573 584130 264093 326443 292111 292019 260460 101357 85071 159103 81158 77945 253514 228957 38505 8960 99849 278602 55850 13509 16286 62845 61788 49152 12636 29545 37004 222752
is_linear=0
shrinkage=0.08


Tree=73
num_leaves=31
num_cat=0
split_feature=6 8 2 9 0 3 6 3 1 4 1 8 4 4 9 1 8 4 8 6 0 1 6 4 9 3 1 6 0 0
split_gain=241.713 333.822 311.701 152.015 364.172 139.604 121.005 90.1817 264.736 256.162 211.154 172.666 155.307 71.258 63.6721 61.7736 59.9334 44.3168 45.7733 171.915 43.0135 42.4129 36.9691 36.6071 34.2086 29.6787 50.3457 26.2067 23.83 20.6358
threshold=0.6079215705394746 1.0000000180025095e-35 0.99565216898918163 1.0000000180025095e-35 0.6911335587501527 0.56773442029953014 0.44854147732257849 0.95861870050430309 0.99565216898918163 5.5000000000000009 0.94360822439193737 0.75000000000000011 1.5000000000000002 14.500000000000002 1.0000000180025095e-35 0.77015754580497753 0.75000000000000011 1.0000000180025095e-35 0.75000000000000011 1.0000000180025095e-35 0.51191151142120372 0.63702240586280834 0.41517429053783422 6.5000000000000009 1.0000000180025095e-35 0.9797959327697755 0.9404677450656892 0.66802722215652477 0.64326766133308422 0.25158227980136877
decision_type=2 2 2 2 2 2 2 2 2 2 2 2 2 2 2 2 2 2 2 2 2 2 2 2 2 2 2 2 2 2
left_child=1 6 3 4 15 20 14 8 10 -10 -5 12 -9 -13 28 16 -2 25 19 -19 24 -20 -22 -8 29 26 -7 -4 -1 -3
right_child=2 5 27 7 -6 17 23 11 9 -11 -12 13 -14 -15 -16 -17 -18 18 21 -21 22 -23 -24 -25 -26 -27 -28 -29 -30 -31
leaf_value=-0.059513904396402993 0.036291072524127881 0.020320497944870369 0.0044510385888931314 -0.0012825201224045996 0.071002914956926649 0.0079254006695714373 -0.005639350693670068 -0.076654972209533323 0.037491785204604791 -0.06484622800466322 0.054808563397829857 0.039931019497545614 0.0041213023974603861 -0.01903300441787872 -0.076910333447226031 0.060352051114005684 -4.8691617132534039e-05 -0.00056285003544318012 0.032207529317243036 -0.040431306295357169 -0.037109199308080369 -0.00054751817713961318 0.081440051441185601 -0.044163078393549694 -0.059998644759561626 0 0.055538671799246007 0.076479464940043665 0 -0.033550413302539564
leaf_weight=64.24299971293658 319.31315811607055 56.614583554677665 40.982246993808076 16240.351974538993 670.81380207568873 429.04331273585558 456.13418688438833 156.37945969169959 192.4563051383011 740.57356409635395 436.17260539159179 1255.1823940726463 2707.5475601954386 139.58522955980152 656.44183534057811 124.60088913561776 2699.6431932486594 4303.9257349465042 383.66136489948258 821.90827989112586 26.719306811690331 697.86864396533929 29.355825389735401 247.93169461446814 388.72889504022896 636.51943596708588 216.9383381777443 402.12208399665542 122.84009419381618 149.88370449980721
leaf_count=4277 6280 2372 3368 205057 178583 6345 25326 2274 3233 5052 15854 63440 20731 3001 307880 24658 31137 35358 9992 55280 1651 11354 1052 22107 62590 9415 3175 140371 5209 9423
internal_value=0.000127926 -0.0106564 0.00413472 0.00297349 0.0177004 -0.00414892 -0.0446628 0.000393978 -0.00212549 -0.043479 0.000190933 0.0108397 -0.000359476 0.0338688 -0.0651158 0.0061805 0.00379568 -0.00102618 -0.0038448 -0.00701996 -0.0395347 0.0110195 0.0239191 -0.0196466 -0.0459286 0.0124537 0.0244648 0.0702987 -0.021973 -0.0178932
internal_weight=35814.5 9688.76 26125.7 25682.6 3814.37 8141.17 1547.59 21868.2 17609.6 933.03 16676.5 4258.69 2863.93 1394.77 843.525 3143.56 3018.96 7489.87 6207.36 5125.83 651.302 1081.53 56.0751 704.066 595.227 1282.5 645.982 443.104 187.083 206.498
internal_count=1275845 572806 703039 559300 240658 208007 364799 318642 229196 8285 220911 89446 23005 66441 317366 62075 37417 130919 111984 90638 77088 21346 2703 47433 74385 18935 9520 143739 9486 11795
is_linear=0
shrinkage=0.08


Tree=74
num_leaves=31
num_cat=0
split_feature=6 2 2 0 5 0 3 1 0 4 4 0 9 1 0 1 9 9 1 0 9 6 6 4 1 3 1 6 3 5
split_gain=211.481 274.746 174.244 181.739 159.78 130.468 95.5443 239.345 238.117 190.123 155.775 221.899 112.176 74.407 124.316 111.447 60.0956 59.3256 37.6344 42.9939 39.7229 39.3154 36.7536 34.1437 33.1147 89.0634 45.8625 28.0666 24.9715 24.7486
threshold=0.75258171558380138 0.99565216898918163 0.73735308647155773 0.84575733542442333 0.58260074257850658 0.71819767355918895 0.9495762586593629 0.99565216898918163 0.88762626051902782 5.5000000000000009 1.5000000000000002 0.94791102409362804 1.0000000180025095e-35 0.21483516693115237 0.44170945882797247 0.46247655153274542 1.0000000180025095e-35 1.0000000180025095e-35 0.87428161501884472 0.6569296419620515 1.0000000180025095e-35 0.95217302441596996 0.57979589700698864 5.5000000000000009 0.78830561041831981 0.78830561041831981 0.94360822439193737 0.47229200601577764 0.75162336230278026 0.30521412193775183
decision_type=2 2 2 2 2 2 2 2 2 2 2 2 2 2 2 2 2 2 2 2 2 2 2 2 2 2 2 2 2 2
left_child=2 4 3 13 18 23 7 8 -6 -9 11 -8 -12 -1 16 -16 -15 22 19 -2 -20 -22 29 -4 25 -19 -26 -5 -21 -7
right_child=1 -3 5 27 6 17 10 9 -10 -11 12 -13 -14 14 15 -17 -18 24 20 28 21 -23 -24 -25 26 -27 -28 -29 -30 -31
leaf_value=0.022781169967696437 0.020765017078486686 0.076530292236029154 0.066970043067806656 0.026649531858070813 -0.0016163107046557007 0.026526460957701194 -0.12542412853467672 0.038517596062265874 0.041753714309172914 -0.064563945709945919 0.076105652073571395 0.015298236498657896 0.013456824272287367 -0.018508322599557564 0.023726593022748491 -0.018209300404254551 -0.055011396360495429 0.074399255048334514 0.070063165324641116 0.070668571142132708 -0.0020901197590126692 0.060628062349385309 0.061040511710701094 -0.0057684180954860808 -0.01603956531301742 -0.015818256569791175 0.00069994627837931679 0.082880318996102278 0.032801905841314663 -0.0019544596113902457
leaf_weight=260.02123565762304 1172.5682813527528 334.81525402399711 237.86635624244809 213.11089890811127 13845.314444269519 378.30724994163029 118.51949785184115 135.2148899276508 855.36250553268474 608.06580546544865 189.54085888760164 164.73620439716615 3619.9082035077736 469.81108962232247 434.28415632923134 4949.7987497062422 851.11983985092957 117.33920627390034 57.457192580448464 212.86641673068516 705.79006413253956 64.973319081123918 112.52977579599246 44.082456917269155 1631.408778582816 155.65568799187895 2862.7290829293197 86.150614504469559 319.88658474967815 377.12689443328418
leaf_count=8863 11535 131609 5772 5083 193640 12811 2307 3957 44488 5259 75252 19031 77227 15133 31625 278140 124848 3389 19227 4160 10226 2311 24784 1528 55946 6903 79648 2508 10145 7752
internal_value=0.000381739 0.005116 -0.00765209 -0.0159521 0.00400828 0.00251556 0.0015457 -0.00132593 0.000909643 -0.0454658 0.0124093 -0.0441818 0.0167116 -0.0186007 -0.0202451 -0.0147782 -0.0422679 -0.000135523 0.0228943 0.0297169 0.00856035 0.0033473 0.01901 0.0551375 -0.00367118 0.0230244 -0.00535214 0.0444589 0.0487458 0.0121785
internal_weight=35586.4 22405 13181.3 7264.3 22070.2 5917.05 19536.7 15444 14700.7 743.281 4092.7 283.256 3809.45 6965.04 6705.01 5384.08 1320.93 5635.1 2533.54 1705.32 828.221 770.763 867.964 281.949 4767.13 272.995 4494.14 299.262 532.753 755.434
internal_count=1275107 610374 664733 466200 478765 198533 421161 247344 238128 9216 173817 21338 152479 458609 449746 309765 139981 191233 57604 25840 31764 12537 45347 7300 145886 10292 135594 7591 14305 20563
is_linear=0
shrinkage=0.08


Tree=75
num_leaves=31
num_cat=0
split_feature=6 8 6 5 2 0 3 0 5 3 2 0 6 3 5 1 3 3 1 3 8 1 6 0 3 3 1 1 0 2
split_gain=214.013 176.353 297.753 162.596 159.821 236.37 164.688 149.226 126.177 114.295 101.011 100.266 86.8954 90.0909 83.8989 83.2025 165.207 120.801 57.8568 53.0386 50.8498 49.7107 46.3986 44.3785 44.2399 37.7113 37.1687 31.3716 86.0782 48.2494
threshold=0.89485698938369762 1.0000000180025095e-35 0.46384282410144811 0.88019138574600231 0.65733855962753307 0.74210175871849071 0.71503761410713207 0.2014492750167847 0.99206298589706432 0.42740046977996832 0.98717737197875988 0.64051282405853283 0.69249531626701366 0.9569842815399171 0.43643578886985784 0.78830561041831981 0.84660634398460399 0.95180022716522228 0.65895724296569835 0.35767590999603277 0.75000000000000011 0.9404677450656892 0.94715359807014476 0.24068965017795566 0.87226107716560375 0.45222154259681707 0.16807910054922107 0.80217391252517711 0.64899963140487682 0.87453705072402965
decision_type=2 2 2 2 2 2 2 2 2 2 2 2 2 2 2 2 2 2 2 2 2 2 2 2 2 2 2 2 2 2
left_child=1 2 -1 19 5 7 -6 20 10 -9 15 -10 21 -14 -4 16 -5 -17 -7 26 -3 -8 27 -16 -20 -25 -2 28 -21 -29
right_child=3 4 14 8 6 18 12 9 11 -11 -12 -13 13 -15 23 17 -18 -19 24 22 -22 -23 -24 25 -26 -27 -28 29 -30 -31
leaf_value=-0.061454614776210621 0.03234094469107017 0.11560812151674819 0.02768312273494726 -0.0014131685451118611 0.04583011431451877 0.073075721901568774 -0.010137222152375405 -0.037317143443379303 0.009366186755968257 -0.010928988660430166 0.071750079541172199 0.060258505301459805 0.0055026080344715575 0.043827110944670934 0.045543169665089485 -0.025264824121472112 0.055534178447071973 0.0030802806972079835 -0.026130710046028589 0.0088885601581102369 0.020558283202335239 0.0051055121369782191 0.02991364077523255 -0.057259270216258359 0.04304782618436459 -0.012755803565125455 -0.021425940226544784 -0.0040732649495253152 0.048560079571598268 0.024984062509562529
leaf_weight=854.07841744832695 101.75045261159539 35.606786950025707 346.47027774062008 3327.2160032142419 629.7806394866202 235.8939049448818 2443.5404377053492 1297.1285602571443 859.50343812163919 5683.2472461604048 107.79782141675241 350.4862426299369 1155.5071980800712 600.34866332658567 74.891155780293047 2152.3627572825644 355.923950758297 1718.9073379689362 90.511412279913202 1087.1969885078724 478.63207688950934 3090.5769805557793 1963.3409666920779 124.18711704085581 145.04663045739289 3581.3711595260538 338.93796789459884 1039.6041494939709 523.18442888441496 552.89393534441479
leaf_count=327430 563 446 11771 33115 11032 7663 35780 63303 12025 138731 44262 38659 66591 86424 1574 48875 11231 59096 1826 9571 7663 48321 66466 6368 3860 60336 2308 21316 10701 37468
internal_value=-0.000248327 -0.00543762 -0.018566 0.00721857 -0.00130659 -0.00931299 0.00672723 -0.0127955 0.000458566 -0.0158787 -0.00331899 0.0244267 0.00329811 0.0187843 -0.00958777 -0.0044581 0.00411444 -0.0126501 0.0452656 0.0178769 0.0284977 -0.00159897 0.0201578 -0.0130779 0.0158107 -0.0143655 -0.00842917 0.0140904 0.0219866 0.00596151
internal_weight=35345.9 20866.8 4981 14479.1 15885.8 7966.07 7919.75 7494.61 8872.2 6980.38 7662.21 1209.99 7289.97 1755.86 4126.92 7554.41 3683.14 3871.27 471.452 5606.91 514.239 5534.12 5166.22 3780.45 235.558 3705.56 440.688 3202.88 1610.38 1592.5
internal_count=1274775 879119 407479 395656 471640 223492 248148 210143 247263 202034 196579 50684 237116 153015 80049 152317 44346 107971 13349 148393 8109 84101 145522 68278 5686 66704 2871 79056 20272 58784
is_linear=0
shrinkage=0.08


Tree=76
num_leaves=31
num_cat=0
split_feature=9 1 6 6 0 1 5 8 6 3 1 6 5 0 1 0 3 6 5 0 3 3 8 8 0 6 5 3 1 6
split_gain=173.907 225.797 196.345 150.744 248.98 129.435 110.957 106.754 232.815 83.7742 72.2884 77.2073 71.7477 95.5926 85.7801 400.599 173.053 55.9369 53.2083 57.4877 49.1918 44.3915 51.2624 47.5121 47.4608 41.4295 39.2675 38.6205 34.2922 31.1544
threshold=1.0000000180025095e-35 0.84889996051788341 0.56727004051208507 0.76675301790237438 0.54446640610694896 0.46247655153274542 0.56479570269584667 1.0000000180025095e-35 0.48107238113880163 0.62593284249305736 0.68614074587821972 0.61583185195922863 0.99206298589706432 0.61257407069206249 0.78830561041831981 0.6911335587501527 0.95861870050430309 0.90486964583396923 0.83912065625190746 0.54641148447990429 0.89943820238113414 0.87841832637786876 1.0000000180025095e-35 0.75000000000000011 0.61633428931236278 0.99061012268066417 0.29860436916351324 0.69920635223388683 0.56691542267799389 0.36626690626144415
decision_type=2 2 2 2 2 2 2 2 2 2 2 2 2 2 2 2 2 2 2 2 2 2 2 2 2 2 2 2 2 2
left_child=1 17 26 4 10 -6 21 8 -7 -9 11 -2 14 -14 15 -8 -16 20 -19 25 -1 23 -23 28 -25 -20 -3 -13 -5 -28
right_child=3 2 -4 6 5 7 12 9 -10 -11 -12 27 13 -15 16 -17 -18 18 19 -21 -22 22 -24 24 -26 -27 29 -29 -30 -31
leaf_value=-0.003675570600007901 -0.058676083798164774 0.03211869595038791 0.07576608121118962 0.093614427993265331 0.081059074720780777 -0.073177357527175316 -0.0046308399967271586 0.047390662959349246 -0.0049606013235461467 -0.0026788033326897785 0.011545768905478725 -0.027174974855843113 0.0016999921345681494 0.054523373726766668 -0.016510011900901012 0.039527015854045972 0.0071216305729872292 0.043905950936897691 -0.015064359624367316 0.050367860849139676 0.044761711091413671 -0.010152938950869748 0.036235517249835481 0.0046306059073470641 0.048957005389392849 0.026839437800067513 -0.046332292608497923 0.057249247941520524 0.036713599334977462 0.008065678325573011
leaf_weight=3058.1452174342703 856.52707997453399 397.04077661642805 592.51509307313245 105.98529248125851 107.15425787784625 440.39947566716 6152.0668682884425 215.67477256478742 1163.0547519652173 6786.7190267436672 172.23250512324739 763.06803281512111 600.30456649977714 346.83408881444484 4884.1056438856758 1665.6959194233641 3321.7203743262216 366.70488344761543 496.73507265606895 157.0133481991943 135.11247377167456 461.72864958178252 219.96153605543077 503.57714243046939 225.27742169331759 210.158362316899 80.10117002017796 30.588177941739559 254.30222366610542 310.93124728626572
leaf_count=60622 192689 13679 234655 781 4444 219145 51315 6558 20868 93403 12316 34137 4759 31278 84813 24070 102677 12052 4241 17524 11459 2662 13000 4137 4888 2471 2032 362 1965 5676
internal_value=0.000258474 0.0129064 0.0411014 -0.00224542 -0.00990204 -0.00424777 0.00205165 -0.00537498 -0.0239655 -0.00108111 -0.0367621 -0.0419204 5.12442e-05 0.0213962 -0.00120674 0.00477648 -0.00692592 0.0040348 0.0184983 0.00733874 -0.0015093 0.0210782 0.00473711 0.0310914 0.0187894 -0.00228066 0.0145236 -0.0233828 0.0549423 -0.00311776
internal_weight=35081.4 5804.46 1380.59 29277 10535.4 8713 18741.6 8605.85 1603.45 7002.39 1822.42 1650.18 16970.7 947.139 16023.6 7817.76 8205.83 4423.87 1230.61 863.907 3193.26 1770.83 681.69 1089.14 728.855 706.893 788.073 793.656 360.288 391.032
internal_count=1274678 364411 256042 910267 583922 344418 326345 339974 240013 99961 239504 227188 298912 36037 262875 75385 187490 108369 36288 24236 72081 27433 15662 11771 9025 6712 21387 34499 2746 7708
is_linear=0
shrinkage=0.08


Tree=77
num_leaves=31
num_cat=0
split_feature=6 8 6 3 6 9 0 0 3 4 8 1 6 9 0 1 0 3 0 3 4 9 8 3 1 9 8 0 4 3
split_gain=177.186 148.791 263.371 127.867 211.599 110.792 92.369 89.9907 127.66 117.106 94.4887 85.1833 83.8437 75.2005 89.3242 78.2886 220.01 183.15 223.492 110.175 87.3201 67.3354 59.2442 61.8556 52.4918 44.8628 40.8605 39.4065 44.9729 64.6127
threshold=0.91184088587760936 1.0000000180025095e-35 0.44854147732257849 0.86319074034690868 0.46384282410144811 1.0000000180025095e-35 0.90366768836975109 0.2014492750167847 0.42740046977996832 2.5000000000000004 0.75000000000000011 0.6832355558872224 1.0000000180025095e-35 1.0000000180025095e-35 0.628892481327057 0.78830561041831981 0.6911335587501527 0.95488464832305919 0.71503761410713207 0.80982521176338207 8.5000000000000018 1.0000000180025095e-35 1.0000000180025095e-35 0.92885261774063121 0.64326766133308422 1.0000000180025095e-35 0.75000000000000011 0.24068965017795566 7.5000000000000009 0.90054944157600414
decision_type=2 2 2 2 2 2 2 2 2 2 2 2 2 2 2 2 2 2 2 2 2 2 2 2 2 2 2 2 2 2
left_child=1 2 21 7 12 -6 13 26 10 -10 -9 -7 -5 14 -2 16 19 18 -17 -15 -19 -1 23 -8 -18 -14 -3 -4 29 -29
right_child=6 3 27 4 5 11 22 8 9 -11 -12 -13 25 15 -16 17 24 20 -20 -21 -22 -23 -24 -25 -26 -27 -28 28 -30 -31
leaf_value=-0.016033039417892855 0.013536698490374519 0.098361282688295762 0.041216548560154831 0.0016125995505047513 0.07013687856332057 0.079185778626017903 0.06496116664056531 0.055365677493923945 0.010266065093795591 -0.010273143346831794 -0.035488539400661261 0.015161047423146548 -0.008320573478360415 -0.001374925864898397 0.069566273094876147 0.021299154662044982 0.069752047609366707 0.032873965269342435 -0.030995940352436746 0.053571215431709146 -0.0042883243948745216 -0.075635199291865463 0.048643490298060241 0 0.029735206668131196 -0.06308394270854821 0.017664185762708163 0.0068782340894710048 -0.022592370585902417 -0.015134929475354969
leaf_weight=170.6535278474912 1031.2036192456726 40.24084428884089 91.851845616940409 3894.2816234398633 346.68059432844166 142.18026969674975 109.89281871519051 71.904048189520836 2511.3906890816288 6003.9195198050002 1305.6438377606682 1642.0706195668317 197.28112986590713 4372.7442421009764 220.81185309775174 694.3954212164972 309.3213577256538 894.47416194155812 2045.6418828186579 241.5387299428694 721.35951222386211 527.61680727615021 532.43363085202873 516.51000969740562 767.8931569326669 199.97381757106632 541.98699551308528 1545.4407454051543 1326.0065893441206 1877.5764992239419
leaf_count=9468 21024 463 1900 30482 125335 2857 1020 2979 60292 137506 61515 58594 1799 32528 64303 12708 7118 25361 36678 3542 10768 307768 115775 7619 13222 19836 7965 34900 30073 29486
internal_value=-9.69724e-05 -0.00434913 -0.0157225 -0.000607838 0.00826546 0.0288453 0.00754681 -0.00606484 -0.00787969 -0.00419434 -0.0304474 0.0205594 -0.00193776 0.00531653 0.0237831 0.00298879 0.00917318 -0.00505647 -0.0176701 0.00152151 0.0162228 -0.0615138 0.0290398 0.0118702 0.041643 -0.0367271 0.0243041 -0.00902769 -0.0100755 -0.00515411
internal_weight=34894.9 22436.7 5539.15 16897.6 6422.47 2130.93 12458.2 10475.1 9892.86 8515.31 1377.55 1784.25 4291.54 11299.4 1252.02 10047.4 5691.5 4355.87 2740.04 4614.28 1615.83 698.27 1158.84 626.403 1077.21 397.255 582.228 4840.88 4749.02 3423.02
internal_count=1274884 923218 413595 509623 238903 186786 351666 270720 262292 197798 64494 61451 52117 227252 85327 141925 56410 85515 49386 36070 36129 317236 124414 8639 20340 21635 8428 96359 94459 64386
is_linear=0
shrinkage=0.08


Tree=78
num_leaves=31
num_cat=0
split_feature=2 3 6 1 3 0 0 1 0 3 4 3 1 9 3 0 3 1 1 4 6 6 1 9 4 0 4 2 1 0
split_gain=160.066 240.738 172.097 173.13 300.365 298.153 269.773 209.958 417.389 175.073 166.193 147.473 248.018 107.426 105.731 119.075 125.267 124.132 100.05 98.8627 92.8412 75.5591 70.9508 66.0074 71.3592 57.8327 55.5185 274.014 82.4113 54.7591
threshold=0.88762626051902782 0.91715687513351452 0.8164966106414796 0.82426470518112194 0.95488464832305919 0.73097601532936107 0.6911335587501527 0.74862638115882885 0.74646764993667614 0.75905716419219982 5.5000000000000009 0.79431909322738659 0.68870675563812267 1.0000000180025095e-35 0.93063354492187511 0.21680375933647159 0.49151568114757543 0.40212766826152807 0.31643131375312811 3.5000000000000004 0.97785946726799022 0.56727004051208507 0.82793453335762035 1.0000000180025095e-35 8.5000000000000018 0.44170945882797247 2.5000000000000004 0.93957647681236278 0.99565216898918163 0.93957647681236278
decision_type=2 2 2 2 2 2 2 2 2 2 2 2 2 2 2 2 2 2 2 2 2 2 2 2 2 2 2 2 2 2
left_child=2 10 14 6 5 19 11 -8 -9 -7 29 18 -13 21 15 -1 25 -18 -4 -5 26 -3 -16 -6 -25 -17 27 -15 -28 -2
right_child=1 13 3 4 23 9 7 8 -10 -11 -12 12 -14 20 22 16 17 -19 -20 -21 -22 -23 -24 24 -26 -27 28 -29 -30 -31
leaf_value=0.027026761008327058 0.05611968199816255 0.012312663073062041 0.011758266684502382 0.052773330614137852 0.074280624602747175 -0.11680949354062259 0.054514923148565535 -0.13145598145017076 0.024875410541611857 -0.032019736033105123 -0.052448380337176505 0.077332763965685197 -0.036051649391091185 -0.07690724734088264 0.039422862441841643 -0.042511204118820464 0.032389199088019412 -0.013810048357890282 -0.0065372258812403184 -0.0035284738338148807 0.057002270641831922 0.075218923230864099 -0.00020630451789800897 0.023592940315710562 -0.0041402523268387345 0.035367814703676816 0.036753816901190478 0.002301256846711469 -0.0033771069341784095 -0.020389382402612472
leaf_weight=438.72988065471873 1101.2045185419265 322.82088284706697 2947.4988667843863 306.12679343333002 103.45805555069819 165.30716617265716 1297.059548827121 119.38832556351554 891.57217883015983 2290.1637562952237 100.69839176395908 389.29315317887813 173.99694731086493 350.77978358406108 322.06717244943138 1207.6975380778313 385.41505519871134 7376.1829212036682 5427.6392236433458 542.21087396482471 162.43850824737456 202.10882396542002 2426.7980251940899 1210.2087183061522 1142.7082503065467 58.36446071183309 411.89761513483245 1286.4822263509268 1501.4868485814659 57.702723637339659
leaf_count=10775 66309 10356 21169 8369 50392 2022 37402 1844 22624 47003 1196 8539 3060 7909 11264 101900 23673 378959 53556 7900 32022 113083 78051 29663 14541 5051 10832 77487 33930 5161
internal_value=0.000276972 0.0127979 -0.00207494 0.00312095 -0.00813864 -0.0238925 0.00890314 0.0332607 0.00570004 -0.0380188 0.0434425 0.00258072 0.0420184 0.00361164 -0.00932031 -0.0133337 -0.0153268 -0.011476 -7.61468e-05 0.016791 -0.00115399 0.037316 0.00444184 0.0129907 0.0100761 -0.0386702 -0.00393599 -0.014754 0.00525182 0.0521016
internal_weight=34719.5 5497.62 29221.9 17006.6 5760.18 3303.81 11246.4 2308.02 1010.96 2455.47 1259.61 8938.43 563.29 4238.01 12215.3 9466.39 9027.66 7761.6 8375.14 848.338 3713.08 524.93 2748.87 2456.38 2352.92 1266.06 3550.65 1637.26 1913.38 1158.91
internal_count=1276042 358285 917757 308084 159890 65294 148194 61870 24468 49025 72666 86324 11599 285619 609673 520358 509583 402632 74725 16269 162180 123439 89315 94596 44204 106951 130158 85396 44762 71470
is_linear=0
shrinkage=0.08


Tree=79
num_leaves=31
num_cat=0
split_feature=2 6 8 5 0 6 5 5 6 6 5 7 3 0 2 5 8 5 6 5 6 5 3 0 4 5 6 2 4 3
split_gain=132.609 147.406 266.026 162.031 130.917 98.182 111.479 91.1857 185.563 126.026 78.2919 75.7339 79.3501 75.0197 72.1611 66.5787 66.1303 58.6698 56.6366 59.3138 47.3915 30.8653 23.8915 32.1154 24.7961 19.4317 18.8962 32.9885 17.2863 18.2626
threshold=0.93957647681236278 0.57979589700698864 1.0000000180025095e-35 0.48110784590244299 0.86222714185714733 0.89485698938369762 0.79418799281120311 0.32735316455364233 0.38266237080097204 0.39688599109649664 0.99206298589706432 1.0000000180025095e-35 0.58397436141967785 0.44170945882797247 0.25143678486347204 0.37100423872470861 0.75000000000000011 0.25819891691207891 0.43256238102912908 0.42978830635547643 0.97685134410858165 0.62602058053016674 0.9797959327697755 0.96808147430419933 2.5000000000000004 0.63098418712615978 0.54246303439140331 0.9833287000656129 1.5000000000000002 0.93582704663276683
decision_type=2 2 2 2 2 2 2 2 2 2 2 2 2 2 2 2 2 2 2 2 2 2 2 2 2 2 2 2 2 2
left_child=1 2 18 15 -2 11 20 8 17 -9 -8 14 -13 -11 -5 -3 22 -4 -1 -20 -7 -21 -6 24 -24 -25 -18 -28 29 -17
right_child=4 3 7 5 16 6 10 9 -10 13 -12 12 -14 -15 -16 28 26 -19 19 21 -22 -23 23 25 -26 -27 27 -29 -30 -31
leaf_value=-0.066520249493131497 0.067248951179395347 0.070800394311532802 0.00031101911044272397 0.014508574171320166 0.0153778623526469 0.014031697096373516 -0.0015213345250047372 -0.063245413681229407 0.10972719572794745 -0.044158238179643858 0.020777504507964041 -0.0087941541352820982 0.081329769064388269 6.3822645711279557e-05 -0.0093886762924557717 0.0086412990670949371 0 -0.051465815696857195 0.010468816048205869 -0.051412467422605572 0.042573533296981561 0.072909445345938087 -0.10580175806109762 -0.0011289010995534701 -0.019734579188238927 0.045396848258699822 0.017787377376699942 0.073463739603262065 0.023877115263235726 -0.056156111357395851
leaf_weight=544.59261888382025 303.67678368766792 190.86339894868433 4290.3314805431291 881.79478585580364 681.04092780430801 2249.8121918980032 9655.4850777435349 347.59102279413491 93.378379098838195 307.61126343673095 1119.4292596072191 114.63645776873454 123.32911419554148 1110.5145219787955 8737.5755577357486 163.6429116781801 55.861444253707305 139.61475345119834 163.62994541961234 332.71746155084111 454.83701322472189 8.003477680962531 23.863816375727765 729.4064563048305 131.71374273241963 56.926667426945642 135.00573284248821 166.40951180225238 1155.3059669900686 28.167268422897905
leaf_count=283882 35554 5523 37076 10909 25881 45247 182505 39138 3688 51525 39749 2168 6630 32062 190922 4078 1151 13247 21373 34389 11410 305 1106 25151 2702 15522 32032 94916 24939 759
internal_value=5.90733e-05 -0.00125816 -0.0112207 0.00167598 0.0186698 9.06201e-06 0.00445263 -0.00495468 0.00103526 -0.0203493 0.00078906 -0.00605031 0.0379678 -0.00953757 -0.00717502 0.0267837 0.0109887 -0.00134089 -0.0484357 -0.0281328 0.0189603 -0.0470171 0.00396831 -0.00414995 -0.036816 0.0023027 0.0419429 0.0497453 0.0201902 -0.00124613
internal_weight=34496.8 32212.9 7337.98 24874.9 2283.91 23336.9 13479.6 6289.04 4523.32 1765.72 10774.9 9857.34 237.966 1418.13 9619.37 1537.98 1980.23 4429.95 1048.94 504.351 2704.65 340.721 1622.95 941.911 155.578 786.333 357.277 301.415 1347.12 191.81
internal_count=1275539 1041524 516685 524839 234015 489540 278911 176736 54011 122725 222254 210629 8798 83587 201831 35299 198461 50323 339949 56067 56657 34694 70362 44481 3808 40673 128099 126948 29776 4837
is_linear=0
shrinkage=0.08


Tree=80
num_leaves=31
num_cat=0
split_feature=9 1 5 4 3 1 0 3 3 1 2 1 1 8 1 0 0 5 4 3 2 1 1 2 1 3 4 1 0 0
split_gain=162.307 166.651 133.396 82.5818 215.004 188.681 485.931 356.143 332.678 319.283 230.664 483.41 121.55 114.111 252.569 223.113 103.591 77.9589 69.9875 67.784 219.113 198.719 66.9379 165.472 65.6789 92.1852 57.6699 46.8709 41.3144 35.4857
threshold=1.0000000180025095e-35 0.84889996051788341 0.56916823983192455 5.5000000000000009 0.43951219320297247 0.65142410993576061 0.60922586917877208 0.75905716419219982 0.93643954396247875 0.28759399056434637 0.65240275859832775 0.78830561041831981 0.8216732144355775 0.75000000000000011 0.7320508360862733 0.71503761410713207 0.65470632910728466 0.43187153339385992 28.500000000000004 0.89512962102890026 0.85575589537620556 0.81530213356018078 0.55036231875419628 0.55036231875419628 0.99565216898918163 0.98610842227935802 10.500000000000002 0.13714733719825747 0.40862709283828741 0.7729182541370393
decision_type=2 2 2 2 2 2 2 2 2 2 2 2 2 2 2 2 2 2 2 2 2 2 2 2 2 2 2 2 2 2
left_child=1 18 -3 4 27 6 7 9 10 -5 12 -12 -7 19 15 -15 -16 -9 29 20 -6 -21 -8 -24 25 -10 -26 -2 -29 -1
right_child=3 2 -4 5 13 8 22 17 24 -11 11 -13 -14 14 16 -17 -18 -19 -20 21 -22 -23 23 -25 26 -27 -28 28 -30 -31
leaf_value=0.0048480039410908433 0.054655275157852422 0.01980214479061607 0.076117699000097114 0.014707761735791771 -0.002433909538965588 -0.088400512953030627 0.081578824848009893 -0.019598436233131102 0.0071910083648485277 -0.028151306214036071 0.025632190777373498 -0.046880565744369468 -0.017777350781715471 -0.014910503808475934 0.067244960720772642 0.052041715026673832 0.02284102670973084 0.088959642361584698 -0.060794834724897308 0.054229977464322801 0.046487802433316031 -0.011271170631497443 -0.10255532613930694 0.050201850073486966 -0.013308041225470918 0.080018605400174095 0.0090251836603673138 -0.047292422769915618 0.066626712054273118 0.03786674820462449
leaf_weight=4005.0362627364229 26.533124523703009 850.58322780858725 400.95081816054881 1768.0570557531901 3293.2017878064653 618.01120545901358 388.90522183559369 45.038887230097316 496.05547120282426 2968.2968252442079 892.3745266176993 1696.4959386158735 220.11610986990854 2223.3384383667726 392.21567325759679 366.20629522949457 2511.8093431730522 282.55402861896437 95.547389772022143 308.98675717914011 706.39633401134051 5142.6961381023284 44.469079565140419 514.7410419509979 1786.2305696873227 141.26117704808712 1248.7740119893569 707.21897871792316 15.616705637541598 217.10579101415351
leaf_count=80371 266 58902 196898 32706 153007 34431 5964 7030 11200 157190 20464 32854 7319 30704 7413 10221 154485 3479 1387 6025 13225 113650 1969 11664 35841 3228 24697 31232 831 26464
internal_value=3.97571e-05 0.01254 0.0382022 -0.00237322 0.00153352 -0.00706055 0.00334524 -0.00648349 -0.0158914 -0.0121198 -0.0338001 -0.0218228 -0.070258 0.00364555 0.0128124 -0.00529859 0.0289985 0.0734833 0.00502889 -0.00166972 0.00621379 -0.00748313 0.0557676 0.0369696 0.000800713 0.0240796 -0.00406652 -0.0401203 -0.0441706 0.00662649
internal_weight=34374.8 5569.22 1251.53 28805.6 15694.2 13111.4 6012.06 5063.95 7099.32 4736.35 3427 2588.87 838.127 14944.9 5493.57 2589.54 2904.03 327.593 4317.69 9451.28 3999.6 5451.68 948.115 559.21 3672.32 637.317 3035 749.369 722.836 4222.14
internal_count=1275117 364022 255800 911095 521059 390036 220002 200405 170034 189896 95068 53318 41750 488730 202823 40925 161898 10509 108222 285907 166232 119675 19597 13633 74966 14428 60538 32329 32063 106835
is_linear=0
shrinkage=0.08


Tree=81
num_leaves=31
num_cat=0
split_feature=2 3 0 2 6 5 6 5 5 3 1 4 6 4 5 6 0 0 6 2 4 0 6 3 3 6 6 4 4 2
split_gain=130.915 178.175 174.205 128.986 113.504 193.074 240.064 204.891 178.513 112.823 229.062 94.3774 88.4542 85.9658 72.1586 69.8403 61.674 50.4189 37.9391 37.8753 150.302 230.743 93.557 48.4566 34.2223 26.9268 22.9093 23.7787 21.497 20.8817
threshold=0.88762626051902782 0.92637759447097789 0.92805382609367382 0.84877073764801036 0.6079215705394746 0.28653530776500707 0.42436611652374273 0.4048349410295487 0.54292181134223949 0.95861870050430309 0.85145786404609691 4.5000000000000009 0.38266237080097204 8.5000000000000018 0.38605175912380224 0.97568368911743175 0.95275297760963451 0.94360822439193737 0.54246303439140331 0.98529094457626354 1.5000000000000002 0.92805382609367382 0.66802722215652477 0.99473685026168834 0.94185259938240062 0.94715359807014476 0.36930006742477423 3.5000000000000004 13.500000000000002 0.98076212406158458
decision_type=2 2 2 2 2 2 2 2 2 2 2 2 2 2 2 2 2 2 2 2 2 2 2 2 2 2 2 2 2 2
left_child=2 11 4 18 5 12 -7 -8 14 10 -10 17 28 -11 -6 19 24 26 -4 20 21 -3 -21 -22 -5 -16 27 -2 -1 -28
right_child=1 15 3 16 8 6 7 -9 9 13 -12 -13 -14 -15 25 -17 -18 -19 -20 22 23 -23 -24 -25 -26 -27 29 -29 -30 -31
leaf_value=0.0013874783827420064 0.032912822527108039 -0.12265185348755431 0.029721332241338612 0.036266238458393038 0.063849353400470807 -0.060838415914171995 0.035215733765663511 -0.0249869674478236 -0.00086131343437679544 0.028054062190835144 -0.02580264187210422 -0.02544086914047405 0.1216636956472157 -0.0013049092055119793 0.012997070490922243 0.053765842824151137 0.034445933582848073 -0.018897964620358056 0.080286759873876554 0.003568426642769813 0.02238002365397794 -0.0095205541024829792 0.069093672108524545 -0.0028540278296757481 -0.13266669828422356 0.046097474173421853 0.048426330900493024 -0.05379949977599096 -0.020199212328084568 0.086114672255474645
leaf_weight=3112.9876470989548 257.99657955789007 152.75316055153962 182.36308692209423 5.3924215739825732 218.09834528178908 923.35565163439605 456.22627503052354 1655.1670682474505 13954.888208091841 1236.3006274199579 2834.3648588493234 132.78615020669531 33.271858114632778 1292.7402981220512 2066.0872130224016 162.30959062464535 27.495132878306322 70.078460732940584 258.07775671035051 964.15794287447352 733.38199743779842 447.24496270308737 159.51458465383621 1403.1286083445884 38.598093775683083 171.90043087373488 710.17260223405901 16.154572834144346 320.60620985005517 134.93252930277959
leaf_count=44644 4991 3935 3898 161 5288 296582 32015 113923 201523 50358 51352 2133 2883 43561 38619 35913 1484 6352 19879 30440 32149 27132 94029 53379 772 4136 37830 508 6786 29211
internal_value=8.31474e-05 0.0115802 -0.00204742 0.043957 -0.0028936 -0.0121652 -0.0268837 -0.0118504 -0.00011568 -0.00270745 -0.00508787 0.0370102 0.00069284 0.0130109 0.0201689 0.00314654 -0.0518763 0.044194 0.0602781 0.000909948 -0.0041248 -0.0393627 0.0132769 0.00576517 -0.107105 0.0157079 0.0483531 0.026358 -0.000608053 0.0551031
internal_weight=34132.5 5344.61 28787.9 511.926 28276 6501.61 3034.75 2111.39 21774.4 19318.3 16789.3 1322.12 3466.87 2529.04 2456.09 4022.49 71.4856 1189.33 440.441 3860.18 2736.51 599.998 1123.67 2136.51 43.9905 2237.99 1119.26 274.151 3433.59 845.105
internal_count=1275866 358002 917864 26194 891670 496833 442520 145938 394837 346794 252875 81025 54313 93919 48043 276977 2417 78892 23777 241064 116595 31067 124469 85528 933 42755 72540 5499 51430 67041
is_linear=0
shrinkage=0.08


Tree=82
num_leaves=31
num_cat=0
split_feature=6 5 9 2 6 5 0 3 1 7 0 1 3 2 2 0 9 0 1 2 3 6 1 0 3 1 6 9 2 2
split_gain=123.017 116.838 89.3752 109.712 112.981 81.7722 78.3493 125.294 112.507 123.153 91.7702 102.561 76.9063 68.7101 61.3582 48.3842 49.9436 42.461 75.6874 70.8585 32.5604 28.625 27.9653 134.245 129.275 26.3176 25.6981 20.1974 17.7172 16.7432
threshold=0.91903391480445873 0.87009319663047802 1.0000000180025095e-35 0.7729182541370393 0.57979589700698864 0.99206298589706432 0.2014492750167847 0.49151568114757543 0.40212766826152807 1.0000000180025095e-35 0.45923791825771337 0.28759399056434637 0.69920635223388683 0.57735043764114391 0.98717737197875988 0.48313754796981817 1.0000000180025095e-35 0.87428161501884472 0.75905716419219982 0.77836257219314586 0.91458967328071605 0.97483214735984813 0.63224515318870556 0.57307061553001415 0.73375529050827037 0.50274726748466503 0.50800052285194408 1.0000000180025095e-35 0.92247596383094799 0.14415584504604342
decision_type=2 2 2 2 2 2 2 2 2 2 2 2 2 2 2 2 2 2 2 2 2 2 2 2 2 2 2 2 2 2
left_child=2 15 3 20 28 14 -4 10 12 -10 11 -8 -9 -7 17 16 -2 18 -3 -19 22 25 24 -24 -1 -17 -22 -27 -5 -18
right_child=1 5 6 4 -6 13 7 8 9 -11 -12 -13 -14 -15 -16 21 29 19 -20 -21 26 -23 23 -25 -26 27 -28 -29 -30 -31
leaf_value=-0.0027055651139214531 0.035722725897514643 0.0030628475128937839 0.030605804762941131 0.00028230330653881275 0.073645876386722764 0.0084418940054663133 -0.0083357098117581036 0.017423353888857029 -0.0061543874085928079 0.067039992269994755 0.084033279706454939 -0.0540560229271577 0.10044185539503379 0.052221299764441328 0.069686689716096872 0.049995248927596665 0.041665713184085656 0.067754281474357123 -0.01571290711807459 0.0042159501947912296 0.0067759668486838953 0.043443669095382907 0.042124200667279545 -0.034684153612605247 0.066571498045982988 0.051965230267334725 0.064283071632378161 0.015446252643780698 0.026996348821112966 -0.0079529060993549765
leaf_weight=2213.067815371789 247.45928443863522 3036.0961499789264 370.26237818796653 358.76577504514717 279.80170660512522 781.22522331599612 580.70876101788599 364.57307170354761 16072.372635328327 143.17327533953357 38.403484496288002 709.4388298477279 87.321812866721302 328.68409461865667 71.101865508244373 183.58530180866364 40.48041332885623 123.63067189638969 2486.8182103169383 955.6536803713534 136.54980175197124 471.31754566676682 189.64220910216682 563.6775064697722 181.72064389963634 103.88440138188889 81.97349441726692 1700.3393628599588 299.1935528058093 756.45065314136446
leaf_count=31727 2784 34042 6953 9360 135609 10400 27889 20741 559616 5502 2616 73389 2418 40416 39548 2449 178 6870 54040 43574 3077 22927 3412 23141 7399 33372 20365 35073 10272 5333
internal_value=0.000321055 0.00714775 -0.00307143 0.00728259 0.031407 0.00166046 -0.00550807 -0.00626829 -0.00436773 -0.0054778 -0.0298861 -0.033712 0.0347392 0.0217261 -0.00166669 0.0192726 0.00462913 -0.0025115 -0.00536899 0.0119206 0.000478776 0.0254048 -0.00156538 -0.014987 0.00261237 0.0209492 0.0300195 0.0177752 0.0127833 -0.00498892
internal_weight=33957.4 11286.7 22670.6 4304.39 937.761 7783.21 18366.3 17996 16667.4 16215.5 1328.55 1290.15 451.895 1109.91 6673.3 3503.52 1044.39 6602.2 5522.91 1079.28 3366.63 2459.13 3148.11 753.32 2394.79 1987.81 218.523 1804.22 657.959 796.931
internal_count=1274492 331006 943486 244362 155241 228890 699124 692171 588277 565118 103894 101278 23159 50816 178074 102116 8295 138526 88082 50444 89121 93821 65679 26553 39126 70894 23442 68445 19632 5511
is_linear=0
shrinkage=0.08


Tree=83
num_leaves=31
num_cat=0
split_feature=9 2 6 6 5 0 3 2 6 3 2 5 6 5 0 7 5 6 6 4 4 6 5 0 3 2 3 2 3 3
split_gain=121.993 142.719 151.634 91.333 82.0336 77.7061 260.527 151.361 136.499 96.9703 90.8084 75.9167 66.7453 99.3338 64.6877 60.6825 57.9461 52.9957 48.4155 44.0315 43.616 40.3722 43.4875 42.7725 38.0639 36.7071 35.4438 29.6938 73.9365 39.4706
threshold=1.0000000180025095e-35 0.73735308647155773 0.63191848993301403 0.89672946929931652 0.88019138574600231 0.62563130259513866 0.70064935088157665 0.70396453142166149 0.6079215705394746 0.7454303801059724 0.47395551204681402 1.0000000180025095e-35 0.36626690626144415 0.48110784590244299 0.54446640610694896 1.0000000180025095e-35 0.92545253038406383 0.97905021905899059 0.99061012268066417 32.500000000000007 8.5000000000000018 0.91607978940010082 0.83648246526718151 0.51191151142120372 0.7320508360862733 0.98717737197875988 0.76689496636390697 0.2674796879291535 0.49151568114757543 0.35767590999603277
decision_type=2 2 2 2 2 2 2 2 2 2 2 2 2 2 2 2 2 2 2 2 2 2 2 2 2 2 2 2 2 2
left_child=1 19 -3 5 14 7 12 8 11 -10 26 -2 -7 -14 24 -12 18 20 -6 21 -16 27 -23 -24 -5 -18 -8 29 -29 -1
right_child=3 2 -4 4 16 6 10 -9 9 -11 15 -13 13 -15 17 -17 25 -19 -20 -21 -22 22 23 -25 -26 -27 -28 28 -30 -31
leaf_value=-0.0025779577061492021 -0.0098057192270026988 0.014510669397085221 0.075510075222223819 -0.0058776333912501123 -0.017151595165289059 -0.018660697784360025 -0.0097315968861907721 0.058078883283657685 -0.013233758607953163 0.031181059176005183 -0.0072350464691144888 -0.051817568429703462 0.10309903213414474 0.032123964875737959 0.019696389608217655 0.063733234035361672 0.0018482001949855548 0.047784401950219955 0.017082747025334334 -0.072602501118822535 -0.0029663970252961987 0.044972796610825309 -0.0012117583802894274 0.04430433949370257 0.052117914122369269 0.066266079516100751 0.071307319173789546 -0.028207525009915618 0.0040488082087431366 0.03569317992199067
leaf_weight=353.69250631332397 411.50571594154462 769.64341942977626 399.10905095515773 1342.7744582493324 1991.4453789183171 95.196808117325418 40.573219455545768 171.45371643546969 3009.9789196047932 344.75083197001368 10244.207417284488 913.87496705795638 172.18463328504004 511.81747426732909 2186.7046719216742 72.308530795853585 5272.5642217202112 336.6362846448319 296.06944612716325 42.041602422948927 705.63950364105403 287.19583435019013 612.66146059241146 161.27969603007659 71.264015443623066 52.436671430477872 129.47482925583608 587.16085917595774 1936.8355433522956 317.81283968756907
leaf_count=3792 8935 25601 218147 9366 28639 8049 1161 2888 61174 2665 296606 266416 8883 4416 50968 3336 92191 17507 10847 711 6325 11963 7505 22796 578 26545 2993 12251 58048 3312
internal_value=2.57099e-05 0.0109668 0.0357102 -0.00207856 0.00311728 -0.00603911 -0.00237435 -0.0145048 -0.0172572 -0.00858221 -0.00571133 -0.0389798 0.0420812 0.0508413 0.0114971 -0.00669149 -0.0019769 0.0177445 -0.0126233 0.00416858 0.0141166 0.00504866 0.0185336 0.00829133 -0.00266871 0.00257413 0.0513318 0.00049875 -0.00343269 0.0154286
internal_weight=33840.3 5467.43 1168.75 28372.9 12255.5 16117.3 11265.8 4851.56 4680.11 3354.73 10486.6 1325.38 779.199 684.002 4643.02 10316.5 7612.52 3228.98 2287.51 4298.68 2892.34 4256.64 1061.14 773.941 1414.04 5325 170.048 3195.5 2524 671.505
internal_count=1274614 364126 243748 910488 242966 667522 325444 342078 339190 63839 304096 275351 21348 13299 84744 299942 158222 74800 39486 120378 57293 119667 42264 30301 9944 118736 4154 77403 70299 7104
is_linear=0
shrinkage=0.08


Tree=84
num_leaves=31
num_cat=0
split_feature=8 6 3 8 2 4 0 3 3 0 0 8 4 4 2 0 3 4 0 4 3 4 2 0 2 2 3 3 4 0
split_gain=109.94 243.331 159.948 224.666 93.8616 101.868 89.8604 191.005 154.539 105.189 102.706 90.1947 81.3528 74.8391 63.8943 172.641 94.2632 133.842 168.746 115.796 71.3558 66.3506 61.1388 52.6831 52.487 42.594 42.2495 36.7897 32.1097 29.8503
threshold=1.0000000180025095e-35 0.43842941522598272 0.86319074034690868 0.75000000000000011 0.88036698102951061 5.5000000000000009 0.25158227980136877 0.42740046977996832 0.35767590999603277 0.18350168317556384 0.30860807001590734 0.75000000000000011 8.5000000000000018 21.500000000000004 0.75513628125190746 0.85857143998146068 0.88493064045906078 2.5000000000000004 0.92232277989387523 7.5000000000000009 0.92031747102737438 8.5000000000000018 0.85575589537620556 0.2290398105978966 0.54011154174804699 0.65733855962753307 0.93908473849296581 0.9569842815399171 16.500000000000004 0.90999102592468273
decision_type=2 2 2 2 2 2 2 2 2 2 2 2 2 2 2 2 2 2 2 2 2 2 2 2 2 2 2 2 2 2
left_child=1 -1 4 -4 6 29 8 11 9 -2 -9 -8 25 -10 15 20 19 18 -18 22 23 -19 -16 -3 -14 -5 -26 -27 -22 -6
right_child=2 14 3 12 5 -7 7 10 13 -11 -12 -13 24 -15 16 -17 17 21 -20 -21 28 -23 -24 -25 26 27 -28 -29 -30 -31
leaf_value=-0.059431313750164472 0.020855698337693119 0.042514067984839823 0.00088808700190579363 0.070661940613795146 0.058508387660050641 -0.052698038873026237 0.049347556769264028 0.041926697563873995 0.057866939371365417 -0.023137157764501565 -0.0032309822882865529 -0.035994938418708447 0.059283341388138393 0.0087974075398413419 0.0043415780187522754 0.076629761734379798 -0.068498018485156728 -2.5003077778518748e-05 -0.005856869336272416 -0.054731777681101476 0.031821783408622899 -0.031329499422335358 0.048786335701571128 -0.0093451728222682731 -0.027497060598276425 0.02165483846301362 0.01213613118269203 0.043625995391810744 -0.018979307331047409 -0.037948882914430535
leaf_weight=547.03568320488557 598.30535978986882 126.64256676565856 5019.1170714723994 213.739785170299 328.96384181285976 64.41830954188481 77.878510601585731 325.68311608955264 511.64267650688998 812.71326452982612 12299.668072045781 1500.0407297596103 109.27398894377984 340.62958722235635 476.63723788689822 192.45069705462083 589.84670284204185 2184.0285164471716 525.33723748440389 136.43405636341777 512.1146417290438 538.78120541840326 346.5668565016822 2348.6684555097017 229.50832563405856 1079.7596453339211 638.17924164398573 993.49833887588466 86.528511934098788 16.51847606501542
leaf_count=308243 6045 1764 105563 16912 30105 576 2659 6057 6285 13186 247904 56022 6773 4537 4986 2525 5306 20014 18868 1695 5558 3807 5379 59677 5143 100104 37973 189553 971 889
internal_value=-0.000218175 -0.00802214 0.0024475 0.0115517 -0.0020135 0.0355383 -0.00296849 -0.00533603 0.0117974 -0.00436238 -0.00203729 -0.0315392 0.0278741 0.0386075 -0.00448022 0.00411144 -0.0103613 -0.0159831 -0.0392899 0.0119234 -0.000493809 -0.00632417 0.0234275 -0.00654707 0.00828134 0.0361376 0.0013721 0.03234 0.0241175 0.0529644
internal_weight=33770.6 8611.07 25159.5 8283.08 16876.5 409.901 16466.6 14203.3 2263.29 1411.02 12625.4 1577.92 3263.96 852.272 8064.04 3266.4 4797.63 3837.99 1115.18 959.638 3073.95 2722.81 823.204 2475.31 976.962 2287 867.688 2073.26 598.643 345.482
internal_count=1275079 438793 836286 462021 374265 31570 342695 312642 30053 19231 253961 58681 356458 10822 130550 70495 60055 47995 24174 12060 67970 23821 10365 61441 49889 306569 43116 289657 6529 30994
is_linear=0
shrinkage=0.08


Tree=85
num_leaves=31
num_cat=0
split_feature=9 1 5 8 5 3 1 8 2 1 0 2 4 4 1 3 4 3 4 3 1 3 3 5 2 3 1 8 5 3
split_gain=100.478 114.283 133.405 65.6388 122.665 107.126 156.085 85.2845 80.3751 99.7378 171.726 106.222 78.5153 54.8528 48.054 187.31 35.306 93.8362 42.6093 34.834 38.8459 64.4611 58.5353 34.7422 31.9542 29.5753 26.8257 19.5807 19.4677 13.4561
threshold=1.0000000180025095e-35 0.84889996051788341 0.53073820471763622 1.0000000180025095e-35 0.40685302019119268 0.87226107716560375 0.75905716419219982 0.75000000000000011 0.94185259938240062 0.99565216898918163 0.7729182541370393 0.86222714185714733 8.5000000000000018 25.500000000000004 0.55351883172988903 0.68614074587821972 8.5000000000000018 0.91458967328071605 1.5000000000000002 0.89943820238113414 0.31010198593139654 0.45222154259681707 0.35767590999603277 0.90486964583396923 0.27953489124774938 0.96580946445465099 0.27518594264984136 0.75000000000000011 0.30521412193775183 0.88493064045906078
decision_type=2 2 2 2 2 2 2 2 2 2 2 2 2 2 2 2 2 2 2 2 2 2 2 2 2 2 2 2 2 2
left_child=1 13 27 4 -2 8 25 23 9 11 -11 -5 -9 19 15 24 18 -18 -16 20 22 -22 -1 -8 -6 -7 -15 28 -3 -30
right_child=3 2 -4 5 14 6 7 12 -10 10 -12 -13 -14 26 16 -17 17 -19 -20 -21 21 -23 -24 -25 -26 -27 -28 -29 29 -31
leaf_value=-0.0025062639146623241 -0.047776300499005622 0.019732686273846813 0.07285399002045316 -0.0044118091569111065 0.017043063799859776 0.058144156766851827 -0.00041463745175897851 0.026620262485961978 0.058802617922964019 0.015927902003499056 -0.086915183036937071 0.039016791455735639 -0.0042104767808369848 -0.017950473318190809 -0.0163430778217117 0.08180792835038396 -0.049255849550586532 -0.004569374045539221 -0.00033956540889622488 0.046039620304348182 -0.030618976267705142 0.0041016485679448598 0.031535714647956625 -0.041426846906541782 -0.022979403302360434 -0.012064218561266368 -0.090944324636667753 0.04081570638474509 0.029881230416338722 -0.015623052356071815
leaf_weight=586.59537791553885 465.6911363073159 356.35874651244376 355.26304160727886 12329.784635135322 183.36089957796503 440.78092166525312 3989.1367731455248 1683.5636770818383 124.70624285959639 176.24242513533682 236.20218350552022 365.76016869302839 755.70183015288785 128.90428624558263 1470.2443942563841 186.9924539308995 444.47167769889347 941.07010905130301 3905.197045349516 129.08267311891541 397.07848275220022 2281.179347220459 691.91597272153012 132.09450868680142 375.92680737515911 36.27751603233628 44.099699252052233 135.81291392375715 43.386463899747469 243.76937941194046
leaf_count=6462 261722 13606 206000 258066 3890 12565 49381 139694 11459 1720 2124 8520 14518 1654 27499 3913 15622 9166 51436 17838 7020 66696 7893 8490 30380 1130 773 25549 1645 9278
internal_value=-4.65341e-05 0.00994896 0.0324712 -0.0019624 -0.00811041 0.000449319 0.00842779 0.00516817 -0.00378337 -0.00441319 -0.0429214 -0.00313316 0.0170141 0.0038803 -0.00559839 0.013528 -0.00774165 -0.0191451 -0.00475757 0.00580173 0.00439221 -0.00103387 0.0158433 -0.00181655 -0.00953986 0.0524036 -0.0394878 0.0135113 0.00723174 -0.00780642
internal_weight=33636.7 5393.45 1134.59 28243.2 7972.95 20270.3 7037.56 6560.5 13232.7 13108 412.445 12695.5 2439.27 4258.86 7507.26 746.28 6760.98 1385.54 5375.44 4085.85 3956.77 2678.26 1278.51 4121.23 559.288 477.058 173.004 779.328 643.515 287.156
internal_count=1275709 364414 256078 911295 403628 507667 225778 212083 281889 270430 3844 266586 154212 108336 141906 38183 103723 24788 78935 105909 88071 73716 14355 57871 34270 13695 2427 50078 24529 10923
is_linear=0
shrinkage=0.08


Tree=86
num_leaves=31
num_cat=0
split_feature=8 6 3 6 1 4 2 1 0 2 1 4 3 5 1 3 4 4 3 4 1 5 2 0 5 1 0 4 2 3
split_gain=90.2053 210.604 102.636 183.294 95.6292 111.81 84.5222 88.4059 218.834 115.251 85.2433 77.6265 64.0942 61.1546 58.636 194.623 58.3089 57.1038 90.2158 111.258 53.1936 50.3893 48.9843 52.078 38.5239 36.6157 35.7573 32.3939 24.7344 21.2278
threshold=1.0000000180025095e-35 0.46384282410144811 0.88047617673873912 0.48579499125480657 0.75905716419219982 8.5000000000000018 0.88762626051902782 0.88493064045906078 0.7897985875606538 0.86222714185714733 0.85857143998146068 5.5000000000000009 0.93643954396247875 0.30521412193775183 0.55351883172988903 0.68801230192184459 3.5000000000000004 8.5000000000000018 0.84660634398460399 10.500000000000002 0.91922956705093395 0.42762957513332372 0.24440020322799685 0.58102023601531994 0.51013559103012096 0.98717737197875988 0.90999102592468273 1.5000000000000002 0.93127068877220165 0.83910790085792553
decision_type=2 2 2 2 2 2 2 2 2 2 2 2 2 2 2 2 2 2 2 2 2 2 2 2 2 2 2 2 2 2
left_child=1 28 6 13 -5 25 7 9 16 10 -2 26 -7 -4 15 22 -9 21 -19 -20 -10 29 -3 -24 -15 -6 -8 -23 -1 -16
right_child=2 14 3 4 5 12 11 8 20 -11 -12 -13 -14 24 17 -17 -18 18 19 -21 -22 27 23 -25 -26 -27 -28 -29 -30 -31
leaf_value=-0.058378400682905653 1.3252631951501528e-05 0.033176189955182872 0.002169643731178574 0.067219276951236376 0.019316849512994807 -0.047109932744466052 0.055138636156714133 0.058962528329946119 -0.13131625880319814 0.059711770522590295 -0.042085982248561915 -0.04929839054239709 0.0067477197309201344 -0.040357862280475686 0.070923791490329902 0.085128024210753495 -0.0081387218574188614 -0.056758989050804107 -0.036213158473180997 0.014308393232299281 -0.054072073465936059 -0.01322080607629489 -0.025793615644979284 0.056112183727244476 0.083031302101899171 0.040383687031974029 -0.02572249401248293 0.00053764296827270958 -0.0071745987034592595 0.014845238462549685
leaf_weight=519.96136964950711 15669.577826487483 161.43901412154082 3760.400012811413 301.92084742104635 1127.1974096309859 166.60378208488692 346.6446800683625 115.05495066591538 84.557596541009843 198.98513698787428 308.832604811294 55.871860019862652 789.67917623370886 306.13724428834394 72.326218371512368 198.32126158650499 255.16834203188773 320.98537296929862 505.32149661565199 605.8262869422324 243.74936427304056 1501.4960853010416 448.67127641628031 50.046872798586264 11.71100190002471 1101.1240686564706 33.125711944128852 3937.7086997342994 78.165404661092907 128.5574160956312
leaf_count=305273 332895 2237 31769 21072 113896 2793 35388 3602 1634 6129 7110 525 45336 17845 2343 2881 3416 6925 3585 5621 3228 27867 19049 719 195 206221 2312 37230 22211 2974
internal_value=0.000613828 -0.00647767 0.00305238 0.0108232 0.0242785 0.0200583 -0.000336194 -0.00124812 -0.0290101 -3.08922e-05 -0.000803347 0.0342401 -0.00266516 -0.000656272 -0.00298855 0.0166502 0.0127959 -0.00540514 -0.0196523 -0.00858346 -0.0761183 -0.00174494 -0.00416625 -0.0167813 -0.0341005 0.0298658 0.047427 -0.00323965 -0.0520671 0.037045
internal_weight=33405.2 8528.83 24876.3 7564.77 3486.53 3184.6 17311.6 16875.9 698.53 16177.4 15978.4 435.642 956.283 4078.25 7930.7 858.478 370.223 7072.22 1432.13 1111.15 328.307 5640.09 660.157 498.718 317.848 2228.32 379.77 5439.2 598.127 200.884
internal_count=1274281 438915 835366 439127 389318 368246 396239 358014 11880 346134 340005 38225 48129 49809 111431 24886 7018 86545 16131 9206 4862 70414 22005 19768 18040 320117 37700 65097 327484 5317
is_linear=0
shrinkage=0.08


Tree=87
num_leaves=31
num_cat=0
split_feature=9 1 6 1 3 0 3 4 0 4 4 6 0 2 3 0 6 4 1 3 3 5 6 3 0 5 2 6 6 3
split_gain=97.35 109.513 98.6951 69.9433 112.594 182.705 186.316 123.108 121.049 62.8032 55.5864 49.274 42.9739 28.1357 81.6974 101.602 28.8161 27.0084 22.9125 17.7634 22.9684 17.702 20.695 11.0345 22.8848 10.6489 9.25308 7.65267 11.9776 6.92445
threshold=1.0000000180025095e-35 0.92031747102737438 0.57347798347473156 0.16807910054922107 0.35767590999603277 0.28743545711040502 0.45222154259681707 8.5000000000000018 0.423303171992302 28.500000000000004 25.500000000000004 0.69249531626701366 0.21680375933647159 0.21132376790046695 0.35767590999603277 0.30068494379520422 0.9855765998363496 6.5000000000000009 0.2930081188678742 0.33589744567871099 0.33060109615325933 0.30198507010936743 0.36760731041431433 0.47140522301197058 0.15047170221805575 0.81835731863975536 0.92768564820289623 0.72982835769653331 0.83087757229805004 0.27842378616333013
decision_type=2 2 2 2 2 2 2 2 2 2 2 2 2 2 2 2 2 2 2 2 2 2 2 2 2 2 2 2 2 2
left_child=1 10 21 27 12 9 8 -8 -7 11 13 -6 17 23 16 -16 -15 -5 -12 20 -14 -3 -23 25 -25 -1 -24 -2 -29 -19
right_child=3 2 -4 4 5 6 7 -9 -10 -11 18 -13 19 14 15 -17 -18 29 -20 -21 -22 22 26 24 -26 -27 -28 28 -30 -31
leaf_value=0.041827049912255991 0 0.030600342784711573 0.075233221096733249 -0.039409590701574987 -0.01735317454509137 -0.0468502786000424 0.0021321851570394587 -0.010821463399678814 0.086213351681632841 -0.03354349811413869 -0.02010106291584653 0.053027352852519409 -0.043877955094634935 -0.03810434086607889 0.045458750698684963 0.0034319731391434967 0.032466886660292016 -0.01262775159258526 -0.090913775025201232 -0.06229113464398417 -0.0037167041971643811 -0.039309760782753313 -0.0023522534147605396 -0.10328093002018605 0.01923006110172806 0.012379092883075312 0.028792811546500294 0.069716959483447374 0.026700409626817818 0.01258773119714582
leaf_weight=229.41784283332527 46.331461992580444 276.01073422865011 278.56268635572633 118.69365715968888 65.180292119970545 786.68549292028183 18725.068060465099 6257.7422685262281 41.008367901376914 64.781284098746255 140.83116716030054 593.95296784676611 286.81678206886863 336.23600612720475 415.25573898013681 3081.9390202396899 35.251239748671651 92.190047541284002 37.609125233837403 192.83237959275721 147.26426715473644 56.0029725022614 107.95911438483745 7.7820953137706956 33.112466245191172 154.88370259106159 112.41176164266653 54.795177221298218 315.51454548165202 216.16384121903684
leaf_count=2290 2208 11580 201302 1933 10174 49718 608273 201755 1721 1458 1794 5638 9019 4519 4391 128550 266 1167 707 8896 4926 1498 2168 133 635 1531 2559 428 1372 2977
internal_value=0.00011513 0.010053 0.0366641 -0.00176253 -0.00226175 -0.00123431 -0.00235518 -0.00110758 -0.0395874 0.0382519 0.00503755 0.0457484 -0.0278495 0.00690409 0.00468878 0.00852568 -0.0306405 -0.00767984 -0.0379694 -0.0411662 -0.0308149 0.0164266 0.00141056 0.0263995 -0.0093092 0.0306812 0.0131113 0.0305491 0.0343359 0.00445713
internal_weight=33308.3 5303.27 830.947 28005 27588.4 26534.4 25810.5 24982.8 827.694 723.915 4472.32 659.133 1053.96 4293.88 3868.68 3497.19 371.487 427.048 178.44 626.913 434.081 552.385 276.374 425.196 40.8946 384.302 220.371 416.641 370.31 308.354
internal_count=1275586 363923 219107 911663 907655 878737 861467 810028 51439 17270 144816 15812 28918 142315 137726 132941 4785 6077 2501 22841 13945 17805 6225 4589 768 3821 4727 4008 1800 4144
is_linear=0
shrinkage=0.08


Tree=88
num_leaves=31
num_cat=0
split_feature=4 3 2 3 9 6 5 2 8 6 3 3 6 5 7 4 8 2 8 8 2 9 6 2 3 2 2 7 6 2
split_gain=74.8848 169.668 119.59 131.261 93.9602 87.7335 163.658 103.801 82.5199 78.705 66.4441 61.1839 61.0576 60.1289 58.9833 57.9327 54.174 47.6379 40.1578 39.6586 38.8922 38.1699 37.5639 37.384 37.1347 36.6055 34.2608 32.2039 32.1304 28.7917
threshold=4.5000000000000009 0.42740046977996832 0.28759399056434637 0.92718276381492626 1.0000000180025095e-35 0.43533413112163549 0.38414336740970617 0.79814815521240245 0.75000000000000011 0.77563387155532848 0.35767590999603277 0.33589744567871099 0.98227471113204967 0.28653530776500707 1.0000000180025095e-35 26.500000000000004 0.75000000000000011 0.63686314225196849 0.75000000000000011 1.0000000180025095e-35 0.78611555695533764 1.0000000180025095e-35 0.25324894487857824 0.3034138828516007 0.52419984340667736 0.86706829071044933 0.14415584504604342 1.0000000180025095e-35 0.6546536684036256 0.19560018926858905
decision_type=2 2 2 2 2 2 2 2 2 2 2 2 2 2 2 2 2 2 2 2 2 2 2 2 2 2 2 2 2 2
left_child=1 26 8 5 9 13 -7 -8 19 -3 11 29 14 -4 23 -12 20 -11 -15 -2 28 -18 -22 -6 -16 -14 -1 -23 -5 -10
right_child=2 4 3 16 12 6 7 -9 10 17 15 -13 25 18 24 -17 21 -19 -20 -21 22 27 -24 -25 -26 -27 -28 -29 -30 -31
leaf_value=0.034131319181925364 0.019699333211543817 0.011342134339099424 -0.018291033920019528 -0.0023731841889933027 0.072195521535913368 0.056789975532986627 -0.0075911040024868748 -0.03614818607086577 0.012276064676208216 0.026527433112334142 0.024416150325327061 -0.056469559558842281 0.015036765984464007 -0.071409478476957639 -0.046928242607429907 -0.022229638167417153 0.065593270587042701 0.073729828658992511 -0.0093684226615377061 0.072461123847798223 0.0081080657813605954 0.01073159969786508 -0.014745818508489397 0.0011825409919435997 0.062585802990457282 0.055299661033407235 -0.035914545880496723 0.068532173809356764 0.020201757044911388 -0.014146091542110936
leaf_weight=41.352250504074618 208.75013655476505 1233.6072938916623 729.24751646828372 785.76166805828689 42.739250245096628 231.26767077844124 7813.2806158923777 910.41555298608728 517.26971613010392 350.20994782529306 1199.6814503808273 140.45207228197251 710.44072157982737 306.39980874024332 17.372131258249283 190.91392287134659 99.022935037792195 249.8643762388383 95.013782292138785 182.71364583319519 656.28461263602367 1101.6556487218477 1465.7091340639163 11465.564281742671 147.31993794476148 186.26918568997644 742.77920965244994 62.190678309183568 798.97257594962139 526.82037692703307
leaf_count=400 6460 58298 22180 29726 1649 10187 152929 11519 5187 15869 19513 3309 21841 152227 1267 3087 51068 163220 8238 2918 4591 35093 33149 363845 8713 40208 28059 2277 9472 9011
internal_value=0.000121666 0.00426377 -0.00336035 -0.00626035 0.00624994 -0.0115064 -0.0088195 -0.0106087 0.0112888 0.0231592 0.00597379 -0.00783947 0.00376225 -0.0325132 0.00219679 0.0178408 0.00435494 0.0468933 -0.0574141 0.0453325 -0.000484959 0.0186329 -0.00759996 0.0014914 0.0490487 0.0238381 -0.031825 0.014237 0.00893548 -0.000907227
internal_weight=33209.3 15187.5 18021.8 15055.2 14403.4 10085.6 8954.96 8723.7 2966.6 1833.68 2575.14 1184.54 12569.7 1130.66 11673 1390.6 4969.6 600.074 401.414 391.464 3706.73 1262.87 2121.99 11508.3 164.692 896.71 784.131 1163.85 1584.73 1044.09
internal_count=1275510 703369 572141 522656 674910 357280 174635 164448 49485 237387 40107 17507 437523 182645 375474 22600 165376 179089 160465 9378 76938 88438 37740 365494 9980 62049 28459 37370 39198 14198
is_linear=0
shrinkage=0.08


Tree=89
num_leaves=31
num_cat=0
split_feature=2 6 6 5 5 6 6 5 6 5 5 2 3 3 5 3 9 5 4 4 3 2 9 3 2 1 6 3 7 9
split_gain=70.2589 117.35 70.2602 233.918 193.456 144.166 117.856 87.1456 62.8974 107.621 51.1704 47.9879 110.44 43.6251 41.0889 34.6108 33.5726 30.58 29.7507 22.2797 22.1886 18.4133 14.2361 12.2917 25.1996 11.516 11.5081 8.89001 10.9373 7.85052
threshold=0.98717737197875988 0.6546536684036256 0.54818576574325573 0.30521412193775183 0.45341086387634283 0.40631225705146795 0.38814750313758856 0.37688747048377996 0.90336728096008312 0.87421184778213512 0.99206298589706432 0.27953489124774938 0.45222154259681707 0.35767590999603277 0.36930006742477423 0.89943820238113414 1.0000000180025095e-35 0.25819891691207891 24.500000000000004 1.0000000180025095e-35 0.51704764366149913 0.66961652040481578 1.0000000180025095e-35 0.83910790085792553 0.55612829327583324 0.75134408473968517 0.37341365218162542 0.91331186890602123 1.0000000180025095e-35 1.0000000180025095e-35
decision_type=2 2 2 2 2 2 2 2 2 2 2 2 2 2 2 2 2 2 2 2 2 2 2 2 2 2 2 2 2 2
left_child=2 15 3 6 14 16 17 21 11 13 -11 18 -13 -10 25 -2 26 19 -6 -1 -9 -7 -19 24 -16 -4 -5 28 -8 -17
right_child=1 -3 4 5 8 7 27 20 9 10 -12 12 -14 -15 23 29 -18 22 -20 -21 -22 -23 -24 -25 -26 -27 -28 -29 -30 -31
leaf_value=0.01947040159565833 0.053718483234610759 0.071367579154470728 0.076855523254471841 -0.045222719736920339 0.013974345346937532 0.006309775451074532 0.13373795820985415 -0.04999752433217558 -0.01242366841122718 -0.0044527213291235988 0.014340823921795628 -0.038074170122691528 -0.004481555007794508 0.016041183072735572 0.017381145920922787 0.018023563646164569 -0.071824819156036571 -0.0024910160846080042 -0.021138126150934588 -0.00030922752057971044 -0.019287873543610608 0.051348978640333443 -0.061863442030254803 0.0095620421178347799 0.050014426262866972 0.024262749944140204 -0.0042823805371948812 0.023410263987262276 0 -0.00070246185344205946
leaf_weight=393.49445073591778 87.882486957241781 215.19071050774073 156.42600705230143 130.88796672178432 1165.0072265652707 143.62412012013374 44.557580286229495 188.065376544022 367.31829173304141 7137.2263125899481 1058.222075047961 668.92231587041169 9312.9239432322793 3960.2135555147543 397.6369841909036 165.36758294864558 484.3394149914966 49.934533027000725 170.17656177736353 4112.1312254074146 1001.135524574609 107.1915650687879 67.645143208210357 261.71087468450423 275.35733049188275 51.040995603776537 80.30483226524666 13.60985881014494 1.8676851023919869 817.79686492320616
leaf_count=3796 2494 141826 3109 5477 18845 18279 3937 42870 2496 150640 42516 30916 218725 97340 8991 7616 257084 1674 2284 43066 81831 7568 35779 10104 4532 3566 2660 1258 349 22946
internal_value=-0.000198799 0.0180886 -0.000946217 -0.00814323 0.00101301 -0.0300566 0.00183648 -0.0153634 -0.000524401 0.00337375 -0.00199926 -0.00485166 -0.00676668 0.0135766 0.0331046 0.00695337 -0.0599219 0.000297047 0.00931751 0.0014024 -0.0244674 0.0268111 -0.0390841 0.0254234 0.0312395 0.0655452 -0.0308545 0.108788 0.125996 0.00236059
internal_weight=33087.2 1286.24 31801 6818.79 24982.2 2135.55 4683.24 1440.02 23840 12523 8195.45 11317 9981.85 4327.53 1142.17 1071.05 695.532 4623.21 1335.18 4505.63 1189.2 250.816 117.58 934.705 672.994 207.467 211.193 60.0351 46.4253 983.164
internal_count=1274574 174882 1099692 505628 594064 415769 89859 150548 563762 292992 193156 270770 249641 99836 30302 33056 265221 84315 21129 46862 124701 25847 37453 23627 13523 6675 8137 5544 4286 30562
is_linear=0
shrinkage=0.08


Tree=90
num_leaves=31
num_cat=0
split_feature=3 0 1 3 2 1 4 7 4 0 0 0 1 3 1 2 3 0 3 3 3 0 3 6 3 0 0 3 4 4
split_gain=63.7811 180.581 154.847 494.864 279.695 277.864 191.348 169.008 177.774 168.593 235.33 129.916 129.227 107.618 95.9761 103.975 88.621 140.005 83.3084 81.0925 78.3914 72.0955 69.6104 52.2928 46.4539 74.8878 42.5369 36.8508 34.8143 33.3748
threshold=0.42740046977996832 0.30860807001590734 0.48934240639209753 0.66274511814117443 0.49752475321292883 0.61257407069206249 6.5000000000000009 1.0000000180025095e-35 8.5000000000000018 0.54446640610694896 0.30860807001590734 0.54085850715637218 0.60922586917877208 0.71503761410713207 0.49731183052062994 0.40212766826152807 0.35767590999603277 0.18350168317556384 0.37590579688549047 0.84660634398460399 0.39718310534954077 0.60107529163360607 0.42947559058666235 0.55433616042137157 0.60922586917877208 0.58885449171066295 0.40862709283828741 0.72613638639450084 15.500000000000002 6.5000000000000009
decision_type=2 2 2 2 2 2 2 2 2 2 2 2 2 2 2 2 2 2 2 2 2 2 2 2 2 2 2 2 2 2
left_child=1 16 3 9 5 14 11 8 13 10 22 -7 -10 -6 21 -16 17 -1 -18 -8 -20 -4 -2 -12 -11 -26 -3 -5 -22 -19
right_child=2 26 4 27 7 6 19 -9 12 24 23 -13 -14 -15 15 -17 18 29 20 -21 28 -23 -24 -25 25 -27 -28 -29 -30 -31
leaf_value=0.019409568150588669 0.079923643827005064 -0.050553976595250676 -0.046095342040560067 0.046229894263336062 0.016405293598281093 0.12455881400010559 -0.079101109429560862 0.062157636800671108 0.016259828989778589 0.075176509878540299 -0.051784377192199353 0.011140547623329593 -0.018706645099662415 0.00096356944768946271 -0.034264008477951372 -0.110926913862438 0.042348509728553002 -0.04244862495212174 -0.055439670733777029 0.011028208621557662 0.039391741613448848 0.072512867490891628 0.02152577818995963 -0.011405384609688533 -0.04122668716833406 0.063133795507007456 0.058166403666173878 0.084443372111953643 -0.0087646589663267459 -0.015441233447804823
leaf_weight=638.6824468759587 178.63799229089636 653.85173762211343 114.93038314644946 301.62695269833785 3588.0379875276703 91.446577094553504 162.80386326368898 281.72749174875207 798.1108552319929 225.32392466330202 225.18352684186539 210.76119878259487 4176.6865610302775 14874.315977402963 181.35298026859527 367.1562198617612 475.74339367711218 500.48251217132201 134.00283081957605 96.812612392473966 182.23806368693477 39.684582013869658 520.62646272231359 2259.9280170304701 71.797655820904765 96.013931531226262 18.501338011352345 524.19428381830221 185.78096737875603 789.46383263426833
leaf_count=6550 2182 35116 4823 8863 109074 1441 12489 29231 28074 3442 67232 6561 127936 669625 10824 27279 9388 13820 4710 6602 4802 722 9126 34691 1586 1234 831 16275 3876 16426
internal_value=0.000354879 -0.00971484 0.00158805 0.0154135 -0.000844839 -0.037426 0.00428053 0.0011068 0.000353006 0.00244674 -0.00363731 0.0474499 -0.0130541 0.00397686 -0.070772 -0.0864075 -0.00098748 -0.0109798 0.0185151 -0.0453134 -0.00395006 -0.0133322 0.0371331 -0.0152251 0.0515559 0.0176567 -0.0469188 0.0710409 0.0148612 -0.0261668
internal_weight=32965.9 3578.75 29387.2 4403.33 24983.8 1264.95 561.824 23718.9 23437.2 3577.51 3184.38 302.208 4974.8 18462.4 703.124 548.509 2906.39 1928.63 977.765 259.616 502.022 154.615 699.264 2485.11 393.136 167.812 672.353 825.821 368.019 1289.95
internal_count=1274831 95519 1179312 144631 1034681 70741 27093 963940 934709 119493 113231 8002 156010 778699 43648 38103 59572 36796 22776 19091 13388 5545 11308 101923 6262 2820 35947 25138 8678 30246
is_linear=0
shrinkage=0.08


Tree=91
num_leaves=31
num_cat=0
split_feature=8 3 8 1 5 8 1 2 1 1 0 4 1 1 5 3 5 8 5 0 4 1 1 5 2 3 3 4 2 4
split_gain=68.2197 87.9592 155.171 80.4163 70.6382 89.2867 335.874 97.0165 150.705 101.434 84.1793 45.9793 38.7714 49.2043 34.2774 32.841 31.3058 28.5627 138.893 71.9496 64.3131 59.5742 32.9729 27.9296 43.4544 145.974 79.3726 127.794 82.3716 51.7343
threshold=1.0000000180025095e-35 0.88047617673873912 0.75000000000000011 0.75905716419219982 0.5219314992427827 0.75000000000000011 0.50274726748466503 0.68020617961883556 0.65142410993576061 0.80874970555305492 0.77836257219314586 8.5000000000000018 0.80217391252517711 0.93582704663276683 0.97909381985664379 0.9569842815399171 0.82966196537017833 0.75000000000000011 0.34217563271522528 0.69860395789146434 2.5000000000000004 0.35767590999603277 0.78142958879470836 0.56916823983192455 0.76845377683639537 0.91922956705093395 0.90054944157600414 2.5000000000000004 0.86706829071044933 16.500000000000004
decision_type=2 2 2 2 2 2 2 2 2 2 2 2 2 2 2 2 2 2 2 2 2 2 2 2 2 2 2 2 2 2
left_child=14 4 12 -4 17 6 -6 8 -7 -9 -8 -5 -3 15 23 -14 -13 20 -19 -20 22 -22 -2 -1 25 -25 28 -28 -26 -27
right_child=1 2 3 11 5 7 10 9 -10 -11 -12 16 13 -15 -16 -17 -18 18 19 -21 21 -23 -24 24 26 29 27 -29 -30 -31
leaf_value=-0.014939243107192957 0.0008567499143288421 0.026320701296616213 0.068890101840116527 0.027850600647891476 0.0715840541657147 -0.0056849519681356373 0.0015053150420441302 0.029141088363040222 -0.036215931010642896 -0.0054089459718395586 -0.053245724138697777 0.023569331384629161 -0.02265008059454135 0.0037348180481984496 0.025605377698896148 0.012012570630854995 -0.0085968571345018448 0.080882367001862437 0.0012052579827941342 0.042892084907105062 0.076995648789737262 -0.013489523650041918 0.032285492939063042 -0.0071933445567253012 -0.0069347740179094477 0.044972638101637853 -0.044908561086655856 -0.0058165402546100295 0.046082426203246069 -0.022972056392787838
leaf_weight=2010.2669370805961 401.23359142884146 349.12196992826648 241.03554608492414 1699.3580177124823 455.97036390716676 7984.3743717105826 811.89089691155823 922.97518015280366 1188.7167319535511 1296.7668328214786 223.88531583786244 317.55597342242254 882.94841943820938 3223.145633062697 208.53234105597949 207.93618227075785 471.84335850685602 182.0996740970877 1567.6678523790906 316.18128761090338 43.087929545319639 1197.4279330760473 480.47439540422056 1895.8692107772222 499.2971526235342 570.54604836693034 722.75859282887541 2078.7535688051721 290.69810345349833 75.51717774849385
leaf_count=371933 11755 7339 18420 278354 6439 117253 16651 22683 18322 55009 5147 15549 15866 72401 3158 3836 27568 6856 68306 9094 2462 50202 6921 21244 3531 4590 15059 14547 4351 461
internal_value=0.000339116 0.00247491 0.00976257 0.024894 -0.000673405 -0.00361603 0.0147257 -0.00603709 -0.00967639 0.00891835 -0.0103745 0.0204392 0.000853246 -0.0011988 -0.00589572 -0.0158723 0.0042083 0.00833471 0.0150292 0.00838161 0.00172253 -0.00992169 0.0182493 -0.00673721 -0.0040129 0.00394222 -0.00968538 -0.0160209 0.0125401 0.0366695
internal_weight=32817.9 24465.7 7392.95 2729.79 17072.8 12884.6 1491.75 11392.8 9173.09 2219.74 1035.78 2488.76 4663.15 4314.03 8352.24 1090.88 789.399 4188.17 2065.95 1883.85 2122.22 1240.52 881.708 8143.71 6133.44 2541.93 3591.51 2801.51 789.995 646.063
internal_count=1275307 836433 439333 339891 397100 241504 28237 213267 135575 77692 21798 321471 99442 92103 438874 19702 43117 155596 84256 77400 71340 52664 18676 435716 63783 26295 37488 29606 7882 5051
is_linear=0
shrinkage=0.08


Tree=92
num_leaves=31
num_cat=0
split_feature=4 2 6 6 6 8 6 0 0 1 3 0 3 1 4 1 1 0 4 2 6 4 1 0 3 3 3 6 3 2
split_gain=73.1825 59.4702 97.1851 63.5021 163.141 166.942 98.774 81.2822 56.6991 55.4632 713.702 347.713 198.631 310.701 207.954 53.6311 43.6183 17.5943 81.7682 26.1901 16.2815 14.388 12.3569 11.6029 9.87331 9.32536 8.91665 8.09218 7.59732 5.15483
threshold=25.500000000000004 0.98610842227935802 0.6546536684036256 0.52506983280181896 1.0000000180025095e-35 0.75000000000000011 0.4296585619449616 0.45035210251808172 0.89871358871459972 0.65142410993576061 0.7577352523803712 0.63686314225196849 0.70659971237182628 0.7320508360862733 10.500000000000002 0.40838271379470831 0.58102023601531994 0.72046512365341198 5.5000000000000009 0.57932874560356151 0.36400441825389868 30.500000000000004 0.2014492750167847 0.24068965017795566 0.66274511814117443 0.71834936738014232 0.93127068877220165 0.76675301790237438 0.9634092152118684 0.66961652040481578
decision_type=2 2 2 2 2 2 2 2 2 2 2 2 2 2 2 2 2 2 2 2 2 2 2 2 2 2 2 2 2 2
left_child=1 3 8 4 17 6 -6 -7 20 10 11 -5 14 -14 -11 21 -12 18 -1 -19 -3 23 -23 27 -24 -25 -10 -2 -28 -17
right_child=15 2 -4 9 5 7 -8 -9 26 12 16 -13 13 -15 -16 29 -18 19 -20 -21 -22 22 24 25 -26 -27 28 -29 -30 -31
leaf_value=0.032059177900371279 -0.024411670217367547 0.029468605185200114 0.067905581112911562 -0.0052364841092545026 -0.063387055842446194 -0.04753204100234127 -0.015806953467483294 0.01657398923557624 -0.03794551406846431 0.034392911688789475 0.082758446210472056 0.050211407981758369 -0.045571366318624622 -0.0013931446847233772 -0.066420044327837463 -0.095986584827291679 0.043961046130349617 0.039118159648534954 -0.008834471536513084 -0.0036016252189283796 0.10365981908462449 -0.011200011674933699 -0.07092135266462879 -0.03726803510547972 0.018508933330446224 0.032607865609452717 0.019957527644826979 0.014152823433622766 -0.00022981877629947592 0
leaf_weight=546.10427557723597 39.384400176000781 59.662587313214317 198.97541823261417 9139.2124646106968 738.70720057905419 155.49700630700681 470.53764292009873 589.35146325384267 30.843520806985907 1398.1623814441264 660.6948369902675 780.93776078941301 1117.9574504708871 11097.710977033072 138.84909042855725 70.956154953164514 316.66513429314364 89.240603009238839 711.29752288525924 3088.3938776021823 38.27656985016074 68.341809999546967 65.427516582654789 89.67243014392443 3.7985877765459 7.6826298870728342 132.74443070439156 138.36562580615282 784.7971983354073 1.8182922727428366
leaf_count=6300 1141 1377 141849 141039 336487 36819 57861 14805 1172 23091 20684 11142 21583 373155 1446 6672 9354 637 9119 22526 1466 915 1606 2640 220 285 3766 1093 25197 461
internal_value=-0.000287139 0.000173836 0.0172839 -0.00051014 -0.00761809 -0.0268472 -0.0451459 0.00274992 0.00722801 0.00132687 0.00559248 -0.000832278 -0.00204235 -0.00546634 0.0249962 -0.0309597 0.0706387 0.000838983 0.00885601 -0.00229204 0.063645 -0.0187289 -0.039654 -0.00717292 -0.0629423 -0.0288672 0.000930817 0.00429839 0.00260967 -0.092595
internal_weight=32770.1 32284.6 1245.3 31039.3 6389.13 1954.09 1209.24 744.848 1046.32 24650.2 10897.5 9920.15 13752.7 12215.7 1537.01 485.447 977.36 4435.04 1257.4 3177.63 97.9392 412.673 137.568 275.105 69.2261 97.3551 948.385 177.75 917.542 72.7744
internal_count=1275908 1260875 174827 1086048 484554 445972 394348 51624 32978 601494 182219 152181 419275 394738 24537 15033 30038 38582 15419 23163 2843 7900 2741 5159 1826 2925 30135 2234 28963 7133
is_linear=0
shrinkage=0.08


Tree=93
num_leaves=31
num_cat=0
split_feature=2 3 4 3 1 3 2 6 5 2 1 1 1 5 1 8 1 3 3 2 1 6 4 4 6 5 1 3 4 2
split_gain=61.7987 113.47 93.5828 74.0798 166.002 272.523 183.008 112.272 111.457 107.79 338.182 315.852 88.5015 80.7801 80.5242 68.159 66.4337 193.23 130.832 91.8121 52.7879 50.397 49.3354 48.1582 40.2451 37.2795 34.3127 61.1053 34.0212 204.775
threshold=0.88762626051902782 0.92637759447097789 3.5000000000000004 0.95419579744339 0.85145786404609691 0.91458967328071605 0.6911335587501527 0.81002196669578563 0.67576888203620922 0.85575589537620556 0.88493064045906078 0.92718276381492626 0.90521115064620983 0.48394460976123815 0.90353596210479747 0.75000000000000011 0.95275297760963451 0.9833287000656129 0.98936051130294811 0.7897985875606538 0.99565216898918163 0.53671374917030346 20.500000000000004 6.5000000000000009 0.54246303439140331 0.5219314992427827 0.81284341216087352 0.93127068877220165 2.5000000000000004 0.93582704663276683
decision_type=2 2 2 2 2 2 2 2 2 2 2 2 2 2 2 2 2 2 2 2 2 2 2 2 2 2 2 2 2 2
left_child=3 2 -2 4 5 7 12 13 -9 11 -11 -8 23 -1 25 28 17 19 21 -16 -4 -18 -20 -6 -14 -5 -7 -28 29 -3
right_child=1 15 20 14 6 26 9 8 -10 10 -12 -13 24 -15 16 -17 18 -19 22 -21 -22 -23 -24 -25 -26 -27 27 -29 -30 -31
leaf_value=-0.00062611994341978366 0.040483237352181345 -0.07518985494046905 0.02688570445546901 0.012226166860626555 0.034645290202591099 0.060023399761986632 -0.055340460401553972 0.020436364718335379 -0.00067821167029706033 0.035432000749312367 -0.053897465972265995 0.0049455434600115394 0.0029010609454898049 -0.017591539897648858 0.0093732779363958438 0.027454758256525592 0.011615660309071353 0.095908995754316509 0.0024738369199915219 -0.10990790375083537 -0.049909159213412782 0.066809123863829811 -0.066754298836904702 -0.03144382600774235 0.077975563822259272 0.058080541025924401 -0.04161712908059375 0.052854764089592637 0.0047568668603621333 0.0014946574754585806
leaf_weight=3357.1310713723651 964.99282092438079 262.58812930068234 94.553133912559133 215.7559634122299 110.70569209649693 504.50697124109138 1570.0727084520622 1933.3084897405934 9094.891366348369 612.72769941034494 478.10394461773103 851.47853957576444 66.568861487729009 3909.7050447766669 54.891773498209659 548.22233642416541 182.49966841749847 49.568936033931095 3291.4305385855841 130.74510095414007 126.28214549453696 286.35714506852673 62.153579145495314 173.58083099016221 185.60725636896677 271.29780057136668 64.555192524159793 110.19611182622612 1747.6857552435831 1310.3356066159904
leaf_count=351734 74001 5439 4314 8020 3346 21030 42115 26479 115585 17640 9618 20098 2444 118333 2083 171850 4493 1289 118149 3289 2322 15456 5909 5986 5284 13976 2163 3350 36377 62977
internal_value=-2.09974e-06 0.00812006 0.0297212 -0.00149833 -0.00334594 -0.000197802 -0.0180413 -0.00205958 0.00301638 -0.0247116 -0.00364175 -0.0341099 0.025161 -0.00978168 0.00781972 0.00142803 0.00406407 -0.0366537 0.00665596 -0.0744771 -0.0164528 0.0460123 0.00104569 -0.0050006 0.0592214 0.0384237 0.0493619 0.0168787 -0.00285561 -0.0114036
internal_weight=32622.5 5054.66 1185.83 27567.8 23023.1 18974.3 4048.85 18295 11028.2 3512.38 1090.83 2421.55 536.463 7266.84 4544.7 3868.83 4057.65 235.206 3822.44 185.637 220.835 468.857 3353.58 284.287 252.176 487.054 679.258 174.751 3320.61 1572.92
internal_count=1275149 357280 80637 917869 745205 638674 106531 612131 142064 89471 27258 62213 17060 470067 172664 276643 150668 6661 144007 5372 6636 19949 124058 9332 7728 21996 26543 5513 104793 68416
is_linear=0
shrinkage=0.08


Tree=94
num_leaves=31
num_cat=0
split_feature=9 1 6 4 6 5 5 6 8 5 5 3 5 8 3 6 5 3 1 4 3 1 1 3 4 1 3 3 1 4
split_gain=67.036 79.107 95.2334 51.8799 47.0117 353.818 161.434 65.6234 64.6715 53.0707 49.6033 49.9476 43.4047 41.1804 36.5335 25.183 33.2778 37.0105 23.622 23.3876 20.402 23.5199 18.8904 47.5247 15.4083 82.4198 43.0709 14.8973 14.7145 13.4573
threshold=1.0000000180025095e-35 0.92031747102737438 0.56727004051208507 25.500000000000004 0.46384282410144811 0.27465948462486273 0.44497103989124304 0.62345302104949962 0.75000000000000011 0.63658976554870617 0.56479570269584667 0.95180022716522228 0.35647869110107427 0.75000000000000011 0.81120249629020702 0.91607978940010082 0.76718232035636913 0.56773442029953014 0.87007671594619762 5.5000000000000009 0.73375529050827037 0.65419578552246105 0.62988328933715831 0.77303028106689464 3.5000000000000004 0.62115561962127697 0.39718310534954077 0.71330726146698009 0.2930081188678742 3.5000000000000004
decision_type=2 2 2 2 2 2 2 2 2 2 2 2 2 2 2 2 2 2 2 2 2 2 2 2 2 2 2 2 2 2
left_child=1 3 -3 15 5 13 12 9 -7 19 18 -12 -6 22 -11 24 -17 -18 -9 -8 21 -14 23 -2 26 -26 -1 -24 -5 -22
right_child=4 2 -4 28 6 8 7 10 -10 14 11 -13 20 -15 -16 16 17 -19 -20 -21 29 -23 27 -25 25 -27 -28 -29 -30 -31
leaf_value=-0.032465122664343156 -0.044392546072099026 0.012428543319514753 0.073741258548906799 -0.022748507120983655 0.069899509311516589 -0.070774858487765463 -0.014366892529366895 0.017891755941072604 -0.017372403356363645 -0.01257268869555918 -0.0039048640535451506 0.0063597926371911986 0.023918243132405207 0.14604083127993325 0.086005553599625542 0.047786422739207329 -0.00088019256139764595 0.037205149283670268 -0.00066354919454809284 -0.039132457186456297 0.025466635664963617 0.069116447828032446 0.025811278008899402 0.027242223612645163 0.0072738396913664483 -0.029231808235358609 0.016692621972213311 0.0001312835113816369 -0.082314747218666148 -0.0031031655507297441
leaf_weight=123.73953946260735 175.84687949158251 523.7055354207987 237.40369464122341 134.98653932637535 158.12649469450116 590.61997371562757 627.92849969537929 1309.4822746918071 208.58884295681491 40.463447984540835 13972.042825556477 3861.9932830839534 334.08282571460586 7.3592104824492699 43.888354413211346 182.87242858629907 567.10369803709909 219.96398635877995 634.3908782756771 441.9130267763976 185.28941007645335 103.58962579269428 145.19303521543043 81.229198134562466 1680.0911891242722 511.82495644310256 912.7330170442001 4258.0184425255284 36.247314801323228 215.83163319237065
leaf_count=2289 12824 17183 201869 1757 5193 361240 27285 17960 23920 2437 202034 136675 17495 320 430 9933 4214 29728 15776 39306 4477 1692 2557 1080 27951 22179 46573 32266 686 5040
internal_value=-9.9876e-06 0.00837274 0.0321184 0.00416806 -0.00158698 -0.00822086 6.10382e-05 -0.00143286 -0.0572307 -0.0199354 -0.000340246 -0.00167191 0.0314384 0.000188781 0.0388696 0.00597935 0.017277 0.00972929 0.0117679 -0.02488 0.023627 0.0356372 -0.000163514 -0.0210595 0.00251414 -0.00122474 0.0105426 0.00104268 -0.0382432 0.00985114
internal_weight=32526.6 5130.67 761.109 4369.56 27395.9 5466.86 21929 20932.1 799.209 1154.19 19777.9 17834 996.92 4667.65 84.3518 4198.33 969.94 787.068 1943.87 1069.84 838.793 437.672 4660.29 257.076 3228.39 2191.92 1036.47 4403.21 171.234 401.121
internal_count=1274369 364362 219052 145310 910007 434207 475800 441903 385160 69458 372445 338709 33897 49047 2867 142867 43875 33942 33736 66591 28704 19187 48727 13904 98992 50130 48862 34823 2443 9517
is_linear=0
shrinkage=0.08


Tree=95
num_leaves=31
num_cat=0
split_feature=1 3 1 4 3 1 3 8 3 1 4 8 3 1 3 3 3 4 1 3 8 4 1 3 5 3 3 1 4 5
split_gain=54.7989 107.23 121.359 133.574 122.206 109.844 52.248 50.0173 46.1186 35.0639 33.8913 32.0354 30.5712 23.4965 51.2059 28.7463 23.0874 18.694 20.2373 19.4826 17.8457 17.5158 13.5369 12.3236 11.2763 9.11412 14.1674 8.3216 7.65305 6.94328
threshold=0.18808962404727939 0.35767590999603277 0.29818989336490637 21.500000000000004 0.45222154259681707 0.48934240639209753 0.33589744567871099 0.75000000000000011 0.33060109615325933 0.5604878067970277 28.500000000000004 0.75000000000000011 0.32071428000926977 0.44092722237110143 0.80217391252517711 0.61451050639152538 0.42740046977996832 5.5000000000000009 0.13714733719825747 0.43534001708030706 1.0000000180025095e-35 12.500000000000002 1.0000000180025095e-35 0.42740046977996832 0.89236900210380565 0.34549072384834295 0.35388994216918951 0.28759399056434637 14.500000000000002 0.85010123252868663
decision_type=2 2 2 2 2 2 2 2 2 2 2 2 2 2 2 2 2 2 2 2 2 2 2 2 2 2 2 2 2 2
left_child=11 6 7 4 9 -6 8 20 12 -4 16 29 21 15 -15 -5 -9 18 -13 22 -3 -2 -19 -24 28 -8 -27 -10 -21 -1
right_child=1 2 3 13 5 -7 25 10 27 -11 -12 17 -14 14 -16 -17 -18 19 -20 24 -22 -23 23 -25 -26 26 -28 -29 -30 -31
leaf_value=0.071281081631202531 -0.027522009542033307 0.031861558416960152 -0.030058737349845061 -0.044355808076294662 0.015489467549598422 -0.00082764347497422746 -0.083640635744755193 0.0093800632415241524 0.019811121851368869 0.1025453579089913 -0.032786996675883397 0.028121607466460731 -0.087298741706546293 -0.10814700661407368 -0.02564306793055969 0.025915581211221898 0.031817561397439666 -0.062224460735325116 -0.041471555079824987 0.017356283082920216 0.086215139827520118 0.00014416371705913518 0.020999517071588699 0.070041988874535277 0.017026916757848148 -0.026244429234187076 -0.072542977950439583 -0.01197005672580362 -0.044525954999482219 0.022878338139995087
leaf_weight=79.823131605866365 502.18694082339061 100.82592303224374 935.51293710939353 113.82369005028158 2954.9542093146592 24356.969900331838 60.082924360176548 665.11754667630885 229.58673072740203 7.6426707670325404 76.53564598725643 34.104011491406709 43.386763847724069 96.233865058864467 112.1455802974524 47.280978384602349 572.01493685913738 6.0549674690701059 71.683131923899055 9.0680441134609264 93.426901079365052 189.79457114898833 571.2239279972855 34.855081763118505 39.661189775913954 163.97911648527952 71.096977930807043 57.667834381340072 56.665989341912791 48.082117120735347
leaf_count=1125 10795 4193 50379 4852 106676 1020488 2809 15345 4411 195 1410 338 1791 7775 7997 1829 8758 63 876 121 1691 2897 5704 336 648 5410 2649 2443 810 395
internal_value=8.20655e-05 -0.000486523 0.000486851 -0.000674716 -3.99537e-05 0.000934406 -0.0227824 0.0225718 -0.0138743 -0.0282804 0.016662 0.0189529 -0.0245213 -0.0481402 -0.0661362 -0.02261 0.0199697 0.0127275 -0.0173351 0.0174705 0.0603137 -0.0197577 0.0230162 0.0246318 -0.0128731 -0.0523677 -0.0421327 0.0127878 -0.0331038 0.0558346
internal_weight=32401.5 31450.3 30132.5 28624.6 28255.1 27311.9 1317.78 1507.92 1022.62 943.156 1313.67 951.222 735.368 369.484 208.379 161.105 1237.13 823.316 105.787 717.529 194.253 691.982 612.134 606.079 105.395 295.159 235.076 287.255 65.734 127.905
internal_count=1275209 1264793 1231588 1200191 1177738 1127164 33205 31397 22337 50574 25513 10416 15483 22453 15772 6681 24103 8896 1214 7682 5884 13692 6103 6040 1579 10868 8059 6854 931 1520
is_linear=0
shrinkage=0.08


Tree=96
num_leaves=31
num_cat=0
split_feature=6 4 0 3 1 9 3 0 1 0 0 0 3 1 3 1 0 0 3 4 4 0 6 4 1 4 4 8 3 2
split_gain=58.3631 55.0278 54.809 136.508 77.2188 52.6969 51.3436 50.4639 44.7827 40.4583 34.8718 32.6248 28.6839 27.6667 27.1753 59.1578 114.197 71.1109 112.661 43.0929 27.1925 24.5961 24.1255 23.3769 21.2066 20.4255 34.1422 16.5887 16.416 14.6791
threshold=0.94313561916351329 24.500000000000004 0.24068965017795566 0.42740046977996832 0.31643131375312811 1.0000000180025095e-35 0.35767590999603277 0.90645834803581249 0.31010198593139654 0.18350168317556384 0.15047170221805575 0.423303171992302 0.35767590999603277 0.43353414535522466 0.95488464832305919 0.78830561041831981 0.70051544904708873 0.68870675563812267 0.75582656264305126 12.500000000000002 5.5000000000000009 0.30860807001590734 0.85254529118537914 5.5000000000000009 0.77459675073623668 5.5000000000000009 6.5000000000000009 0.75000000000000011 0.99473685026168834 0.81769305467605602
decision_type=2 2 2 2 2 2 2 2 2 2 2 2 2 2 2 2 2 2 2 2 2 2 2 2 2 2 2 2 2 2
left_child=1 2 6 8 21 -6 9 14 12 22 -8 -10 -4 -3 15 16 19 20 -19 -2 -17 -5 -1 29 -18 -16 28 -11 -27 -9
right_child=7 13 3 4 5 -7 10 23 11 27 -12 -13 -14 -15 25 17 24 18 -20 -21 -22 -23 -24 -25 -26 26 -28 -29 -30 -31
leaf_value=0.041344965098603734 -0.0034792450386322564 -0.020085814792041051 -0.034341268206143007 0.057016085132881623 0.0083802728584469986 -0.0030304745495841824 -0.038497138163512905 0.068390450192442706 -0.05367990449565304 0.022531956974846605 0.049724675131324128 0.087278377978897606 -0.0014652267332254229 -0.075996864185431931 0.037601555398960811 0.042953721253593979 0.045688698066488592 -0.089647526787185752 -0.010887983204127785 0.014165468076354664 -0.00096469080496226517 0.015762281203851917 0 -0.045464035646098647 -0.00037020628698199837 0.016201918470393057 0.01543411746547055 -0.019431761523388501 -0.07113801837341277 0.027068814875075571
leaf_weight=208.19986220891587 2662.2083201031201 319.11677438969491 314.4056070658844 166.45922252349555 2995.8979376293719 18737.548289290979 25.843649770482443 71.050801294215489 408.14506662933854 64.89329371531494 308.37790738308104 5.6000342732295385 386.74416080827359 70.698982647794764 235.49058495130157 178.93754968812573 513.80906384548871 124.97841670265188 1215.9871334421914 1316.1555093358038 163.11850564845372 245.925886447425 161.79722189716995 19.025022752815858 65.05865069385618 13.534074045310261 616.20617346378276 352.62466878956184 41.413985846622381 425.11459840493626
leaf_count=3679 28432 8471 13542 3590 254637 651577 282 7901 35301 1477 4645 289 16809 5961 15967 8570 17679 2553 40771 11564 2086 9136 904 405 1940 639 39129 7907 1361 78568
internal_value=6.30017e-05 -0.00181949 -0.0013326 -0.00217292 -0.000787301 -0.00144861 0.0158828 0.00616735 -0.0294271 0.00441698 0.0419644 -0.0503706 -0.0165727 -0.0314654 0.00438682 0.00246987 0.00722293 -0.0102888 -0.018653 0.00232841 0.0218369 0.0332812 0.0236668 0.0302804 0.0402793 0.0173193 0.00974076 -0.0123414 -0.0473996 0.0339286
internal_weight=32434.4 24772.3 24382.5 23260.7 22145.8 21733.4 1121.74 7662.09 1114.89 787.515 334.222 413.745 701.15 389.816 7146.9 6240.25 4557.23 1683.02 1340.97 3978.36 342.056 412.385 369.997 515.19 578.868 906.645 671.154 417.518 54.9481 496.165
internal_count=1275772 1018207 1003775 984881 918940 906214 18894 257565 65941 13967 4927 35590 30351 14432 170691 113595 59615 53980 43324 39996 10656 12726 4583 86874 19619 57096 41129 9384 2000 86469
is_linear=0
shrinkage=0.08


Tree=97
num_leaves=31
num_cat=0
split_feature=9 1 8 1 3 0 4 0 0 3 4 0 7 4 3 0 1 1 3 4 0 4 1 2 1 8 4 3 1 1
split_gain=51.6033 74.6034 82.3102 43.4841 60.018 83.2571 95.7607 88.4265 82.6546 52.9931 47.5779 38.372 36.6488 35.3119 31.2269 27.07 95.1993 66.9473 25.0959 23.1674 16.8454 14.192 13.0023 11.863 10.9523 10.0324 8.66016 15.3758 11.3691 7.31145
threshold=1.0000000180025095e-35 0.79388421773910534 0.75000000000000011 0.16807910054922107 0.42740046977996832 0.30860807001590734 8.5000000000000018 0.79388421773910534 0.30068494379520422 0.35767590999603277 21.500000000000004 0.40862709283828741 1.0000000180025095e-35 28.500000000000004 0.86319074034690868 0.56440424919128429 0.62115561962127697 0.64051282405853283 0.37590579688549047 6.5000000000000009 0.24068965017795566 17.500000000000004 0.31643131375312811 0.64899963140487682 0.25844402611255651 0.75000000000000011 2.5000000000000004 0.87841832637786876 0.90353596210479747 0.27518594264984136
decision_type=2 2 2 2 2 2 2 2 2 2 2 2 2 2 2 2 2 2 2 2 2 2 2 2 2 2 2 2 2 2
left_child=1 13 21 25 8 10 12 -8 9 19 22 24 -7 14 15 17 -17 -1 -11 -5 -12 26 -6 -16 -10 -2 27 -3 -28 -15
right_child=3 2 -4 4 5 6 7 -9 11 18 20 -13 -14 29 23 16 -18 -19 -20 -21 -22 -23 -24 -25 -26 -27 28 -29 -30 -31
leaf_value=0.0027224771100337304 0.050516712952430647 0.048449335340461891 0.056537076056158632 -0.034669369440627464 0.065237100388277777 0.0012278655251687252 -0.0058480768460499278 -0.03298891904525246 -0.013595271982827071 0.032677173760097579 0.024058977469706418 0.065951360509550666 0.033019900205824737 -0.026111318004509342 0.063051921938224925 0.017273996180108501 -0.034797818652973656 0.056202653186882473 -0.0023369259312859417 -0.0075270165230284184 -0.028918195360430592 -0.054424024026654437 0.013206183014566129 0.0085584251239037099 -0.055047313696972876 0.017057733668271929 -0.014213728503667976 0.010703250341626384 0.013135007048592709 -0.085808491166333559
leaf_weight=2618.4864794400055 77.967578948417213 96.731062315142481 363.98512466714601 319.58888289536117 202.68819040816743 18233.333780052024 5258.5080856109853 901.35666452639271 62.106957474316005 248.28058387502097 75.172646101535065 13.794872514088636 230.59813835244859 70.983002688968554 70.490991225931793 418.21733270597178 469.4764223813545 154.67751161870547 253.88034521893132 595.73995357844979 68.436645323818084 15.191783256945198 49.114819665497635 52.881424578547012 375.24976681085536 336.48806424671784 135.71559542312752 284.50739728257759 293.17840903840261 21.553424922516569
leaf_count=35177 704 8344 203700 11092 3397 600293 193273 12365 2163 6059 1045 737 15752 961 10530 11839 20919 3221 8837 13985 2415 914 2533 7595 32686 3263 5757 30492 24477 412
internal_value=9.65365e-05 0.00751234 0.0250072 -0.00127477 -0.00167876 -0.000637728 -0.00123219 -0.00986901 -0.0154929 -0.00580922 0.0355355 -0.0451703 0.00164241 0.00207877 0.00333889 0.00193041 -0.0101268 0.00585879 0.0148109 -0.0173145 -0.000234059 0.0106525 0.0561661 0.0421837 -0.0497428 0.0242606 0.0123955 0.021198 0.00404818 -0.0453423
internal_weight=32368.4 5066.08 1189.31 27302.3 26887.9 25019.2 24623.8 6159.86 1868.64 1417.49 395.412 451.152 18463.9 3876.77 3784.23 3660.86 887.694 2773.16 502.161 915.329 143.609 825.324 251.803 123.372 437.357 414.456 810.132 381.238 428.894 92.5364
internal_count=1274937 364338 273684 910599 906632 831073 821683 205638 75559 39973 9390 35586 616045 90654 89281 71156 32758 38398 14896 25077 3460 69984 5930 18125 34849 3967 69070 38836 30234 1373
is_linear=0
shrinkage=0.08


Tree=98
num_leaves=31
num_cat=0
split_feature=0 3 0 0 1 3 2 3 1 3 1 8 3 3 8 3 8 8 8 0 1 3 5 3 3 3 5 1 1 5
split_gain=48.3974 88.4371 154.799 186.397 138.99 319.191 200.192 110.626 44.3443 35.6383 31.6053 35.508 29.1327 21.325 19.3724 17.8397 17.0213 28.5302 15.2077 12.1715 12.4266 11.3657 11.2393 10.1938 18.977 9.69103 5.02111 4.59801 4.44847 3.64259
threshold=0.18350168317556384 0.35767590999603277 0.30860807001590734 0.39811320602893835 0.4817046076059342 0.6832355558872224 0.4803846031427384 0.49151568114757543 0.55625879764556896 0.46709956228733068 0.36451049149036413 0.75000000000000011 0.35388994216918951 0.54201978445053112 0.75000000000000011 0.42740046977996832 0.75000000000000011 1.0000000180025095e-35 1.0000000180025095e-35 0.21680375933647159 0.18808962404727939 0.27842378616333013 0.89236900210380565 0.41728855669498449 0.37590579688549047 0.35388994216918951 0.85010123252868663 0.16807910054922107 0.13714733719825747 0.85770529508590709
decision_type=2 2 2 2 2 2 2 2 2 2 2 2 2 2 2 2 2 2 2 2 2 2 2 2 2 2 2 2 2 2
left_child=9 12 10 7 5 -5 -6 8 -4 14 11 18 16 -9 26 -13 17 -2 -3 21 -21 -18 -11 24 25 -16 -1 -26 -25 -19
right_child=1 2 3 4 6 -7 -8 13 -10 22 -12 15 -14 -15 23 -17 19 29 -20 20 -22 -23 -24 28 27 -27 -28 -29 -30 -31
leaf_value=0.068426846815959272 -0.02058451913859494 0.033328832252386587 -0.045010275431600577 0.0041232523316784156 -0.038279497701235989 0.074467356437317486 0.00031819462731054205 -0.011720360198702713 0.075242112262975849 -0.057831919073795091 -0.021893017202442949 0.014197445960432084 -0.070601057288086258 0.023658965485045837 0.014382201313404057 0.0342166545630532 -0.027861810250588762 0.063552286910306177 0.085503208995221125 0.0033714160849545221 -0.030208783685732418 0.0022611779256003577 0.0067881422194172375 0 -0.060341915434789332 0.048902371423104204 0.020305466149842865 0 0.062516786563914822 0.0089526552983499978
leaf_weight=71.748681764991488 86.368100996100111 97.211965587746818 1011.6536402940692 2030.923344640818 887.14294543178403 515.26589408796281 23699.450734272337 212.24988839740399 14.68577532871859 43.052014109212905 78.336339907807996 723.12990650185384 68.548997713340214 208.64219986530952 553.42745204432867 533.62918968696613 112.77662046195474 37.767084034741856 90.261340351426043 68.282993446104228 669.70296124869492 223.76131428207736 19.03975267149508 5.4321037800982586 18.41401191521436 60.121734912041575 37.38899261970073 17.905500438762829 40.182636942015961 21.155004527419806
leaf_count=959 3180 3257 54158 74278 51900 16959 980511 7888 349 713 5306 16671 2685 11285 5591 7738 1602 970 1478 891 20762 3049 498 55 198 562 287 197 375 157
internal_value=0.000230776 -0.000280498 0.000594332 -0.000726292 0.00076238 0.0185394 -0.0010755 -0.0286527 -0.042778 0.0188272 0.0254096 0.0281524 -0.0207679 0.00551385 0.023502 0.0229265 -0.01756 0.00712844 0.0608487 -0.021064 -0.0268846 -0.00762492 -0.0366029 0.0179809 0.0148079 0.0183915 0.0549547 -0.0367572 0.0540963 0.0486859
internal_weight=32257.7 31390.9 30102.6 28580 27132.8 2546.19 24586.6 1447.23 1026.34 866.713 1522.57 1444.23 1288.36 420.892 804.621 1256.76 1219.81 145.29 187.473 1074.52 737.986 336.538 62.0918 695.483 649.869 613.549 109.138 36.3195 45.6147 58.9221
internal_count=1274509 1265074 1231778 1197328 1123648 91237 1032411 73680 54507 9435 34450 29144 33296 19173 8224 24409 30611 4307 4735 26304 21653 4651 1211 6978 6548 6153 1246 395 430 1127
is_linear=0
shrinkage=0.08


Tree=99
num_leaves=31
num_cat=0
split_feature=5 4 1 2 1 1 5 1 2 1 8 2 1 8 6 2 1 2 2 4 6 1 4 2 6 5 5 4 4 1
split_gain=45.7141 57.4473 144.659 255.529 229.118 154.474 124.511 100.445 148.973 91.0724 81.2566 73.7833 391.472 95.7359 73.5879 67.676 286.231 327.152 97.4576 50.4746 84.5316 49.205 48.1639 47.5948 44.1501 44.0184 39.3205 25.4422 24.7722 24.1983
threshold=0.99206298589706432 5.5000000000000009 0.60640108585357677 0.60495716333389293 0.77015754580497753 0.74862638115882885 1.0000000180025095e-35 0.94360822439193737 0.86222714185714733 0.89512962102890026 0.75000000000000011 0.51087471842765819 0.51087471842765819 0.75000000000000011 0.56106334924697887 0.88762626051902782 0.88762626051902782 0.76993650197982799 0.85575589537620556 1.5000000000000002 0.67806351184844982 0.7320508360862733 16.500000000000004 0.6911335587501527 0.37850958108901983 1.0000000180025095e-35 0.57821911573410045 3.5000000000000004 4.5000000000000009 0.89386734366416942
decision_type=2 2 2 2 2 2 2 2 2 2 2 2 2 2 2 2 2 2 2 2 2 2 2 2 2 2 2 2 2 2
left_child=1 7 11 4 6 23 -4 15 14 -7 -10 12 13 -3 28 16 18 -18 -1 29 -21 -2 -6 -5 -13 -14 -26 -16 -9 -17
right_child=21 2 3 5 22 9 -8 8 10 -11 -12 24 25 -15 27 19 17 -19 -20 20 -22 -23 -24 -25 26 -27 -28 -29 -30 -31
leaf_value=-0.0011826943011002038 0.0070137525876221331 0.028407298709756553 0.0028418945550382408 0.0092243589333587742 0.0095780658197408171 -0.02854771748616098 -0.099048382758175513 0.027324865320254743 0.0011838230374289502 -0.0052740287519810834 0.035071103966324485 -0.034694174098772505 0.0003735087086153644 0.00017471290728761918 0.085573857287930349 0.043212320902644229 0.032294950745279917 -0.071328685931690783 0.031304386142315364 -0.0013534806165591739 0.055226434760584954 0.04955211553473831 -0.045871383649082491 0.044678430216191264 0.052870505080646599 -0.11135239296207358 0.017257065454212694 0.044355958477652911 -0.021721106900661393 -0.0047432615777755578
leaf_weight=9238.4672091317479 810.05248814017978 926.26946887676604 87.467272906564176 777.56859268475091 327.81051791296341 1473.6143735110527 474.04593692414346 223.60803591104923 3165.8383630875032 4057.8214600729407 525.83719241499784 70.780976579408161 22.016008062288165 4471.0851525487378 217.15854320302606 70.394440012285486 259.21832455444383 733.2774929163279 626.04500472615473 286.73090429540025 387.77237836393761 222.20469782242435 137.16921869467478 360.79444678098662 291.41321880143369 208.76143559356569 698.57403564156266 255.29314561019419 84.85694325552322 621.9957774625509
leaf_count=322302 10348 69355 1554 24373 12669 45688 35079 5269 109619 107876 181555 13867 837 98824 14936 2548 8817 17687 18683 8612 24544 40560 6965 9367 13258 21359 8847 10968 2484 25253
internal_value=0 -0.000552996 -0.00426182 -0.011743 -0.0488222 -0.00598021 -0.0830094 0.00263315 0.0128869 -0.0115234 0.00609487 0.00432455 0.000639808 0.00507128 0.0445485 -0.00110923 -0.0032356 -0.0440778 0.000877681 0.0156138 0.0311059 0.0165196 -0.00675309 0.0207474 0.0236299 -0.100233 0.0281141 0.0643343 0.0131909 0.000177754
internal_weight=32113.9 31081.7 14385.2 7696.29 1026.49 6669.8 561.513 16696.5 4472.59 5531.44 3691.68 6688.9 5628.13 5397.35 780.917 12223.9 10857 992.496 9864.51 1366.89 674.503 1032.26 464.98 1138.36 1060.77 230.777 989.987 472.452 308.465 692.39
internal_count=1274103 1223195 469918 243571 56267 187304 36633 753277 324831 153564 291174 226347 190375 168179 33657 428446 367489 26504 340985 60957 33156 50908 19634 33740 35972 22196 22105 25904 7753 27801
is_linear=0
shrinkage=0.08


Tree=100
num_leaves=31
num_cat=0
split_feature=9 2 5 8 5 3 1 7 5 1 3 2 2 3 3 4 4 1 3 5 4 1 3 4 4 8 2 4 8 5
split_gain=49.259 80.7927 111.11 34.9618 64.6656 50.1574 100.174 59.5362 46.152 43.6871 220.703 121.056 38.0293 108.423 58.3749 109.232 67.8044 48.0314 31.9728 31.9206 29.7698 28.7189 40.9712 38.384 24.4718 22.8603 88.942 27.918 18.4678 16.7282
threshold=1.0000000180025095e-35 0.69416099786758434 0.58260074257850658 1.0000000180025095e-35 0.40685302019119268 0.86319074034690868 0.70064935088157665 1.0000000180025095e-35 0.54292181134223949 0.50274726748466503 0.72613638639450084 0.50878274440765392 0.74646764993667614 0.91458967328071605 0.88493064045906078 2.5000000000000004 7.5000000000000009 0.88273492455482494 0.98648402094841015 0.99805447459220897 25.500000000000004 0.32466214895248419 0.45222154259681707 5.5000000000000009 10.500000000000002 0.75000000000000011 0.52689418196678173 3.5000000000000004 0.75000000000000011 0.98636335134506237
decision_type=2 2 2 2 2 2 2 2 2 2 2 2 2 2 2 2 2 2 2 2 2 2 2 2 2 2 2 2 2 2
left_child=1 20 -3 4 -2 8 -7 19 25 10 -10 -11 13 17 16 -16 -14 -6 -15 -8 21 24 -23 -24 29 27 -27 -5 -26 -1
right_child=3 2 -4 5 12 6 7 -9 9 11 -12 -13 14 18 15 -17 -18 -19 -20 -21 -22 22 23 -25 28 26 -28 -29 -30 -31
leaf_value=-0.0034127608316823045 -0.038361924625183418 0.011606911222168904 0.069986899317102572 0.0095683847164692963 -0.0081233401656141263 0.048903642025904949 0.002105282657974768 0.059802570313253325 -0.0034112836763108569 -0.047451491698337185 0.078780820883703223 -0.0060702169939483878 0.01815106016105034 0.051029974574709008 -0.035055210846220895 -0.0043148627336475317 -0.044266400487015294 0.052656213260408889 0.014137578627929519 0.049973365750622792 -0.029889115101500097 -0.030139526313809051 0.013397649980703365 -0.0083269850250001481 0.065403235244334751 -0.005618635467467944 0.033024837796537067 -0.011991879716803157 0.017981164320914459 0.049843492961687552
leaf_weight=539.22995777917095 367.557717847405 864.3294431065151 275.49911808484467 793.27811257273424 1968.9695265714545 327.30359275394585 6508.2295202535461 114.75724833685672 3918.3116318990942 496.56207801832352 215.80795732839033 4848.8718303636415 792.91386693163076 301.84927575901384 1034.7045712315594 2624.8094108119258 123.56501772481715 81.397163818648551 336.21496678533731 85.810946525423788 174.40963480202481 283.0906971229706 992.6263981408556 1077.4552221917547 56.658087483257987 775.45139882946387 731.61439938086551 734.43819231516682 707.56865870498586 35.542229649843648
leaf_count=7031 261958 65716 198455 19563 79108 11345 190231 11218 65474 4749 2864 68375 9209 4224 18987 22659 2131 1071 4116 20037 4316 5657 36404 37162 987 58294 12328 43112 7938 323
internal_value=0.000129927 0.00742253 0.0261013 -0.00120844 -0.00580045 0.000576997 0.00598528 0.00383272 -0.00245217 -0.00520974 0.000930609 -0.00998497 -0.00410567 0.0033996 -0.0085489 -0.0130861 0.00936741 -0.00551039 0.0321002 0.00278985 0.0018483 0.00342917 -0.00183645 0.00202029 0.0127745 0.00610323 0.0130824 -0.000697469 0.0221072 5.93277e-06
internal_weight=32188.8 5006.41 1139.83 27182.4 7631.98 19550.4 7036.1 6708.8 12514.3 9479.55 4134.12 5345.43 7264.42 2688.43 4575.99 3659.51 916.479 2050.37 638.064 6594.04 3866.58 3692.17 2353.17 2070.08 1339 3034.78 1507.07 1527.72 764.227 574.772
internal_count=1275042 363989 264171 911053 403463 507590 232831 221486 274759 141462 68338 73124 141505 88519 52986 41646 11340 80179 8340 210268 99818 95502 79223 73566 16279 133297 70622 62675 8925 7354
is_linear=0
shrinkage=0.08


Tree=101
num_leaves=31
num_cat=0
split_feature=6 5 5 2 6 5 6 5 6 6 9 4 5 5 6 3 9 0 5 5 2 0 4 2 9 3 6 6 5 2
split_gain=51.814 257.32 198.938 88.3026 64.9269 43.0531 68.6444 53.0839 40.0904 39.6769 37.6147 35.2601 23.117 20.0398 18.2169 15.2355 13.0113 12.8795 11.4164 11.4096 10.6826 10.4407 61.3179 19.5334 10.3739 9.64223 9.47164 9.05153 7.37369 7.18339
threshold=0.46384282410144811 0.30521412193775183 0.38266237080097204 0.99565216898918163 0.3869446069002152 0.45341086387634283 0.5867464840412141 0.62602058053016674 0.37527292966842657 0.66802722215652477 1.0000000180025095e-35 22.500000000000004 0.26837453246116644 0.34217563271522528 0.49629549682140356 0.92031747102737438 1.0000000180025095e-35 0.39811320602893835 0.35319472849369055 0.34930197894573217 0.23606811463832858 0.66969698667526256 4.5000000000000009 0.57932874560356151 1.0000000180025095e-35 0.74322345852851879 0.7798304855823518 0.43533413112163549 0.50092250108718883 0.52966317534446727
decision_type=2 2 2 2 2 2 2 2 2 2 2 2 2 2 2 2 2 2 2 2 2 2 2 2 2 2 2 2 2 2
left_child=1 8 13 5 24 14 7 -7 12 15 19 -8 21 26 -4 -5 -14 20 27 -6 -15 22 -1 -23 -3 -16 -2 -12 -21 -10
right_child=2 4 3 9 10 6 11 -9 29 -11 18 -13 16 17 25 -17 -18 -19 -20 28 -22 23 -24 -25 -26 -27 -28 -29 -30 -31
leaf_value=0.035407402292406569 0.078408752092463396 -0.041654342448473582 -0.014397987388326514 0.064558980307800287 0.034322347859719028 -0.02629255542729993 0.00076252076082674279 0.05898320607386625 0 0.070059304713549514 -0.028334975817832311 -0.016887206682930506 -0.00094757533104390375 0.041328218599080584 0.025930419706226226 0 -0.06358900317716415 0.043855413146108434 -0.04600420271199613 -0.012493203040824893 -0.028439747614425706 0.029544436562046712 -0.0071946113006520649 -0.0017063903702643996 -0.071507689400847591 0.0087527750869927021 0 0.036535504233397534 0.038570330076543854 0.089006371846588869
leaf_weight=339.14292987814406 171.52672213705955 174.37967080250382 106.50263873999938 23.212731473438907 45.15761804045178 892.94345431029797 22023.441589202004 43.578125754953362 10.039007987506919 159.34888170240447 29.827034116431605 743.85214049444767 42.973507892806083 18.274731496116146 573.23968991008587 128.03333845426096 51.187014392140554 262.01843724329956 293.34637163102161 207.94724961207248 30.378419535234571 126.76708196592517 567.19044474701514 4204.5047588474699 340.37576682740473 393.59374574263347 13.657037201337515 17.451350714429282 13.746930656954644 33.633584508730564
leaf_count=6509 5995 7242 9989 1115 924 58609 533296 1768 2930 139074 15780 11690 1455 529 16114 5161 31711 8344 113789 5169 2650 1221 13253 38740 220016 12858 1479 2925 360 4302
internal_value=-5.86783e-05 -0.00644019 0.00155677 0.000553547 -0.0411952 1.1483e-05 -0.00069311 -0.0218624 0.000817419 0.0426035 -0.0227723 0.000175262 0.000127439 0.0514832 0.0156513 0.0113364 -0.0381032 0.036956 -0.0401931 0 0 0.000880945 0.00867797 -0.000721835 -0.0622003 0.0191831 0.0734011 -0.000125324 -0.00784016 0.0730999
internal_weight=32081.3 6497.67 25583.6 25087.7 1122.23 24777.2 23703.8 936.522 5375.44 310.595 607.477 22767.3 5331.77 495.855 1073.34 151.246 94.1605 310.672 340.625 266.852 48.6532 5237.61 906.333 4331.27 514.755 966.833 185.184 47.2784 221.694 43.6726
internal_count=1274997 466326 808671 789674 366205 644324 605363 60377 100121 145350 138947 544986 92889 18997 38961 6276 33166 11523 132494 6453 3179 59723 19762 39961 227258 28972 7474 18705 5529 7232
is_linear=0
shrinkage=0.08


Tree=102
num_leaves=31
num_cat=0
split_feature=4 1 3 3 2 1 3 1 6 2 1 3 1 1 3 6 1 3 3 3 1 2 1 3 1 1 2 1 6 4
split_gain=50.4169 113.189 321.698 287.065 347.607 357.717 383.638 148.171 137.929 112.269 285.558 92.7596 70.9625 59.7629 56.2751 53.7427 71.3087 183.135 159.78 65.521 50.1641 48.2689 45.0106 55.1282 149.926 88.1479 44.0209 42.6344 41.7813 38.7316
threshold=4.5000000000000009 0.65142410993576061 0.75905716419219982 0.92718276381492626 0.64899963140487682 0.78319624066352855 0.75162336230278026 0.77015754580497753 0.26709130406379705 0.58561220765113842 0.58885449171066295 0.39718310534954077 0.28759399056434637 0.60107529163360607 0.75582656264305126 0.90336728096008312 0.71892556548118602 0.76506900787353527 0.81754159927368175 0.65261757373809826 0.77015754580497753 0.28759399056434637 0.87428161501884472 0.95180022716522228 0.92637759447097789 0.92893216013908397 0.99565216898918163 0.88762626051902782 0.45592044293880468 15.500000000000002
decision_type=2 2 2 2 2 2 2 2 2 2 2 2 2 2 2 2 2 2 2 2 2 2 2 2 2 2 2 2 2 2
left_child=11 2 9 4 7 6 -6 8 -3 10 12 -1 -2 28 -7 16 18 19 21 -18 -19 -13 -5 24 -24 -25 -17 -9 -4 -11
right_child=1 3 13 22 5 14 -8 27 -10 29 -12 15 -14 -15 -16 26 17 20 -20 -21 -22 -23 23 25 -26 -27 -28 -29 -30 -31
leaf_value=-0.027234380849698307 0.0088959627370190537 0.0021877182447612334 0.007929416303132833 0.029520483954521046 0.057862356439250084 -0.060642804855084186 -0.039931263648724048 -0.038009122561097619 -0.10567928477697863 0.04031419883237302 -0.10276783819523216 0.060275908700902783 -0.0074292595044886502 0.011539086719250184 -0.024991745771050206 0.010862072147347307 0.088611994699116028 -0.029379070483518441 0.048682783908266185 0.029864151075794557 0.0028979370573064081 -0.018143663384243169 -0.084326183357900777 0.059622066536851925 0.010246554565083969 0.0023123806931637705 0.069690848550899784 0.030449782678067732 0.076452029418776143 -0.049824941503152573
leaf_weight=590.35957012276049 2835.3697918710532 85.100027103413595 72.047138502006419 410.97905736707617 749.01225894090021 353.81041302724043 383.11253487510839 332.93377684481675 518.86314526377828 491.86144449352287 175.6124560830649 45.68666132108774 4248.1661594194884 166.47190352369216 1658.5740238431026 4612.0906063893053 158.59157891233917 320.46913355804281 262.96662632341031 586.14014541884535 5673.1220886151132 2304.830969278788 163.72524860012345 175.62471345916856 285.55315285956021 3728.0968617336475 79.225426292483462 63.799664801190374 474.68989749246975 26.79568041904713
leaf_count=20702 45990 1825 7670 14467 17125 7705 14902 14404 30061 13036 14961 1965 179892 8223 39789 163185 3813 14409 12457 19153 275480 114172 4847 5584 6018 130569 77421 1768 12675 587
internal_value=0.000191401 -0.00271351 0.00388158 -0.00901564 -0.0244031 -0.0112283 0.0245981 -0.0653815 -0.0903246 -0.000828088 -0.00342658 0.00365621 -0.000870427 0.0551133 -0.0314739 0.00497544 0.00144864 0.00581359 -0.00973397 0.0430955 0.00112241 -0.0164268 0.00435118 0.00190702 -0.0244141 0.00500459 0.0119628 -0.0263598 0.067866 0.0349205
internal_weight=32033.7 17400.2 8491.01 8909.18 4145.21 3144.51 1132.12 1000.7 603.963 7777.81 7259.15 14633.5 7083.54 713.209 2012.38 14043.1 9351.81 6738.32 2613.48 744.732 5993.59 2350.52 4763.98 4353 449.278 3903.72 4691.32 396.733 546.737 518.657
internal_count=1274855 572098 283034 289064 127579 79521 32027 48058 31886 254466 240843 702757 225882 28568 47494 682055 441449 312855 128594 22966 289889 116137 161485 147018 10865 136153 240606 16172 20345 13623
is_linear=0
shrinkage=0.08


Tree=103
num_leaves=31
num_cat=0
split_feature=6 5 5 9 8 2 6 6 5 5 8 5 1 0 4 5 6 5 0 6 1 0 1 0 2 2 5 8 8 8
split_gain=44.6718 214.79 162.472 69.509 61.6293 55.3903 51.1031 49.7769 47.4181 44.2421 43.6773 31.7737 30.5225 62.9068 104.302 25.6461 25.093 24.7338 23.2786 22.5608 21.0179 13.8072 21.9102 12.727 12.55 9.42288 9.15094 9.11041 13.0103 8.41682
threshold=0.46384282410144811 0.30521412193775183 0.41277122497558599 1.0000000180025095e-35 0.75000000000000011 0.99565216898918163 0.59384471178054821 0.70460432767868053 0.53863716125488292 0.99206298589706432 0.75000000000000011 0.63658976554870617 0.65895724296569835 0.59611794352531444 6.5000000000000009 0.35647869110107427 0.36930006742477423 0.46526254713535314 0.73363915085792553 0.94313561916351329 0.77849927544593822 0.47856706380844122 0.81120249629020702 0.97014260292053234 0.86706829071044933 0.35355392098426824 0.34930197894573217 1.0000000180025095e-35 0.75000000000000011 0.75000000000000011
decision_type=2 2 2 2 2 2 2 2 2 2 2 2 2 2 2 2 2 2 2 2 2 2 2 2 2 2 2 2 2 2
left_child=1 4 15 16 12 6 11 23 19 -10 -5 17 18 14 -14 27 29 -4 25 -8 -15 -12 -23 -7 26 -1 -18 -2 -29 -3
right_child=2 3 5 10 -6 7 8 -9 9 -11 21 -13 13 20 -16 -17 24 -19 -20 -21 -22 22 -24 -25 -26 -27 -28 28 -30 -31
leaf_value=0.01297167373248747 0.023993118886961179 -0.053796657451921137 0.0010052032332614664 -0.068721453149893169 0.079869678157185431 0.047215090350918663 0.0092255590989799695 0.069310379265931962 -0.0014546536094144006 0.015663054783331149 -0.060121382357715136 0.049420504878239367 0.11481605446730937 -0.016904280424032005 0.00053970023868445702 0.025340379491938864 0.021743058865988509 -0.025241120889588253 0.023048539293709792 0.03975828398049118 0.0010533165528581192 0.019285744297408522 -0.041320195901569712 -0.0099770429489193166 0.024277416594240729 -0.031749195880126355 -0.018703496845678177 0.11381506925016108 0.051651491743824725 -0.00040226600607168181
leaf_weight=24.952413424995029 65.838385035400279 95.439092272194102 292.43492783943657 458.49456356777227 56.724126679939218 26.210758695815457 2030.4931926518329 134.74090053167311 19881.438495695678 1009.9417086417088 38.770180564606562 39.62906403047964 76.601105847337749 457.43607966290438 144.61387922868016 582.00369684342877 36.612710676388815 896.43628825154155 59.20548294740729 168.20110145915532 4180.6763968397281 80.212219003355131 62.385790660278872 115.20434622690664 86.822591407690197 351.16047106031328 181.08278065221384 34.814516453596298 165.75237557524815 30.933298973599449
leaf_count=2696 2430 5310 19177 329322 1573 1814 48418 136042 457660 42416 16400 1458 1182 10235 3751 22305 1086 57139 757 5500 52135 4794 1785 6431 1290 27762 5620 968 7362 281
internal_value=-0.000187823 -0.00615154 0.00131211 -0.0387716 0.000375629 0.000114842 -0.000286748 0.0354246 0.000553969 -0.000615934 -0.0554917 -0.0161562 -0.000520389 0.00127491 0.0424811 0.0356284 -0.0132238 -0.0186739 -0.020711 0.0117188 -0.000699597 -0.0202424 -0.00664652 0.000780895 -8.52802e-05 -0.0282312 -0.0108471 0.0566339 0.0657261 -0.0424575
internal_weight=31865.3 6422.12 25443.1 1070.75 5351.37 24594.7 24318.6 276.156 23090.1 20891.4 639.863 1228.5 5294.65 4859.33 221.215 848.409 430.89 1188.87 435.318 2198.69 4638.11 181.368 142.598 141.415 304.518 376.113 217.695 266.405 200.567 126.372
internal_count=1275099 465979 809120 365888 100091 776055 631768 144287 553994 500076 352301 77774 98518 67303 4933 33065 13587 76316 31215 53918 62370 22979 6579 8245 7996 30458 6706 10760 8330 5591
is_linear=0
shrinkage=0.08


Tree=104
num_leaves=31
num_cat=0
split_feature=9 2 6 3 1 1 6 2 8 5 1 6 0 3 8 3 0 0 3 1 6 3 1 1 1 0 0 0 8 6
split_gain=43.9885 53.4986 143.93 26.0551 86.0508 75.1763 43.7831 40.8548 36.8757 31.2069 57.7918 54.6691 31.0161 35.9496 28.8757 26.0622 24.1838 21.4632 20.9728 43.6064 31.2454 25.9668 114.91 86.5098 35.0846 46.3061 45.3864 26.1334 20.9682 20.0027
threshold=1.0000000180025095e-35 0.69416099786758434 0.63191848993301403 0.42740046977996832 0.28759399056434637 0.32466214895248419 0.99061012268066417 0.63686314225196849 0.75000000000000011 0.86323359608650219 0.77459675073623668 0.87194395065307628 0.48683299124240881 0.42947559058666235 0.75000000000000011 0.43951219320297247 0.40862709283828741 0.25158227980136877 0.81120249629020702 0.64326766133308422 0.75258171558380138 0.70659971237182628 0.63224515318870556 0.75134408473968517 0.61257407069206249 0.53410854935646068 0.628892481327057 0.57307061553001415 1.0000000180025095e-35 0.73538899421691906
decision_type=2 2 2 2 2 2 2 2 2 2 2 2 2 2 2 2 2 2 2 2 2 2 2 2 2 2 2 2 2 2
left_child=1 18 -3 4 14 12 9 -8 -9 11 -11 -7 13 -5 28 -15 17 -6 21 -20 -21 24 27 -24 26 -26 -1 -23 -2 -16
right_child=3 2 -4 5 16 6 7 8 -10 10 -12 -13 -14 15 29 -17 -18 -19 19 20 -22 22 23 -25 25 -27 -28 -29 -30 -31
leaf_value=-0.0010455652822761894 0.0024311331627175073 0.0047744008892517736 0.06993965036789393 0.058851001644889489 -0.0016034200012424746 -0.0027235853206672325 0.00062825074321429329 -0.0048732017469179621 0.039749657980834498 0.0041517377365254864 -0.01195052372191425 0.0081289708539075828 0.085863760064597699 -0.045233176765602456 -0.030788069016721098 0.016085857693610907 0.05108044818000991 -0.047801458471410402 0.066516478494616907 -0.014862097660673635 0.058498020159506441 0.065349806835835814 -0.08402958080640914 0.017245403192442828 0.073424302578421502 0.0058436444668181998 0.061041885914037829 0.0020251924780031868 0.04877032134726296 -0.0013391023565122149
leaf_weight=2764.777635212522 149.6092838634504 804.91448684199713 295.57014152902411 121.05482768628281 84.523206654848764 12214.089617972641 815.73163390799891 150.91533535439521 447.91024735296378 2102.6393491255585 4339.0863578493008 3919.5368421211606 46.96706554206321 42.644487718236633 165.46647538582329 508.3050971471821 13.466063878557177 428.03155396605143 93.771403026126791 160.36827620386612 42.807271024794318 73.476492899935693 169.23062963783741 72.619403232471086 96.866669566370547 198.02220669831149 72.406414751661941 101.50478981155902 113.77590039849747 1217.6220599622466
leaf_count=37190 3595 28129 236295 2078 3587 557127 12261 10195 51908 20221 90877 71697 819 1700 19696 13088 697 39918 12607 4865 23004 1528 4226 3278 1789 5867 2130 3562 1429 9717
internal_value=0.000194705 0.00712829 0.0226585 -0.00107625 -0.00946811 -0.000330171 -0.00110282 0.0125101 0.0282916 -0.00196547 -0.00667063 -7.5427e-05 0.0250595 0.0199708 -0.000337235 0.0106877 -0.0374747 -0.0405814 0.00261914 0.022881 0.000859425 0.000848953 -0.0177271 -0.0532386 0.00339646 0.0294305 0.000587242 0.0305816 0.0235803 -0.00507572
internal_weight=31827.7 4946.34 1100.48 26881.4 2172.49 24708.9 23989.9 1414.56 598.826 22575.4 6441.73 16133.6 718.971 672.004 1646.47 550.95 526.021 512.555 3845.85 296.947 203.176 3548.9 416.831 241.85 3132.07 294.889 2837.18 174.981 263.385 1383.09
internal_count=1275080 364470 264424 910610 78639 831971 814286 74364 62103 739922 111098 628824 17685 16866 34437 14788 44202 43505 100046 40476 27869 59570 12594 7504 46976 7656 39320 5090 5024 29413
is_linear=0
shrinkage=0.08


Tree=105
num_leaves=31
num_cat=0
split_feature=4 9 1 6 1 6 5 5 2 6 6 6 5 1 2 3 1 3 4 5 3 3 1 2 4 3 3 3 4 3
split_gain=41.2669 41.264 51.6248 131.526 26.0792 25.5369 270.811 122.342 39.6757 34.8929 34.558 33.3905 31.4346 25.0547 24.8961 23.2122 27.3814 79.4696 56.2351 22.1496 21.7665 18.1631 11.8477 10.9357 10.2392 20.5721 10.1319 6.86627 6.78055 5.00885
threshold=29.500000000000004 1.0000000180025095e-35 0.79388421773910534 0.67806351184844982 0.23294574022293094 0.45211435854434973 0.25819891691207891 0.44497103989124304 0.98717737197875988 0.6079215705394746 0.71711125969886791 0.41280081868171697 0.34217563271522528 0.62988328933715831 0.4901809841394425 0.87026646733284008 0.50274726748466503 0.61451050639152538 14.500000000000002 0.35094879567623144 0.77303028106689464 0.80217391252517711 0.73375529050827037 0.40838271379470831 2.5000000000000004 0.86391696333885204 0.9495762586593629 0.9569842815399171 34.500000000000007 0.92031747102737438
decision_type=2 2 2 2 2 2 2 2 2 2 2 2 2 2 2 2 2 2 2 2 2 2 2 2 2 2 2 2 2 2
left_child=1 2 15 24 28 6 13 12 9 -9 -10 -8 23 20 -15 16 17 -1 -18 -13 -3 -14 27 -7 25 -4 -26 -17 -2 -6
right_child=4 5 3 -5 29 7 11 8 10 -11 -12 19 21 14 -16 22 18 -19 -20 -21 -22 -23 -24 -25 26 -27 -28 -29 -30 -31
leaf_value=0.0013511343478357612 0.002274524583642289 -0.040966659990367388 0.049092562731634447 0.072237130543153935 -0.076593560600878491 0 -0.066679516664482283 -0.01701918435856651 0.00094655492402076231 -0.00059211224205668058 0.067481479429398181 0.038515364370077014 0.030448268205908235 0.051173101039259573 0.0014345610753555866 0.063677719584913778 -0.0038285623149611559 0.048308057281176979 -0.077330982967838635 -0.035264443985594481 0.0076810993205515829 0.005897070491161077 0 0.077974451593001537 -0.015089688280045005 0.0053418242111850714 0.0087417321918071798 0 -0.034995681997240576 0
leaf_weight=2193.641848862404 80.006671931943856 159.37267026799964 89.569261215627193 255.1334401347267 71.197914525138913 17.406904570059851 454.30082236544695 861.08721434639301 109.38620272628032 19422.972503162455 95.704195768223144 25.652756824478274 581.83300369099015 60.677670037664939 4339.179468999675 65.619946342252661 1109.592374099826 253.96346963418182 66.483771777129732 136.45621533598751 81.867215015576221 318.25105600291863 29.061219347291626 93.78336439980194 191.37468297820305 299.05356288710027 264.1760977502563 8.6428499964531493 39.654157820623368 7.8318426653568158
leaf_count=28385 1042 9686 3329 238071 3533 1637 320767 67050 3204 308517 67549 7412 26585 979 28949 10322 35960 7118 1404 51304 884 9526 4286 2503 4919 15404 11393 2134 561 985
internal_value=0.000171327 0.00040775 0.00721572 0.0224285 -0.0357129 -0.00081534 -0.00581232 0.000400201 -0.000935862 -0.00130137 0.0336233 -0.0554123 0.0274987 0.000793431 0.00221413 0.00266169 0.00152273 0.00637717 -0.00842892 -0.0218287 -0.023987 0.0220248 0.0392152 0.067578 0.00684981 0.0163274 -0.000977454 0.0553019 -0.00970115 -0.070273
internal_weight=31782.9 31584.2 4826.31 1099.31 198.691 26757.9 5257.51 21500.4 20489.2 20284.1 205.09 616.41 1011.27 4641.1 4399.86 3727.01 3623.68 2447.61 1176.08 162.109 241.24 900.084 103.324 111.19 844.174 388.623 455.551 74.2628 119.661 79.0298
internal_count=1275398 1269277 362725 273116 6121 906552 419981 486571 446320 375567 70753 379483 40251 40498 29928 89609 72867 35503 37364 58716 10570 36111 16742 4140 35045 18733 16312 12456 1603 4518
is_linear=0
shrinkage=0.08


Tree=106
num_leaves=31
num_cat=0
split_feature=4 1 0 4 0 1 0 1 1 2 0 2 1 1 1 0 2 8 0 0 4 2 2 4 7 5 8 1 0 7
split_gain=42.1238 47.4514 35.7436 39.8325 93.396 92.0393 353.644 157.544 109.225 218.336 84.076 76.0752 70.5763 47.609 47.4264 18.2728 15.3499 8.63136 8.20143 8.14106 7.94049 7.51137 6.71071 9.16995 6.57071 6.43224 5.8757 4.63489 4.52247 4.43601
threshold=24.500000000000004 0.43353414535522466 0.18350168317556384 5.5000000000000009 0.39811320602893835 0.69614070653915416 0.628892481327057 0.51471862196922313 0.90070420503616344 0.69614070653915416 0.76845377683639537 0.3034138828516007 0.58102023601531994 0.55036231875419628 0.94360822439193737 0.32049381732940679 0.61610352993011486 0.75000000000000011 0.2014492750167847 0.41897973418235784 30.500000000000004 0.2237871661782265 0.14415584504604342 5.5000000000000009 1.0000000180025095e-35 0.82150268554687511 1.0000000180025095e-35 0.2014492750167847 0.34724637866020208 1.0000000180025095e-35
decision_type=2 2 2 2 2 2 2 2 2 2 2 2 2 2 2 2 2 2 2 2 2 2 2 2 2 2 2 2 2 2
left_child=2 18 17 4 13 6 7 -5 9 -7 -10 19 -8 15 -13 -4 29 25 -2 -6 -20 22 24 -24 -19 -1 -15 -22 -29 -3
right_child=1 16 3 5 11 8 12 -9 10 -11 -12 14 -14 26 -16 -17 -18 21 20 -21 27 -23 23 -25 -26 -27 -28 28 -30 -31
leaf_value=0.058905533533057081 0 -0.090394667854871269 -0.01530288643988704 0.0028348947893179748 0.015681479117729658 -0.052657943805740758 0.07306228419796551 -0.028301091236882413 0.011409001235067275 -0.0033288517731384481 -0.011344970972281557 0.0012704791508303572 0.029541369696018664 0 0.011085762877680505 -0.039595505227175247 0.00056447030816655832 0.026056490765361762 -0.010750382141011854 0.093797036708496859 0 0.036669347938388767 -0.027715368899422638 0.0085238360494711563 -0.019009054983063326 0.010232062567008315 0.086610822145594415 -0.06204760146643859 0 0
leaf_weight=55.287547535728663 220.35792774468428 71.921016362786759 559.16674717504065 4641.2219567949942 18.427613894280512 960.46886275184806 385.758670979616 1332.907156255329 1772.6800365636009 1437.6770299728669 2490.6454243251355 11278.480853350717 700.82623941381462 5.5268403217487529 4393.5650099543564 347.16952732711798 10.657294297241604 186.43662767927162 202.32619798471569 62.190626966184936 9.227054048504213 84.394511309918016 47.634078272618353 267.66412321559619 15.420389602426438 40.818303435109556 22.826403785729781 45.653482437221101 8.7207534856861439 0.70253239414887403
leaf_count=792 2725 7296 19335 152539 506 42865 9820 73540 59089 40537 69436 396483 20400 397 341178 21443 1168 1717 5374 1281 131 1041 503 2702 214 340 335 1351 406 107
internal_value=0.00037577 -0.0210784 0.000777059 0.00035945 0.00298927 -0.0028269 0.00351955 -0.00410305 -0.00957531 -0.0232204 -0.00184416 0.00445793 0.0454026 -0.0214843 0.004035 -0.0249499 -0.0754016 0.0186201 -0.0107767 0.0797688 -0.0201081 0.014415 0.0101605 0.00220223 0.0214641 0.0413437 0.0716306 -0.044591 -0.0528863 -0.0879289
internal_weight=31676.8 569.566 31107.2 30409.5 16687.4 13722.2 7060.71 5974.13 6661.47 2398.15 4263.33 15752.7 1086.58 934.69 15672 906.336 83.2808 697.656 486.285 80.6182 265.927 601.55 517.155 315.298 201.857 96.1059 28.3532 63.6013 54.3742 72.6235
internal_count=1275051 18558 1256493 1249184 780958 468226 256299 226079 211927 83402 128525 739448 30220 41510 737661 40778 8571 7309 9987 1787 7262 6177 5136 3205 1931 1132 732 1888 1757 7403
is_linear=0
shrinkage=0.08


Tree=107
num_leaves=31
num_cat=0
split_feature=4 9 1 6 0 0 1 3 6 5 6 5 5 0 3 3 0 0 1 6 1 1 0 4 1 0 6 5 6 5
split_gain=39.3365 37.0615 40.6623 132.515 33.5454 42.8244 108.708 56.1515 27.5905 151.602 122.151 65.6978 62.284 27.6572 63.3339 25.862 118.372 49.936 23.2766 19.3411 21.8792 16.6591 16.3996 42.4045 15.7437 10.079 9.9221 4.85356 3.32513 3.155
threshold=29.500000000000004 1.0000000180025095e-35 0.77015754580497753 0.67806351184844982 0.73363915085792553 0.58380147814750682 0.63702240586280834 0.68801230192184459 0.51972952485084545 0.27465948462486273 0.42689777910709387 0.46188034117221838 0.36743415892124182 0.51191151142120372 0.57294833660125744 0.35767590999603277 0.28743545711040502 0.15047170221805575 0.2014492750167847 0.35829523205757147 0.62988328933715831 0.25844402611255651 0.65470632910728466 8.5000000000000018 0.84889996051788341 0.57804551720619213 0.38967698812484747 0.79418799281120311 0.66028577089309703 0.55131670832633983
decision_type=2 2 2 2 2 2 2 2 2 2 2 2 2 2 2 2 2 2 2 2 2 2 2 2 2 2 2 2 2 2
left_child=1 2 4 22 5 7 -7 -1 9 19 -11 13 -12 21 -15 17 -17 -13 27 20 -3 -10 23 -4 -24 -21 -6 28 -2 -20
right_child=18 8 3 -5 26 6 -8 -9 11 10 12 15 -14 14 -16 16 -18 -19 29 25 -22 -23 24 -25 -26 -27 -28 -29 -30 -31
leaf_value=0.0018868791355821509 0.0082499136278380569 -0.023410430377937899 0.07800566815564168 0.069678722677626009 0.00062160502019349066 0.013554336755914347 -0.052745127277479299 0.044041861492317383 0.028287186283624557 -0.064115902946415823 0.048230742671672065 0.023437972737870572 -0.020827949026678044 0.14011838024880105 0.022098933598764369 0.031430161697573629 -0.0011047229417308836 -0.019870312685635723 -0.018794596790090226 -7.6470619577826508e-06 0.0012278127134118879 -0.016776425676540228 -0.023956444983430417 -0.015744251176984889 0.0058906083011420543 0.11313475928390804 0.053372051139635696 0.014239756574195919 -0.031727655451712744 -0.069006148711295109
leaf_weight=2662.3752166035119 8.9073418449261208 238.49623084420455 58.019375968142413 259.51274177091545 37.294919633772224 325.34178099397104 295.42902360844892 214.98775354318786 68.089557767147198 460.07712301093852 97.697834494640119 199.8426601246465 431.45649263387895 26.145490544382483 790.10646439343691 740.13954961590935 18073.892334645032 951.43022222188301 24.722448801563587 3.5656110444397191 4363.641583836521 175.01969191129319 131.41040725714993 53.344870277564041 649.30256390073919 9.7332822364987788 100.05917166004656 41.611861447687261 37.304534039692953 80.40008056309307
leaf_count=36114 450 12889 1141 243152 796 10787 11882 5385 1888 337228 10894 1432 77231 350 11698 10118 378511 18553 3195 1285 33205 9213 3132 1078 30758 1676 18368 402 310 1752
internal_value=0.000102057 0.000331047 0.00681147 0.0198986 0.00260036 0.00100284 -0.0179117 0.00516302 -0.000828973 -0.005816 -0.0341532 0.000493907 -0.00744598 0.019864 0.0269041 -0.000530577 0.0001747 -0.0121455 -0.0354414 0.000253288 -3.83053e-05 -0.00319452 0.00493113 0.0329764 0.000542605 0.0823427 0.0406979 -0.00262592 -0.0208446 -0.06004
internal_weight=31609.4 31416.4 4787.08 1151.59 3635.49 3498.13 620.771 2877.36 26629.3 5604.67 989.231 21024.7 529.154 1059.36 816.252 19965.3 18814 1151.27 192.946 4615.44 4602.14 243.109 892.077 111.364 780.713 13.2989 137.354 87.8237 46.2119 105.123
internal_count=1274873 1268764 362593 279261 83332 64168 22669 41499 906171 474408 425353 431763 88125 23149 12048 408614 388629 19985 6109 49055 46094 11101 36109 2219 33890 2961 19164 1162 760 4947
is_linear=0
shrinkage=0.08


Tree=108
num_leaves=31
num_cat=0
split_feature=3 0 0 0 3 1 3 7 0 3 1 3 0 3 3 3 3 3 0 3 0 0 6 1 3 3 1 6 8 6
split_gain=29.293 109.595 75.99 63.2609 123.232 108.352 204.346 140.227 128.852 79.0356 71.1881 45.4889 81.0516 51.1098 65.666 33.9285 68.683 33.7941 32.2754 30.3849 28.9242 28.1907 27.5298 21.334 17.7664 17.4107 17.2594 29.8209 15.0696 14.4531
threshold=0.41444373130798345 0.30860807001590734 0.32583418488502508 0.40862709283828741 0.54201978445053112 0.4817046076059342 0.68614074587821972 1.0000000180025095e-35 0.53788751363754284 0.57294833660125744 0.55625879764556896 0.35767590999603277 0.18350168317556384 0.37590579688549047 0.39718310534954077 0.37089946866035467 0.36515152454376226 0.40270270407199865 0.39811320602893835 0.35388994216918951 0.15047170221805575 0.36643192172050482 0.47641299664974218 0.32466214895248419 0.43951219320297247 0.38165266811847692 0.26975052058696752 0.73538899421691906 0.75000000000000011 0.52506983280181896
decision_type=2 2 2 2 2 2 2 2 2 2 2 2 2 2 2 2 2 2 2 2 2 2 2 2 2 2 2 2 2 2
left_child=1 11 20 4 10 6 8 9 -5 -7 21 12 28 15 25 16 -13 -16 -3 -14 24 -4 -8 26 -2 -15 -22 -28 -1 -6
right_child=2 18 3 5 29 7 22 -9 -10 -11 -12 13 19 14 17 -17 -18 -19 -20 -21 23 -23 -24 -25 -26 -27 27 -29 -30 -31
leaf_value=0.045589589972642779 0.044000204889867264 -0.047841850810345997 -0.020492095071849445 -0.0058474485284564313 -0.017730103968948127 0.023668975063877468 0.0015690223239029823 0.056452914873744382 0.043760252367977683 -0.0022860944830740701 0.072579643548215833 0.030292863290620434 -0.017428101785253666 -0.010354064123459112 0.023304744831514488 0.054190885102670727 -0.074263391229237558 -0.073215589415981899 0.051645620540680608 -0.077045389047194282 0.021562972048693532 -0.052414957530417632 0.071949857387203039 -0.00021642000844398598 -0.056766847347419595 -0.075698555681079624 -0.0082874415199885951 0.059441195812702942 0.0091601128943528797 0.03608095875915189
leaf_weight=84.327068310871255 8.9528589422116038 438.6226712311036 341.57668554762495 1445.2045334209106 29.748932436254108 770.54452978644986 44.309945982124191 265.83483053474629 429.68142865438131 22944.258421726336 32.874553333444055 208.65676557345432 1139.7679429728305 49.442164662177674 259.71262771324837 221.54214726149803 44.140747970377561 19.978059017827036 16.402120386919705 55.155424456781475 521.58034292259254 449.48668465917581 405.20160113580641 157.6066959767486 40.798478536831681 79.279030488192802 44.441773048485629 227.06083447486162 549.13147622090764 225.23195225233212
leaf_count=978 84 28078 15577 58369 10355 31751 4939 29730 7466 968350 869 4082 28090 1592 5271 3600 1726 1064 797 1982 7172 23926 11501 8052 748 3120 4393 1959 5569 3693
internal_value=1.54819e-05 -0.00727171 0.00083511 3.61642e-05 -0.0188983 0.000822297 0.0172976 -0.000771229 0.00552255 -0.0014312 -0.0339893 -0.00108291 -0.00833298 0.0137158 -0.00668394 0.0315005 0.0103295 0.0146836 -0.0433855 -0.0206228 0.0224357 -0.0390471 0.0654578 0.0256816 -0.0333491 -0.0531217 0.0309979 0.0478268 0.0145793 0.0289671
internal_weight=31550.6 3166.16 28384.4 27384 1078.92 26305 2324.4 23980.6 1874.89 23714.8 823.938 2711.13 1828.38 882.752 408.412 474.34 252.798 279.691 455.025 1194.92 1000.44 791.063 449.512 950.69 49.7513 128.721 793.083 271.503 633.459 254.981
internal_count=1274883 85949 1188934 1166526 54420 1112106 82275 1029831 65835 1000101 40372 57074 36619 20455 11047 9408 5808 6335 28875 30072 22408 39503 16440 21576 832 4712 13524 6352 6547 14048
is_linear=0
shrinkage=0.08


Tree=109
num_leaves=31
num_cat=0
split_feature=6 5 8 6 9 3 5 8 1 6 1 6 8 3 1 9 5 5 1 7 4 1 3 6 8 1 5 5 4 6
split_gain=35.9564 71.4316 34.5427 85.4494 75.5606 40.2066 77.7573 133.198 113.898 63.2202 54.2287 47.388 92.6024 52.2309 42.5157 39.3464 38.3964 29.6512 51.6076 36.0377 28.0229 39.6992 94.0346 79.0213 33.4752 43.1487 25.4821 24.1874 21.8171 21.4907
threshold=0.91903391480445873 0.87421184778213512 1.0000000180025095e-35 0.48579499125480657 1.0000000180025095e-35 0.87026646733284008 0.5557561218738557 0.75000000000000011 0.50274726748466503 0.48579499125480657 0.74862638115882885 0.5867464840412141 0.75000000000000011 0.49151568114757543 0.7320508360862733 1.0000000180025095e-35 0.30803118646144872 0.99206298589706432 0.85313725471496593 1.0000000180025095e-35 5.5000000000000009 0.55625879764556896 0.70659971237182628 0.97685134410858165 0.75000000000000011 0.90682172775268566 0.97909381985664379 0.43643578886985784 7.5000000000000009 0.97685134410858165
decision_type=2 2 2 2 2 2 2 2 2 2 2 2 2 2 2 2 2 2 2 2 2 2 2 2 2 2 2 2 2 2
left_child=2 29 3 4 -1 6 11 8 -8 16 -11 13 -13 -4 -9 -12 28 20 19 -19 24 22 -22 -23 26 -26 -3 -18 -7 -2
right_child=1 17 5 -5 -6 9 7 14 -10 10 15 12 -14 -15 -16 -17 27 18 -20 -21 21 23 -24 -25 25 -27 -28 -29 -30 -31
leaf_value=-0.0011070735856645679 0.010352026045383187 -0.0088286366781924839 -0.040576354659733138 -0.0039852051866323783 -0.066384082156939292 -0.0014151421707648188 0.07326045468657659 -0.016994688558030439 0.0028490863609710944 0.064229052147613694 0.057741727583507187 0.062495305187005815 0.0080555487229926042 0.0019799432898856164 0.0015064463635753387 0.0099416935294330388 -0.041438693042238607 0.0095388541462646057 0.059076898101338829 -0.055785301790277478 -0.0039897853836639756 -0.0062907945813455773 0.068683775842659514 -0.046326505606731988 0.0048011410077325829 0.039411761199035875 0.027130233223850487 0.015896282944467151 0.012422278082379145 0.026360153761974318
leaf_weight=199.81156372674741 2558.6102632016409 1379.0293198641739 194.53561519249342 4682.1443305834546 274.67185370231164 2841.2448242082028 201.96263624902349 4125.786225652846 527.29144647318753 146.73273199051619 116.66211590320745 231.98289454748738 1370.4531230910798 2419.9561553306994 964.17172714334447 1492.7676600976847 210.19022330327425 816.33177378500113 127.49074689886766 52.446814271737821 1172.1721430062316 1443.4309738499578 120.95167342940113 404.54446821735473 1320.113033164409 279.13478595545166 132.25708251324249 52.770705891074613 969.31996355531737 707.91118652536534
leaf_count=10015 79811 21901 48638 77669 328476 26118 3433 73781 9376 11311 120532 3851 29841 83940 29337 62317 16717 13316 36816 779 7848 22946 2769 10637 34453 70986 3721 1731 6960 24995
internal_value=0.000268881 0.00409173 -0.00163604 -0.00732167 -0.0395269 0.000203521 -0.002855 -0.0088566 0.0229331 0.0054943 0.018159 0.00538976 0.0162061 -0.00119686 -0.0134606 0.0136738 0 -0.000315505 0.0124412 0.00511557 -0.00238233 -0.00772079 0.00292281 -0.0152428 0.00296098 0.0110459 -0.00549716 -0.0292538 0.00207451 0.0139052
internal_weight=31536.9 10514.4 21022.5 5156.63 474.483 15865.8 10036.1 5819.21 729.254 5829.69 1756.16 4216.93 1602.44 2614.49 5089.96 1609.43 4073.53 7247.9 996.269 868.779 6251.63 3141.1 1293.12 1847.98 3110.53 1599.25 1511.29 262.961 3810.56 3266.52
internal_count=1275021 330978 944043 416160 338491 527883 282197 115927 12809 245686 194160 166270 33692 132578 103118 182849 51526 226172 50911 14095 175261 44200 10617 33583 131061 105439 25622 18448 33078 104806
is_linear=0
shrinkage=0.08


Tree=110
num_leaves=31
num_cat=0
split_feature=6 5 0 2 3 0 2 2 0 3 0 7 2 2 3 2 3 3 6 3 6 6 0 8 8 3 2 2 0 6
split_gain=27.7436 67.8581 34.7048 46.739 32.0456 49.2678 76.0833 45.4785 27.5301 88.4705 95.7931 67.8222 48.2289 39.8453 53.1045 44.1575 29.0542 25.9433 22.5203 30.4717 22.304 21.438 21.0198 18.9775 18.8059 14.4335 28.6031 17.7872 16.162 14.4078
threshold=0.91758641600608837 0.7755877971649171 0.90366768836975109 0.81769305467605602 0.96178188920021068 0.75513628125190746 0.57932874560356151 0.64630925655365001 0.25158227980136877 0.49151568114757543 0.44170945882797247 1.0000000180025095e-35 0.30860807001590734 0.40212766826152807 0.68801230192184459 0.61938297748565685 0.47140522301197058 0.59611794352531444 0.97568368911743175 0.92637759447097789 0.68500718474388134 0.97685134410858165 0.4712491780519486 0.75000000000000011 0.75000000000000011 0.35767590999603277 0.2237871661782265 0.17712418735027316 0.15047170221805575 0.99285680055618297
decision_type=2 2 2 2 2 2 2 2 2 2 2 2 2 2 2 2 2 2 2 2 2 2 2 2 2 2 2 2 2 2
left_child=8 21 4 -4 5 7 -7 -3 23 10 12 13 20 14 -11 -15 -12 -13 19 -5 -10 -2 -18 -1 -6 27 28 -25 -27 -23
right_child=1 2 3 18 24 6 -8 -9 9 11 16 17 -14 15 -16 -17 22 -19 -20 -21 -22 29 -24 25 -26 26 -28 -29 -30 -31
leaf_value=0.031828505896808391 0.012720005817210634 -0.0032352701300648219 0.068346097274156789 0.044279715783599308 0.0027497005003497953 0.056737355147849611 -0.018666632980505006 0.01460273199229092 -0.03981949343348324 0.0043680326752162301 0.099795364911042017 -0.0036568445982054464 -0.04413666174199344 -0.0090073253622365412 0.052815866989264597 9.1461387934994265e-05 -0.027628731975189995 0.067102430255338782 0.042158855371553887 -0.0064912919250573551 -0.0039392177409279449 0.054226256595816404 0.063794880160399747 0.01428269726037216 0.023826976050914776 -0.046574316124208377 0.041040696641363998 -0.012618515941308925 0.0079353872505170016 0.020079104187179227
leaf_weight=204.02028196660103 1347.3184014605213 4124.3208985973615 94.382696045970079 85.4725649618631 715.7373691125249 84.569296333764214 1661.446264944927 1168.8766221936821 142.80955200290191 663.48531432234449 41.136483616835903 38.431994334765477 619.20219752856065 4674.8805717626819 184.02851050456229 12491.138337668119 32.592569640022703 123.23239066122915 102.73644650846836 448.96694583525823 502.86788190621883 151.66962119855452 22.182525093783624 248.84484339575283 453.53484143191599 37.324090508976951 172.60558531945571 402.2620016784058 185.81150299392175 227.02632334586815
leaf_count=4437 45944 40712 9065 5474 8244 4297 44117 32734 24948 38019 2088 1691 64923 242767 10675 500044 1986 14599 33998 51181 9303 5174 1248 3166 47025 463 3889 11482 2641 8304
internal_value=-8.93849e-05 0.00322127 0.000395567 0.0170438 -0.00107815 -0.00313487 -0.0147714 0.000683692 -0.00179619 -0.00254018 -0.0221826 -0.00105503 -0.0281574 -0.00153323 0.0153237 -0.00237903 0.052518 0.049716 0.0087224 0.00166704 -0.012366 0.0177214 0.00895809 0.00965973 0.011128 0.00505639 0.0170484 -0.00206285 -0.00130209 0.0347006
internal_weight=31452.9 10666.1 8940.04 731.559 8208.49 7039.21 1746.02 5293.2 20786.9 19536 1360.79 18175.2 1264.88 18013.5 847.514 17166 95.9116 161.664 637.176 534.44 645.677 1726.01 54.7751 1250.87 1169.27 1046.85 395.741 651.107 223.136 378.696
internal_count=1274638 336269 276847 99718 177129 121860 48414 73446 938369 912291 104496 807795 99174 791505 48694 742811 5322 16290 90653 56655 34251 59422 3234 26078 55269 21641 6993 14648 3104 13478
is_linear=0
shrinkage=0.08


Tree=111
num_leaves=31
num_cat=0
split_feature=9 2 6 4 6 4 3 2 3 2 4 2 6 5 4 2 8 6 2 2 4 6 3 2 2 3 3 2 6 3
split_gain=38.3072 34.169 114.089 25.7544 29.1205 25.0234 69.6853 52.646 43.8065 83.6992 66.7079 40.0538 36.5565 76.6958 28.4052 25.7387 24.523 22.9577 20.1687 19.2799 17.5125 14.8841 14.0457 13.6193 13.2748 35.8923 27.5086 12.105 11.891 11.2502
threshold=1.0000000180025095e-35 0.70396453142166149 0.63191848993301403 26.500000000000004 0.98494350910186779 8.5000000000000018 0.39718310534954077 0.29818989336490637 0.78086888790130626 0.41897973418235784 11.500000000000002 0.3034138828516007 0.91903391480445873 0.89670634269714367 21.500000000000004 0.14415584504604342 0.75000000000000011 0.45592044293880468 0.33520600199699407 0.57735043764114391 16.500000000000004 0.64720091223716747 0.41444373130798345 0.25949975848197943 0.19560018926858905 0.35767590999603277 0.47140522301197058 0.37573529779911047 0.5867464840412141 0.35767590999603277
decision_type=2 2 2 2 2 2 2 2 2 2 2 2 2 2 2 2 2 2 2 2 2 2 2 2 2 2 2 2 2 2
left_child=1 3 -3 4 24 6 15 16 14 20 -11 -8 19 -14 17 -2 21 -9 -6 -13 -10 -7 -23 -5 26 -26 -1 -16 -18 -30
right_child=5 2 -4 23 18 7 11 8 9 10 -12 12 13 -15 27 -17 28 -19 -20 -21 -22 22 -24 -25 25 -27 -28 -29 29 -31
leaf_value=0.026665376678809308 0.02339981183641349 0.0042246956138473893 0.068300650005883895 -0.010532829173993398 0.045906409550059674 -0.016579030458612011 0.037848564779315419 -0.044674688516927505 0.086289002013537536 -0.017182095489492795 0.005436422275898467 -0.0086939973184013159 0.018240356058700748 -0.00099298955675970507 -0.01978165799801555 -0.029802251962763801 -0.036925417300750149 -0.012347479136965704 -0.008764909425508902 -0.00041074744981510486 0.0022676153935053791 0.020303998608784717 0.064198020915322396 -0.064546833614845298 -0.023058856040406202 0.0037677033824800896 -0.05935520789917665 -0.072996672275791041 -0.0043481608523906288 0.010666262957902519
leaf_weight=257.50192331243306 57.024588900152594 769.92918157891836 229.10171795215865 106.60453614301514 163.34676200366812 32.758603546069935 181.38325392163824 150.61048339001718 74.184783635573694 1549.6134005073691 1783.0417232963664 2198.4365043904108 2044.0017179060087 3723.6332897977845 63.991683082567761 626.24951728558517 40.974563806666993 2357.2288830848993 50.029603794042487 10055.328675348312 25.200027851868072 166.92447310453281 77.42846510745585 44.532013269257732 354.84468511608429 2796.7363339255971 20.468382689286955 76.809386206397903 535.91645076312125 741.75415886752307
leaf_count=2493 544 27520 232331 1543 2676 5602 6102 73711 2069 32250 46819 144354 60940 116772 4944 29776 10638 49220 6218 301524 2131 1403 670 2073 4975 83809 272 6588 5827 8988
internal_value=-0.000377376 0.00619473 0.0193452 0.00266901 0.00406598 -0.00157025 0 -0.00542005 -0.00882493 -0.00279593 -0.00504275 0.000940117 0.000549367 0.00580533 -0.0165569 -0.0249919 0.00744145 -0.0144376 0.032448 -0.00191283 0.0676464 0.0289123 0.0358628 -0.02903 0.00220889 0.000664803 0.0188289 -0.0514165 0.00271633 0.00425135
internal_weight=31355.6 4793.1 999.031 3794.06 3642.93 26562.5 18886.1 7676.44 6080.68 3432.04 3332.66 18202.8 18021.4 5767.64 2648.64 683.274 1595.76 2507.84 213.376 12253.8 99.3848 277.112 244.353 151.137 3429.55 3151.58 277.97 140.801 1318.65 1277.67
internal_count=1274782 363910 259851 104059 100443 910872 660012 250860 217732 83269 79069 629692 623590 177712 134463 30320 33128 122931 8894 445878 4200 7675 2073 3616 91549 88784 2765 11532 25453 14815
is_linear=0
shrinkage=0.08


Tree=112
num_leaves=31
num_cat=0
split_feature=4 1 0 3 2 1 3 1 0 0 3 1 3 3 0 2 1 0 3 4 3 0 3 4 3 3 2 2 0 1
split_gain=31.9066 57.4411 417.296 255.821 234.563 304.124 202.618 360.057 269.343 190.636 209.553 157.411 213.047 178.404 152.889 108.409 65.36 50.9741 179.867 80.1088 50.1423 96.7702 101.251 64.8111 48.7891 48.3254 178.394 134.481 145.803 210.924
threshold=3.5000000000000004 0.65142410993576061 0.62563130259513866 0.7454303801059724 0.64630925655365001 0.73746865987777721 0.61633428931236278 0.49151568114757543 0.54446640610694896 0.53410854935646068 0.87026646733284008 0.74862638115882885 0.74322345852851879 0.95180022716522228 0.65240275859832775 0.74646764993667614 0.60107529163360607 0.64899963140487682 0.89512962102890026 13.500000000000002 0.68801230192184459 0.6776927411556245 0.77712419629096996 15.500000000000002 0.89943820238113414 0.90054944157600414 0.86222714185714733 0.72481885552406322 0.92232277989387523 0.9569842815399171
decision_type=2 2 2 2 2 2 2 2 2 2 2 2 2 2 2 2 2 2 2 2 2 2 2 2 2 2 2 2 2 2
left_child=25 2 3 6 5 9 8 -8 -2 -3 -11 12 14 15 -6 -13 -5 19 -19 -7 23 22 -22 -4 -14 26 -1 -27 29 -29
right_child=1 4 20 16 11 17 7 -9 -10 10 -12 13 24 -15 -16 -17 -18 18 -20 -21 21 -23 -24 -25 -26 27 -28 28 -30 -31
leaf_value=0.0028125374031702992 -0.00581192111988507 0.0022465094945668083 0.075004974478137809 0.06925511523322983 -0.045237795312358636 0.027886929805677564 0.018771316959723585 -0.067754315869739956 0.053432175259534274 -0.12554076710767245 0.049719126867832114 -0.041682558478187678 -0.035392392930182502 0.0055499787962697191 0.071517044641926403 -0.0096161560068105494 -0.010331570586301726 -0.082319071125228613 0.044568990396942773 -0.022983615823894826 -0.057750655367841644 0.059216187431214012 0.046500415277991064 -0.095510641293768725 0.0242988387718935 0.044078791420461456 0.04093414737503985 -0.046161688920381104 0.004151758114095132 0.032299546929848925
leaf_weight=6345.8230594473134 5622.7215810945054 131.52240790246287 458.09781229335931 368.2381940066407 76.924796287028585 392.08796108618844 486.19102286250563 814.53358301379194 533.01838797191158 384.59113876520132 45.094559078686871 908.69171368778916 277.81453679909464 4973.7436242201366 565.21527845525998 2681.8317500257981 74.682523280833266 190.38226037140703 106.98419900392764 389.23559368308634 117.11192728398601 361.2561139940517 110.83743431454059 9.7952533105271851 119.64042790271924 340.66776973666856 893.95885312012979 1023.2415737755655 2234.8667160996702 272.38129217880487
leaf_count=215384 186178 8822 8686 14181 2426 13836 16257 47628 11609 17904 1924 30346 11469 190131 12736 67376 5091 8416 3712 21338 3936 12710 5183 189 4720 20139 62289 33468 218861 17942
internal_value=0.000256846 -0.00163158 0.00313594 -0.00317313 -0.0054432 -0.0333591 -0.00671544 -0.0353418 -0.000616871 -0.0808752 -0.106419 -0.000644918 0.0286553 -0.00423491 0.0570418 -0.0178227 0.055513 -0.00823119 -0.036157 0.00235603 0.0502254 0.0336967 -0.00646301 0.0701248 -0.0169481 0.00370369 0.00756683 -0.00348027 -0.00817049 -0.0294829
internal_weight=31311.2 20200.2 8956.48 7899.39 11243.8 1639.9 7456.46 1300.72 6155.74 561.208 429.686 9603.86 1039.6 8564.27 642.14 3590.52 442.921 1078.69 297.366 781.324 1057.1 589.205 227.949 467.893 397.455 11110.9 7239.78 3871.16 3530.49 1295.62
internal_count=1274887 706804 311648 280944 395156 75952 261672 63885 197787 28650 19828 319204 31351 287853 15162 97722 19272 47302 12128 35174 30704 21829 9119 8875 16189 568083 277673 290410 270271 51410
is_linear=0
shrinkage=0.08


Tree=113
num_leaves=31
num_cat=0
split_feature=4 5 1 9 1 6 4 1 3 3 3 1 1 7 1 5 3 6 8 1 5 4 5 4 1 3 3 5 1 1
split_gain=41.9354 30.357 39.5502 25.8232 36.4871 92.0143 22.5685 79.4897 182.474 87.4266 45.624 28.5846 20.3938 19.8274 16.6884 15.4044 38.9712 23.2258 13.7814 11.528 9.67781 5.39484 4.02159 3.51862 3.46964 2.47069 3.15637 3.42125 2.33179 2.96951
threshold=30.500000000000004 0.99206298589706432 0.84889996051788341 1.0000000180025095e-35 0.84889996051788341 0.63191848993301403 8.5000000000000018 0.53788751363754284 0.68801230192184459 0.91922956705093395 0.39718310534954077 0.30245855450630194 0.28759399056434637 1.0000000180025095e-35 0.23294574022293094 0.88929739594459545 0.55351883172988903 0.90016075968742382 0.75000000000000011 0.32049381732940679 0.28653530776500707 2.5000000000000004 0.99805447459220897 16.500000000000004 0.25844402611255651 0.42740046977996832 0.28869047760963445 0.49892704188823706 0.89699381589889537 0.9569842815399171
decision_type=2 2 2 2 2 2 2 2 2 2 2 2 2 2 2 2 2 2 2 2 2 2 2 2 2 2 2 2 2 2
left_child=1 3 13 4 15 20 10 8 -8 -9 12 -12 -5 18 25 17 -17 -1 24 -20 -6 28 -23 -15 -3 26 -2 -28 -4 -30
right_child=14 2 21 6 5 -7 7 9 -10 -11 11 -13 -14 23 -16 16 -18 -19 19 -21 -22 22 -24 -25 -26 -27 27 -29 29 -31
leaf_value=0.0011419565831645878 0 0 0.038972560228240201 -0.011868548343399857 0.016965705896014271 0.072692224527104179 -0.0019861500381555472 -0.023985240849138122 0.061179371144327983 -0.0011230306468646538 0.03664993351507629 0.00065738150570858369 -0.046201662984340842 -0.048787988643383164 -0.073455972553515145 -0.025197750677017631 0.020761950919478342 0.021302415200885518 0.018259791432658316 -0.0015344231001526935 -0.0015883358406969276 0 0.072770059168571641 0 0.052158864683007122 0 0 -0.047178286568816521 -0.025086865245034066 0.024488348731449047
leaf_weight=2727.9799571054464 9.0772610974963737 6.9899983394425353 14.052983480039982 439.40956091886619 318.10779207141604 166.31765934606665 2548.6735117166827 2033.3479474338383 325.09941861972038 2288.2382500016247 137.6061840079783 17531.045675295289 156.4090126119263 38.450624507269822 59.676959316479042 369.38396856375039 164.59540191761334 421.55937255983008 332.83959089173004 393.90888946937048 373.07499063434079 7.3018452324904493 78.765853840188356 11.261151593527755 55.715475865406916 45.846690660284366 5.1190208464395246 32.435082316980697 10.15999761465355 10.781606808741342
leaf_count=68743 99 188 1263 12826 13633 217182 103537 84273 10975 44417 4594 593916 16902 640 3437 2360 17273 17203 2947 8676 12941 634 21721 95 1232 679 159 342 2548 10284
internal_value=-3.89901e-05 0.000165069 0.0141329 -0.000278944 0.00526832 0.0200982 -0.00127548 -0.00506952 0.0051978 -0.0119322 0.000211419 0.000957039 -0.0214572 0.00758637 -0.041264 0.00175008 -0.010673 0.0039206 0.0109107 0.00737519 0.00678161 0.0561414 0.0677367 -0.0384545 0.0459532 -0.0161465 -0.0282571 -0.0379934 0.0187198 0
internal_weight=31113.2 30961.1 960.228 30000.8 4541.02 857.5 25459.8 7195.36 2873.77 4321.59 18264.5 17668.7 595.819 839.166 152.155 3683.52 533.979 3149.54 789.454 726.748 691.183 121.062 86.0677 49.7118 62.7055 92.4781 46.6314 37.5541 34.9946 20.9416
internal_count=1275719 1271003 50228 1220775 349335 243756 871440 243202 114512 128690 628238 598510 29728 13778 4716 105579 19633 85946 13043 11623 26574 36450 22355 735 1420 1279 600 501 14095 12832
is_linear=0
shrinkage=0.08


Tree=114
num_leaves=31
num_cat=0
split_feature=4 1 8 6 9 2 1 1 1 2 4 2 6 5 5 2 4 8 8 8 5 4 5 2 8 6 1 1 1 6
split_gain=31.6088 55.2734 27.4458 82.0194 57.5313 47.0544 77.5496 60.0749 54.4962 36.9439 31.9639 25.7996 18.2936 129.064 108.148 65.3754 74.9382 50.1145 46.9523 27.1442 20.3823 17.0778 15.3665 15.205 14.0341 12.7424 10.9035 9.34079 8.00398 8.05099
threshold=22.500000000000004 0.37786844372749334 1.0000000180025095e-35 0.44854147732257849 1.0000000180025095e-35 0.73986300826072704 0.90353596210479747 0.81530213356018078 0.74115687608718883 0.88762626051902782 7.5000000000000009 0.61610352993011486 0.42128865420818334 0.37338866293430334 0.28136573731899267 0.86453121900558483 5.5000000000000009 0.75000000000000011 0.75000000000000011 0.75000000000000011 0.45341086387634283 7.5000000000000009 0.34217563271522528 0.37952858209609991 0.75000000000000011 0.7798304855823518 0.80217391252517711 0.81120249629020702 0.23294574022293094 0.92872086167335521
decision_type=2 2 2 2 2 2 2 2 2 2 2 2 2 2 2 2 2 2 2 2 2 2 2 2 2 2 2 2 2 2
left_child=2 24 3 4 26 6 8 21 -5 -9 -8 -3 14 22 19 18 -17 20 -15 23 -16 -7 25 -4 -2 -14 -1 -19 29 -26
right_child=1 11 12 5 -6 7 10 9 -10 -11 -12 -13 13 15 17 16 -18 27 -20 -21 -22 -23 -24 -25 28 -27 -28 -29 -30 -31
leaf_value=-0.03012024178725457 0.023225301436120765 -0.066835768615526439 0.051251921060917194 0.008072813178171186 -0.069336126868615691 0.030908257332338939 0.076265252886737425 -0.015284049305661795 -0.019849629960687617 -0.00040023644873075844 0.023953500450891774 0.014460892125637961 0.075280259079949355 0.011943218033801615 -0.066152049561464463 0.027472707086133426 -0.0171425708029905 0.0087309344990056173 -0.0011303688880801141 0.07927270871887436 0.045455946133408247 -0.016633889842400294 0.03198720200436779 0.00036387992457618986 -0.012345173332186049 -0.0036395726200450784 0.015436742680680886 -0.025747832113565874 -0.020794594607661292 0.011780107881629882
leaf_weight=48.23768651089631 93.657358246040531 150.73514530195098 32.953646625741385 1649.1142255814048 196.35963297447597 321.442310069222 100.91192802891601 2611.9758579925983 607.79279579780996 1840.9451409162284 347.4003986150492 24.193516364350216 155.84289314874331 2026.7784741454525 252.61967404768802 1167.2272886663122 294.95407902752049 99.537550908979028 12983.454425363947 23.412883155862801 5.8598162557464084 48.855052485014312 181.75372815266019 5082.9024181844434 188.94108455756214 9.6003485821420309 85.23277845676057 85.871646986808628 225.15815383248264 155.7089807431912
leaf_count=5285 2867 12961 1247 45975 300661 3601 1264 22767 8365 33287 3426 1822 5870 51054 51580 278111 10274 10691 348798 529 711 541 7866 48642 2921 1439 4069 1971 5510 1410
internal_value=6.68674e-05 -0.0152032 0.000497659 -0.00356172 -0.0423263 -0.00181519 0.00659292 -0.00656616 0.000455211 -0.00917396 0.0367928 -0.0546134 0.00192919 0.00324973 -0.00201972 0.00221433 0.018336 -0.0396879 0.000627645 0.00123807 -0.0622 0.0240714 0.0511898 0.000772641 -0.0042422 0.0697895 -0.000365651 -0.00665429 -0.00919805 -0.000975453
internal_weight=31099.4 838.394 30261 7858.27 329.83 7528.44 2705.22 4823.22 2256.91 4452.92 448.312 174.929 22402.8 16819.6 5583.16 16472.4 1462.18 443.889 15010.2 5139.27 258.479 370.297 347.197 5115.86 663.466 165.443 133.47 185.409 569.808 344.65
internal_count=1275515 27491 1248024 429241 310015 119226 59030 60196 54340 56054 4690 14783 818783 703412 115371 688237 288385 64953 399852 50418 52291 4142 15175 49889 12708 7309 9354 12662 9841 4331
is_linear=0
shrinkage=0.08


Tree=115
num_leaves=31
num_cat=0
split_feature=9 1 6 0 2 2 3 1 0 1 2 1 2 1 0 0 3 1 2 1 4 4 4 6 3 3 0 2 0 0
split_gain=27.7863 27.2339 99.6867 19.6567 229.377 131.432 113.14 224.847 109.904 94.4625 129.502 299.838 92.4911 81.5757 294.332 287.512 216.196 181.723 140.764 77.7992 64.1593 51.2283 50.9166 24.8058 35.0539 22.9289 54.1949 48.6611 16.9533 30.8475
threshold=1.0000000180025095e-35 0.79388421773910534 0.67806351184844982 0.7897985875606538 0.65485891699790966 0.68020617961883556 0.74322345852851879 0.78830561041831981 0.71819767355918895 0.80874970555305492 0.81046870350837719 0.91458967328071605 0.80735492706298839 0.65142410993576061 0.68108487129211437 0.63686314225196849 0.7577352523803712 0.77015754580497753 0.48313754796981817 0.91010102629661571 2.5000000000000004 11.500000000000002 8.5000000000000018 0.45592044293880468 0.77712419629096996 0.80217391252517711 0.84660634398460399 0.7897985875606538 0.73735308647155773 0.58380147814750682
decision_type=2 2 2 2 2 2 2 2 2 2 2 2 2 2 2 2 2 2 2 2 2 2 2 2 2 2 2 2 2 2
left_child=1 28 -3 5 23 13 7 21 -9 25 11 -11 19 15 17 16 -2 -15 -16 -8 -17 -7 -12 -5 -25 27 -27 -6 29 -1
right_child=3 2 -4 4 9 6 12 8 -10 10 22 -13 -14 14 18 20 -18 -19 -20 -21 -22 -23 -24 24 -26 26 -28 -29 -30 -31
leaf_value=0.0050670908233116929 -0.0082779975104728815 0.0051335981440069432 0.068806963869387477 0.015868739213039846 -0.033936124342278634 0.061488627467444247 -0.01138511252278606 0.011358514896799673 -0.074883665423459936 -0.072917237066350143 -0.0024691487775408976 0.0083239544885757213 0.036348050668831601 -0.023516148185636038 0.059477615670608781 0 0.056056582694618114 0.021327027224558454 -0.0756826218783897 0.013865948459818467 0.051232514928974258 -0.03680660959312821 -0.0257652463968304 -0.031558525965055408 0.067091178695246015 -0.011364108554349881 0.049067018536908251 0.077592239343791405 0.028309758662568074 -0.014193113024955168
leaf_weight=2914.9162399913766 6948.4096485124901 828.38428780384129 191.65653790590295 118.62047233022167 26.470918818551581 788.65013124045799 1795.698562764941 347.0316173263127 123.5442869074177 586.69639573115273 7340.3194566248276 563.64767030373332 502.59274679172086 1204.9968776484893 48.988214835146209 197.79994521808112 345.77918913580652 1101.7681803515588 564.90982763140346 1373.2267334931239 778.39244151522871 30.234570030093892 652.18217518346501 19.589139612624422 339.33333964971825 202.87701872474281 166.3676282321685 112.62574961772771 154.2731296105776 643.88510346703697
leaf_count=43378 315342 35270 238396 3976 729 16039 52010 7769 2817 14408 261337 13790 18167 50448 1172 6321 14935 31685 21949 26956 19201 579 8802 208 10330 5353 5008 1915 22618 24711
internal_value=0.0003142 0.00595688 0.0175306 -0.000696888 -0.00346251 0.00102803 0.0118679 0.0322268 -0.0114962 -0.00616554 -0.00805005 -0.0331083 0.00464006 -0.00376612 -0.0152484 0.000276236 -0.00517 -0.00202892 -0.0642451 -0.000387764 0.040953 0.0574639 -0.00440502 0.0503322 0.0609078 0.0271652 0.0157281 0.0548163 0.00271505 0.00152247
internal_weight=31013.9 4733.12 1020.04 26280.8 10128.7 16152 4960.98 1289.46 470.576 9651.19 9142.85 1150.34 3671.52 11191 2920.66 8270.38 7294.19 2306.77 613.898 3168.93 976.192 818.885 7992.5 477.543 358.922 508.341 369.245 139.097 3713.07 3558.8
internal_count=1275619 364373 273666 911246 325856 585390 124337 27204 10586 311342 298337 28198 97133 461053 105254 355799 330277 82133 23121 78966 25522 16618 270139 14514 10538 13005 10361 2644 90707 68089
is_linear=0
shrinkage=0.08


Tree=116
num_leaves=31
num_cat=0
split_feature=4 1 0 0 1 0 7 4 4 1 8 0 6 4 1 1 8 7 4 5 1 0 6 6 4 6 0 1 5 6
split_gain=31.9355 50.2455 39.064 85.6497 68.765 115.79 112.713 84.2155 78.0044 42.2695 37.6504 37.5152 25.1227 22.6582 22.5327 19.5886 18.0231 14.8116 14.0862 12.563 11.0042 9.72588 9.60789 9.06398 8.89501 9.65797 8.86489 13.4984 8.27107 8.0227
threshold=22.500000000000004 0.37786844372749334 0.28743545711040502 0.39811320602893835 0.46247655153274542 0.53410854935646068 1.0000000180025095e-35 12.500000000000002 8.5000000000000018 0.56691542267799389 0.75000000000000011 0.33534136414527899 0.69249531626701366 6.5000000000000009 0.85145786404609691 0.40212766826152807 1.0000000180025095e-35 1.0000000180025095e-35 14.500000000000002 0.41277122497558599 0.49731183052062994 0.34178434312343603 0.93555310368537914 0.74092873930931102 34.500000000000007 0.97394534945487987 0.28035087883472448 0.28759399056434637 0.98190009593963634 0.44854147732257849
decision_type=2 2 2 2 2 2 2 2 2 2 2 2 2 2 2 2 2 2 2 2 2 2 2 2 2 2 2 2 2 2
left_child=2 19 10 9 5 7 8 -5 -6 11 16 12 -4 26 20 -7 -1 23 -11 -2 -3 -13 29 -15 25 -21 -12 -28 -8 -18
right_child=1 14 3 4 6 15 28 -9 -10 18 13 21 -14 17 -16 -17 22 -19 -20 24 -22 -23 -24 -25 -26 -27 27 -29 -30 -31
leaf_value=0.016062776493609928 0.043476738977607968 -0.036425625005114134 -0.042945121517098526 -0.0090317945420725666 0.0011023421163950367 0.067435003721930148 0.056566325553114902 0.034460144007145289 -0.0099676375041132664 0.069832069314050019 -0.011575578548229883 -0.062872921702671627 -0.0020658720695339167 -0.0012443991939116699 -0.01063173507616976 0.032988614875351728 -0.0060771574341658332 -0.015185103576558914 -0.011217569875234874 -0.010979136602605841 -0.10111835543836663 -0.02939216156996443 0.018499686041732015 0.015097303885803883 -0.03970388975078714 0.011927873470417348 0.05091152075291739 -0.032634512447845411 0 0.07502086233247679
leaf_weight=184.00339761718351 26.209319208515808 48.568993278298876 109.07500670063018 1040.7729812971374 18472.058516448931 194.68119507518713 228.15796975317062 385.81403194775339 5215.5097876413201 40.485634310462046 497.96211760136066 71.891076012412668 687.03326263988856 237.37100562773412 59.884676164831035 343.25040096321027 3.7978562326170495 124.71976290794555 13.432428017971686 436.40395708454889 57.971274276045733 735.34279210169916 47.604156599089038 1329.9717721978086 48.400365657522343 150.58779573708307 31.578007744916249 12.183705917035693 20.832524361321703 95.422957538161427
leaf_count=5519 2329 3407 25200 42344 824590 5094 26326 13888 187964 1551 11114 4428 11477 13838 5099 9912 415 3773 1712 8122 6196 41457 511 10195 812 1506 923 671 3645 1404
internal_value=-0.000250939 -0.0157047 0.000171082 -0.000703018 0.000420602 0.0147935 -0.00075517 0.00269792 -0.00132987 -0.0183086 0.00960917 -0.0207688 -0.00809955 0.00575421 -0.0544184 0.0462559 0.0346886 0.0103491 0.0476864 -0.00539112 -0.0760159 -0.0329396 0.0556793 0.0125245 -0.00798043 -0.00478115 -0.00826856 0.0234089 0.0522388 0.0702389
internal_weight=30951 828.026 30123 27558.3 25901.1 1964.52 23936.6 1426.59 23687.6 1657.26 2564.61 1603.34 796.108 2233.79 166.425 537.932 330.828 1692.06 53.9181 661.601 106.54 807.234 146.825 1567.34 635.392 586.992 541.724 43.7617 248.99 99.2208
internal_count=1275422 27471 1247951 1199588 1113763 71238 1042525 56232 1012554 85825 48363 82562 36677 40514 14702 15006 7849 27806 3263 12769 9603 45885 2330 24033 10440 9628 12708 1594 29971 1819
is_linear=0
shrinkage=0.08


Tree=117
num_leaves=31
num_cat=0
split_feature=5 1 5 6 1 9 7 4 2 1 2 4 4 8 1 2 6 7 1 8 6 9 2 5 8 5 1 5 2 5
split_gain=21.9691 40.6538 24.7938 54.7778 31.0783 59.3861 46.4564 41.4823 40.5846 53.9825 59.8722 28.0526 26.7047 21.2923 18.8643 47.8137 24.1453 14.9633 11.496 10.2316 25.8442 13.5933 19.0635 16.3702 9.81888 8.48646 7.34319 7.3278 7.0277 6.96806
threshold=0.99206298589706432 0.84889996051788341 0.86323359608650219 0.94136744737625133 0.69614070653915416 1.0000000180025095e-35 1.0000000180025095e-35 4.5000000000000009 0.63686314225196849 0.63224515318870556 0.4901809841394425 24.500000000000004 13.500000000000002 0.75000000000000011 0.94360822439193737 0.80735492706298839 0.80101522803306591 1.0000000180025095e-35 0.32049381732940679 0.75000000000000011 0.97483214735984813 1.0000000180025095e-35 0.47395551204681402 0.83648246526718151 0.75000000000000011 0.5219314992427827 0.75134408473968517 0.94756481051445018 0.60922586917877208 0.51013559103012096
decision_type=2 2 2 2 2 2 2 2 2 2 2 2 2 2 2 2 2 2 2 2 2 2 2 2 2 2 2 2 2 2
left_child=2 17 3 11 8 26 7 -7 9 13 -11 14 27 -4 16 -16 -1 24 25 20 29 23 -23 -21 -2 -13 -6 -10 -20 -5
right_child=1 -3 4 19 5 6 -8 -9 12 10 -12 18 -14 -15 15 -17 -18 -19 28 21 -22 22 -24 -25 -26 -27 -28 -29 -30 -31
leaf_value=-0.0038477530154327195 0.038386568392431805 0.055745531691394276 0.016047754862574523 0.049705362284602969 0.0023212611988004108 -0.002524760860780607 0.051109328963989398 -0.017097819929730258 0.05048543070462265 0.021562204930459898 -0.080578466940390558 0.011227365962804851 -0.05761437886023936 -0.0013088154533549895 0.016437535832311403 -0.00024353389825852717 0.0030762151702218251 -0.034441386867355248 -0.057845928346972386 0.041053269864582027 0.056488096384467522 -0.0049895205960608464 0.016353741644368074 -0.013191919987242423 0.0054521987487195153 -0.022200919083582883 0.067980947854826571 0.016832694800360284 0.0070032739191402526 0.0089068613334806947
leaf_weight=8669.4748670057743 61.147692659229506 114.68243720018654 548.54963909077924 27.641960400622338 19.388794507482089 2493.4439696125337 75.315991023642709 2567.1821330096573 152.08366035512881 50.067287704499904 101.79394173575565 55.90307421295438 14.018813508446327 2411.8342808182933 1497.868054801831 4031.6798246900289 5103.1677384717914 49.764506437117234 70.75185863194929 160.09716563748952 121.39047707909776 468.91805605043191 588.72945925054955 37.616111811308656 731.77962300658692 175.55407676211325 66.915530022553867 89.1857543468941 6.3350760525208889 330.97817458162899
leaf_count=543581 1459 37096 5764 624 3492 84079 5442 30808 3494 518 1238 2795 231 26759 49649 212330 92199 726 8174 19269 4231 3690 26739 4500 11749 2880 83308 1824 218 6036
internal_value=4.96047e-05 0.0119515 -0.000327617 0.00112711 -0.00395986 -0.0078275 -0.00898314 -0.00995863 0.00199322 -0.000493346 -0.0462697 -7.1895e-05 0.0323491 0.00187498 0.000305428 0.00425697 -0.00127042 0.00550918 -0.0238156 0.0147297 0.0248954 0.0106324 0.00676148 0.0298727 0.00841712 -0.0133838 0.0559174 0.0392896 -0.0504654 0.0131318
internal_weight=30893.3 957.374 29935.9 21346.1 8589.78 5222.25 5135.94 5060.63 3367.53 3112.25 151.861 19610.7 255.288 2960.38 19302.2 5529.55 13772.6 842.692 308.544 1735.37 480.011 1255.36 1057.65 197.713 792.927 231.457 86.3043 241.269 77.0869 358.62
internal_count=1274902 51030 1223872 976915 246957 207129 120329 114887 39828 34279 1756 911826 5549 32523 897759 261979 635780 13934 14067 65089 10891 54198 30429 23769 13208 5675 86800 5318 8392 6660
is_linear=0
shrinkage=0.08


Tree=118
num_leaves=31
num_cat=0
split_feature=1 0 0 1 2 1 2 0 2 0 1 2 1 0 2 8 2 2 6 6 0 1 2 6 1 2 7 6 6 6
split_gain=21.469 106.484 92.3179 105.998 67.5558 63.4569 171.095 120.869 177.341 98.5309 61.5664 53.2977 50.7396 208.901 76.6047 32.0991 29.5858 28.1183 27.5672 25.0199 22.4119 21.0489 19.2972 22.917 18.9139 18.1658 16.7136 17.3602 13.187 12.4715
threshold=0.93127068877220165 0.91545844078063976 0.80717849731445324 0.9759001135826112 0.78830561041831981 0.87428161501884472 0.87453705072402965 0.79843750596046459 0.71503761410713207 0.84877073764801036 0.91458967328071605 0.91507393121719371 0.84475743770599376 0.75905716419219982 0.72481885552406322 1.0000000180025095e-35 0.69416099786758434 0.98610842227935802 0.57347798347473156 0.97394534945487987 0.77525508403778087 0.88273492455482494 0.81046870350837719 0.43256238102912908 0.86526826024055492 0.61242875456810009 1.0000000180025095e-35 0.96788921952247631 0.79317620396614086 0.99799197912216198
decision_type=2 2 2 2 2 2 2 2 2 2 2 2 2 2 2 2 2 2 2 2 2 2 2 2 2 2 2 2 2 2
left_child=1 5 3 -2 18 9 7 21 -9 12 20 -12 14 -14 -1 19 -11 26 25 28 -8 -7 23 -3 -18 -4 27 -5 -6 -17
right_child=2 22 4 17 15 6 10 8 -10 16 11 -13 13 -15 -16 29 24 -19 -20 -21 -22 -23 -24 -25 -26 -27 -28 -29 -30 -31
leaf_value=-0.0025351824022147337 0.067459118212261387 0.016508800719949247 -0.060336297361802751 0.01066394108424684 -0.0015197807459746561 -0.026764790295002363 0.060087171979401374 0.049937727290399629 -0.062777879589795429 0.060171933774575852 -0.087774338152154158 0.0033393460624571375 0.013362020184093951 -0.063385576319709105 0.013223521512951298 0.00060745669548955736 0.029739713217675254 0.054774218296599411 0.073651021027503247 0.029121549016550716 0.015786983807532292 0.0033483801483499328 0.02223421896791828 0.080354545347294762 -0.0033521522003422651 0.026932719491214754 0.064250815520151786 -0.011116370407344374 -0.015705769725145695 0.02850574355058556
leaf_weight=15225.894199637522 229.85763963969657 70.309608260489767 13.299430721264796 2076.4581641140394 588.95368723897263 201.78424286699737 81.081020676210755 95.518379510904197 776.19583091803361 158.72609857370844 61.9785190197872 97.268613546271808 517.40633639224689 394.05736055067973 2262.3937449618243 3318.2060124209384 345.46749681793153 86.81636747198354 96.915403520164546 91.041240653881687 769.1788424847764 501.62425829193671 377.47003466248862 100.92863188582123 148.12348067908897 75.373011300805956 30.658987763134064 252.77430081678904 1727.6751126223098 101.48895038320916
leaf_count=553300 10068 1605 326 58916 55183 5987 3248 3209 19385 8541 1544 5067 15885 11411 70113 247481 11202 22172 9457 1999 29425 14224 19201 9044 4717 1779 3391 21485 22091 33072
internal_value=0.000241882 -0.00107287 0.0036157 0.0159663 -0.00186406 -0.00196595 -0.0137176 -0.0301877 -0.0500302 -0.00036013 0.011845 -0.0327402 -0.00145529 -0.0198088 -0.000484195 -0.00341963 0.0300635 0.0109358 0.0449489 -0.0104941 0.0205251 -0.00519215 0.0335538 0.0562597 0.0195541 0.00961375 0.00914298 0.00821299 -0.0121792 0.00152254
internal_weight=30874.9 22185.4 8689.52 2676.57 6012.95 21636.7 2584.63 1575.12 871.714 19052.1 1009.51 159.247 18399.8 911.464 17488.3 5827.37 652.317 2446.71 185.588 2407.67 850.26 703.409 548.708 171.238 493.591 88.6724 2359.89 2329.23 2316.63 3419.69
internal_count=1274528 787108 487420 116032 371388 757258 82089 42805 22594 675169 39284 6611 650709 27296 623413 359826 24460 105964 11562 79273 32673 20211 29850 10649 15919 2105 83792 80401 77274 280553
is_linear=0
shrinkage=0.08


Tree=119
num_leaves=31
num_cat=0
split_feature=0 3 0 3 0 4 4 1 3 0 7 3 1 3 3 3 1 3 6 0 1 1 1 6 3 3 3 1 1 3
split_gain=32.0992 116.763 116.811 57.236 60.3486 51.4461 44.5883 42.2642 205.983 112.676 99.2121 97.3723 39.8621 33.7528 27.0656 36.3022 21.1135 21.6772 19.3022 19.9236 17.7345 17.0986 21.5927 16.2334 16.0873 14.0164 16.4092 11.6613 11.6094 11.2087
threshold=0.30068494379520422 0.43951219320297247 0.423303171992302 0.35767590999603277 0.15047170221805575 21.500000000000004 21.500000000000004 0.46247655153274542 0.66274511814117443 0.53788751363754284 1.0000000180025095e-35 0.57294833660125744 0.26365442574024206 0.33589744567871099 0.33060109615325933 0.28869047760963445 0.37786844372749334 0.80217391252517711 0.69249531626701366 0.25158227980136877 0.51087471842765819 0.26365442574024206 0.30245855450630194 0.47641299664974218 0.37590579688549047 0.34549072384834295 0.35388994216918951 0.18808962404727939 0.48514269292354589 0.52704679965972911
decision_type=2 2 2 2 2 2 2 2 2 2 2 2 2 2 2 2 2 2 2 2 2 2 2 2 2 2 2 2 2 2
left_child=3 2 12 4 -1 18 7 8 9 -3 11 -9 27 14 15 -6 29 28 19 -5 -14 24 -23 -10 -20 -15 -27 -2 -18 -8
right_child=1 6 -4 5 13 -7 16 10 23 -11 -12 -13 20 25 -16 -17 17 -19 21 -21 -22 22 -24 -25 -26 26 -28 -29 -30 -31
leaf_value=0.028420349066137118 0.067777067627143958 -0.0072595705689688398 0.10968288591369224 0.031222155978791199 0.0032781900494030531 -0.0027704856288080565 -0.026653872671563699 0.023732758274241476 0.0091989375212762365 0.047319430550231419 0.050747101426009883 -0.0018041056132618958 -0.045753523083584352 -0.080754598114226167 0.015566425847848078 -0.028745763425680134 -0.031958936137718379 -0.014511473764916571 0.040184032625483326 -0.029712311306154 0.053015732353432841 0.060133833886178378 0.020333926150572813 0.067538556924915047 0.011087203411336916 -0.008171568245488748 -0.065675952663770451 -0.00460241281512662 -0.095464202720379976 0.025085490070053642
leaf_weight=329.19799459003843 10.804494266572872 1742.8424298598547 31.472823601594428 60.067963035282446 483.07918966092984 477.98819147457834 44.507845179818105 992.25478300590476 42.163842786510941 275.96288254819228 237.11758142382314 22677.894217744019 660.06706889189081 40.592202550309594 320.2982203840802 407.77045366575476 52.39122745693021 104.80072148908221 203.42511220928282 67.586806298000738 6.3766982764209379 246.96348470344674 167.60988340084441 368.88565862443647 360.36203985335305 122.22926914371783 43.467629519873299 124.41044763737591 54.210182992188493 53.104438839422073
leaf_count=3282 144 70387 911 3471 7036 9150 1571 44433 5356 4416 30021 972199 45492 1961 6817 10438 3522 7489 1461 10163 405 2451 2438 10271 2903 3784 1729 3614 5845 1837
internal_value=0.000433819 -0.000460189 -0.029864 0.00784739 -0.00205992 0.0188447 0.000458593 0.00082165 0.0108639 0.000220584 -0.000194376 -0.000722054 -0.0361868 -0.00932643 -0.00401403 -0.0112802 -0.0294954 -0.0434376 0.0283006 0 -0.0441824 0.0321017 0.0448583 0.0621213 0.0221281 -0.0389258 -0.025676 0.0022507 -0.0685172 0
internal_weight=30809.9 27479.3 833.132 3330.64 1746.63 1584 26646.1 26337.1 2429.85 2018.81 23907.3 23670.1 801.659 1417.44 1211.15 890.85 309.014 211.402 1106.02 127.655 666.444 978.361 414.573 411.05 563.787 206.289 165.697 135.215 106.601 97.6123
internal_count=1274997 1207913 50566 67084 35047 32037 1157347 1137083 90430 74803 1046653 1016632 49655 31765 24291 17474 20264 16856 22887 13634 45897 9253 4889 15627 4364 7474 5513 3758 9367 3408
is_linear=0
shrinkage=0.08


Tree=120
num_leaves=31
num_cat=0
split_feature=4 1 0 3 3 3 3 7 3 1 3 4 3 0 1 0 0 0 4 0 1 1 1 5 1 3 8 0 4 5
split_gain=27.9566 20.9284 92.9068 53.2813 52.5172 86.6594 83.7716 52.1079 54.3086 48.7396 151.767 91.9454 45.9891 45.6685 43.7573 29.9415 29.0469 55.1421 26.8938 18.2615 14.6033 13.3308 12.9045 12.8829 10.7373 7.57823 7.05268 4.95955 3.34475 3.08038
threshold=28.500000000000004 0.32466214895248419 0.39811320602893835 0.52704679965972911 0.39718310534954077 0.37590579688549047 0.37089946866035467 1.0000000180025095e-35 0.57836258411407482 0.48934240639209753 0.68133461475372326 13.500000000000002 0.36515152454376226 0.15047170221805575 0.55351883172988903 0.28743545711040502 0.48683299124240881 0.32583418488502508 15.500000000000002 0.31400561332702642 0.18808962404727939 0.59675306081771862 0.39250700175762182 0.98190009593963634 0.16807910054922107 0.38165266811847692 1.0000000180025095e-35 0.35585997998714453 13.500000000000002 0.72504982352256786
decision_type=2 2 2 2 2 2 2 2 2 2 2 2 2 2 2 2 2 2 2 2 2 2 2 2 2 2 2 2 2 2
left_child=1 4 3 14 5 6 12 9 21 10 -4 -11 -1 24 15 -3 17 -15 26 -8 29 -9 -20 -10 28 -7 -5 -16 -6 -2
right_child=20 2 7 18 13 25 19 8 23 11 -12 -13 -14 16 27 -17 -18 -19 22 -21 -22 -23 -24 -25 -26 -27 -28 -29 -30 -31
leaf_value=-0.00056137087727516294 -0.018364084270662665 -0.002534442941182938 0.0015465193175013578 -0.0034193009889693627 0 -0.027295403120800695 0.055831988986296426 -0.052576392706611415 0.057735290416835582 0.0003110536995797806 0.055020319694378914 -0.020731847213732155 -0.077670063023683816 0.028082455731960786 0 -0.04301845788771351 0.076093164570320046 -0.0072173936154868844 0.010470697987011628 -0.015336291987665151 -0.042440409117742217 0.042258335079847255 -0.04457242987004463 -0.0037977505399561561 0.0016564646165036219 -0.073950040680555426 0.049188901081722691 0.091882865501217714 -0.090721593979539231 0.0096971435908846625
leaf_weight=1899.0232338733476 36.537995588150807 152.60186679736944 1904.5917580724199 12.330399607337311 2.8763864454813328 57.12471081026888 203.00234188474133 44.354523309331853 204.70224116730969 21692.523871437923 410.35154041578062 1409.8372934319777 45.978550750558497 958.01146328017057 6.9211207023909109 668.4344734326005 54.6924290357274 389.62036664148036 47.167697735101683 20.013964758109068 144.40626711465302 5.8940522289194623 46.688649177187472 18.264905636126059 8.0054596159607154 94.960941278171958 88.07137534985668 13.456282727827782 26.550603493233211 55.70387361117173
leaf_count=37877 636 7070 73359 2785 28 2063 2935 1954 26436 923270 17491 70695 1994 17630 324 47044 1156 14261 1667 912 6470 86 5806 3707 79 4432 1812 391 440 545
internal_value=0.000134307 0.000354266 -0.000426718 -0.0238634 0.00594142 -0.00144795 0.00263283 0.000516325 0.0349525 0.000133068 0.0111925 -0.000970388 -0.0026607 0.0179236 -0.0326024 -0.0357485 0.0204202 0.0177695 0.0130542 0.0485472 -0.0269608 -0.0357388 -0.0161614 0.0520201 -0.0632186 -0.0588713 0.0413543 0.0699229 -0.0831923 -0.000145545
internal_weight=30722.7 30486.1 26726.2 1035.67 3759.86 2320.1 2168.02 25690.5 273.216 25417.3 2314.94 23102.4 1945 1439.76 841.414 821.036 1402.32 1347.63 194.258 223.016 236.648 50.2486 93.8563 222.967 37.4324 152.086 100.402 20.3774 29.427 92.2419
internal_count=1275355 1267704 1183897 66899 83807 50213 43718 1116998 32183 1084815 90850 993965 39871 33594 54829 54114 33047 31891 12070 3847 7651 2040 7473 30143 547 6495 4597 715 468 1181
is_linear=0
shrinkage=0.08


Tree=121
num_leaves=31
num_cat=0
split_feature=4 0 0 1 2 1 0 6 4 1 0 1 9 1 4 1 0 6 5 6 6 5 2 0 0 2 2 6 6 6
split_gain=21.4268 23.2585 35.9964 73.7838 101.648 269.797 84.0264 54.4181 49.454 45.2405 31.9093 54.8814 18.5017 16.2918 15.1986 12.6372 12.2194 11.1015 10.9529 9.92274 9.2879 14.0154 9.14223 9.71337 6.14688 5.55451 5.47002 5.25745 4.91288 4.78926
threshold=30.500000000000004 0.25158227980136877 0.40862709283828741 0.46247655153274542 0.46247655153274542 0.58380147814750682 0.54446640610694896 0.73538899421691906 12.500000000000002 0.50274726748466503 0.33534136414527899 0.48514269292354589 1.0000000180025095e-35 0.33534136414527899 9.5000000000000018 0.58380147814750682 0.18350168317556384 0.37688747048377996 0.41941523551940924 0.47229200601577764 0.87597274780273449 0.66192114353179943 0.2674796879291535 0.2290398105978966 1.0000000180025095e-35 0.17712418735027316 0.17712418735027316 0.67806351184844982 0.80101522803306591 0.93033367395401012
decision_type=2 2 2 2 2 2 2 2 2 2 2 2 2 2 2 2 2 2 2 2 2 2 2 2 2 2 2 2 2 2
left_child=1 14 7 6 5 -5 8 12 -4 -6 13 -12 -3 -9 20 -14 -2 -8 19 -16 21 28 24 -24 -20 -21 -18 -23 -1 -22
right_child=16 2 3 4 9 -7 17 10 -10 -11 11 -13 15 -15 18 -17 26 -19 22 25 29 27 23 -25 -26 -27 -28 -29 -30 -31
leaf_value=-0.018453936503037796 0 -0.013197426705494064 -0.0037640679023071559 -0.08048644046401196 0.018660413962146762 0.01955927352156811 -0.00065262900069239574 0.0079875359083655412 0.029942861311614829 -0.00019025724549814492 -0.022722964031870154 0.041618692744473822 -0.05038429818346473 -0.016292030987119871 -0.010624382558212379 0.011260586725543765 0 0.048553191042595881 -0.054657632628642282 0.0083367118184802178 -0.023162421621375519 0.08227698235002795 0.045655013065687283 0.0058135376993830598 0.0091804716722230159 0.082985293110920538 -0.05369958215786582 0.018968590635186553 0.016326870198995001 -0.0029883373736282852
leaf_weight=98.400908157258527 54.645294283211115 210.4513348210603 943.47157136761234 341.53031631985505 840.1464971738751 336.51227234808903 24.444052396109328 1138.8672966932645 386.34254375044839 22354.526140261703 758.55352013616357 89.297220528766047 269.7307770941552 201.23537008333369 9.1433540481084474 16.794680417471682 9.2993526886129967 438.14315529115265 4.1266868761740616 15.839882943080736 117.1176153421402 6.9919975167140356 94.372092843230348 84.581774148420664 1301.6068366605032 28.25568918872159 80.566088254316128 145.07484170841053 25.83227176964283 263.61013835668564
leaf_count=6875 767 11314 37515 26271 31410 16571 2107 13156 13647 971914 11194 1579 81607 4126 1404 3712 117 11624 38 244 778 253 1381 1833 15049 924 3848 1579 201 1605
internal_value=0.000310397 0.000463359 -0.000145971 0.000770938 -0.000399307 -0.0308198 0.016404 -0.00895528 0.00598421 0.000489521 -0.00341502 -0.0155545 -0.0327507 0.00417566 0.00838864 -0.046091 -0.029885 0.0456317 0.0127402 0.0477894 -0.00157489 0.00920233 0.0112198 0.0283637 0.00864892 0.0630091 -0.0472434 0.0254247 -0.00963189 -0.00982879
internal_weight=30689.5 30545 28350 25665.1 23872.7 678.043 1792.4 2684.93 1329.81 23194.7 2187.95 847.851 496.977 1340.1 2194.95 286.525 144.511 462.587 1537.93 53.2389 657.028 276.3 1484.69 178.954 1305.73 44.0956 89.8654 152.067 124.233 380.728
internal_count=1274643 1269911 1237747 1111059 1046166 42842 64893 126688 51162 1003324 30055 12773 96633 17282 32164 85319 4732 13731 20873 2572 11291 8908 18301 3214 15087 1168 3965 1832 7076 2383
is_linear=0
shrinkage=0.08


Tree=122
num_leaves=31
num_cat=0
split_feature=0 3 3 0 3 3 0 6 7 3 0 2 2 3 2 3 3 3 8 3 3 3 3 0 0 3 3 7 6 3
split_gain=19.8141 75.081 43.5189 35.8949 34.2767 32.5916 87.8801 31.9862 30.106 85.526 29.5026 24.6349 24.0141 18.271 14.7129 13.8203 13.1294 16.9791 14.0333 13.0661 12.7906 20.1337 14.7076 11.2122 11.0465 10.0099 12.683 9.54552 9.19544 8.07205
threshold=0.26158231496810919 0.39718310534954077 0.38165266811847692 0.30860807001590734 0.35767590999603277 0.43951219320297247 0.42947559058666235 0.73538899421691906 1.0000000180025095e-35 0.59299960732460033 0.18350168317556384 0.34960317611694341 0.2237871661782265 0.35388994216918951 0.2674796879291535 0.42947559058666235 0.37089946866035467 0.36515152454376226 0.75000000000000011 0.35767590999603277 0.33060109615325933 0.28869047760963445 0.33589744567871099 0.15047170221805575 0.30860807001590734 0.42740046977996832 0.37590579688549047 1.0000000180025095e-35 0.81266710162162792 0.66274511814117443
decision_type=2 2 2 2 2 2 2 2 2 2 2 2 2 2 2 2 2 2 2 2 2 2 2 2 2 2 2 2 2 2
left_child=4 2 16 7 10 6 14 -3 11 -10 -1 -7 15 20 -5 25 17 19 -18 -2 21 -12 -22 29 -20 26 -6 -9 -14 -17
right_child=1 3 -4 5 12 8 -8 27 9 -11 13 -13 28 -15 -16 23 18 -19 24 -21 22 -23 -24 -25 -26 -27 -28 -29 -30 -31
leaf_value=0.012382968865321141 -0.024803984347264902 -0.023955958064920627 -0.069659058419957939 0.0026434868452194457 0.021488738608920199 0.014248700085111787 0.1102968704648967 0.034299920456748997 -0.035798462998806506 0.052531065496064427 0 -0.00057228252070012204 0.0090586771915038954 -0.075470201894134295 -0.037266591746347777 -0.07220089825927678 0.057108036714770799 -0.067141740440611927 0.011277941221846078 0.0066595347064296977 0.0170836232442928 -0.030070820807703607 -0.021975586081409475 0 -0.033978564937363967 0.042178407552735789 -0.013257000000343234 -0.010742749331471837 0.037391317072747558 0
leaf_weight=632.14751147892093 324.95602721723844 74.212130224681459 117.50764739810256 61.137351150944596 161.85019679530524 733.36536976826028 24.88322729076026 374.2511955180089 96.443857480480801 216.05641297921102 288.98012351329089 25431.629490752006 116.06271781046235 22.259493143312284 356.3602508722397 23.242929426021874 21.329995996769867 47.834718079204322 76.634073209250346 101.3535691696452 206.2879769099236 277.54643021951779 80.004261447043973 141.61188003244752 51.986958387889899 68.886398118047509 102.70436726222397 24.754854006227106 369.53100774413906 15.050019557267658
leaf_count=6632 15846 9454 8296 1700 1672 27790 635 3665 4073 30151 4797 1093110 5637 674 26122 279 1147 3074 2408 4211 3648 6381 1997 2179 3607 689 1280 217 2629 436
internal_value=9.31235e-05 -0.000509221 -0.0255412 0.000167159 0.00690643 -0.000212859 -0.0216277 0.0218959 0.00014291 0.0246324 -0.000617248 -0.000148116 0.0183642 -0.0102073 -0.0310814 0.00581797 -0.0164926 -0.0230064 0.00314928 -0.0169622 -0.00788735 -0.0148855 0.00542941 -0.0113478 -0.00640371 0.0155831 0.00741061 0.031011 0.031107 -0.0469838
internal_weight=30640.9 28134.7 741.603 27393.1 2506.17 26919.9 442.381 473.218 26477.5 312.5 1507.23 26165 998.94 875.078 417.498 513.346 624.095 474.144 149.951 426.31 852.819 566.527 286.292 179.905 128.621 333.441 264.555 399.006 485.594 38.2929
internal_count=1274436 1235506 38589 1196917 38930 1183581 28457 13336 1155124 34224 24129 1120900 14801 17497 27822 6535 30293 23131 7162 20057 16823 11178 5645 2894 6015 3641 2952 3882 8266 715
is_linear=0
shrinkage=0.08


Tree=123
num_leaves=31
num_cat=0
split_feature=4 1 3 2 3 1 3 1 1 3 4 2 1 2 8 2 3 6 9 2 1 2 3 3 6 1 3 5 4 2
split_gain=25.4478 68.3109 187.779 157.197 185.792 91.6606 112.708 80.9994 75.3641 63.812 60.8417 60.2381 197.516 58.6938 54.5744 54.4154 48.2338 34.5419 34.339 29.803 31.149 125.233 51.8616 29.1027 25.5094 31.0125 24.5661 22.6136 20.4864 30.1257
threshold=5.5000000000000009 0.62115561962127697 0.75582656264305126 0.61938297748565685 0.81754159927368175 0.71010184288024913 0.95180022716522228 0.7320508360862733 0.99565216898918163 0.72255688905715953 11.500000000000002 0.56374144554138195 0.56440424919128429 0.71010184288024913 0.75000000000000011 0.44575163722038275 0.39718310534954077 0.47229200601577764 1.0000000180025095e-35 0.29818989336490637 0.94360822439193737 0.86222714185714733 0.91715687513351452 0.79431909322738659 0.83960041403770458 0.7320508360862733 0.94665718078613292 1.0000000180025095e-35 19.500000000000004 0.54631218314170849
decision_type=2 2 2 2 2 2 2 2 2 2 2 2 2 2 2 2 2 2 2 2 2 2 2 2 2 2 2 2 2 2
left_child=16 2 11 4 7 9 13 15 -8 10 -5 12 14 -7 -2 -3 -1 -4 24 -20 22 -22 -21 -11 -18 -26 -19 -14 29 -6
right_child=1 3 17 5 28 6 8 -9 -10 23 -12 -13 27 -15 -16 -17 18 26 19 20 21 -23 -24 -25 25 -27 -28 -29 -30 -31
leaf_value=-0.019247861672721463 0.017210255135688725 -0.010193678773179018 0.0018061843293369995 0.059852682327092996 0.02937999920128154 -0.041013830081541115 0.038323843494860226 -0.024356573562045802 -0.00032389028597572126 -0.038057807584082982 -0.017032925800048549 0.029688535978664349 0 -0.011827883909540529 -0.0034714606185635749 -0.10724785731961207 0.0080191563708801594 0.064381688465287662 0.044760313906160212 0.0018803443462488923 0.038881733692194116 0.00092342873535287571 -0.012967319517265281 0.015591488903609552 0.017671114364704147 0.069420648959390083 -0.038682895387797268 -0.11013707046874974 -0.036507065013559277 -0.012182684310859506
leaf_weight=631.40963755927805 970.32251853296475 47.931923131516669 82.12169031855592 327.15457571062143 169.41630814250675 571.69270569157379 360.71420602638682 172.80559955717763 2693.6274673810694 101.77744653992704 76.03767307579983 398.58757546194829 10.772533451905472 2039.7190693954763 5009.3428942476166 284.18180696376658 1391.4408095772233 389.4080792304303 97.905425103585003 7938.1121137085865 669.57351228193147 3228.2942103108799 1850.7170584861306 155.66202168373275 333.84863907314138 98.724512463049905 10.276985457749104 113.62173331150552 98.384119850044954 301.23268197951256
leaf_count=24650 89036 4817 9369 7712 9360 21327 11601 8701 92192 3809 1391 11575 525 46649 104091 18668 102842 11528 3172 253456 19918 170884 51860 7140 16493 137283 764 13122 6962 13121
internal_value=0.000131545 -0.00231279 0.00334487 -0.00767276 -0.0359099 -0.00282944 -0.00614655 -0.0710003 0.00424324 0.0252111 0.0449299 -0.000218237 -0.00222 -0.0183446 -7.71212e-05 -0.0940742 0.00230653 0.051271 0.0031946 0.00181387 0.00147874 0.00752634 -0.000915667 -0.00532982 0.0135082 0.0305057 0.0608911 -0.100009 -0.00414721 0.00259354
internal_weight=30624.8 14384.8 6984.45 7400.34 1073.95 6326.39 5665.75 504.919 3054.34 660.632 403.192 6502.65 6104.06 2611.41 5979.67 332.114 16240 481.807 15608.6 13784.6 13686.7 3897.87 9788.83 257.439 1824.01 432.573 399.685 124.394 569.033 470.649
internal_count=1274018 493460 240010 253450 61629 191821 171769 32186 103793 20052 9103 218349 206774 67976 193127 23485 780558 21661 755908 499290 496118 190802 305316 10949 256618 153776 12292 13647 29443 22481
is_linear=0
shrinkage=0.08


Tree=124
num_leaves=31
num_cat=0
split_feature=0 3 3 4 0 0 5 3 4 0 4 8 3 2 0 4 9 4 5 3 0 5 3 3 3 0 8 3 4 3
split_gain=19.5383 54.1666 50.8397 41.5757 57.732 45.2052 50.4893 48.063 42.1288 29.3725 24.9408 23.1839 15.2144 23.9572 22.248 15.0192 14.8164 14.7349 14.6885 13.1133 12.7156 11.8858 10.5817 12.3628 10.0359 15.7185 8.81275 8.51776 7.88511 7.25953
threshold=0.25158227980136877 0.39718310534954077 0.38165266811847692 8.5000000000000018 0.30068494379520422 0.80717849731445324 0.25819891691207891 0.91458967328071605 11.500000000000002 0.32583418488502508 13.500000000000002 0.75000000000000011 0.35767590999603277 0.2237871661782265 0.15047170221805575 12.500000000000002 1.0000000180025095e-35 20.500000000000004 0.97909381985664379 0.38165266811847692 0.15047170221805575 0.87421184778213512 0.35388994216918951 0.27842378616333013 0.37089946866035467 0.30860807001590734 1.0000000180025095e-35 0.36515152454376226 30.500000000000004 0.31311275064945226
decision_type=2 2 2 2 2 2 2 2 2 2 2 2 2 2 2 2 2 2 2 2 2 2 2 2 2 2 2 2 2 2
left_child=11 2 10 4 -3 7 -7 9 -8 -5 24 26 14 19 29 -15 21 -9 -18 -14 -21 -6 23 -16 27 -26 -1 -2 -17 -13
right_child=1 3 -4 5 16 6 8 17 -10 -11 -12 12 13 15 22 28 18 -19 -20 20 -22 -23 -24 -25 25 -27 -28 -29 -30 -31
leaf_value=0.012999549143206324 -0.021356389939128223 0.071068884278318104 -0.069714259014563448 0.0085256485703929311 0.0051060606310059323 0.031324112740683085 -0.041985877186817844 0.008630437604724062 0.0095820453549340396 -0.01039552222706514 0.014197472361000303 0.0227216355224387 0.019538357181874706 0.054852046435889708 -0.020656533664253091 0.020118142137194046 8.0247827904196627e-06 -0.022673341158434702 0.011865178057181616 -0.043687904071797019 -0.0011993914672103463 0.023310190801016324 -0.064849249693503586 -0.0002612469362443438 0.027389853168235972 -0.03024530269019305 0.042603448149773931 -0.062324455479745855 -0.029442355988654821 -0.010498312062718302
leaf_weight=170.7015746137331 417.40019677647797 71.246227779687615 113.90115875012998 591.84190302508068 2061.5960561535539 84.700091158389114 521.97925885926816 1880.3405312601244 117.60787491322844 3967.5027189188258 162.21436470402114 243.5567632378079 131.91983442311175 93.892538351938128 271.73655617947225 244.70059358060826 17102.317596795707 94.143635065061972 692.02685925850528 54.090950817568228 228.5916006527259 263.11530677102564 16.146092952229083 661.86547663703095 60.770625514269341 51.031914901454002 135.67505193554098 38.295223300199723 15.528200105531139 40.442766883643344
leaf_count=3453 19895 1891 8487 16917 211445 663 10522 66551 4378 172750 5204 2359 1373 1282 3838 3499 584416 7039 43159 829 2953 79258 439 11083 2127 3790 1910 2594 307 407
internal_value=-0.000350973 -0.000933834 -0.020843 -0.000312424 0.0015483 -0.00550803 -0.0244363 -0.00336825 -0.0322545 -0.00789769 -0.0125743 0.0067087 0.00344993 0.0122744 -0.00194664 0.0274102 0.00127656 0.00700354 0.000481345 -0.000444561 -0.0105037 0.00728072 -0.0079413 -0.00644643 -0.0205635 0 0.0270967 -0.0257856 0.0160583 0.0173376
internal_weight=30600.9 28292 843.613 27448.4 20190.3 7258.12 724.287 6533.83 639.587 4559.34 729.712 2308.85 2002.47 768.724 1233.75 354.121 20119.1 1974.48 17794.3 414.602 282.683 2324.71 949.748 933.602 567.498 111.803 306.377 455.695 260.229 284
internal_count=1274818 1241086 42097 1198989 920169 278820 15563 263257 14900 189667 33610 33732 28369 10243 18126 5088 918278 73590 627575 5155 3782 290703 15360 14921 28406 5917 5363 22489 3806 2766
is_linear=0
shrinkage=0.08


Tree=125
num_leaves=31
num_cat=0
split_feature=4 1 9 6 0 0 0 1 3 4 1 3 6 3 0 0 6 3 0 3 0 3 7 3 6 0 3 1 3 3
split_gain=22.7196 38.5999 21.5923 19.9746 75.2119 19.8702 19.5579 59.8027 47.2323 46.4183 36.2013 30.1892 26.4825 17.7653 52.4544 34.6987 21.8333 26.5017 19.5887 17.2263 25.6527 19.9093 17.1947 17.0972 17.059 20.4177 13.7392 11.682 10.7871 17.065
threshold=21.500000000000004 0.43353414535522466 1.0000000180025095e-35 0.84521561861038219 0.63686314225196849 0.60495716333389293 0.55036231875419628 0.58885449171066295 0.69920635223388683 11.500000000000002 0.84889996051788341 0.63702240586280834 0.56727004051208507 0.42740046977996832 0.32583418488502508 0.28743545711040502 0.91184088587760936 0.94665718078613292 0.40862709283828741 0.35767590999603277 0.15047170221805575 0.37590579688549047 1.0000000180025095e-35 0.28869047760963445 0.9855765998363496 0.38757823407649999 0.35767590999603277 0.24068965017795566 0.42947559058666235 0.43951219320297247
decision_type=2 2 2 2 2 2 2 2 2 2 2 2 2 2 2 2 2 2 2 2 2 2 2 2 2 2 2 2 2 2
left_child=2 23 3 6 24 -3 7 8 -1 -9 11 -8 -12 15 28 19 22 -18 27 20 -4 -21 -16 -2 26 -26 -5 -17 -15 -30
right_child=1 5 13 4 -6 -7 10 9 -10 -11 12 -13 -14 14 16 18 17 -19 -20 21 -22 -23 -24 -25 25 -27 -28 -29 29 -31
leaf_value=-0.00079944705973378303 0.031390414566888528 -0.060650439309820017 0.020083507259888483 -0.014070750721805475 0.060285253345088531 0 0.016596127518365214 0.080502832604058022 0.080581623542011677 -0.022151329916503523 0.0036584002708835296 -0.020781176457822771 0.051974532252346925 0.058296084690048419 -0.002475005234582911 0.0023934499439717265 0.00016296669655948399 0.010408583038653949 0.045547695600447531 0.029140085431667382 -0.013783965221695922 -0.0061234791159936342 0.030129838391607468 -0.0080993990662395973 0.040219622463438895 -0.041726103143647324 0.0072013093817270488 -0.037711751534036962 -0.039722182208916122 0.027847600854959752
leaf_weight=1027.1847985854838 71.491706568747759 131.08839661044476 165.98143029195489 245.73840739671141 185.4714917899546 43.848728561992175 159.12813333678059 112.73550510317727 42.61666890385095 31.720052051357925 634.92710257152794 780.37637818051735 78.778268839618249 74.881370983523084 14698.41744977569 44.474563839234179 6198.5729129218089 2196.4812423952972 15.677004240948007 203.2680715774477 806.28213860506366 187.15275216683222 98.590277103881817 736.65800075228617 144.89533742755884 16.365762462985003 829.5168374474888 342.03547842480475 20.155121818039333 252.32012466889864
leaf_count=20789 797 12956 1562 1666 179168 2775 1932 1982 710 738 21079 26229 76266 1376 584127 1432 106381 104786 752 4165 21794 5257 8488 16436 2185 2582 20174 38505 969 6745
internal_value=-6.92456e-06 -0.0119454 0.000386209 0.00563428 0.0133858 -0.0455558 0.00171796 0.0094455 0.00265338 0.0569042 -0.00387267 -0.0142267 0.0095386 -0.000498034 7.63961e-05 -0.00822861 -0.000382143 0.00286728 -0.0287512 -0.00197156 -0.00776533 0.0119678 -0.00223685 -0.00423769 0.00600778 0.0299362 0.00214906 -0.0327167 0.0307169 0.0216471
internal_weight=30576.8 983.087 29593.7 4289.45 1421.99 174.937 2867.47 1214.26 1069.8 144.456 1653.21 939.505 713.705 25304.3 23539.4 1764.87 23192.1 8395.05 402.187 1362.68 972.264 390.421 14797 808.15 1236.52 161.261 1075.26 386.51 347.357 272.475
internal_count=1274803 32964 1241839 355500 205775 15731 149725 24219 21499 2720 125506 28161 97345 886339 812872 73467 803782 211167 40689 32778 23356 9422 592615 17233 26607 4767 21840 39937 9090 7714
is_linear=0
shrinkage=0.08


Tree=126
num_leaves=31
num_cat=0
split_feature=2 3 3 1 1 1 2 3 2 1 2 3 4 1 4 6 2 4 6 3 1 5 4 7 6 6 4 4 6 3
split_gain=21.0777 147.827 134.519 129.165 122.772 338.166 371.318 174.512 144.227 260.25 184.366 130.855 128.608 107.078 129.562 64.1198 61.0695 59.4516 55.2315 50.8241 110.531 45.1749 44.9277 38.7911 42.529 38.3803 36.0912 28.2601 28.3187 27.2112
threshold=0.64630925655365001 0.71503761410713207 0.81120249629020702 0.64326766133308422 0.64747309684753429 0.7320508360862733 0.55612829327583324 0.6291005313396455 0.57932874560356151 0.57804551720619213 0.42933948338031774 0.71330726146698009 5.5000000000000009 0.78830561041831981 2.5000000000000004 0.63191848993301403 0.8216732144355775 11.500000000000002 0.39443081617355352 0.88047617673873912 0.8216732144355775 1.0000000180025095e-35 9.5000000000000018 1.0000000180025095e-35 0.99285680055618297 0.46384282410144811 4.5000000000000009 15.500000000000002 0.35663852095603948 0.64565756916999828
decision_type=2 2 2 2 2 2 2 2 2 2 2 2 2 2 2 2 2 2 2 2 2 2 2 2 2 2 2 2 2 2
left_child=2 13 4 25 8 6 7 -6 9 11 -11 -1 -7 17 -15 -8 -16 18 -2 20 21 -5 -21 24 -3 -4 -20 28 -10 -19
right_child=1 23 3 19 5 12 15 -9 27 10 -12 -13 -14 14 16 -17 -18 29 26 22 -22 -23 -24 -25 -26 -27 -28 -29 -30 -31
leaf_value=-0.0047657623293131755 -0.012862901886842731 -0.0015502306437772386 0.0076260827461043556 0.0064810644098704318 0.080787654316604909 0.044876373968173837 -0.064175308512279886 -0.035999756638861249 -0.019289678378676754 0.029784077715583664 -0.091378051841960892 0.038731710466745242 -0.030077177739480824 0.041436711501321943 -0.073234254671346921 -0.13681137966171369 0.01734377125963206 -0.10954496145624826 0.032650120401270806 0.039632094067612693 0.04199297211451649 -0.072785008895664208 -0.00029861511493515814 0.045171970059784829 0.02418749749152143 0.060957643279508263 0.068715613801544423 -0.040745550677052267 0.031757644476520984 0
leaf_weight=8652.0604361415244 83.485544205177575 14881.376010739172 118.01918038942677 55.692485018633306 102.98764735189616 397.01531859792885 142.98552211155766 331.15834737551631 67.754704796156147 98.703601597917441 352.44641630211117 461.02626500175393 223.71962438357878 185.60546156133205 161.37154534496949 273.01639414322563 60.826564143964788 15.446954087179618 355.66907384700608 278.84511681925505 109.00475095759612 177.72025774615759 472.93154060591769 113.14894704476319 417.13070169881394 438.5141824260354 451.3560572853894 33.478985045498121 952.17353782546706 40.726787824300118
leaf_count=305828 6110 623227 8325 590 2827 10414 14230 14941 8816 5675 24072 16636 10422 7905 4214 2336 1575 328 8023 12061 3606 12102 22487 26018 62940 24381 9094 768 23653 801
internal_value=-0.000145101 0.00175271 -0.00247245 0.0188931 -0.00540982 -0.0270405 -0.0597211 -0.00732683 -0.0023869 -0.00549903 -0.0644833 -0.00252767 0.0175821 0.0270432 -0.00684188 -0.113284 -0.0478984 0.0417673 0.0468967 0.00271846 -0.0224472 -0.0534617 0.0144648 -0.000467677 -0.000830335 0.0501016 0.0533169 0.0256105 0.0281329 -0.0341193
internal_weight=30505.4 16766.1 13739.3 1650.73 12088.5 1470.88 850.148 434.146 10617.6 9564.24 451.15 9113.09 620.735 1354.49 407.804 416.002 222.198 946.684 890.511 1094.19 342.417 233.413 751.777 15411.7 15298.5 556.533 807.025 1053.41 1019.93 56.1737
internal_count=1274405 750235 524170 83552 440618 55170 34334 17768 385448 352211 29747 322464 20836 38050 13694 16566 5789 24356 23227 50846 16298 12692 34548 712185 686167 32706 17117 33237 32469 1129
is_linear=0
shrinkage=0.08


Tree=127
num_leaves=31
num_cat=0
split_feature=1 0 7 0 1 0 4 2 0 2 2 6 1 7 1 1 4 4 0 4 1 2 6 6 6 0 6 1 1 0
split_gain=23.4825 42.845 43.438 33.535 31.3095 63.2676 40.6229 53.3682 36.0763 26.6667 26.1382 25.9445 24.588 24.2557 21.515 24.4824 19.0185 17.2568 17.9509 16.2376 15.9055 14.5917 9.88407 8.74729 6.75557 9.38482 9.20654 6.68456 4.87915 4.6122
threshold=0.32466214895248419 0.39811320602893835 1.0000000180025095e-35 0.48683299124240881 0.40212766826152807 0.47559523582458502 8.5000000000000018 0.40838271379470831 0.50225225090980541 0.33161512017250067 0.43657262623310095 0.74634006619453441 0.39780220389366155 1.0000000180025095e-35 0.49731183052062994 0.38924963772296911 14.500000000000002 36.500000000000007 0.32583418488502508 12.500000000000002 0.2014492750167847 0.2930081188678742 0.98739472031593334 0.51972952485084545 0.97064974904060375 0.32049381732940679 0.55433616042137157 0.63224515318870556 0.59675306081771862 0.51191151142120372
decision_type=2 2 2 2 2 2 2 2 2 2 2 2 2 2 2 2 2 2 2 2 2 2 2 2 2 2 2 2 2 2
left_child=3 9 4 13 5 12 8 -8 -6 28 29 27 -3 17 15 -13 -16 18 21 -7 -20 -1 23 -12 25 26 -15 -11 -2 -4
right_child=1 2 10 -5 6 19 7 -9 -10 11 22 14 -14 24 16 -17 -18 -19 20 -21 -22 -23 -24 -25 -26 -27 -28 -29 -30 -31
leaf_value=0.0076653949686910682 -0.058100416921719147 -0.014529438678051067 -0.031721743233411683 0.066722804794663637 0.015907617027653007 0.030381372707575363 -0.055776765580017144 -0.0052414595907558491 0.00038069822590538588 -0.041325005213870537 -0.012373787819367366 0.00012120945634990152 0.035319883826725317 -0.052260741007589921 0.05945106121119749 -0.034903800629288155 -0.031895205198365049 -0.047687546776811786 0.060659227344992968 0.075914870245209973 -0.011301131960687423 0.025271912035730357 0 0.054839065129610995 -0.041504568470958028 -0.049121917556476491 0.0055596023287801674 0.0079356136525553598 0 0.017436187786492113
leaf_weight=2793.1601683404151 100.71795766298601 320.45121558805113 36.372122181113809 53.36073024343932 1008.7180180515716 236.9450848842971 133.01241490441316 5504.3259512056102 17883.107538343073 180.51366104537738 7.4451193719287394 474.55037510918919 72.75491243385477 14.898464385449186 52.075512068462558 165.37725981720723 13.532857713755218 30.834561309311539 15.181577368464785 76.5968780964904 405.29532932047732 347.09564123538439 22.048700200532039 177.19624655070947 60.805490989238024 26.726986627938459 143.60171953297686 12.004820808215298 8.5413800999231153 9.0065064626687654
leaf_count=45307 6976 12447 1686 1166 47772 6359 12289 201520 800705 46802 471 7722 3014 5513 605 2648 672 575 191 2307 16430 13494 4467 25222 424 2188 1863 1722 1710 393
internal_value=0.000475836 -0.000371126 0.000263714 0.00627732 -6.32416e-05 0.0164703 -0.000549397 -0.00651056 0.00122221 -0.0165144 0.0329839 -0.0115807 -0.00457635 0.00530948 -0.00411886 -0.00888268 0.0374189 0.00701382 0.00759859 0.0430243 -0.0076446 0.00969941 0.0451004 0.0510304 -0.0185771 -0.0093164 -0.000328697 -0.0373201 -0.0533856 -0.018027
internal_weight=30386.3 26495.3 25488 3890.96 25235.9 706.748 24529.2 5637.34 18891.8 1007.31 252.069 898.054 393.206 3837.6 705.536 639.928 65.6084 3591.57 3560.73 313.542 420.477 3140.26 206.69 184.641 246.033 185.227 158.5 192.518 109.259 45.3786
internal_count=1274660 1187509 1118652 87151 1086413 24127 1062286 213809 848477 68857 32239 60171 15461 85985 11647 10370 1277 75997 75422 8666 16621 58801 30160 25693 9988 9564 7376 48524 8686 2079
is_linear=0
shrinkage=0.08


Tree=128
num_leaves=31
num_cat=0
split_feature=9 1 6 4 0 1 3 4 1 6 3 3 0 6 0 3 1 0 0 5 3 1 0 0 6 6 1 0 5 3
split_gain=19.8728 20.3264 79.7914 14.9464 48.0274 87.8114 134.948 114.441 50.3322 40.8858 38.5322 30.8768 55.3788 26.326 34.7239 54.7941 24.3147 108.907 65.7618 23.9689 21.8999 17.4221 16.0108 14.7273 51.6618 47.2785 36.2036 34.3193 31.7288 30.1751
threshold=1.0000000180025095e-35 0.84889996051788341 0.63191848993301403 8.5000000000000018 0.79843750596046459 0.99565216898918163 0.98058068752288829 10.500000000000002 0.88493064045906078 0.56106334924697887 0.96178188920021068 0.39718310534954077 0.30068494379520422 0.63949534296989452 0.56691542267799389 0.66274511814117443 0.94360822439193737 0.87206766009330761 0.92232277989387523 0.52655076980590831 0.77712419629096996 0.77015754580497753 0.21680375933647159 0.57307061553001415 0.82388591766357433 0.68500718474388134 0.62115561962127697 0.64326766133308422 0.42762957513332372 0.68614074587821972
decision_type=2 2 2 2 2 2 2 2 2 2 2 2 2 2 2 2 2 2 2 2 2 2 2 2 2 2 2 2 2 2
left_child=1 23 -3 11 13 6 8 9 -6 -7 -9 22 -13 14 21 -16 18 -18 -14 -15 -21 -5 -2 25 26 29 27 -25 -28 -1
right_child=3 2 -4 4 5 7 -8 10 -10 -11 -12 12 16 19 15 -17 17 -19 -20 20 -22 -23 -24 24 -26 -27 28 -29 -30 -31
leaf_value=0.014940304762187828 -0.00010234491914306715 0.004652515894460761 0.071513404246547604 -0.039585310553663357 -0.059434997298735505 0.016827244465596369 0.11316871221216936 -0.039111093754771724 0.018760539805309 -0.073709509754185762 0.028997927926140012 0.072008405593622066 -0.0027468291093833432 0.018184744079242397 0.084273542327425968 -0.0079170664808291078 0.019838843048380642 -0.0037166121642118067 0.022903230238297448 -0.0047760907875084848 0.0063960090870790656 0.0070330854981091344 -0.027279398356435478 -0.0128116872272143 0.029215652886254526 -0.00053064544901485009 -0.0094211673544850466 0.046868771689731775 -0.049425001428243152 0.059159855546696838
leaf_weight=532.28966688236687 235.25329284224426 680.98383010397083 134.13349893284612 318.60817620956368 89.605975957994815 30.24793022571248 63.750326080800733 74.602138058311539 110.70258200698299 340.50681237922981 151.79960261678207 64.841685465013143 11699.563676666177 456.34455210785381 38.474779515265254 766.78923071765894 2004.7849155708682 3325.8152857194946 670.97020260558929 3224.5695363858249 1711.2594757104525 52.674568762173294 381.04732197526027 157.50864653126337 203.20195544339367 2100.3618201877689 308.95237155212089 92.527858513320098 230.32086806881125 124.09137454663869
leaf_count=19211 3421 26476 228764 112567 1811 2146 1007 871 1515 2692 2075 1854 383051 5869 5819 52731 64392 158471 22050 35142 20892 5945 26713 2058 42823 21725 6785 4032 10279 1573
internal_value=-7.93998e-05 0.00477785 0.016219 -0.000945264 -0.00397333 -0.0216948 0.0160862 -0.0386618 -0.0160357 -0.0657717 0.00550358 0.000270697 0.000892079 -0.00161082 -0.0124337 -0.00282196 0.000602273 0.00512266 -0.00133397 0.000730369 -0.000867771 -0.0325407 -0.0172473 0.00222956 -0.00603178 0.00526736 -0.0154342 0.00913203 -0.0270977 0.0239261
internal_weight=30376.6 4564.37 815.117 25812.2 7429.94 861.215 264.059 597.156 200.309 370.755 226.402 18382.3 17766 6568.72 1176.55 805.264 17701.1 5330.6 12370.5 5392.17 4935.83 371.283 616.301 3749.25 992.512 2756.74 789.31 250.037 539.273 656.381
internal_count=1274760 363726 255240 911034 251082 12117 4333 7784 3326 4838 2946 659952 629818 238965 177062 58550 627964 222863 405101 61903 56034 118512 30134 108486 65977 42509 23154 6090 17064 20784
is_linear=0
shrinkage=0.08


Tree=129
num_leaves=31
num_cat=0
split_feature=1 0 8 0 8 4 1 2 4 1 0 1 1 4 6 4 1 0 1 0 1 2 2 2 6 8 6 4 6 6
split_gain=16.3554 59.527 50.958 48.748 32.9828 29.8049 46.3711 98.301 63.2593 60.8722 49.0906 41.9793 28.7819 30.204 24.8032 23.9701 21.4634 92.87 88.2484 74.534 70.9804 60.3625 32.2433 20.8399 17.6589 16.0613 14.263 12.6922 10.0624 8.26074
threshold=0.35355392098426824 0.46709956228733068 0.75000000000000011 0.39811320602893835 1.0000000180025095e-35 8.5000000000000018 0.51471862196922313 0.51389962434768688 12.500000000000002 0.65895724296569835 0.55625879764556896 0.61257407069206249 0.51471862196922313 14.500000000000002 0.36930006742477423 6.5000000000000009 0.94360822439193737 0.86222714185714733 0.98147514462471019 0.92232277989387523 0.91922956705093395 0.83899769186973583 0.81861472129821788 0.14415584504604342 0.98031464219093334 1.0000000180025095e-35 0.54818576574325573 22.500000000000004 0.44854147732257849 0.93555310368537914
decision_type=2 2 2 2 2 2 2 2 2 2 2 2 2 2 2 2 2 2 2 2 2 2 2 2 2 2 2 2 2 2
left_child=1 2 4 12 24 16 8 9 10 -8 -7 -9 -2 25 -10 23 19 18 -18 20 -5 -19 -21 -4 -1 -14 -17 -28 -6 -30
right_child=3 -3 15 5 28 6 7 11 14 -11 -12 -13 13 -15 -16 26 17 21 -20 22 -22 -23 -24 -25 -26 -27 27 -29 29 -31
leaf_value=0.0017802653991195749 -0.02981454070051201 0.053703347240905204 0.033114114120931466 -0.00047301535430687157 -0.014900904518831328 -0.027448308094357513 -0.08406688656471771 0.014467746918878609 -0.045776125113637774 -0.015266482362423908 0.02946100326902238 -0.0082666700005440338 -0.018693682076464737 -0.040839495248202483 0.029313179741333743 -0.028175171318229473 0.073978056102682044 0.044976231141818868 0.014449451564469279 0.05364482067883878 -0.030264484933932054 -0.0035478805038298804 0.014118597662846547 -0.015679683607794485 0.087425452023985328 0.068405869598363839 0.0066143931759492713 -0.0069924267171528141 0.061610071889064713 0.024229646378166891
leaf_weight=297.97869851972791 535.07922807261639 147.8620372582227 53.638583636377007 12354.773392280098 10.224332847952608 355.80657128000166 164.63280594255048 590.07980034640059 23.528199863052578 178.44416187837487 125.86464308030554 3925.0530511669276 12.117546607332768 31.231064944840909 617.12064877781086 85.320380408928031 174.4080059328553 166.36576997686643 1644.0266842615383 182.27153129753424 529.64317034141277 3748.5145443302099 534.58271826975397 805.49519612046424 11.581958290189503 49.910244159138529 2259.2133780901204 529.26642457029084 157.37126637453912 84.567556864523795
leaf_count=14259 39601 3621 539 438073 1471 17619 19180 21276 8219 12961 3088 127024 1974 5454 17992 20067 9889 12633 87356 11501 18295 280333 28073 28934 65 1267 34007 6665 3029 906
internal_value=9.86649e-05 0.0045856 0.00279682 -0.000664241 0.0251553 -0.000109413 -0.00504847 -0.00845122 0.00951132 -0.0494748 -0.0120988 -0.00524741 -0.0225877 0.0166553 0.0259745 -0.000553984 0.00141096 0.00551558 0.0204338 -0.000308884 -0.00172134 -0.00139026 0.0246924 -0.0122742 0.00683197 0.0488781 0.00290947 0.00396659 0.046457 0.0499472
internal_weight=30386 4442.52 4294.66 25943.5 561.724 25315.1 5980.53 4858.21 1122.32 343.077 481.671 4515.13 628.338 93.2589 640.649 3732.93 19334.6 5733.32 1818.43 13601.3 12884.4 3914.88 716.854 859.134 309.561 62.0278 2873.8 2788.48 252.163 241.939
internal_count=1275371 113563 109942 1161808 19730 1113512 227359 180441 46918 32141 20707 148300 48296 8695 26211 90212 886153 390211 97245 495942 456368 292966 39574 29473 14324 3241 60739 40672 5406 3935
is_linear=0
shrinkage=0.08


Tree=130
num_leaves=31
num_cat=0
split_feature=4 0 2 3 2 0 2 0 3 0 3 4 2 3 3 2 2 2 5 3 0 6 2 0 3 0 3 2 0 0
split_gain=17.7333 53.6085 97.3519 68.14 154.556 119.45 93.1471 56.5895 48.422 77.9824 72.4717 45.8039 42.7363 42.4963 41.2592 129.761 93.7896 38.7083 38.2906 57.8067 214.887 43.7217 42.9767 34.0662 31.3141 138.968 28.6439 49.5945 23.9495 22.1415
threshold=3.5000000000000004 0.57307061553001415 0.49752475321292883 0.7454303801059724 0.57735043764114391 0.65470632910728466 0.43657262623310095 0.67942845821380626 0.93643954396247875 0.7897985875606538 0.7577352523803712 6.5000000000000009 0.4901809841394425 0.69920635223388683 0.91331186890602123 0.86222714185714733 0.76506900787353527 0.88975694775581371 0.56479570269584667 0.74322345852851879 0.62258651852607738 0.79637822508811962 0.2674796879291535 0.62258651852607738 0.56773442029953014 0.4901809841394425 0.65261757373809826 0.65240275859832775 0.62258651852607738 0.8019607961177827
decision_type=2 2 2 2 2 2 2 2 2 2 2 2 2 2 2 2 2 2 2 2 2 2 2 2 2 2 2 2 2 2
left_child=1 2 12 4 6 -5 -3 -8 9 18 29 17 24 -4 15 -7 -16 -12 19 20 -2 22 -20 -21 -1 -26 28 -28 -6 -11
right_child=8 3 13 5 26 14 7 -9 -10 10 11 -13 -14 -15 16 -17 -18 -19 21 23 -22 -23 -24 -25 25 -27 27 -29 -30 -31
leaf_value=-0.0041353273600814623 -0.00104393088588538 0.019215787212445722 0.028332120017313188 0.056774879191781848 0.044770628188597422 -0.0020091995710043052 -0.085038128682898131 0 0.0044586654491942292 -0.019837280999910938 0.0045698110139323301 -0.032975595414651546 -0.096708661157576301 0.085851073559971458 0.032758818141517806 0.033068158994468348 -0.0097464530546636959 -0.047938000499230998 0.007184773565780807 0.014289073672506154 0.057501216142120753 -0.0020987545634711248 -0.023329613127071949 -0.018921552500572762 0.097062620830526164 -0.016872178301410249 -0.03242333061510138 0.0080507375255323994 -0.0060698664488235696 -0.098787800921965832
leaf_weight=977.45993427452049 1715.8905703883647 84.239913296623854 700.74650359652151 249.94823227829329 147.11498719129304 2559.4908231806039 311.16640058005578 60.374397742503788 5915.9217310297099 40.862104748579441 645.24107207910856 558.67573767196154 23.399747054296313 94.990994616411626 366.04611984404619 907.99063276400557 3096.0077273678617 98.876655111424043 369.72586197295459 256.70642948607565 516.64279149781214 7234.187097851187 1301.1388149888371 762.23660285209189 104.26850210197154 175.98769802425522 290.52336224765168 548.86405749571713 87.187651358501171 92.207315468011075
leaf_count=44873 197798 2128 23846 9559 3955 87871 10342 1726 231236 942 18699 12147 1072 2720 24400 62895 250176 3535 8379 29070 24143 86929 38517 52945 2946 6889 10425 19775 2703 2116
internal_value=-0.000123055 0.00247362 0.014008 -0.000265118 -0.0155848 0.00298479 -0.0543476 -0.0714853 -0.00156718 -0.00420229 -0.0218122 -0.0157484 0.000204442 0.0358914 0.000981977 0.00716443 -0.00516542 -0.00246712 -0.00210104 0.00530046 0.012531 -0.00482294 -0.0164807 -0.0103695 0.00251002 0.0259144 0.000897273 -0.00587744 0.0254519 -0.0772993
internal_weight=30294.1 10785.8 2076.85 8708.95 1529.47 7179.48 455.781 371.541 19508.3 13592.4 1435.86 1302.79 1281.12 795.737 6929.54 3467.48 3462.05 744.118 12156.5 3251.48 2232.53 8905.05 1670.86 1018.94 1257.72 280.256 1073.69 839.387 234.303 133.069
internal_count=1274757 568301 82346 485955 51054 434901 14196 12068 706456 475220 37439 34381 55780 26566 425342 150766 274576 22234 437781 303956 221941 133825 46896 82015 54708 9835 36858 30200 6658 3058
is_linear=0
shrinkage=0.08


Tree=131
num_leaves=31
num_cat=0
split_feature=5 1 5 6 0 1 3 6 6 1 1 1 3 3 1 1 0 3 6 1 8 3 5 0 7 1 0 1 8 0
split_gain=19.3723 28.7767 24.4496 54.3075 21.0403 71.982 49.2542 44.4532 29.7359 37.5587 28.3561 21.1497 21.0472 19.7088 18.3306 47.9507 69.4172 37.4397 41.5175 37.0414 27.2192 15.9184 15.0264 13.882 13.1819 12.3217 11.4844 16.671 10.806 7.15094
threshold=0.99206298589706432 0.85313725471496593 0.8657362461090089 0.94313561916351329 0.74210175871849071 0.75905716419219982 0.86319074034690868 0.89672946929931652 0.97064974904060375 0.81120249629020702 0.4817046076059342 0.8216732144355775 0.86319074034690868 0.91458967328071605 0.94360822439193737 0.9797959327697755 0.87559524178504955 0.9833287000656129 0.63191848993301403 0.87428161501884472 0.75000000000000011 0.58102023601531994 0.53470641374588024 0.43425877392292028 1.0000000180025095e-35 0.65419578552246105 0.72046512365341198 0.77459675073623668 0.75000000000000011 0.6911335587501527
decision_type=2 2 2 2 2 2 2 2 2 2 2 2 2 2 2 2 2 2 2 2 2 2 2 2 2 2 2 2 2 2
left_child=2 24 3 14 8 25 11 -8 9 13 23 -7 -11 -4 17 16 -16 19 -19 -1 -17 -12 -5 -10 29 -6 28 -28 -24 -2
right_child=1 -3 4 22 5 6 7 -9 10 12 21 -13 -14 -15 15 20 -18 18 -20 -21 -22 -23 26 -25 -26 -27 27 -29 -30 -31
leaf_value=-0.00011527240708263171 0.0061960727167457317 0.050998374624928053 -0.0015799897168559916 0.039612025468678383 0.054248960111590784 -0.0070401767380447204 -0.031201436888732923 -0.0018860470616804687 -0.0048336906206611656 0.035460354050265201 0.0086926080088231654 -0.037367415979079478 0.0070112171189442634 0.052494031563457347 0.072346318528253892 -0.0011601003469132259 0.0096151483271027637 0.0029165729305116266 0.091597533138641579 -0.011582387681371285 0.015972726469019011 -0.02560767080511717 0.02517873526668498 0.022431960725344719 -0.03168561515179006 0.015597292781206924 0.055401544516080474 0.015108298133273057 0.0034215667325759027 0.033435445281960262
leaf_weight=11636.17131396386 695.27261584199732 101.33442421951622 2483.893565700273 148.19417745685496 100.98515385694918 222.06572106824024 383.82008352399134 2340.5836643717776 420.17528863670304 316.92297335989861 90.266083795955637 556.96082352938538 387.29373039554048 38.830374454846606 144.91915108682588 4195.1707108387345 500.11097996929311 91.93176436421345 52.714395139541011 2134.8894506578945 684.32291970670485 624.84439382787968 179.29788327174901 159.13714150933083 48.241103334818035 150.43316597765079 82.353719538426958 396.3862854754916 851.14365462562273 67.930586659087567
leaf_count=568093 8015 36905 26043 6683 6333 4322 21320 128096 3197 10140 702 11197 7604 1382 6223 129026 28360 3590 2014 78269 101899 15076 2932 1738 747 4919 4332 35742 15189 5251
internal_value=0.000181538 0.0116295 -0.000170675 0.00126926 -0.00385921 -0.00828207 -0.0112966 -0.00612428 -0.000145728 0.00392778 -0.0104 -0.0290266 0.0201997 -0.000582181 7.41998e-05 0.00397874 0.0244032 -0.00146528 0.038285 -0.00190816 0.00122382 -0.0210256 0.0151481 0.00251022 0.00623488 0.0325013 0.0125173 0.0228714 0.00746516 0.00903069
internal_weight=30286.6 912.779 29373.8 21097.6 8276.21 3754.85 3503.43 2724.4 4521.36 3226.94 1294.42 779.027 704.217 2522.72 19440.2 5524.52 645.03 13915.7 144.646 13771.1 4879.49 715.11 1657.38 579.312 811.444 251.418 1509.18 478.74 1030.44 763.203
internal_count=1275339 50918 1224421 982352 242069 176187 164935 149416 65882 45169 20713 15519 17744 27425 917474 265508 34583 651966 5604 646362 230925 15778 64878 4935 14013 11252 58195 40074 18121 13266
is_linear=0
shrinkage=0.08


Tree=132
num_leaves=31
num_cat=0
split_feature=6 5 6 5 6 0 3 3 2 2 3 0 0 0 0 9 2 0 5 3 3 0 3 8 0 8 5 2 9 0
split_gain=14.4356 97.7267 102.572 94.6843 57.4077 33.3681 123.183 32.7137 107.093 57.6946 108.166 223.01 104.917 96.0848 46.1155 47.5123 41.9765 29.7458 28.4145 25.7055 22.719 86.0507 34.6914 33.5411 23.1868 22.6648 22.5167 22.2676 20.2318 17.7849
threshold=0.52506983280181896 0.30803118646144872 0.39688599109649664 0.48110784590244299 0.35490852594375616 0.66969698667526256 0.74322345852851879 0.79431909322738659 0.56635218858718883 0.71248623728752147 0.6789083480834962 0.56440424919128429 0.61938297748565685 0.8019607961177827 0.66969698667526256 1.0000000180025095e-35 0.8019607961177827 0.76506900787353527 0.25819891691207891 0.99473685026168834 0.71010184288024913 0.61257407069206249 0.62593284249305736 0.75000000000000011 0.51899951696395885 0.75000000000000011 0.79750719666481029 0.94185259938240062 1.0000000180025095e-35 0.68870675563812267
decision_type=2 2 2 2 2 2 2 2 2 2 2 2 2 2 2 2 2 2 2 2 2 2 2 2 2 2 2 2 2 2
left_child=1 4 25 20 18 28 -7 9 17 10 12 -12 -5 26 19 -16 -15 -9 29 -10 21 22 23 -2 -24 -3 -11 -22 -4 -1
right_child=3 2 5 7 -6 6 -8 8 14 13 11 -13 -14 16 15 -17 -18 -19 -20 -21 27 -23 24 -25 -26 -27 -28 -29 -30 -31
leaf_value=0.011869545537475655 0.06507183700531291 -0.064189090401961219 -0.0043010310432492491 -0.0034723083706935027 0.064335952171268723 0.093449161620558011 -0.00927003619575913 0.024706102140733509 0.031840210385476395 0.033239063199351826 0.028838396142973195 -0.033324264292670616 0.028015571875873026 -0.12249126912368734 0.041986903883846287 -0.0012288269804306706 -0.018960004736526752 0.067343720780524474 -0.042284087466968961 -6.168477572050587e-05 0.0049178766325500937 0.076062338978673316 0.02917422951121619 0.01386429189474378 -0.046036925568631405 -0.018061249129183211 0.01121816616749738 0.05203583745712563 -0.037491434368081042 -0.0002063848365308425
leaf_weight=949.70373708938132 97.77794173109578 323.8236258594261 230.21402827440761 7781.6937567818677 89.006991983638727 81.860130851171562 522.24964593732147 402.59401492352481 463.04620587819954 549.03972180307028 458.85512077668682 1780.544256830588 736.46581774123479 24.465425780043006 161.12660055710148 8025.3520173150464 248.41593440719589 155.22117966803489 89.151990665828635 231.70595867096563 740.78959462921193 187.01293123982032 30.675292973901378 507.30508111207746 82.976274209242547 105.61096540975268 727.09378329195897 67.056389329984086 267.86758311676385 4146.4721881981532
leaf_count=18103 2820 242317 9162 123253 15467 5050 48655 15974 10315 14748 5584 27289 10677 210 213737 227678 3592 11344 36443 9663 24339 2969 603 14884 1426 7123 22793 11324 100390 36836
internal_value=0.000436991 -0.00279772 -0.0205627 0.00138266 0.00234537 -0.00738127 0.00503913 -3.86458e-05 0.00349588 -0.00276292 -0.00485297 -0.0204799 -0.000716309 0.011618 0.00133187 -0.000333612 -0.030855 0.0373479 0.00118951 0.0210476 0.0194598 0.0282255 0.0151179 0.0228669 -0.0240145 -0.0535516 0.02091 0.00932183 -0.022664 0.0020221
internal_weight=30265.2 6805.96 1531.63 23459.2 5274.33 1102.19 604.11 21745.6 9439.05 12306.6 10757.6 2239.4 8518.16 1549.01 8881.23 8186.48 272.881 557.815 5185.33 694.752 1713.59 905.748 718.735 605.083 113.652 429.435 1276.13 807.846 498.082 5096.18
internal_count=1274768 519546 412697 755222 106849 163257 53705 696857 488711 208146 166803 32873 133930 41343 461393 441415 3802 27318 91382 19978 58365 22702 19733 17704 2029 249440 37541 35663 109552 54939
is_linear=0
shrinkage=0.08


Tree=133
num_leaves=31
num_cat=0
split_feature=1 4 3 3 0 0 0 1 3 3 4 7 3 4 1 1 6 3 1 1 1 1 1 0 1 6 6 0 6 3
split_gain=22.905 48.6639 47.3349 29.3503 45.5618 29.2505 44.4133 24.7207 23.5373 51.3576 22.182 21.9423 60.0358 22.8904 39.0471 24.05 18.5276 18.0346 17.4094 15.7026 13.05 15.4969 12.0866 11.3878 10.4522 6.90934 6.79426 6.72662 6.81334 6.45778
threshold=0.34960317611694341 21.500000000000004 0.54201978445053112 0.43951219320297247 0.44170945882797247 0.48683299124240881 0.33534136414527899 0.26975052058696752 0.35767590999603277 0.33589744567871099 16.500000000000004 1.0000000180025095e-35 0.57836258411407482 8.5000000000000018 0.53788751363754284 0.94360822439193737 0.98227471113204967 0.7454303801059724 0.55351883172988903 0.5604878067970277 0.34066730737686163 0.21483516693115237 0.45923791825771337 0.27475491166114813 0.52027395367622387 0.49189095199108129 0.76216787099838268 0.61938297748565685 0.98636335134506237 0.63224515318870556
decision_type=2 2 2 2 2 2 2 2 2 2 2 2 2 2 2 2 2 2 2 2 2 2 2 2 2 2 2 2 2 2
left_child=2 3 5 4 19 6 8 29 9 -1 -10 13 18 15 -15 -5 -14 22 -13 23 21 -8 -3 -2 -19 -9 -22 28 -26 -4
right_child=1 17 7 11 -6 -7 20 25 10 -11 -12 12 16 14 -16 -17 -18 24 -20 -21 26 -23 -24 -25 27 -27 -28 -29 -30 -31
leaf_value=0.0040060927615940909 0.00021715843094118368 -0.03047517980632846 -0.014890185756621172 -0.0012052959749623952 0.10007842343923366 0.081738440367960866 0.038048886876027234 0 0.020392642827048814 -0.036799334485576631 0.0021962275905017736 -0.057817718296147742 0.054471473598598948 0.0066553887346250161 -0.0087123272155449436 0.0049888392018746248 -0.013805605052597836 0.035780912867942917 0.043356219443856078 0.069752578215230954 -0.029500614236916304 -0.029657669010018865 -0.091845927907572303 -0.041981850472700206 -0.043610071258250609 0.055311358380113793 0.022766257633986178 0.00099547904921577215 0.022242292385879967 0.022607206025487263
leaf_weight=1518.1558651377272 39.820651152302162 67.223380959534552 54.138247512222733 13553.165693530114 12.220264771021901 24.930929743830347 16.681167284055846 12.781569695711367 922.64879747772648 221.48664585527149 840.1338122983725 56.143462989537511 168.2377257492044 1368.5117101913493 4485.4845288838842 5682.2981363226645 23.560263001076237 16.460362521393108 7.5652524017641545 3.8339393369678865 14.691172046572317 391.18514397002582 45.897890376218129 248.6661918242753 71.746099625284842 187.58923047874123 57.386057552415878 36.760049601944047 5.0598755819373755 51.138319355784915
leaf_count=27242 2215 3896 816 493040 241 331 251 2898 25651 9243 15225 2600 25183 61458 160704 372264 4726 847 125 117 3213 19087 5481 22705 5133 2869 873 2330 1663 1435
internal_value=-0.000211785 -0.00111623 0.00517595 -0.000768604 -0.0252635 0.0027968 0.00216059 0.0353066 0.00533174 -0.00118801 0.0118416 -0.000463041 0.0226168 -0.000708918 -0.00508983 0.000617002 0.0451337 -0.0363876 -0.0411941 -0.0326363 -0.0204675 -0.0260738 -0.0595641 -0.0357074 -0.0135803 0.0515134 0.00881448 -0.0232915 -0.0362217 0.00207253
internal_weight=30205.6 25892.7 4312.95 25649.5 304.541 4007.3 3982.37 305.647 3502.43 1739.64 1762.78 25345 255.507 25089.5 5854 19235.5 191.798 243.148 63.7087 292.321 479.944 407.866 113.121 288.487 130.026 200.371 72.0772 113.566 76.806 105.277
internal_count=1273862 1164728 109134 1145378 25278 101116 100785 8018 77361 36485 40876 1120100 32634 1087466 222162 865304 29909 19350 2725 25037 23424 19338 9377 24920 9973 5767 4086 9126 6796 2251
is_linear=0
shrinkage=0.08


Tree=134
num_leaves=31
num_cat=0
split_feature=5 1 5 2 2 3 0 1 0 0 1 0 4 0 5 5 0 1 3 4 1 1 3 1 0 7 2 1 2 3
split_gain=15.9675 26.9101 26.1344 25.668 22.3596 119.281 88.9657 81.8762 336.393 153.248 71.0566 90.0724 88.5921 52.9969 32.0269 27.0227 17.0249 63.0993 58.0395 21.4502 34.5261 16.6301 15.4162 15.378 15.1421 11.3703 10.4129 17.2663 12.7697 10.8012
threshold=0.99206298589706432 0.84889996051788341 0.86810848116874706 0.98717737197875988 0.64630925655365001 0.73375529050827037 0.76506900787353527 0.64747309684753429 0.64326766133308422 0.66969698667526256 0.78319624066352855 0.6569296419620515 2.5000000000000004 0.61257407069206249 0.46818889677524572 0.60039526224136364 0.74646764993667614 0.78319624066352855 0.75905716419219982 3.5000000000000004 0.78319624066352855 0.6832355558872224 0.7577352523803712 0.90070420503616344 0.80717849731445324 1.0000000180025095e-35 0.58885449171066295 0.42179392278194433 0.42280606925487524 0.52419984340667736
decision_type=2 2 2 2 2 2 2 2 2 2 2 2 2 2 2 2 2 2 2 2 2 2 2 2 2 2 2 2 2 2
left_child=2 25 4 16 6 10 7 9 -9 -1 11 -6 -12 22 -8 -15 19 21 -19 20 -4 -18 -7 -21 -16 26 27 29 -29 -2
right_child=1 -3 3 -5 5 13 14 8 -10 -11 12 -13 -14 15 24 -17 17 18 -20 23 -22 -23 -24 -25 -26 -27 -28 28 -30 -31
leaf_value=-0.0024371719645643994 0.00704072342727592 0.049391967070512209 0.00028789275845043992 0.058715076074979548 0 0 0.0078471404410934489 0.0054926158713779335 -0.072569729992313342 0.049866805527838447 0.041220521224105279 0.057082349924296318 -0.036462612942386355 -0.0027559888724975191 0.021820211637912149 0.0056196236888247384 0.050236664747307674 -0.068355195680575673 -0.0098283606846010906 -0.0066716813969723756 0.032618166902227602 0.010629376957362043 0.084156443017492283 0.0085181951677574062 0.070240655429772134 -0.03024936518037891 0.030328181647708129 -0.074425707040029487 -0.0073889548709550144 0.044579395539860185
leaf_weight=6941.4924568285278 413.14333829563111 97.359175649879035 892.96667090241681 36.140017899801023 247.27489534174674 19.69517401146004 176.74767793349747 1086.7647478688305 515.76381858851528 372.99015135056106 164.40712471855659 589.87637510342756 205.5290216136782 6622.7196703868976 80.9288994987146 3916.4892078340272 106.42124262845027 108.72923424775945 3139.9220098104925 2843.3254058222519 276.28294769096829 220.95252688568144 57.750920751219383 488.82842222737963 146.07446092185273 46.988160922192037 110.65802445026929 16.949786944314837 173.01167446660111 54.752140525117284
leaf_count=356285 3418 36763 11499 54287 7517 891 7127 55626 24376 11437 6748 15865 6732 283142 2844 196793 6873 1354 107286 30882 8597 6619 1529 10609 9414 754 5744 134 2686 1199
internal_value=0.000119896 0.0105131 -0.00020065 -0.00406375 0.00127474 0.00358814 -0.00164307 -0.0033306 -0.0196793 0.000240367 0.0273682 0.0402137 -0.00142261 0.00085773 0.0348201 0.000342498 -0.00440058 -0.00852389 -0.0119384 -0.0010836 0.00816986 0.0245482 0.0647591 -0.00438595 0.0545102 0.00540386 0.00797204 0.00376974 -0.0159465 0.0121967
internal_weight=30170.9 912.862 29258.1 8113.57 21144.5 11823.7 9320.76 8917.01 1602.53 7314.48 1207.09 837.151 369.936 10616.7 403.751 10539.2 8077.43 3576.03 3248.65 4501.4 1169.25 327.374 77.4461 3332.15 227.003 815.503 768.515 657.857 189.961 467.895
internal_count=1275030 50698 1224332 238006 986326 519217 467109 447724 80002 367722 36862 23382 13480 482355 19385 479935 183719 122132 108640 61587 20096 13492 2420 41491 12258 13935 13181 7437 2820 4617
is_linear=0
shrinkage=0.08


Tree=135
num_leaves=31
num_cat=0
split_feature=4 1 0 7 1 0 2 1 4 7 1 4 6 1 1 0 8 8 8 6 4 1 6 6 6 0 1 4 0 4
split_gain=18.7999 21.4315 32.0714 28.4805 27.1965 66.6705 55.7646 298.509 51.0236 47.1223 23.8406 18.6592 18.0566 18.098 16.8671 15.6435 14.6664 12.8878 20.2913 11.8861 9.25252 8.02361 5.5003 11.0273 5.08731 4.64651 7.85801 4.38285 4.04461 3.13236
threshold=24.500000000000004 0.32466214895248419 0.39811320602893835 1.0000000180025095e-35 0.46247655153274542 0.55625879764556896 0.46247655153274542 0.59675306081771862 12.500000000000002 1.0000000180025095e-35 0.47478812932968145 19.500000000000004 0.75258171558380138 0.38924963772296911 0.30245855450630194 0.46709956228733068 1.0000000180025095e-35 0.75000000000000011 1.0000000180025095e-35 0.72982835769653331 4.5000000000000009 0.83047896623611461 0.84756988286972057 0.55433616042137157 0.94756481051445018 0.58102023601531994 0.43353414535522466 8.5000000000000018 0.36643192172050482 7.5000000000000009
decision_type=2 2 2 2 2 2 2 2 2 2 2 2 2 2 2 2 2 2 2 2 2 2 2 2 2 2 2 2 2 2
left_child=1 3 10 15 5 8 7 -6 -4 -8 12 16 -3 -14 24 17 -12 18 -1 -19 -7 25 23 -5 -2 26 28 -25 -16 -17
right_child=14 2 4 22 6 20 9 -9 -10 -11 11 -13 13 -15 21 29 -18 19 -20 -21 -22 -23 -24 27 -26 -27 -28 -29 -30 -31
leaf_value=0.0035245906090448417 -0.013010539443863409 -0.044489778312683574 -0.0080054744554714143 -0.051471882800949026 -0.073557019985194247 0.020628448571133322 -0.00050714803390010063 0.032469999380678335 0.026276538525638667 0.04062757582773991 -0.023895827536686533 -0.058642462426651339 -0.0057085423717515736 -0.03743371523704072 -0.047394610378243635 0.060154152144975333 0.045070191382650428 -0.007731836250411319 0.038909496220213738 0.0071458857890659942 0.051504159776052189 -0.00027322306531638062 -0.028664879096845071 -0.0051426673054339204 0.004686892332203825 0 -0.088556136186977691 0.03733233935405024 -0.00043788574247154399 0.011380634441839824
leaf_weight=242.00041953912296 266.68101353457314 159.27307283937989 987.89010954347032 14.394029128248802 354.60003640377545 131.2617071151617 22630.852379445969 315.70398914340331 380.04870355130697 174.61351555147121 18.678329370857682 11.840092500140598 491.80902294581756 153.75058620632626 31.78516116119863 40.215909302321961 83.066589265959919 389.29202375526074 194.18603441418963 2316.9662217097357 214.5426825012546 32.923217715971987 161.85872425476555 16.510633106867317 148.31843044422567 4.7880932868647497 31.560647469435935 28.489335662918165 28.030814618905424 25.282267276634229
leaf_count=9127 5386 44074 41271 6821 28072 5092 972042 15304 14059 29718 4595 1962 8323 2526 1904 776 2961 34215 3610 21463 6704 3595 1186 740 1389 168 4766 737 1375 766
internal_value=-0.000171689 9.55726e-05 -0.000680285 0.00604149 -0.000137049 0.00956945 -0.00085433 -0.0235121 0.00146342 -0.000176343 -0.015325 0.0176736 -0.0202599 -0.01374 -0.0148408 0.00800178 0.0303843 0.00709296 0.0199027 0.00493642 0.0407014 -0.0397707 -0.0212224 0 -0.00632413 -0.0510297 -0.055154 0.0195923 -0.0295897 0.0457396
internal_weight=30081.2 29537.1 26107.9 3429.2 25189.5 1713.74 23475.8 670.304 1367.94 22805.5 918.418 113.585 804.833 645.56 544.087 3207.94 101.745 3142.44 436.186 2706.26 345.804 129.088 221.253 59.394 414.999 96.1647 91.3766 45 59.816 65.4982
internal_count=1274727 1256144 1176703 79441 1112262 67126 1045136 43376 55330 1001760 64441 9518 54923 10849 18583 69957 7556 68415 12737 55678 11796 11808 9484 8298 6775 8213 8045 1477 3279 1542
is_linear=0
shrinkage=0.08


Tree=136
num_leaves=31
num_cat=0
split_feature=6 5 6 2 5 6 5 6 5 8 8 0 3 0 3 0 0 3 3 0 8 8 2 4 5 3 0 4 3 2
split_gain=12.3942 39.9427 25.0694 23.1546 19.1664 83.8121 99.5226 84.6354 38.6072 37.5012 30.6371 23.335 20.5736 114.019 51.6862 49.3977 80.9815 155.136 103.247 43.6496 33.902 74.575 32.8132 23.4037 20.2027 18.8548 36.5022 31.4758 89.0016 28.363
threshold=0.90486964583396923 0.79750719666481029 0.97685134410858165 0.99565216898918163 0.46188034117221838 0.49629549682140356 0.28653530776500707 0.39688599109649664 0.34382070600986486 0.75000000000000011 0.75000000000000011 0.72046512365341198 0.61633428931236278 0.54446640610694896 0.59299960732460033 0.4901809841394425 0.6569296419620515 0.7454303801059724 0.71503761410713207 0.58102023601531994 0.75000000000000011 1.0000000180025095e-35 0.28759399056434637 18.500000000000004 0.38266237080097204 0.86319074034690868 0.74646764993667614 1.5000000000000002 0.92637759447097789 0.64630925655365001
decision_type=2 2 2 2 2 2 2 2 2 2 2 2 2 2 2 2 2 2 2 2 2 2 2 2 2 2 2 2 2 2
left_child=4 2 -2 25 5 6 9 10 -9 11 -8 -1 13 20 -15 23 17 -17 -18 -16 21 -6 -22 -14 -7 26 29 28 -27 -3
right_child=1 3 -4 -5 12 24 7 8 -10 -11 -12 -13 15 14 19 16 18 -19 -20 -21 22 -23 -24 -25 -26 27 -28 -29 -30 -31
leaf_value=0.011497255873485076 0.0079170879482316266 -0.0031111836815921265 0.030678118880214784 0.058111404915241915 -0.0096109424063296374 0.035554515537116402 -0.062133106196483059 0.039203355642188041 -0.013628373562480985 0.07611517988465083 -0.012052936366928831 -0.0010843795328605243 0.047559539442866533 0.069035502092889944 -0.030214374467072862 -0.036705758297740226 0.033672998747092737 0.012475799475358845 -0.0050676086970337696 0.042231405672260046 0.002213932163527979 0.052959309531341425 -0.016234365626302278 -0.008218863371086611 0.013430114275529559 0.018391158222714598 -0.017356534622899725 0.0079133896513445788 -0.047259897475430954 0.012589448150557824
leaf_weight=1235.3260726030348 1816.705843573618 4015.8545726575539 380.91859691400896 38.679990051750792 294.95204869030567 377.69258723028179 341.05771938339603 101.90409277417348 494.98539719985274 39.153012024820782 115.58204010874033 3870.5545333895716 157.41131268518802 207.23479110089829 85.695631491325912 1274.31715269915 476.19612120698002 595.36819705352536 5123.0232020965414 120.49951801117277 1161.3484138917702 197.66868084657472 1277.6695492511353 60.149440527813567 1048.1237388689697 264.51725248941511 946.91363241350336 2797.3916574799659 251.28207761430531 896.03919140217477
leaf_count=33766 61292 38861 15071 61854 17007 13441 265694 13612 100984 993 7215 41754 3374 2644 1322 22192 7047 14639 229225 1405 27102 5021 58286 1769 36722 12574 19920 120067 18208 21927
internal_value=0.000236845 0.00231778 0.0119956 0 -0.00102738 0.00204348 -0.00196008 -0.0243149 -0.00409209 0.00260551 -0.0500715 0.00193661 -0.00316424 0.00203599 0.0411334 -0.00544798 -0.00656842 -0.0209679 -0.00171719 0.0113625 -0.00348383 0.0154543 -0.00739811 0.0315813 0.0195064 -0.000273147 -0.00301646 0.00452695 -0.0134315 -0.000204607
internal_weight=30064.2 11408.3 2197.62 9210.68 18655.9 7624.38 6198.56 1053.53 596.889 5145.03 456.64 5105.88 11031.5 3345.07 413.43 7686.47 7468.9 1869.69 5599.22 206.195 2931.64 492.621 2439.02 217.561 1425.82 9172 5858.81 3313.19 515.799 4911.89
internal_count=1274988 369774 76363 293411 905214 514181 464018 387505 114596 76513 272909 75520 391033 112787 5371 278246 273103 36831 236272 2727 107416 22028 85388 5143 50163 231557 80708 150849 30782 60788
is_linear=0
shrinkage=0.08


Tree=137
num_leaves=31
num_cat=0
split_feature=1 3 4 0 0 3 3 3 1 4 0 1 2 3 3 3 1 0 1 2 2 0 1 3 2 5 2 1 3 1
split_gain=11.8918 46.8801 39.269 28.2657 46.5109 37.4772 30.1733 29.8369 22.4563 21.2042 45.6858 212.619 154.374 148.687 84.4644 64.6325 58.9332 38.9522 249.467 64.299 46.3758 169.979 58.7774 36.2238 14.5555 9.5443 9.02998 11.0419 12.1027 14.2939
threshold=0.35355392098426824 0.54201978445053112 20.500000000000004 0.46709956228733068 0.35585997998714453 0.41444373130798345 0.42947559058666235 0.40270270407199865 0.26975052058696752 5.5000000000000009 0.55625879764556896 0.62115561962127697 0.61938297748565685 0.68614074587821972 0.60640108585357677 0.56440424919128429 0.5174442231655122 0.55036231875419628 0.59675306081771862 0.54201978445053112 0.54631218314170849 0.73986300826072704 0.60922586917877208 0.66274511814117443 0.24440020322799685 0.91903391480445873 0.35355392098426824 0.38507877290248876 0.75905716419219982 0.59317129850387584
decision_type=2 2 2 2 2 2 2 2 2 2 2 2 2 2 2 2 2 2 2 2 2 2 2 2 2 2 2 2 2 2
left_child=1 3 9 4 5 7 -7 -1 25 17 13 14 -13 15 -12 -11 -15 18 23 -20 21 -19 -22 -2 -6 -3 -4 -28 -29 -30
right_child=2 8 26 -5 24 6 -8 -9 -10 10 11 12 -14 16 -16 -17 -18 20 19 -21 22 -23 -24 -25 -26 -27 27 28 29 -31
leaf_value=-0.00027176790266036829 -0.0091077415363118724 -0.013504946340670593 -0.078573866962895034 0.058683858259581161 0.022992488745637338 0.036560251518443249 0.006206099823725531 -0.066806456311111345 0.047097689666666734 -0.0095109674719085959 0.06869839789366719 -0.042525002190557659 -0.0018716506075990718 0.066723475550880609 0.018424893318726134 -0.040677814759837942 0.0065442907827158248 -0.033132075279427346 0.099140890125734793 0.036911387320667524 0.026651287796257903 0.045907574964244253 0.00028864098352235698 0.048144069093869597 -0.033276903233367017 0.036276552435853156 0.016491382400361666 -0.049835793530238481 0.040139903195937209 -0.023309571576512235
leaf_weight=2741.1806465422051 1204.657364575105 73.807827581797028 20.283955189515837 49.63695135951275 25.630971993290586 326.57165046071168 622.73063190674293 38.926982873788802 220.80667574383551 927.35737203601457 276.12804652270279 660.16031670059601 6023.5175153565797 145.85268118222302 993.41415610763943 816.88582597894128 364.31880353813176 807.19899782826542 182.11700439534616 300.97307354590157 563.12288670759881 215.65478210458241 11772.432432223271 69.54641143270419 299.15049513841223 30.523217111243866 31.122095149738016 105.71615471369296 21.124996144892066 130.828679880251
leaf_count=65548 63926 1525 3475 779 533 6928 12857 2669 6542 51980 5215 31822 186514 5679 33348 47957 25209 26643 3954 8217 20019 12717 612015 2764 15320 727 1444 8689 1146 8768
internal_value=3.65418e-05 0.00386695 -0.000619689 0.00149108 0.000680004 0.0032608 0.0169528 -0.0013791 0.0328934 -0.000264573 -0.00308621 -0.000213679 -0.00593977 -0.0131263 0.0297116 -0.0242734 0.0245401 0.00163068 0.0128109 0.061474 0.000143717 -0.0161697 0.00151538 -0.00568188 -0.0280698 0.000588711 -0.0287384 -0.0234158 -0.0290672 -0.0124715
internal_weight=30061.4 4428.97 25632.4 4103.83 4054.19 3729.41 949.302 2780.11 325.138 25323.3 10207.6 7953.22 6683.68 2254.41 1269.54 1744.24 510.171 15115.7 1757.29 483.09 13358.4 1022.85 12335.6 1274.2 324.781 104.331 309.076 288.792 257.67 151.954
internal_count=1274929 113428 1161501 104634 103855 88002 19785 68217 8794 1137979 387724 256899 218336 130825 38563 99937 30888 750255 78861 12171 671394 39360 632034 66690 15853 2252 23522 20047 18603 9914
is_linear=0
shrinkage=0.08


Tree=138
num_leaves=31
num_cat=0
split_feature=2 6 0 6 4 4 3 0 3 4 3 3 4 0 6 3 0 3 0 3 2 3 3 3 0 6 5 6 9 3
split_gain=16.4844 47.2574 22.4686 14.274 13.0959 18.3656 31.4664 81.353 44.026 27.2109 29.7097 25.099 21.4954 32.8135 48.4024 25.0005 51.9912 24.1123 13.1095 11.62 9.52491 9.16052 8.07414 6.96641 7.74835 4.67795 4.47344 11.9552 3.92613 3.79813
threshold=0.98717737197875988 0.71711125969886791 0.89871358871459972 0.36400441825389868 26.500000000000004 11.500000000000002 0.79205974936485302 0.68108487129211437 0.57294833660125744 13.500000000000002 0.98683983087539684 0.9634092152118684 8.5000000000000018 0.80717849731445324 0.66802722215652477 0.39718310534954077 0.30068494379520422 0.38165266811847692 0.24068965017795566 0.68614074587821972 0.17712418735027316 0.86319074034690868 0.93127068877220165 0.28869047760963445 0.21680375933647159 0.51972952485084545 0.28136573731899267 0.3869446069002152 1.0000000180025095e-35 0.27842378616333013
decision_type=2 2 2 2 2 2 2 2 2 2 2 2 2 2 2 2 2 2 2 2 2 2 2 2 2 2 2 2 2 2
left_child=4 2 3 -2 5 12 7 8 -7 11 -11 -8 15 20 -15 17 -17 -1 23 -9 -14 -20 25 29 -25 -4 28 -28 -24 -6
right_child=1 -3 22 -5 18 6 9 19 -10 10 -12 -13 13 14 -16 16 -18 -19 21 -21 -22 -23 26 24 -26 -27 27 -29 -30 -31
leaf_value=-0.0095908235378783287 0.0093981471227478647 0.063898125470181005 -0.048640050198707985 0.080397362270851466 0 0.0075407531695788508 0.0066371387505775271 -0.11346165814701285 -0.012025399922051948 0.017295705941858124 -0.010593089531480483 0.033959629533972427 0.021528988206509007 0.027905090409730077 -0.034806656853578463 0.054879898928934835 -6.8356641413501652e-05 -0.065232242249212577 -0.043523069836848907 -0.043864171129702742 -0.0045554763480209464 0.0074708269443469616 0.024846726615960626 -0.017358561272160442 0.019267291112528197 0.010557774417493771 -0.04573534885852712 0.00041773320396587635 0.0031296893972657266 0.057545617473329813
leaf_weight=911.21182461719582 48.805284068104811 88.47867084702375 27.596179176762238 33.330497641283728 12.909769669407979 2471.7406900473216 406.97464994768961 24.651421912654769 1039.3652214736285 460.58403302421357 505.15280348545639 504.40621059013938 85.988693131948821 87.168133307059179 483.22730418828723 105.8333356504736 18646.213393964259 49.496593391355418 115.96838703375397 101.22621545889706 2645.734610188636 19.817606786047691 57.943876011646353 153.06455450577778 40.174778960434196 4.0851308975543352 37.495817078335676 190.85368560397183 615.30271457950585 11.801502473186702
leaf_count=31190 1348 136468 1082 2416 147 65416 13534 572 51932 20660 28222 16186 851 4128 6784 2282 743599 5007 6419 2522 95578 2343 3505 2193 772 276 10713 13825 4886 129
internal_value=-0.000225744 0.00933765 0.00413689 0.0430058 -0.000598347 -0.000401514 0.00373536 -0.00056734 0.00169437 0.0121364 0.00256353 0.0220362 -0.00140021 -0.00737139 -0.0247857 -0.000390236 0.000247778 -0.0129461 -0.0158001 -0.0625303 -0.0036381 -0.0349432 0.000334652 -0.0026399 -0.00864298 -0.0362463 0.00198937 -0.00729269 0.00540409 0.0324729
internal_weight=29986.6 1103.89 1015.41 82.1358 28882.7 28529 5514.1 3636.98 3511.11 1877.12 965.737 911.381 23014.9 3302.12 570.395 19712.8 18752 960.708 353.737 125.878 2731.72 135.786 933.277 217.951 193.239 31.6813 901.596 228.35 673.247 24.7113
internal_count=1274985 174519 38051 3764 1100466 1088463 199044 120442 117348 78602 48882 29720 889419 107341 10912 782078 745881 36197 12003 3094 96429 8762 34287 3241 2965 1358 32929 24538 8391 276
is_linear=0
shrinkage=0.08


Tree=139
num_leaves=31
num_cat=0
split_feature=1 3 2 1 3 2 4 0 0 1 0 0 4 0 7 2 4 3 0 3 0 0 2 0 0 3 3 0 0 3
split_gain=14.7418 125.864 97.032 227.544 97.8973 85.7703 73.5451 82.5774 67.988 66.3223 88.4303 63.8763 48.8255 45.9268 41.9654 39.0417 38.2204 46.3989 35.404 42.7376 36.4318 34.4554 30.1699 58.1972 28.008 166.342 155.772 27.2106 25.0607 21.5975
threshold=0.48934240639209753 0.6832355558872224 0.49752475321292883 0.62575301527977001 0.59299960732460033 0.39152845740318304 15.500000000000002 0.49253065884113317 0.58102023601531994 0.49731183052062994 0.47856706380844122 0.50944742560386669 4.5000000000000009 0.60107529163360607 1.0000000180025095e-35 0.4901809841394425 16.500000000000004 0.80217391252517711 0.30860807001590734 0.35767590999603277 0.18350168317556384 0.50225225090980541 0.50263157486915599 0.46709956228733068 0.44170945882797247 0.50333333015441906 0.54201978445053112 0.62258651852607738 0.49253065884113317 0.57294833660125744
decision_type=2 2 2 2 2 2 2 2 2 2 2 2 2 2 2 2 2 2 2 2 2 2 2 2 2 2 2 2 2 2
left_child=1 8 3 5 11 12 7 -5 18 13 -11 22 -2 -7 16 -9 21 -18 19 20 -1 -6 28 -24 26 -26 -20 29 -4 -13
right_child=2 -3 4 6 14 9 -8 15 -10 10 -12 27 -14 -15 -16 -17 17 -19 24 -21 -22 -23 23 -25 25 -27 -28 -29 -30 -31
leaf_value=0.011365463942160743 0.044353140085113617 0.04548778591259766 -0.013736430765224199 0.092287777571254892 0.030081821489717279 -0.046959485256095314 -0.049560658990005148 0.017457297952846163 0.047502018780263305 -0.019009259794943788 -0.11268002371695179 0.061821315603630564 -0.046384485427236777 0.056294077150489369 0.041546952065823199 -0.10018565095457951 -0.062969618318579168 -0.0059954041317431999 -0.025089832589964747 0.013974578078111807 -0.012602494077010418 -0.00083823907552245652 0.019112188102637932 -0.053933635970998053 0.055386411451922433 -0.013262547432498615 0.040273257793365207 -0.019173758451030826 0.076733837071109437 0.025705290463435945
leaf_weight=627.25566769545549 72.131541024093167 423.27872726100031 25.43810321901401 104.64587549299176 228.15846787572082 100.60711064171483 77.264641625195509 259.90218533974257 187.89717095450033 94.00780200375084 260.77543621063523 305.41791506539448 69.714698690870136 31.55425781145459 144.40532451786203 14.162714745310948 132.76952052637353 298.45674722709373 1376.2003564839397 1671.7372747443806 1112.8267195774242 20150.758903776106 149.60925439872517 120.16981263674825 283.16721767759009 1038.2383816581641 274.59660037249705 35.675159205173259 45.896773651220428 207.87655910204921
leaf_count=6590 2613 20215 1765 4143 10809 4499 9818 10067 3060 11484 20087 8553 7357 683 28949 462 6351 16119 85431 34758 30044 872182 6048 5357 7743 38761 12492 1321 1384 6001
internal_value=0.000243285 0.00346067 -0.000731823 -0.0240319 0.00042313 -0.0551218 0.0186269 0.03342 0.000696968 -0.0709249 -0.0889137 0.0263373 0 -0.0199872 -0.000676008 0.00911848 -0.000986597 -0.0244246 -0.000691671 0.00483788 -0.00386316 -0.000476921 -0.000429188 -0.0132322 -0.0070903 0.00148111 -0.0140318 0.0431118 0.0435894 0.0478927
internal_weight=29924.6 6995.2 22929.4 1084.77 21844.6 628.791 455.975 378.711 6571.92 486.945 354.783 890.084 141.846 132.161 20954.5 274.065 20810.1 431.226 6384.02 3411.82 1740.08 20378.9 341.114 269.779 2972.2 1321.41 1650.8 548.97 71.3349 513.294
internal_count=1275146 239094 1036052 71213 964839 46723 24490 14672 218879 36753 31571 30429 9970 5182 934410 10529 905461 22470 215819 71392 36634 882991 14554 11405 144427 46504 97923 15875 3149 14554
is_linear=0
shrinkage=0.08


Tree=140
num_leaves=31
num_cat=0
split_feature=9 1 6 1 4 3 1 2 3 7 2 2 6 1 1 3 3 3 3 4 1 6 5 6 2 4 3 1 6 6
split_gain=14.4193 19.0524 73.3704 14.4849 40.403 36.5718 24.4617 25.064 16.1618 15.9571 15.6796 13.6145 12.6854 12.5192 12.0358 15.0818 43.1272 41.1875 18.8047 16.3786 25.2037 30.5334 17.4482 10.872 9.80104 8.83298 21.4121 10.2101 8.23846 7.85967
threshold=1.0000000180025095e-35 0.79388421773910534 0.68500718474388134 0.50274726748466503 13.500000000000002 0.61451050639152538 0.59675306081771862 0.60495716333389293 0.53410854935646068 1.0000000180025095e-35 0.50263157486915599 0.51087471842765819 0.8986145853996278 0.57804551720619213 0.16807910054922107 0.39718310534954077 0.37590579688549047 0.37089946866035467 0.36515152454376226 21.500000000000004 0.35355392098426824 0.71711125969886791 0.86323359608650219 0.98494350910186779 0.17712418735027316 2.5000000000000004 0.87226107716560375 0.94665718078613292 0.92872086167335521 0.72982835769653331
decision_type=2 2 2 2 2 2 2 2 2 2 2 2 2 2 2 2 2 2 2 2 2 2 2 2 2 2 2 2 2 2
left_child=1 3 25 5 8 9 10 -8 13 23 -6 -10 -11 -5 -2 16 17 18 -16 20 21 -17 -22 -1 28 26 -3 -28 -7 -19
right_child=14 2 -4 4 6 24 7 -9 11 12 -12 -13 -14 -15 15 19 -18 29 -20 -21 22 -23 -24 -25 -26 -27 27 -29 -30 -31
leaf_value=0.0016481805652065632 0.013166479693368751 0.046851695259684245 0.066586167260552984 0 -0.070223691546613731 -0.071418654970804255 -0.11438741083977493 0 -0.023240251418133399 -0.0012721643739155265 0.027446919756451145 0.00079275012165297084 -0.056768537574865052 0.0762343835581131 -0.0074874029191242218 -0.022738478408747743 -0.054809406008714479 -0.0060099358128525163 -0.063760409359676723 -0.01606097715327312 0.0010150551667261487 0.018717183098150167 -0.0037705901564670419 0.021899634811354124 0.03993238572747098 -0.0026227340321284937 -0.021222686351380474 0.0120787044937633 0.015440050088754249 0.043452272118992941
leaf_weight=1793.7091620540596 401.02617601313978 89.593611210060772 141.98966071927862 25.549088403582573 10.247682460932991 5.1885100346989939 41.610467733728001 15.160635699023258 174.83334823232144 68.176831978023984 28.395145372400293 869.25911799176538 45.870235532522202 24.893147582886741 989.12508238962619 124.65602192065853 115.64445492171944 16.762357590385363 35.752775769302389 406.6871412554683 15306.175391466997 805.92989326408133 7134.0582797496754 185.99178209668025 216.51240088330815 436.04680812815786 76.817861741757952 197.80417238050723 13.112370678805746 118.52014518389478
leaf_count=25703 3899 3791 236931 377 308 69 957 748 3723 1018 934 43477 283 327 33783 26353 10987 2928 2899 20297 625190 10328 172534 2099 9953 16729 3504 12090 641 1318
internal_value=0.000252591 0.004449 0.0145429 0.00168365 -0.00541571 0.00538398 -0.0540094 -0.0853011 -0.000807796 0.00190891 0 -0.00317065 -0.0263839 0.0410897 -0.000477256 -0.000704619 -0.00916442 -0.00426155 -0.00990586 -0.000242141 2.96617e-05 0.0129012 -0.00049974 0.00368179 0.0350169 0.00475415 0.0139352 0.00197845 -0.0123598 0.0361873
internal_weight=29915.1 4460.76 942.252 3518.51 1189.95 2328.56 95.4139 56.7711 1094.53 2093.75 38.6428 1044.09 114.047 50.4422 25454.3 25053.3 1275.8 1160.16 1024.88 23777.5 23370.8 930.586 22440.2 1979.7 234.813 800.262 364.216 274.622 18.3009 135.283
internal_count=1274178 363662 273045 90617 50851 39766 2947 1705 47904 29103 1242 47200 1301 704 910516 906617 51915 40928 36682 854702 834405 36681 797724 27802 10663 36114 19385 15594 710 4246
is_linear=0
shrinkage=0.08


Tree=141
num_leaves=31
num_cat=0
split_feature=4 5 2 5 8 8 2 5 0 5 9 0 2 2 3 0 3 0 0 2 7 7 0 3 3 3 4 3 3 5
split_gain=13.3963 13.6109 24.5943 16.4978 18.3194 50.8747 50.8143 26.48 25.7712 22.725 12.1205 19.8652 11.5719 11.1328 117.366 81.3988 60.0451 34.1671 27.123 21.241 10.6501 10.0036 8.88835 11.863 4.91557 6.51844 4.67209 4.38503 7.52195 3.49571
threshold=24.500000000000004 0.99206298589706432 0.54011154174804699 0.88019138574600231 0.75000000000000011 1.0000000180025095e-35 0.53410854935646068 0.92935234308242809 0.7243877947330476 0.97624689340591442 1.0000000180025095e-35 0.38757823407649999 0.85857143998146068 0.64630925655365001 0.73375529050827037 0.74210175871849071 0.63702240586280834 0.58885449171066295 0.8019607961177827 0.64051282405853283 1.0000000180025095e-35 1.0000000180025095e-35 0.26158231496810919 0.86319074034690868 0.33060109615325933 0.58397436141967785 36.500000000000007 0.93788579106330883 0.72046512365341198 0.43854957818984991
decision_type=2 2 2 2 2 2 2 2 2 2 2 2 2 2 2 2 2 2 2 2 2 2 2 2 2 2 2 2 2 2
left_child=1 3 10 13 5 8 -7 12 -5 -9 11 20 -6 15 18 16 -1 -16 -15 -17 -3 27 26 -24 -12 -26 29 28 -4 -2
right_child=22 2 21 4 7 6 -8 9 -10 -11 24 -13 -14 14 17 19 -18 -19 -20 -21 -22 -23 23 -25 25 -27 -28 -29 -30 -31
leaf_value=0.0026938237586433718 0.029926917991667579 0.040778063633066845 0.045966910339316151 0.010406316792263845 -0.0090823431145550561 0.01103140507266161 -0.043921256839955743 0.0098560214624836551 -0.0074862159232337066 -0.010893817524143765 -0.022279647301305567 -0.064028522844522609 0.012017355075594344 0.028435419034883669 0.069411317210811771 0.034489998444264001 -0.011025471445516714 0.00010576922200110334 -0.04876012499388957 -0.032222013870360111 -0.037239373296493308 -0.029102258538302676 -0.036431999561866824 0.011050857871061668 0.0052684890060798375 -0.0183982597125452 -0.033446494044728964 0.062926683876702111 0.01085538784375574 -0.0032504980209979175
leaf_weight=5395.1382471232719 16.413351504474122 110.80819502586382 82.705975589764421 685.08353706162598 1559.7064058248798 137.97593489332939 404.97158683368616 1923.9482573435016 1986.0952494674493 398.37379410889844 73.861760959029198 9.2583717623783723 175.64762676438113 1191.5620130018651 40.744117821785039 478.57192163932632 3267.4924904225481 10860.863670385304 23.980103961876011 26.300750065463944 6.3776358363975296 9.8015115027665143 146.20329272066374 34.743526319609373 306.10025222226977 92.734721987158991 26.840256208124629 40.689554708151263 106.29406460046448 312.46439817210194
leaf_count=266267 845 2070 2629 5016 37675 1850 19483 74910 18420 13812 402 1088 41766 37228 1071 23379 165902 499253 739 1137 98 3048 9297 3769 2166 2027 507 24924 10216 4188
internal_value=0.000404981 0.00063977 0.0106607 0.000338063 -0.00294313 -0.00745351 -0.0296912 0.000594973 -0.00282662 0.00621206 0.00163813 0.0233239 -0.00682637 0.00146701 0.00306019 -0.000621851 -0.00246593 0.000411167 0.0265879 0.030419 0.0338725 0.0320832 -0.0120471 -0.0264024 -0.00401119 0 -0.00403647 0.0359403 0.0278336 -0.000692115
internal_weight=29931.8 29395.1 838.632 28556.5 7271.8 3214.13 542.948 4057.68 2671.18 2322.32 599.141 126.444 1735.35 21284.7 12117.1 9167.5 8662.63 10901.6 1215.54 504.873 117.186 239.491 536.665 180.947 472.697 398.835 355.718 229.69 189 328.878
internal_count=1275182 1256576 48668 1207908 212932 44769 21333 168163 23436 88722 7851 3256 79441 994976 538291 456685 432169 500324 37967 24516 2168 40817 18606 13066 4595 4193 5540 37769 12845 5033
is_linear=0
shrinkage=0.08


Tree=142
num_leaves=31
num_cat=0
split_feature=8 6 0 1 2 2 2 1 3 3 3 1 5 3 0 8 2 0 1 3 0 2 6 8 1 1 0 8 8 5
split_gain=11.5528 66.6689 25.8968 61.4423 39.169 32.1701 32.0735 23.3703 46.6311 27.4653 22.0703 58.701 56.5533 37.6128 141.706 103.812 93.1957 89.6253 33.4045 63.7162 51.5725 36.8951 31.8455 56.8867 60.4638 35.6199 112.023 34.8889 29.4582 20.8437
threshold=1.0000000180025095e-35 0.54818576574325573 0.74646764993667614 0.77015754580497753 0.65240275859832775 0.58885449171066295 0.7729182541370393 0.53788751363754284 0.59611794352531444 0.88493064045906078 0.88047617673873912 0.80874970555305492 0.5219314992427827 0.60136988759040844 0.50225225090980541 0.75000000000000011 0.56992483139038097 0.51530769467353832 0.89512962102890026 0.95040982961654674 0.84660634398460399 0.83047896623611461 0.52506983280181896 0.75000000000000011 0.67962265014648449 0.78142958879470836 0.72046512365341198 0.75000000000000011 0.75000000000000011 0.31383949518203741
decision_type=2 2 2 2 2 2 2 2 2 2 2 2 2 2 2 2 2 2 2 2 2 2 2 2 2 2 2 2 2 2
left_child=1 -1 4 -4 7 -5 -7 8 -3 -9 12 -12 22 15 -15 -14 -16 -17 19 20 -13 -21 25 24 -24 27 -27 -2 -20 -25
right_child=10 2 3 5 -6 6 -8 9 -10 -11 11 18 13 14 16 17 -18 -19 28 21 -22 -23 23 29 -26 26 -28 -29 -30 -31
leaf_value=-0.028161294460479602 -0.016238920871908914 -0.0050641018631254796 0.031253081981750232 0.061113891126920623 0.018162654839864293 -0.026881901508365624 -0.0047435404745899898 -0.020177785535118363 0.042737559703191361 0.015038905849262601 0.029664244117791089 -0.03962286251724409 0.038591600223910498 0.031288504521683899 -0.028439794315436848 -0.0060958721320550418 -0.0052830273131258109 0.025487822659810453 0.00058619814411162239 0.060344172015236772 0.0045414403429812145 -0.0073514106888214912 0.088132968452106525 0.07383031734495922 0.0019160162728559405 0.054707811232906453 -0.0057711253464074724 0.011780316370965965 0.013351863580291315 0.0081483194483000093
leaf_weight=608.7290643743072 872.63344044316909 429.51111655443674 288.685091695952 39.1826002720627 999.30848809827148 470.40792071240139 3918.1283092007434 592.72864129761001 179.51422415947309 176.51013047096785 543.23304677105625 443.75870833633235 429.26690876847715 527.07499865703721 1559.3491308184311 4572.8906894312677 3946.5991570942097 651.76628772335971 3621.6055723930331 101.07837173940788 260.46483413867827 91.114178973890375 128.52547493719612 27.548146429355256 92.054303900236846 283.2023769482912 598.62731827580137 410.10806606453843 1715.3530116870934 1308.5602131552587
leaf_count=356323 51272 10991 3299 427 9151 3733 43500 8044 2510 1324 30907 11044 5922 6543 25618 80090 116749 6407 82867 4372 9941 4252 2452 942 2364 5669 11215 43623 295819 37717
internal_value=-0.000186843 -0.00285935 -0.00064736 -0.0040985 0.00612576 -0.00647215 -0.00718086 -0.00252002 0.00899845 -0.0118453 0.000734291 0.00454138 -0.000930636 -0.00367484 -0.00806859 0.000988238 -0.0118902 -0.00210467 0.00230428 -0.0118934 -0.0231458 0.0280672 0.0076382 0.0163543 0.0537014 0.00127288 0.0136704 -0.00714562 0.00472782 0.00989208
internal_weight=29887.5 7702.71 7093.98 4716.4 2377.57 4427.72 4388.54 1378.26 609.025 769.239 22184.8 6776.61 15408.2 11686.9 6033.02 5653.92 5505.95 5224.66 6233.37 896.416 704.224 192.193 3721.26 1556.69 220.58 2164.57 881.83 1282.74 5336.96 1336.11
internal_count=1275087 439302 82979 50959 32020 47660 47233 22869 13501 9368 835785 439202 396583 241329 148910 92419 142367 86497 408295 29609 20985 8624 155254 43475 4816 111779 16884 94895 378686 38659
is_linear=0
shrinkage=0.08


Tree=143
num_leaves=31
num_cat=0
split_feature=4 1 2 0 0 1 0 1 2 0 0 4 1 0 2 6 2 1 4 0 1 2 2 0 6 7 6 6 2 6
split_gain=13.1099 17.4674 10.1726 22.274 18.6369 21.9958 19.5 18.019 17.7528 15.8978 15.3781 15.1625 26.7519 45.9357 36.5903 19.2307 21.1006 18.1509 14.3416 7.89556 9.17539 7.84253 7.7967 5.2847 5.06559 6.06441 4.71362 3.40781 3.36768 4.22585
threshold=21.500000000000004 0.27953489124774938 0.3034138828516007 0.45035210251808172 0.30860807001590734 0.26975052058696752 0.2674796879291535 0.30662393569946295 0.2674796879291535 0.2674796879291535 0.34178434312343603 8.5000000000000018 0.5174442231655122 0.55625879764556896 0.51668518781661998 0.91903391480445873 0.98717737197875988 0.73746865987777721 6.5000000000000009 0.61938297748565685 0.4817046076059342 0.54201978445053112 0.21132376790046695 0.57307061553001415 0.94756481051445018 1.0000000180025095e-35 0.99799197912216198 0.82780584692955028 0.45633104443550115 0.98739472031593334
decision_type=2 2 2 2 2 2 2 2 2 2 2 2 2 2 2 2 2 2 2 2 2 2 2 2 2 2 2 2 2 2
left_child=2 24 3 4 5 9 -7 -4 22 -1 -10 15 13 -13 -14 17 -17 -9 -5 20 28 -22 -6 -23 -2 26 -26 -21 29 -3
right_child=1 19 7 18 8 6 -8 11 10 -11 -12 12 14 -15 -16 16 -18 -19 -20 27 21 23 -24 -25 25 -27 -28 -29 -30 -31
leaf_value=0.0052650571134533588 -0.0064534108370697752 -0.023888718212537571 -0.055860525913112309 0.070501241365149972 0.035437587371501877 0.00040422285722124351 0.034845767162815011 -0.0048713821729777038 -0.053050314864594682 -0.015890340767350693 -0.0074076948834857163 -0.00041637872399497065 -0.03302101805549694 0.036711459606016586 -0.0047788921662143052 0.0043103050581694098 0.061244922089685599 0.0012862797383252729 0 0.032278989433560119 -0.061291466146150289 0.018778281492817846 -0.0027259271250095617 -0.034557422714565876 0.023780979085145596 -0.038643171436135458 0 -0.0080345829807990307 0.021725468509959007 0.0038558479850440454
leaf_weight=1670.7042193898378 403.56850256311009 154.18842136687454 32.298936149025394 48.168481446919031 37.410615105269244 181.64204587486165 281.21637008967809 4537.7535015481917 88.026283672494174 255.83491502107063 119.84804988720862 1432.7954770382203 313.41415070952644 243.93520136995357 4320.8660991981887 5774.182608857569 37.47285091233789 9348.3625261791058 22.261715298242052 15.63385263681266 75.15052249641667 14.859422828943933 148.06494839585503 19.587404359226639 105.60174253350124 9.9946288396604341 102.27125992416404 24.551146708472515 6.710102842647756 31.450334862107411
leaf_count=23519 7276 9052 2093 979 606 4659 9505 241820 4635 5898 5612 70454 30265 7363 141483 198597 68236 420228 971 619 9595 934 4825 1075 815 66 1187 1870 371 265
internal_value=-9.09947e-05 -0.00924989 0.000210448 0.00474413 0.00351272 0.00621735 0.0218204 -0.000280956 -0.0123867 0.00233903 -0.0282792 -0.00019506 -0.003611 0.00498303 -0.00675691 0.000891897 0.00475725 -0.000715454 0.0478191 -0.0236468 -0.028139 -0.0470281 0.00485987 -0.00802983 -0.000942793 0.00846269 0.0123336 0.00594464 -0.0156467 -0.0183712
internal_weight=29857.8 963.567 28894.3 2853.18 2782.75 2389.4 462.858 26041.1 393.35 1926.54 207.874 26008.8 6311.01 1676.73 4634.28 19697.8 5811.66 13886.1 70.4302 342.131 301.946 109.597 185.476 34.4468 621.436 217.868 207.873 40.185 192.349 185.639
internal_count=1274873 33125 1241748 61209 59259 43581 14164 1180539 15678 29417 10247 1178446 249565 77817 171748 928881 266833 662048 1950 23781 21292 11604 5431 2009 9344 2068 2002 2489 9688 9317
is_linear=0
shrinkage=0.08


Tree=144
num_leaves=31
num_cat=0
split_feature=9 2 6 0 3 3 6 4 3 4 4 0 0 6 6 0 6 4 0 6 3 0 6 0 3 2 0 3 0 6
split_gain=11.7163 20.1234 65.2794 13.5749 34.2732 35.6353 32.6645 26.4894 25.1096 38.3885 20.7162 21.302 18.1753 13.0644 12.8485 13.5998 9.22743 8.14052 26.8829 23.123 21.8992 33.0589 15.9065 14.2266 30.67 21.5775 13.7746 13.4205 35.8442 23.7502
threshold=1.0000000180025095e-35 0.73735308647155773 0.63191848993301403 0.56440424919128429 0.65261757373809826 0.84028983116149913 0.68500718474388134 7.5000000000000009 0.6291005313396455 13.500000000000002 3.5000000000000004 0.59299960732460033 0.25158227980136877 0.70460432767868053 0.9855765998363496 0.38757823407649999 0.74092873930931102 8.5000000000000018 0.84028983116149913 0.70460432767868053 0.39718310534954077 0.33534136414527899 0.84521561861038219 0.39811320602893835 0.46709956228733068 0.3034138828516007 0.28743545711040502 0.92403846979141246 0.74210175871849071 0.63949534296989452
decision_type=2 2 2 2 2 2 2 2 2 2 2 2 2 2 2 2 2 2 2 2 2 2 2 2 2 2 2 2 2 2
left_child=1 3 -3 6 10 7 8 -6 12 -10 -5 -12 -1 -7 16 -16 -8 20 27 -20 26 22 -22 24 -23 -25 -2 28 29 -19
right_child=17 2 -4 4 5 13 14 -9 9 -11 11 -13 -14 -15 15 -17 -18 18 19 -21 21 23 -24 25 -26 -27 -28 -29 -30 -31
leaf_value=0.034907233652248973 -0.0077656591846674084 0.0054198488306181052 0.069192174548768609 -0.0103979442635236 -0.013914990003940956 0.0028329851740665187 -0.017956312335116745 -0.054720284000218722 0.070126062331500011 -0.004740173457194451 0 0.063177895707672904 -0.00032764198368884863 0.0537756377040867 0.025330515619066282 -0.040405151088605713 -0.00023594150768834339 -0.017318495448356338 0.024692454593487012 -0.033982415501504257 -0.00044215909857489778 -0.043698086918192124 0.058539164324733432 0.043173197777486759 0.019333100036207831 0.00086582591289188413 -0.038807597598314481 0.0039531287739470481 -0.026904002110997683 0.00036700977439076799
leaf_weight=123.46204486355418 471.37664729551034 648.54911893687677 119.06747803103281 73.623644160630647 451.19209520678851 171.3865450071753 210.98251625784906 136.66617677372415 123.36465494357981 59.83015112389694 52.129066235036589 86.017685200087726 313.98090358122136 37.405237276710977 188.15838765582885 16.274368427373702 1614.6820019207953 545.00900029650802 43.828952541749459 274.41724055097438 34.616539238151745 126.24862120553735 89.518010751809925 72.697722408382106 71.394415017944993 17060.930907469243 117.2696199371494 2024.1329999341979 389.762368675365 4045.2256502279779
leaf_count=3112 14946 25861 218162 1818 21137 6085 1918 4083 1487 1212 807 2494 14788 37955 3931 1966 17185 150135 1740 2581 5445 14000 960 2199 4495 601826 15358 43271 7632 45756
internal_value=0.000348737 0.00414644 0.0159026 0.00161823 -0.00619438 -0.0139211 0.0046567 -0.0240528 0.0206416 0.0453488 0.021785 0.0398183 0.00953737 0.013752 -0.000190257 0.0184938 -0.00241464 -0.000308392 -0.00256131 -0.0251498 0.000597446 0.00111954 0.0414722 0.000809413 -0.0202246 0.00106721 -0.0144941 -0.00149492 -0.00374314 -0.00171457
internal_weight=29793.2 4426.77 767.617 3659.16 1008.42 796.65 2650.74 587.858 620.638 183.195 211.77 138.147 437.443 208.792 2030.1 204.433 1825.66 25366.4 7322.38 318.246 18044.1 17455.4 124.135 17331.3 197.643 17133.6 588.646 7004.13 4980 4590.23
internal_count=1274345 364001 244023 119978 74379 69260 45599 25220 20599 2699 5119 3301 17900 44040 25000 5897 19103 910344 251115 4321 659229 628925 6405 622520 18495 604025 30304 246794 203523 195891
is_linear=0
shrinkage=0.08


Tree=145
num_leaves=31
num_cat=0
split_feature=5 2 4 5 6 2 2 4 7 3 5 3 2 3 3 3 5 4 6 9 2 5 4 4 9 3 6 5 4 7
split_gain=10.9237 21.8338 14.2751 12.3331 30.0979 15.8926 11.2918 16.9634 10.8225 13.2631 10.6828 10.1227 9.05498 78.6973 52.06 64.9762 25.9475 24.7156 23.9173 6.70245 9.25148 8.0182 4.83674 6.41484 8.99516 6.77802 4.65226 3.71792 5.65965 3.58632
threshold=0.99206298589706432 0.58885449171066295 2.5000000000000004 0.86810848116874706 0.93306982517242443 0.98717737197875988 0.17712418735027316 19.500000000000004 1.0000000180025095e-35 0.60640108585357677 0.92935234308242809 0.36515152454376226 0.65733855962753307 0.74322345852851879 0.81120249629020702 0.65058138966560375 0.65678957104682933 14.500000000000002 0.39443081617355352 1.0000000180025095e-35 0.23606811463832858 0.83648246526718151 34.500000000000007 11.500000000000002 1.0000000180025095e-35 0.41728855669498449 0.96981090307235729 0.89670634269714367 8.5000000000000018 1.0000000180025095e-35
decision_type=2 2 2 2 2 2 2 2 2 2 2 2 2 2 2 2 2 2 2 2 2 2 2 2 2 2 2 2 2 2
left_child=3 22 -3 4 12 6 27 10 19 11 -8 -10 14 18 15 -1 -15 -16 -14 21 -21 -6 23 24 25 -2 -9 -5 -29 -25
right_child=1 2 -4 5 8 -7 7 26 9 -11 -12 -13 13 16 17 -17 -18 -19 -20 20 -22 -23 -24 29 -26 -27 -28 28 -30 -31
leaf_value=0.00038158938951276075 0.045166744660835631 0 0.047037060822769823 -0.0010990984129678335 0.031586359651484618 0.051628898098151049 -0.0058962190197872242 -0.013401071476513491 0.0022095803484489347 0.029799274412716525 7.7175596556368166e-05 -0.065928137485968999 -0.0025011865324554186 -0.0037496582344987289 0.020308275124552543 -0.015974806939299382 0.0054408280716170586 -0.0052010913804947292 0.02788996465972364 -0.0085024875464758017 0.010756006921509378 -0.0027344793561890368 -0.049327439205703837 0.014383785058241345 -0.0090023470509026284 -0.0094775778098217505 -0.036843752941529986 -0.0022724150251778857 0.030761663847333889 -0.014633377533790693
leaf_weight=4821.8913045738227 33.167686252854764 60.6516966432755 129.22645123621623 44.645471010473557 180.10459069371427 28.733607397607557 3725.9368751952497 214.60801991877088 14.97985585965216 16.412769379800011 3832.1191186550859 31.966886449336016 193.00716977239063 6600.0276723395182 860.84115255657525 2276.0320872664197 2786.6800863485842 323.05346649481362 848.23073149500851 162.88413180038333 1715.7073705777002 45.180247465497814 6.3352431057719505 278.15618349931901 325.73210522846784 14.402576184598727 99.435036766924895 33.760383881628513 109.19983087712899 20.747699946296052
leaf_count=282060 319 16294 23351 299 27189 54200 94768 1911 115 3043 84905 266 11355 276511 43445 118726 135697 17490 20213 800 43314 6570 111 5525 4226 398 1034 173 651 370
internal_value=6.96505e-06 0.00882697 0.0324821 -0.000253425 0.000768091 -0.00290866 -0.00315482 -0.00363751 0.00968364 -0.0209909 -0.00284836 -0.0429865 -0.000258399 0.00130009 -0.00223966 -0.00484831 -0.00100275 0.0132203 0.0221186 0.0107309 0.00898311 0.0240987 0.00178424 0.00286285 -0.00379946 0.026251 -0.0217863 0.0158372 0.022066 0.0116355
internal_weight=29833.9 868.42 189.878 28965.4 20877 8088.44 8059.7 7872.1 2167.24 63.3595 7558.06 46.9467 18709.8 10427.9 8281.82 7097.92 9386.71 1183.89 1041.24 2103.88 1878.59 225.285 678.541 672.206 373.302 47.5703 314.043 187.606 142.96 298.904
internal_count=1275329 50594 39645 1224735 986794 237941 183741 182618 81297 3424 179673 381 905497 443776 461721 400786 412208 60935 31568 77873 44114 33759 10949 10838 4943 717 2945 1123 824 5895
is_linear=0
shrinkage=0.08


Tree=146
num_leaves=31
num_cat=0
split_feature=5 6 0 1 8 3 5 6 5 8 3 6 6 0 1 8 0 1 1 1 0 5 3 9 0 6 6 8 4 4
split_gain=13.6345 29.7146 18.44 20.1372 18.0215 17.4521 17.0428 27.4937 48.4024 27.9669 30.4503 27.3107 25.8983 30.4427 28.5931 25.3023 22.16 21.94 20.8191 16.2719 28.0331 15.6794 15.3494 14.8179 16.1065 14.655 14.2797 16.6158 11.365 10.9913
threshold=0.88019138574600231 0.94715359807014476 0.6911335587501527 0.77459675073623668 0.75000000000000011 0.75582656264305126 0.92935234308242809 0.97227710485458385 0.97909381985664379 0.75000000000000011 0.69920635223388683 0.98870021104812633 0.93156540393829357 0.87007671594619762 0.69614070653915416 0.75000000000000011 0.69860395789146434 0.77849927544593822 0.65419578552246105 0.53390806913375866 0.83752354979515087 0.99206298589706432 0.65485891699790966 1.0000000180025095e-35 0.35111427307128912 0.97785946726799022 0.92872086167335521 1.0000000180025095e-35 1.5000000000000002 24.500000000000004
decision_type=2 2 2 2 2 2 2 2 2 2 2 2 2 2 2 2 2 2 2 2 2 2 2 2 2 2 2 2 2 2
left_child=1 29 4 -4 -3 25 11 9 19 26 -11 12 16 14 -14 -10 22 -13 -18 -9 -21 -17 -2 24 -6 -5 -8 -28 -15 -1
right_child=6 2 3 5 23 -7 7 8 15 10 -12 17 13 28 -16 21 18 -19 -20 20 -22 -23 -24 -25 -26 -27 27 -29 -30 -31
leaf_value=0.00028768504787486551 -0.0034303099221360913 0.02844020475123454 0.051300998333458817 -0.075363607264395338 0.039168164376303799 0.018528122720803713 0.051293150735062992 -0.0052147954587626359 0.023125215823445809 0.00012284541162924619 0.022836327803604613 0 -0.010406851400898382 -0.018116539583015793 -0.042162414597480664 -0.018021270733687204 0.041222533575709285 0.044088113457103721 -0.013752810403348293 -0.043033094522989791 0 0.0024126545959383843 0.01824715869133757 -0.0045878067757282081 -0.0094415774397899766 0.026761868746558014 -0.0018278171986436369 -0.034460428671304839 0.032525033167831466 -0.014914219782559385
leaf_weight=19583.892957175318 516.73426760024449 168.40436053275334 123.40959840283904 19.600856129269236 109.91819740884239 427.47087992198067 24.283157639474666 238.63109066782636 281.26296304000425 714.95026154179868 831.51083204988026 204.68750168260885 371.27007640316151 34.310758972751501 393.84666266395652 330.53779027127166 39.681463601373252 103.04857235629606 1190.7904277891357 362.40787998616361 133.94906684224406 811.47695377985656 335.0942076428546 745.51976772479247 60.441356515420921 8.0731292388591083 1128.5833981621981 106.38500224603195 79.75483474968496 304.12958363737562
leaf_count=927977 4696 2679 6804 501 1386 42369 338 2453 8412 6550 50306 3046 4857 9225 12803 11506 1968 9814 43769 10616 13715 47070 6132 8637 5010 334 8376 3284 6366 14199
internal_value=-0.000140636 0.000911722 0.0111689 0.0227164 0.0047845 0.0141449 -0.00291355 9.50014e-06 -0.00673784 0.0052595 0.0124729 -0.007394 -0.00978775 -0.0213165 -0.0271285 0.00178043 -0.00480408 0.0149187 -0.0116908 -0.02335 -0.0316106 -0.0034149 0.00496721 0.000130338 0.0212322 -0.0411382 -0.00348691 -0.00489557 0.0158272 4.34828e-05
internal_weight=29784.1 21550.9 1662.84 578.554 1084.28 455.145 8233.2 4963.98 2158.27 2805.71 1546.46 3269.22 2961.48 879.182 765.117 1423.28 2082.3 307.736 1230.47 734.988 496.357 1142.01 851.828 915.879 170.36 27.674 1259.25 1234.97 114.066 19888
internal_count=1275198 1009896 67720 50008 17712 43204 265302 162626 93772 68854 56856 102676 89816 33251 17660 66988 56565 12860 45737 26784 24331 58576 10828 15033 6396 835 11998 11660 15591 942176
is_linear=0
shrinkage=0.08


Tree=147
num_leaves=31
num_cat=0
split_feature=3 3 0 1 4 3 0 4 3 0 0 3 3 3 3 3 1 3 0 6 2 3 4 1 0 4 3 3 3 1
split_gain=11.9303 74.6378 32.7563 31.1752 26.0337 23.2644 25.9673 22.0547 24.2903 40.2789 38.9518 18.4655 15.4562 22.1976 29.8998 15.4701 14.956 90.4449 76.1441 62.9087 62.7636 108.73 47.3881 12.356 10.0609 11.3863 9.98213 9.62979 44.1012 8.10533
threshold=0.39718310534954077 0.38165266811847692 0.2014492750167847 0.35355392098426824 20.500000000000004 0.27842378616333013 0.15047170221805575 18.500000000000004 0.54201978445053112 0.33534136414527899 0.46709956228733068 0.28869047760963445 0.35767590999603277 0.33589744567871099 0.33060109615325933 0.34549072384834295 0.93127068877220165 0.98260739445686351 0.91545844078063976 0.63191848993301403 0.77836257219314586 0.97646731138229381 8.5000000000000018 0.13714733719825747 0.15047170221805575 25.500000000000004 0.35767590999603277 0.36515152454376226 0.37089946866035467 0.45923791825771337
decision_type=2 2 2 2 2 2 2 2 2 2 2 2 2 2 2 2 2 2 2 2 2 2 2 2 2 2 2 2 2 2
left_child=1 2 5 7 16 6 -1 8 9 23 -11 -7 13 14 -4 -15 17 18 -5 -19 21 -18 -22 -2 25 -9 -13 -14 -29 -6
right_child=3 -3 12 4 29 11 -8 24 -10 10 -12 26 27 15 -16 -17 20 19 -20 -21 22 -23 -24 -25 -26 -27 -28 28 -30 -31
leaf_value=0.01490898517450358 -0.050990723121540446 -0.068089832847639031 -0.02091794772892171 -0.0034002597801356112 -0.0018613223100950652 0.045462055924401279 -0.024256539982695668 -0.079437307740359953 0.04143005236944812 -0.016434330676573964 0.055182744900882763 0.00085476795072234935 0.015113205736250695 -0.079962473331027004 0.012789324454286172 -0.024849132972114205 0.045764123753845941 0.00068460029710977423 0.027728136016047639 0.097209445581433004 0.0013656946406548276 0.0028244315387714177 -0.018517899558335466 0.025119413824482382 0.00084519690319291552 -0.000532879325681916 0.029751206022074674 -0.070748289277528964 0.0059320700988131341 -0.032001254393855226
leaf_weight=207.90840995166218 8.0890888748690468 112.25831874149299 474.60501493722404 15992.437677015521 93.638222940884589 137.42036502214614 211.86762046348304 17.057163683115505 200.51304134402017 391.64813240060175 49.849862478673458 255.64332553141867 190.22905467354576 45.196681967870973 249.36618734539661 169.18681006781117 530.86701677191013 82.619739811430918 513.42919375363272 94.31548301683506 5646.554166996917 1309.7764533336303 881.19202344669611 639.90223466652969 607.61278706313169 34.283930415171199 112.51785818312783 52.989986264488834 261.8968844379342 215.99016661120186
leaf_count=2069 85 8923 13164 612269 5235 1459 2671 255 5523 18934 754 3082 5596 2824 6539 7933 20874 3225 29437 3905 388712 51069 19831 14803 13253 613 1178 3383 8852 18409
internal_value=-0.000424359 -0.00573062 -0.00257084 5.2817e-05 -0.000691351 0.00905845 -0.00453465 0.00979518 0.0158723 0.0108546 -0.00746225 0.0205918 -0.010142 -0.016199 -0.00908017 -0.0387552 -0.000397551 -0.00178729 -0.00241419 0.0542742 0.00235327 0.015386 -0.00130605 0.0235411 -0.00189067 -0.0343106 0.0103952 0.000845093 -0.00737586 -0.0235693
internal_weight=29790.9 2481.09 2368.83 27309.8 25360.8 925.358 419.776 1948.96 1290 1089.49 441.498 505.582 1443.47 938.355 723.971 214.383 25051.2 16682.8 16505.9 176.935 8368.39 1840.64 6527.75 647.991 658.954 51.3411 368.161 505.116 314.887 309.628
internal_count=1274859 67673 58750 1207186 1152966 10459 4740 54220 40099 34576 19688 5719 48291 30460 19703 10757 1129322 648836 641706 7130 480486 71943 408543 14888 14121 868 4260 17831 12235 23644
is_linear=0
shrinkage=0.08


Tree=148
num_leaves=31
num_cat=0
split_feature=4 3 2 1 1 1 0 3 2 0 1 1 0 4 6 3 1 0 2 0 1 1 3 3 3 2 3 0 1 1
split_gain=11.555 48.9098 108.226 80.6556 70.6419 100.493 104.134 150.861 58.1615 47.4176 264.953 51.6623 45.8376 45.5058 38.3528 33.8364 98.533 267.26 122.86 222.825 164.018 132.888 137.976 122.268 208.026 86.8022 60.4973 85.4189 57.6242 56.6802
threshold=3.5000000000000004 0.90054944157600414 0.85575589537620556 0.93063354492187511 0.83752354979515087 0.94360822439193737 0.91331186890602123 0.94185259938240062 0.87007671594619762 0.60107529163360607 0.68870675563812267 0.78629976511001598 0.93127068877220165 1.5000000000000002 0.39352983236312872 0.91922956705093395 0.65142410993576061 0.61633428931236278 0.64630925655365001 0.59611794352531444 0.79388421773910534 0.74862638115882885 0.73746865987777721 0.72613638639450084 0.58898946642875682 0.74646764993667614 0.70396453142166149 0.68108487129211437 0.58102023601531994 0.70438539981842052
decision_type=2 2 2 2 2 2 2 2 2 2 2 2 2 2 2 2 2 2 2 2 2 2 2 2 2 2 2 2 2 2
left_child=1 2 3 9 14 6 13 -8 -7 10 -1 -11 -4 -6 -3 16 17 23 19 29 -21 22 -20 24 -2 -23 -19 -28 -25 -18
right_child=15 4 12 -5 5 8 7 -9 -10 11 -12 -13 -14 -15 -16 -17 18 26 21 20 -22 25 -24 28 -26 -27 27 -29 -30 -31
leaf_value=-0.0016677575473815337 0.0015335024438228567 -0.0070901516897291916 0.035733161714956045 0.072884679242944353 -0.060682310001668162 0.041452185446752977 0.03939832804843825 -0.044821312096378019 -0.0015214986270658086 -0.013430398280965691 0.07141667401617334 0.0059189442052188434 -0.051999441008873666 -0.022802135091797605 0.054078865941252094 0.0038672545594520976 -0.032737096208707676 0.056894382523579159 0.045647291883343037 -0.098682311675369283 -0.011498494731508791 -0.037490638590601602 -0.019550116105521792 0.056182926088957683 -0.031712740378551534 -0.0052389970347089714 -0.020533273563592462 0.050377649369037776 -0.012359674155544212 0.028117831021585601
leaf_weight=1966.0801049296133 5302.6839944921448 92.031944338523317 877.63049472450075 97.328749425840215 422.30933877111238 221.00832077575615 308.53447579299245 235.19598180871253 1814.5541846877495 1934.9161144142709 372.69455471451511 1603.7687968073005 34.107668873290095 441.07543168232951 185.05136600811966 6366.5160607125581 142.16142476346795 590.5102455782544 551.32052111976373 389.22038582218374 221.64514421523927 748.24747748498339 323.82516933728766 304.11437083633791 1550.4793886720545 1896.4823957889603 201.20862709180801 221.50489275644941 98.364493660516018 282.94400109055277
leaf_count=82848 175867 2512 62022 3981 12552 16361 15681 9190 204252 71058 7816 46912 3201 14488 15918 247886 10146 12711 14521 19170 8544 25461 13173 12977 77256 47728 9478 8628 8094 14382
internal_value=0.000278046 0.00240062 0.00640186 0.00244373 -0.0049627 -0.00814307 -0.0245552 0.00260025 0.00315604 0.00118909 0.0100378 -0.00461995 0.0320109 -0.0417575 0.0334291 -0.000887009 -0.00326021 0.00192873 -0.012705 -0.036879 -0.0676587 -0.0055025 0.0213669 -0.00343493 -0.00598253 -0.0144775 0.040323 0.016405 0.0390926 0.00725107
internal_weight=29797.5 10606.3 6886.53 5974.79 3719.76 3442.68 1407.12 543.73 2035.56 5877.46 2338.77 3538.68 911.738 863.385 277.083 19191.2 12824.7 8268.87 4555.85 1035.97 610.866 3519.88 875.146 7255.64 6853.16 2644.73 1013.22 422.714 402.479 425.105
internal_count=1274814 568792 277838 212615 290954 272524 51911 24871 220613 208634 90664 117970 65223 27040 18430 706022 458136 305011 153125 52242 27714 100883 27694 274194 253123 73189 30817 18106 21071 24528
is_linear=0
shrinkage=0.08


Tree=149
num_leaves=31
num_cat=0
split_feature=2 6 0 3 0 2 2 0 3 6 3 3 0 2 8 6 5 2 8 0 2 3 9 3 5 0 2 0 2 5
split_gain=12.8129 39.7572 25.2526 8.44059 8.31642 84.1229 72.0517 43.5621 38.7327 36.7436 36.5433 41.776 36.4676 106.336 49.3076 69.9057 62.7123 34.787 31.7648 31.9295 27.3317 27.0121 24.7367 24.5697 12.6614 9.89017 9.87383 9.44197 9.0298 7.02393
threshold=0.98717737197875988 0.71711125969886791 0.89871358871459972 0.93127068877220165 0.7897985875606538 0.65485891699790966 0.7320508360862733 0.65470632910728466 0.75905716419219982 0.49629549682140356 0.68614074587821972 0.78629976511001598 0.73097601532936107 0.60088497400283825 0.75000000000000011 0.5867464840412141 0.38414336740970617 0.79205974936485302 0.75000000000000011 0.84575733542442333 0.8019607961177827 0.77303028106689464 1.0000000180025095e-35 0.92718276381492626 0.35319472849369055 0.90054944157600414 0.75716626644134533 0.80717849731445324 0.57284301519393932 0.28653530776500707
decision_type=2 2 2 2 2 2 2 2 2 2 2 2 2 2 2 2 2 2 2 2 2 2 2 2 2 2 2 2 2 2
left_child=4 2 -2 -4 6 9 12 24 17 25 26 -12 14 28 15 -1 -16 -7 19 -10 -19 -11 -20 -15 -8 -6 -9 -23 -14 -5
right_child=1 -3 3 29 5 8 7 10 18 21 11 -13 13 23 16 -17 -18 20 22 -21 -22 27 -24 -25 -26 -27 -28 -29 -30 -31
leaf_value=-0.0067480127462742944 0.046357898800166553 0.062482053453891996 -0.037263921286658362 0.0059884567357241869 0.011003915657974228 -0.10715322713387976 0.080213551800237731 -0.0082848584681326186 -0.014578889178090557 -0.031533485065964199 0.026166027478791456 0.0037430470999783544 0.03603809232978486 -0.046772839222679816 0.030290234829891929 0.013392337743374545 -0.0048904560195693432 0.031470394236976784 0.045145685753736745 -0.0023358467705815868 -0.042336145831515425 0.013078269431325829 0.0036117799006596973 0.012003923467908803 0.030867131035019063 -0.033554507183521452 -0.073687213873795995 0.059700713925153776 0 -0.01032626542746155
leaf_weight=1717.0461953448721 77.675878944632132 76.529070812975988 31.969780346429616 662.34301650201087 95.508291852049297 35.63659804611234 42.560232762203668 35.200952792030876 1885.2456699236209 20.543328500585631 733.83430903674162 1987.7585342769089 157.63191288731468 424.38762370860786 329.04391128489806 3029.5797247990122 10112.802725596091 40.002954294119263 92.694049216501298 5059.6352174766944 97.911736528156325 45.415323925291887 1897.2853210110334 44.204662174204714 304.12676695357368 40.879429107764736 35.843195159381139 242.23471681738738 54.289485210436396 217.30453697359917
leaf_count=296455 3757 136522 1318 8619 3548 897 872 932 45436 322 21498 69404 6917 15819 15623 41501 226140 902 100055 116251 2278 1981 99359 1482 9594 1229 1084 18767 2157 24346
internal_value=4.20981e-05 0.00863815 0.00401875 3.42579e-06 -0.000274536 -0.00220352 0.000686825 0.0117563 -0.00388458 0.0315416 0.00832441 0.00988463 -0.00149595 -0.0195532 -0.000670201 0.00607365 -0.00375256 -0.0408564 -0.00312609 -0.00569044 -0.0194565 0.0466612 0.00573495 -0.0408221 0.0384343 -0.00193423 -0.0460611 0.0532357 0.0265949 0.00174169
internal_weight=29627.1 1065.82 989.293 911.617 28561.3 9552.99 19008.3 3139.32 9108.41 444.581 2792.64 2721.59 15869 680.514 15188.5 4746.63 10441.8 173.551 8934.86 6944.88 137.915 308.193 1989.98 468.592 346.687 136.388 71.0441 287.65 211.921 879.648
internal_count=1275065 174562 38040 34283 1100503 391025 709478 103384 365178 25847 92918 90902 606094 26375 579719 337956 241763 4077 361101 161687 3180 21070 199414 17301 10466 4777 2016 20748 9074 32965
is_linear=0
shrinkage=0.08


Tree=150
num_leaves=31
num_cat=0
split_feature=4 9 4 3 6 2 3 6 6 2 0 8 6 2 3 3 3 3 0 0 6 2 0 4 6 0 2 3 6 3
split_gain=12.4795 14.1589 14.5772 9.64125 27.0571 14.7987 10.9075 10.6142 8.67575 20.5632 9.91653 9.14767 8.32484 8.28313 14.7823 33.1058 15.9287 7.84857 6.89343 6.09593 5.48719 4.96927 4.19762 4.13346 4.2657 4.03897 6.86464 3.98688 3.7378 3.19667
threshold=29.500000000000004 1.0000000180025095e-35 3.5000000000000004 0.89943820238113414 0.55433616042137157 0.34960317611694341 0.53093111515045177 0.98494350910186779 0.50800052285194408 0.79205974936485302 0.59611794352531444 0.75000000000000011 0.48107238113880163 0.17712418735027316 0.27842378616333013 0.28869047760963445 0.33060109615325933 0.55351883172988903 0.21680375933647159 0.2014492750167847 0.25324894487857824 0.14415584504604342 0.2014492750167847 7.5000000000000009 0.66028577089309703 0.18350168317556384 0.17712418735027316 0.80217391252517711 0.8986145853996278 0.41444373130798345
decision_type=2 2 2 2 2 2 2 2 2 2 2 2 2 2 2 2 2 2 2 2 2 2 2 2 2 2 2 2 2 2
left_child=1 2 8 5 20 7 -7 -4 10 11 17 -10 -12 18 22 -16 -17 -1 19 28 -5 -21 -15 -20 -25 29 -27 -28 -3 -2
right_child=25 13 3 4 -6 6 -8 -9 9 -11 12 -13 -14 14 15 16 -18 -19 23 21 -22 -23 -24 24 -26 26 27 -29 -30 -31
leaf_value=-0.0083740458252390057 -0.019346747636416913 0.01733073948852009 0.0028800721877196267 0.01318805292947503 0.05594773563262382 -0.020117535800292262 -0.0023078494039509906 0.025991659199838622 0.032308756895762979 0.054843009196718369 0.0020666010312233728 0.0074995212188740546 -0.0343938108243486 -0.032685380711379566 0.048358890159001709 -0.02165820140213524 -0.00046305033800401638 0.042029803758346487 0 0.0079668233700397155 -0.0084730223245747648 -0.047677584049186955 -0.0015723452957018664 -0.0094703908318450585 0.047714907536767978 0.015633758067230611 -0.044858096395575753 0 0 0.012118226911711811
leaf_weight=19.257806792971678 36.844653500826098 158.6309016236919 1149.3459854154644 139.06428813422099 71.2657002922424 286.75854462373536 1019.7661294424033 142.52146047214046 118.2404309206031 79.062368976159632 434.69467486185022 601.05025450235553 38.790310715907253 113.08073267553118 83.399708267374081 224.56264282374468 24200.030089460804 61.593424890423194 16.677895545202773 8.5252733295783418 145.52771235513501 19.022913282096852 51.707678995211609 2.8322218959219745 54.239228018559515 10.532812940255097 79.095292205041915 14.656822482982532 184.63419122854248 31.597975226693961
leaf_count=1701 426 2362 15201 5007 93093 5096 38083 2305 9120 137950 13318 35924 547 1632 1645 8592 889184 953 297 92 3490 233 1418 303 319 134 3598 1318 872 542
internal_value=0.000134849 0.000267833 0.00450638 0.00128947 0.0135549 -0.000351673 -0.00640054 0.00564354 0.0113836 0.0167511 0.00328663 0.0119936 -0.000914223 -0.000453346 -0.0006554 -0.000485667 -0.000668863 0.028372 0.0102871 0.00512587 0.00160399 -0.0269631 -0.0241988 0.0322331 0.0417651 -0.020989 -0.0307844 -0.0381472 0.00851067 -0.00280566
internal_weight=29597 29424.3 4306.94 2954.25 355.858 2598.39 1306.52 1291.87 1352.69 798.353 554.336 719.291 473.485 25117.3 24672.8 24508 24424.6 80.8512 444.563 370.813 284.592 27.5482 164.788 73.7493 57.0714 172.728 104.285 93.7521 343.265 68.4426
internal_count=1274755 1268737 361788 162275 101590 60685 43179 17506 199513 182994 16519 45044 13865 906949 902471 899421 897776 2654 4478 3559 8497 325 3050 919 622 6018 5050 4916 3234 968
is_linear=0
shrinkage=0.08


Tree=151
num_leaves=31
num_cat=0
split_feature=5 6 6 5 6 1 2 9 4 1 5 5 6 2 8 5 4 8 2 2 1 9 5 1 5 7 1 6 4 1
split_gain=11.4679 127.917 61.6709 36.1523 25.079 21.2363 26.8136 20.0187 19.95 20.1114 19.4237 19.1303 18.7166 18.5237 18.4742 15.9701 14.9866 12.9893 12.632 9.70571 15.5269 8.99128 7.70574 7.65575 7.6225 7.02051 6.42374 6.99578 6.00912 5.97972
threshold=0.31383949518203741 0.39688599109649664 0.37527292966842657 0.38266237080097204 0.53671374917030346 0.62988328933715831 0.55612829327583324 1.0000000180025095e-35 16.500000000000004 0.83424907922744762 0.54766845703125011 0.48662948608398443 0.46384282410144811 0.83899769186973583 1.0000000180025095e-35 0.24257134646177295 19.500000000000004 0.75000000000000011 0.99565216898918163 0.40212766826152807 0.46709956228733068 1.0000000180025095e-35 0.41517429053783422 0.61620295047760021 0.35094879567623144 1.0000000180025095e-35 0.84475743770599376 0.79637822508811962 1.0000000180025095e-35 0.93788579106330883
decision_type=2 2 2 2 2 2 2 2 2 2 2 2 2 2 2 2 2 2 2 2 2 2 2 2 2 2 2 2 2 2
left_child=2 7 5 12 10 17 8 22 9 -7 14 23 24 -12 -5 16 -8 19 -13 20 -1 -17 -2 -6 29 26 27 -4 -21 -3
right_child=1 3 25 4 11 6 15 -9 -10 -11 13 18 -14 -15 -16 21 -18 -19 -20 28 -22 -23 -24 -25 -26 -27 -28 -29 -30 -31
leaf_value=-0.020563250822482244 -0.02913610273456451 0.033849434226931138 0.080846609165847738 -0.035329607064015986 0.015497684464356303 0.059808324485983645 0.0025233424777068459 -0.064007784104051765 -0.023763147748720018 0 0 -0.00060641004039007013 0.030035980633982842 0.077646710369791538 -0.0088286577333702709 -0.0029679881847363932 0.064059828010539124 0.05650769920543372 0.022920536183967975 0.0053225459849089753 0.063753184083758241 -0.058317324562233895 0.02204274306877466 0.0034165013654842841 -0.019527591955617384 -0.011776247558068111 0.021455278487614381 0 -0.030639265303455402 -0.015162097678119124
leaf_weight=31.082268824633502 138.67628153137048 39.687674221109773 78.842213246985921 249.83127705966763 656.83110342168948 119.54871750451275 4530.1595591311343 208.2314686728605 27.421585353909904 43.795035425195238 64.486716849118238 20916.361186115901 379.41380737292639 21.499200835824013 586.73312921181787 46.853118201019242 20.729381813609507 8.7891494903597032 141.82807431488982 23.869253011129331 16.803343885068898 37.246746581316984 14.320913659874348 776.18237672930263 80.649786612069875 3.3288342583109616 33.858382674930908 4.1112933697877443 244.98492048483968 15.871017393714281
leaf_count=4686 6867 9661 7741 72667 16871 4317 39234 233454 1465 561 5660 551482 15328 530 51601 1385 179 436 136316 1151 2059 27186 583 31292 21472 516 4614 282 22829 2044
internal_value=0.000116731 -0.000611859 0.00350178 9.95749e-05 -0.000357263 0.00211942 0.0034874 -0.0475352 0.0325513 0.0433806 -0.0132509 0.000167327 0.0209555 0.0212827 -0.0170959 0.00222293 0.00290876 -0.0174219 -0.000434955 -0.0208169 0.00922867 -0.0311742 -0.022787 0.00909989 -0.00337324 0.0590419 0.0627741 0.0756412 -0.0268234 0.0171107
internal_weight=29562 24290.6 5271.42 23929.4 23413.8 5151.28 4825.75 361.229 190.765 163.344 922.55 22491.2 515.622 85.9859 836.564 4634.99 4550.89 325.529 21058.2 316.74 47.8856 84.0999 152.997 1433.01 136.208 120.141 116.812 82.9535 268.854 55.5587
internal_count=1274469 1155828 118641 914924 866419 105488 74327 240904 6343 4878 130458 735961 48505 6190 124268 67984 39413 31161 687798 30725 6745 28571 7450 48163 33177 13153 12637 8023 23980 11705
is_linear=0
shrinkage=0.08


Tree=152
num_leaves=31
num_cat=0
split_feature=4 5 6 6 5 8 2 6 5 4 9 3 2 2 3 2 9 3 7 4 3 5 9 6 6 8 3 5 5 4
split_gain=13.942 8.26176 128.372 55.0587 31.0468 22.234 14.6442 29.1695 13.2678 13.027 12.2026 11.8367 22.7556 10.0668 9.34393 14.5122 7.96379 7.72406 6.58683 6.02406 5.80763 4.09724 4.03374 3.85988 3.65166 2.23856 1.72464 1.45792 0.562717 0.357595
threshold=36.500000000000007 0.30521412193775183 0.39688599109649664 0.35829523205757147 0.36743415892124182 0.75000000000000011 0.99565216898918163 0.71711125969886791 0.24257134646177295 1.5000000000000002 1.0000000180025095e-35 0.80810147523880016 0.65733855962753307 0.92893216013908397 0.61451050639152538 0.5604878067970277 1.0000000180025095e-35 0.9813067913055421 1.0000000180025095e-35 6.5000000000000009 0.97332859039306652 0.42762957513332372 1.0000000180025095e-35 0.64720091223716747 0.74092873930931102 1.0000000180025095e-35 0.28869047760963445 0.42128865420818334 0.54766845703125011 40.500000000000007
decision_type=2 2 2 2 2 2 2 2 2 2 2 2 2 2 2 2 2 2 2 2 2 2 2 2 2 2 2 2 2 2
left_child=1 3 5 8 11 16 9 -8 14 -6 25 12 -4 -13 19 -16 21 18 24 -1 22 -3 -7 28 -5 -10 -18 -22 -2 -30
right_child=23 2 4 17 6 20 7 -9 10 -11 -12 13 -14 -15 15 -17 26 -19 -20 -21 27 -23 -24 -25 -26 -27 -28 -29 29 -31
leaf_value=-0.005952343167313765 -0.0060423476323858277 -0.040184419168463457 0.018213808608367174 0.072875488862430185 -0.0050075243716844308 0.012996776384411666 0.00068979622370766525 0.060806210324933559 0.022912220749349604 0.00021151417303815891 -0.057976292695846858 -0.011631352394751516 0.078454786878888058 0.036478082350914987 0.018911370319997942 0.0014499281132882541 0 0 -0.0081153154734505632 -0.050280423368314515 -0.053874344478517071 0.0090833151846122333 -0.01930266402791159 -0.057011501369334784 0 -0.0105835991190681 -0.072807047536589606 0 0.029781980176567652 0
leaf_weight=80.649978405723232 3.7927995634345271 105.00830761250108 198.37633004893723 88.246318311503273 3608.7404853703156 43.939880833378993 187.21971478066553 69.501755736386258 12.72410633403342 19709.849848403337 40.340201712762791 90.870038295739505 51.732907925485051 33.784113276764401 324.5551264466194 4589.0363596577372 0.089078363685984097 13.551597229132311 2.5876392993959589 27.799689560866682 17.338750835391696 4.4860028247348955 42.533023756812327 30.240389356622472 4.5729508572767363 39.835574291762896 158.82614273599393 1.3160892855375994 1.2786746321071403 0.45092094468418498
leaf_count=2610 684 7124 17705 10929 139876 541 13550 135679 1285 594879 35792 9912 2743 3029 5865 40393 70 2330 395 2177 401 255 6164 330 612 487 239419 23 64 35
internal_value=-0.000182307 -0.000112359 -0.000737605 0.00276624 -3.44975e-07 -0.0469614 -0.000372479 0.0184271 0.0015073 -0.000590215 -0.0275494 0.0226849 0.0325948 0.00107726 0.0021035 0.00265388 -0.0592128 0.0578029 0.0654558 -0.0204408 -0.0129605 -0.0364599 -0.00132775 -0.0469462 0.0694525 0 -0.0723232 -0.0484408 0 0.0220784
internal_weight=29583.3 29547.5 24323.6 5223.9 23950.1 373.537 23575.3 256.721 5114.94 23318.6 92.8999 374.763 250.109 124.654 5022.04 4913.59 268.41 108.959 95.4069 108.45 105.128 109.494 86.4729 35.7628 92.8193 52.5597 158.915 18.6548 5.5224 1.7296
internal_count=1275358 1274245 1171370 102875 917373 253997 883984 149229 88609 734755 37564 33389 20448 12941 51045 46258 246868 14266 11936 4787 7129 7379 6705 1113 11541 1772 239489 424 783 99
is_linear=0
shrinkage=0.08


Tree=153
num_leaves=31
num_cat=0
split_feature=4 1 1 2 2 1 2 4 0 4 0 1 2 4 2 1 5 4 4 4 2 0 5 2 4 0 8 9 2 0
split_gain=13.5325 9.04917 52.2209 126.403 50.2636 114.315 136.52 193.759 126.308 76.0848 66.3729 59.1917 133.066 46.785 87.0369 46.7539 46.3699 35.9223 147.208 56.413 54.8132 44.4067 33.5587 22.3645 16.3135 16.3043 15.0283 6.79614 5.13355 2.40259
threshold=34.500000000000007 0.94360822439193737 0.97801932692527782 0.86222714185714733 0.86706829071044933 0.86526826024055492 0.75905716419219982 7.5000000000000009 0.84877073764801036 1.5000000000000002 0.86706829071044933 0.88047617673873912 0.88036698102951061 2.5000000000000004 0.94360822439193737 0.85145786404609691 0.63658976554870617 10.500000000000002 8.5000000000000018 13.500000000000002 0.73986300826072704 0.89512962102890026 0.43854957818984991 0.91627725958824169 7.5000000000000009 0.77731865644454967 1.0000000180025095e-35 1.0000000180025095e-35 0.52966317534446727 0.15047170221805575
decision_type=2 2 2 2 2 2 2 2 2 2 2 2 2 2 2 2 2 2 2 2 2 2 2 2 2 2 2 2 2 2
left_child=1 4 3 22 5 8 10 -8 15 11 -7 -6 -13 14 -5 -1 25 18 21 26 -20 -4 28 -18 -10 -11 -19 -21 -3 -2
right_child=29 2 17 13 9 6 7 -9 24 16 -12 12 -14 -15 -16 -17 23 19 20 27 -22 -23 -24 -25 -26 -27 -28 -29 -30 -31
leaf_value=-0.0003845777417408611 -0.00014334729244076325 -0.034035964520502261 0.0097346332834225453 -0.098491860020505625 0.047543249440908548 -0.0064879051586229398 -0.051572138768304035 0.025912793070608134 0.039042111303301284 0.06307569231962698 0.04774624907634889 -0.13431275118345001 -0.0034579756808501465 0.045953758564487447 0.00042591503885976498 -0.027447588475397546 0.0319137114267731 0.042589384678936623 0.0054626171430542103 0.021663295472687562 -0.046599376721981084 -0.0056152849731906911 0.080128120674380451 0.071602912843312869 -0.028617466431202183 0.0037383822645170712 0.017558969076995796 -0.0088562873726659962 0.027092594989070868 -0.049742905667267266
leaf_weight=16845.861706187945 15.352397719150757 3.0420589670684413 2531.0780940982258 61.592050440071034 114.76049999828683 584.10429368467885 1012.6277848330428 252.81655021544429 569.59262797710835 27.936418687459081 185.18330342680565 48.734227376044146 718.36837893645134 96.42042843260424 370.65039440562396 414.18952901946614 332.94215531110967 243.37817288898805 157.08892731176456 43.441836429410614 593.81304120547429 2283.6418036743307 203.54602969986445 150.14954698707152 17.563232006898033 406.5411093779112 551.1519110868976 576.34698785568617 113.28804423310794 36.011283952542726
leaf_count=630458 205 72 126132 1821 3903 18156 27221 6020 28550 1190 7930 1017 30990 5908 33023 12258 13013 6290 4319 18232 11329 206248 15486 14175 671 15612 16691 14131 3244 1550
internal_value=6.72112e-05 0.000147387 0.00248234 0.0211628 -0.000688693 -0.00185552 -0.0197977 -0.0359248 0.00018605 0.0120843 0.00658475 -0.00453822 -0.0127944 -0.00265735 -0.0142685 -0.00105104 0.0281715 0.000174961 -0.00269673 0.0115581 -0.0355322 0.00242263 0.0604582 0.0451844 0.0365235 0.00859199 0.0256447 -0.0063048 0.0228386 -0.0390844
internal_weight=29561.2 29509.9 7828.48 848.539 21681.4 19881.9 2034.73 1265.44 17847.2 1799.43 769.288 881.863 767.103 528.663 432.242 17260.1 917.569 6979.94 5565.62 1414.32 750.902 4814.72 319.876 483.092 587.156 434.478 794.53 619.789 116.33 51.3637
internal_count=1275845 1274090 462926 59554 811164 731264 59327 33241 671937 79900 26086 35910 32007 40752 34844 642716 43990 403372 348028 55344 15648 332380 18802 27188 29221 16802 22981 32363 3316 1755
is_linear=0
shrinkage=0.08


Tree=154
num_leaves=31
num_cat=0
split_feature=8 5 0 3 1 2 2 0 3 1 0 2 3 1 2 3 1 5 3 0 0 8 2 2 8 5 5 7 8 0
split_gain=10.437 19.0375 21.8624 46.1452 41.7781 19.7835 23.4994 15.7243 58.5703 25.468 37.1368 14.2002 15.7713 15.3417 13.5481 13.1374 39.1705 32.6412 32.2366 135.99 91.3711 73.8599 59.9091 24.318 23.6483 43.8371 40.0575 19.73 19.1648 15.0949
threshold=1.0000000180025095e-35 0.65678957104682933 0.7243877947330476 0.66274511814117443 0.75134408473968517 0.56635218858718883 0.73363915085792553 0.60922586917877208 0.7320508360862733 0.76239567995071422 0.65470632910728466 0.88261792063713085 0.93957647681236278 0.91922956705093395 0.6911335587501527 0.86319074034690868 0.74115687608718883 0.53470641374588024 0.60136988759040844 0.4901809841394425 0.53410854935646068 0.75000000000000011 0.60495716333389293 0.62575301527977001 0.75000000000000011 0.94756481051445018 0.97375309467315685 1.0000000180025095e-35 0.75000000000000011 0.83752354979515087
decision_type=2 2 2 2 2 2 2 2 2 2 2 2 2 2 2 2 2 2 2 2 2 2 2 2 2 2 2 2 2 2
left_child=1 7 3 -3 -4 -6 -7 14 9 10 -9 12 -10 -13 -1 17 28 27 20 -20 21 -19 -21 -22 25 -18 -27 -2 -17 -26
right_child=15 2 4 -5 5 6 -8 8 11 -11 -12 13 -14 -15 -16 16 24 18 19 22 23 -23 -24 -25 29 26 -28 -29 -30 -31
leaf_value=-0.025739691716350342 0.0071313566233005242 -0.011036462817968901 0.03137166417789531 0.018716345974330056 0.057744671144415539 -0.031293551114979751 -0.0038575997299795557 0 -0.023818653857231871 -0.014285405133515162 0.079759835396218004 0.032840347321242067 -0.0035705752244019223 -0.0050940256956384742 0.030518912176227441 0.011284038721952119 -2.108040342685993e-05 0.03437334871292079 0.037081176779130143 -0.02078209309709524 0.037837079507965075 -0.004142491111687803 -0.0031619612463871555 -0.025092368608437349 0.0028647568821383884 -0.12757427597205565 0.0058489249996445418 -0.035977869292065659 0.048098443912472082 0.015998986162908284
leaf_weight=413.74149703593503 3583.511635203562 495.29007722888491 208.77303664357169 972.53570977533673 26.512002893170575 210.21227027935674 3381.1135611392965 55.088605527736945 619.27732711408316 43.527176277588296 96.366625568669406 73.907983747893013 444.0335210441408 499.2800128215531 22.641136689242558 221.72748504458286 4411.9141521632118 336.77984575636219 413.71901617130061 2075.8006457799929 500.44535975856707 4635.4856738247399 3108.269423720707 36.100025945808738 1254.8131666737099 28.175626777476282 20.872812439294648 63.240450454715756 173.75639062616392 1066.160063553787
leaf_count=170424 143773 6303 2469 8183 296 1697 36314 12848 96403 5186 9827 5403 39591 42665 1200 6041 93564 4766 4974 31298 4728 78153 92448 757 84280 2199 3469 13549 20654 252304
internal_value=0.000209127 -0.00234602 0.000253518 0.0085648 -0.00289981 -0.00496224 -0.00554928 -0.00847237 -0.00507593 0.0356449 0.0510151 -0.0101189 -0.0155692 0 -0.0221456 0.00109784 0.00390519 -0.000257942 -0.00242473 -0.00670395 0.00189673 -0.00146969 -0.0102615 0.033115 0.00244181 -0.000934656 -0.0725466 0.00629172 0.0282566 0.00898829
internal_weight=29493.1 7562.3 5294.44 1467.83 3826.61 3617.84 3591.33 2267.86 1831.48 194.982 151.455 1636.5 1063.31 573.188 436.383 21930.8 7177.42 14753.4 11106.6 5597.79 5508.81 4972.27 5184.07 536.545 6781.94 4460.96 49.0484 3646.75 395.484 2320.97
internal_count=1275766 438809 55262 14486 40776 38307 38011 383547 211923 27861 22675 184062 135994 48068 171624 836957 462511 374446 217124 128720 88404 82919 123746 5485 435816 99232 5668 157322 26695 336584
is_linear=0
shrinkage=0.08


Tree=155
num_leaves=31
num_cat=0
split_feature=5 6 5 0 3 1 0 3 1 6 9 3 2 2 5 6 5 6 0 5 3 1 1 0 2 5 5 6 6 1
split_gain=12.9786 28.1878 22.6928 19.4908 32.1066 33.8109 29.1828 24.3444 22.9239 19.2117 13.8226 14.5941 12.2761 15.5466 12.8548 15.8093 33.6008 12.5513 39.5983 25.714 11.1142 17.8774 16.1878 19.1511 11.7323 10.6751 12.3225 11.0702 10.527 9.85334
threshold=0.86323359608650219 0.87194395065307628 0.70021095871925365 0.24068965017795566 0.49151568114757543 0.40212766826152807 0.47856706380844122 0.56773442029953014 0.77015754580497753 0.67806351184844982 1.0000000180025095e-35 0.34549072384834295 0.98717737197875988 0.9547502100467683 0.94345891475677501 0.97064974904060375 0.96982702612876903 0.93555310368537914 0.87428161501884472 0.92935234308242809 0.89039039611816417 0.84475743770599376 0.9689110815525056 0.69614070653915416 0.84575733542442333 0.73423838615417492 0.3885303288698197 0.76675301790237438 0.84240093827247631 0.83752354979515087
decision_type=2 2 2 2 2 2 2 2 2 2 2 2 2 2 2 2 2 2 2 2 2 2 2 2 2 2 2 2 2 2
left_child=1 3 10 25 6 7 9 -6 -7 -5 -3 -12 13 14 17 -16 -17 19 -19 -2 22 -22 -4 -24 -23 26 -1 -28 -27 -13
right_child=12 2 20 4 5 8 -8 -9 -10 -11 11 29 -14 -15 15 16 -18 18 -20 -21 21 24 23 -25 -26 28 27 -29 -30 -31
leaf_value=0.046461406969713535 -0.004034206842772824 0.033457334275199847 0.00069226591300758453 -0.034718032539857314 0.002674670193208752 -0.0049450972919516294 0.075640505464333083 0.040685793130393701 0.0019566959091579369 -0.0092350402886580869 -0.015957193596796277 0.018135580843210663 0.047322100445214017 -0.039597790000293023 0.0073786777891346233 -0.029657411390175793 0.00074135556664588209 -0.013492087877010632 0.018901435372255426 0.017787990031900989 0.045166629784767556 -0.0040111945154164405 0.020559568585157745 -0.053593700983959706 0.015328201627808867 0.034932685083382889 -0.0065705020541223678 0.017938871794019328 0 0.0054378494638749574
leaf_weight=37.933222137478879 2761.6095331991237 199.35885069698998 2068.2482353608066 280.82472761316603 230.94466936451499 4893.2264698334729 16.754100573802134 216.10662327120372 8262.8766202214865 660.60045332030859 112.00476813223213 971.93646095431177 26.755950468937954 66.418966714925773 1669.9348375507689 260.0587604747343 1836.3846642193093 1859.8766359392685 269.24581816244608 388.80347467751562 79.68471020461584 372.96257421512564 24.959139226473781 69.406647536085075 402.75838521041078 187.8556964697782 343.20282301392581 171.5419201857876 67.468477828195319 736.0337118202151
leaf_count=2116 57356 33134 32048 81561 14003 302479 1318 10786 364339 21943 718 12663 64805 12427 30860 8824 60493 38006 18763 6360 4689 12677 1416 3102 38450 1628 13483 1301 468 23673
internal_value=0.000389434 0.00151599 0.00670712 -0.000176641 -0.000859663 0.000128047 -0.0149761 0.0216501 -0.000599075 -0.0171489 0.013277 0.0108932 -0.00210801 -0.00229657 -0.00198329 0.0015546 -0.00301499 -0.00453655 -0.00928599 -0.00126643 0.00224362 0.00994768 -0.00074577 -0.0323228 0.00585884 0.0118652 0.00515321 0.00138356 0.0254013 0.0127889
internal_weight=29545.8 20406.7 5037.35 15369.3 14561.3 13603.2 958.179 447.051 13156.1 941.425 2019.33 1819.97 9139.09 9112.33 9045.91 3766.38 2096.44 5279.54 2129.12 3150.41 3018.02 855.406 2162.61 94.3658 775.721 808.002 552.678 514.745 255.324 1707.97
internal_count=1275889 977995 162570 815425 796429 691607 104822 24789 666818 103504 70188 37054 297894 233089 220662 100177 69317 120485 56769 63716 92382 55816 36566 4518 51127 18996 16900 14784 2096 36336
is_linear=0
shrinkage=0.08


Tree=156
num_leaves=31
num_cat=0
split_feature=6 5 5 6 8 1 0 4 4 0 6 5 5 1 8 3 1 6 3 0 3 3 8 3 0 1 3 0 6 6
split_gain=9.34683 74.4736 73.6759 38.1506 32.9692 23.2462 45.6478 55.7869 23.9516 20.8583 19.8066 36.4076 26.1035 17.2913 17.6367 16.2217 106.801 27.9689 13.9371 35.9135 13.4026 13.1129 12.1625 11.7843 28.5481 23.8752 15.6076 28.317 12.4911 11.6227
threshold=0.44854147732257849 0.30521412193775183 0.41743351519107824 0.37341365218162542 0.75000000000000011 0.61620295047760021 0.6911335587501527 5.5000000000000009 7.5000000000000009 0.56440424919128429 0.56727004051208507 0.58260074257850658 0.51013559103012096 0.62115561962127697 0.75000000000000011 0.8521554470062257 0.75134408473968517 0.81266710162162792 0.65058138966560375 0.58380147814750682 0.69282051920890819 0.81302964687347423 1.0000000180025095e-35 0.80217391252517711 0.67942845821380626 0.84475743770599376 0.6789083480834962 0.60922586917877208 0.50106382369995128 0.94715359807014476
decision_type=2 2 2 2 2 2 2 2 2 2 2 2 2 2 2 2 2 2 2 2 2 2 2 2 2 2 2 2 2 2
left_child=1 4 23 -3 5 20 7 -7 -8 -5 11 22 18 14 -11 17 -17 -14 19 -12 -1 -13 -4 24 26 28 27 -2 -26 -20
right_child=2 3 10 9 -6 6 8 -9 -10 13 12 21 15 -15 -16 16 -18 -19 29 -21 -22 -23 -24 -25 25 -27 -28 -29 -30 -31
leaf_value=-0.038257737850627915 0.016797779446285827 -0.052680278622016782 -0.033100234057815897 -0.044909739966377371 0.062418229519570538 0.045047561172801107 -0.0053980262004738088 0.00043794017083061473 0.010806275846336122 -0.0093090497522795145 0.011309701462507196 0.0020888511840796947 -0.0091524638694531705 -0.010116664119929415 0.081215487064069586 0.04183441973991494 -6.8843177979268481e-05 -0.00037167918126651517 0.0014115108891077492 0.068255939701601834 -0.0021158079403909001 0.067202802067487383 -0.01070320516692108 0.0081907629385574877 0.11626772278032083 -0.026563979164489382 -0.007656581516522043 0.078870530928895705 0.047992481712362624 0.04856583017282487
leaf_weight=153.79416689791105 350.43086794118426 251.28693852770448 230.56214772973181 93.550227740972332 48.824290568736615 303.24427698932413 3349.3793111842679 447.18729351880029 697.38702102760726 18.967233648665569 538.64497930163634 46.244743897434091 3025.8889072351085 281.92055311076547 24.374895399669185 407.48669540869014 6786.8987986013526 10107.344380823604 853.66808757442777 79.776385564284283 129.96491123957458 39.162548763444647 593.95959336205851 290.48673840289848 34.793214739416726 12.414819219760828 99.415680937061552 53.260438297395012 83.680096193653299 30.363877681404119
leaf_count=21812 18058 189676 29887 65255 1422 6590 45580 11101 8234 11852 11696 3759 77577 81243 564 27042 401158 153032 34297 968 4994 900 41468 16481 901 561 3293 953 1876 2760
internal_value=-0.000265829 -0.00314588 0.000433791 -0.0281251 0.000110189 -0.000517861 0.000776071 0.018855 -0.00255613 -0.0125668 -0.000461582 -0.0119933 1.43973e-05 -0.00224093 0.0414252 -0.000731341 0.00230972 -0.00240966 0.0101791 0.0194009 -0.0225817 0.0357813 -0.0173208 0.022514 0.0287108 0.061963 0.0192204 0.0262435 0.0732356 0.00347512
internal_weight=29464.4 5799.88 23664.5 670.1 5129.78 5080.96 4797.2 750.432 4046.77 418.813 22740 909.929 21830.1 325.263 43.3421 20327.6 7194.39 13133.2 1502.45 618.421 283.759 85.4073 824.522 924.482 633.995 130.888 503.107 403.691 118.473 884.032
internal_count=1274990 448323 826667 348590 99733 98311 71505 17691 53814 158914 784544 76014 708530 93659 12416 658809 428200 230609 49721 12664 26806 4659 71355 42123 25642 3338 22304 19011 2777 37057
is_linear=0
shrinkage=0.08


Tree=157
num_leaves=31
num_cat=0
split_feature=4 1 3 0 3 8 3 5 0 4 1 3 3 0 2 1 1 0 3 0 4 1 3 3 0 3 3 3 2 8
split_gain=13.0793 9.52873 21.2072 65.2678 18.7136 16.1121 15.2557 14.2161 12.3469 12.2803 23.9291 96.9044 49.5976 14.5653 12.2354 11.0073 10.9827 8.84715 10.285 9.06985 7.88486 7.67225 6.39781 5.83531 4.98413 4.36048 6.43869 6.12353 3.88906 3.53473
threshold=24.500000000000004 0.32466214895248419 0.43951219320297247 0.423303171992302 0.54201978445053112 0.75000000000000011 0.37089946866035467 0.47084967792034155 0.28035087883472448 8.5000000000000018 0.62115561962127697 0.7454303801059724 0.92031747102737438 0.36643192172050482 0.36451049149036413 0.5604878067970277 0.94665718078613292 0.32583418488502508 0.35767590999603277 0.48683299124240881 17.500000000000004 0.29818989336490637 0.84028983116149913 0.33060109615325933 0.34178434312343603 0.42740046977996832 0.42947559058666235 0.28869047760963445 0.27334994077682501 0.75000000000000011
decision_type=2 2 2 2 2 2 2 2 2 2 2 2 2 2 2 2 2 2 2 2 2 2 2 2 2 2 2 2 2 2
left_child=1 4 3 8 5 6 7 -1 23 13 11 -11 -12 14 -4 -10 -15 18 -7 -19 -6 25 -23 -3 -8 27 -27 -2 -28 -29
right_child=21 2 9 -5 20 17 24 -9 15 10 12 -13 -14 16 -16 -17 -18 19 -20 -21 -22 22 -24 -25 -26 26 28 29 -30 -31
leaf_value=0.064149612600753789 0.011322613387940876 -0.030513425445102247 0.063127100147274171 0.092627945842196469 0.043864296688898775 -0.0020136829853557815 0.040936442898020717 -0.0025386316680992261 -0.034401113301661686 -0.0032223167467328871 -0.01697751432818723 0.043745451641494189 0.0011059683315934089 4.7882669995865303e-06 0 0.052202579727514138 0.0042574538233570809 -0.014860073583357765 0.0082364431622412339 0.046575756379836991 0.0031865777408238622 -0.04122749013646302 0 0.012581858609334038 0.0017583077049842162 0.030004259197338689 -0.010964982507452916 0.0013680901136861618 0.022701459534146214 -0.025437480059831829
leaf_weight=17.311284262199479 38.425674604834057 22.567782867656206 40.032338359189453 27.004706292791525 103.30380902424804 1354.3808589028486 150.58456927973748 211.51357262427337 333.11388805621391 1774.9658336063367 1650.6134220630483 328.08205378420826 2308.5589707615291 13486.928580792606 37.441203312235302 3.9403535662931963 5498.4608899815175 299.4735628827475 1130.9914552526898 10.297118336893616 56.099005126743577 84.63499235344716 35.475600214609585 68.772660262460704 34.599589580975589 37.949339287326438 125.75646395907097 25.268354469255428 19.459651780780405 146.5010108895367
leaf_count=1108 451 1339 1472 805 2736 27925 3853 3916 33175 85183 61702 16648 77927 507086 2286 110 384455 12790 22854 97 1405 7780 4149 3459 2645 454 2194 392 550 2515
internal_value=0.000382286 0.000613003 7.95799e-05 -0.0169271 0.00461022 0.00320068 0.0178524 0.00308612 -0.0251913 0.000397505 -0.00272848 0.00411528 -0.00640474 0.00140045 0.0350205 -0.0321726 0.00124565 0.00094536 0.00259366 -0.0116022 0.031054 -0.0121972 -0.0298407 0 0.0346964 -0.00610129 0.00217995 -0.0139441 -0.00478293 -0.0206619
internal_weight=29462.5 28949 25580.5 455.399 3368.55 3209.15 414.009 228.825 428.395 25125.1 6062.22 2103.05 3959.17 19062.9 77.4735 337.054 18985.4 2795.14 2485.37 309.771 159.403 513.471 120.111 91.3404 185.184 393.36 183.165 210.195 145.216 171.769
internal_count=1273461 1254976 1175647 38888 79329 75188 11522 5024 38083 1136759 241460 101831 139629 895299 3758 33285 891541 63666 50779 12887 4141 18485 11929 4798 6498 6556 3198 3358 2744 2907
is_linear=0
shrinkage=0.08


Tree=158
num_leaves=31
num_cat=0
split_feature=9 1 5 0 0 6 1 3 0 1 0 0 1 3 1 3 3 3 1 1 1 3 3 6 6 3 0 1 1 1
split_gain=7.68167 16.6487 52.9595 14.6749 18.2217 37.553 36.1447 33.1735 19.9976 18.9199 11.3928 10.3048 97.6211 75.9744 40.9726 65.3568 42.0315 59.086 85.8314 30.0288 27.9082 172.058 25.2148 23.4617 23.1902 21.8325 86.9629 56.6309 21.0702 20.974
threshold=1.0000000180025095e-35 0.79388421773910534 0.58260074257850658 0.80717849731445324 0.55036231875419628 0.82780584692955028 0.58380147814750682 0.6832355558872224 0.47856706380844122 0.63224515318870556 0.69360545277595531 0.78830561041831981 0.80874970555305492 0.75905716419219982 0.86706829071044933 0.99473685026168834 0.91458967328071605 0.86729559302330028 0.79118219017982494 0.83424907922744762 0.91010102629661571 0.91010102629661571 0.89323708415031444 0.42689777910709387 0.97227710485458385 0.96449580788612377 0.91331186890602123 0.92718276381492626 0.83424907922744762 0.81284341216087352
decision_type=2 2 2 2 2 2 2 2 2 2 2 2 2 2 2 2 2 2 2 2 2 2 2 2 2 2 2 2 2 2
left_child=1 3 -3 4 6 9 7 -1 -8 -6 -7 14 23 28 16 20 17 19 -19 -2 21 -16 -22 -13 -17 26 -15 -27 -14 -18
right_child=11 2 -4 -5 5 10 8 -9 -10 -11 -12 12 13 25 15 24 29 18 -20 -21 22 -23 -24 -25 -26 27 -28 -29 -30 -31
leaf_value=-0.0012394624659231735 -0.0022341964649703482 0.0043186993247128578 0.060798040946663842 0.046274457244170855 -0.0044495467350145444 0.0083787218896564132 0.074984380860597208 0.05151286786476731 0.014395033224676029 -0.031349924725345313 0.056581953396453201 -0.0006570747562516917 -0.0016118641324523336 -0.014391106745736102 0.027514570586636623 -0.00039362508482271568 0.035725874695777642 0.0036327917245202461 -0.070910629237526543 0.01823159241191764 0.017735331407904478 -0.079910793896417739 0.046772216747909337 0.03292700664880964 -0.04133578495131604 0.039055364190940633 0.010406362434761025 -0.0023032943243211277 -0.083038993679011755 -0.011172365595502812
leaf_weight=2274.8753344846773 11163.434054923648 764.11518011994849 120.28084027181103 38.66223223900306 333.42006866798329 165.98758781896322 59.103677574457834 73.875139033625601 102.47381591156591 370.84897727571661 38.56924782943679 161.7650657765771 30.756775276560802 3525.2251025572186 510.60485923029773 1302.2311281593575 273.74944351737213 193.30105175296194 188.50501096172957 472.37017423276848 492.07808535699587 111.81092044095567 353.18756505769852 560.59109112014994 90.72393636603374 218.49984096421394 1205.5623432415596 4063.2096034350252 96.794151354006317 69.504132546018809
leaf_count=32794 470864 66982 206609 11438 5932 12783 1167 2326 2506 8912 12658 7376 589 83617 10636 27788 9656 8989 7485 9535 19977 4287 7288 15891 4112 6291 53410 159367 2084 2201
internal_value=-0.00038122 0.0027142 0.0124786 0.000156177 -0.00038539 -0.0101012 0.00308156 0.00045768 0.0391041 -0.0189613 0.0193642 -0.000923873 -0.00293943 -0.00519606 0.00037209 0.0089997 -0.00161446 -0.00241964 -0.033198 -0.00138214 0.0207657 0.0074786 0.03026 0.0252334 -0.00331297 -0.00429029 -0.00803378 -0.000112304 -0.0654127 0.0257461
internal_weight=29426.1 4342.21 884.396 3457.82 3419.15 908.826 2510.33 2348.75 161.577 704.269 204.557 25083.9 9862.4 9140.05 15221.5 2860.64 12360.9 12017.6 381.806 11635.8 1467.68 622.416 845.266 722.356 1392.96 9012.5 4730.79 4281.71 127.551 343.254
internal_count=1275550 364107 273591 90516 79078 40285 38793 35120 3673 14844 25441 911443 328625 305358 582818 74088 508730 496873 16474 480399 42188 14923 27265 23267 31900 302685 137027 165658 2673 11857
is_linear=0
shrinkage=0.08


Tree=159
num_leaves=31
num_cat=0
split_feature=3 3 3 0 0 0 3 0 3 1 4 4 0 1 4 3 0 3 0 4 3 3 4 4 4 1 0 4 0 0
split_gain=7.50125 43.3528 26.2043 18.4939 16.4006 14.0512 22.6531 21.8976 17.5084 12.5213 12.263 12.193 41.5338 26.4034 9.9413 9.30761 8.4558 8.13508 7.27156 7.23474 6.77773 8.47155 6.47147 6.13748 5.92322 6.35524 6.70748 5.72663 5.26751 4.21594
threshold=0.28869047760963445 0.27842378616333013 0.33060109615325933 0.21680375933647159 0.15047170221805575 0.28743545711040502 0.39718310534954077 0.15047170221805575 0.38165266811847692 0.2014492750167847 15.500000000000002 4.5000000000000009 0.57307061553001415 0.60640108585357677 26.500000000000004 0.37089946866035467 0.2014492750167847 0.32071428000926977 1.0000000180025095e-35 6.5000000000000009 0.30368906259536749 0.31311275064945226 14.500000000000002 18.500000000000004 11.500000000000002 0.2014492750167847 0.15047170221805575 25.500000000000004 0.29459981620311743 0.2290398105978966
decision_type=2 2 2 2 2 2 2 2 2 2 2 2 2 2 2 2 2 2 2 2 2 2 2 2 2 2 2 2 2 2
left_child=1 4 3 20 18 7 8 9 22 14 15 12 -8 -13 -4 -9 -12 23 -1 -6 -2 27 -7 28 25 26 -3 -22 -5 -27
right_child=2 24 5 17 19 6 11 10 -10 -11 16 13 -14 -15 -16 -17 -18 -19 -20 -21 21 -23 -24 -25 -26 29 -28 -29 -30 -31
leaf_value=-0.038273888595680913 -0.01985921464844001 -0.014837079581650162 -0.051558741774857773 -0.032958866388139579 -0.030168195957382651 -0.016362777928399082 0.012343861440639162 0.0071717061886335141 -0.057442098880262041 0.042574431764972401 0.014713476158211765 0.003418081928935059 -0.00022283519824506165 -0.0042597229113459523 -0.0014856349085008919 0.024909674307091234 -0.0018106755740285435 -0.073692902263014781 0.016635039769223814 -0.0041889963227532854 0.036844710509255807 -0.015797537056066884 0.015997273855451327 0.014293624754795016 0.050734219749233908 -0.014356861269984231 0.051680335515747487 -0.01963040730307207 0.018503792013918514 0.025499642204569399
leaf_weight=10.471851054579018 60.660649336132337 5.5628929717931888 68.267642760416493 190.64999256864394 134.46953900580411 216.55670952630317 1978.4325687505298 416.65649414277141 64.815649883865262 9.9168372888962022 267.46235838570283 4210.9182366845816 10971.043137779954 8860.4976812543791 49.783087885647546 412.91282632254297 681.50570193425301 30.075901571588474 196.46546574012609 172.43369129691564 64.320879546896322 34.238413159735501 39.145910032981192 14.089718807634197 115.09184428496519 37.109972091493546 41.652032698417315 6.553850926749873 6.4341546847863347 23.147425634044339
leaf_count=99 871 51 787 6240 2322 16307 83028 11424 7142 124 3407 194249 599193 315826 714 7908 13624 1775 1982 2272 772 544 1786 318 1252 659 453 72 355 613
internal_value=7.52817e-05 0.00802345 -0.00012476 -0.0201575 -0.0045324 0.000161744 -0.000312994 0.00678837 -0.0212874 -0.0242458 0.00917273 -4.44496e-05 0.00168879 -0.00177374 -0.0326611 0.0162887 0.00273157 -0.0340663 0.0122641 -0.0163859 0 0.0126 -0.0105832 -0.0261085 0.0371773 0.0196266 0.0401087 0.0285642 -0.0300708 0
internal_weight=29391.3 736.405 28654.9 407.024 513.841 28247.9 26341.4 1906.5 320.518 127.968 1778.54 26020.9 12949.5 13071.4 118.051 829.569 948.968 241.25 206.937 306.903 165.774 105.113 255.703 211.174 222.564 107.472 47.2149 70.8747 197.084 60.2574
internal_count=1276169 9703 1266466 10947 6675 1255519 1217531 37988 25235 1625 36363 1192296 682221 510075 1501 19332 17031 8688 2081 4594 2259 1388 18093 6913 3028 1776 504 844 6595 1272
is_linear=0
shrinkage=0.08


Tree=160
num_leaves=31
num_cat=0
split_feature=9 2 6 0 3 3 4 1 2 3 0 4 1 0 0 1 3 2 2 2 3 4 4 2 0 1 3 4 6 6
split_gain=10.0921 14.5098 54.2188 13.8839 40.965 35.9071 32.3823 28.6762 26.8387 28.0647 21.5927 20.4026 19.2071 17.4239 8.03156 95.1779 79.9829 56.4627 49.5509 62.2922 39.9299 44.7015 39.3578 33.8121 32.1745 31.4488 75.1174 50.948 20.4075 58.2785
threshold=1.0000000180025095e-35 0.69416099786758434 0.71126025915145885 0.53410854935646068 0.61451050639152538 0.61167800426483165 13.500000000000002 0.60640108585357677 0.40212766826152807 0.81120249629020702 0.35111427307128912 3.5000000000000004 0.45035210251808172 0.51899951696395885 0.7897985875606538 0.81530213356018078 0.75905716419219982 0.84262126684188854 0.6832355558872224 0.79205974936485302 0.80217391252517711 5.5000000000000009 3.5000000000000004 0.79205974936485302 0.81284341216087352 0.91331186890602123 0.98373878002166759 7.5000000000000009 1.0000000180025095e-35 0.41280081868171697
decision_type=2 2 2 2 2 2 2 2 2 2 2 2 2 2 2 2 2 2 2 2 2 2 2 2 2 2 2 2 2 2
left_child=1 3 -3 4 7 11 13 10 -7 -10 -1 -5 -8 -6 17 20 22 25 -18 -20 23 24 -17 -16 -22 28 27 -27 -2 -30
right_child=14 2 -4 5 6 8 12 -9 9 -11 -12 -13 -14 -15 15 16 18 -19 19 -21 21 -23 -24 -25 -26 26 -28 -29 29 -31
leaf_value=0.0046779500855193765 0.0091471238101558903 0.0046941926680464565 0.06371858506024744 -0.0094437682685324965 0.071028597676743008 0.048879636460126247 0.03097411222543445 0.056681620316100557 -0.023679202846344661 0.0098175731617367173 -0.012812632357875166 0.048742234625346638 -0.030705223364700298 0.0008804962632446054 0.0043142631043979994 0.0070228571566328599 0.033971902197201462 0.029664486101939943 -0.031769589814130701 -0.0031214133782682466 -0.0037288865252210995 -0.035543836551205042 -0.096355172909672965 0.077853743692897756 0.037202678030134349 0.068345973003584262 -0.00088966664415349108 0.016571755020755499 -0.048244516671315296 -0.0019797608355396532
leaf_weight=1443.435864666857 1002.8766810975503 750.52343238614412 111.58731801838985 51.746531273238361 119.95313296001405 37.32883349241456 63.149040855525527 52.192979932937305 663.58630135381827 199.6488647823644 649.86696490479517 101.93931418214925 56.082317564680125 33.551642301026732 64.34678058893769 27.310416814027121 209.71676229577861 409.07596803469642 513.92257576165139 8126.1476896159147 180.72279136808356 94.415555291154305 84.759094873421418 130.88333670329303 334.97251074714586 177.55389053716499 1431.1198333351931 417.56857621612289 172.3203806312813 11694.767158826166
leaf_count=19797 14135 40281 224017 1032 2916 2225 1807 967 19859 34621 10095 1786 4285 815 1722 410 6392 19718 14421 277349 5521 2560 1997 2256 13378 4033 32535 7240 231089 276974
internal_value=0 0.00356483 0.0128419 0.00120046 0.00457712 -0.00637891 0.0335012 0.000756538 -0.0126257 -0.0157359 -0.00069335 0.0284623 0.000606206 0.0572171 -0.00061359 -0.00240828 -0.00479478 0.000521669 -0.00390436 -0.00486134 0.0238171 0.0131712 -0.0705721 0.0551276 0.0226531 -0.000277591 0.00896095 0.0327259 -0.00174745 -0.00268508
internal_weight=29407.1 4334.59 862.111 3472.48 2418.23 1054.25 272.736 2145.5 900.564 863.235 2093.3 153.686 119.231 153.505 25072.5 9767.2 8961.86 15305.3 8849.79 8640.07 805.341 610.111 112.07 195.23 515.695 14896.2 2026.24 595.122 12870 11867.1
internal_count=1276233 364503 264298 100205 40682 59523 9823 30859 56705 54480 29892 2818 6092 3731 911730 326006 300569 585724 298162 291770 25437 21459 2407 3978 18899 566006 43808 11273 522198 508063
is_linear=0
shrinkage=0.08


Tree=161
num_leaves=31
num_cat=0
split_feature=2 6 0 3 6 1 3 0 3 2 1 1 1 0 2 4 0 3 0 1 2 2 3 1 2 0 0 2 6 6
split_gain=10.9117 25.5724 12.4634 17.2418 9.53717 8.89077 80.2964 76.1121 65.8922 73.2843 147.476 209.117 85.175 145.42 98.0119 58.6308 47.1064 51.3685 40.0552 75.3207 51.7537 43.1679 40.403 37.632 34.0211 28.7267 28.1231 23.8834 21.2957 20.4752
threshold=0.98610842227935802 0.71711125969886791 0.89871358871459972 0.93127068877220165 0.36930006742477423 0.4817046076059342 0.61451050639152538 0.53788751363754284 0.56440424919128429 0.54011154174804699 0.65895724296569835 0.5388936996459962 0.63702240586280834 0.66969698667526256 0.63686314225196849 16.500000000000004 0.4901809841394425 0.72613638639450084 0.48313754796981817 0.56691542267799389 0.48313754796981817 0.48313754796981817 0.52419984340667736 0.35355392098426824 0.34525330364704138 0.60107529163360607 0.41897973418235784 0.4327110648155213 0.50800052285194408 0.37341365218162542
decision_type=2 2 2 2 2 2 2 2 2 2 2 2 2 2 2 2 2 2 2 2 2 2 2 2 2 2 2 2 2 2
left_child=5 2 4 -4 -2 6 7 23 18 10 11 -10 13 -11 -14 -12 24 25 19 26 -20 -21 -22 -1 -8 -18 -7 -25 -19 -26
right_child=1 -3 3 -5 -6 8 16 -9 9 12 15 -13 14 -15 -16 -17 17 28 20 21 22 -23 -24 27 29 -27 -28 -29 -30 -31
leaf_value=0.0011599361672397284 0.0050665779945714452 0.055593139446036569 -0.051224190925599843 0.0041653949861215232 0.065566314377943136 0.0047656493231941002 0.010005953516739883 0.044189940542513143 -0.0084974808226027931 0.0036277413951217286 0.026104137000247319 -0.070461488755975701 -0.02123027982377116 0.057618169457966585 5.0432385085001641e-05 -0.038953682479510025 -0.026629717898955855 -0.010006557302252755 -0.043933034638896612 0.11670014951329308 0.097319099198482806 0.013199483414644986 0.032356511850529339 -0.020135207189497163 -0.018350098987259013 0.024931574185784816 -0.062310661301481662 0.0016476305346176878 0.055225179842952644 0.073864487367014384
leaf_weight=4140.287421311943 44.126609833096154 63.461110536816705 32.261926194762054 892.87065158598125 31.761966705736995 58.592858745818376 105.65145956942433 225.07810600997618 1102.0608788216741 1348.498695653856 570.45628412548831 511.03426469663827 1515.2542668803071 416.76283931797661 15417.705422624298 98.529680844410905 211.02157988983527 33.596804068016354 35.995254634854064 33.988185383426753 86.875100719156762 94.250245858638664 256.55620260739306 1053.6600672046297 11.800073327729477 94.499349841527874 95.094057782585878 443.24475770615027 151.33983776437526 202.79360469411768
leaf_count=107791 1383 136946 1351 33229 2431 5207 3680 3910 49187 51070 24391 37923 63082 16045 586348 10271 6324 2112 3269 1042 2391 2507 8413 63276 3728 1893 7937 23565 9570 5093
internal_value=0.000121205 0.0080567 0.00462269 0.00179681 0.0348535 -0.000172848 0.0023721 -0.000873045 -0.000965313 -0.00175862 -0.0152766 -0.0283839 -9.65755e-05 0.0165915 -0.00185014 0.016067 0.0258957 0.00971982 0.0237852 0.000300125 0.0405883 0.045182 0.0504095 -0.00273821 0.049647 -0.0100216 -0.0363853 -0.0135946 0.0425809 0.0677628
internal_weight=29379.1 1064.48 1001.02 925.133 75.8886 28314.6 6672.97 5862.27 21641.7 20980.3 2282.08 1613.1 18698.2 1765.26 16933 668.986 810.703 490.458 661.352 281.925 379.427 128.238 343.431 5637.19 320.245 305.521 153.687 1496.9 184.937 214.594
internal_count=1275365 175340 38394 34580 3814 1100025 230942 198542 869083 838317 121772 87110 716545 67115 649430 34662 32400 19899 30766 16693 14073 3549 10804 194632 12501 8217 13144 86841 11682 8821
is_linear=0
shrinkage=0.08


Tree=162
num_leaves=31
num_cat=0
split_feature=1 3 0 0 2 1 2 3 0 0 2 3 3 0 4 3 1 4 1 4 4 6 3 5 3 3 6 2 0 3
split_gain=8.97153 76.946 42.6051 43.4451 34.4881 122.454 57.0989 37.1903 96.1764 52.8007 82.2905 110.076 48.0884 84.8291 42.1207 40.8651 31.0576 27.2705 26.3704 25.6199 22.1722 18.8111 18.4012 17.8674 16.3361 38.1086 16.3111 15.9771 18.4618 18.5534
threshold=0.40212766826152807 0.56773442029953014 0.49253065884113317 0.33534136414527899 0.40838271379470831 0.56691542267799389 0.32305502891540533 0.56440424919128429 0.50944742560386669 0.4901809841394425 0.49752475321292883 0.7454303801059724 0.50333333015441906 0.44170945882797247 3.5000000000000004 0.60640108585357677 0.55351883172988903 14.500000000000002 0.64326766133308422 5.5000000000000009 2.5000000000000004 0.77563387155532848 0.60136988759040844 0.65678957104682933 0.42740046977996832 0.42947559058666235 0.47229200601577764 0.29818989336490637 0.44562648236751562 0.70659971237182628
decision_type=2 2 2 2 2 2 2 2 2 2 2 2 2 2 2 2 2 2 2 2 2 2 2 2 2 2 2 2 2 2
left_child=1 2 3 24 5 6 19 8 12 14 11 -11 13 -6 -9 -16 20 22 -12 -2 -10 -5 -7 -23 -1 -26 -3 -28 -29 -30
right_child=4 26 -4 21 7 17 -8 9 16 10 18 -13 -14 -15 15 -17 -18 -19 -20 -21 -22 23 -24 -25 25 -27 27 28 29 -31
leaf_value=-0.00035357341127483302 0.057996669254273645 -0.015726552899867102 0.055174109191628337 -0.037781747135091623 -0.012560089942075435 0.12159178266063091 -0.069011893698306986 0.062550601559414429 0.0098390056795837882 -0.037269585835359935 0.0067368129994012094 0.019375291185466915 -0.018789411705435421 0.062052774223034082 -0.025723060050969915 0.025888992226954385 0.0042530754503688796 -0.02756077899111677 -0.0017441316779387855 -0.03960074229077027 0.073265506735952252 0.015320749013773028 0.033774741634461383 -0.016220425921979528 0.042925495367668751 0.0022717979724135406 0.0074424621500687217 0.067426147921275548 0.011333055001017023 0.063911053992230765
leaf_weight=2805.0226065701427 34.746940142755193 35.0184074902063 81.502260061941342 211.53168236763668 220.284684987746 18.65835375100869 240.5318432075037 127.06844752062352 51.433870762644801 846.95722222577751 2685.1317557505172 288.13747243639955 457.96326255142048 164.55589234079162 132.84410357545494 323.79098706570403 86.101497336287139 27.547601991107513 18187.244614735348 24.125198351659492 211.0891505005784 132.67088283458725 96.565188128763111 600.37698708847165 194.23671713135263 609.06391036937566 111.69888286641799 141.9723707982921 161.34627157240175 61.261476518397103
leaf_count=72578 1186 7299 1440 41747 16884 668 20574 4321 1833 32967 107295 15627 25144 5278 9458 23013 3630 6188 833001 2595 5184 1686 4438 7851 2802 12419 2142 1751 1996 3205
internal_value=-0.000193457 0.00283152 -0.000397615 -0.00148695 -0.000843062 -0.0228609 -0.0518811 -0.000422252 0.0133126 -0.00115648 -0.00179531 -0.0227283 -0.00118776 0.0193203 0.0224684 0.0104115 0.0483411 0.0366104 -0.000644083 0.0155281 0.0618531 -0.016735 0.0537915 -0.01023 0.002478 0.0125045 0.0321307 0.0361087 0.0442389 0.0275916
internal_weight=29370.5 5145.7 4634.41 4552.9 24224.8 442.175 299.404 23782.6 1191.43 22591.2 22007.5 1135.09 842.804 384.841 583.704 456.635 348.625 142.771 20872.4 58.8721 262.523 944.58 115.224 733.048 3608.32 803.301 511.297 476.279 364.58 222.608
internal_count=1276200 156916 140523 139083 1119284 35649 24355 1083635 57953 1025682 988890 48594 47306 22162 36792 32471 10647 11294 940296 3781 7017 51284 5106 9537 87799 15221 16393 9094 6952 5201
is_linear=0
shrinkage=0.08


Tree=163
num_leaves=31
num_cat=0
split_feature=4 0 0 3 0 3 3 4 5 0 3 2 3 3 5 2 9 3 3 4 0 4 3 0 3 0 5 5 5 4
split_gain=9.17682 10.7256 8.9416 18.6697 28.9138 15.5643 25.1367 23.0158 14.9459 12.7405 11.8428 10.8946 9.76017 30.0302 8.58627 12.6942 11.2431 7.18711 7.01383 6.85331 5.61668 3.66821 2.78422 2.77041 2.51474 3.53787 4.04185 2.50052 2.19578 2.05119
threshold=26.500000000000004 0.24068965017795566 0.30860807001590734 0.41444373130798345 0.39811320602893835 0.37089946866035467 0.36515152454376226 15.500000000000002 0.51445281505584728 0.15047170221805575 0.40270270407199865 0.21132376790046695 0.35767590999603277 0.35388994216918951 0.86323359608650219 0.61938297748565685 1.0000000180025095e-35 0.37590579688549047 0.37590579688549047 15.500000000000002 0.33161512017250067 16.500000000000004 0.86319074034690868 0.2290398105978966 0.28869047760963445 0.21680375933647159 0.79418799281120311 0.56916823983192455 0.59621357917785656 11.500000000000002
decision_type=2 2 2 2 2 2 2 2 2 2 2 2 2 2 2 2 2 2 2 2 2 2 2 2 2 2 2 2 2 2
left_child=2 24 5 4 10 6 12 8 29 21 20 19 13 -1 15 -13 -16 -11 -10 -5 -4 -9 -3 -14 28 26 27 -26 -2 -7
right_child=1 22 3 11 -6 7 -8 9 18 17 -12 14 23 -15 16 -17 -18 -19 -20 -21 -22 -23 -24 -25 25 -27 -28 -29 -30 -31
leaf_value=0.00074739389110563422 -0.0036669663273215893 -0.036043724565100646 -0.028883779811105976 0.063589104960260781 0.075102030569683439 -0.020879498045703434 -0.066490670143106653 0 0.048542989403769603 0.023438380510288532 -0.061601669955491122 -0.0021887784953412335 0.0026112631105717947 -0.064353224981693366 0.010651174211498922 0.0023512230202330621 -0.0030662479298571295 0 0.021852017082069897 -0.014986544577302195 -0.0033916449297656747 -0.057611565086615989 0 0.025460199889371617 0 0.013141521542366473 0.0005234393228693891 -0.03348086670728221 0.032938449846742504 0.0017484798194479382
leaf_weight=1589.4028204951683 5.2307166692316995 105.6615352961071 126.09408874909059 22.575478924947678 13.932910901698049 40.236801494149404 31.077354287386697 2.6845890646800425 94.12107135617407 91.56363277437049 47.846590667752025 5822.9023684282038 72.203143906197511 41.593763694676454 394.30500835122439 12047.235312181689 7282.8816935008654 538.08478409954478 420.6793322544836 3.4016282175725783 126.32136999449722 24.589249295851914 20.009504483998171 117.7303145338592 28.076804057276604 41.011762026733777 71.87031269504223 49.771222884824965 18.431671496713534 32.016334727530193
leaf_count=33795 119 6454 9707 328 806 3928 1678 22 1220 1231 5326 339976 796 2001 109662 541203 174028 11228 6850 79 13005 386 2326 3038 853 765 750 596 151 2216
internal_value=4.60369e-05 -0.0129161 0.000205843 -0.000274586 -0.0195035 0.00426858 -0.000301175 0.011174 0.0226226 0.000607755 -0.0255758 -2.83166e-05 0.000919818 -0.00100661 -9.20417e-05 0.000862735 -0.00233441 0.00333306 0.0274597 0.0473766 -0.0170615 -0.0481205 -0.0310459 0.0178847 -0.00109429 -0.00497811 -0.01124 -0.0234075 0.0200363 -0.00931741
internal_weight=29323.5 340.064 28983.5 25887.5 314.195 3095.98 1852.01 1243.98 587.054 656.922 300.262 25573.3 1820.93 1631 25547.3 17870.1 7677.19 629.648 514.8 25.9771 252.415 27.2738 125.671 189.933 214.392 190.73 149.718 77.848 23.6624 72.2531
internal_count=1274523 12014 1262509 1194120 28844 68389 41308 27081 14214 12867 28038 1165276 39630 35796 1164869 881179 283690 12459 8070 407 22712 408 8780 3834 3234 2964 2199 1449 270 6144
is_linear=0
shrinkage=0.08


Tree=164
num_leaves=31
num_cat=0
split_feature=9 1 6 0 6 3 6 1 2 1 1 2 4 0 4 4 4 2 2 2 3 0 1 3 2 3 1 1 0 0
split_gain=10.0804 13.5838 29.5284 12.0338 33.0806 32.6713 28.3252 24.1353 23.6238 42.2237 20.9009 15.3583 13.7119 13.4567 12.8066 11.9684 7.63238 19.663 6.05114 5.83418 5.72785 5.52884 79.4388 104.272 55.8712 50.8751 50.2275 225.283 408.64 124.318
threshold=1.0000000180025095e-35 0.92031747102737438 0.67806351184844982 0.54085850715637218 0.83960041403770458 0.61451050639152538 0.67806351184844982 0.60640108585357677 0.54011154174804699 0.53390806913375866 0.35767590999603277 0.40212766826152807 7.5000000000000009 0.51899951696395885 16.500000000000004 6.5000000000000009 7.5000000000000009 0.92247596383094799 0.8216732144355775 0.63211598992347728 0.92403846979141246 0.77525508403778087 0.80217391252517711 0.75905716419219982 0.68020617961883556 0.7897985875606538 0.77015754580497753 0.67962265014648449 0.59611794352531444 0.6569296419620515
decision_type=2 2 2 2 2 2 2 2 2 2 2 2 2 2 2 2 2 2 2 2 2 2 2 2 2 2 2 2 2 2
left_child=1 3 16 5 11 7 13 10 9 -6 -1 -5 -8 -7 -13 -9 17 18 -3 -10 -18 24 25 -24 26 -23 27 29 -29 -2
right_child=21 2 -4 4 8 6 12 15 19 -11 -12 14 -14 -15 -16 -17 20 -19 -20 -21 -22 22 23 -25 -26 -27 -28 28 -30 -31
leaf_value=0.0052350176455746708 -0.0040205588243871614 0.0012591447532162515 0.068268701544712262 0.0387900343428269 0.026779359839467984 0.072867734462171541 0.039605937748406643 0.066577028460408416 0.020324649629708695 -0.088306608077111146 -0.012491056742570034 -0.010400022404238502 -0.010408286059048729 0.0092444225246381875 -0.065389113988024161 -0.018411302326790915 -0.017909196714971903 0.015777573170260278 -0.032909816162748642 0.057348074840448293 0.032281955493624295 0.052266821871624104 -0.069360479358968219 -0.0030999721931779362 0.0083406579379544776 0.0088217568579301506 0.011957451306280538 0.026213546057038795 -0.084001075581437379 0.02797782685468507
leaf_weight=1517.9323398311972 7368.3046807529172 36.902840035676491 55.976421111350646 33.179484407533891 54.278407385958417 94.349165510619059 46.033242171964957 47.580711930582765 83.287025829224149 25.573072068444162 585.41094475603313 1035.0604595736731 100.99706869648071 36.917236659210175 24.42570974319824 7.5683444314054205 9.2350025469204393 244.91741420889593 91.138331348629436 74.61720976678771 103.42286409981898 235.50110925814079 149.80541281824117 9490.9519899673032 4048.8422800713306 666.41696938189853 1294.8416008560998 339.59631871775491 566.14441472088583 863.35868955176556
leaf_count=20441 353064 1972 192645 855 6565 1657 1714 1257 9898 2119 9648 40239 3201 482 550 150 285 15716 4692 46450 4032 4838 3356 313447 107229 23864 39860 14425 26498 23897
internal_value=-2.38797e-05 0.00354208 0.0153678 0.00178144 -0.00426222 0.00514861 0.0307269 0.00171343 0.0222773 -0.0112239 0.000207614 -0.0102579 0.00498566 0.0571443 -0.0121192 0.0516927 0.0083102 0.00220119 -0.0221821 0.0400253 0.0262215 -0.000644875 -0.00204038 -0.00418159 0.000360403 0.0205678 -0.00272398 -0.00482736 -0.0425847 -0.000630111
internal_weight=29332.6 4308.8 541.593 3767.21 1330.42 2436.79 278.297 2158.49 237.756 79.8515 2103.34 1092.67 147.03 131.266 1059.49 55.1491 485.616 372.959 128.041 157.904 112.658 25023.8 10542.7 9640.76 14481.1 901.918 10432.2 9137.4 905.741 8231.66
internal_count=1275046 364568 219342 145226 106676 38550 7054 31496 65032 8684 30089 41644 4915 2139 40789 1407 26697 22380 6664 56348 4317 910478 345505 316803 564973 28702 457744 417884 40923 376961
is_linear=0
shrinkage=0.08


Tree=165
num_leaves=31
num_cat=0
split_feature=5 6 6 5 8 5 6 2 5 1 0 3 3 8 2 3 0 6 3 1 5 2 3 1 2 1 1 6 3 0
split_gain=10.1717 97.4372 55.6493 23.7623 20.5393 19.2009 19.1012 22.9583 20.0172 16.7891 43.0355 42.3925 16.7368 16.6523 15.3174 13.9238 30.1109 12.2881 10.3572 9.79297 8.47972 8.45347 9.93668 8.23157 7.8342 6.77879 5.60877 4.99183 4.48396 4.69993
threshold=0.30803118646144872 0.3869446069002152 0.35829523205757147 0.38266237080097204 0.75000000000000011 0.26837453246116644 0.51972952485084545 0.52689418196678173 0.48662948608398443 0.61620295047760021 0.58885449171066295 0.84475743770599376 0.96449580788612377 0.75000000000000011 0.4901809841394425 0.79431909322738659 0.64899963140487682 0.68500718474388134 0.62593284249305736 0.80874970555305492 0.54766845703125011 0.36451049149036413 0.76689496636390697 0.45393940806388861 0.93063354492187511 0.76506900787353527 0.72377106547355663 0.48107238113880163 0.9833287000656129 0.61257407069206249
decision_type=2 2 2 2 2 2 2 2 2 2 2 2 2 2 2 2 2 2 2 2 2 2 2 2 2 2 2 2 2 2
left_child=2 4 5 15 -2 9 7 20 17 21 11 -11 -10 -9 -12 16 18 -8 -3 -18 -5 23 -23 -1 26 -6 -17 -26 29 -4
right_child=1 3 28 6 25 -7 8 13 12 10 14 -13 -14 -15 -16 24 19 -19 -20 -21 -22 22 -24 -25 27 -27 -28 -29 -30 -31
leaf_value=-0.0064774790475172822 -0.060291518489013714 0.020837422643114976 0.030996627191104738 -0.040632074769448252 0.015315497144034611 -0.03861950340147205 0.017497896595749532 -0.015569705462947741 -0.0017293919345332737 0.066498335203826614 0.047620845506695195 -0.0065151670973502933 0.004310231005796447 0.012233298130527885 0.0014886791229405483 0.020495130574087434 0.07007789261735721 0.0025831515021411001 -0.011874713952989944 0 0.015375601700670965 -0.03278875168095656 0 0.07100266324537019 0 -0.028091548566401326 -0.017050403269121599 0.051454938842005638 0.0011807598366610664 0.079406223069198034
leaf_weight=15.250969281431027 203.47378117090557 173.40001779735394 46.881056320598873 185.70399767917479 31.317379254323896 68.254893744531728 616.87294868513709 335.53170073426008 17404.012440057777 128.17936786096834 41.847746970452135 75.008129359586746 3518.4447874152575 221.98683884291677 4543.4601628436212 23.537173626034928 90.201949870970566 895.41464535288105 84.227691366882937 13.745554081819135 12.102584104424748 161.5943322753883 79.4537266229745 8.1814900790632219 28.464739906892646 48.339809904748108 129.09446432562981 20.310572890542971 14.526658392387615 58.634094178567466
leaf_count=975 216352 20267 6994 65082 4065 33852 21606 61851 443480 2418 476 678 252114 4351 43508 2780 4997 30852 10726 1495 2598 9322 1011 445 3099 1405 17419 2060 2602 6670
internal_value=4.10332e-05 -0.000649892 0.00323767 -8.21948e-05 -0.0468932 0.00191595 -0.000484745 -0.0129562 -5.49368e-05 0.00253276 0.00365017 0.0392672 -0.0007053 -0.00420463 0.00199597 0.016076 0.0253678 0.00881005 0.00951097 0.0609593 -0.0361218 -0.0167968 -0.0216672 0.0226764 -4.02697e-05 -0.00923937 -0.00977907 0.0255355 0.0560144 0.0617208
internal_weight=29277.5 24036.2 5241.27 23753.1 283.131 5121.23 23190.1 755.325 22434.7 5052.98 4788.5 203.187 20922.5 557.519 4585.31 562.982 361.575 1512.29 257.628 103.948 197.807 264.481 241.048 23.4325 201.407 79.6572 152.632 48.7753 120.042 105.515
internal_count=1275550 1166599 108951 944777 221822 92685 881934 133882 748052 58833 47080 3096 695594 66202 43984 62843 37485 52458 30993 6492 67680 11753 10333 1420 25358 5470 20199 5159 16266 13664
is_linear=0
shrinkage=0.08


Tree=166
num_leaves=31
num_cat=0
split_feature=4 5 3 8 4 2 5 0 2 6 5 5 0 8 6 3 6 0 5 2 2 4 3 0 5 2 5 5 5 4
split_gain=9.28436 8.51335 11.2625 9.86993 7.60569 10.264 7.27294 11.6167 12.53 6.36445 29.1044 28.4075 22.5684 11.584 31.6803 8.74594 6.27134 4.81815 5.7475 4.55994 4.49802 4.94305 4.69291 3.89111 2.47609 2.89542 2.33418 2.10754 2.69536 1.93136
threshold=25.500000000000004 0.99206298589706432 0.9529346525669099 0.75000000000000011 2.5000000000000004 0.75513628125190746 0.98636335134506237 0.45512083172798162 0.87007671594619762 0.94313561916351329 0.88929739594459545 0.94136744737625133 0.61257407069206249 1.0000000180025095e-35 0.55433616042137157 0.65058138966560375 0.9855765998363496 0.25158227980136877 0.58260074257850658 0.66961652040481578 0.2237871661782265 30.500000000000004 0.35767590999603277 0.50225225090980541 0.79750719666481029 0.19560018926858905 0.97909381985664379 0.61024904251098644 0.47769485414028173 5.5000000000000009
decision_type=2 2 2 2 2 2 2 2 2 2 2 2 2 2 2 2 2 2 2 2 2 2 2 2 2 2 2 2 2 2
left_child=1 6 3 23 19 -6 9 -8 16 13 12 -12 -11 14 -1 -15 -9 20 -19 -5 24 22 -22 -3 27 -26 -24 28 -2 -10
right_child=17 2 -4 4 5 -7 7 8 29 10 11 -13 -14 15 -16 -17 -18 18 -20 -21 21 -23 26 -25 25 -27 -28 -29 -30 -31
leaf_value=-0.021800833712964346 -0.024589378618012053 0 0.051006667879163324 -0.0025733316860777756 0.0038186164534072527 0.048084528709371535 0.019517623341934773 0.01066341202525274 0.03863396337134422 0.0016379087914940107 -0.01280667155744796 0.0025120707868153819 0.019334115172657932 0.0030301118673126477 -0.001904774129937406 -0.00096617990929601843 -0.043304510041490628 0.00025737764714033734 -0.033424407789988786 -0.036933653450527883 -0.016642857182238097 -0.018831115847980903 0.03971915429195582 0.051339577952261017 0.0047510131117968488 -0.02614047002030432 0 -0.030172020407302661 0.007971581744726973 0
leaf_weight=564.91161980136712 20.896626981255395 19.570620021142531 33.143947926684632 99.023392062750645 556.53720086754765 32.026987776756869 35.534751087892801 8.5303671666479186 13.301342789389311 974.92491603632334 1077.9383256744586 2687.2908413727255 910.74263525176502 5100.3613012187561 5390.8107617085043 11117.219922078975 107.42705693419703 33.031772979309608 103.42410987474432 35.065995518492855 7.4982118026236995 17.358294797439157 41.7253960037051 35.695940162946499 82.167627216840629 19.28984570200555 6.0449287937954059 57.051953024521936 30.517530030629132 3.2801841808541203
leaf_count=351908 653 305 27167 1967 7835 2508 257 145 2133 11521 45874 75806 66883 169212 68107 416716 2343 7242 3459 7339 165 441 681 1854 835 163 65 626 702 69
internal_value=-0.000247618 -6.90215e-05 0.00797825 0.00562659 0.00277227 0.00688168 -0.000309286 -0.0166695 -0.0278917 -0.000201734 0.00218612 -0.00184222 0.010298 -0.000817853 -0.0038355 0.000281321 -0.0377349 -0.0120017 -0.0244191 -0.013714 -0.00512812 0.0104616 0.0231155 0.0369678 -0.011384 -0.000571246 0.0333737 -0.0196172 -0.00343267 0.0263245
internal_weight=29222.3 28803.3 811.064 777.92 722.654 588.564 27992.3 168.074 132.539 27824.2 5650.9 3765.23 1885.67 22173.3 5955.72 16217.6 115.957 419.006 136.456 134.089 282.55 72.6268 55.2685 55.2666 209.924 101.457 47.7703 108.466 51.4142 16.5815
internal_count=1274981 1259949 48975 21808 19649 10343 1210974 4947 4690 1206027 200084 121680 78404 1005943 420015 585928 2488 15032 10701 9306 4331 1352 911 2159 2979 998 746 1981 1355 2202
is_linear=0
shrinkage=0.08


Tree=167
num_leaves=31
num_cat=0
split_feature=9 4 5 1 1 1 4 6 5 5 6 6 6 2 1 4 4 4 1 1 5 2 1 2 2 1 6 1 1 4
split_gain=15.0592 12.4082 10.4192 16.194 10.3651 25.1507 22.7313 19.3728 19.2289 15.2031 12.1669 10.8476 9.07422 11.4705 35.7219 32.3136 22.7493 12.9796 16.673 12.9208 10.1253 30.637 15.005 15.7019 12.8493 46.9353 32.7201 29.3029 55.3091 24.9201
threshold=1.0000000180025095e-35 3.5000000000000004 0.59163263440132152 0.74115687608718883 0.90353596210479747 0.65142410993576061 5.5000000000000009 0.54246303439140331 0.3964360803365708 0.6858804225921632 0.9855765998363496 0.84521561861038219 0.91758641600608837 0.88036698102951061 0.93908473849296581 1.5000000000000002 4.5000000000000009 5.5000000000000009 0.98529094457626354 0.89386734366416942 0.85770529508590709 0.76993650197982799 0.85145786404609691 0.85575589537620556 0.72481885552406322 0.78830561041831981 0.41280081868171697 0.81530213356018078 0.69614070653915416 4.5000000000000009
decision_type=2 2 2 2 2 2 2 2 2 2 2 2 2 2 2 2 2 2 2 2 2 2 2 2 2 2 2 2 2 2
left_child=1 2 -1 -4 5 9 -7 -6 -8 11 -11 -3 20 -14 15 19 -17 18 -16 -15 24 -22 -23 -24 27 26 -26 28 -2 -29
right_child=12 4 3 -5 7 6 8 -9 -10 10 -12 -13 13 14 17 16 -18 -19 -20 -21 21 22 23 -25 25 -27 -28 29 -30 -31
leaf_value=0.0048634227137136152 -0.0019804081741598852 0.0067239361938259516 0.013490531848925362 0.054894953831892607 0.0048178195305490883 0.0062594399938519368 -0.0059341285140264996 0.058444995953866243 -0.050869140296014893 -0.0053683889505254656 0.01749281521651427 0.029298369551781819 0.00035794093987346422 0.044111203848195508 -0.017565027796902413 0.061866874621045106 -0.0074433457323149765 -0.022303082150091271 0.011996487083617014 -0.0046545652266033752 0.0023325631503289981 0.0079192879815281319 -0.037382706472000628 -0.012784576349058479 -0.0060677736659496386 -0.00048116372870315272 0.03538111499745885 0.026124244403444966 -0.022263774195106726 0.00029317418132020933
leaf_weight=779.90756259456793 4535.9585674220107 825.54792478478339 460.25098257613718 70.846482566093982 223.44290275115054 147.79049592077354 119.32014750859526 51.532235728191154 146.58572276090854 1112.7977781281661 165.1072859223932 169.37016703864356 7841.4793819083134 37.708294987678528 160.55021573329577 168.94760294782463 30.655808759969659 147.02072003507055 441.49308994808234 166.15540342452005 992.29379698541015 113.76557977381162 277.6383928549476 502.23226040745794 162.57677756191697 6718.4523250885904 407.03687731956597 338.16249293535657 1064.1093551923805 830.83070714989299
leaf_count=53840 355417 20440 16641 129690 7280 13190 2789 85647 12324 16342 2848 3442 118117 1132 14334 8794 664 2052 63529 5668 9811 1123 2816 14173 10837 195299 6808 8726 59120 32390
internal_value=0.000201441 0.00459096 0.011077 0.0197727 0.00165193 6.53203e-05 -0.0178946 0.0163037 -0.0317777 0.0034367 -0.0022333 0.0108542 -0.000544976 0.00147682 0.00891672 0.0279666 0.0505182 -0.00124933 0.00376984 0.00443955 -0.00169568 -0.00720479 -0.0179272 -0.0219279 -0.000942889 0.00137205 0.0233226 -0.00345811 -0.00587956 0.00798123
internal_weight=29209.6 4272.5 1311.01 531.097 2961.49 2686.52 413.696 274.975 265.906 2272.82 1277.91 994.918 24937.1 8994.01 1152.53 403.467 199.603 749.064 602.043 203.864 15943.1 1885.93 893.636 779.871 14057.1 7288.07 569.614 6769.06 5600.07 1168.99
internal_count=1275283 364473 200171 146331 164302 71375 28303 92927 15113 43072 19190 23882 910810 214290 96173 16258 9458 79915 77863 6800 696520 27923 18112 16989 668597 212944 17645 455653 414537 41116
is_linear=0
shrinkage=0.08


Tree=168
num_leaves=31
num_cat=0
split_feature=5 6 5 6 6 5 2 5 2 0 4 3 0 3 0 1 5 6 0 1 3 0 1 3 3 0 4 3 0 1
split_gain=7.37314 58.3964 65.7837 28.6147 23.0783 59.4767 23.3013 20.83 19.8536 27.8044 18.9707 15.861 50.4235 26.9493 41.1565 27.3465 15.2032 15.1344 14.6519 53.4196 21.5032 13.3948 24.1445 13.0457 13.0388 30.7972 12.6555 12.4728 28.1764 14.0559
threshold=0.44497103989124304 0.44854147732257849 0.30521412193775183 0.37341365218162542 0.63191848993301403 0.65229016542434703 0.99565216898918163 0.58260074257850658 0.9547502100467683 0.96039214730262767 1.0000000180025095e-35 0.81530213356018078 0.6569296419620515 0.73375529050827037 0.73363915085792553 0.76239567995071422 0.56479570269584667 0.36328536272048956 0.67942845821380626 0.68614074587821972 0.81120249629020702 0.56440424919128429 0.62115561962127697 0.97182539105415355 0.72255688905715953 0.63686314225196849 5.5000000000000009 0.62593284249305736 0.56440424919128429 0.73746865987777721
decision_type=2 2 2 2 2 2 2 2 2 2 2 2 2 2 2 2 2 2 2 2 2 2 2 2 2 2 2 2 2 2
left_child=1 2 17 -4 5 7 8 24 9 16 -10 12 27 15 -15 -14 -6 18 19 -1 -20 -5 -23 -9 25 -2 -26 28 -3 -29
right_child=4 11 3 21 6 -7 -8 23 10 -11 -12 -13 13 14 -16 -17 -18 -19 20 -21 -22 22 -24 -25 26 -27 -28 29 -30 -31
leaf_value=-0.012619943469825151 -0.019468330254894067 0.0096361592535791178 -0.050238563702168976 -0.042744722758684545 0.006289568365515627 0.054569257915550312 0.042913246601739868 -0.0035372145081092755 0.011900164179620863 0.060373727259749134 -0.048308560596834166 0.0033187766696549034 0.091546033618331815 -0.025617510446503393 0.061959872034365149 -0.010558700421498922 -0.0011094538949313576 0.04506118929768059 -0.020193501524957431 0.026972956190373012 0.00047802841083776178 0.052383223360947827 -0.013504539319693651 0.03730435144409238 -0.017727509115125616 0.027457689501996532 -0.042398507309072832 -0.013613917312816136 0.065239940325436882 0.03811389723676506
leaf_weight=369.53172670179447 382.88693710867665 420.6986568782595 217.41887392789613 67.945370016273955 1961.2112541427487 79.920601510704728 74.570698611791158 286.20450109546073 41.209937532752519 43.30227711857151 99.978126616060763 429.38289979832916 113.78171721764375 55.142746894933225 71.774200333835324 15.235299060987016 18255.903632349455 44.960247174472897 345.12287849824497 507.23852782506947 3878.7574096836906 36.544335156933812 232.33439254518453 54.596947706886567 453.41409710714652 109.52801775334228 223.36803639177742 188.23995548747189 65.770270955617889 34.977026280059363
leaf_count=28250 65517 25066 186237 55031 49887 3338 138554 14834 7726 8359 18751 25093 2190 1734 2178 590 442201 10194 6334 8614 46527 10982 72669 1545 17901 2879 13275 6383 1157 1265
internal_value=-0.000277559 0.00195736 -0.00161148 -0.0276819 -0.00100368 -0.0102755 -0.000273599 -0.013982 -0.000449769 -0.000229792 -0.0298344 0.0166073 0.0223039 0.0525671 0.0231677 0.0783508 -0.000382404 0.00118969 0.000727891 0.0101274 -0.00119504 -0.0121317 -0.00317245 0.00298776 -0.0190563 -0.00853781 -0.0263559 0.0108748 0.0180666 -0.00414988
internal_weight=29161 7094.86 5699.85 554.243 22066.1 1589.92 20476.2 1510 20401.6 20260.4 141.188 1395 965.62 255.934 126.917 129.017 20217.1 5145.61 5100.65 876.77 4223.88 336.824 268.879 340.801 1169.2 492.415 676.782 709.686 486.469 223.217
internal_count=1275261 490494 424838 324919 784767 119289 665478 115951 526924 500447 26477 65656 40563 6692 3912 2780 492088 99919 89725 36864 52861 138682 83651 16379 99572 68396 31176 33871 26223 7648
is_linear=0
shrinkage=0.08


Tree=169
num_leaves=31
num_cat=0
split_feature=2 1 0 0 6 6 2 0 1 1 2 0 1 1 1 4 2 1 1 4 4 4 4 1 0 2 1 0 4 2
split_gain=9.03209 80.3097 48.0783 36.7515 35.771 29.5426 23.8602 23.1891 143.866 133.123 152.524 57.3709 76.453 39.5957 31.1251 50.4898 22.2883 128.82 41.7741 30.184 28.6589 23.4427 21.7563 20.3767 19.0262 18.0111 120.59 44.6297 16.5431 14.2461
threshold=0.85575589537620556 0.87226107716560375 0.92372334003448497 0.76845377683639537 0.55433616042137157 0.50800052285194408 0.83414238691329967 0.8019607961177827 0.85145786404609691 0.9404677450656892 0.71503761410713207 0.84028983116149913 0.83910790085792553 0.99565216898918163 0.91331186890602123 7.5000000000000009 0.87007671594619762 0.88762626051902782 0.91922956705093395 2.5000000000000004 4.5000000000000009 1.5000000000000002 9.5000000000000018 0.98147514462471019 0.87206766009330761 0.73363915085792553 0.80217391252517711 0.73363915085792553 7.5000000000000009 0.64326766133308422
decision_type=2 2 2 2 2 2 2 2 2 2 2 2 2 2 2 2 2 2 2 2 2 2 2 2 2 2 2 2 2 2
left_child=2 5 7 -3 29 -2 -6 14 11 10 -10 12 -9 -11 25 23 17 20 21 -19 -5 -18 -17 -16 -20 27 -27 -1 -13 -4
right_child=1 3 4 16 6 -7 -8 8 9 13 -12 28 -14 -15 15 22 18 19 24 -21 -22 -23 -24 -25 -26 26 -28 -29 -30 -31
leaf_value=-0.0011749164396139807 0 0.029188616271089929 -0.046286476138998084 -0.2013499013174932 0.070633603990518642 0.053585080623855606 -0.012147861465043161 0.010415127841057845 0.030144295928906939 0.047113488513061359 -0.056598996353217558 0.042767930155401493 -0.071927042258184595 -0.0060637310446757112 0.061250633973682363 -0.011227305575075957 0.0034690689186065928 -0.051679417942772442 0.017571274805151756 0.00031288409877215949 0 0.029965060711702698 0.0080212612261122748 0.020837880250197761 -0.0036065575639342901 0.024496491616311556 -0.014006839167003616 -0.021781918746973578 -0.026669171808832083 0.014234980703800547
leaf_weight=13995.997536415471 92.088910113132442 270.83063885195952 24.934343519911636 22.721155619045025 128.9782431706808 256.69934524465498 21.334575060856878 701.63259664299403 149.49164845288033 93.091705964114226 781.34785256906616 385.59622858055809 75.264792458932789 1012.6540451919063 122.90887487743021 494.86915370339557 445.85304525988613 76.170484299051168 284.26168884656727 548.96142686638632 5.2126761346444246 437.54856499574817 1468.607516616692 295.94298366857402 4049.1599727196772 1066.6659032791358 1003.0813520308875 703.43982835554925 17.136558580008568 134.1522763880057
leaf_count=538306 3267 29710 773 588 19516 8147 1433 24738 5577 2889 20971 18540 2390 34576 4569 14897 16916 2129 22417 19038 176 18908 55725 12148 301326 35285 28387 28129 526 3407
internal_value=0.000163894 0.00279862 -0.000583482 0.000636291 0.0304668 0.039869 0.0578411 -0.00102685 -0.00730709 -0.0201994 -0.0424105 0.0148072 0.00182436 -0.00125082 2.11083e-05 0.00857591 -0.00067757 -0.0145682 0.00104296 -0.00612811 -0.168984 0.0168674 0.00307243 0.0336568 -0.00216181 -0.00118689 0.00577035 -0.00217901 0.0391301 0.00265271
internal_weight=29166.6 6489.51 22677.1 6140.72 309.399 348.788 150.313 22367.7 3216.22 2036.59 930.84 1179.63 776.897 1105.75 19151.5 2382.33 5869.89 653.066 5216.82 625.132 27.9338 883.402 1963.48 418.852 4333.42 16769.2 2069.75 14699.4 402.733 159.087
internal_count=1275404 422622 852782 411208 25129 11414 20949 827653 110207 64013 26548 46194 27128 37465 717446 87339 381498 21931 359567 21167 764 35824 70622 16717 323743 630107 63672 566435 19066 4180
is_linear=0
shrinkage=0.08


Tree=170
num_leaves=31
num_cat=0
split_feature=2 6 6 4 3 0 0 0 0 4 3 4 6 3 3 0 4 0 5 6 5 6 0 3 0 3 0 0 0 4
split_gain=8.81057 23.83 9.95769 15.6009 37.7243 42.3901 34.0294 31.2392 26.3665 30.7006 32.8547 24.8374 11.3904 10.3994 29.1234 25.2759 9.01888 8.72743 8.23373 26.0302 51.8521 30.6531 17.774 15.6407 56.4582 11.7165 66.9795 43.925 48.2752 41.2117
threshold=0.98529094457626354 0.71711125969886791 0.91758641600608837 1.5000000000000002 0.93582704663276683 0.90999102592468273 0.93582704663276683 0.78830561041831981 0.88036698102951061 5.5000000000000009 0.98529094457626354 1.0000000180025095e-35 0.97785946726799022 0.65485891699790966 0.58397436141967785 0.51530769467353832 6.5000000000000009 0.87559524178504955 0.45341086387634283 0.46384282410144811 0.27465948462486273 0.37341365218162542 0.64899963140487682 0.77459675073623668 0.67942845821380626 0.63702240586280834 0.55625879764556896 0.52689418196678173 0.67942845821380626 5.5000000000000009
decision_type=2 2 2 2 2 2 2 2 2 2 2 2 2 2 2 2 2 2 2 2 2 2 2 2 2 2 2 2 2 2
left_child=2 17 18 4 5 7 12 -4 13 10 -10 -8 -6 14 -5 -15 -11 -2 19 20 22 -22 -1 24 -21 26 -20 -27 -29 -28
right_child=1 -3 3 8 6 -7 11 -9 9 16 -12 -13 -14 15 -16 -17 -18 -19 25 23 21 -23 -24 -25 -26 27 29 28 -30 -31
leaf_value=0.013955989688419431 0.031127369849745259 0.055814436783870429 0.0049716141018296273 0.0026881582974991047 -0.081993913823898715 0.055064648622754453 0.021195308590180387 -0.022545591061326479 0.043558272311402198 -0.040387465497980737 0.0072510625671191944 -0.050565300529259442 0.013776110425132293 0.032442157314723941 -0.015204915102217506 0.0033486056103018982 0 0.0021244845644405094 -0.002933903449974387 0.0080673783471096293 -0.04497242166028851 -0.0084672805064200957 -0.0002238536710509383 -0.00051669955530719944 0.062033123937163197 0.023549649597275735 0.004179390827779567 -0.015998124742434096 -0.0014194940029545414 0.047112046502338994
leaf_weight=659.28726788431959 68.576038807339501 57.494912461384956 787.1849680272062 2706.9701342307671 79.212679863318044 78.168992089485982 70.172648943367676 387.42134668476501 308.28648099018392 52.944743745734741 355.71382378129056 46.216228772267641 4.2508058416133272 198.0407346185093 734.52206656064664 3924.6079231279509 82.214918813428085 922.50358130248787 3367.7343562109381 759.23198755429621 236.97079070025939 420.65052914993794 3677.6909907333757 458.50182339551247 146.53130249489186 349.19142179716437 292.77727594280441 1966.2784269624681 5656.2035869781212 294.9606506183336
leaf_count=20417 3703 137312 17809 21118 1146 7321 10063 13052 28346 1083 21443 5325 451 6076 8339 122996 2056 34591 119208 30701 206692 153167 35438 19810 3153 8404 4153 39244 189211 3486
internal_value=0.00047207 0.00765851 0.000196913 0.00225633 -0.00533964 -7.36373e-06 -0.037168 -0.00402586 0.0035972 0.0173981 0.0245467 -0.00689072 -0.0748047 0.00210745 -0.00110088 0.00482255 -0.0162027 0.00443809 -0.000900147 0.00140891 -0.00124004 -0.0221033 0.00190844 0.0111927 0.0172661 -0.00214469 0.00138393 -0.00391538 -0.00520916 0.0262111
internal_weight=29150.5 1048.57 28101.9 9815.93 1452.63 1252.78 199.852 1174.61 8363.3 799.16 664 116.389 83.4635 7564.14 3441.49 4122.65 135.16 991.08 18286 6358.86 4994.6 657.621 4336.98 1364.27 905.763 11927.1 3955.47 7971.67 7622.48 587.738
internal_count=1275314 175606 1099708 266624 55167 38182 16985 30861 211457 52928 49789 15388 1597 158529 29457 129072 3139 38294 833084 469378 415714 359859 55855 53664 33854 363706 126847 236859 228455 7639
is_linear=0
shrinkage=0.08


Tree=171
num_leaves=31
num_cat=0
split_feature=6 2 5 5 6 1 7 2 1 1 0 8 0 5 5 6 0 1 2 1 1 6 1 8 1 0 0 2 1 0
split_gain=7.11961 22.5843 39.8853 45.906 25.9729 14.5441 13.1829 12.6726 10.0557 26.0204 28.7268 19.0227 16.9015 8.56618 7.98257 26.088 18.5892 39.9506 23.516 71.6297 19.9445 27.9989 15.5603 12.6468 9.95527 140.39 12.8516 8.23841 58.8135 50.5641
threshold=0.98870021104812633 0.6911335587501527 0.94553062319755565 0.99206298589706432 0.99799197912216198 0.81530213356018078 1.0000000180025095e-35 0.84877073764801036 0.78830561041831981 0.65142410993576061 0.58380147814750682 0.75000000000000011 0.58885449171066295 0.93110430240631115 0.88019138574600231 0.97785946726799022 0.72046512365341198 0.75134408473968517 0.75716626644134533 0.84889996051788341 0.78629976511001598 0.98120275139808666 0.80874970555305492 1.0000000180025095e-35 0.72046512365341198 0.63224515318870556 0.64630925655365001 0.61938297748565685 0.67017546296119701 0.71248623728752147
decision_type=2 2 2 2 2 2 2 2 2 2 2 2 2 2 2 2 2 2 2 2 2 2 2 2 2 2 2 2 2 2
left_child=14 4 -3 5 13 -4 -5 -7 9 12 -11 -10 -6 -2 15 27 20 -18 19 -19 24 -22 -20 -23 26 -26 -16 29 -29 -1
right_child=1 2 3 6 8 7 -8 -9 11 10 -12 -13 -14 -15 16 -17 17 18 22 -21 21 23 -24 -25 25 -27 -28 28 -30 -31
leaf_value=-0.0031275615070600667 0.063032844062802282 0.043888175857311217 0.0057605024837443829 0.037208887551922525 -0.0038909109926270236 -0.084124679736824748 -0.055920210055775639 -0.0098560120497184767 -0.038147789813128233 0.0069048467078080189 -0.071059444962933344 0.049361799489073349 0.025269720523748131 0.014727851514812132 -0.0021726056470549116 0.032456833240367793 0.024478404759445852 -0.071912837252219725 0.016296551500107132 -0.0034246995852404978 0.018987106629743868 0 -0.0077077937637967473 -0.076312947402709594 0.036610596932374277 -0.11127098266387123 0.015598192985741001 0.025192098633212534 0.00050106609913362805 0.022974190612900958
leaf_weight=7529.6410770084622 43.986411362689978 226.76140144736564 23.601657567560324 110.47919316773914 1184.4117853365606 45.779885644114984 4.9260797390525104 30.333613269791385 15.658551374333909 44.217622071038932 68.360688016779022 53.260909917007666 137.10558880347526 76.932127650128677 2042.0109544477436 160.24172836759681 239.30953002293973 142.08793234279437 176.96556109471567 309.09199202409945 615.8846616937808 20.026560359667201 2529.3807060783602 24.540051597061392 100.9568783370778 61.567192783812061 293.34730779602251 647.9420130909275 11683.27252172005 501.17581373170833
leaf_count=409949 762 26877 833 31282 10240 1570 2533 4623 812 511 2375 8676 5949 1176 18174 6946 10248 2457 4334 8135 15235 242 117214 1061 1685 703 6112 25240 524717 24946
internal_value=0.000351424 0.00487258 0.0208065 -0.00324162 0.000388086 -0.0425471 0.0297477 -0.0589309 -0.00242854 -0.0039956 -0.040085 0.0260795 -0.000661075 0.0353755 0 0.000782019 -0.00242365 -0.00653822 -0.00897455 -0.0258959 0.00195439 0.0142819 -0.006052 -0.0428692 -0.00126315 -0.0201037 1.97967e-05 0.000516988 0.00182111 -0.00146545
internal_weight=29143.3 2065.82 441.882 215.12 1623.93 99.7152 115.405 76.1135 1503.02 1434.1 112.578 68.9195 1321.52 120.919 27077.4 20522.3 6555.17 3396.84 3157.53 451.18 3158.33 660.451 2706.35 44.5666 2497.88 162.524 2335.36 20362 12331.2 8030.82
internal_count=1275617 98219 67718 40841 30501 7026 33815 6193 28563 19075 2886 9488 16189 1938 1177398 991798 185600 142388 132140 10592 43212 16538 121548 1303 26674 2388 24286 984852 549957 434895
is_linear=0
shrinkage=0.08


Tree=172
num_leaves=31
num_cat=0
split_feature=4 2 3 0 8 6 4 0 2 3 3 3 7 6 3 5 5 0 0 4 3 6 6 0 4 5 5 2 4 3
split_gain=8.12765 8.23826 21.2062 18.8955 13.342 12.7822 11.2897 24.4665 23.6804 9.05552 8.67776 15.0277 7.88125 13.307 6.87832 10.1126 6.67717 6.61962 6.18601 5.60142 5.25514 4.89674 4.74392 4.72552 4.29757 3.24731 3.23069 4.1697 3.19491 2.92412
threshold=29.500000000000004 0.28759399056434637 0.39718310534954077 0.27475491166114813 0.75000000000000011 0.53091880679130565 5.5000000000000009 0.50225225090980541 0.89377820491790783 0.46265329420566564 0.38165266811847692 0.37089946866035467 1.0000000180025095e-35 0.84756988286972057 0.37089946866035467 0.46188034117221838 0.56479570269584667 0.18350168317556384 0.41897973418235784 15.500000000000002 0.33589744567871099 0.93359273672103893 0.75258171558380138 0.35585997998714453 9.5000000000000018 0.75051021575927745 0.5219314992427827 0.17712418735027316 12.500000000000002 0.35388994216918951
decision_type=2 2 2 2 2 2 2 2 2 2 2 2 2 2 2 2 2 2 2 2 2 2 2 2 2 2 2 2 2 2
left_child=1 4 10 9 14 -6 7 -5 -8 22 11 21 18 -14 15 29 -13 -2 -7 24 -17 -3 -4 -12 -16 -21 -19 -28 -11 -1
right_child=17 2 3 6 5 12 8 -9 -10 28 23 16 13 -15 19 20 -18 26 -20 25 -22 -23 -24 -25 -26 -27 27 -29 -30 -31
leaf_value=0.070468124293058682 0 -0.031402188030976046 0 0.012711164724420314 -0.033032057224179713 0.0034921200209809804 -0.0015207099990001258 0.00039662372469193415 -0.028623096495737875 0.029760478213220299 -0.057533895385296775 -0.021400452963776819 0.024378657921951482 -0.024655048844152708 0.016335302467595864 0.0084122839172644896 0.029035024486479821 0 0.031280696037824143 0 -0.020546159314507272 -0.0066880972862403886 0.05740031292752245 0 0.062556187296722632 0.025984905834336606 0.00048964524120952905 -0.042622515393577934 -0.023323312374873461 0
leaf_weight=14.088633338054931 68.95753534809046 153.28601059973153 11.967380195528674 1115.6798461048802 59.403992843508604 2323.3051031437062 10420.576926139098 13609.101679261516 206.45957128833834 4.5661264826776486 45.405717813962838 14.753377309170899 39.351871325459797 141.45205541342148 39.687003565064515 166.24873733796994 61.450007380481111 18.47064815124395 49.346754744270584 48.082231078493351 46.502224020339781 109.3365013198927 58.402557481545955 8.4110167020844511 44.697871619660873 51.382568170025479 8.7153566353954357 72.440441698330687 17.433436272887775 1.8732288062346913
leaf_count=600 972 16353 1377 56559 13110 30876 419964 697634 4173 113 5388 3204 1306 954 1990 2403 2337 3056 590 2411 924 1451 507 1265 1563 517 83 1965 477 165
internal_value=0.00011338 0.000222615 -0.000234328 4.58826e-05 0.00417161 0.00197634 -8.29002e-05 0.00134454 -0.00207551 0.0352242 -0.0185673 -0.0127639 0.00291628 -0.0127529 0.0175015 0.00703952 0.0165836 -0.017134 0.00420193 0.0291382 0.00102144 -0.0220281 0.0486705 -0.0481932 0.0447378 0.0128642 -0.0298661 -0.0363759 -0.00290855 0.060243
internal_weight=29030.8 28862.3 25836.8 25444.2 3025.42 2612.86 25351.8 14724.8 10627 92.3695 392.643 338.826 2553.46 180.804 412.562 228.713 76.2034 168.584 2372.65 183.85 212.751 262.623 70.3699 53.8167 84.3849 99.4648 99.6264 81.1558 21.9996 15.9619
internal_count=1274287 1268211 1210802 1180804 57409 46836 1178330 754193 424137 2474 29998 23345 33726 2260 10573 4092 5541 6076 31466 6481 3327 17804 1884 6653 3553 2928 5104 2048 590 765
is_linear=0
shrinkage=0.08


Tree=173
num_leaves=31
num_cat=0
split_feature=4 0 3 3 1 3 1 3 0 0 3 4 0 1 3 3 4 3 4 0 3 1 1 0 0 0 5 4 4 6
split_gain=7.33323 12.8137 11.3574 9.09829 11.6568 12.3968 7.70288 24.8065 22.3175 26.5538 25.4411 12.4525 33.7362 142.109 120.178 80.2711 56.5083 50.0903 42.988 32.6177 92.6524 54.0208 44.309 364.038 163.954 10.508 6.44461 6.21742 4.73916 4.63461
threshold=22.500000000000004 0.26158231496810919 0.58102023601531994 0.81754159927368175 0.47856706380844122 0.66274511814117443 0.35767590999603277 0.54201978445053112 0.48683299124240881 0.36643192172050482 0.39718310534954077 5.5000000000000009 0.55625879764556896 0.60107529163360607 0.68614074587821972 0.89943820238113414 14.500000000000002 0.61451050639152538 13.500000000000002 0.50225225090980541 0.58102023601531994 0.59675306081771862 0.73375529050827037 0.66969698667526256 0.71248623728752147 0.39811320602893835 0.43187153339385992 1.5000000000000002 21.500000000000004 0.76675301790237438
decision_type=2 2 2 2 2 2 2 2 2 2 2 2 2 2 2 2 2 2 2 2 2 2 2 2 2 2 2 2 2 2
left_child=6 2 26 4 5 -3 7 8 9 10 -1 19 14 17 16 -15 -13 -14 -16 20 21 -8 24 -24 -21 -11 -2 -22 -9 -28
right_child=1 3 -4 -5 -6 -7 11 28 -10 25 -12 12 13 15 18 -17 -18 -19 -20 22 27 -23 23 -25 -26 -27 29 -29 -30 -31
leaf_value=-0.0016609737873604707 0.04174913016492144 -0.026823526517198559 -0.048084806358595911 0.00093831684441706635 -0.069115484902251847 0.029694836380932371 -0.0079292111146313862 0.030075939469013803 0.063562045217131796 -0.040748503357124655 0.01360691635009945 -0.029756072170925765 0.0561074786884646 -0.014677966476106951 0.042370985800367383 0.0030305014583413194 0.0043336392286542928 0.016246317688961346 -0.00315572610834443 -0.016275557377750653 0.083244440635185463 0.048044575577153366 0.057206766986000607 -0.0013230955221267219 0.027001369948968405 -0.0080881365092193361 -0.016111192602326518 0.045180887622664256 -0.010554693278475569 0.0051040623896437855
leaf_weight=2113.7291560871527 21.961274511646479 157.00592350324587 23.823537693537219 77.735553520269605 36.49991405653418 22.518253681577335 640.30795381658572 244.54846545566397 32.15748778913985 112.56541629304411 1027.4216880265594 1282.227516562707 283.62586110580014 2763.7918945623933 290.65452426407137 3983.1244147496182 398.60501303034835 760.56233191851061 228.60991764651772 2785.3670711154409 70.220520103455783 127.89051689938788 727.70070882679647 9418.1389536670049 694.22143211922958 177.92407055654621 74.77365616143652 161.86329160581226 11.335236838072886 351.06644306425005
leaf_count=55431 953 7194 1136 6360 5258 1211 41025 6923 408 7591 27607 77977 5363 91445 15251 135137 23067 27066 18374 98783 2395 2468 28066 533609 36469 6642 2829 6395 303 2515
internal_value=5.22695e-05 -0.00764203 0.000234508 -0.0206155 -0.0289412 -0.0182546 0.000267053 0.00366034 0.00181636 0.00109956 0.00329575 -0.000239822 -0.00242156 3.04537e-05 -0.0111577 -0.00420536 -0.021588 0.0274418 0.0221834 0.00123996 0.0151486 0.00143286 0.000201966 0.00288525 -0.007569 -0.0217609 0.00366109 0.0588852 0.027495 0.000863746
internal_weight=29102 765.385 471.625 293.76 216.024 179.524 28336.6 3719.68 3463.8 3431.64 3141.15 24616.9 9991.2 7791.1 2200.1 6746.92 1680.83 1044.19 519.264 14625.7 1000.28 768.198 13625.4 10145.8 3479.59 290.489 447.801 232.084 255.884 425.84
internal_count=1275251 27456 7433 20023 13663 8405 1247795 104905 97679 97271 83038 1142890 393680 259011 134669 226582 101044 32429 33625 749210 52283 43493 696927 561675 135252 14233 6297 8790 7226 5344
is_linear=0
shrinkage=0.08


Tree=174
num_leaves=31
num_cat=0
split_feature=4 1 3 2 1 3 2 2 1 2 1 1 3 3 2 7 8 6 5 4 5 6 1 4 2 3 6 6 5 4
split_gain=8.21401 7.77428 69.4828 47.9487 190.843 77.6813 69.9062 62.4794 58.9473 93.2387 416.117 100.028 77.4978 77.6477 39.1025 32.5829 26.3486 45.447 33.1788 24.6042 23.6096 17.8414 13.9995 9.93987 8.92476 12.8388 8.0698 23.9659 3.8021 2.98053
threshold=36.500000000000007 0.50274726748466503 0.66274511814117443 0.51087471842765819 0.59675306081771862 0.60922586917877208 0.37573529779911047 0.50263157486915599 0.60922586917877208 0.60922586917877208 0.70438539981842052 0.67017546296119701 0.69920635223388683 0.58898946642875682 0.50263157486915599 1.0000000180025095e-35 0.75000000000000011 0.49189095199108129 0.33406755328178411 7.5000000000000009 0.75051021575927745 0.37688747048377996 0.52027395367622387 22.500000000000004 0.2237871661782265 0.60136988759040844 0.47641299664974218 0.69249531626701366 0.53863716125488292 9.5000000000000018
decision_type=2 2 2 2 2 2 2 2 2 2 2 2 2 2 2 2 2 2 2 2 2 2 2 2 2 2 2 2 2 2
left_child=1 2 15 4 6 19 22 -8 12 10 -10 -11 13 -5 -7 16 17 -1 -18 -6 26 -14 -3 -22 28 -26 29 -28 -17 -4
right_child=-2 3 20 8 5 14 7 -9 9 11 -12 -13 21 -15 -16 24 18 -19 -20 -21 23 -23 -24 -25 25 -27 27 -29 -30 -31
leaf_value=-0.037793483767104237 -0.037328869576123296 -0.048037518190141543 0.0030784446366327661 0.031746378585948809 0.092398453851281703 0.0048824946938178602 -0.089581433130401969 -0.020418313344096158 -0.085491995437703791 0.02424944546663272 0.0091902120817170477 -0.0010680320475627853 0 -0.0086316808939585661 -0.086255297299992248 -0.037280479981734234 0.066871027273022285 0.019460873597353993 -0.0015415445002911383 -0.016919775056018424 0.048581582465281901 0.043458531221452538 0.033477098679514754 0 -0.037180314007526187 0.038560858368006927 0.047732665980717279 -0.0006735466296959471 0.0031981549566808339 -0.024445274807986875
leaf_weight=92.614311269211612 32.423430790164275 11.143022975382335 40.627947470355139 428.1657895250537 80.818037208307942 539.40812896130046 271.73757677659523 134.54094256312237 432.96590594876761 1058.2625474068554 913.53142321796622 16395.528183076825 68.656903066803352 1016.5136412132124 26.892260960858039 12.112815478642004 40.71156909763522 856.98720138007775 5125.561700590988 11.113352316795497 271.99736633353314 498.52541544730411 59.030301377886644 24.894328233494889 223.29084520015749 9.2707691815448907 103.66448701327317 148.47575796539604 84.339389439672232 36.7076225454839
leaf_count=67284 1127 710 4402 15079 1918 32831 27070 6119 23144 37703 37262 763025 7731 36408 1662 1375 2185 21373 118838 1570 10737 20169 3932 684 15614 149 2111 4724 723 7510
internal_value=0.000108512 0.000162279 0.00247246 -0.000575166 -0.0165552 0.0111635 -0.0548999 -0.0675935 0.000292149 -0.00109405 -0.0213401 0.000464364 0.0132957 0.00329319 0 0 0.00131903 0.0135406 -0.000907361 0.0773415 0.0278 0.0382422 0.0160706 0.0442134 -0.02434 -0.0327394 0.0120917 0.019147 -0.00189501 -0.00873366
internal_weight=29050.5 29018.1 7071.26 21946.8 1134.68 658.232 476.452 406.279 20812.1 18800.3 1346.5 17453.8 2011.86 1444.68 566.3 6444.89 6115.87 949.602 5166.27 91.9314 626.368 567.182 70.1733 296.892 329.014 232.562 329.476 252.14 96.4522 77.3356
internal_count=1275169 1274042 257709 1016333 75812 37981 37831 33189 940521 861134 60406 800728 79387 51487 34493 227541 209680 88657 121023 3488 30168 27900 4642 11421 17861 15763 18747 6835 2098 11912
is_linear=0
shrinkage=0.08


Tree=175
num_leaves=31
num_cat=0
split_feature=3 3 3 3 0 3 3 2 4 1 0 4 0 3 1 4 1 4 6 0 6 1 6 0 0 0 5 5 0 5
split_gain=7.8232 32.4698 19.1646 21.8249 17.4628 12.4826 35.9285 15.0608 11.0564 31.3021 19.1976 10.554 8.45016 7.93552 5.80236 5.59239 5.5874 5.37708 5.31703 6.36872 5.27112 4.66883 5.05825 4.92744 4.40555 4.33846 4.21139 4.19185 3.52916 3.37783
threshold=0.28869047760963445 0.27842378616333013 0.33060109615325933 0.32071428000926977 0.15047170221805575 0.33589744567871099 0.34549072384834295 0.17712418735027316 16.500000000000004 0.5174442231655122 0.28743545711040502 9.5000000000000018 0.2014492750167847 0.30368906259536749 0.13714733719825747 16.500000000000004 0.33534136414527899 15.500000000000002 0.85254529118537914 0.2014492750167847 0.83648246526718151 0.18808962404727939 0.87597274780273449 0.2290398105978966 0.15047170221805575 1.0000000180025095e-35 0.70021095871925365 0.58260074257850658 0.18350168317556384 0.79750719666481029
decision_type=2 2 2 2 2 2 2 2 2 2 2 2 2 2 2 2 2 2 2 2 2 2 2 2 2 2 2 2 2 2
left_child=1 4 3 12 14 7 -7 17 10 -10 -8 -3 13 -2 25 16 -9 20 26 -20 -4 23 -23 -14 29 -1 -6 -15 -28 -13
right_child=2 11 5 -5 18 6 8 15 9 -11 -12 24 21 27 -16 -17 -18 -19 19 -21 -22 22 -24 -25 -26 -27 28 -29 -30 -31
leaf_value=-0.0094013538620868614 -0.018335036931890095 0.0083242597382219025 0 -0.078492437928417702 -0.012974943558500105 -0.071336572338801404 0.013385389829222967 0.034104521955832925 0.00022727447907567965 -0.022721872752461708 4.9513928652870977e-05 0.037420881980231198 -0.018643789950442035 -0.0063687746253111976 0 0.0024551344965922338 -0.011742290694499643 0 -0.032568169069583097 0 -0.058670042086537713 -0.0051618719530178974 -0.032130919662016637 0.035983077716524488 0.059849645856948207 0.030796595719313299 0.038562703548071689 0.033388473069639997 0 0
leaf_weight=11.118163892067967 39.878863638208713 83.953085451255902 10.345979592704682 30.277426613083662 68.233905042616243 40.275716189462401 706.46286381963728 193.5397664950724 1396.8735219699556 510.90790375306824 24789.973472605998 26.148030317388475 13.905586752924139 13.190807187682365 86.600928180065239 74.579863564104016 10.736320270894792 62.288931614311878 131.29198988247663 60.056165570393205 18.836420757696033 89.273479784169467 143.61346056032926 15.379259052104315 84.599675717487116 109.96920870174654 20.022594650276005 54.73094818694517 22.629776650806889 23.405134998261929
leaf_count=105 554 1514 217 1799 2969 2817 15102 4955 41176 37750 1148228 318 182 353 919 1376 729 626 757 393 116 6140 1214 249 1019 1072 165 464 286 186
internal_value=2.30826e-05 0.00818724 -0.000183319 -0.0174566 -0.00263535 6.25809e-05 -0.000129791 0.0145571 -6.30734e-06 -0.00587824 0.000427855 0.0336991 -0.0110548 0.00652139 0.0146365 0.0238914 0.0307074 -0.0120038 -0.01507 -0.0229928 -0.0375954 -0.0188676 -0.0227911 0.00644123 0.0475593 0.0256102 0 0.023566 0.0175183 0.0200814
internal_weight=28943.1 728.029 28215.1 400.25 509.923 27814.8 27444.5 370.327 27404.2 1907.78 25496.4 218.106 369.972 107.801 207.688 278.856 204.276 91.4713 302.234 191.348 29.1824 262.172 232.887 29.2848 134.153 121.087 110.886 67.9218 42.6524 49.5532
internal_count=1273750 9703 1264047 10955 6666 1253092 1245073 8019 1242256 78926 1163330 3037 9156 1371 2096 7060 5684 959 4570 1150 333 7785 7354 431 1523 1177 3420 817 451 504
is_linear=0
shrinkage=0.08


Tree=176
num_leaves=31
num_cat=0
split_feature=9 4 3 0 6 3 8 6 7 3 6 3 3 0 0 6 6 7 3 3 2 3 4 0 3 2 6 6 0 3
split_gain=8.77949 12.7486 14.8001 12.0787 12.8893 11.6857 9.03578 11.4132 7.0055 6.73783 21.3721 19.9061 16.5245 18.2162 13.6992 12.4845 20.1885 9.69155 28.5542 12.8571 8.63416 7.22671 5.64676 6.03737 5.33044 13.0426 9.69962 5.24977 5.14514 39.1886
threshold=1.0000000180025095e-35 5.5000000000000009 0.93643954396247875 0.37089946866035467 0.99799197912216198 0.53410854935646068 0.75000000000000011 0.63949534296989452 1.0000000180025095e-35 0.42740046977996832 0.72982835769653331 0.42947559058666235 0.43951219320297247 0.40862709283828741 0.26158231496810919 0.99799197912216198 0.98031464219093334 1.0000000180025095e-35 0.59299960732460033 0.57294833660125744 0.25143678486347204 0.37590579688549047 7.5000000000000009 0.25158227980136877 0.97182539105415355 0.91627725958824169 0.59384471178054821 0.55433616042137157 0.57307061553001415 0.65485891699790966
decision_type=2 2 2 2 2 2 2 2 2 2 2 2 2 2 2 2 2 2 2 2 2 2 2 2 2 2 2 2 2 2
left_child=1 24 3 6 5 -5 7 -3 -8 10 14 20 13 -13 -2 16 21 19 -19 -14 -11 -12 -22 -24 25 28 -26 -4 29 -1
right_child=9 2 27 4 -6 -7 8 -9 -10 11 15 12 17 -15 -16 -17 -18 18 -20 -21 22 -23 23 -25 26 -27 -28 -29 -30 -31
leaf_value=0.006068069706738663 -0.011278003046178329 0.080547053487588088 0.012610305276933185 -0.025563963424313441 -0.077431791684443349 -0.0028096858580764247 0.0027037586903451809 0.008435635998259269 -0.021930363417008557 0.04642341435399884 0.0030882841397283562 -0.054589691850063064 0.0058928718056120337 0.029608361458865074 -0.052714463470008244 -0.013917450432540467 0.041945104863711516 -0.02194989171035764 0.036374405406054217 -0.00088889258452323457 0.036219766996181228 -0.011483401808188329 0.036616789360077014 -0.022928457818263061 -0.0091980267895985842 0.034783505675066044 0.0467851886668193 0.050728442769093177 0.0026098634956310818 0.065510178612196435
leaf_weight=724.6553708791489 161.85764177682722 15.885269168036755 134.00395066291094 180.5630174560938 12.822981236342455 764.26800087103766 1075.1045464767376 68.888626055908389 73.732004927180242 78.209255120884336 909.7057751690736 64.004765039455378 1953.3290838382563 15.376718800347588 83.80896285136987 398.40208079852164 71.852165177464485 74.607217702723574 149.82290174145601 20431.979850315565 21.562750808545388 280.10897934215609 8.1163115845265548 41.188832329353318 191.77598386915633 124.23288935010532 16.626770575570845 32.332236116882996 735.15907053484261 75.233018255763454
leaf_count=12883 16198 630 3941 2940 296 28313 14770 1177 827 777 11380 5341 99986 749 39800 3291 535 4450 14711 702670 1409 7665 134 1906 8230 67549 80719 50460 89090 2301
internal_value=0.000129447 0.0035017 -0.000346753 -0.00217912 -0.00893903 -0.0074383 0.00295433 0.0274639 0.000895899 -0.000440526 -0.00500501 -5.16264e-05 -0.000253171 -0.0355958 -0.0268218 -0.00160949 0.00219033 -0.000114168 0.0162325 -0.00028879 0.0285973 -0.000242004 0.00505267 -0.00771127 0.00843305 0.00996861 -0.0029903 0.0222177 0.00775002 0.0122299
internal_weight=28969.2 4225.28 2357.6 2191.26 957.654 944.831 1233.61 84.7739 1148.84 24743.9 1905.74 22838.2 22689.1 79.3815 245.667 1660.07 1261.67 22609.7 224.43 22385.3 149.077 1189.81 70.8679 49.3051 1867.68 1659.28 208.403 166.336 1535.05 799.888
internal_count=1275128 364126 103354 48953 31549 31253 17404 1807 15597 911002 78869 832133 827907 6090 55998 22871 19580 821817 19161 802656 4226 19045 3449 2040 260772 171823 88949 54401 104274 15184
is_linear=0
shrinkage=0.08


Tree=177
num_leaves=31
num_cat=0
split_feature=2 1 0 6 3 0 2 3 1 1 3 2 0 1 3 3 1 3 2 1 1 3 6 5 1 2 6 1 1 0
split_gain=12.2096 74.0383 67.959 31.1422 28.9274 27.9577 20.832 154.63 78.5944 54.6078 48.7774 36.617 20.5764 83.1965 237.262 68.9563 53.0313 37.9281 63.3921 33.0125 20.8688 73.2551 28.5346 25.1316 31.7679 19.1432 18.0272 17.8407 15.9327 12.0982
threshold=0.84262126684188854 0.85857143998146068 0.90999102592468273 0.56106334924697887 0.86526826024055492 0.76845377683639537 0.86222714185714733 0.96824595332145702 0.89512962102890026 0.88047617673873912 0.88047617673873912 0.88036698102951061 0.8019607961177827 0.84273937344551098 0.82287582755088817 0.9569842815399171 0.89512962102890026 0.82807883620262157 0.8019607961177827 0.76239567995071422 0.91010102629661571 0.99473685026168834 0.6079215705394746 0.56479570269584667 0.50274726748466503 0.81861472129821788 0.63949534296989452 0.93395638465881359 0.93788579106330883 0.93127068877220165
decision_type=2 2 2 2 2 2 2 2 2 2 2 2 2 2 2 2 2 2 2 2 2 2 2 2 2 2 2 2 2 2
left_child=2 4 12 -4 -2 28 7 8 -7 10 -8 -11 20 17 16 -16 -15 18 -14 -19 23 22 -22 26 -25 -5 -1 -9 -3 -27
right_child=1 5 3 25 -6 6 9 27 -10 11 -12 -13 13 14 15 -17 -18 19 -20 -21 21 -23 -24 24 -26 29 -28 -29 -30 -31
leaf_value=-0.00043828686835915511 0.061694724352598831 0.042451173358536404 0.008259303133866391 0.067312788657703737 0.010706680942829457 -0.12134601208028774 0.067460256997258258 0.083221393047377606 -0.029518880648915616 -0.017046951208300725 0.0015789487744142538 0.0023424686967212531 -0.02358605808872816 -0.15770598929190116 -0.026454537643644676 0.0082070634518468348 -0.055440111883855635 0.025492856793189959 0.054226106517344233 -0.013152438665902513 0 -0.0028556983730040225 0.03672584778107732 0.00072041711944008705 -0.0075453221879303381 -0.040470839702009639 0.0097845672689322524 0.014893116907228847 0.0051551659750391941 0.045617532647864709
leaf_weight=2989.6506653895631 177.05965086451215 152.62972214574256 185.89507648743165 152.07050087008611 135.27941959629243 75.972583071081317 143.48362596007064 23.003732395925908 280.26439646664221 713.7729188987505 149.92844675330707 4679.8477438954251 86.782888628200453 79.265386256520287 725.9125696733754 725.09756633505458 76.88418665217614 200.80003126491647 232.01037786187226 445.60435460884764 187.02141514132381 1662.953573623905 538.96632187725481 5608.7199352422176 6255.5949275486346 17.46838788679452 1719.82156677272 403.68267763244876 160.7936792037417 14.523586672865347
leaf_count=397758 5105 7627 5001 20886 4783 2248 4726 682 7059 23376 5426 341067 2735 2054 19515 25901 1916 14550 6022 15800 7623 67533 12710 92955 106410 319 30853 16356 23606 1854
internal_value=-2.77064e-05 0.00284951 -0.000967466 0.0327792 0.0406318 0.00105762 -5.66378e-05 -0.0122719 -0.0509538 0.00160621 0.0349227 -0.000207234 -0.00156211 -0.00827421 -0.0194353 -0.00905488 -0.111628 0.0101497 0.0325126 -0.000798452 -0.000641219 0.00632739 0.0274568 -0.00165693 -0.00362565 0.0558236 0.00326741 0.0198687 0.0242013 0
internal_weight=29000.8 7095.72 21905 369.958 312.339 6783.38 6469.96 782.923 356.237 5687.03 293.412 5393.62 21535.1 2572.36 1607.16 1451.01 156.15 965.198 318.793 646.404 18962.7 2388.94 725.988 16573.8 11864.3 184.062 4709.47 426.686 313.423 31.992
internal_count=1274456 442061 832395 28060 9888 432173 400940 26345 9307 374595 10152 364443 804335 88493 49386 45416 3970 39107 8757 30350 715842 87866 20333 627976 199365 23059 428611 17038 31233 2173
is_linear=0
shrinkage=0.08


Tree=178
num_leaves=31
num_cat=0
split_feature=2 1 1 1 2 4 2 1 2 5 2 1 2 4 6 6 8 6 6 6 5 6 5 2 2 5 5 4 4 2
split_gain=8.80782 93.5055 38.9429 121.959 124.601 82.6295 71.7574 114.997 219.404 69.5088 74.7914 60.7791 56.1714 50.7685 34.8599 31.36 24.2557 32.9877 66.3146 25.3516 23.2457 31.5769 21.3663 20.8335 19.6323 18.4951 18.4335 18.0244 13.5195 13.0863
threshold=0.71248623728752147 0.76239567995071422 0.81872946023941051 0.69614070653915416 0.57932874560356151 6.5000000000000009 0.61610352993011486 0.61620295047760021 0.4901809841394425 0.35829523205757147 0.69614070653915416 0.70064935088157665 0.56992483139038097 7.5000000000000009 0.35829523205757147 0.71126025915145885 0.75000000000000011 0.99799197912216198 0.97568368911743175 0.83360475301742565 0.65678957104682933 0.66802722215652477 0.83912065625190746 0.75905716419219982 0.69614070653915416 0.97909381985664379 0.44497103989124304 1.5000000000000002 4.5000000000000009 0.65240275859832775
decision_type=2 2 2 2 2 2 2 2 2 2 2 2 2 2 2 2 2 2 2 2 2 2 2 2 2 2 2 2 2 2
left_child=2 15 3 6 5 11 7 12 -9 29 -11 -5 -1 24 -8 -2 19 18 23 20 26 -22 -20 -18 -4 27 -3 -21 -16 -6
right_child=1 16 13 4 9 -7 14 8 -10 10 -12 -13 -14 -15 28 -17 17 -19 22 25 21 -23 -24 -25 -26 -27 -28 -29 -30 -31
leaf_value=-0.0018828141904185713 0.0057418311408440814 0.0011513289375722124 0.033616717563818746 -0.071693859704590718 0.020598569385080059 -0.030351510320424255 -0.016595472629373064 0.02919259937922063 -0.066606656482873061 -0.058356119460285523 -0.0089913081355271172 0.041551386090374225 0.019305436534035127 -0.00060622136290560064 0.012771695722039886 0.040255381821563754 -0.010806172093860788 0.035311274189669159 0.021805027423239035 -0.018525689108265356 0.070268464107403089 0.0090162320429452141 -0.055828936037970539 0.0092703629821291097 0 0.020125971086147904 -0.012763942254743466 -0.0052519264627887852 0.030686464852230696 -0.014566153550907422
leaf_weight=8949.9868238892304 274.23445540535613 4034.6910968735756 537.86993848983911 27.78524859805475 115.06377469748986 211.31263925490202 160.96737019849388 225.72060969039921 444.36310467035401 744.90748636931676 279.9212043601583 338.97913191367115 874.39826970265131 1180.8143336266148 578.75806155933969 496.43015991993161 372.99169700234052 220.82083432378568 20.739066953094152 861.50778695382542 54.909234827937325 714.52933119359659 145.10988297861513 2373.894936707582 148.72476016368455 144.66999294283596 710.38282390146924 2981.9586650977435 608.74194515467389 149.69782635122829
leaf_count=355445 12548 149331 21574 786 7774 14027 11420 11491 24018 24845 9077 10163 31866 49006 18980 15681 15912 49874 3590 32614 986 16722 15600 275152 5380 5677 23299 37187 16788 7956
internal_value=-0.000163506 0.00133325 -0.00146193 -0.00294778 -0.0219189 0.00867277 3.85042e-05 -0.00218284 -0.034122 -0.0357362 -0.0451371 0.0316929 0 0.00934052 0.0173886 0.0282965 -0.000309088 0.00577443 0.00342366 -0.00233397 0.00115537 0.0140194 -0.0448304 0.00647141 0.0265591 -0.00719427 -0.000909479 -0.008289 0.0221796 0.000221639
internal_weight=28984.9 13406.9 15578 13710.6 1867.67 578.077 11842.9 10494.5 670.084 1289.59 1024.83 366.764 9824.39 1867.41 1348.47 770.665 12636.2 3133.56 2912.74 9502.65 5514.51 769.439 165.849 2746.89 686.595 3988.14 4745.07 3843.47 1187.5 264.762
internal_count=1274769 654173 620596 544636 74628 24976 470008 422820 35509 49652 33922 10949 387311 75960 47188 28229 625944 360128 310254 265816 190338 17708 19190 291064 26954 75478 172630 69801 35768 15730
is_linear=0
shrinkage=0.08


Tree=179
num_leaves=31
num_cat=0
split_feature=2 3 1 2 6 1 1 3 1 2 3 6 2 1 3 3 3 1 3 2 3 3 1 3 3 6 2 2 2 3
split_gain=6.93657 60.3557 63.9623 22.6806 22.1791 15.1314 110.422 81.819 92.6888 143.643 84.6905 63.8043 61.7555 68.8247 51.7899 42.0119 36.6882 33.8991 29.8524 26.9722 22.7284 38.7112 21.4256 44.9829 14.1878 13.6329 13.0202 11.6378 11.4998 15.1832
threshold=0.88762626051902782 0.92885261774063121 0.9404677450656892 0.93788579106330883 0.97568368911743175 0.94665718078613292 0.99565216898918163 0.98571136593818676 0.88762626051902782 0.79814815521240245 0.93957647681236278 0.63949534296989452 0.86222714185714733 0.86526826024055492 0.88273492455482494 0.93063354492187511 0.91715687513351452 0.86706829071044933 0.87570226192474376 0.82413583993911754 0.99473685026168834 0.96178188920021068 0.9569842815399171 0.96051946282386791 0.78086888790130626 0.3869446069002152 0.58561220765113842 0.9547502100467683 0.94609123468399059 0.96178188920021068
decision_type=2 2 2 2 2 2 2 2 2 2 2 2 2 2 2 2 2 2 2 2 2 2 2 2 2 2 2 2 2 2
left_child=5 2 25 24 28 7 15 8 12 16 -11 17 13 -1 -14 -7 -10 -9 19 -8 21 -20 23 -17 -4 -2 -13 -6 -3 -30
right_child=1 4 3 -5 27 6 18 11 9 10 -12 26 14 -15 -16 22 -18 -19 20 -21 -22 -23 -24 -25 -26 -27 -28 -29 29 -31
leaf_value=-9.7410890475927808e-05 0.013803812715035391 -0.0068088057762846531 0.013887405833465654 0.0079552551755725162 0.050790325567877742 0.088483894311110131 0.0012213099492233636 -0.036726370573423511 0.022578684919955658 -0.024664216691105439 -0.081934734217447652 -0.023238995500165848 0.054067067833862649 -0.027440857388299149 -9.2578987794792638e-05 0.030671639759541729 -0.013704377531603308 0.066647981604456036 0.001989066304517343 -0.040516325055474603 -0.00026290963953944183 0.045754940862595676 0.046066835344113224 -0.088632065581965333 -0.045597088207354322 0.042616908272647448 0.10704211789959996 -0.014149407976579079 0.018788806030545259 -0.0017483198248654042
leaf_weight=17344.224582629107 166.5755671558145 2078.1687918399912 26.239773816545494 259.55610505626646 70.124287175822246 109.3095340882428 174.80428379408841 49.752106869636918 353.58979804806222 474.62835068647837 265.27512174983713 1.4097282505899773 237.56245938800566 605.32891164532339 200.55870718757797 62.509668553062511 345.83656292213709 27.21629753614252 401.26153351413086 203.25709384454967 3142.746214226856 192.31414769996627 127.08916405155105 23.699816848784394 102.68527046607778 471.74091475298337 80.709280730276078 16.100200583254264 287.86422533424047 1032.9815033477134
leaf_count=667686 4151 84169 732 48780 13531 4092 3926 2482 10625 11386 6564 255 8269 18155 6749 4000 13438 593 9007 4266 123676 7337 10221 852 2263 29191 3260 21839 30581 122703
internal_value=0.000103148 0.00298756 0.019998 -0.00521419 -0.00199958 -0.000423684 0.00379037 -0.00136794 -0.00184088 -0.0213567 -0.0458242 0.0548601 -0.000299159 -0.00103583 0.029192 0.048492 0.00444119 0 0.000191871 -0.0210364 0.00240787 0.0166999 0.0257072 -0.00343267 -0.0322292 0.0355123 0.101764 0.0367997 -0.00308343 0.00266083
internal_weight=28935.1 4512.04 1026.8 388.481 3485.24 24423.1 4436.99 19986.1 19827 1439.33 739.903 159.087 18387.7 17949.6 438.121 322.608 699.426 76.9684 4114.38 378.061 3736.32 593.576 213.299 86.2095 128.925 638.316 82.119 86.2245 3399.01 1320.85
internal_count=1274779 357940 85117 51775 272823 916839 167377 749462 742872 42013 17950 6590 700859 685841 15018 19165 24063 3075 148212 8192 140020 16344 15073 4852 2995 33342 3515 35370 237453 153284
is_linear=0
shrinkage=0.08


Tree=180
num_leaves=31
num_cat=0
split_feature=9 4 6 2 5 3 2 4 3 2 2 2 3 3 3 2 3 2 4 4 6 6 3 8 3 3 2 5 4 5
split_gain=6.48817 12.3676 8.84993 37.9669 11.2204 11.7884 9.80841 6.56649 76.5733 111.132 70.9499 40.5106 23.2817 22.5792 36.819 38.6 32.5737 34.6086 32.1794 20.4875 18.2701 17.6931 17.0161 17.9681 14.8799 14.4558 69.4846 13.8808 12.6059 9.79938
threshold=1.0000000180025095e-35 25.500000000000004 0.86377084255218517 0.63686314225196849 0.83648246526718151 0.35767590999603277 0.4712491780519486 1.5000000000000002 0.92637759447097789 0.93127068877220165 0.81861472129821788 0.86222714185714733 0.93582704663276683 0.91458967328071605 0.98808002471923839 0.93387979269027721 0.96693986654281627 0.70647653937339794 13.500000000000002 1.0000000180025095e-35 0.68500718474388134 0.50106382369995128 0.87841832637786876 1.0000000180025095e-35 0.91331186890602123 0.94494947791099559 0.94609123468399059 0.32444286346435552 1.0000000180025095e-35 0.56017240881919872
decision_type=2 2 2 2 2 2 2 2 2 2 2 2 2 2 2 2 2 2 2 2 2 2 2 2 2 2 2 2 2 2
left_child=1 2 -1 4 6 -6 -4 8 11 10 19 22 -12 24 16 18 17 -15 -16 -10 -17 -18 27 -24 29 28 -27 -2 -11 -9
right_child=7 -3 3 -5 5 -7 -8 13 9 25 12 -13 -14 14 15 20 21 -19 -20 -21 -22 -23 23 -25 -26 26 -28 -29 -30 -31
leaf_value=0.0015996095604824897 0.017094815086671874 -0.018022606577137442 0.024252884216212772 0.061015175845341656 -0.016581976415902814 0.0059926167547757203 -0.0078377930286958972 0.0025208898116068764 0.02307773145338643 0.042158569434180178 -0.025412838706395484 0.021467522965589025 -0.077423679642868101 0.02682721026265197 0.0037944147421827223 0 0.0083411000812698265 0.0025505300089410697 -0.018089215190703382 -0.037034936069723023 -0.049086542190317946 0.044789556632841745 -0.041949418312301402 -1.630092836392064e-05 -0.040005936778737143 -0.099262525155378548 -0.0015675202052499594 -0.00055140706858434465 -0.00042628599532212359 -0.0026480323467122737
leaf_weight=2825.9131197647403 327.82718188671424 160.81725660267693 280.5307136539268 81.92771176842507 191.01752157928422 596.36025693334159 66.171309910889249 3094.1000328555056 90.47980793788156 73.740715812848066 88.902945865149377 693.94055611078511 280.25131472983048 472.34939485989889 3750.6574822946131 74.488150850229431 147.60110482947493 1867.7455797850416 479.59655971162283 53.522782630680013 143.59675042744493 259.08139869806473 117.21163101558341 157.37570664985105 59.42072674051451 44.195482890499989 968.01792794921494 1896.9813370117299 85.551707216800423 9406.4406947252864
leaf_count=171688 11038 4551 4403 154839 1611 20230 6841 352362 4932 2838 2094 35436 6208 17345 92351 2037 4800 49342 12421 1689 4694 8713 3881 3828 1724 978 84984 63704 5859 137805
internal_value=0.000318461 0.00322365 0.00412974 0.00984793 0.00575946 0.00024403 0.0176488 -0.000171264 -0.00280298 -0.0165968 -0.0474672 0.00443856 -0.0658326 0.000471017 0.00404908 -0.000415315 0.0113248 0.00756577 0.0012572 0 -0.0328758 0.0322116 -0.000258945 -0.0189184 -0.00156678 -0.00279429 -0.00645734 0.00200952 0.0189966 -0.00135534
internal_weight=28835.8 4202.74 4041.92 1216.01 1134.08 787.378 346.702 24633.1 4878 1684.66 513.157 3193.34 369.154 19755.1 7195.12 4448.34 2746.78 2340.09 4230.25 144.003 218.085 406.683 2499.4 274.587 12560 1171.51 1012.21 2224.81 159.292 12500.5
internal_count=1275226 364163 359612 187924 33085 21841 11244 911063 227469 109582 14923 117887 8302 683594 191703 111503 80200 66687 104772 6621 6731 13513 82451 7709 491891 94659 85962 74742 8697 490167
is_linear=0
shrinkage=0.08


Tree=181
num_leaves=31
num_cat=0
split_feature=3 3 3 3 2 4 2 3 4 3 6 3 3 3 2 3 6 3 3 2 4 2 6 2 4 5 2 4 3 6
split_gain=10.5361 31.4204 16.739 16.2214 10.0831 9.34698 11.2148 10.4611 13.8359 10.2731 12.8337 9.92744 9.58557 20.9228 14.7494 9.13971 8.36221 7.91764 8.40245 12.7959 7.14354 6.98226 5.68023 4.47042 3.9476 3.79637 3.77017 3.06042 2.76192 2.72024
threshold=0.28869047760963445 0.27842378616333013 0.33060109615325933 0.32071428000926977 0.14415584504604342 19.500000000000004 0.3034138828516007 0.52027395367622387 3.5000000000000004 0.43951219320297247 0.67806351184844982 0.57294833660125744 0.99473685026168834 0.75905716419219982 0.51899951696395885 0.37590579688549047 0.87937149405479442 0.30368906259536749 0.31311275064945226 0.2237871661782265 6.5000000000000009 0.2674796879291535 0.7888106405735017 0.55036231875419628 9.5000000000000018 0.99805447459220897 0.66961652040481578 7.5000000000000009 0.25265957415103918 0.83960041403770458
decision_type=2 2 2 2 2 2 2 2 2 2 2 2 2 2 2 2 2 2 2 2 2 2 2 2 2 2 2 2 2 2
left_child=1 4 3 17 -1 6 7 15 -9 10 -8 -11 13 14 -7 -4 -14 22 19 -19 29 -20 -2 -15 -3 -26 -18 28 -22 -6
right_child=2 24 5 -5 20 12 9 8 -10 11 -12 -13 16 23 -16 -17 26 18 21 -21 27 -23 -24 -25 25 -27 -28 -29 -30 -31
leaf_value=0.014963845473326966 0 0.01710871767381859 0.0115919904234453 -0.069514024195184543 -0.0023083770251926127 -0.0060622322126809083 -0.043342884536883036 0.071613822819262846 0.011336251794095054 0.0058046238145816366 -0.0054341546938301002 7.0159092774042223e-05 -0.0024129127293849111 0.0063956085659424879 -0.059786269778217813 -0.00072041251799844245 -0.064920745533539007 0.034278780664053703 -0.032332155313610479 -0.011719947582732098 0.047609639224564307 0.010039722426133591 -0.035923124921314636 0.040083725835659847 0.048254177520327575 0 0 -0.002557544560323356 0 -0.029914898674777826
leaf_weight=163.71154392930475 30.880139279091964 87.851783684032853 708.29328100095881 29.545779702930304 48.075691841964726 988.15118648156931 63.078294174116309 31.503770381474169 110.23735544274678 2118.2001008812331 486.64910133660305 22179.944735253768 47.509796424536034 63.986888672476198 29.884295481970184 790.26874973421218 35.170663705008337 70.219506235967856 70.399184554204112 69.054060366397607 10.914155334350653 27.029347683979722 93.151009202003479 64.795275925407623 121.82126564187638 8.495873431209473 11.019096084062765 179.39816705061821 9.8070642752281856 95.430386932566762
leaf_count=1620 2298 1548 17269 1837 1891 30432 31621 614 3832 98073 14638 1021888 2282 5177 1429 19394 3851 981 1483 2360 157 1339 762 2144 1386 104 1769 2232 168 588
internal_value=0.00044617 0.00993587 0.000193912 -0.0161423 -0.000753498 0.000432481 0.000756215 0.00715741 0.0278077 0.000325856 -0.0104239 0.000577738 -0.00632689 -0.00408697 -0.00808018 0.00501181 -0.030525 -0.0104429 -0.00101666 0.0107471 -0.00880779 -0.0190987 -0.0264554 0.025406 0.0349702 0.0447517 -0.0532549 0.000274305 0.0267434 -0.022133
internal_weight=28844.5 725.506 28119 390.279 507.337 27728.7 26488.2 1640.3 141.741 24847.9 549.727 24298.1 1240.52 1146.82 1018.04 1498.56 93.6996 360.733 236.702 139.274 343.625 97.4285 124.031 128.782 218.169 130.317 46.1898 200.119 20.7212 143.506
internal_count=1275167 9694 1265473 11060 6656 1254413 1207329 41109 4446 1166220 46259 1119961 47084 39182 31861 36663 7902 9223 6163 3341 5036 2822 3060 7321 3038 1490 5620 2557 325 2479
is_linear=0
shrinkage=0.08


Tree=182
num_leaves=31
num_cat=0
split_feature=5 6 6 0 5 6 3 1 3 0 3 6 1 3 0 4 3 0 8 1 0 4 0 3 0 0 3 0 3 4
split_gain=7.70309 20.7232 23.1428 23.5576 12.7439 13.0843 35.8539 18.1632 22.4513 21.4758 16.0659 11.9505 12.891 37.6895 18.5076 14.0337 41.6198 14.8707 11.5232 11.0573 95.3887 144.234 87.671 67.6001 191.139 187.723 60.2006 44.0188 31.9849 27.3799
threshold=0.85770529508590709 0.97905021905899059 0.99285680055618297 0.60107529163360607 0.90486964583396923 0.9525684416294099 0.90366768836975109 0.69614070653915416 0.77303028106689464 0.60107529163360607 0.83752354979515087 0.8986145853996278 0.50274726748466503 0.66274511814117443 0.56691542267799389 13.500000000000002 0.78086888790130626 0.45512083172798162 1.0000000180025095e-35 0.75582656264305126 0.66969698667526256 4.5000000000000009 0.7243877947330476 0.70064935088157665 0.58380147814750682 0.628892481327057 0.75905716419219982 0.76506900787353527 0.69631093740463268 13.500000000000002
decision_type=2 2 2 2 2 2 2 2 2 2 2 2 2 2 2 2 2 2 2 2 2 2 2 2 2 2 2 2 2 2
left_child=1 19 -3 -4 5 7 -7 8 -2 -9 -11 18 13 14 -13 17 -17 -14 -6 22 21 -21 23 25 -25 -1 -24 -28 -22 -23
right_child=4 2 3 -5 11 6 -8 9 -10 10 -12 12 15 -15 -16 16 -18 -19 -20 20 28 29 26 24 -26 -27 27 -29 -30 -31
leaf_value=-0.0050691970826721982 -0.0040446955770065442 0.042558000744835206 -0.0068234468545054503 0.040567261818430116 0.070064541698547839 -0.0059547933382334073 0.041771804458088306 0.023785605708062527 0.042601122333158166 -0.033869893581106425 -0.012192953417461933 0.00020482240498339969 0.037272841908465866 0.045707231278761251 0.045114337375077522 -0.063041395968102321 0 -0.0021026390293703381 0.0088548641092845073 0.065957662349614296 -0.048696437651446878 0.017533283520859547 0.055383440510616194 0.028347320805039513 -0.032828887666967975 0.039317321527405573 -0.019140153893550831 0.02730730445912255 8.2198818846734926e-05 -0.012555976148350424
leaf_weight=5495.3560301871039 710.09788463520817 152.71320663001825 258.14330805282225 83.952214239652676 23.775257163550123 474.6030022595769 121.7004361520485 77.555106461515606 67.728895010965061 306.50111822131294 938.42049819359454 1684.6226489939727 56.988545855128905 131.31119236075756 56.163202090188861 90.782948941574432 211.5623661296122 4165.5415338713483 96.519604632310802 356.36269590078155 81.792803853404621 443.00427652614599 256.46686923525704 425.49834325983466 1333.9137992309843 680.82055904220761 216.28478102417284 307.52466243717208 9226.1029058216081 331.16734187021575
leaf_count=316267 6858 6512 2734 11626 239 8844 13891 1830 3690 7126 49210 12762 717 5524 628 664 13477 178289 2694 14495 3397 17459 7330 33141 64462 19873 10076 16984 427098 17464
internal_value=6.4232e-05 0.000964498 0.0170564 0.00476239 -0.00183776 -0.00645816 0.00378606 -0.00944471 5.8735e-05 -0.015134 -0.017772 5.29459e-05 -0.000401398 0.00514402 0.00187045 -0.00273419 -0.0192842 -0.00148991 0.0245426 0.000536104 0.00229819 0.0241901 -0.00155599 -0.00409407 -0.0179049 -0.000122592 0.0239148 0.0078266 -0.000355176 0.00445868
internal_weight=28863 19649.1 494.809 342.096 9213.87 2696.61 596.303 2100.3 777.827 1322.48 1244.92 6517.27 6396.97 1872.1 1740.79 4524.88 302.345 4222.53 120.295 19154.3 10438.4 1130.53 8715.87 7935.59 1759.41 6176.18 780.276 523.809 9307.9 774.172
internal_count=1275361 968918 20872 14360 306443 91449 22735 68714 10548 58166 56336 214994 212061 18914 13390 193147 14141 179006 2933 948046 479913 49418 468133 433743 97603 336140 34390 27060 430495 34923
is_linear=0
shrinkage=0.08


Tree=183
num_leaves=31
num_cat=0
split_feature=1 3 0 0 2 1 2 3 0 0 2 3 3 0 1 2 7 4 1 3 4 1 4 2 3 2 0 1 6 0
split_gain=8.48878 72.1927 37.5123 44.0857 23.7709 113.684 33.4988 32.9624 102.762 58.2304 56.9333 87.6558 55.7732 65.8686 24.8859 25.1195 24.4938 24.2941 29.9396 24.7344 23.8562 21.0004 18.7151 18.4927 16.9542 16.4597 15.3412 13.9781 13.7453 12.694
threshold=0.40212766826152807 0.56773442029953014 0.48683299124240881 0.30860807001590734 0.40838271379470831 0.52027395367622387 0.29818989336490637 0.57294833660125744 0.50944742560386669 0.4901809841394425 0.49752475321292883 0.7454303801059724 0.50333333015441906 0.45923791825771337 0.5604878067970277 0.50878274440765392 1.0000000180025095e-35 14.500000000000002 0.44092722237110143 0.59611794352531444 4.5000000000000009 0.60640108585357677 3.5000000000000004 0.30860807001590734 0.53907206654548656 0.40212766826152807 0.44562648236751562 0.71516755223274242 0.66028577089309703 0.5604878067970277
decision_type=2 2 2 2 2 2 2 2 2 2 2 2 2 2 2 2 2 2 2 2 2 2 2 2 2 2 2 2 2 2
left_child=1 2 3 -1 5 6 22 8 12 17 11 -11 13 -6 15 -10 -12 19 -19 -9 25 -14 -2 -3 -4 -7 -25 -16 -5 -28
right_child=4 23 24 28 7 20 -8 9 14 10 16 -13 21 -15 27 -17 -18 18 -20 -21 -22 -23 -24 26 -26 -27 29 -29 -30 -31
leaf_value=0.0034688321026441864 0.080160454136108367 0.0045977995875830643 0.072212763763449733 -0.039633908760096787 -0.0025824077524828409 0.05893267956203746 -0.067957641678634273 -0.002077145893835129 0.028942553815151588 -0.034136769342750679 -0.001147822139229693 0.017669110752107108 -0.028969175078440525 0.068867107163968447 -0.0088812107873827428 0.073869455650362167 0.033521806574762107 0.05571430070273474 -0.021249565462078873 0.047823677406913213 -0.001256100594483039 0.0096621285321192383 -0.030258672317635953 0.063430882906448119 0 -0.057964699309439024 0.0086624169758634482 0.051074024954238746 -0.011097248003149563 0.049499346122612489
leaf_weight=3240.3240864681684 12.344413643784721 131.17743114363839 60.192106588729075 122.72009294727104 264.74056813527568 94.743761846730195 206.86598419065558 73.778021290656397 194.0812231422824 761.84889389513046 20226.30786305252 279.25639346582466 425.36275626221686 112.27958599609701 84.573466714984534 173.30967084784788 126.01941232174431 38.991018829612585 116.94059395077056 276.76687668374689 108.83043932564942 104.08458701649943 15.876509479032391 134.01490959575312 36.432176249072654 3.0644129776992477 134.51988574967254 28.42081326958214 1127.5583820695756 87.374069625424454
leaf_count=68005 324 3660 1001 47175 18913 2906 18218 4862 5778 30676 906984 15824 27166 3114 3994 4260 29026 1550 11811 15221 13043 2560 1220 4482 780 147 4483 793 23490 3689
internal_value=-0.000169107 0.00279211 -0.000296809 -0.00141757 -0.000809556 -0.0190979 -0.0568097 -0.00045175 0.0114752 -0.0012168 -0.00186112 -0.0200699 -0.00424934 0.0188999 0.0412146 0.0512729 -0.000917111 0.0254386 0 0.0369897 0.0233782 -0.0210559 0.01802 0.0319151 0.0477231 0.0510729 0.041337 0.00636823 -0.0141724 0.0261842
internal_weight=28802.8 5074.31 4587.23 4490.6 23728.5 441.726 235.087 23286.8 1386.85 21899.9 21393.4 1041.11 906.467 377.02 480.385 367.391 20352.3 506.477 155.932 350.545 206.639 529.447 28.2209 487.086 96.6243 97.8082 355.909 112.994 1250.28 221.894
internal_count=1275155 156765 140451 138670 1118390 35858 19762 1082532 66578 1015954 982510 46500 51753 22027 14825 10038 936010 33444 13361 20083 16096 29726 1544 16314 1781 3053 12654 4787 70665 8172
is_linear=0
shrinkage=0.08


Tree=184
num_leaves=31
num_cat=0
split_feature=1 0 0 4 6 8 8 6 1 7 1 8 4 1 0 5 1 9 1 1 1 0 6 4 5 4 0 0 6 8
split_gain=6.91907 75.5516 33.9646 32.4602 32.2245 53.8683 44.8874 26.0461 22.1048 20.7873 19.9912 19.8774 19.4806 16.8055 50.0082 14.7737 13.2864 12.9902 12.4814 15.2303 11.9173 16.6336 9.27663 8.03983 5.9026 5.92011 5.36298 5.04208 4.3475 4.12779
threshold=0.50274726748466503 0.60107529163360607 0.43792808055877691 13.500000000000002 0.49629549682140356 0.75000000000000011 1.0000000180025095e-35 0.98031464219093334 0.26365442574024206 1.0000000180025095e-35 0.56691542267799389 1.0000000180025095e-35 13.500000000000002 0.51087471842765819 0.58102023601531994 0.97375309467315685 0.94360822439193737 1.0000000180025095e-35 0.82793453335762035 0.60640108585357677 0.32466214895248419 0.44170945882797247 0.37688747048377996 15.500000000000002 0.53073820471763622 1.0000000180025095e-35 0.29459981620311743 0.41421362757682806 0.51972952485084545 0.75000000000000011
decision_type=2 2 2 2 2 2 2 2 2 2 2 2 2 2 2 2 2 2 2 2 2 2 2 2 2 2 2 2 2 2
left_child=1 4 3 10 17 6 7 -6 -8 12 27 -12 13 14 -4 28 -15 -1 19 -14 26 -22 -3 -20 25 -24 -7 -2 -11 -5
right_child=2 22 9 29 5 20 8 -9 -10 15 11 -13 18 16 -16 -17 -18 -19 23 -21 21 -23 24 -25 -26 -27 -28 -29 -30 -31
leaf_value=-0.0040070285762096713 0.022533656318538677 0 -0.071882290397519311 -0.039119212767267028 -0.0012470697690002402 -5.6276985972611906e-05 0.010977587195162378 0.087640560361223835 0.051261681870885908 -0.0056823718153334243 0 0.080323986577889819 -0.0031963412815972808 -0.0019340809701350681 0.028018792364950577 -0.030211640536751058 0.0023841131883800362 -0.04464108312375769 -0.01512351044965613 -0.031803642620451378 -0.013312135262273329 0 0 0.0018436198438716853 0.034407018322819206 0.073425999892586788 0.0077731138669509528 -0.022928011193941653 0.041985999489811812 0
leaf_weight=95.487079578859266 34.871698378519795 31.889829880572506 70.245241545482713 27.40903389610321 473.02194416162092 2484.3689184923132 146.36729264989845 16.965236101299524 281.15831801692548 5.9451870982320534 20.973083958939242 94.907466190186824 217.66800549344953 12918.540735549654 49.35359814822732 17.128386046086234 7025.082866896093 133.40694382196307 263.43920733684354 304.01066368080319 1052.6067596981011 1347.7565442211198 3.8936595730338004 494.20742163377872 241.63243967502785 61.888220628228737 703.47026837036537 19.012728710753436 122.51977865781555 29.45441776921507
leaf_count=7320 2836 1797 3836 7981 15139 35520 1786 106 5115 197 2199 1867 12850 487771 1095 3998 410052 100533 10224 18303 39279 17054 202 23840 10997 2394 21043 1658 25199 2332
internal_value=3.75609e-05 0.00221485 -0.000664705 0.0297837 0.000321934 0.00139324 0.0193163 0.00236151 0.0381263 -0.00100013 0.0472418 0.0654226 -0.00121603 -0.000595994 -0.029903 0.0285757 -0.000404773 -0.028822 -0.0107751 -0.0203148 -0.00153553 -0.00580181 0.0387711 -0.00390665 0.042973 0.0675242 0.00163081 0.00319084 0.0384509 -0.0193563
internal_weight=28788.7 7073.91 21714.8 226.628 6734.61 6505.72 917.513 489.987 427.526 21488.1 169.765 115.881 21342.5 20063.2 119.599 145.593 19943.6 228.894 1279.33 521.679 5588.2 2400.36 339.304 757.647 307.414 65.7819 3187.84 53.8844 128.465 56.8635
internal_count=1274523 258285 1016238 18873 242895 135042 22146 15245 6901 997365 8560 4066 967971 902754 4931 29394 897823 107853 65217 31153 112896 56333 15390 34064 13593 2596 56563 4494 25396 10313
is_linear=0
shrinkage=0.08


Tree=185
num_leaves=31
num_cat=0
split_feature=2 0 3 4 0 4 3 0 0 0 6 5 2 3 4 4 0 0 2 2 0 0 0 5 6 5 6 3 5 3
split_gain=5.04973 48.5447 34.0034 78.1814 157.396 43.1027 39.2901 94.4913 41.1655 29.7347 24.5697 22.1255 24.4119 21.6944 36.8718 25.6686 21.1665 19.3659 59.6322 70.5325 116.25 101.344 19.2955 16.5465 23.9109 27.8225 19.1764 29.6362 25.4994 15.8103
threshold=0.84262126684188854 0.90366768836975109 0.92885261774063121 2.5000000000000004 0.94360822439193737 5.5000000000000009 0.94185259938240062 0.92907443642616283 0.90999102592468273 0.95024752616882335 0.97568368911743175 0.48662948608398443 0.80874970555305492 0.98887652158737194 4.5000000000000009 7.5000000000000009 0.92805382609367382 0.79187294840812694 0.65485891699790966 0.79205974936485302 0.84262126684188854 0.86706829071044933 0.81284341216087352 0.38266237080097204 0.43533413112163549 0.28653530776500707 0.80654072761535656 0.6789083480834962 0.60039526224136364 0.95861870050430309
decision_type=2 2 2 2 2 2 2 2 2 2 2 2 2 2 2 2 2 2 2 2 2 2 2 2 2 2 2 2 2 2
left_child=1 17 5 4 6 9 7 -4 -8 -2 13 -3 -13 14 -5 -15 -14 23 22 21 -21 -20 -19 24 25 -1 27 -25 -28 -6
right_child=2 11 3 10 29 -7 8 -9 -10 -11 -12 12 16 15 -16 -17 -18 18 19 20 -22 -23 -24 26 -26 -27 28 -29 -30 -31
leaf_value=0.0053747887388282383 0.018032200626506081 0.0069489100108048717 -0.062276804591437335 0.02863726701351434 0.017400874999116581 -0.013470745173664323 -0.035159551980423476 0.049696100140571929 -0.10018889597704994 -0.04264678466086682 0.042481495482920489 0.062039616589710599 -0.046750996582513665 -0.0034256095013547551 -0.0048422913234407207 0.020684059552033607 0.047174673705758091 -0.0040143618268455757 -0.053889335144870043 0.00059249728336018069 -0.078057909693506802 0.019700281117042483 0.038800940872308572 0.00013339977608781977 0.023589739676713167 -0.025654678723884376 0.011626421123814176 -0.012700171440695412 -0.00070429220106058195 -0.0047864982480865662
leaf_weight=1884.6252753702684 1612.3840837990592 202.12721872122347 137.46112828942933 512.52973176644809 249.43090180046784 379.84177049124992 129.57669647765942 67.042954975175235 158.43392688558924 47.274359687073229 108.41395075766559 145.02692946376919 26.878026441598195 1896.6931385917705 340.61050654945939 326.85902162350976 24.563017369167937 86.312422500690445 452.42641320533949 2050.2929932275438 122.53186919281143 155.534501064918 216.55649622208148 2578.8544590002093 403.13549101747049 199.09130950890903 1196.2324292564081 2040.9000450732965 9963.5700211501462 1057.1500478602666
leaf_count=41271 101288 7037 4608 25455 28925 7232 4120 3968 4837 6164 18148 19993 504 75653 9143 9929 2731 4072 14785 64084 3557 5693 14126 182182 18638 172854 22253 94178 165233 142640
internal_value=-7.49465e-05 -0.000682588 0.00178298 -0.00175169 -0.0150848 0.0104825 -0.0533807 -0.0244948 -0.0725773 0.0160848 0.00574113 0.0267873 0.0457239 0.00432776 0.015134 8.51376e-05 0 -0.00120908 -0.00706939 -0.0107923 -0.00393839 -0.0347948 0.0262126 -0.000209349 0.00583833 0.00227912 -0.00117414 -0.00550918 0.000607736 -0.000378672
internal_weight=28772.4 21748.7 7023.7 4984.2 1799.1 2039.5 492.515 204.504 288.011 1659.66 3185.11 398.595 196.468 3076.69 853.14 2223.55 51.441 21350.1 3083.65 2780.79 2172.82 607.961 302.869 18266.4 2486.85 2083.72 15779.6 4619.75 11159.8 1306.58
internal_count=1275301 833191 442110 327426 189098 114684 17533 8576 8957 107452 138328 30265 23228 120180 34598 85582 3235 802926 106317 88119 67641 20478 18198 696609 232763 214125 463846 276360 187486 171565
is_linear=0
shrinkage=0.08


Tree=186
num_leaves=31
num_cat=0
split_feature=6 5 8 5 3 3 1 1 3 0 3 0 1 1 0 0 2 1 0 1 3 0 0 1 2 2 2 2 5 3
split_gain=6.65603 60.1741 38.8893 34.3381 18.7359 15.3708 52.8658 52.4764 80.2574 40.2619 33.6955 31.7634 57.9504 25.7895 174.043 166.74 24.4321 21.0371 13.5668 22.9014 51.7108 31.9164 29.2538 44.9013 34.6507 14.2884 12.8207 11.6693 11.167 9.69401
threshold=0.42436611652374273 0.28653530776500707 0.75000000000000011 0.35647869110107427 0.78830561041831981 0.96693986654281627 0.93127068877220165 0.96684980392456066 0.98648402094841015 0.91331186890602123 0.98936051130294811 0.92232277989387523 0.96808147430419933 0.69614070653915416 0.6569296419620515 0.59611794352531444 0.81861472129821788 0.81530213356018078 0.78305691480636608 0.77849927544593822 0.84475743770599376 0.7243877947330476 0.63686314225196849 0.65895724296569835 0.54631218314170849 0.69614070653915416 0.50263157486915599 0.98425099253654491 0.45622551441192633 0.91331186890602123
decision_type=2 2 2 2 2 2 2 2 2 2 2 2 2 2 2 2 2 2 2 2 2 2 2 2 2 2 2 2 2 2
left_child=1 18 28 29 26 11 10 9 -9 -8 -7 13 16 14 -5 -15 -13 -12 19 22 21 -21 23 -1 -24 -22 -4 -14 -3 -2
right_child=3 2 4 5 -6 6 7 8 -10 -11 17 12 27 15 -16 -17 -18 -19 -20 20 25 -23 24 -25 -26 -27 -28 -29 -30 -31
leaf_value=-0.0095438984161694985 0.033234809168223176 -0.04824380499284539 -0.0110053253903228 -0.0026545393741396095 -0.021843794496719946 0.0068640738737742735 0.028832156519158551 0.053611596293414533 0.0012315576567005688 -0.082907554087046628 0 0.060774214998331591 -0.065882804168439724 0.033634361602652554 0.028891088964667171 -0.0086473460425844813 0.017131345706177165 0.097061588049349085 -0.0031697165816249756 0.059702024756469879 -0.010351331724297011 0 0.034611152434927649 0.045581495112971701 -0.029870404653181401 0.011778489024835746 0.051667763315763011 -0.0019881223499307451 0.018340023240012535 -0.00023158068345879466
leaf_weight=248.22752610308453 253.72368690633084 312.66111302208083 24.837165663804626 9584.9948283639951 91.924739675858291 79.466056129786011 22.758219949238992 194.11940216398398 3280.29539431802 72.235051909177855 15.000534430699188 103.10836758946789 50.205457298819965 646.38308191682154 1261.8275787318998 7016.4804112410293 470.29538443107958 74.055012938086293 3203.3962420972384 195.90619004888867 318.07175489304063 80.319756822122145 56.619728997655329 143.55279695877107 339.80291869126086 429.59508681406442 52.047184598224703 35.903483013595178 10.921005449450602 58.44859944225027
leaf_count=19351 12743 314768 9302 224428 2377 5195 613 20316 231410 4513 1031 15543 5534 16184 40303 212432 40434 3434 34697 2554 3240 1057 1074 3344 6242 4170 2302 24835 7371 4882
internal_value=-0.000171057 -0.00267392 -0.029215 0.000416209 0.00104672 4.72332e-05 0.00474315 0.0025957 0.00427691 -0.0544341 0.0479201 -0.000861109 0.016304 -0.00148559 0.00101209 -0.0050403 0.0257133 0.0805418 -9.90631e-06 0.00548126 0.0133854 0.0426615 -0.00460436 0.0105713 -0.0199457 0.00214524 0.0300318 -0.0425689 -0.0452648 0.0265595
internal_weight=28727.2 5507.88 492.391 23219.3 168.809 22907.1 3737.93 3569.41 3474.41 94.9933 168.522 19169.2 659.513 18509.7 10846.8 7662.86 573.404 89.0555 5015.49 1812.1 1023.89 276.226 788.203 391.78 396.423 747.667 76.8844 86.1089 323.582 312.172
internal_count=1275679 411849 336120 863830 13981 846205 266512 256852 251726 5126 9660 579693 86346 493347 264731 228616 55977 4465 75729 41032 11021 3611 30011 22695 7316 7410 11604 30369 322139 17625
is_linear=0
shrinkage=0.08


Tree=187
num_leaves=31
num_cat=0
split_feature=3 0 0 4 2 3 1 0 1 0 1 0 2 1 1 5 3 0 4 3 0 1 3 5 1 2 1 4 4 0
split_gain=8.02313 137.492 42.0321 44.6722 41.9601 100.552 128.917 146.294 83.028 80.3752 75.3064 91.8021 76.0003 286.234 47.6363 32.685 32.2549 103.747 50.5587 31.611 30.2955 51.8027 26.5597 26.1802 24.387 30.9739 26.3018 22.1639 21.9136 16.7577
threshold=0.57294833660125744 0.51191151142120372 0.46709956228733068 19.500000000000004 0.56992483139038097 0.7454303801059724 0.68870675563812267 0.63686314225196849 0.5604878067970277 0.59611794352531444 0.64326766133308422 0.56691542267799389 0.64630925655365001 0.73746865987777721 0.71010184288024913 1.0000000180025095e-35 0.50333333015441906 0.45923791825771337 13.500000000000002 0.8521554470062257 0.33534136414527899 0.55625879764556896 0.56773442029953014 0.32019416987895971 0.5604878067970277 0.51087471842765819 0.47856706380844122 6.5000000000000009 3.5000000000000004 0.40224719047546392
decision_type=2 2 2 2 2 2 2 2 2 2 2 2 2 2 2 2 2 2 2 2 2 2 2 2 2 2 2 2 2 2
left_child=1 16 3 -2 5 6 7 -4 23 -8 11 -6 13 -12 -14 -13 17 20 27 -10 -1 -22 29 -7 25 26 -3 -19 -28 -18
right_child=2 24 4 -5 10 8 9 -9 19 -11 12 15 14 -15 -16 -17 22 18 -20 -21 21 -23 -24 -25 -26 -27 28 -29 -30 -31
leaf_value=0.0024515541051969543 0.033748713258360138 0.046236303585484494 -0.032060409067852215 -0.014889296157177646 -0.062620095940199211 -0.010529178400953744 0.072575312132409989 0.023306217298617003 -0.021859937722993768 -0.028767950893166635 -0.073010279037938788 -0.019661401712659381 0.017467057508949006 0.0057883507104478094 -0.00062914751502198972 0.029286603900984615 0.00029258711029947346 0.051934576222427351 0.13317633759145278 0.013564734474988937 -0.017753846594055177 0.072225117006204556 0.016755337251165264 0.049043533769022318 0.006555702395482311 0.078296273997860238 -0.069595929846113999 -0.010067468363555465 0.019274259365598363 -0.026713900713220648
leaf_weight=3566.2064036077645 429.89339953447052 187.76304242111655 1945.5184206458089 158.78239416634096 75.714598903698061 48.051201047346694 149.40432088371199 354.95661582998582 348.93361496081707 68.114954314340139 426.92464699389166 87.723360461182892 987.71887945813796 918.96860125907551 14841.369060633733 1054.9843520942704 177.99132569593712 113.41195034442353 40.874737547143013 286.60291671040977 903.03521914849443 37.417362790192783 136.83041579723431 334.70574280174333 113.83629971797927 160.5708486445219 21.321929819241632 45.841661311547796 46.44906278876806 608.29581440755283
leaf_count=90918 24952 3711 88169 13062 5085 1637 4548 9449 17862 2755 19121 1210 35195 36933 712528 40733 8393 2995 605 14943 62426 977 6051 23023 4772 3699 1321 1487 2202 33861
internal_value=5.02372e-05 0.00261259 -0.000644009 0.0203453 -0.00121924 -0.00919504 -0.0177894 -0.0234161 0.0118835 0.0401879 0.000307557 0.0194912 -0.00104932 -0.0192663 0.000495091 0.0253203 -0.00104151 0.00161398 0.0572678 -0.00565378 -0.000882716 -0.0136416 -0.0146895 0.0411128 0.0413784 0.0503342 0.030984 0.0333498 -0.00934791 -0.020435
internal_weight=28678.2 6159.85 22518.4 588.676 21929.7 3536.29 2517.99 2300.48 1018.29 217.519 18393.4 1218.42 17175 1345.89 15829.1 1142.71 5629.9 4706.79 200.128 635.537 4506.66 940.453 923.118 382.757 529.941 416.105 255.534 159.254 67.771 786.287
internal_count=1274623 223418 1051205 38014 1013191 162386 104921 97618 57465 7303 850805 47028 803777 56054 747723 41943 207713 159408 5087 32805 154321 63403 48305 24660 15705 10933 7234 4482 3523 42254
is_linear=0
shrinkage=0.08


Tree=188
num_leaves=31
num_cat=0
split_feature=4 1 0 6 1 0 7 2 1 1 2 2 1 0 2 1 1 0 4 0 4 6 9 1 2 6 6 2 0 5
split_gain=4.87057 6.2944 13.2515 5.95129 5.11667 39.2416 23.026 22.8072 89.7355 65.3918 102.724 98.2144 41.8661 67.7825 63.3146 225.867 56.9599 27.8855 23.8986 26.4441 19.9103 15.3266 16.8324 12.2359 16.268 9.90839 13.0473 9.79521 8.12606 5.15251
threshold=21.500000000000004 0.37310734391212469 0.61633428931236278 0.90016075968742382 0.46247655153274542 0.50944742560386669 1.0000000180025095e-35 0.49752475321292883 0.65895724296569835 0.49151568114757543 0.40212766826152807 0.46247655153274542 0.5388936996459962 0.60107529163360607 0.54011154174804699 0.6832355558872224 0.62115561962127697 0.54085850715637218 12.500000000000002 0.53410854935646068 2.5000000000000004 0.61583185195922863 1.0000000180025095e-35 0.40212766826152807 0.40212766826152807 0.87727573513984691 0.56106334924697887 0.4327110648155213 0.32583418488502508 0.91400283575057995
decision_type=2 2 2 2 2 2 2 2 2 2 2 2 2 2 2 2 2 2 2 2 2 2 2 2 2 2 2 2 2 2
left_child=4 -2 -3 -4 5 6 21 8 9 11 -11 -6 13 17 15 -14 -16 -9 19 -10 -15 22 -1 -7 -25 26 -8 -23 -27 -20
right_child=1 2 3 -5 7 23 25 12 18 10 -12 -13 14 20 16 -17 -18 -19 29 -21 -22 27 -24 24 -26 28 -28 -29 -30 -31
leaf_value=0.003170880749651812 -0.0020352028375270116 -0.029108627138681186 0.045545478726011862 -0.0074751783965656109 -0.08107835856049718 0.037241100125222894 -0.055269614339088183 0.014633635001959589 0.075952308289059037 0.012000957467438669 -0.060516826021667545 0.011543960576258561 -0.082960976016238919 0.0031525037474316765 0.015179369200924997 0.020144779974409506 -0.00094715854102244454 -0.020806864455106155 -0.022187773066892343 0.018628890690138695 0.062100536240605096 0.0016357121320114366 -0.033181298619148591 -0.067685648394381431 0.015635310094227958 -0.01869540406995954 0.013688461816182365 0.018364836198489314 -0.059050547188002692 0.026246987897813087
leaf_weight=144.14089545671595 730.21409767868136 155.57326746781473 20.726897849019224 17.397154475533171 80.176750474427536 211.23260069456592 17.264426460300456 421.2588492337054 79.875058436366089 171.42800829179396 413.28061017563232 516.65348816895494 246.91732263843369 51.996545436246379 1514.9257062013785 288.23575411876664 17960.108078781373 206.62379693077673 60.692203808168415 172.08024640137228 208.23615702987445 3881.0921168535278 161.31571760512816 10.102291223694918 382.95835647884815 129.77487572445534 77.67209016950801 236.23569132667035 54.601312525861431 10.75880789093935
leaf_count=11213 14975 15676 732 1786 8221 6798 12319 20040 2557 11309 33027 22022 17760 3110 58897 12123 834572 6638 5881 6408 5687 61631 80466 478 12476 1013 2556 3201 620 877
internal_value=-3.09101e-05 -0.00573365 -0.018469 0.0195789 0.000154461 0.00239098 -5.03357e-05 -0.000368552 -0.00986687 -0.0201593 -0.0390629 -0.00120307 0.00030999 0.0172612 -0.000438489 -0.0274591 0.000302654 0.00264581 0.0269828 0.0385486 0.051207 0.00133275 -0.015737 0.0214944 0.0122686 -0.0221519 0 0.00265549 -0.0327346 -0.0115622
internal_weight=28633.5 923.911 193.697 38.1241 27709.6 5306.39 4702.1 22403.2 1504.95 1181.54 584.709 596.83 20898.3 888.115 20010.2 535.153 19475 627.883 323.406 251.955 260.233 4422.78 305.457 604.293 393.061 279.313 94.9365 4117.33 184.376 71.451
internal_count=1275069 33169 18194 2518 1241900 192771 173019 1049129 90302 74579 44336 30243 958827 35475 923352 29883 893469 26678 15723 8965 8797 156511 91679 19752 12954 16508 14875 64832 1633 6758
is_linear=0
shrinkage=0.08


Tree=189
num_leaves=31
num_cat=0
split_feature=1 8 7 2 1 1 4 3 2 4 3 4 7 1 2 2 1 2 1 8 8 2 5 4 1 5 2 1 5 2
split_gain=5.88587 21.4814 14.0913 12.9963 56.5534 27.215 37.7961 21.3023 18.3193 17.9387 15.5853 40.1208 31.3947 28.1534 31.7495 24.7402 42.7383 22.8883 27.084 11.0738 9.61717 9.66237 8.55689 7.77538 7.72226 7.33301 7.19775 25.5917 6.81547 6.69336
threshold=0.35767590999603277 0.75000000000000011 1.0000000180025095e-35 0.37952858209609991 0.52027395367622387 0.38165266811847692 3.5000000000000004 0.60136988759040844 0.29818989336490637 12.500000000000002 0.56070175766944896 13.500000000000002 1.0000000180025095e-35 0.39250700175762182 0.54011154174804699 0.4530817717313767 0.59675306081771862 0.44575163722038275 0.5174442231655122 1.0000000180025095e-35 1.0000000180025095e-35 0.31400561332702642 0.97375309467315685 1.0000000180025095e-35 0.44092722237110143 0.8611605465412141 0.34066730737686163 0.33534136414527899 0.35493414103984838 0.34525330364704138
decision_type=2 2 2 2 2 2 2 2 2 2 2 2 2 2 2 2 2 2 2 2 2 2 2 2 2 2 2 2 2 2
left_child=1 20 26 4 5 7 8 23 -7 25 11 15 13 -12 -15 16 -5 24 -19 -17 22 -22 -1 -2 -13 -6 27 -3 -23 -28
right_child=3 2 -4 10 9 6 -8 -9 -10 -11 12 17 -14 14 -16 19 -18 18 -20 -21 21 28 -24 -25 -26 -27 29 -29 -30 -31
leaf_value=0.0030765614232444545 0.028312032404434584 0.0018702589159590955 -0.017217715100025323 -0.013490626533335008 0.072112921475045652 0.069969805874380744 -0.081921593518281613 0.027529608981721725 -0.028757348404800345 -0.014477206779505552 0.045208706503133363 0.023856845990918807 0.034619549476888112 -0.0088451453255472268 0.00016383948390550807 -0.016362268650486005 0.098449647951272465 0.10226443573942659 0 0.017580433220745893 0.018573147897465187 0 0.065645184046335028 -0.02488454454049677 -0.033828875633338779 0.014803453931326867 0.036455656864670387 -0.056085856068198908 0.067601484482407298 0.0051141835537663761
leaf_weight=304.62717154167331 11.979067288439181 3179.8549472483646 258.21010738272889 563.89537310066407 54.298385762966063 14.030320649751955 92.595481718308292 64.072217717875901 26.148009679662209 26.433106963388127 79.597814672120876 99.412747015267087 156.05124122701091 2866.8647038396703 19285.322538061831 60.371545596768556 17.483276991100865 55.58549714243054 21.675362722833597 550.45374035474742 219.2216371071554 6.1539456280879667 10.273941256455144 262.54242344078193 10.769761195868339 33.62210195602529 66.593762332806364 44.427172342257109 49.15762389198062 157.87370361950161
leaf_count=16383 618 69398 13152 37055 3655 380 9619 2290 2039 5894 2800 4858 30380 145859 863180 16079 350 1928 1031 12146 3968 558 74 15914 1465 369 2493 2539 1655 6707
internal_value=0.000141802 0.0028739 0.000564506 -0.000334118 -0.0120563 -0.024508 -0.0548679 -0.0115119 0.006105 0.0368054 -3.6032e-05 0.00819335 -0.000552028 -0.000813831 -0.000996586 0.00256782 -0.00904072 0.0421458 0.0748011 0.0138602 0.0170016 0.0280149 0.00661219 -0.0215259 0.0156055 0.0538947 0.0019652 0.000936536 0.0581415 0.0157014
internal_weight=28649.6 4296.39 3706.96 24353.2 585.721 471.368 132.774 338.594 40.1783 114.354 23767.5 1379.65 22387.8 22231.8 22152.2 1192.2 581.379 187.443 77.2609 610.825 589.434 274.533 314.901 274.521 110.183 87.9205 3448.75 3224.28 55.3116 224.467
internal_count=1274836 116927 94289 1157909 40778 30860 12038 18822 2419 9918 1117131 74912 1042219 1011839 1009039 65630 37405 9282 2959 28225 22638 6181 16457 16532 6323 4024 81137 71937 2213 9200
is_linear=0
shrinkage=0.08


Tree=190
num_leaves=31
num_cat=0
split_feature=3 1 1 3 3 1 3 1 1 4 3 1 8 4 1 1 1 3 3 5 4 1 3 3 3 3 1 6 3 3
split_gain=8.95363 87.4408 137.927 162.274 63.2535 69.8379 59.1982 58.1764 124.591 91.7336 57.2725 128.638 59.3792 56.834 53.9531 53.3538 47.6736 144.584 41.0647 39.1841 38.0552 34.3408 30.6347 28.7606 22.8536 13.1122 12.6443 12.3796 11.895 11.797
threshold=0.77712419629096996 0.69614070653915416 0.79388421773910534 0.89943820238113414 0.82807883620262157 0.84273937344551098 0.7897985875606538 0.82426470518112194 0.71516755223274242 2.5000000000000004 0.71503761410713207 0.63702240586280834 0.75000000000000011 10.500000000000002 0.6832355558872224 0.77459675073623668 0.82793453335762035 0.91922956705093395 0.88493064045906078 0.54292181134223949 3.5000000000000004 0.92718276381492626 0.96580946445465099 0.65485891699790966 0.6789083480834962 0.71834936738014232 0.99565216898918163 0.44489428400993353 0.91922956705093395 0.79431909322738659
decision_type=2 2 2 2 2 2 2 2 2 2 2 2 2 2 2 2 2 2 2 2 2 2 2 2 2 2 2 2 2 2
left_child=7 19 3 6 5 -4 15 8 10 -9 14 25 -13 -10 24 -3 17 -6 -18 28 -8 27 -5 -16 -1 -12 -7 -11 -2 -21
right_child=1 2 4 22 16 26 20 9 13 21 11 12 -14 -15 23 -17 18 -19 -20 29 -22 -23 -24 -25 -26 -27 -28 -29 -30 -31
leaf_value=-0.0014919304429706047 0.013638706477603527 -0.030206539808084736 0.043190449641604504 0.035486453369248223 -0.051475977889232825 0.0097245339718094199 -0.032057126952836759 0.013346313655546633 0.025922095427923592 -0.013394925370731798 -0.049875178829122541 -0.011992541321331348 -0.067739423276403629 -0.036501416901852594 -0.00056147552332604436 0.056892561897603493 0.014166503549800374 0.038894018128883205 -0.00036528712234263163 0.012096624512760475 -0.069008962679386943 -0.0095945545798935758 -0.036179021476882116 0.042552137872760513 -0.016048821934309621 0.012122200447464565 -0.015078136422073698 -0.062439611433059233 -0.017614017632237227 0.044330383947833563
leaf_weight=8869.1489575212527 245.74501816475095 130.67134087621162 478.25538226084882 262.28827245003777 357.70390044842861 455.78152381622203 398.9515015360812 283.25547486107826 1352.6764531058361 50.026360321662651 17.204722640884938 204.16750062318897 343.59257488933508 93.880885142947591 145.97833910843292 62.269467012531095 1413.8975163978375 158.55627423508849 9983.9504081432387 109.75856989712338 389.51290589037308 154.99565062251713 38.240453043901653 261.21661938764373 748.33259360072771 454.08264094216429 176.57464347876794 308.01076899600594 105.60102713259403 443.2368723834079
leaf_count=335728 21529 6485 13645 12387 14865 14421 16320 16504 41354 4810 695 18345 4894 4975 4277 1753 58572 6697 534590 2130 20562 4108 2426 7821 33321 20702 10017 5270 5046 28191
internal_value=-0.000203908 0.00111485 -0.000402949 -0.0253974 0.00205361 0.0202715 -0.0411651 -0.00172556 -0.000371833 -0.0226252 -0.00327917 -0.0213118 -0.0475467 0.0216488 -0.00142042 -0.000560922 0.000334153 -0.0233073 0.00142876 0.0251725 -0.0508333 -0.0427317 0.0254009 0.0268885 -0.00264898 0.00902318 0.00248382 -0.0563065 0.003681 0.0383851
internal_weight=28497.6 15211 14306.7 1281.93 13024.7 1110.61 981.405 13286.6 12490.3 796.288 11043.7 1019.05 547.76 1446.56 10024.7 192.941 11914.1 516.26 11397.8 904.341 788.464 513.033 300.529 407.195 9617.48 471.287 632.356 358.037 351.346 552.995
internal_count=1272440 769636 712740 59933 652807 38083 45120 502804 472112 30692 425783 44636 23239 46329 381147 8238 614724 21562 593162 56896 36882 14188 14813 12098 369049 21397 24438 10080 26575 30321
is_linear=0
shrinkage=0.08


Tree=191
num_leaves=31
num_cat=0
split_feature=4 5 1 5 6 6 5 8 0 1 0 2 0 0 0 6 1 2 7 0 2 1 0 5 6 2 6 0 2 1
split_gain=6.76876 6.11114 18.0188 7.07831 15.1084 12.0411 29.2445 23.9263 22.4903 22.8537 17.8835 9.70802 42.6932 23.8055 6.95763 19.2996 6.9898 6.54154 6.49843 4.36082 3.33748 6.42361 5.78507 2.96924 2.71032 1.48453 1.46357 1.31838 4.11638 1.79941
threshold=35.500000000000007 0.99206298589706432 0.98076212406158458 0.86323359608650219 0.93306982517242443 0.97227710485458385 0.92935234308242809 0.75000000000000011 0.88036698102951061 0.47856706380844122 0.71010184288024913 0.73735308647155773 0.80925628542900097 0.84575733542442333 0.64899963140487682 0.97905021905899059 0.47856706380844122 0.95861870050430309 1.0000000180025095e-35 0.18350168317556384 0.70396453142166149 0.67962265014648449 0.90366768836975109 0.60039526224136364 0.99799197912216198 0.14415584504604342 0.94136744737625133 0.32049381732940679 0.61610352993011486 0.2237871661782265
decision_type=2 2 2 2 2 2 2 2 2 2 2 2 2 2 2 2 2 2 2 2 2 2 2 2 2 2 2 2 2 2
left_child=1 3 18 4 11 6 10 -8 9 -7 -5 13 -13 -1 16 -16 -6 -10 20 25 21 -3 -22 -21 -4 26 -2 29 -29 -20
right_child=19 2 24 5 14 8 7 -9 17 -11 -12 12 -14 -15 15 -17 -18 -19 27 23 22 -23 -24 -25 -26 -27 -28 28 -30 -31
leaf_value=-0.0021779170190384034 -0.039376137655190227 0.0064743114981866221 0 0.0010912678336714753 0.0079678155177437156 0.0031284262073241059 -0.0020718008514577467 0.012972827210924465 0.026418257975472956 -0.016994986451948142 -0.010125263604762999 0.011883399626300549 -0.0012984203924516682 0.020834152826656623 0.0079570379262782591 0.043419535546204389 -0.0052932252885598951 -0.023193288407540601 0 0 0.031178263619429176 -0.021840900594681769 -0.026606262722504721 -0.06569832200773576 0.064595082195720702 0.014656649234767219 0 0.016937124620214194 -0.046865165804081677 -0.045875607656347669
leaf_weight=9552.4472158018707 4.8948005507409125 628.09827457685606 3.0986917336667821 1656.0029303449373 701.61143608382372 514.48898012565769 1222.2246269890456 1464.4692286881054 140.45600494571772 1108.4162429443713 1950.395926923562 2155.1223740412297 5720.5575988084893 290.70561974540033 736.80245146774359 113.5138184560401 379.00816065420622 11.938730460475197 10.243921726651026 6.0744126914978578 64.739000063142157 48.967065722797997 6.2397921935553304 15.688817367248701 33.519945259140513 11.41447986602361 5.3916876041330397 14.763864012376873 4.4134961281815768 17.163810551865026
leaf_count=525988 85 8442 757 24278 6422 4942 12066 56774 14423 32246 89816 84335 272595 15952 46821 16176 8685 12683 77 879 6504 2172 3985 246 27611 151 74 315 852 145
internal_value=0.000263837 0.000320036 0.00706115 0.000110866 0.000935485 -0.00187693 -0.000207316 0.00607818 -0.0076883 -0.0105272 -0.00493612 0.000193009 0.00229364 -0.0014718 0.00764792 0.0131044 0.0031664 0.0209018 0.0041295 -0.0295734 0.00615565 0.00404681 0.0225759 -0.05125 0.0586948 0 -0.0197702 -0.022747 0 -0.0329237
internal_weight=28592.9 28549.4 831.248 27718.2 19649.8 8068.39 6293.09 2686.69 1775.3 1622.91 3606.4 17718.8 7875.68 9843.15 1930.94 850.316 1080.62 152.395 794.629 43.4642 748.044 677.065 70.9788 21.7632 36.6186 21.701 10.2865 46.5851 19.1774 27.4077
internal_count=1276497 1275062 50860 1224202 976974 247228 182934 68840 64294 37188 114094 898870 356930 541940 78104 62997 15107 27106 22492 1435 21103 10614 10489 1125 28368 310 159 1389 1167 222
is_linear=0
shrinkage=0.08


Tree=192
num_leaves=31
num_cat=0
split_feature=2 5 4 3 4 3 1 3 3 2 2 2 3 1 1 1 4 2 2 3 1 3 2 3 1 3 8 3 6 6
split_gain=6.58666 22.0873 8.43361 122.968 62.4271 40.6857 40.2992 78.1655 38.4278 34.2381 25.2794 58.2439 24.1613 58.3677 36.3154 88.0339 38.4068 36.6491 35.3899 27.8767 73.703 43.0032 25.0851 20.7701 15.2273 14.2536 11.3414 10.7879 7.74407 7.50344
threshold=0.98717737197875988 0.65678957104682933 1.5000000000000002 0.93127068877220165 1.0000000180025095e-35 0.98936051130294811 0.91331186890602123 0.91331186890602123 0.9634092152118684 0.88762626051902782 0.93957647681236278 0.84877073764801036 0.91458967328071605 0.86526826024055492 0.99565216898918163 0.93063354492187511 12.500000000000002 0.84877073764801036 0.69614070653915416 0.95180022716522228 0.91331186890602123 0.98887652158737194 0.93957647681236278 0.96449580788612377 0.54201978445053112 0.9689110815525056 0.75000000000000011 0.80810147523880016 0.83087757229805004 0.7888106405735017
decision_type=2 2 2 2 2 2 2 2 2 2 2 2 2 2 2 2 2 2 2 2 2 2 2 2 2 2 2 2 2 2
left_child=2 -2 3 6 10 8 7 9 -6 -1 11 -5 14 23 15 17 18 -4 -16 20 -15 -21 -17 24 -14 -12 -9 -8 -25 -7
right_child=1 -3 12 4 5 29 27 26 -10 -11 25 -13 13 19 16 22 -18 -19 -20 21 -22 -23 -24 28 -26 -27 -28 -29 -30 -31
leaf_value=0.0010385461238616551 0.0035212689275635253 0.055133575020357803 -0.0018062308391398614 0.021219615337698096 -0.047527428199481074 -0.01642615206029184 -0.0098600666287649436 -0.064386977204348064 -0.11673223826584639 0.037346905587765336 0.029632394167177282 -0.053467040927700812 -0.014352693687931723 -0.037836262468130821 0.053157024019134122 0.063423698681478194 0.032742391701957689 0.021484317754214263 -0.032770387696923253 0.018943069211762302 0.005109054259111262 0.0008984054678667355 -0.0049115655179360297 -0.019621778400156314 0.034055074499332205 -0.028487712850021579 0 0.033370914164948501 0.019575791187821618 0.033155102695404275
leaf_weight=2961.7906969277756 977.52261085768623 52.049004714237526 14282.761809138776 106.16840275039067 281.85200539632569 46.31196239489509 33.284446456862497 125.83295054799964 70.260506645641726 171.97108941500483 122.18824006883369 157.31923500246194 37.108718439238146 381.64237179130578 26.851811717424425 170.79926905927641 70.194602790372301 440.21605719727813 509.43027249349689 1039.1513129854775 738.39591831584767 4558.4736913534907 36.619361913508328 77.521873054327443 608.91207632656369 27.358846695555258 21.4499364173098 318.31110258647095 45.81149119726615 26.100388430531893
leaf_count=107824 58724 116172 546899 10414 12391 2069 2995 3240 3330 8331 10630 5583 4243 14066 627 6938 1500 17907 10615 52341 26456 187155 3786 4091 25117 2301 2056 20164 3079 3848
internal_value=0.000271748 0.00653898 3.00941e-05 -0.0031416 -0.0306959 -0.0521283 0.00320093 0.000374958 -0.0632256 0.00313833 -0.0079245 -0.0229425 0.00065339 0.00438949 -0.00113753 -0.000343908 -0.0202508 -0.00109192 -0.0277211 0.00196473 -0.00948506 0.00429072 0.0507744 0.0252054 0.0309398 0.0173867 -0.0555436 0.0287488 -0.00361988 0.000365297
internal_weight=28523.7 1029.57 27494.1 4470.2 837.56 424.525 3632.64 3281.04 352.113 3133.76 413.035 263.488 23023.9 7487.02 15536.9 14930.4 606.477 14723 536.282 6717.66 1120.04 5597.63 207.419 769.354 646.021 149.547 147.283 351.596 123.333 72.4124
internal_count=1274892 174896 1099996 195176 50566 21638 144610 121451 15721 116155 28928 15997 904820 316548 588272 575530 12742 564806 11242 280018 40522 239496 10724 36530 29360 12931 5296 23159 7170 5917
is_linear=0
shrinkage=0.08


Tree=193
num_leaves=31
num_cat=0
split_feature=2 1 3 4 3 2 6 1 1 3 1 3 1 3 2 6 4 2 3 4 4 4 5 3 1 1 3 2 3 6
split_gain=7.08937 34.0882 26.6942 32.2559 19.3809 21.8435 15.6477 11.5823 82.7498 65.8706 66.4391 107.234 92.023 61.583 59.8203 50.0002 44.6259 42.2344 41.8767 41.0447 80.9331 42.076 25.9188 25.1383 23.8399 16.2467 41.2505 12.2623 12.1082 12.0806
threshold=0.88762626051902782 0.91922956705093395 0.89699381589889537 1.5000000000000002 0.91715687513351452 0.89871358871459972 0.39688599109649664 0.94360822439193737 0.99565216898918163 0.98571136593818676 0.88493064045906078 0.94185259938240062 0.92031747102737438 0.93908473849296581 0.86222714185714733 0.64720091223716747 4.5000000000000009 0.72812235355377208 0.93063354492187511 10.500000000000002 8.5000000000000018 13.500000000000002 0.51732715964317333 0.95861870050430309 0.86706829071044933 0.9569842815399171 0.95861870050430309 0.87453705072402965 0.99473685026168834 0.60044842958450328
decision_type=2 2 2 2 2 2 2 2 2 2 2 2 2 2 2 2 2 2 2 2 2 2 2 2 2 2 2 2 2 2
left_child=7 2 -2 4 5 -4 -5 9 18 10 13 12 -12 14 -1 24 22 -13 -9 20 -18 -21 27 -15 -11 26 -20 -10 -24 -27
right_child=1 -3 3 6 -6 -7 -8 8 16 15 11 17 -14 23 -16 -17 19 -19 25 21 -22 -23 28 -25 -26 29 -28 -29 -30 -31
leaf_value=-0.0020194782827875398 0.040721301913002411 4.2128817424757779e-05 -0.063065844705108939 0 -0.040731300659679053 0.031118685239194439 0.045624114315307322 0.080668801914647426 0.015188130984606276 -0.028471091157850174 -0.019073355630313479 0.0094718865399147836 0.035024474733522055 0.036937238774242112 0.03240287162456678 0.096750765917516551 0.00048472476157548086 -0.068103470160467139 0.030802661940182687 0.019777767394910398 -0.032140574331640533 -0.0079970704304605528 0.069442731283997278 0 0.058068161754934906 0.011218255760837886 -0.069045813233868103 -0.023909494923696723 0.026716716920536086 0.065614984019022909
leaf_weight=17149.46888203637 243.655511306054 3849.3830389422792 14.666113506988038 66.963663282222115 98.494299450088874 67.009890510278638 122.11166844959735 110.40155700814285 140.62798872533313 48.382084424694767 819.58009576504628 47.287837269977899 260.19456108938175 381.55702071678752 323.9349627133488 71.352934533275402 1497.6430900855376 297.30810676063265 72.746730142800516 783.50125197119633 709.16686288447818 612.5322745758931 65.545401195391605 171.53094388145109 27.580727428445243 65.528528422233649 34.983235819934634 73.744464675721247 208.76840043439734 55.655259501549153
leaf_count=659102 12966 328705 521 1814 2887 3244 7550 4441 4880 2512 22880 2177 8472 18055 11783 3532 54552 8240 4839 23184 15296 32455 3175 10637 598 1702 1195 2668 12584 8603
internal_value=-3.67919e-05 0.00288372 0.0203269 0.00607742 -0.0173617 0.00969811 0.0291089 -0.000586287 0.00309403 -0.00142709 -0.00184493 -0.0184502 -0.00578849 -0.000519235 -0.00136309 0.050942 -3.6589e-05 -0.0570172 0.0407607 -0.00316228 -0.00997616 0.00749186 0.0224822 0.0256269 0.00261919 0.0195167 -0.00182621 0.000770728 0.038559 0.0390787
internal_weight=28491.3 4462.28 612.901 369.246 180.17 81.676 189.075 24029 4430.85 19598.2 19450.9 1424.37 1079.77 18026.5 17473.4 147.316 4091.53 344.596 339.315 3602.84 2206.81 1396.03 488.686 553.088 75.9628 228.914 107.73 214.372 274.314 121.184
internal_count=1275249 357687 28982 16016 6652 3765 9364 917562 169574 747988 741346 41769 31352 699577 670885 6642 148794 10417 20780 125487 69848 55639 23307 28692 3110 16339 6034 7548 15759 10305
is_linear=0
shrinkage=0.08


Tree=194
num_leaves=31
num_cat=0
split_feature=1 2 1 2 1 4 1 2 1 2 1 2 2 4 5 2 1 2 5 8 6 8 2 1 1 4 1 6 2 4
split_gain=10.5615 39.2399 158.194 69.4488 60.4627 51.0311 35.6391 49.2912 134.923 32.467 32.0283 55.629 33.4996 31.4698 29.9099 28.0129 93.8586 28.0429 25.9604 25.7839 24.0839 27.6386 22.3615 20.1584 16.0906 17.9221 13.4626 12.0253 11.6057 11.5263
threshold=0.50274726748466503 0.51087471842765819 0.62115561962127697 0.41533938050270086 0.51087471842765819 6.5000000000000009 0.54201978445053112 0.54011154174804699 0.6832355558872224 0.50263157486915599 0.65142410993576061 0.64630925655365001 0.57735043764114391 4.5000000000000009 1.0000000180025095e-35 0.4530817717313767 0.45393940806388861 0.32305502891540533 0.29519198834896093 0.75000000000000011 0.44854147732257849 1.0000000180025095e-35 0.50263157486915599 0.93710443377494823 0.65895724296569835 16.500000000000004 0.58380147814750682 0.49629549682140356 0.51668518781661998 4.5000000000000009
decision_type=2 2 2 2 2 2 2 2 2 2 2 2 2 2 2 2 2 2 2 2 2 2 2 2 2 2 2 2 2 2
left_child=15 2 3 13 22 9 29 8 18 23 12 -12 -9 -2 -6 16 19 -18 -8 20 -1 -22 -5 -4 -7 -26 -15 -17 -10 -3
right_child=1 6 5 4 14 24 7 10 28 -11 11 -13 -14 26 -16 27 17 -19 -20 -21 21 -23 -24 -25 25 -27 -28 -29 -30 -31
leaf_value=-0.029431344679163231 0.031061163369556694 0.0031346524564857732 0.043920998554390661 -0.092925081579436852 0 -0.063662096153150161 0 -0.0038681544712441365 0.045795639374596429 -0.069220280770257853 -0.015599360480554299 -0.00012230041167925367 0.017082515983725392 -0.057968554489419351 -0.094919147059944128 -0.014211355151757827 0.0075416076949189814 -0.078096754291590326 -0.097351761173809795 -0.00032144216721609049 0.0045018651642056064 0.034503110088653199 -0.0012655633850696857 -0.0616287317770121 0.011509201802881815 -0.036518784898344099 0.016239157756894381 0.017451694411374383 0.00045740004485289419 0.026546574889660876
leaf_weight=66.616646230682818 84.399270084943055 230.06972372303062 302.07851447774738 15.989348298171533 24.027631363365799 30.829344080277224 20.328472811812389 777.51925885848323 44.837879286453244 12.889701876585603 1638.8131653985874 15745.528895662246 1255.5145519801335 53.357699937243524 236.0936235488025 74.484080751357396 25.327436257262889 119.27898070079755 135.49094565533233 4982.6010251388798 447.97887801360775 368.96021857053711 112.14965055015273 6.5707492142209949 138.54921553353779 69.698280788581542 14.769042829295357 908.55461820057099 159.48438703674037 395.49440648862947
leaf_count=39051 3160 10263 9332 1370 1089 3899 1246 32650 1518 493 68114 747598 48215 6327 26187 26352 1435 14026 10091 136810 16622 7398 4274 475 8729 8750 1980 17172 7221 13676
internal_value=-0.000347311 -0.00123048 -0.0159079 -0.0466476 -0.0644219 0.0136118 -0.000426616 -0.00103096 -0.0301586 0.0343474 -0.000474858 -0.00159458 0.00900174 0 -0.0864355 0.00234433 0.000264966 -0.0622772 -0.0851249 0.00188567 0.014444 0.0183737 -0.016965 0.0402172 -0.0137527 -0.00429432 -0.0396829 0.0148309 0.0120274 0.018283
internal_weight=28498.3 21504.5 1101.4 540.786 388.26 560.616 20403.1 19777.5 360.142 321.539 19417.4 17384.3 2033.03 152.526 260.121 6993.8 6010.76 144.606 155.819 5866.16 883.556 816.939 128.139 308.649 239.077 208.247 68.1267 983.039 204.322 625.564
internal_count=1275523 1016657 76065 44387 32920 31678 940592 916653 20076 10300 896577 815712 80865 11467 27276 258866 215342 15461 11337 199881 63071 24020 5644 9807 21378 17479 8307 43524 8739 23939
is_linear=0
shrinkage=0.08


Tree=195
num_leaves=31
num_cat=0
split_feature=6 5 5 8 8 9 0 4 3 3 4 3 0 0 4 4 0 4 3 3 0 4 8 8 8 6 3 7 5 3
split_gain=7.56358 61.9808 40.8923 24.7708 16.8622 12.5051 11.8706 25.9194 32.8578 18.5 20.9471 11.23 43.7973 41.2478 40.2677 73.2667 29.1235 84.6577 25.0982 24.3948 16.4918 45.0968 18.767 13.0105 10.0351 9.55937 8.84605 6.86709 7.34745 6.75057
threshold=0.39688599109649664 0.28653530776500707 0.34843596816062933 0.75000000000000011 0.75000000000000011 1.0000000180025095e-35 0.64630925655365001 12.500000000000002 0.61451050639152538 0.7577352523803712 7.5000000000000009 0.96449580788612377 0.91331186890602123 0.9261208474636079 5.5000000000000009 6.5000000000000009 0.96449580788612377 2.5000000000000004 0.88493064045906078 0.94185259938240062 0.7897985875606538 6.5000000000000009 0.75000000000000011 1.0000000180025095e-35 1.0000000180025095e-35 0.76216787099838268 0.78830561041831981 1.0000000180025095e-35 0.31383949518203741 0.7577352523803712
decision_type=2 2 2 2 2 2 2 2 2 2 2 2 2 2 2 2 2 2 2 2 2 2 2 2 2 2 2 2 2 2
left_child=1 4 24 5 6 -3 7 8 -1 -8 -11 13 14 20 23 -16 17 -14 -15 -20 22 -22 -4 -13 -2 -18 -5 28 -26 -9
right_child=2 3 11 26 -6 -7 9 29 -10 10 -12 12 16 18 15 -17 25 -19 19 -21 21 -23 -24 -25 27 -27 -28 -29 -30 -31
leaf_value=-0.021608121189906498 0.0036329790969714493 -0.025367571664020719 0.0046831010297115599 0.021587824021922022 0.062523149632351213 -0.068837290603740706 -0.02613483873656516 -0.048296176945228413 0.031464966019497581 -0.0039728319323755054 0.010201841173569289 0.016509131534276449 -0.097546643555797882 -0.067410152284473612 -0.042350677641346549 0.0076545920832270528 0 -0.0090629365028349756 0.045219663895965552 0.0089083558357896196 -0.0014992386088860182 -0.024253768633875877 -0.0017046910720570796 0.039325475481359444 0.063013166046550953 0.031465504521192129 -0.022803077598598679 -0.020923510238378212 0.026260429844989538 -0.0064135527307340135
leaf_weight=87.307386985479752 80.546484439029882 99.673841870375327 4023.4420276378623 44.873181252434733 22.039548063999973 122.55870334578867 194.3152898017579 28.669656107436822 345.8526419412301 3328.3121644180501 826.47151478757587 659.66538203616983 76.103121564108733 13.975413883619693 202.80235666011868 1882.8426256111015 169.04989407808534 525.22559722957885 215.8463020678355 292.22703805186575 2825.9373907264071 695.44816342273407 10924.04836538444 239.89846342763485 77.814645040711184 85.789740647500366 60.289477901358623 5.3099781486889688 127.08219395636843 155.09186182269332
leaf_count=8027 14096 8196 144296 5747 497 260572 3306 4125 10340 38136 7966 8511 3009 1291 5279 79080 15810 31527 28593 44691 114840 11934 271095 41745 3580 97636 1714 1105 5728 2453
internal_value=4.19459e-05 -0.00267172 0.000673116 -0.0361265 -0.000409873 -0.0510319 -0.000783967 0.00950619 0.0202779 -0.00228962 -0.00110586 0.000283127 0.00422954 -0.000507611 0.00883346 0.00262603 -0.0115953 -0.0212372 0.021545 0.0249368 -0.00114528 -0.00606648 5.01253e-06 0.0229545 0.0302347 0.0105113 -0.00228887 0.0393632 0.042149 -0.0149017
internal_weight=28438.5 5315.46 23123.1 327.395 4988.06 222.233 4966.02 616.922 433.16 4349.1 4154.78 22832.3 3841.38 18990.9 2985.21 2085.64 856.168 601.329 522.049 508.073 18468.9 3521.39 14947.5 899.564 290.753 254.84 105.163 210.207 204.897 183.762
internal_count=1274925 351079 923846 276229 74850 268768 74353 24945 18367 49408 46102 899337 282597 616740 134615 84359 147982 34536 74575 73284 542165 126774 415391 50256 24509 113446 7461 10413 9308 6578
is_linear=0
shrinkage=0.08


Tree=196
num_leaves=31
num_cat=0
split_feature=4 1 0 2 1 2 4 0 5 1 0 2 0 1 0 8 8 5 4 5 5 4 4 0 2 2 5 5 0 0
split_gain=6.47474 8.57597 53.4077 32.3721 138.534 65.7013 37.8347 65.038 35.1959 32.8301 104.401 71.6281 234.627 56.5436 25.864 22.5809 31.5099 20.1428 18.1543 17.034 16.8951 16.0668 13.8638 22.2373 18.2514 9.49871 4.95395 4.48623 4.20455 3.95772
threshold=24.500000000000004 0.50274726748466503 0.58885449171066295 0.50878274440765392 0.60640108585357677 0.39152845740318304 6.5000000000000009 0.54641148447990429 0.26837453246116644 0.59317129850387584 0.63686314225196849 0.59299960732460033 0.58885449171066295 0.67017546296119701 0.50944742560386669 0.75000000000000011 1.0000000180025095e-35 0.30198507010936743 4.5000000000000009 1.0000000180025095e-35 0.97375309467315685 3.5000000000000004 12.500000000000002 0.44170945882797247 0.32305502891540533 0.41897973418235784 0.86810848116874706 0.35319472849369055 0.70051544904708873 0.25158227980136877
decision_type=2 2 2 2 2 2 2 2 2 2 2 2 2 2 2 2 2 2 2 2 2 2 2 2 2 2 2 2 2 2
left_child=1 2 15 4 5 21 7 -6 -7 10 14 12 -11 -13 -5 16 20 -18 26 -12 -1 -3 24 -24 -17 -8 28 -2 -4 -29
right_child=27 3 18 9 6 8 25 -9 -10 11 19 13 -14 -15 -16 22 17 -19 -20 -21 -22 -23 23 -25 -26 -27 -28 29 -30 -31
leaf_value=-0.0059703969742050935 0.025235762174929392 0.043074055810154083 -0.010778274349540913 -0.029558836392611556 0.077983159952508915 0.019765688781093284 0.010756262540151183 0.0031701874026961452 -0.073650888043708659 0.015393989923861682 -0.0091408616463743882 0.015687337644059714 -0.059352255823959921 -0.0013716238011695014 0.0036835699383386158 0.0012781934385343344 -0.014889305979515828 0.032914992687170359 0.044644501763307323 0.050540362018294503 0.065328024021465828 -0.019501771774883239 -4.1337646262164728e-05 0.02272865038089484 -0.010716350519509886 -0.024509263438772414 0.031046852163072767 -0.0051405937423587827 0.019638578113818108 -0.021356603267676754
leaf_weight=455.85263023139487 15.74080681655323 41.911877118564007 80.125253533646173 167.39373447699472 104.48548544331425 23.250277414652373 57.534854720168369 248.62235070540191 305.14426350876238 538.36507312827962 26.958173556253314 1341.0652989950213 523.64837327395799 16308.164755576421 1126.8142318630053 1542.305700549492 57.461601961142151 406.77424487498502 236.22436702285631 368.93112060741259 17.130481592845172 51.705482043087613 1688.393956752654 319.62753038643859 1659.217674945241 167.99393263716229 38.790410444678855 328.55269767585378 39.130665423188475 162.84243188561413
leaf_count=74322 3047 1537 2147 10956 2276 1776 6052 9074 27824 26058 273 50055 25596 770501 41941 40901 4111 15865 8609 15673 111 4903 36443 5116 53415 13574 2724 4896 3651 10583
internal_value=-0.000403232 -0.000233943 0.00229263 -0.00101396 -0.0150296 -0.0496688 0.0101686 0.0265341 -0.0663599 -0.000315167 0.0103356 -0.00128825 -0.0214167 -6.22709e-05 -0.000590084 0.000424198 0.011842 0.0265613 0.030651 0.0460139 -0.00239701 0.0076541 -0.00160862 0.00355105 -0.0048952 -0.0147804 0.00802664 -0.00932524 0 -0.0109977
internal_weight=28450.2 27943 6541.03 21402 1000.65 422.012 578.637 353.108 328.395 20401.3 1690.1 18711.2 1062.01 17649.2 1294.21 6146.76 937.219 464.236 394.271 395.889 472.983 93.6174 5209.54 2008.02 3201.52 225.529 158.046 507.136 119.256 491.395
internal_count=1274010 1255484 247415 1008069 67016 36040 30976 11350 29600 941053 68843 872210 51654 820556 52897 230284 94409 19976 17131 15946 74433 6440 135875 41559 94316 19626 8522 18526 5798 15479
is_linear=0
shrinkage=0.08


Tree=197
num_leaves=31
num_cat=0
split_feature=1 3 0 0 8 1 4 3 0 3 0 0 6 4 4 1 0 0 4 3 1 0 3 3 4 0 3 6 1 6
split_gain=5.90773 57.5129 79.7068 25.2209 25.49 23.7875 25.271 22.0797 57.4606 27.604 36.5918 28.1614 21.8967 20.5224 16.9488 16.755 182.173 143.596 128.66 92.3788 79.0349 183.031 84.5595 67.5977 47.9637 42.3839 23.2702 19.9449 17.9167 17.6462
threshold=0.50274726748466503 0.66274511814117443 0.58885449171066295 0.44562648236751562 1.0000000180025095e-35 0.56691542267799389 19.500000000000004 0.61633428931236278 0.51899951696395885 0.61451050639152538 0.51530769467353832 0.55625879764556896 0.46384282410144811 10.500000000000002 1.5000000000000002 0.73746865987777721 0.6911335587501527 0.65470632910728466 4.5000000000000009 0.73746865987777721 0.69614070653915416 0.58885449171066295 0.79431909322738659 0.68614074587821972 2.5000000000000004 0.73735308647155773 0.9569842815399171 1.0000000180025095e-35 0.79118219017982494 0.92872086167335521
decision_type=2 2 2 2 2 2 2 2 2 2 2 2 2 2 2 2 2 2 2 2 2 2 2 2 2 2 2 2 2 2
left_child=1 2 7 4 -2 -6 -7 9 13 11 -11 -1 -3 -9 -4 16 20 18 29 24 22 -22 -5 27 -18 -21 -25 -19 -20 -17
right_child=3 12 14 15 5 6 -8 8 -10 10 -12 -13 -14 -15 -16 17 19 23 28 25 21 -23 -24 26 -26 -27 -28 -29 -30 -31
leaf_value=-0.0023412868422488997 -0.029655509902426283 -0.013388361988379636 -0.020423248759239624 -0.01279156017950079 -0.001227142432924673 0.065596698693926175 -0.021206993587271385 0.046357351977281323 -0.067932948848624303 0.075557774701706007 -0.045938657461009592 0.036103918676802009 0.031558518198910035 -0.014256110512439475 0.061247749597521377 0.066896588855442279 -0.0029595735027340021 0.0063310404003656326 -0.015600537506205294 -0.014436405222019246 0.0102365776215227 -0.087041113774205828 0.031113374541444895 -0.004647582718152448 0.057993453674450308 0.021618538559796927 0.0018958258217229367 -0.070952037063888751 0.011904108726709203 0.029911855483764946
leaf_weight=5768.0361901439992 41.023951799339557 71.836838250579603 12.607171691059191 3379.979496175014 71.24377919518156 128.28508146539025 20.006689203328278 51.580946931098879 107.06114378419079 57.721535020336887 15.733427480685348 119.23754952208401 514.14422122234464 87.578441386229315 152.43161809830781 351.78804444667458 95.430236484295165 20.656955617712811 177.01685704924785 408.19401266588829 219.10372595802801 269.18927860494477 299.5908543364385 7858.360666008748 428.27228293038934 413.14267201540133 6191.512718958631 112.58944470404094 816.01609299705524 148.37151168754917
leaf_count=211123 13026 11671 302 148627 2709 3531 2360 2695 3285 1687 445 2209 18597 4252 2352 12886 3324 180 8784 16954 7759 11588 16678 325190 12235 24234 363920 4293 30513 7717
internal_value=-0.000184464 0.00183308 -0.000356126 -0.000846656 0.0236268 0.0347347 0.0525321 -0.00185992 -0.0251154 -0.000852241 0.0462257 -0.00150551 0.025711 0.00792966 0.0536509 -0.00116065 -0.00495291 0.000163924 0.0237282 0.0205508 -0.0132365 -0.0434056 -0.00913602 -0.00231312 0.0466609 0.00352713 -0.00175299 -0.058018 0.00678725 0.0566465
internal_weight=28407.7 6957.97 6371.99 21449.8 260.56 219.536 148.292 6206.95 246.221 5960.73 73.455 5887.27 585.981 139.159 165.039 21189.2 5512.9 15676.3 1493.19 1345.04 4167.86 488.293 3679.57 14183.1 523.703 821.337 14049.9 133.246 993.033 500.16
internal_count=1275126 258618 228350 1016508 21626 8600 5891 225696 10232 215464 2132 213332 30268 6947 2654 994882 241399 753483 59900 56747 184652 19347 165305 693583 15559 41188 689110 4473 39297 20603
is_linear=0
shrinkage=0.08


Tree=198
num_leaves=31
num_cat=0
split_feature=3 0 0 0 3 1 3 0 3 0 5 2 2 3 0 3 0 3 2 3 1 3 1 0 1 3 0 0 1 0
split_gain=6.34389 109.516 55.0673 36.3641 177.549 127.583 41.6846 37.7991 34.2346 61.274 29.55 28.1906 27.8295 27.6037 48.8382 51.0979 42.6504 53.6501 27.238 96.7684 57.8957 27.221 22.0069 21.9197 29.7652 25.8925 21.1047 18.1938 18.1912 16.6534
threshold=0.57294833660125744 0.49253065884113317 0.4901809841394425 0.55625879764556896 0.66274511814117443 0.65895724296569835 0.62593284249305736 0.6776927411556245 0.53410854935646068 0.52689418196678173 0.61024904251098644 0.33520600199699407 0.55351883172988903 0.50333333015441906 0.44170945882797247 0.46709956228733068 0.44562648236751562 0.54201978445053112 0.59611794352531444 0.77303028106689464 0.67017546296119701 0.58102023601531994 0.58380147814750682 0.33534136414527899 0.5388936996459962 0.42740046977996832 0.60107529163360607 0.35111427307128912 0.57294833660125744 0.47559523582458502
decision_type=2 2 2 2 2 2 2 2 2 2 2 2 2 2 2 2 2 2 2 2 2 2 2 2 2 2 2 2 2 2
left_child=1 13 21 4 5 11 7 10 28 -10 -5 -4 -7 14 23 -16 17 22 19 -8 -20 -2 -15 25 -25 -1 -11 -23 -3 -17
right_child=2 8 3 6 -6 12 18 -9 9 26 -12 -13 -14 16 15 29 -18 -19 20 -21 -22 27 -24 24 -26 -27 -28 -29 -30 -31
leaf_value=-0.0019539585143030728 -0.042995316074709758 0.066312308313918239 0.027052341727487043 0.042960345066311814 0.017975417360250916 0.072981940020075811 -0.021313036174333683 -0.061140161041460035 -0.015343149150440874 0.047981329804868793 0.009262965571362804 -0.059351329591878131 0 -0.03660953000929263 0.08765369769003882 -0.0046236576052444715 -0.035832865726424107 0.030531537477962809 0.018248988729233064 0.012352887026404327 -0.0011661671518978164 -0.0070102853143595746 0.03903284098334852 -0.016780570391017536 0.051987908668781294 0.014778305522233895 -0.019298071730658419 0.0275884716044957 -0.0079601824899522451 0.042912249458430703
leaf_weight=2798.422563271175 36.06825693979772 192.11517871282558 19.87862155908806 265.21407664188519 600.98456302203249 50.638997391939483 1506.8532033769297 31.461312088671548 189.28595823096475 284.12620325543139 488.27891027585065 580.45763927630378 80.260191071074587 179.86216241813963 75.139131812953565 135.19995624042349 349.22312448317098 205.47348868701192 1042.5798547855993 845.2763771142636 15929.31929817612 102.63770331480919 22.243221266946421 759.73070853220634 36.734075006856074 742.53795526352042 26.992560308382963 697.39260721120445 18.286860386735498 63.256027063052898
leaf_count=75241 2711 5438 789 13862 33905 1459 54600 1125 8175 7746 5510 31856 2586 11714 1760 4965 20211 9448 40809 50001 760890 5863 616 57879 1185 15639 1115 46177 810 1563
internal_value=0.000211918 0.00250523 -0.000407081 -0.00120153 -0.0139791 -0.0404028 -0.000343798 0.0176573 0.0319082 0.0196957 0.0215397 -0.0560262 0.0294973 -0.0013846 0.000912452 0.0334007 -0.0155041 0.00174934 -0.00108767 -0.00914622 2.21002e-05 0.0196619 -0.0267706 -0.00113609 -0.0131047 0.00152556 0.0414251 0.022935 0.0590793 0.0104238
internal_weight=28355.9 6078.63 22277.3 21441.2 1332.22 731.235 20109 784.954 710.807 500.405 753.493 600.336 130.899 5367.82 4611.02 273.595 756.802 407.579 19324 2352.13 16971.9 836.099 202.105 4337.43 796.465 3540.96 311.119 800.03 210.402 198.456
internal_count=1275648 223505 1052143 997392 70595 36690 926797 20497 23284 17036 19372 32645 4045 200221 158232 8288 41989 21778 906300 104601 801699 54751 12330 149944 59064 90880 8861 52040 6248 6528
is_linear=0
shrinkage=0.08


Tree=199
num_leaves=31
num_cat=0
split_feature=4 3 2 3 2 3 3 4 5 3 2 6 6 5 4 5 4 3 3 3 6 2 2 2 3 3 2 2 3 2
split_gain=4.96434 19.3886 38.3796 14.4865 13.1405 12.3021 16.8865 11.1012 10.9834 9.73099 8.92599 7.65944 7.41617 9.68899 6.95747 6.50718 6.25343 10.1057 30.6475 28.2028 18.2041 14.8233 10.9584 9.40599 31.2412 7.70993 6.95863 6.64905 54.5752 27.8837
threshold=16.500000000000004 0.54653680324554454 0.41533938050270086 0.78319624066352855 0.4403389841318131 0.60640108585357677 0.61633428931236278 18.500000000000004 0.41277122497558599 0.99473685026168834 0.55036231875419628 0.9492306411266328 0.93359273672103893 0.61024904251098644 21.500000000000004 0.79750719666481029 12.500000000000002 0.7454303801059724 0.99473685026168834 0.61633428931236278 0.78446456789970409 0.41533938050270086 0.7729182541370393 0.44575163722038275 0.56070175766944896 0.64747309684753429 0.55351883172988903 0.64630925655365001 0.72821971774101268 0.77836257219314586
decision_type=2 2 2 2 2 2 2 2 2 2 2 2 2 2 2 2 2 2 2 2 2 2 2 2 2 2 2 2 2 2
left_child=16 2 8 4 5 -3 -7 -5 -2 10 -9 15 13 -10 -4 -6 27 19 20 23 26 25 -20 -18 -25 -21 -19 -1 29 -29
right_child=1 3 14 7 11 6 -8 9 12 -11 -12 -13 -14 -15 -16 -17 17 18 22 21 -22 -23 -24 24 -26 -27 -28 28 -30 -31
leaf_value=-0.0018321474515332972 0.034008112411352945 -0.030486629710208865 0.078491572202850579 -0.020243055321500378 -0.035582021672892095 0.062815669653568149 -0.0065045170322385517 0 0.0059665617787204393 -0.0077136328455916139 0.039384759465858031 -0.065900743798973815 0.0048471580165343102 -0.012864602030930001 0 0 0.0025679465650313934 0.026144791961867048 0 -0.021139852166954288 0.035302151722135987 -0.029651950246082342 -0.036980358380982611 0.064257136983880053 -0.0054087810697471981 0.035220731767343638 -0.0039543331916435014 0.021201773860352557 -0.00058205356340030538 -0.0085974101617255164
leaf_weight=8714.4618167982353 51.270753448367032 100.28446687438736 42.910787877372059 130.90482763960608 107.61436557903562 21.806337206344324 123.60922137751095 57.277771485842095 236.8423377002764 118.40993966102542 77.644356333006726 52.524924222612754 559.32108862418681 557.7539669983671 4.2444412084550995 41.291718279477209 872.81103347044336 62.766139752922754 407.11475148992031 17.193281095314887 320.71804161429463 252.29274352283028 53.25830194093578 65.094332611086429 89.287037818190583 35.94671086625749 155.20921426449058 1149.572298264191 13631.559331360868 231.98192803190068
leaf_count=380265 5470 4467 1477 8329 11297 874 9127 4728 12827 9694 2610 416 4133 7954 382 281 26371 5628 17658 955 8574 12461 3557 2489 3711 1871 8517 33959 674734 10807
internal_value=0 -0.00357249 0.00191305 -0.0133008 -0.0230348 -0.00942342 0.00456946 -0.00141213 -0.000473428 0.00790252 0.0225369 -0.038232 -0.00201726 -0.00704936 0.0693238 -0.0256088 0.000313497 0.00426332 0.010328 -0.000185378 0.0232424 -0.0214418 -0.00452697 0.00605338 0.024056 0.0139837 0.00438708 -6.8724e-05 0.000944482 0.0160697
internal_weight=28343 2283.71 1452.34 831.368 447.131 245.7 145.416 384.237 1405.19 253.332 134.922 201.431 1353.92 794.596 47.1552 148.906 26059.3 2331.69 999.066 1332.63 538.693 305.433 460.373 1027.19 154.381 53.14 217.975 23727.6 15013.1 1381.55
internal_count=1275623 84066 32243 51823 26462 14468 10001 25361 30384 17032 7338 11994 24914 20781 1859 11578 1191557 91792 43934 47858 22719 15287 21215 32571 6200 2826 14145 1099765 719500 44766
is_linear=0
shrinkage=0.08


Tree=200
num_leaves=31
num_cat=0
split_feature=3 3 3 3 3 3 1 1 9 3 3 3 3 1 3 3 3 4 3 3 1 1 6 6 6 6 4 4 2 1
split_gain=8.49677 19.7056 19.4744 25.1494 56.1645 14.5705 11.3675 15.6209 13.8351 8.48742 15.0791 10.6736 26.4569 9.48202 7.5311 50.4867 6.72436 6.31898 6.09516 5.84286 4.87014 6.74616 3.74811 5.17799 3.81802 3.32875 2.93263 2.69958 2.45896 2.35
threshold=0.28869047760963445 0.27842378616333013 0.35767590999603277 0.37590579688549047 0.39718310534954077 0.35388994216918951 0.16807910054922107 0.35355392098426824 1.0000000180025095e-35 0.33060109615325933 0.32071428000926977 0.33589744567871099 0.34549072384834295 0.18808962404727939 0.37089946866035467 0.36515152454376226 0.25265957415103918 17.500000000000004 0.30368906259536749 0.38165266811847692 0.34960317611694341 0.24068965017795566 0.72982835769653331 0.86978259682655346 0.90632697939872753 0.5867464840412141 20.500000000000004 8.5000000000000018 0.14415584504604342 0.25143678486347204
decision_type=2 2 2 2 2 2 2 2 2 2 2 2 2 2 2 2 2 2 2 2 2 2 2 2 2 2 2 2 2 2
left_child=1 16 5 14 19 9 8 -8 -6 10 18 13 -13 -11 15 -4 22 28 -2 29 21 -16 -1 -24 -25 -3 -19 -27 -18 -5
right_child=2 25 3 4 6 -7 7 -9 -10 11 -12 12 -14 -15 20 -17 17 26 -20 -21 -22 -23 23 24 -26 27 -28 -29 -30 -31
leaf_value=-0.0096541013989097941 -0.02658357663945855 -0.0042103644224949143 0.023439597590071536 -0.040781583177046041 -0.049324938977944245 -0.053795654397341186 0.0077918798072469618 -3.3044259141399295e-05 0 -0.012908380589317568 -0.071536965307690589 -0.073749893726621579 0 0.014076954573813156 0.015016257651865152 -0.064408428004662371 0.0060140737470314523 0.041792435193875356 -0.0037068214501666608 -0.058785755695036079 -0.01429588798786546 0.045359111588393092 0.02610355101795675 -0.019289565568312243 0.0082067899948858429 0.013724841319523971 0 0.038285964821384799 -0.023058692551983246 -0.0052282984727337282
leaf_weight=60.812988822493935 121.78810831379451 9.3162232104514242 231.4451472360397 23.621500523473514 60.149279233446578 45.111833579208906 1743.5766416606493 24078.702374056935 70.763717466681555 111.45709471619921 26.97220811977968 36.877709946526011 134.83979476970853 261.60887902868853 128.27754390996415 45.460737751107445 9.8359515266492945 11.761440359958216 236.58476832417728 99.03897131658232 8.8234600536488852 111.11138401776407 89.727953238412738 34.214358215685934 151.84262838657014 77.521476254798472 13.122468458255751 134.68208092032 133.98315869611542 46.342278077678202
leaf_count=2024 3069 1126 6024 408 1206 2633 52268 1153560 772 1172 1788 2808 5568 6884 1491 3386 93 138 6155 8958 967 3271 626 208 983 778 164 1134 2420 3411
internal_value=0.000227692 0.00873588 0 0.000409575 5.33395e-05 -0.0110719 0.000363095 0.000490523 -0.0226879 -0.00855213 -0.017608 -0.0017537 -0.0181868 0.00552752 0.0176612 0.0075631 0 -0.0128679 -0.0121803 -0.0452388 0.0279229 0.0303943 0.00646408 0.0106967 0.0019405 0.0283427 0.0187507 0.0305725 -0.01986 -0.0212858
internal_weight=28349.4 726.821 27622.6 26647.3 26122.2 975.24 25953.2 25822.3 130.913 930.129 385.345 544.783 171.718 373.066 525.118 276.906 505.301 168.703 358.373 169.003 248.212 239.389 336.598 275.785 186.057 221.52 24.8839 212.204 143.819 69.9638
internal_count=1275493 9694 1265799 1235722 1220583 30077 1207806 1205828 1978 27444 11012 16432 8376 8056 15139 9410 6656 2815 9224 12777 5729 4762 3841 1817 1191 3038 302 1912 2513 3819
is_linear=0
shrinkage=0.08


Tree=201
num_leaves=31
num_cat=0
split_feature=2 0 2 6 1 6 5 3 3 0 5 2 2 3 5 1 5 3 0 3 5 1 6 5 5 2 2 3 0 7
split_gain=6.41182 22.1806 10.5901 19.4486 22.6478 8.62631 8.44053 6.86012 6.4322 6.22758 15.6689 7.71284 5.93948 5.93779 5.54711 7.71402 6.27084 4.99988 6.77909 4.71456 4.61954 17.5311 8.71417 27.7209 14.0065 7.79451 4.23717 4.15553 4.03007 3.79026
threshold=0.97467949986457836 0.88762626051902782 0.9547502100467683 0.80101522803306591 0.9689110815525056 0.34762196242809301 0.48662948608398443 0.9689110815525056 0.93582704663276683 0.95861870050430309 0.53470641374588024 0.90521115064620983 0.74443343281745922 0.81120249629020702 0.65678957104682933 0.98912915587425243 0.37527292966842657 0.93908473849296581 0.99565216898918163 0.98058068752288829 0.99206298589706432 0.84889996051788341 0.97064974904060375 0.81835731863975536 0.95872029662132274 0.89377820491790783 0.6911335587501527 0.96449580788612377 0.9569842815399171 1.0000000180025095e-35
decision_type=2 2 2 2 2 2 2 2 2 2 2 2 2 2 2 2 2 2 2 2 2 2 2 2 2 2 2 2 2 2
left_child=2 5 9 19 7 -2 -6 8 -5 20 12 -12 26 -8 16 -16 17 -3 -19 28 22 29 24 -24 -1 -23 -11 -14 -4 -22
right_child=1 14 3 4 6 -7 13 -9 -10 10 11 -13 27 -15 15 -17 -18 18 -20 -21 21 25 23 -25 -26 -27 -28 -29 -30 -31
leaf_value=-0.0002513874061805079 0.0069810011581004031 -0.0204992105218667 -0.0093022908004104943 -0.030614056716189345 1.9189174789296547e-05 0.062522377060310177 0 -0.063377774769590611 0.02231048549647445 0.0010519022398011719 0.066869870655216643 -0.018269493469065239 -0.0090454052689631498 -0.11952892867120268 -0.0027696310236826885 0.045948958048133336 -0.012555282960813255 0.018144046461830987 0.00063506465549792261 -0.027434280958979883 0.0034693115886778544 0.054819584537644572 0.012590499408306288 -0.0087675394399502737 0.01082715947832575 -0.00544664473644468 -0.048940555860816935 0.031018275249768103 0.019765514251150664 -0.019754043223068309
leaf_weight=22769.266886993752 38.095450858382719 43.45629430696863 37.022251093643717 19.629072301875567 1.7751164868750517 53.550136171340455 1.1792263783063415 8.3405594950090727 31.329296951182187 9.0170197331335675 36.60028025684187 2.6518457009515251 19.907330847963749 24.461655222490663 28.595580333494581 37.542426413610883 179.41286990746084 195.94043768152187 551.59433737431391 23.195843165842234 700.81511639605742 56.85563073782032 467.33784246067444 2100.5551619755061 749.29124517010132 10.653119788948969 18.701526307919266 29.452949588936463 74.78263952373527 41.776987418998033
leaf_count=929132 1258 1211 1911 3675 173 30933 227 959 6235 404 8585 130 646 4404 5780 93853 32625 4647 14970 1263 13086 20509 17329 56219 13685 5996 760 1035 3284 722
internal_value=-1.02826e-06 0.00588954 -0.000251954 -0.0174742 -0.0459488 0.042646 -0.100729 -0.0122703 0 -0.000101468 0.0179687 0.0560879 -0.00172818 -0.11179 0.00229699 0.0239216 0.000544056 0.00377646 0.00552711 0.000660775 -0.000188896 0.00572972 -0.000379891 -0.00480143 9.6995e-05 0.0433829 -0.030112 0.0125712 0.00878424 0.0018254
internal_weight=28362.8 1128.19 27234.6 221.716 86.7149 91.6456 27.416 59.2989 50.9584 27012.9 116.331 39.2521 77.0788 25.6409 1036.54 66.138 970.404 790.991 747.535 135.001 26896.6 810.101 26086.5 2567.89 23518.6 67.5088 27.7185 49.3603 111.805 742.592
internal_count=1275646 185277 1090369 22131 15673 32191 4804 10869 9910 1068238 11560 8715 2845 4631 153086 99633 53453 20828 19617 6458 1056678 40313 1016365 73548 942817 26505 1164 1681 5195 13808
is_linear=0
shrinkage=0.08


Tree=202
num_leaves=31
num_cat=0
split_feature=9 4 0 1 6 1 0 2 0 2 1 1 1 4 0 0 6 6 2 5 6 2 8 1 4 0 1 1 4 6
split_gain=6.6394 9.13542 8.94423 27.3255 15.852 19.0079 12.3711 10.2385 7.42719 10.8605 6.52618 5.98967 16.763 28.6337 19.7016 18.1411 16.4151 14.6274 13.9031 12.0881 10.0146 8.23153 5.71093 5.64225 5.31189 11.9312 51.0363 59.614 45.8162 23.0247
threshold=1.0000000180025095e-35 2.5000000000000004 0.62258651852607738 0.61257407069206249 0.71126025915145885 0.79388421773910534 0.76845377683639537 0.54011154174804699 0.58380147814750682 0.58885449171066295 0.7320508360862733 0.87007671594619762 0.63224515318870556 6.5000000000000009 0.61257407069206249 0.58102023601531994 0.67806351184844982 0.68500718474388134 0.63211598992347728 1.0000000180025095e-35 0.48579499125480657 0.71819767355918895 1.0000000180025095e-35 0.34525330364704138 8.5000000000000018 0.82793453335762035 0.99565216898918163 0.89699381589889537 10.500000000000002 0.6079215705394746
decision_type=2 2 2 2 2 2 2 2 2 2 2 2 2 2 2 2 2 2 2 2 2 2 2 2 2 2 2 2 2 2
left_child=1 2 3 8 5 7 -7 -4 23 -10 -6 12 14 15 17 -14 20 -3 -15 -16 22 -22 -13 -1 -2 -26 27 -27 29 -28
right_child=24 11 4 -5 10 6 -8 -9 9 -11 -12 16 13 18 19 -17 -18 -19 -20 -21 21 -23 -24 -25 25 26 28 -29 -30 -31
leaf_value=-0.0018766649740000292 0.00020916800342920188 0.012709563046304405 0.016889226506884097 0.053344017804097893 0.0056369321772493557 0.045993234039166428 0 -0.039038148354371485 -0.061145835414445467 0.024233317675953391 0.057419517616865007 0.034315445035207726 0.043351272662228053 -0.056097972675721142 -0.036979886252781528 -0.0070270900285788482 0.056536223008340609 -0.0029918925425804323 -0.012267797133955004 0.03906940129650599 0.019038007307108959 -0.043638700881914655 0.0035276138978359724 0.018480759956665486 -0.0015373435771184822 -0.047057838492845727 0.029327155080619116 0.066342550377265899 0.013612164461557679 -0.061225543332703143
leaf_weight=125.33701009099696 17218.281129697949 481.86390147221391 18.323321469564689 102.70236312029556 38.949407699506992 39.044736376021319 285.79633031701451 107.66737962151819 18.611727442475971 9.127717125695197 37.179732033408982 48.106671316782013 52.397066649980843 105.66880257171579 8.8313618768006545 211.15533307140504 39.112378495683515 1708.6877115703246 105.60522754649719 123.94133244771729 11.623230318786225 40.087244439273491 207.70602798904292 204.49793918931391 6528.9006686308421 39.705609511976945 14.344830065980203 79.856611151022662 85.76519009895128 193.44945310940966
leaf_count=2077 659948 16975 455 6365 9435 2421 19690 2308 308 215 127477 2030 1834 2772 99 19379 99147 18440 7656 10077 600 4874 6513 3337 244802 855 1190 1268 1239 1673
internal_value=-2.30543e-05 0.0029324 0.00963968 0.0177764 0.00213152 -0.00336921 0.00651411 -0.0293487 0.00652469 -0.0287542 0.0348787 0.000764035 -0.000417048 -0.0140799 0.00233079 0.00301354 0.0106235 0.000410219 -0.0357194 0.0316912 0.00346102 -0.0262928 0.0104777 0.0103546 -0.000535635 -0.00240482 -0.0155493 0.0270215 -0.0335857 -0.0536802
internal_weight=28292.3 4132.02 987.238 460.277 526.961 450.832 324.841 125.991 357.574 27.7394 76.1291 3144.79 2798.15 474.826 2323.32 263.552 346.636 2190.55 211.274 132.773 307.523 51.7105 255.813 329.835 24160.3 6942.02 413.122 119.562 293.559 207.794
internal_count=1275459 364484 174088 12302 161786 24874 22111 2763 5937 523 136912 190396 77232 31641 45591 21213 113164 35415 10428 10176 14017 5474 8543 5414 910975 251027 6225 2123 4102 2863
is_linear=0
shrinkage=0.08


Tree=203
num_leaves=31
num_cat=0
split_feature=2 5 6 5 8 5 6 6 2 1 5 8 5 1 8 8 2 2 1 3 1 1 2 2 4 3 2 3 2 3
split_gain=5.7356 25.1958 5.87011 19.3617 23.1991 30.0964 21.4387 17.5773 16.3379 18.1826 13.9285 16.9815 12.4896 22.5892 26.1263 17.1181 16.9906 16.9708 48.2743 11.5482 43.2733 33.6995 106.206 36.7584 25.2145 11.0187 8.55548 6.06669 10.658 5.60321
threshold=0.98610842227935802 0.65678957104682933 0.56106334924697887 0.31852771341800695 0.75000000000000011 0.58260074257850658 0.35663852095603948 0.42436611652374273 0.36882591247558599 0.67962265014648449 1.0000000180025095e-35 0.75000000000000011 0.5219314992427827 0.63702240586280834 0.75000000000000011 1.0000000180025095e-35 0.58204832673072826 0.63686314225196849 0.72377106547355663 0.84475743770599376 0.72834226489067089 0.85145786404609691 0.72481885552406322 0.85575589537620556 1.5000000000000002 0.81530213356018078 0.37952858209609991 0.78319624066352855 0.55351883172988903 0.96824595332145702
decision_type=2 2 2 2 2 2 2 2 2 2 2 2 2 2 2 2 2 2 2 2 2 2 2 2 2 2 2 2 2 2
left_child=2 -2 3 6 5 7 10 -5 -6 -10 26 -12 13 14 15 -4 -16 18 -15 21 29 22 -14 -23 -22 -19 -1 28 -8 -21
right_child=1 -3 12 4 8 -7 27 -9 9 -11 11 -13 19 17 16 -17 -18 25 -20 20 24 23 -24 -25 -26 -27 -28 -29 -30 -31
leaf_value=0.036950613078563552 0.0027675856311300709 0.060182482874750684 0.016230005182434039 -0.042870352930654401 -0.025946736221449811 0.05608712376032976 0.0099314026895212636 -0.014725857996014245 0.019972232827040744 -0.0072194465110946128 -0.046281996451182056 0.018835118128291802 -0.0030766637008619157 -0.072900243333328479 0.0042102474414222064 0.064889007748737737 0.044795377098411956 0.014400558830238988 0.015418915784753478 0.033960646222306108 -0.009739250415719311 -0.027437298919676518 0.022966477879245575 0.0039176166996961661 0.003225632001468158 -0.004048587274021501 -0.00029541673349504379 0.006815117472314486 0.081333869406624779 -0.017013276699037985
leaf_weight=34.837965062527473 974.20817681872541 47.165225196900792 118.52802103550857 211.45301638053115 124.41251426498638 26.238958554720739 33.414731128241328 536.18568378758209 287.16556366602163 326.23917690373491 82.729299889295362 28.881411909256713 10102.879556853544 70.125830305318232 806.18821609581937 92.909087722131517 68.858861225620785 302.46358443568897 75.963942080779816 290.47465531956914 1154.1609503947839 632.91322774250148 1107.1888678183313 368.10014830548607 5523.1247352409973 613.46193801043046 4165.0473375985748 46.623826486516919 30.68729975898168 7.3243231041051322
leaf_count=1247 58875 116508 2914 263556 37408 1265 8574 70725 20681 6548 54426 775 158365 1056 19059 1773 1263 7963 2363 24409 63476 10056 25568 14724 223020 28794 37606 8386 3124 996
internal_value=-9.86887e-06 0.00585506 -0.000236445 -0.00246456 -0.0102662 -0.0198962 0.000174812 -0.0231304 0 0.00531017 -0.000700103 -0.0279745 0.000376205 0.00615619 0.0142576 0.0393559 0.00782213 -0.00200987 -0.0269265 -0.000264146 0.00232192 -0.00175477 -0.000481092 -0.015786 0.000955113 0.00191519 1.90577e-05 0.0341836 0.0498408 0.0319183
internal_weight=28290 1021.37 27268.6 5933.92 1511.69 773.878 4422.22 747.639 737.817 613.405 4311.5 111.611 21334.7 2148.5 1086.48 211.437 875.047 1062.02 146.09 19186.2 6975.08 12211.1 11210.1 1001.01 6677.29 915.926 4199.89 110.726 64.102 297.799
internal_count=1275503 175383 1100120 514321 400183 335546 114138 334281 64637 27229 94054 55201 585799 65185 25009 4687 20322 40176 3419 520614 311901 208713 183933 24780 286496 36757 38853 20084 11698 25405
is_linear=0
shrinkage=0.08


Tree=204
num_leaves=31
num_cat=0
split_feature=3 0 0 4 8 4 3 3 0 4 0 4 0 6 5 0 4 3 2 0 6 3 6 4 3 2 2 3 3 4
split_gain=7.70774 84.4302 47.044 44.3502 33.5572 29.1669 51.7274 27.3598 72.8045 31.14 28.9606 26.8616 23.7674 21.778 33.3363 25.4435 21.363 19.8503 19.2873 19.2583 17.8295 16.2471 19.4984 14.8577 20.2953 13.9942 21.2081 71.9727 37.2641 12.145
threshold=0.58898946642875682 0.51530769467353832 0.4901809841394425 13.500000000000002 1.0000000180025095e-35 13.500000000000002 0.7454303801059724 0.50333333015441906 0.45923791825771337 13.500000000000002 0.40224719047546392 3.5000000000000004 0.33534136414527899 0.37688747048377996 0.61577314138412487 0.61633428931236278 6.5000000000000009 0.53093111515045177 0.70396453142166149 0.56691542267799389 0.87597274780273449 0.99473685026168834 0.87194395065307628 3.5000000000000004 0.66274511814117443 0.37573529779911047 0.56992483139038097 0.71330726146698009 0.70659971237182628 4.5000000000000009
decision_type=2 2 2 2 2 2 2 2 2 2 2 2 2 2 2 2 2 2 2 2 2 2 2 2 2 2 2 2 2 2
left_child=1 7 3 18 -3 25 19 8 12 16 17 -12 -1 -6 29 -16 -10 -9 23 -7 -21 22 -8 -2 -25 -4 27 -27 -28 -15
right_child=2 4 5 -5 13 6 21 10 9 -11 11 -13 -14 14 15 -17 -18 -19 -20 20 -22 -23 -24 24 -26 26 28 -29 -30 -31
leaf_value=0.0028112191915147041 0.07459165957904379 -0.025524609906364057 0.025255115215182686 -0.00050196565242633664 -0.026919851052515705 -0.064463747972989691 -0.0079372866220607258 -0.024613518030011883 0.047357916255032058 0.10800496741612495 -0.00047244185873687234 -0.030129143751554958 -0.011692927170682687 0.034092247935443146 0.027601912075907224 -0.054631598107281465 -0.013791379383414884 0.025163332802344396 -0.039000224375544061 0.0057469132356373076 -0.045126174404017297 -0.014372119291976031 0.023280538253215962 0.0091463430274683673 0.053709057182638853 -0.018567451111243069 0.011431759253986436 0.0094561347582235653 -0.00091117206217474877 0.080984020117449887
leaf_weight=3536.0780918949476 77.421208007928726 61.726910683377355 129.08273768958679 354.49096471887606 30.236963977833511 135.41993972349883 272.22206162265138 63.077304256152274 113.85020070344763 41.679583128428931 327.05050978447616 526.38554204702814 903.27751272408204 87.802183298845193 420.56380419788184 19.741933807381429 45.02358983396698 183.76102672279194 13.832305691919826 75.389455890810495 84.500624670414254 480.17147793590266 226.73513707881648 145.67352159633811 136.24495033936182 1496.3185629249383 1735.4276265733261 950.26191404322162 15495.887881868739 119.25070933827374
leaf_count=90706 2413 12125 5409 28095 2202 8692 16816 3491 3055 601 14877 33122 63294 1764 3991 275 1531 7406 567 4440 752 26418 5182 9447 7178 59806 57787 50048 751378 2145
internal_value=0.000175895 0.00260171 -0.000537914 0.0193776 0.0279571 -0.00123735 -0.0129488 -0.000657643 0.00200533 0.048553 -0.0119905 -0.0190195 -0.000113779 0.0332148 0.0364536 0.0229835 0.0291603 0.0115718 0.0384421 -0.0420526 -0.0207219 -0.00383935 0.0060214 0.0423566 0.0318008 -0.00047265 -0.00065592 -0.00762062 0.000325602 0.0631265
internal_weight=28288.6 6479.51 21809.1 727.663 739.323 21081.4 1274.44 5740.18 4639.91 200.553 1100.27 853.436 4439.36 677.596 647.359 440.306 158.874 246.838 373.172 295.31 159.89 979.129 498.957 359.34 281.918 19807 19677.9 2446.58 17231.3 207.053
internal_count=1275013 240585 1034428 47700 22502 986728 62300 218083 159187 5187 58896 47999 154000 10377 8175 4266 4586 10897 19605 13884 5192 48416 21998 19038 16625 924428 919019 109854 809165 3909
is_linear=0
shrinkage=0.08


Tree=205
num_leaves=31
num_cat=0
split_feature=4 0 3 0 3 2 2 2 2 0 3 2 3 0 2 2 0 3 2 3 2 9 4 3 2 3 0 0 2 3
split_gain=7.78384 12.3545 34.4786 26.1953 20.0609 18.1339 16.8627 21.5058 13.5784 11.8386 104.386 43.876 29.7683 42.5159 15.1674 9.37623 8.96097 15.3943 7.50798 6.55744 6.15333 5.93785 8.65645 58.0217 64.5685 34.8745 33.1064 30.659 18.0997 15.4463
threshold=1.0000000180025095e-35 0.6838774085044862 0.71330726146698009 0.57307061553001415 0.76253134012222301 0.49752475321292883 0.57735043764114391 0.42588071525096899 0.6911335587501527 0.93127068877220165 0.93127068877220165 0.83899769186973583 0.95040982961654674 0.95024752616882335 0.96808147430419933 0.50263157486915599 0.63224515318870556 0.77712419629096996 0.54011154174804699 0.55351883172988903 0.77581480145454418 1.0000000180025095e-35 1.5000000000000002 0.92718276381492626 0.9634092152118684 0.95180022716522228 0.88762626051902782 0.81530213356018078 0.94609123468399059 0.91922956705093395
decision_type=2 2 2 2 2 2 2 2 2 2 2 2 2 2 2 2 2 2 2 2 2 2 2 2 2 2 2 2 2 2
left_child=1 2 3 5 8 19 7 -5 18 10 11 -6 -11 -14 -12 -7 20 -18 -3 -1 -4 -2 23 26 25 -25 27 -23 -28 -24
right_child=21 4 16 6 9 15 -8 -9 -10 12 14 -13 13 -15 -16 -17 17 -19 -20 -21 -22 22 29 24 -26 -27 28 -29 -30 -31
leaf_value=-0.013423633403276814 0.0024471233585036788 0 0.07776130556721389 0.021219087086779082 -0.012733958968336938 0.084088233605407597 0 -0.09581114083450544 0 0.046314009240171428 -0.084313715037167281 0.025053959118946 -0.080324312651403024 0.0070444976241133871 0.024262528365512494 0.021934160537123767 -0.0040504323590886196 0.056424649719268451 -0.10880258671749932 0.020022893367677295 0 0.0029134434805346411 -0.0020545153111063059 -0.025736820107768021 0.00034568270098673777 -0.081419301991577181 0.037524134267029753 -0.022096366210861484 -0.017127164045892432 0.0026627405030301273
leaf_weight=111.68357337263751 3834.9247574314177 7.1141910321894128 57.585419852672203 8.7355470414040592 383.79966926529596 21.481434029454249 53.398908674976155 33.361441207307507 26.862348477912747 113.72509781431836 99.822276258120837 387.83297968846273 31.968636943449383 893.29842888093845 4.409201750837382 85.159822575601538 48.237364126818647 44.346178187965052 16.336434787561302 48.855878211696108 8.0224092949965762 1388.3453771039676 12400.114536203615 182.00717163409718 285.45024373208435 138.92943474517233 211.68826077582344 397.68622239146498 39.756557081447681 6903.4229756028217
leaf_count=6098 274995 193 1409 225 15093 710 2827 1269 1935 8454 2779 34735 1067 124351 1155 4212 2298 3562 623 1898 1880 49943 496603 5103 22397 3750 6996 9285 2952 186778
internal_value=-2.54746e-05 0.00423893 0.0151587 0.000951555 0.00123231 0.014242 -0.0334991 -0.0684544 -0.046115 0.00267656 -0.0040399 0.00609176 0.00848399 0.00343835 -0.0773556 0.0390927 0.045723 0.0246835 -0.0847876 -0.0019812 0.0692967 -0.000443612 -0.000956449 -0.00524949 -0.0268753 -0.0512112 0.00115841 -0.00261216 0.0280937 -0.000358969
internal_weight=28268.4 2486.04 520.868 362.677 1965.17 267.181 95.4959 42.097 50.313 1914.86 875.864 771.633 1038.99 925.267 104.231 106.641 158.191 92.5835 23.4506 160.539 65.6078 25782.3 21947.4 2643.86 606.387 320.937 2037.48 1786.03 251.445 19303.5
internal_count=1275575 216773 26388 17239 190385 12918 4321 1494 2751 187634 53762 49828 133872 125418 3934 4922 9149 5860 816 7996 3289 1058802 783807 100426 31250 8853 69176 59228 9948 683381
is_linear=0
shrinkage=0.08


Tree=206
num_leaves=31
num_cat=0
split_feature=4 1 2 0 4 0 9 1 6 0 1 0 2 0 4 1 2 6 1 4 2 1 0 0 1 1 0 0 0 4
split_gain=6.74503 22.2237 13.5596 13.1942 14.7705 12.6988 10.0626 7.48862 34.773 19.8054 12.0366 31.8267 20.7153 15.5351 8.27339 7.8737 7.72816 7.44618 9.65955 6.2795 5.67017 38.5816 59.5554 49.6751 30.5108 107.374 220.984 91.2649 46.7083 113.96
threshold=16.500000000000004 0.5174442231655122 0.55036231875419628 0.43425877392292028 21.500000000000004 0.52240803837776195 1.0000000180025095e-35 0.75134408473968517 0.72354421019554149 0.65470632910728466 0.65142410993576061 0.54641148447990429 0.65733855962753307 0.68870675563812267 10.500000000000002 0.84889996051788341 0.59299960732460033 1.0000000180025095e-35 0.85145786404609691 19.500000000000004 0.64630925655365001 0.69614070653915416 0.64630925655365001 0.56440424919128429 0.75582656264305126 0.64747309684753429 0.59611794352531444 0.61938297748565685 0.65240275859832775 4.5000000000000009
decision_type=2 2 2 2 2 2 2 2 2 2 2 2 2 2 2 2 2 2 2 2 2 2 2 2 2 2 2 2 2 2
left_child=6 3 -3 -2 -5 -4 7 10 9 14 13 -12 -13 16 -9 -11 -1 19 -19 -7 24 22 23 -22 25 27 -27 -8 29 -26
right_child=1 2 5 4 -6 17 20 8 -10 15 11 12 -14 -15 -16 -17 -18 18 -20 -21 21 -23 -24 -25 28 26 -28 -29 -30 -31
leaf_value=0.0018345316866747511 -0.0024337122190985338 -0.03708780470470955 0.063430479665284714 0.030332717211580703 -0.020139130281740428 -0.0052638898510555818 -0.0048949958664560728 0.053541294305042245 0.055418935492946575 -0.015545944367775804 0.034551185302316878 -0.042877550930986982 0 0.043629994961901161 0 0.0046245574023706902 0.023508674553018069 -0.037434148061469504 -0.0049811878339668936 0.043573461989902758 0.021064304140273524 -0.00023784754961411064 0.028691891451664016 -0.093049473555095019 0.090160195601761209 0.020178290218642064 -0.063370311991929412 0.019841956758101305 -0.0092173848326847947 0.0052683621256863489
leaf_weight=1971.4934151233456 1566.8264562395098 172.31963054475909 9.4154295078915293 159.50856049158392 40.130146349762072 34.586202661972493 4994.3528734406646 64.680211751634488 94.554862341577063 152.5132700727263 70.602862031577388 153.99966950487578 139.66767802304093 58.281792585366929 31.276256191616994 571.48065414920893 108.64585419313516 98.237285617971793 173.33135770312219 20.35436114994809 40.068510242672346 13967.764300355273 584.32836503040016 46.549366499646567 131.16744649974862 326.93578444385639 510.23795495970262 1174.6666172991172 392.82851607790508 415.39051016436861
leaf_count=35446 38373 20308 460 5977 2305 260 272015 1849 228032 4445 1895 4224 13104 11752 798 38806 3630 4354 12239 166 872 444415 17780 2279 2259 14965 23993 39742 15010 14042
internal_value=-2.5806e-05 -0.00420351 -0.0188575 0 0.0191611 -0.00862984 0.000334261 0.00437959 0.0105973 0.00493001 0.00202719 -0.0111978 -0.0231267 0.00437552 0.0381326 7.85677e-05 0.00309696 -0.0121158 -0.0177638 0.0122855 -0.000271582 0.000654086 0.0193235 -0.0402466 -0.00199647 -0.0038307 -0.0306266 -0.000146569 0.0114622 0.0265641
internal_weight=28276.2 2274.71 508.244 1766.47 199.639 335.925 26001.5 3417.2 914.505 819.95 2502.69 364.27 293.667 2138.42 95.9565 723.994 2080.14 326.509 271.569 54.9406 22584.3 14638.7 670.946 86.6179 7945.58 7006.19 837.174 6169.02 939.386 546.558
internal_count=1275795 84442 37787 46655 8282 17479 1191353 343981 273930 45898 70051 19223 17328 50828 2647 43251 39076 17019 16593 426 847372 465346 20931 3151 382026 350715 38958 311757 31311 16301
is_linear=0
shrinkage=0.08


Tree=207
num_leaves=31
num_cat=0
split_feature=1 0 3 3 3 0 0 4 0 4 0 0 2 1 2 3 1 0 3 2 1 4 0 4 1 4 3 1 2 3
split_gain=7.79969 83.6538 83.9647 49.3699 43.5475 96.4453 96.3752 56.0006 37.655 35.9689 32.822 30.903 35.0288 208.221 94.0266 34.637 34.3133 101.82 50.3256 49.1017 220.843 32.639 59.1663 28.3823 25.0675 23.2783 21.1978 20.1977 25.4601 23.8871
threshold=0.53390806913375866 0.60495716333389293 0.68801230192184459 0.69282051920890819 0.57294833660125744 0.4901809841394425 0.48683299124240881 12.500000000000002 0.56691542267799389 5.5000000000000009 0.30860807001590734 0.46709956228733068 0.53410854935646068 0.65895724296569835 0.42933948338031774 0.81872946023941051 0.59317129850387584 0.53410854935646068 0.58397436141967785 0.59299960732460033 0.71516755223274242 7.5000000000000009 0.57804551720619213 15.500000000000002 0.64326766133308422 2.5000000000000004 0.66274511814117443 0.58380147814750682 0.51668518781661998 0.99473685026168834
decision_type=2 2 2 2 2 2 2 2 2 2 2 2 2 2 2 2 2 2 2 2 2 2 2 2 2 2 2 2 2 2
left_child=1 2 4 25 5 10 9 -7 -8 -6 -1 23 13 14 -13 -16 17 26 -19 20 -18 22 -15 27 -21 -3 -14 -2 29 -29
right_child=11 3 -4 -5 6 7 8 -9 -10 -11 -12 12 16 21 15 -17 19 18 -20 24 -22 -23 -24 -25 -26 -27 -28 28 -30 -31
leaf_value=0.002430948840409211 0 0 0.040788893686158623 0.0055516318357301184 0.067527068739591578 0.020775285542459207 -0.043949879502812525 0.090871589403899874 -0.0043005985185014415 0.0038048405516014684 -0.010914053580502639 0 -0.091305883037175378 0.078467749542289439 -0.088583026218102157 0.019492333529197638 -0.073633231731947343 0.063210926542154183 0.012524065087964045 0.013434076505898231 0.012710679371373046 -0.0094045846079649793 0.0074565758240339695 -0.022965328010663089 -0.0012314674679159037 0.067421067239290103 0.0015020635391429027 0.10103370543135654 0.019949660885708289 -0.005481775877291162
leaf_weight=3234.5382669719493 67.449740192533682 33.826680638616381 301.19820537686246 220.03993123657347 64.263783236536256 412.30097813992688 546.31068543985566 88.406151335846516 226.90001664690135 354.65484626315811 1839.6724909039913 125.97260065452792 62.041731658973731 109.52984499347804 282.4084278326809 16.027858059511345 305.37832578243069 147.25470035317994 828.33116074468489 774.84860630135154 478.14576131583999 189.49297777604988 239.15276997782894 59.620185104949087 16705.983250880596 220.18772334657478 16.025149572174996 66.144466562414891 107.61163693012168 12.579310182823972
leaf_count=70323 5232 949 14184 16391 2973 14251 25051 1784 4831 19146 119813 7102 4300 2589 24664 1098 17969 3270 32307 29733 20535 13038 9120 10911 790402 3754 1114 3300 3210 918
internal_value=-0.00018603 0.0020071 -0.00016293 0.0343607 -0.00203807 0.000906789 -0.0158895 0.0342442 -0.0326227 0.0146387 -0.00238181 -0.000997298 -0.00139267 -0.0162536 -0.0579054 -0.0820259 -0.00063988 0.0133482 0.0206212 -0.00145903 -0.0209924 0.0165293 0.0310093 0.0237051 -0.000568602 0.05811 -0.0713849 0.0355193 0.0488053 0.0827916
internal_weight=28136.3 7542.3 7068.25 474.054 6767.05 5574.92 1192.13 500.707 773.211 418.919 5074.21 20594 20280.6 962.584 424.409 298.436 19318 1053.65 975.586 18264.4 783.524 538.176 348.683 313.405 17480.8 254.014 78.0669 253.785 186.335 78.7238
internal_count=1274262 293450 272356 21094 258172 206171 52001 16035 29882 22119 190136 980812 957241 57611 32864 25762 899630 40991 35577 858639 38504 24747 11709 23571 820135 4703 5414 12660 7428 4218
is_linear=0
shrinkage=0.08


Tree=208
num_leaves=31
num_cat=0
split_feature=2 0 6 6 2 5 5 5 6 2 1 1 0 6 5 2 1 0 5 6 2 5 6 5 5 2 0 6 1 2
split_gain=4.23374 10.2467 17.0507 4.10779 16.0111 36.7465 37.8717 20.5777 17.747 18.2908 7.74164 16.5219 7.80076 7.45303 16.2572 13.6951 13.3765 21.7885 15.8141 15.2848 10.2339 9.46053 8.26756 31.2325 12.96 7.44898 6.91428 6.9069 6.3788 5.20535
threshold=0.97894504666328441 0.89871358871459972 0.34762196242809301 0.98870021104812633 0.70396453142166149 0.94756481051445018 0.98190009593963634 0.95872029662132274 0.99799197912216198 0.39415280520915991 0.79388421773910534 0.61257407069206249 0.74646764993667614 0.97227710485458385 0.94553062319755565 0.88261792063713085 0.4817046076059342 0.83752354979515087 0.97154423594474804 0.97685134410858165 0.31400561332702642 0.92334401607513439 0.93555310368537914 0.88929739594459545 0.92935234308242809 0.95861870050430309 0.93127068877220165 0.94715359807014476 0.91922956705093395 0.17712418735027316
decision_type=2 2 2 2 2 2 2 2 2 2 2 2 2 2 2 2 2 2 2 2 2 2 2 2 2 2 2 2 2 2
left_child=3 2 -2 13 8 25 7 -7 9 29 11 -10 -12 14 22 27 19 18 -18 20 -15 -21 24 -24 -1 -6 -8 -16 -17 -5
right_child=1 -3 -4 4 5 6 26 -9 10 -11 12 -13 -14 16 15 28 17 -19 -20 21 -22 -23 23 -25 -26 -27 -28 -29 -30 -31
leaf_value=-0.00038501271456067474 -0.005535816180635306 0.0023680669770331985 0.059253565532603664 0 0.043638775288848651 -0.0045906589623780133 0.021691999705938606 -0.10560506448683731 -0.00063841014415176123 0.0011222861868041096 0.034511304739455684 -0.026966052617315911 -0.024673689338719662 -0.038543223094126444 -0.0080998076809859921 0.01360955617854542 -0.034084108357251071 0.0095487747536100905 -0.0081874123296878584 0.041074063262157304 0.0081266090996769333 0.005210877371648691 0.0028612222372352437 -0.01457007819424855 0.014494787222708257 -0.031625311330547981 -0.043261674210829035 0.012356398150897056 -0.017047871352893453 0.075562143100914039
leaf_weight=19243.492792030345 39.844779072418532 998.6232034698769 50.386269480279225 6.345676476310472 199.41756360000727 28.71345953472337 118.65645644483084 26.445878321152122 1215.352726368219 74.209290936225443 59.274972289553261 171.93792395994387 11.178476771565327 58.004385662352433 102.02952494108649 46.70335650198831 265.38518236266827 219.86646984531399 401.97996789353056 77.355522573205235 46.099142779490649 143.86563080173073 1458.3169997964578 1174.5239353212964 376.91789357594098 2.87492921060766 5.3662613196393059 1279.7647966652748 182.32185226568254 39.401435456093168
leaf_count=863816 1322 149920 30666 95 18125 1640 21961 1389 14589 1587 9103 5122 1326 428 1566 1680 10604 14130 6872 922 606 1403 45060 29605 6791 957 3726 21029 8076 387
internal_value=6.2897e-05 0.00494602 0.0301748 -0.00012873 0.00338571 0.0179825 -0.0076105 -0.060433 -8.82242e-05 0.0287439 -0.00266032 -0.00410144 0.0219875 -0.000410304 -9.19855e-05 0.00764836 -0.00651755 -0.011657 -0.0189004 0.00697879 -0.0169851 0.0190893 -0.000661057 -0.00486719 -8.73916e-05 0.0410603 0.0160739 0.0107068 -0.00995525 0.0658726
internal_weight=28124.7 1088.85 90.231 27035.8 1959.18 381.475 179.182 55.1593 1577.7 119.956 1457.74 1387.29 70.4534 25076.6 23864.1 1610.82 1212.56 887.232 667.365 325.325 104.104 221.221 22253.3 2632.84 19620.4 202.292 124.023 1381.79 229.025 45.7471
internal_count=1274503 181908 31988 1092595 80007 47798 28716 3029 32209 2069 30140 19711 10429 1012588 977623 32351 34965 31606 17476 3359 1034 2325 945272 74665 870607 19082 25687 22595 9756 482
is_linear=0
shrinkage=0.08


Tree=209
num_leaves=31
num_cat=0
split_feature=2 1 0 6 0 3 4 2 1 4 3 2 4 0 1 3 1 2 3 2 0 1 4 3 0 2 3 1 2 2
split_gain=5.11096 73.0052 38.9959 30.5402 21.7301 20.0135 23.0764 58.7018 42.2014 21.9103 17.7081 15.3294 14.7769 13.6391 78.1063 164.333 63.2663 58.5342 50.0265 88.7008 30.3817 17.2681 81.3458 20.4387 122.475 62.1105 13.5899 13.2771 12.3283 10.5031
threshold=0.84028983116149913 0.85145786404609691 0.90999102592468273 0.57979589700698864 0.76845377683639537 0.79431909322738659 2.5000000000000004 0.85575589537620556 0.99565216898918163 3.5000000000000004 0.85028737783432018 0.628892481327057 7.5000000000000009 0.7897985875606538 0.83910790085792553 0.82287582755088817 0.89009663462638866 0.69614070653915416 0.81872946023941051 0.7897985875606538 0.81861472129821788 0.86706829071044933 3.5000000000000004 0.78830561041831981 0.66969698667526256 0.6911335587501527 0.88047617673873912 0.89009663462638866 0.78319624066352855 0.80874970555305492
decision_type=2 2 2 2 2 2 2 2 2 2 2 2 2 2 2 2 2 2 2 2 2 2 2 2 2 2 2 2 2 2
left_child=2 10 13 11 26 9 7 -7 -8 -6 12 -4 -2 21 18 16 -16 -17 19 -15 -20 23 28 25 -25 -1 -3 -24 -23 -5
right_child=1 4 3 29 5 6 8 -9 -10 -11 -12 -13 -14 14 15 17 -18 -19 20 -21 -22 22 27 24 -26 -27 -28 -29 -30 -31
leaf_value=-0.0014299228399809771 0.081383322895441049 0.015524504235786787 -0.044762333803354863 0.06612132037566873 0.013072675622320911 -0.068718659500723617 0.019490317225148827 -0.0028404655908012967 -0.00023356816294255346 -0.058913102793898178 0.020783920315334048 0.014789996600778801 -0.021493148871571794 -0.026851452076976479 -0.12979187381927118 0.044571597011174607 -0.033314201235568823 -0.011601326448610935 -0.019975095806916164 0.056097995954577304 0.012339297037237908 0.061245570835220024 -0.016164196958553451 0.018258681951474925 -0.02099178087295632 0.01719830861830873 0.080302401263211934 0.0036623773805997961 0.014881717459243236 0.010638767620097654
leaf_weight=11515.745909609497 94.662859870578359 293.08850916566007 28.34576610973636 108.84498033146883 34.99037148311254 84.903279795445997 912.97259688348277 2656.6428595912412 2785.2169668383031 69.942734528536675 91.917861296635238 147.08749135625112 5.18163668798661 107.50008516912203 96.383802506195934 122.27952593284863 94.131410599773517 1623.3867741061767 318.12837136375674 294.25140948860644 432.29601232944697 176.06998312382348 233.64418741999543 757.27518949368459 1512.1809255085391 1266.5227359180863 19.737121957088675 2150.3160355943728 63.522783329426602 38.828731267311014
leaf_count=452074 2667 31332 876 19928 1577 3125 42523 246407 113028 1899 3144 4087 214 3513 2488 4802 2500 51443 13748 7868 22395 6356 7662 41247 64178 38947 736 79644 2055 3108
internal_value=0.000420678 0.00228652 -0.000195878 0.0271576 0.000883546 -8.4095e-05 0.000468837 -0.0050603 0.00461221 -0.0339509 0.050347 0.00330726 0.0737479 -0.000635671 -0.00553821 -0.0153719 -0.0850127 -0.0074591 0.0108437 0.0334519 -0.00118952 0.000213211 0.00620325 -0.000821953 -0.00781294 0.000409334 0.021314 0.0016225 0.0501629 0.0534071
internal_weight=28136 7049.26 21086.7 323.107 6857.49 6544.67 6439.74 2741.55 3698.19 104.933 191.762 175.433 99.8445 20763.6 3088.36 1936.18 190.515 1745.67 1152.18 401.751 750.424 17675.3 2623.55 15051.7 2269.46 12782.3 312.826 2383.96 239.593 147.674
internal_count=1275571 446652 828919 27999 440627 408559 405083 249532 155551 3476 6025 4963 2881 800920 108757 61233 4988 56245 47524 11381 36143 692163 95717 596446 105425 491021 32068 87306 8411 23036
is_linear=0
shrinkage=0.08


Tree=210
num_leaves=31
num_cat=0
split_feature=2 1 3 0 0 0 3 8 0 0 2 1 3 3 1 0 3 2 2 3 3 1 3 2 1 7 3 2 0 3
split_gain=7.41007 38.8882 36.735 28.6518 24.0176 21.1697 20.6114 20.3093 23.7046 18.1713 17.495 14.8672 13.6371 17.5511 10.602 14.6323 13.3771 10.3289 9.43855 63.8229 13.3836 8.31502 28.4079 23.0918 92.0058 21.1744 26.2228 19.3301 15.899 15.1517
threshold=0.88036698102951061 0.92718276381492626 0.91331186890602123 0.88273492455482494 0.94360822439193737 0.91545844078063976 0.87570226192474376 1.0000000180025095e-35 0.85127449035644542 0.77731865644454967 0.73363915085792553 0.91922956705093395 0.92718276381492626 0.93908473849296581 0.95861870050430309 0.84877073764801036 0.87226107716560375 0.90353596210479747 0.92893216013908397 0.97530490159988414 0.96580946445465099 0.40212766826152807 0.61451050639152538 0.40838271379470831 0.55036231875419628 1.0000000180025095e-35 0.50333333015441906 0.32305502891540533 0.4901809841394425 0.57836258411407482
decision_type=2 2 2 2 2 2 2 2 2 2 2 2 2 2 2 2 2 2 2 2 2 2 2 2 2 2 2 2 2 2
left_child=4 2 7 14 21 11 -5 8 9 -2 -6 -4 -7 -14 15 -3 -16 -17 19 -8 -20 22 28 24 27 26 -25 -23 -1 -27
right_child=1 3 5 6 10 12 18 -9 -10 -11 -12 -13 13 -15 16 17 -18 -19 20 -21 -22 23 -24 25 -26 29 -28 -29 -30 -31
leaf_value=-0.00020597600884132141 0.035313419822680617 0.013864730997710911 -0.0022785322400835613 -0.041664168037429318 -0.0067769920313947045 0.066042473239073252 -0.044151724459216668 0.018049995920879559 0.068234074254310259 -0.067669268759008555 0.042691741539134416 -0.053134308754990367 -0.060053589477260687 0.022910069126231836 0.0021484909921216542 0 0.036908135001199702 -0.10342778928716419 0.0099896750198880564 0.0010348830346245705 -0.0033892899769298259 -0.0054470490618716066 0.026614383357287004 0.019067503926647352 0.026654629208702096 -0.016275573165344434 -0.0018418006584703947 -0.061549515428414088 0.026044131550319368 0.040144338618798674
leaf_weight=4544.5635838498056 24.896341049110561 48.104348351302178 272.24088171395852 81.186827983474359 58.480606581464599 36.636420855775214 238.93299313186435 256.84400984680542 149.60143843879632 12.255377664783735 135.334375807166 39.245849767270556 13.714677371724973 101.79559040443928 119.79394168700674 9.1245380349355418 217.79914832796931 9.3558229758054932 747.03642353524356 1076.6239943478176 1291.3259165469617 58.12960697501876 281.37604155220106 386.57799659370357 157.98249766680601 32.062708490528166 17238.688161277943 196.8307702858383 147.31387968842319 125.90972599935412
leaf_count=142542 496 4799 11075 3003 7415 2181 7866 19161 3347 222 12110 1371 396 5749 24798 220 18599 231 70081 47079 148751 3642 11321 21670 12512 1620 657727 19656 2971 12570
internal_value=7.94742e-05 0.00296435 0.0178172 -0.000522388 -0.000500284 0.00164288 -0.00294254 0.0341586 0.0544302 0 0.0271655 -0.00992988 0.0259158 0.00964906 0.01944 -0.00749868 0.0252522 -0.0610326 -0.00189696 -0.0071869 0.00144809 -0.000744427 0.00213961 -0.00154183 -0.0201516 -0.00109516 -0.00136884 -0.0497247 0.000610998 0.0275634
internal_weight=28109.8 4746.51 907.231 3839.28 23363.2 463.633 3435.11 443.597 186.753 37.1517 193.815 311.487 152.147 115.51 404.178 66.5847 337.593 18.4804 3353.92 1315.56 2038.36 23169.4 4973.25 18196.2 412.943 17783.2 17625.3 254.96 4691.88 157.972
internal_count=1275181 369425 43998 325427 905756 20772 276780 23226 4065 718 19525 12446 8326 6145 48647 5250 43397 451 273777 54945 218832 886231 156834 729397 35810 693587 679397 23298 145513 14190
is_linear=0
shrinkage=0.08


Tree=211
num_leaves=31
num_cat=0
split_feature=1 3 3 3 3 0 3 2 0 3 3 4 3 3 4 0 3 3 4 4 5 4 0 0 5 4 5 5 5 3
split_gain=7.46464 10.858 15.7268 14.31 28.763 9.93256 16.1086 14.5846 9.91382 10.5247 6.39329 6.09326 5.11218 5.52648 4.77893 6.70409 4.20385 8.17596 5.6763 4.50954 4.15391 3.86861 3.65954 3.25589 3.08829 2.96889 3.05008 2.82082 2.24536 2.09133
threshold=0.18808962404727939 0.33060109615325933 0.32071428000926977 0.33589744567871099 0.34549072384834295 0.26158231496810919 0.39718310534954077 0.23606811463832858 0.24068965017795566 0.43951219320297247 0.62418830394744884 12.500000000000002 0.28869047760963445 0.27842378616333013 22.500000000000004 0.15047170221805575 0.42740046977996832 0.38165266811847692 26.500000000000004 7.5000000000000009 0.40948632359504705 7.5000000000000009 0.18350168317556384 0.29459981620311743 0.53470641374588024 20.500000000000004 0.56017240881919872 0.74705719947814953 0.76718232035636913 0.7454303801059724
decision_type=2 2 2 2 2 2 2 2 2 2 2 2 2 2 2 2 2 2 2 2 2 2 2 2 2 2 2 2 2 2
left_child=8 2 11 20 -5 7 -7 -6 9 16 14 23 13 -13 24 -16 17 19 -19 -1 -3 27 -14 28 -11 26 -23 -10 -2 -12
right_child=1 3 -4 4 5 6 -8 -9 21 10 29 12 22 -15 15 -17 -18 18 -20 -21 -22 25 -24 -25 -26 -27 -28 -29 -30 -31
leaf_value=-0.0029493983967743922 -0.0048584873216663263 -0.021928542369588994 -0.067519077898137256 -0.068456820793533615 -0.002920169697727197 -0.015561317692606227 0.00016315630084292394 0.018380784403155399 0.03181012391949508 0 0.02118481229608804 0 0.0199438820884042 0.039184031151679781 -0.048261402265653626 0.010290194252346816 0.03411612274782224 -0.040379129578378657 0.013968430949785584 0.012132217111576091 0.021154669813545527 0 -0.015687200111786322 0.028619082217568398 -0.068927270601936028 0 0.055242744599942356 -0.017175423837885246 -0.018870684375691071 -0.022290370069456462
leaf_weight=146.42885177874996 161.13714957086268 7.6160930981641277 25.153201919052663 34.12972597166663 351.33828358272513 418.87533445564623 25063.071694983464 452.28357089123892 7.2353624676907229 4.6943407990038422 22.304072767379697 47.875845683083753 15.959413299715377 38.275305360672064 13.44613815564662 27.250697563460562 34.487843159295153 34.106533181373379 9.6220590310404059 499.22991153341718 249.27804001669574 6.8755430922465157 77.37875877776969 4.9852183061084352 21.199620268307626 10.934920140367465 47.747953453450464 14.229073715861885 246.10546775651164 2.0022025558573651
leaf_count=1616 8483 827 1820 2811 4856 28466 1197069 8803 316 110 701 603 223 458 167 309 358 394 116 5139 5983 251 1645 320 195 140 410 97 2033 87
internal_value=0.000255592 1.15929e-05 -0.0104316 0.000261927 7.06531e-05 0.000178719 -9.20489e-05 0.0089098 0.00739625 0.00432869 -0.0201736 -0.00719137 0.0043836 0.0184639 -0.0329224 -0.00871768 0.00774225 0.00595628 -0.0249308 0.00846957 0.0188722 0.0325826 -0.00726351 -0.0126069 -0.0582176 0.0416591 0.0487078 0 -0.0138407 0.00895201
internal_weight=28095.3 27193.5 616.87 26576.6 26319.7 26285.6 25481.9 803.622 901.795 814.772 90.8971 591.717 179.489 86.1512 66.5908 40.6968 723.875 689.387 43.7286 645.659 256.894 87.0229 93.3382 412.228 25.894 65.5584 54.6235 21.4644 407.243 24.3063
internal_count=1274806 1264400 15585 1248815 1242005 1239194 1225535 13659 10406 9192 1569 13765 2929 1061 781 476 7623 7265 510 6755 6810 1214 1868 10836 305 801 661 413 10516 788
is_linear=0
shrinkage=0.08


Tree=212
num_leaves=31
num_cat=0
split_feature=1 0 6 2 1 0 2 1 2 5 4 2 4 0 1 1 0 2 1 0 1 0 1 1 4 1 2 2 0 0
split_gain=6.73668 87.9876 42.2628 27.4936 24.2592 19.3476 36.8526 148.253 65.5365 44.3496 30.4963 32.0028 27.8579 47.4586 25.3925 25.2369 78.5475 38.1023 206.973 33.7168 29.4838 20.1816 17.4069 16.1064 15.0555 14.1132 78.2501 30.027 20.1458 19.4734
threshold=0.5388936996459962 0.60107529163360607 0.49629549682140356 0.48313754796981817 0.48514269292354589 0.4901809841394425 0.54011154174804699 0.65895724296569835 0.40212766826152807 0.24257134646177295 6.5000000000000009 0.47395551204681402 5.5000000000000009 0.60922586917877208 0.61620295047760021 0.60922586917877208 0.54446640610694896 0.61242875456810009 0.71892556548118602 0.6569296419620515 0.67017546296119701 0.67942845821380626 0.56691542267799389 0.54201978445053112 2.5000000000000004 0.48934240639209753 0.49752475321292883 0.36451049149036413 0.53410854935646068 0.53788751363754284
decision_type=2 2 2 2 2 2 2 2 2 2 2 2 2 2 2 2 2 2 2 2 2 2 2 2 2 2 2 2 2 2
left_child=1 2 -1 4 -3 10 7 8 -7 -10 11 22 13 -9 -13 16 23 18 -17 -18 -19 -14 -2 -8 -5 29 27 -27 -28 -4
right_child=5 3 25 24 -6 6 15 12 9 -11 -12 14 21 -15 -16 17 19 20 -20 -21 -22 -23 -24 -25 -26 26 28 -29 -30 -31
leaf_value=-0.031798629964374138 -0.0037098032034100239 0.018172054861086816 0.00099743220159261383 0.009305491558194252 -0.081688623354793821 0.012973934862518993 0.0075951706248901405 0.071555839342842611 0.012164360729804374 -0.078325402851673762 -0.0056540841412069968 -0.024648895884745607 -0.021305458286781636 0.0034227169377162008 0.036819406838570816 -0.061269531712763545 0.0086258975445732862 0.013701619209807026 0.011016034189343596 0.041337089151265112 -0.0010933240258497814 0.035544093087801966 0.10144455555004225 -0.069786881692830052 0.057908478403205045 0.013625128075521164 0.018959278823787243 -0.060455852278765952 -0.010888363307128775 0.020549719567044961
leaf_weight=259.18993363578193 8.4062992784174622 208.46751432666497 5747.6135643540183 61.226779825370613 11.459655117752844 72.748199646188368 15.856607208424974 96.840688113006763 34.427962483474403 293.77301307713242 217.98063498765077 57.725033490340138 188.31192726737572 199.79625603746899 121.95922641176458 397.68019810310398 822.39390752903819 906.0444672290796 674.02569627722733 272.99914221372819 15884.414158953467 44.108260400440486 49.865962238236534 81.756257523918975 243.11068978052208 36.458082365381415 341.6826030650991 194.09678753791377 237.25990689109312 342.65866556653054
leaf_count=132787 640 11502 126624 3574 497 3575 751 2350 1204 24404 23886 3104 12432 7434 3081 20974 28892 35010 28373 12300 758863 1741 1127 5566 7091 655 4756 4456 2914 4568
internal_value=-8.95773e-05 0.00192283 -0.000381828 0.0334021 0.0105571 -0.000854094 -0.00123494 -0.0167464 -0.0531919 -0.0683128 0.0153249 0.0349222 0.0108138 0.0270135 0.0160732 -0.0004653 0.0107618 -0.00122691 -0.0158185 0.0170745 -0.000281594 -0.00932141 0.0846519 -0.0558998 0.0489562 0.000797344 -0.0090567 -0.0480215 0.00646474 0.00213971
internal_weight=28124.3 7683.22 7158.96 524.265 219.927 20441.1 19985.2 930.006 400.949 328.201 455.937 237.957 529.057 296.637 179.684 19055.2 1193.01 17862.2 1071.71 1095.39 16790.5 232.42 58.2723 97.6129 304.337 6899.77 809.497 230.555 578.943 6090.27
internal_count=1275131 299424 276760 22664 11999 975707 943869 53140 29183 25608 31838 7952 23957 9784 6185 890729 47509 843220 49347 41192 793873 14173 1767 6317 10665 143973 12781 5111 7670 131192
is_linear=0
shrinkage=0.08


Tree=213
num_leaves=31
num_cat=0
split_feature=0 3 3 2 3 3 6 5 0 4 3 2 3 3 3 0 4 2 2 6 6 4 0 6 5 5 6 5 0 3
split_gain=4.54253 15.9932 24.3603 8.47153 20.2589 10.3101 11.9895 11.2874 9.24996 8.67752 11.7548 8.01401 7.28465 18.414 8.96497 7.16222 7.12655 7.20193 7.31457 6.96134 8.32522 6.74864 21.1073 15.0181 13.8717 13.3943 7.21044 7.16157 6.12484 9.97664
threshold=0.26158231496810919 0.39718310534954077 0.38529014587402349 0.2237871661782265 0.33060109615325933 0.42947559058666235 0.86377084255218517 0.90486964583396923 0.15047170221805575 12.500000000000002 0.35767590999603277 0.19560018926858905 0.42740046977996832 0.37590579688549047 0.42947559058666235 0.29459981620311743 4.5000000000000009 0.25143678486347204 0.30860807001590734 0.93033367395401012 0.97064974904060375 8.5000000000000018 0.32049381732940679 0.96981090307235729 0.99805447459220897 0.94553062319755565 0.98120275139808666 0.51445281505584728 0.2014492750167847 0.27842378616333013
decision_type=2 2 2 2 2 2 2 2 2 2 2 2 2 2 2 2 2 2 2 2 2 2 2 2 2 2 2 2 2 2
left_child=3 2 16 5 28 6 -1 8 -7 10 -6 15 13 -11 -14 -3 17 -2 -19 -8 -21 22 27 25 -25 -23 -24 -13 29 -5
right_child=1 11 -4 4 9 7 19 -9 -10 12 -12 21 14 -15 -16 -17 -18 18 -20 20 -22 23 26 24 -26 -27 -28 -29 -30 -31
leaf_value=0.010979791411697803 -0.052027837067670134 -0.00039974537117335319 -0.06930895816783586 -0.015355345392216668 0.0051028574456951012 -0.072693235966484346 -0.015421818140222554 0.010201034191227044 -0.016234733515371698 0.016674699770075824 0.044039823870773105 -0.0079951377956922719 0.055359196597199394 -0.02534244251094625 0.0095141425955631818 0.059529708625232977 -0.0021271857125471196 0.004532605638640926 -0.033679204948706451 0.012304187837008443 -0.0085562189824279836 -0.0017846578458469459 -1.0634437248724297e-05 -0.016497313798851783 0.0068487402792403174 0.014324562643703454 0.0064061208014789262 0.042172353884244104 -0.016395005600026775 0.032959780489907588
leaf_weight=530.73427071849801 37.726813040198977 14.421201280707463 41.687681043442353 49.081747457807069 93.536718929255585 25.939565314431093 249.63667335733771 47.941973664565012 89.150143450962787 178.40030971166925 138.66146164023303 14.191812782970372 37.799846053014335 99.44540265154501 119.07570018452316 22.29885008715064 405.37066140314528 69.43865574251322 45.637206153000079 219.15190671640448 262.02080065873452 5223.2472820436997 17192.329234848876 763.42268723372399 192.76437343339785 346.56283102153247 1190.3342495618381 98.435976417793427 194.54633420104437 46.680615688463149
leaf_count=10117 1350 189 5708 862 2666 416 1508 978 1491 3423 2258 1931 429 2069 2226 286 20198 4668 6536 1302 2074 242458 829321 15097 15387 4316 86502 2006 6246 797
internal_value=-8.67603e-05 -0.000402774 -0.0132589 0.00324416 0.00905409 -0.000565852 0.00179118 -0.0192674 -0.0327888 0.0167739 0.0294675 -8.60441e-05 0.00937203 0.00088827 0.0229178 0.0349311 -0.00821051 -0.0227563 -0.0100605 -0.00469366 0.00064446 -0.000150796 0.00062287 -0.00236673 -0.0116132 -0.000741666 0.000397798 0.0344196 -0.00812243 0.00707544
internal_weight=28039.7 25657.9 599.861 2381.8 957.228 1424.58 1261.54 163.032 115.09 666.919 232.198 25058 434.721 277.846 156.876 36.7201 558.173 152.803 115.076 730.809 481.173 25021.3 18495.3 6526 956.187 5569.81 18382.7 112.628 290.309 95.7624
internal_count=1274815 1235953 38460 38862 20976 17886 15001 2885 1907 13071 4924 1197493 8147 5492 2655 475 32752 12554 11204 4884 3376 1197018 919760 277258 30484 246774 915823 3937 7905 1659
is_linear=0
shrinkage=0.08


Tree=214
num_leaves=31
num_cat=0
split_feature=4 3 3 3 6 3 2 2 6 4 3 6 5 5 6 6 5 5 5 3 4 3 4 2 4 3 8 8 6 3
split_gain=5.09324 7.54162 5.37168 10.2214 15.7418 9.61874 22.437 13.1894 7.65061 8.06213 6.37366 4.49989 33.4158 25.6548 25.6359 25.0007 24.5834 17.9986 17.5826 14.3741 35.644 37.5063 21.5887 12.847 20.3216 11.1764 33.9256 34.8328 20.6637 10.8154
threshold=17.500000000000004 0.28869047760963445 0.99473685026168834 0.78830561041831981 0.87362372875213634 0.54653680324554454 0.41533938050270086 0.4403389841318131 0.7888106405735017 23.500000000000004 0.90501254796981823 0.63191848993301403 0.66815477609634411 0.34382070600986486 0.3869446069002152 0.38117386400699621 0.26837453246116644 0.58701059222221386 0.58701059222221386 0.88273492455482494 1.5000000000000002 0.93582704663276683 8.5000000000000018 0.35355392098426824 2.5000000000000004 0.63702240586280834 0.75000000000000011 1.0000000180025095e-35 0.95217302441596996 0.55351883172988903
decision_type=2 2 2 2 2 2 2 2 2 2 2 2 2 2 2 2 2 2 2 2 2 2 2 2 2 2 2 2 2 2
left_child=11 -2 3 5 10 6 -3 -7 -4 -10 -5 12 13 14 16 -15 -1 25 -17 23 21 -21 -22 29 -25 26 27 -13 -27 -19
right_child=1 2 8 4 -6 7 -8 -9 9 -11 -12 17 -14 15 -16 18 -18 19 -20 20 22 -23 -24 24 -26 28 -28 -29 -30 -31
leaf_value=0.0010771355001615145 0.013098202326557805 -0.0045575383964231962 0.00065059236567917083 -0.02612619602287514 0.041288733819622316 -0.0039024850542318757 0.058574984433127211 -0.035824403802336792 -0.047160381455554817 0.0028952230505895744 0.014477636997793331 0.0070455739818078835 0.068966063925225085 -0.04332740739710636 0.027817138748425205 -0.0096593974546922961 -0.031646381518694214 0.0017262295904854324 0.010516252595796043 0.0043474735434627957 0.0098243709633287872 -0.02893814185216196 -0.001847584137560818 0.0024166702609548945 -0.0061416564825313557 0.00066038031253506338 0.0067517272980264203 0.082431272888940421 0.039762465228272939 0.022932537375309269
leaf_weight=4856.6057590502951 141.91252616439488 1081.4869155705237 53.753233451985579 48.5007052006913 72.124878633840126 215.88789489675764 32.064405443868964 146.00017898892474 67.769110052962787 19.917812519168365 36.677509658384224 83.078088955378917 37.842732113451348 123.7632340907403 217.9280350249428 1884.3709268051462 146.48288220571885 2214.937440808395 312.34815471967886 434.31036083832896 3112.9698205780169 411.78972478012383 1469.9656761964579 2593.2102877860452 5466.6982489050934 1569.0305602805875 798.84652531139727 81.376407234500221 87.228757628352469 163.20194079999783
leaf_count=57789 1573 24515 2950 5391 1458 12928 1433 9497 5996 2927 1955 1466 1574 128758 22619 213487 105118 31070 14701 32450 156585 125781 42032 83338 88813 73555 13491 1161 8922 2210
internal_value=-4.85548e-05 -0.00402859 -0.00552141 -0.00406789 0.0147256 -0.00622259 -0.0023429 -0.0175299 -0.0204961 -0.0345213 -0.00703472 0.000238595 -0.00139408 -0.00181381 0.00127132 -0.00881187 5.64533e-05 0.000916826 -0.00670061 -8.82755e-05 0.00323806 -0.0117392 0.00604781 -0.00183441 -0.00336845 0.00705441 0.0139296 0.0466242 0.00292953 0.00329373
internal_weight=27982.1 1916.1 1774.18 1632.74 157.303 1475.44 1113.55 361.888 141.44 87.6869 85.1782 26066 7579.34 7541.5 5221.02 2320.48 5003.09 18486.6 2196.72 15867.1 5429.04 846.1 4582.94 10438 8059.91 2619.56 963.301 164.454 1656.26 2378.14
internal_count=1275543 70623 69050 57177 8804 48373 25948 22425 11873 8923 7346 1204920 544046 542472 185526 356946 162907 660874 228188 562279 356848 158231 198617 205431 172151 98595 16118 2627 82477 33280
is_linear=0
shrinkage=0.08


Tree=215
num_leaves=31
num_cat=0
split_feature=4 6 1 3 3 1 3 6 4 3 2 2 1 1 1 3 7 1 2 1 3 6 4 3 6 5 3 3 4 3
split_gain=5.02254 7.3923 7.26269 8.12274 5.3271 4.39614 33.924 23.7255 21.2893 26.8129 23.3856 27.1904 176.47 25.2446 23.1973 20.6743 20.3827 18.3869 16.9081 13.8507 13.5675 16.8473 13.1118 12.361 11.9117 11.5713 10.8923 10.4227 8.49508 6.75311
threshold=29.500000000000004 0.64720091223716747 0.23294574022293094 0.41728855669498449 0.28869047760963445 0.51471862196922313 0.68614074587821972 0.53671374917030346 13.500000000000002 0.77459675073623668 0.42588071525096899 0.51668518781661998 0.62988328933715831 0.56691542267799389 0.57294833660125744 0.59611794352531444 1.0000000180025095e-35 0.60107529163360607 0.34960317611694341 0.97014260292053234 0.99473685026168834 0.78446456789970409 8.5000000000000018 0.60136988759040844 0.5867464840412141 0.56017240881919872 0.93643954396247875 0.37590579688549047 15.500000000000002 0.60922586917877208
decision_type=2 2 2 2 2 2 2 2 2 2 2 2 2 2 2 2 2 2 2 2 2 2 2 2 2 2 2 2 2 2
left_child=5 -2 3 4 -3 6 16 -8 10 15 13 12 -12 18 -13 17 24 -10 -7 -17 21 -11 -9 27 -1 -26 -24 -18 -22 -15
right_child=1 2 -4 -5 -6 8 7 22 9 20 11 14 -14 29 -16 19 23 -19 -20 -21 28 -23 26 -25 25 -27 -28 -29 -30 -31
leaf_value=-0.012769303462008257 0.027784887719705009 0.0091800818063872951 -0.043887528790760778 0.015029040404387704 -0.040895465802795003 0.031097410255540674 -0.011867207378531428 0.011352219028481599 0.033645109110868314 -0.01077784448212357 -0.066334241444687608 0.011879218676799305 0.018613786888715338 0.077467694971457349 -0.00060600774381524343 -0.043384728966423307 -0.0059238586504163984 -0.062736361729699944 -0.044161214335434441 0.02627400030020555 -0.028227956296789911 0.020881900477553856 0.049194514119997729 0.039031963390834791 0.010399688595346034 0.00041860575303505668 -0.040276605519760519 -0.037767226238536004 -0.0049795801457554962 0.029818665874260453
leaf_weight=366.57302347018413 16.560254376585362 10.606488052755592 51.024620250449516 49.813762043602765 40.020736682228744 25.288031935700928 88.152547079589567 134.32907276536207 48.881973864674364 182.07496751683721 262.8721676013356 1000.9345234174507 368.31249872413355 31.095772819040576 17854.189881897495 266.89984290560642 136.40368082565692 11.038147697754537 42.402522016483999 13.434489897001184 151.18747961593181 237.43737346552371 198.70070777996079 15.109084933821576 880.27356602670625 4897.2081973464519 3.5298313121893434 158.89066192167957 357.79693242892245 130.27653658520103
leaf_count=129760 3838 78 1328 551 325 1132 9265 9238 2582 15142 22878 40542 15016 1091 840748 20589 6960 947 3873 344 7445 4783 6176 252 18739 72549 632 10633 21662 5786
internal_value=-0.000345194 -0.0139506 -0.0202783 -0.00525485 -0.0276461 -0.000254919 0.00149112 0.0232566 -0.00083516 -0.0108612 -0.00017925 -0.000489112 -0.0167567 0.0249444 5.12674e-05 -0.0299642 1.72583e-05 0.00996132 -0.0136396 -0.0390838 -0.00356631 0.00679907 0.0329638 -0.019792 0.00105934 0.0019747 0.0459267 -0.0239344 -0.0124039 0.0420143
internal_weight=28031.3 168.026 151.466 100.441 50.6272 27863.3 6879.17 424.712 20984.1 1268.75 19715.4 19486.3 631.185 229.063 18855.1 340.254 6454.46 59.9201 67.6906 280.334 928.497 419.512 336.56 310.403 6144.05 5777.48 202.231 295.294 508.984 161.372
internal_count=1274884 6120 2282 954 403 1268764 264204 25311 1004560 73494 931066 919184 37894 11882 881290 24462 238893 3529 5005 20933 49032 19925 16046 17845 221048 91288 6808 17593 29107 6877
is_linear=0
shrinkage=0.08


Tree=216
num_leaves=31
num_cat=0
split_feature=9 1 3 1 5 0 3 3 5 1 5 5 1 3 3 3 0 3 3 2 2 0 0 5 0 0 3 0 2 1
split_gain=4.87408 10.7664 8.7306 8.35205 25.1191 10.6292 28.3704 22.827 20.4163 13.2817 11.881 8.79774 4.73044 5.0112 13.9724 8.12846 4.53271 5.53854 3.67832 5.17514 3.87379 3.42981 2.86653 2.95998 2.55706 3.25909 2.35401 2.69904 2.33081 4.16474
threshold=1.0000000180025095e-35 0.13714733719825747 0.31311275064945226 0.84889996051788341 0.56916823983192455 0.58380147814750682 0.63702240586280834 0.69920635223388683 0.72504982352256786 0.60922586917877208 0.45622551441192633 0.25819891691207891 0.13714733719825747 0.27842378616333013 0.28869047760963445 0.30368906259536749 0.21680375933647159 0.66274511814117443 0.97182539105415355 0.87007671594619762 0.92247596383094799 0.18350168317556384 0.15047170221805575 0.98636335134506237 1.0000000180025095e-35 0.18350168317556384 0.25265957415103918 0.2290398105978966 0.19560018926858905 0.21483516693115237
decision_type=2 2 2 2 2 2 2 2 2 2 2 2 2 2 2 2 2 2 2 2 2 2 2 2 2 2 2 2 2 2
left_child=1 2 24 5 18 7 11 10 -8 -9 -3 -7 -2 26 22 -16 17 -4 20 -20 -5 -17 -15 -24 -1 -26 28 -28 -14 -30
right_child=12 3 16 4 -6 6 8 9 -10 -11 -12 -13 13 14 15 21 -18 -19 19 -21 -22 -23 23 -25 25 -27 27 -29 29 -31
leaf_value=-0.040669431989495401 0.012068134684069802 0.016753415544579923 -0.067439839980960301 0.0042307778749585828 0.056501401363503886 -0.027034942175494112 -0.018489997328402043 0.053468898019557315 0.015482330136731108 0.005406224857236225 -0.00029487066149343677 0.041495705422286033 -0.011719237229781826 0 -0.026131599386940291 0.010322580027927651 0.0059131654004041106 0 0.012043453381669234 -0.0091984182804504596 0.024356273192597137 -0.00077403033928589548 0.034773070918465349 0 0.014843106003952713 -0.031618290830241563 -0.025870257027799989 0.0024370448099288885 0.034688635616805269 -0.0062240791195091929
leaf_weight=3.8908229786920847 179.27887577713773 293.00099556406349 33.265192863997072 211.25586591605315 65.934402363835034 7.3769068678375325 591.95965102252012 86.058029917425301 130.58421676455691 77.616955946548842 2010.9756562151742 86.396397048345534 89.213895992270409 17.86027004616335 75.992252473039116 172.86006669133712 3.3558122601825735 11.252880675718187 115.3509153272571 180.50639080274777 102.13619231250777 23124.856053825053 95.738307332569093 9.31184473633766 49.453258673660457 5.5238867453299454 94.962328899200656 13.913220154361623 19.042366841284093 31.03559045925067
leaf_count=44 1658 10037 351 14733 196039 84 26125 3297 35121 2211 26739 2994 1011 175 2511 1917 77 447 9808 19499 15126 897543 1761 48 624 62 1654 473 293 600
internal_value=-0.000209121 0.00234146 -0.0219822 0.0030645 0.0111666 0.00133562 -0.00647822 0.00399308 -0.0120661 0.0324614 0.00183548 0.0333891 -0.000649677 -0.000754957 -0.000627008 -0.000777789 -0.045585 -0.0529032 0.00557989 -0.000322162 0.0115718 -0.000682634 0.0257055 0.0305731 0 0.00526047 -0.0119856 -0.0208996 -0.00342643 0.00816495
internal_weight=27990 4065.89 106.742 3959.15 675.184 3283.97 816.317 2467.65 722.544 163.675 2303.98 93.7733 23924.1 23744.8 23496.6 23373.7 47.8739 44.5181 609.249 295.857 313.392 23297.7 122.91 105.05 58.868 54.9771 248.167 108.876 139.292 50.078
internal_count=1273062 363418 1605 361813 255205 106608 64324 42284 61246 5508 36776 3078 909644 907986 903955 901971 875 798 59166 29307 29859 899460 1984 1809 730 686 4031 2127 1904 893
is_linear=0
shrinkage=0.08


Tree=217
num_leaves=31
num_cat=0
split_feature=5 1 5 4 1 3 0 2 3 1 3 3 1 8 9 3 4 1 5 8 0 3 8 2 8 4 4 3 0 5
split_gain=9.82953 13.3014 6.98839 10.5306 16.9411 17.2587 26.5176 21.5043 16.6515 9.82938 26.6515 24.975 14.5793 13.6914 11.8889 8.18863 6.05874 6.57737 5.86877 17.4196 36.6498 33.1064 16.7278 10.6135 9.69486 9.69047 9.25999 14.2456 11.4974 7.62872
threshold=0.99206298589706432 0.98213717341423046 0.88019138574600231 3.5000000000000004 0.98213717341423046 0.9529346525669099 0.89512962102890026 0.83899769186973583 0.98648402094841015 0.54201978445053112 0.68614074587821972 0.92718276381492626 0.87428161501884472 0.75000000000000011 1.0000000180025095e-35 0.90645834803581249 2.5000000000000004 0.89386734366416942 0.66192114353179943 0.75000000000000011 0.61633428931236278 0.89039039611816417 1.0000000180025095e-35 0.27953489124774938 1.0000000180025095e-35 8.5000000000000018 7.5000000000000009 0.84660634398460399 0.18350168317556384 0.79418799281120311
decision_type=2 2 2 2 2 2 2 2 2 2 2 2 2 2 2 2 2 2 2 2 2 2 2 2 2 2 2 2 2 2
left_child=2 16 18 4 5 6 -4 -7 -6 10 14 13 -13 -11 -5 -12 17 -2 24 20 22 23 -20 -21 26 -23 27 -1 -28 -22
right_child=1 -3 3 9 8 7 -8 -9 -10 11 15 12 -14 -15 -16 -17 -18 -19 19 21 29 25 -24 -25 -26 -27 28 -29 -30 -31
leaf_value=0.007378352913447953 -0.001101725279628546 0.056026409180996987 -0.0011359015954236411 -0.014344820774499629 0.06734749238438123 0.029552668068948296 0.026378983435265995 -0.042786141331922094 0.0050830449328134108 -0.023662235093516788 0.045969870256906964 0.026714567051581244 -0.0020803904672829494 -0.0080683926651654581 0.0022348561873549487 -0.032226021327935131 0.0096526773999223645 -0.060068439494981578 0.011249204776637179 0.0035798973205622801 0.0069784174079907894 0.022918082589844783 0.037954732166022409 -0.0059959782522355015 0.00049795299989395482 0.0028024578969999599 0.042896087006573262 -0.0081502967690200486 -0.016616575494444865 -0.0015451581107284946
leaf_weight=599.8887767656297 128.34449315199527 32.314515893634962 1745.6501312004029 367.03728468634654 44.048816106238519 27.572062248367729 250.84129777539783 109.31622563439669 79.190468957441226 599.46239402762149 94.062735787920246 116.58867029406974 1504.61900506866 1036.9626170809715 1041.744641862344 3.4501513133327526 632.57262635808002 9.2499134829231462 363.10774786050843 951.83236180496169 1249.1034733796841 415.6184747000616 292.21019952167444 3049.9138706184367 10063.995577137874 274.65582835848181 15.511790828513766 983.49704721193484 540.56131209091564 1395.5130065799131
leaf_count=143616 4917 28328 37053 2955 22264 4841 17457 7556 32915 5829 3198 4042 49359 18156 7852 865 13358 4262 5765 9745 26575 107534 4095 76380 353673 13964 380 95777 144186 29126
internal_value=6.78882e-05 0.00877048 -0.0001844 -0.00236213 0.00208831 0.00031412 0.00229842 -0.02656 0.0303437 -0.00450378 0.000743801 -0.00697667 0 -0.013933 -0.00200702 0.0402055 0.00623273 -0.00815515 0.000565122 0.00225345 0.00670788 -0.000849122 0.0235969 -0.00367676 -0.000527918 0.015222 -0.00541813 -0.0021616 -0.0143038 0.00242588
internal_weight=28018.4 802.482 27216 7020.55 2256.62 2133.38 1996.49 136.888 123.239 4763.93 1506.29 3257.63 1621.21 1636.43 1408.78 97.5129 770.167 137.594 20195.4 7991.95 3299.93 4692.02 655.318 4001.75 12203.5 690.274 2139.46 1583.39 556.073 2644.62
internal_count=1276023 50865 1225158 214342 122086 66907 54510 12397 55179 92256 14870 77386 53401 23985 10807 4063 22537 9179 1010816 273184 65561 207623 9860 86125 737632 121498 383959 239393 144566 55701
is_linear=0
shrinkage=0.08


Tree=218
num_leaves=31
num_cat=0
split_feature=1 0 3 3 3 0 0 4 1 0 0 3 6 0 4 7 6 1 0 3 0 4 3 3 1 3 0 4 4 4
split_gain=5.30669 75.029 55.9642 48.587 30.3932 82.5496 70.9655 44.5277 29.7972 29.3742 27.9454 24.9979 20.0574 18.8967 18.0448 15.7975 15.1731 13.2958 119.928 104.679 100.544 96.3946 93.8741 77.7731 12.431 9.55475 18.1677 9.53112 8.34762 8.36772
threshold=0.5388936996459962 0.60922586917877208 0.72046512365341198 0.66274511814117443 0.57294833660125744 0.4901809841394425 0.4901809841394425 11.500000000000002 0.36451049149036413 0.57307061553001415 0.46709956228733068 0.60640108585357677 0.48107238113880163 0.28743545711040502 13.500000000000002 1.0000000180025095e-35 0.83360475301742565 0.77015754580497753 0.71503761410713207 0.75905716419219982 0.68870675563812267 4.5000000000000009 0.75582656264305126 0.70064935088157665 0.59675306081771862 0.69282051920890819 0.6911335587501527 4.5000000000000009 15.500000000000002 2.5000000000000004
decision_type=2 2 2 2 2 2 2 2 2 2 2 2 2 2 2 2 2 2 2 2 2 2 2 2 2 2 2 2 2 2
left_child=1 2 4 28 6 11 8 -8 -1 -7 14 -6 -4 -14 24 17 25 18 23 -20 21 -19 -22 -12 -2 -5 -27 -17 29 -3
right_child=10 3 12 16 5 9 7 -9 -10 -11 15 -13 13 -15 -16 27 -18 20 19 -21 22 -23 -24 -25 -26 26 -28 -29 -30 -31
leaf_value=0.0010679990239181921 0.0016826962004865555 0.0017773665907240661 -0.013305647652306853 0.029729680512161752 -0.010384784005327424 -0.035666577285214107 0.015968593883321437 0.073741049430017122 -0.014197259940408656 -0.0016765453306089851 -0.0017377430228891831 0.026676431518127101 -0.067409708752771955 0.057738181731681409 -0.0099397958307133136 0.0035012643140055785 0.031954754264096052 0.046336776422809881 0.04354999703954654 -0.0018911012000523474 -0.037136287704630254 0.0053054642746624102 -0.0013588936427465603 -0.023974114627856733 0.045174410645112462 -0.047536579223629839 0.010582384083756056 0.05123363738900296 -0.011179777173078158 0.074601126680902241
leaf_weight=4068.3479837555697 66.705971526402209 15.91180285172595 29.327790546685719 32.818152261577779 169.78463694723359 650.04376155557384 414.5195174341643 108.51686355444144 1015.0048647572658 230.59193358120137 2269.1750394243982 322.56502261852529 2.8879822776070787 159.21709182638733 72.116772226954708 66.577258138728212 122.16948104947733 521.29059391476403 522.91975079463009 824.51655883654894 483.89836811588975 1248.6414325075675 12205.934231527208 1830.1624452809001 166.00326133045019 56.509165135437797 67.594615167192387 52.486754165038292 3.8358255292841923 152.53705350320888
leaf_count=114592 4574 417 5256 793 10337 29057 14458 2313 76103 5135 90448 16024 162 4652 12555 22398 11135 25408 16593 41135 14933 46343 601382 87367 5597 2411 3973 6676 52 2488
internal_value=-0.000286231 0.00150518 -0.000474207 0.0329621 -0.00168031 -0.0123332 0.000908696 0.0288427 -0.00195956 -0.0270068 -0.000965931 0.0135984 0.0416077 0.0526009 0.0228486 -0.00134203 0.0112368 -0.00152663 -0.00489494 0.0157214 -0.000245526 0.0175769 -0.00274988 -0.0117213 0.0336782 -0.00439341 -0.0154582 0.0270495 0.0659438 0.0688941
internal_weight=27952.6 7622.18 7170.81 451.376 6979.37 1372.99 5606.39 523.036 5083.35 880.636 20330.4 492.35 191.433 162.105 304.826 20025.6 279.091 19906.5 5446.77 1347.44 14459.8 1769.93 12689.8 4099.34 232.709 156.922 124.104 119.064 172.285 168.449
internal_count=1274767 299358 278089 21269 268019 60553 207466 16771 190695 34192 975409 26361 10070 4814 22726 952683 18312 923609 235543 57728 688066 71751 616315 177815 10171 7177 6384 29074 2957 2905
is_linear=0
shrinkage=0.08


Tree=219
num_leaves=31
num_cat=0
split_feature=4 4 0 3 3 0 1 0 1 3 1 3 6 9 0 5 0 1 6 5 5 6 5 0 5 6 3 3 0 3
split_gain=5.45271 3.35826 9.42383 25.6656 5.4445 4.49296 8.60163 4.31041 5.97629 4.66331 4.05519 35.6719 16.237 13.0776 11.6584 8.63862 8.05825 7.15019 5.8243 21.7618 36.5204 24.2271 11.8926 10.8904 6.47214 3.83175 3.26996 1.91053 1.89033 1.87791
threshold=36.500000000000007 21.500000000000004 0.423303171992302 0.72046512365341198 0.52419984340667736 0.59611794352531444 0.67962265014648449 0.39811320602893835 0.35355392098426824 0.53410854935646068 0.40212766826152807 0.56773442029953014 0.66802722215652477 1.0000000180025095e-35 0.44562648236751562 0.80860316753387462 0.47856706380844122 0.24068965017795566 0.97064974904060375 0.93110430240631115 0.96982702612876903 0.98870021104812633 0.94345891475677501 0.82404541969299328 0.88019138574600231 0.76675301790237438 0.6789083480834962 0.92403846979141246 0.15047170221805575 0.79431909322738659
decision_type=2 2 2 2 2 2 2 2 2 2 2 2 2 2 2 2 2 2 2 2 2 2 2 2 2 2 2 2 2 2
left_child=1 10 7 4 -4 6 -5 8 25 -9 11 12 13 -1 17 -16 -14 -13 22 21 -21 -20 24 -24 -12 -3 -11 -7 -2 -30
right_child=28 2 3 5 -6 27 -8 9 -10 26 18 14 16 -15 15 -17 -18 -19 19 20 -22 -23 23 -25 -26 -27 -28 -29 29 -31
leaf_value=0.00013064884781835263 0 -0.011799827419548539 0 0.023762694924116722 -0.078008755059760182 0 -0.031588013094338264 -0.014810550528994566 -0.033315257642874407 0.066975872813018839 0.00052215897794631149 0 0.0013829472681578482 -0.028795439846972352 0 0.03378026718230271 0.02444367808830859 0.050168376690066546 -0.0089463157580484971 -0.0330515182555077 -0.0026682705645740311 0.019409929505627067 0.013283917636015097 -0.0016084350412235503 -0.0035237446980976696 0.0029455931971839777 0 0.028633700565997917 -0.047776678143985826 0
leaf_weight=171.52169768180465 8.6647217375293639 137.56666310018682 5.1994790638891564 19.399423345935247 40.689570345537504 15.726644082952587 49.307143919753798 3.7900820324430269 31.670603841128468 11.523581795262546 16312.403969462463 19.690136896766489 3321.2378619877854 203.31765908030866 139.95845380833634 75.442789558663208 96.268494409043342 130.84239186201739 332.5585443678483 326.84416529370174 1134.7428870295698 431.55939546937952 831.5783612187206 473.41728678636173 2987.1296862068521 533.55893180516432 7.289079776937796 29.233245914132567 20.622456297697685 1.8279058377174795
leaf_count=11095 126 8397 259 1661 3496 533 3245 296 5503 895 826392 578 45796 69274 6133 2497 766 3981 18207 17745 68669 29182 14983 25237 100766 4637 920 2354 811 172
internal_value=0.00018372 0.000229628 -0.00459158 -0.0219014 -0.0691295 0 -0.0132371 -0.000441263 -0.00186152 0.0302607 0.000394464 0.00269093 0.000331771 -0.0153105 0.0263746 0.01287 0.00211406 0.043635 -1.73023e-05 -0.00390702 -0.00966127 0.0068828 0.000395949 0.00777372 -9.65173e-05 0 0.0472633 0.0178061 -0.030849 -0.0411434
internal_weight=27904.6 27873.5 884.954 159.556 45.889 113.666 68.7066 725.399 702.796 22.6027 26988.5 4158.28 3792.35 374.839 365.934 215.401 3417.51 150.533 22830.2 2225.7 1461.59 764.118 20604.5 1305 19299.5 671.126 18.8127 44.9599 31.1151 22.4504
internal_count=1274606 1273497 32196 11548 3755 7793 4906 20648 18537 2111 1241301 140120 126931 80369 13189 8630 46562 4559 1101181 133803 86414 47389 967378 40220 927158 13034 1815 2887 1109 983
is_linear=0
shrinkage=0.08


Tree=220
num_leaves=31
num_cat=0
split_feature=2 1 3 3 2 1 3 4 4 1 3 4 3 1 3 2 1 3 2 4 1 4 6 3 1 3 4 1 3 2
split_gain=6.09081 37.3315 26.1775 23.0379 51.2028 46.3012 22.9335 26.659 17.3213 79.103 58.888 38.6648 42.1678 31.4839 20.6207 15.786 88.5754 22.2506 17.7524 14.762 11.8755 36.4858 41.4028 23.2961 34.9879 61.5128 91.3888 63.7731 57.4213 33.4805
threshold=0.81046870350837719 0.85145786404609691 0.84660634398460399 0.79431909322738659 0.85575589537620556 0.92893216013908397 0.91715687513351452 8.5000000000000018 6.5000000000000009 0.99565216898918163 0.9740215837955476 5.5000000000000009 0.98373878002166759 0.88273492455482494 0.92885261774063121 0.84028983116149913 0.83910790085792553 0.81530213356018078 0.8263767957687379 5.5000000000000009 0.91331186890602123 4.5000000000000009 0.57979589700698864 0.94185259938240062 0.67017546296119701 0.75162336230278026 10.500000000000002 0.77015754580497753 0.7577352523803712 0.65733855962753307
decision_type=2 2 2 2 2 2 2 2 2 2 2 2 2 2 2 2 2 2 2 2 2 2 2 2 2 2 2 2 2 2
left_child=20 2 15 4 5 -3 -4 -8 11 13 -11 14 -13 -10 -5 16 18 -18 -2 -6 23 22 -22 24 28 26 -26 -27 29 -1
right_child=1 3 6 8 19 -7 7 -9 9 10 -12 12 -14 -15 -16 -17 17 -19 -20 -21 21 -23 -24 -25 25 27 -28 -29 -30 -31
leaf_value=-0.001499956559813685 0.018231097544106633 -0.10286585785229239 -0.01747672244542927 0.009075899665172563 0.016777326999186031 -0.0016246700428922064 0.032763567606582444 -0.073646508195834071 -0.0039731597624128711 -0.027777253969526138 0.012259025798036002 0.0037071560055605825 -0.049397751225241426 0.065560880115651268 -0.001778081845605584 0.062244054186819123 -0.13267668458473245 0 0.061052940701624009 -0.026420092969691913 -0.00022616999854736046 0.00080541982479938518 0.057727694406893251 0.017223063066674746 0.0094037943320782087 -0.028587159584116787 -0.049395087743006924 -0.0058504887128433746 0.021173306716097774 0.037732059846375128
leaf_weight=9663.7480772067138 166.73997028104623 66.807946265438659 175.63617553034419 1498.7888119819645 153.82298189799167 54.171591669568443 159.40603581025425 11.083714415799475 47.096843328774412 328.52684265646531 791.10491959827414 165.27733054056807 204.61044593623956 187.1819032166095 4346.2894846509726 91.012699105398497 21.538671418482412 9.8458354618924186 119.17634320160869 68.332774298949516 141.57627592749668 2277.2102765917662 158.88330440149548 409.93797592772898 1868.0848594797071 1172.8836087840582 180.54484802756633 2482.4977472381415 809.92837413423331 136.0546953498415
leaf_count=386650 4623 1447 5619 92025 16762 1387 6343 205 1605 5676 28659 3843 5103 4857 312777 2730 699 394 3211 1381 4121 83607 17573 24101 57092 54471 8817 85357 51028 4147
internal_value=0.000113202 0.00187933 0.0188246 0.000232453 -0.0198646 -0.0606664 0.00206504 0.0230328 0.00117719 0.00936606 0.000297885 -0.000587102 -0.0255091 0.0511229 0.000983113 0.0324477 0.0225717 -0.0944762 0.0373727 0.00249682 -0.000671795 0.00436199 0.0303394 -0.0014583 -0.00194268 -0.00699531 0.00403632 -0.0132187 0.00076067 -0.00092
internal_weight=27967.8 8666.45 754.439 7912.01 343.135 120.98 346.126 170.49 7568.88 1353.91 1119.63 6214.97 369.888 234.279 5845.08 408.314 317.301 31.3845 285.916 222.156 19301.4 2577.67 300.46 16723.7 16313.7 5704.01 2048.63 3655.38 10609.7 9799.8
internal_count=1276310 499346 23824 475522 20977 2834 12167 6548 454545 40797 34335 413748 8946 6462 404802 11657 8927 1093 7834 18143 776964 105301 21694 671663 647562 205737 65909 139828 441825 390797
is_linear=0
shrinkage=0.08


Tree=221
num_leaves=31
num_cat=0
split_feature=0 1 3 2 1 1 4 2 3 3 3 0 0 1 3 1 4 3 2 3 2 0 3 1 3 3 0 1 3 3
split_gain=4.72301 45.5039 50.138 42.2125 41.1767 40.4488 71.7805 69.8612 51.3194 39.2371 86.1232 268.912 125.347 221.313 49.5811 46.262 41.2621 34.2969 47.6411 30.8135 25.282 107.005 80.9405 56.4836 68.3004 39.788 24.2711 63.8294 52.8551 39.7969
threshold=0.76239567995071422 0.78830561041831981 0.75582656264305126 0.78830561041831981 0.83910790085792553 0.81872946023941051 3.5000000000000004 0.76239567995071422 0.77712419629096996 0.88493064045906078 0.75162336230278026 0.65470632910728466 0.68870675563812267 0.76239567995071422 0.67028987407684337 0.67017546296119701 3.5000000000000004 0.7897985875606538 0.76239567995071422 0.7454303801059724 0.79205974936485302 0.87827673554420482 0.93063354492187511 0.85857143998146068 0.80217391252517711 0.80217391252517711 0.6911335587501527 0.89512962102890026 0.91922956705093395 0.75162336230278026
decision_type=2 2 2 2 2 2 2 2 2 2 2 2 2 2 2 2 2 2 2 2 2 2 2 2 2 2 2 2 2 2
left_child=5 17 3 -3 -5 9 7 -7 -9 10 12 16 14 -14 -1 -13 -12 18 19 -2 21 22 -4 24 -22 -25 28 -28 29 -8
right_child=1 2 20 4 -6 6 26 8 -10 -11 11 15 13 -15 -16 -17 -18 -19 -20 -21 23 -23 -24 25 -26 -27 27 -29 -30 -31
leaf_value=0.00084585738616239827 -0.063832568097126188 -0.096265141687794195 -0.039464370256139553 0.029267555521274184 -0.058791698667155848 0.056083998376808566 -0.0017454339205826691 -0.032342851114776715 0.031156769726846188 0.025608685231081126 0.054327000339100914 -0.0087522256456783049 0.041812247502984519 -0.1252961286973947 -0.01467000891872831 -0.051916599590865586 0.0086479057628301489 0.0051383126584811905 0.064328263277367126 0.02633971952836487 0.057370295695351584 0.032821851693787873 0.0013515904864059704 -0.041976628218448067 0.0064336217513525779 -0.0016071874759836634 -0.035115236550451505 0.0057932070376147775 -0.0036933929483537954 0.044734219182324772
leaf_weight=8994.8909042914092 31.994118753307703 59.92812326018975 695.5704959929044 62.272421819005103 61.835381251477884 359.78861563909595 164.8918883909264 133.6630413970297 190.45718240198494 342.55813123604094 167.28990098406848 209.7109486230911 772.32064566504414 49.052454545129876 1536.7249125653761 845.08588369306199 534.0329204221498 571.51346565992935 174.73951768525876 64.06550248619169 213.40533875753226 279.1155782247115 545.30087688393542 155.02177300682251 787.88311020990659 7662.7522079982373 328.62193220912013 892.09494621706108 683.56103200902726 356.13162873687907
leaf_count=346270 978 1724 21511 1463 1831 11355 4867 12707 18971 17660 5295 10533 24680 1964 68281 37199 34391 36863 5015 2137 5759 18673 19366 5071 27876 447071 11511 30543 31640 10695
internal_value=0.000128819 -0.00112015 -0.00256827 -0.043435 -0.0139454 0.000995703 0.00921614 0.0320273 0.00439066 -0.000895192 -0.00160947 -0.0180744 0.000930135 0.0309412 -0.00140885 -0.0435676 0.0200779 0.0166909 0.0399569 -0.00378256 -0.00180473 -0.0113172 -0.0214659 -0.000141613 0.0176799 -0.00245446 0.00266515 -0.0051873 0.0107436 0.0298435
internal_weight=27926.3 11365.4 10523.1 184.036 124.108 16560.9 3109.21 683.909 324.12 13451.7 13109.1 1756.12 11353 821.373 10531.6 1054.8 701.323 842.313 270.799 96.0596 10339 1519.99 1240.87 8819.06 1001.29 7817.77 2425.3 1220.72 1204.58 521.024
internal_count=1273900 595338 550345 5018 3294 678562 132289 43033 31678 546273 528613 87418 441195 26644 414551 47732 39686 44993 8130 3115 545327 59550 40877 485777 33635 452142 89256 42054 47202 15562
is_linear=0
shrinkage=0.08


Tree=222
num_leaves=31
num_cat=0
split_feature=2 0 2 0 5 0 0 2 2 2 2 0 4 4 6 4 5 0 0 4 4 2 0 4 4 0 2 2 4 2
split_gain=4.13534 31.7296 21.3657 30.3472 29.9046 19.2528 18.5462 76.1519 87.4934 14.6994 13.2301 18.9817 25.6895 16.6776 36.8136 33.2107 26.2491 26.9952 12.267 11.709 11.3093 10.7791 9.35463 7.94558 7.28705 19.584 27.9085 23.6223 7.16925 6.38526
threshold=0.84262126684188854 0.88762626051902782 0.81530213356018078 0.92805382609367382 0.60039526224136364 0.85857143998146068 0.82793453335762035 0.7320508360862733 0.82793453335762035 0.71248623728752147 0.86222714185714733 0.93957647681236278 7.5000000000000009 5.5000000000000009 0.26709130406379705 6.5000000000000009 0.53863716125488292 0.93387979269027721 0.83899769186973583 11.500000000000002 1.5000000000000002 0.91715687513351452 0.95861870050430309 7.5000000000000009 1.5000000000000002 0.65470632910728466 0.57735043764114391 0.65733855962753307 3.5000000000000004 0.75716626644134533
decision_type=2 2 2 2 2 2 2 2 2 2 2 2 2 2 2 2 2 2 2 2 2 2 2 2 2 2 2 2 2 2
left_child=1 6 4 -4 9 -2 24 18 23 28 11 12 -7 16 -15 -16 21 -18 -8 -10 -20 -12 -11 -9 25 26 -1 -27 -3 -26
right_child=5 2 3 -5 -6 10 7 8 19 22 13 -13 -14 14 15 -17 17 -19 20 -21 -22 -23 -24 -25 29 27 -28 -29 -30 -31
leaf_value=0.0019094445299800533 0.0096810103737202356 -0.022700267659106481 -0.057290345037020275 0.035148584755406331 0.053475609037598577 -0.064818345878382699 -0.0028985359948708639 -0.068430167949180942 -0.0095249014947249057 0.037751443551553472 -0.011481128919629118 0.039817574354837133 0.0042319406091455456 0.030915596625800262 -0.04931420988600748 -0.0057955799208849346 0.01297214261049787 -0.0072900989700162124 0 0.035293045772906893 0.045604673826890582 -0.00017216992874057334 -0.0053674324806612904 -0.0063615929507207037 -0.0019381308827604638 -0.025518238709294185 0.027729240243894112 0.0018790709185901339 0.03517025999089736 0.0022465460486087961
leaf_weight=835.95310359078212 1449.1214903355567 89.361264777711767 45.978673711768351 34.549605910005994 161.08938088212199 74.445860593103134 62.956692984167603 216.62215079572707 570.2345166074374 97.946928711829969 820.97212064111955 19.04768718691048 52.70039596334027 97.383338672763784 173.14475087672326 335.39532117556155 1682.1798299012662 546.05504401309463 49.831836553741596 33.820009885479521 151.74171920988374 1641.1653459074514 36.486244414023531 21.330518061331531 14231.048453876145 248.67735644027562 400.81825258196477 937.09484134043305 9.5767725211771886 2754.1070795545493
leaf_count=36942 83334 4274 1304 2629 21735 2128 3138 6581 17845 3731 31018 1322 1758 807 4342 10578 89005 149389 2273 1236 9218 69150 1691 547 577946 10232 12600 30553 369 87424
internal_value=-0.000195553 -0.000758907 0.0195538 -0.0160236 0.0273271 0.00149631 -0.00124168 -0.0113006 -0.0231428 0.00786321 -0.000660465 -0.0239946 -0.0359099 0 -0.0124281 -0.02126 0.00162342 0.00792979 0.0255298 -0.00648378 0.0350385 -0.00402349 0.0251283 -0.0637702 -0.000657158 0.00342554 0.010484 -0.00381529 -0.0141369 -0.00124972
internal_weight=27880.8 20989.2 474.989 80.5283 394.461 6891.61 20514.2 1106.54 842.007 233.371 5442.49 146.194 127.146 5296.3 605.923 508.54 4690.37 2228.23 264.53 604.055 201.574 2462.14 134.433 237.953 19407.7 2422.54 1236.77 1185.77 98.938 16985.2
internal_count=1275099 832268 35733 3933 31800 442831 796535 40838 26209 10065 359497 5208 3886 354289 15727 14920 338562 238394 14629 19081 11491 100168 5422 7128 755697 90327 49542 40785 4643 665370
is_linear=0
shrinkage=0.08


Tree=223
num_leaves=31
num_cat=0
split_feature=9 1 6 0 5 6 0 5 3 3 0 6 1 1 3 0 3 1 0 3 3 0 0 0 1 6 0 1 0 1
split_gain=8.19937 7.07243 6.27157 24.9307 9.9866 9.77555 27.199 19.4937 21.2559 18.9089 15.9551 12.1834 7.65548 7.13853 3.6833 59.2527 63.2829 45.9459 130.814 65.0136 63.0202 106.803 62.1526 59.9334 54.4767 47.9181 38.1488 24.1754 157.201 79.0847
threshold=1.0000000180025095e-35 0.13714733719825747 0.86377084255218517 0.69360545277595531 0.83648246526718151 0.68500718474388134 0.56691542267799389 0.72040465474128734 0.63702240586280834 0.6291005313396455 0.63686314225196849 0.48579499125480657 0.4712491780519486 0.25143678486347204 0.7454303801059724 0.63224515318870556 0.91458967328071605 0.80217391252517711 0.6838774085044862 0.65261757373809826 0.67028987407684337 0.57307061553001415 0.60495716333389293 0.69860395789146434 0.85313725471496593 0.32361441850662237 0.80717849731445324 0.79388421773910534 0.74646764993667614 0.74443343281745922
decision_type=2 2 2 2 2 2 2 2 2 2 2 2 2 2 2 2 2 2 2 2 2 2 2 2 2 2 2 2 2 2
left_child=1 -1 5 4 12 6 9 8 -7 -3 -9 -8 -4 -6 17 16 -16 18 20 -20 22 -22 -2 -19 26 -21 -25 28 29 -17
right_child=14 2 3 -5 13 7 11 10 -10 -11 -12 -13 -14 -15 15 27 -18 23 19 25 21 -23 -24 24 -26 -27 -28 -29 -30 -31
leaf_value=-0.016405762337668075 -0.0037677212275421526 0.0094764509297982445 0.023251525296337165 0.059802838811116907 -0.011586908814027061 -0.0056077030083448234 0.0037098276126534884 0.0013796082590227939 -0.04402214914411938 0.042465722961110279 0.05055141048032448 -0.013616817079655659 -0.0029684877672344961 0.0053892997853931266 0.033202481742110768 -0.018332664572155349 -0.0075795717626111897 -0.00059536701085612076 -0.042876733215809509 -0.042056540077355084 0.015261742466485071 -0.039469463747135218 0.021231156761178545 -0.11664066875929199 -0.016164860640116942 0.03996326598475481 0 4.9450285017780694e-05 0.013996087420463011 -0.070986975666088997
leaf_weight=106.64143695623898 5684.8757991264947 394.62968169221858 274.58531192343071 53.731767404741731 211.43337112000154 378.30121949641398 841.56525917985709 431.48732021626347 123.72259553254116 163.81303803032642 42.90935199528667 366.4190108903349 80.460542069228723 577.08791296430445 665.40679355597422 809.25056621919612 371.22172547088121 308.76577460396584 68.5564236141945 42.613675565560698 325.94391490716862 714.0943846126811 711.05532406362727 88.267685295129922 126.50711927801603 762.83130370058279 19.630197977367061 11941.834042646315 949.32517842892776 239.07502163153185
leaf_count=1611 283299 17735 3222 148244 2486 3671 24802 6558 44112 2877 53457 19172 10821 25000 36059 35102 11953 9250 2154 1815 22979 30015 18658 2183 3108 19103 434 388275 35170 11449
internal_value=-0.000120548 0.00319958 0.00379088 0.00864068 0.00584759 0.00160376 0.00519294 -0.00471971 -0.0157312 0.0197284 0.00664182 -0.00144844 0.0169064 0.000591355 -0.000691651 6.28546e-05 0.0184783 -0.00198536 -0.000485624 0.0286788 -0.00395199 -0.0221729 -0.000949109 -0.0244243 -0.0544762 0.0351937 -0.0952726 -0.0013013 -0.00943585 -0.0307726
internal_weight=27876 4046.79 3940.15 1197.3 1143.57 2742.85 1766.43 976.42 502.024 558.443 474.397 1207.98 355.046 788.521 23829.3 14976.1 1036.63 8853.14 8309.97 874.001 7435.97 1040.04 6395.93 543.171 234.405 805.445 107.898 13939.5 1997.65 1048.33
internal_count=1274774 363768 362157 189773 41529 172384 64586 107798 47783 20612 60015 43974 14043 27486 911006 518008 48012 392998 378023 23072 354951 52994 301957 14975 5725 20918 2617 469996 81721 46551
is_linear=0
shrinkage=0.08


Tree=224
num_leaves=31
num_cat=0
split_feature=3 3 0 0 2 4 0 3 4 4 3 0 2 8 6 0 2 8 8 3 5 4 3 2 5 2 0 2 4 6
split_gain=6.94065 7.44797 59.516 32.5338 30.7813 28.7248 22.4218 158.682 95.435 34.541 28.262 32.1802 29.006 22.2818 17.9031 15.5602 15.12 12.386 19.5999 12.8533 12.0103 11.5715 15.2739 9.88293 7.42904 7.00159 5.41762 4.66013 4.16647 3.81867
threshold=1.0000000180025095e-35 0.58397436141967785 0.52240803837776195 0.4901809841394425 0.59611794352531444 19.500000000000004 0.56691542267799389 0.68614074587821972 6.5000000000000009 13.500000000000002 0.65058138966560375 0.6776927411556245 0.63686314225196849 1.0000000180025095e-35 0.64720091223716747 0.60107529163360607 0.21132376790046695 0.75000000000000011 1.0000000180025095e-35 0.50333333015441906 0.64722883701324474 3.5000000000000004 0.61451050639152538 0.54201978445053112 0.41743351519107824 0.33520600199699407 0.43792808055877691 0.52689418196678173 6.5000000000000009 0.90632697939872753
decision_type=2 2 2 2 2 2 2 2 2 2 2 2 2 2 2 2 2 2 2 2 2 2 2 2 2 2 2 2 2 2
left_child=28 2 14 5 13 21 7 8 -5 -9 11 -8 -12 27 16 -15 24 18 -16 -19 -18 23 -23 -3 -2 29 -27 -4 -1 -7
right_child=1 3 4 6 -6 25 10 9 -10 -11 12 -13 -14 15 17 -17 20 19 -20 -21 -22 22 -24 -25 -26 26 -28 -29 -30 -31
leaf_value=0 0.043731026117094868 0.065979951710321935 -0.04128244662172801 -0.010433056544132051 -0.024840493906070901 -0.050705245190489724 0.016244740348402297 0.0360578312956817 -0.064210592468007033 -0.0049067013727603073 -0.0087006942071949766 -0.031581438591880763 3.9102791292997387e-05 0.042709748845585351 -0.00088483238552319041 -0.019414262730101044 -0.024219799408691935 0.0019104510540021255 0.025936147032812502 -0.0092583895433772778 0.030918777596353246 -0.0053381181996472616 0.026319358844921283 0.0013804744802118738 0 0.016718091621651117 -0.018347776321108497 0.0034595300925642425 -0.082862874315330168 -0.0048047995778500094
leaf_weight=5.3797808550116297 27.636541909422704 66.695274853382216 21.092130561366503 551.49022482917098 57.310149614284455 32.45785133568279 995.0882988681733 375.58298894553172 349.09921378581839 190.08445546292387 2872.5534349385489 92.308740202282934 15409.028102289063 430.13670897579868 358.90375203231815 21.011943675664952 401.75770753369488 3662.6129533276981 314.59017425522143 798.70799334516778 20.279364096553763 119.45745749376511 368.65199744134407 26.077656815583396 79.903785349277314 55.510821745494468 47.757440125065841 20.06133170836074 5.357940775109455 31.121824621281121
leaf_count=47 1540 2250 5214 26286 1923 2613 26578 18573 21502 12778 134208 3091 747607 6225 6188 425 137776 52828 3643 8331 2406 7832 24738 1022 4878 6087 4291 2880 61 1504
internal_value=-3.53363e-05 0 0.00243409 -0.000707985 0.027445 0.0156152 -0.00130507 -0.0108323 -0.0316952 0.0220895 -0.000572983 0.0119124 -0.00132742 0.0340419 0 0.0392845 -0.0139483 0.00143443 0.0115063 -6.14033e-05 -0.0208647 0.0240718 0.0182716 0.0504572 0.0114942 -0.0127393 0 -0.0179932 -0.0531482 -0.0325587
internal_weight=27807.7 27797 6214 21583 549.612 747.73 20835.2 1466.26 900.589 565.667 19369 1087.4 18281.6 492.302 5664.39 451.149 529.577 5134.81 673.494 4461.32 422.037 580.882 488.109 92.7729 107.54 166.848 103.268 41.1535 10.7377 63.5797
internal_count=1275325 1275217 234257 1040960 16667 50337 990623 79139 47788 31351 911484 29669 881815 14744 217590 6650 146600 70990 9831 61159 140182 35842 32570 3272 6418 14495 10378 8094 108 4117
is_linear=0
shrinkage=0.08


Tree=225
num_leaves=31
num_cat=0
split_feature=9 2 0 6 5 0 3 6 6 5 3 2 6 5 0 3 5 6 5 8 2 6 6 5 8 8 1 3 1 6
split_gain=4.82985 6.66017 5.98002 22.0115 16.7877 19.5099 15.1513 15.1472 21.2169 14.3093 8.67089 6.8313 6.30795 13.7201 7.98188 4.67358 3.66923 17.1198 26.8006 20.6348 22.6343 18.3731 14.5799 36.0293 10.847 30.5707 13.1991 11.0636 8.69377 8.63056
threshold=1.0000000180025095e-35 0.92637759447097789 0.53410854935646068 0.68500718474388134 0.67576888203620922 0.6911335587501527 0.56773442029953014 0.66802722215652477 0.77154105901718151 0.64722883701324474 0.61167800426483165 0.39152845740318304 0.98418948054313671 0.92545253038406383 0.38757823407649999 0.82952776551246654 0.92935234308242809 0.96120268106460582 0.96647506952285778 0.75000000000000011 0.88036698102951061 0.99285680055618297 0.98636335134506237 0.98369517922401439 0.75000000000000011 1.0000000180025095e-35 0.78319624066352855 0.76253134012222301 0.28759399056434637 0.98120275139808666
decision_type=2 2 2 2 2 2 2 2 2 2 2 2 2 2 2 2 2 2 2 2 2 2 2 2 2 2 2 2 2 2
left_child=1 2 3 6 7 10 9 11 -9 -1 -6 -4 13 -5 -14 -8 29 24 19 20 -19 -21 -20 -24 25 -18 -27 28 -26 -2
right_child=16 -3 4 12 5 -7 15 8 -10 -11 -12 -13 14 -15 -16 -17 17 18 22 21 -22 -23 23 -25 27 26 -28 -29 -30 -31
leaf_value=0.00028604884470151664 -0.0011350896330723332 0.015842893118191776 0.042990038883976067 0.0013648830920710792 0.030784297817451428 0.04946367062199325 0.043123144126527971 -0.053924121058105408 0.0017638300171499903 0.050302376667770619 -0.0046973225259352549 -0.0036538753659891171 0.019866224894463963 -0.021246761453893051 -0.028499606459465806 0 0.0065859036391344543 -0.046506228779948561 0.0088617587520676555 -0.02046013240799912 0.011484100153179709 0.011914520444254523 -0.070008541144125649 -0.00075676551374784413 0.022740438405020422 0 -0.069403430346503786 0.023735428870604886 -0.0015996426900573857 0.0073299953700577524
leaf_weight=262.62384239812764 18673.461430453062 229.94369259953965 15.093484605946285 1440.9700863253893 50.398652353680518 71.704225329335713 152.6253232251911 89.330317920295784 71.197592122327478 38.886773989070207 195.93675788136534 1039.5368277358211 173.89987434561772 188.8923306253273 17.936780162373907 19.122879324713722 739.79172392375767 194.43365165180876 1060.9033328207006 229.9541699004767 47.504639021528419 204.57608686007734 46.435885516111739 824.71920336734183 122.36507291533053 30.897954860236496 46.730713095807005 418.46211229473556 318.28015730140032 795.24743012325052
leaf_count=15057 764923 121557 215 14681 1583 105149 3057 9106 33108 784 24356 27347 3997 1884 1586 381 4968 2388 21751 6208 1903 8167 1470 40824 716 345 1101 20423 3528 32560
internal_value=0.000122845 0.00267578 0.00182351 0.00442583 -0.00196948 0.0141023 0.0197066 -0.00634759 -0.0289515 0.00797415 0.00239339 -0.00263562 0.00032538 -0.00121478 0.0139221 0.0385899 -0.000307037 0.00179977 -0.00220591 -0.0158806 -0.0344699 -0.00489203 0.00252802 -0.00500922 0.00811542 0.00128408 -0.0446464 0.0143851 0.00497976 -0.000779303
internal_weight=27811.9 4058.1 3828.16 2294.96 1533.2 318.04 473.259 1215.16 160.528 301.511 246.335 1054.63 1821.7 1629.86 191.837 171.748 23753.8 4285.05 2608.53 676.469 241.938 434.53 1932.06 871.155 1676.53 817.42 77.6287 859.107 440.645 19468.7
internal_count=1275123 363848 242291 41427 200864 131088 19279 69776 42214 15841 25939 27562 22148 16565 5583 3438 911275 113792 82711 18666 4291 14375 64045 42294 31081 6414 1446 24667 4244 797483
is_linear=0
shrinkage=0.08


Tree=226
num_leaves=31
num_cat=0
split_feature=3 3 3 3 3 3 3 3 4 0 3 3 4 0 0 3 0 1 4 3 3 3 3 0 3 1 4 4 4 6
split_gain=4.49298 29.0701 20.243 45.4488 13.3395 13.8573 12.2798 43.9536 10.6366 9.93632 10.3992 28.4021 16.5203 8.52064 12.0307 6.74593 6.64301 6.302 5.69619 5.43296 5.40801 5.35195 7.67336 5.07688 4.79533 4.59715 3.92354 3.87228 4.60677 3.5131
threshold=0.35767590999603277 0.33589744567871099 0.37590579688549047 0.39718310534954077 0.34549072384834295 0.35388994216918951 0.37089946866035467 0.36515152454376226 11.500000000000002 0.15047170221805575 0.40270270407199865 0.41444373130798345 5.5000000000000009 0.29459981620311743 0.2014492750167847 0.38165266811847692 0.35585997998714453 0.25143678486347204 29.500000000000004 0.30368906259536749 0.35043859481811529 0.49151568114757543 0.41728855669498449 0.32049381732940679 0.33060109615325933 0.24068965017795566 36.500000000000007 2.5000000000000004 9.5000000000000018 0.80654072761535656
decision_type=2 2 2 2 2 2 2 2 2 2 2 2 2 2 2 2 2 2 2 2 2 2 2 2 2 2 2 2 2 2
left_child=1 8 6 15 -3 17 7 29 13 21 12 -12 -11 14 19 -4 -17 -6 23 -1 -19 22 -5 25 -16 -8 -23 -15 -29 -2
right_child=2 4 3 9 5 -7 18 -9 -10 10 11 -13 -14 27 24 16 -18 20 -20 -21 -22 26 -24 -25 -26 -27 -28 28 -30 -31
leaf_value=-0.0011938245643574549 0 -0.076893335955643349 -0.017338584025179862 -0.037775731830826512 -0.024537909844497222 -0.057018946285647597 0.020206790777531333 -0.067663130949382616 0.0072884849189209181 0.05129847487314565 -0.05107735269752383 8.4970695614232199e-05 0.0046621175621727228 0 -0.022515809931370458 -0.06401861682865348 0 -0.0099318619858018778 -0.012115593173924789 0.026470570755334703 0.029413068867209315 -0.060787425692036337 0.029748128950926295 -0.0012049965139625492 -0.0016744109913512245 0.048665519016993557 0 0.067401149090204754 0 0.0231814450957816
leaf_weight=314.99118287743295 57.788800986261776 33.051880094169974 66.300310195159909 16.542171974266239 58.615265857646591 44.391387217365263 118.6808602346573 41.18891953601451 665.61288946487184 58.419035373102815 64.63017340478109 24988.088644769618 258.95737492091212 6.7228700269188293 303.5571565424234 81.958932048244606 9.0758755828737758 35.661768241465325 12.842794937605502 46.61832967675582 37.165082875137159 28.166007154388357 15.794180222786961 18.368099397777769 115.12420934276815 100.45504131709095 3.81015907730034 14.881786822401411 3.2049045327221384 171.46789031731896
leaf_count=3815 4478 2853 3755 166 1274 2746 1321 3348 9644 3482 6856 1188109 7829 465 9786 7563 1495 2254 170 580 2047 613 153 1548 3343 2615 68 948 136 1561
internal_value=-0.000164657 -0.00417104 8.76632e-05 -0.000225372 -0.0317311 -0.0204656 0.0156304 0.0030186 -5.40241e-05 3.76468e-05 0.000126544 -5.07965e-05 0.0144052 -0.00632943 -0.00805332 -0.0424216 -0.0571695 -0.00531088 0.0283022 0.00224859 0.00869054 -0.0302015 -0.000942335 0.0313523 -0.0172501 0.0347611 -0.0513347 0.0347782 0.0513341 0.0175737
internal_weight=27792.1 1679.6 26112.5 25591.7 208.885 175.834 520.792 270.446 1470.71 25434.4 25370.1 25052.7 317.376 805.1 780.291 157.335 91.0348 131.442 250.347 361.61 72.8269 64.3125 32.3364 237.504 418.681 219.136 31.9762 24.8096 18.0867 229.257
internal_count=1275021 39891 1235130 1220089 11174 8321 15041 9387 28717 1207276 1206276 1194965 11311 19073 17524 12813 9058 5575 5654 4395 4301 1000 319 5484 13129 3936 681 1549 1084 6039
is_linear=0
shrinkage=0.08


Tree=227
num_leaves=31
num_cat=0
split_feature=2 0 3 0 4 1 3 0 1 3 3 3 4 3 4 1 1 3 0 2 3 0 4 2 3 1 0 1 2 0
split_gain=5.97342 6.28512 7.65265 6.70328 3.97853 9.61652 39.3282 24.5165 28.8675 43.3789 34.2071 15.2994 28.9807 26.4756 9.91671 137.931 39.3795 6.63437 16.6489 16.8683 11.1002 9.41014 7.47022 9.31441 7.3796 6.16568 4.62705 3.8691 5.48251 3.30495
threshold=0.98717737197875988 0.89871358871459972 0.92885261774063121 0.7729182541370393 8.5000000000000018 0.69614070653915416 0.64051282405853283 0.57307061553001415 0.51471862196922313 0.58898946642875682 0.6900656819343568 0.69920635223388683 17.500000000000004 0.78086888790130626 9.5000000000000018 0.99565216898918163 0.93710443377494823 0.39718310534954077 0.30068494379520422 0.23606811463832858 0.38165266811847692 0.36643192172050482 7.5000000000000009 0.25143678486347204 0.65058138966560375 0.97467949986457836 0.27475491166114813 0.13714733719825747 0.25949975848197943 0.15047170221805575
decision_type=2 2 2 2 2 2 2 2 2 2 2 2 2 2 2 2 2 2 2 2 2 2 2 2 2 2 2 2 2 2
left_child=4 3 -3 -2 17 7 25 8 10 -10 -6 12 -9 -13 15 -8 -16 20 22 21 27 -20 23 -19 -21 -7 -24 29 -29 -1
right_child=1 2 -4 -5 5 6 14 11 9 -11 -12 13 -14 -15 16 -17 -18 18 19 24 -22 -23 26 -25 -26 -27 -28 28 -30 -31
leaf_value=0.021799244527127441 0.00027625759806808499 -0.03076436721582718 0.0056389669573262144 0.051042904883451111 -0.0012601144583843447 -0.092642388787527924 0.02698611600269063 0.029495920401435161 0.021117591591800138 -0.03693563944434991 0.034939006284671524 -0.025647420034921629 -0.048292175750008555 0.017840377983653039 -0.014971029249170572 -0.038776670850850514 0.0057984248809478302 0 0 0.0039505381234118961 -0.049622403847712646 0.082472083906086277 0.019710452021411324 0.058074549877706272 -0.0002779714710990014 0 -0.036726046023383009 -0.011413591523974512 0.0017139337065282144 -0.011394176395402342
leaf_weight=58.07214621734056 39.563029016526343 32.536026644174854 893.36356974764658 35.547311389943388 3694.7217590057608 32.470731529832847 341.68519843160357 400.57268511058828 104.31581749874476 307.86901454349754 169.87813946487768 138.50638353773138 27.236325801597559 232.05121838083869 887.33060075760204 487.23837288338837 1678.9569004581717 23.572248852662597 16.512365959963063 3236.7239875825417 31.814192125875707 20.11401341400051 16.223291112495648 60.09090688937431 13997.850893559325 3.5017771441198411 10.842373453080652 470.66650378884151 321.26254043671543 16.881763709359802
leaf_count=521 18027 4982 138758 12316 116700 2237 11028 9563 6903 33185 8611 6485 529 13338 36616 10198 62451 290 302 144912 5013 341 214 1494 597756 41 282 9228 21439 176
internal_value=6.01646e-05 0.00611628 0.00402951 0.0279859 -0.000161275 -0.00159452 -0.00486774 0.000589541 -0.00178419 -0.021783 0.00033285 0.0134366 0.0236732 0.0010345 -0.00387226 -0.0114779 -0.00133583 0.000497146 0.000852462 0.000640172 -0.00616476 0.0515439 0.0311241 0.0424693 0.000507794 -0.0829819 -0.000109372 -0.00411095 -0.00591003 0.012077
internal_weight=27788 1001.01 925.9 75.1103 26787 8506.33 3431.18 5075.15 4276.78 412.185 3864.6 798.367 427.809 370.558 3395.21 828.924 2566.29 18280.6 17381.9 17271.2 898.697 36.6264 110.729 83.6632 17234.6 35.9725 27.0657 866.883 791.929 74.9539
internal_count=1273936 174083 143740 30343 1099853 317885 122571 195314 165399 40088 125311 29915 10092 19823 120293 21226 99067 781968 745591 743311 36377 643 2280 1784 742668 2278 496 31364 30667 697
is_linear=0
shrinkage=0.08


Tree=228
num_leaves=31
num_cat=0
split_feature=5 6 5 8 8 6 0 0 1 0 8 1 8 5 2 2 4 1 0 1 0 4 2 0 4 4 1 1 4 4
split_gain=3.97017 18.8566 17.2098 32.5503 21.0887 18.7121 14.8368 29.97 11.3647 23.0553 11.3278 23.9603 10.7793 9.91102 8.84585 8.79025 7.74355 7.48428 58.0346 42.1415 61.6306 80.4244 59.3303 35.1482 48.9126 35.4555 45.251 34.4864 30.3462 26.5234
threshold=0.49324201047420507 0.49629549682140356 0.30803118646144872 0.75000000000000011 0.75000000000000011 0.39688599109649664 0.80925628542900097 0.62258651852607738 0.65895724296569835 0.6911335587501527 0.75000000000000011 0.56440424919128429 1.0000000180025095e-35 0.37219369411468511 0.46709956228733068 0.93788579106330883 12.500000000000002 0.91331186890602123 0.87827673554420482 0.87428161501884472 0.78305691480636608 7.5000000000000009 0.84877073764801036 0.82793453335762035 7.5000000000000009 10.500000000000002 0.99565216898918163 0.83910790085792553 10.500000000000002 13.500000000000002
decision_type=2 2 2 2 2 2 2 2 2 2 2 2 2 2 2 2 2 2 2 2 2 2 2 2 2 2 2 2 2 2
left_child=1 2 4 5 8 -4 7 -5 14 -10 11 12 -3 -7 -1 -13 -12 18 19 22 28 -22 27 24 -19 26 -26 -2 -21 -27
right_child=17 10 3 6 -6 13 -8 -9 9 -11 16 15 -14 -15 -16 -17 -18 23 -20 20 21 -23 -24 -25 25 29 -28 -29 -30 -31
leaf_value=0.0065676049253845948 -0.0011911550530419536 0.020428741069766002 -0.046365316403343293 -0.0099190582219115687 0.044953391695679176 0.0091084380456673188 -0.021046059105996658 0.041618166698254029 0.015400986266869737 -0.00082943702570070137 -0.00091626652513593615 0.0051919638123951554 0.069449550733979515 -0.020935161427676156 -0.020741850879376182 0.033343390097162633 0.014289603980141572 0.030912872996703419 0.024740200884713175 0.016501102038970417 -0.052902795817787229 0.034085016502516309 0.034833278454022613 -0.0033776371860984758 0.054376238418471945 0.025365808282327595 -0.01844310678167466 -0.018849205846018853 -0.034128256380081427 -0.0014487064627353231
leaf_weight=91.892015943541992 12176.311675434494 82.5635233673529 167.28412182629654 133.99111787376023 63.795168534619734 86.838015069685753 84.362939764047042 139.13484117027838 644.02151277103439 3996.5832873715408 860.08342283969068 654.39367914272589 63.109283578422037 238.59915069466206 265.78734441900633 79.483270207809255 273.59079178620959 528.55378776679663 510.37861564767991 298.0983280731125 404.59286904899272 75.63915812279447 277.05537764553446 3151.2732842859577 54.49794782195022 493.09617447536584 583.98504523550582 749.18965506940731 95.238754978796351 427.57351843115975
leaf_count=14732 253899 4380 241450 29173 1985 24098 1805 3006 14525 56041 48221 13519 1545 78341 19224 3998 9139 48833 31471 8011 7821 1619 9090 279746 968 14343 14659 15859 1237 22311
internal_value=-5.08648e-05 0.00145571 -0.000798214 -0.0113096 0.000945082 -0.0246148 0.00667394 0.0160358 0.000307044 0.00140273 0.00813972 0.0149675 0.0443277 -0.0124178 -0.0132908 0.00866248 0.0026595 -0.000661422 -0.00159886 -0.00257368 -0.019554 -0.038662 -0.00143106 0.00191714 0.00997473 0.00269827 -0.0116047 -0.00223392 0.00356603 0.0127993
internal_weight=27751 7925.51 5912.29 850.21 5062.08 492.721 357.489 273.126 4998.28 4640.6 2013.22 879.55 145.673 325.437 357.679 733.877 1133.67 19825.5 14586.5 14076.1 873.569 480.232 13202.6 5238.98 2087.71 1559.15 638.483 12925.5 393.337 920.67
internal_count=1275049 565182 484380 377873 106507 343889 33984 32179 104522 70566 80802 23442 5925 102439 33956 17517 57360 709867 329007 297536 18688 9440 278848 380860 101114 52281 15627 269758 9248 36654
is_linear=0
shrinkage=0.08


Tree=229
num_leaves=31
num_cat=0
split_feature=2 1 3 0 0 2 1 3 3 3 2 0 0 5 0 0 1 3 0 3 1 3 1 3 3 0 0 3 2 0
split_gain=5.65786 48.9194 84.431 41.3905 50.8082 110.99 60.2139 83.6551 29.3156 28.7166 48.1769 35.8017 28.764 27.7156 24.0238 19.8284 18.0504 17.6436 17.4836 14.8477 12.9317 71.9985 76.9465 65.0057 36.2827 129.115 119.024 10.9417 29.9399 20.1373
threshold=0.78086888790130626 0.82426470518112194 0.81872946023941051 0.87428161501884472 0.77836257219314586 0.66961652040481578 0.78142958879470836 0.85028737783432018 0.92031747102737438 0.75905716419219982 0.84028983116149913 0.69860395789146434 0.74646764993667614 0.58260074257850658 0.78086888790130626 0.82404541969299328 0.96590468287467968 0.7454303801059724 0.82404541969299328 0.70659971237182628 0.81872946023941051 0.87841832637786876 0.87570226192474376 0.77459675073623668 0.75162336230278026 0.64051282405853283 0.68870675563812267 0.96693986654281627 0.8263767957687379 0.89512962102890026
decision_type=2 2 2 2 2 2 2 2 2 2 2 2 2 2 2 2 2 2 2 2 2 2 2 2 2 2 2 2 2 2
left_child=3 2 14 4 20 17 -7 -8 15 10 11 -3 16 -5 -2 -4 -11 -6 -13 -12 24 23 -23 -22 26 -26 -1 28 -14 -29
right_child=1 9 8 13 5 6 7 -9 -10 12 19 18 27 -15 -16 -17 -18 -19 -20 -21 21 22 -24 -25 25 -27 -28 29 -30 -31
leaf_value=-0.0016202449222383116 0.0058386041276304182 -0.0073860904650277504 -0.032299750786680924 0.0058921238959296933 -0.054206940854207283 0.00030174605628005346 -0.11445256778287924 -0.032311916908284805 0.02622136880702557 0.039165772687604752 0.038211085103939273 -0.10619881177392916 -0.017503625692186563 0.051133143874294316 0.058753917825980717 0.031127037764470379 -0.0023676486613763859 0.019789677246454133 0 -0.011147382137263191 -0.0029560243469039095 -0.050613078616554827 0.0015260883767835335 0.040542021299263646 0.018870720497848686 -0.022622175241058032 0.028896924315700293 0.0083830012889744513 0.00038824777693340356 -0.0024194876595391014
leaf_weight=10433.527794479707 77.305028892631526 60.951058651155108 199.98338328161481 211.96611595114973 16.217619910759822 144.16549921493424 118.12793692486957 266.0648519896713 110.6993605838652 197.27261559946874 54.346040066966452 67.127205859433161 708.4703501746344 155.4603637272694 292.20418678234273 30.661448148304771 88.850718493683416 327.35566776065752 10.875377037122233 102.94779686470065 351.91354045488697 195.99195215373038 1788.9202266504835 550.95469454586055 674.81882299766767 1609.2100593023042 882.18755312284884 2269.4680826146196 3620.0429468443263 2110.9708185309591
leaf_count=413527 2459 1414 6814 8937 474 5222 3657 8538 5257 8494 4933 1538 21287 20388 8182 1035 11427 19110 353 6990 10774 7997 71454 17257 40170 72924 29159 89647 190467 184733
internal_value=0.000372374 0.00189644 0.0220511 -0.000478829 -0.00105352 -0.0198178 -0.0427591 -0.0591248 -0.00622814 0.000326213 -0.0239463 -0.0575054 0.00115625 0.025893 0.0483365 -0.0227074 0.0258995 0.0151104 -0.0919368 0.00557225 -4.57729e-05 0.00480138 -0.00365601 0.0234885 -0.00108817 -0.0102787 0.000756491 0.000310582 -0.0025201 0.00314388
internal_weight=27729.1 10002.2 710.853 17726.9 17359.5 871.932 528.358 384.193 341.344 9291.32 296.247 138.954 8995.08 367.426 369.509 230.645 286.123 343.573 78.0026 157.294 16487.5 2887.78 1984.91 902.868 13599.7 2284.03 11315.7 8708.95 4328.51 4380.44
internal_count=1274618 545030 23747 729588 700263 37001 17417 12195 13106 521283 15228 3305 506055 29325 10641 7849 19921 19584 1891 11923 663262 107482 79451 28031 555780 113094 442686 486134 211754 274380
is_linear=0
shrinkage=0.08


Tree=230
num_leaves=31
num_cat=0
split_feature=9 4 6 4 1 6 3 3 1 6 1 2 3 1 1 3 4 6 3 6 2 8 1 4 4 4 3 3 1 6
split_gain=4.78709 9.58272 6.76383 8.83417 5.97821 5.89473 25.3187 22.5916 11.5646 7.22322 3.93683 3.75048 3.50272 20.8056 57.3782 60.8175 39.0082 24.9558 57.8479 20.5286 12.2669 23.7469 22.4965 38.4078 11.486 28.905 36.6033 24.1182 24.063 19.9856
threshold=1.0000000180025095e-35 1.5000000000000002 0.98494350910186779 23.500000000000004 0.34525330364704138 0.68500718474388134 0.87026646733284008 0.63702240586280834 0.54201978445053112 0.55433616042137157 0.13714733719825747 0.47395551204681402 0.9689110815525056 0.93710443377494823 0.96684980392456066 0.98648402094841015 2.5000000000000004 0.64720091223716747 0.99473685026168834 0.72982835769653331 0.92247596383094799 1.0000000180025095e-35 0.9689110815525056 1.5000000000000002 12.500000000000002 10.500000000000002 0.87841832637786876 0.75905716419219982 0.60640108585357677 0.87194395065307628
decision_type=2 2 2 2 2 2 2 2 2 2 2 2 2 2 2 2 2 2 2 2 2 2 2 2 2 2 2 2 2 2
left_child=1 -1 5 4 10 8 7 -7 9 -3 -4 -10 20 17 16 19 -15 -14 -19 -16 24 22 23 -22 25 -2 -27 28 -26 -29
right_child=12 2 3 -5 -6 6 -8 -9 11 -11 -12 -13 13 14 15 -17 -18 18 -20 -21 21 -23 -24 -25 27 26 -28 29 -30 -31
leaf_value=0.01135777009740074 -0.0013721085269526203 0.0012164881960375065 -0.0076996290535297921 -0.013024563231808436 0 -0.00058877365954948264 0.056589395730588188 -0.025253501486988777 0.01864394594935111 0.023057368750508924 0.037593015444656146 -0.0025548047265687855 -0.0023794757932965212 -0.10344013985664424 0.014991369287333398 -0.00050456209836607761 0 -0.011745545875780928 0.092329631275441248 0.063766995053330458 0.0095985768890998902 -0.0016581185332624226 -0.013045854834246667 0.066976151439148174 0.001842542422771597 -0.0072823574768889933 -0.044743926528687833 0.0016753919420012065 -0.028193348695236264 0.031323119527916089
leaf_weight=661.82574868287975 13398.185582131557 180.21439320858917 5.7427060456247991 43.812215377271059 36.44600998745409 1525.8647187570023 39.135723501679422 279.91568531071971 51.023895222562714 257.73056513769552 105.72967507651265 853.91105735889141 110.43229776631051 51.699190735162119 127.22018630236562 4877.6475692539534 37.7906601641007 54.764974238423747 72.890928213251755 118.02059748770262 209.86473729096178 695.46266011735133 82.923871493519982 120.37923963327194 1976.9631807120468 823.12953336836108 210.81018188525195 293.84287345880875 181.49874697055839 310.20415649597999
leaf_count=142766 488360 11553 253 2978 13716 14689 106785 37277 1119 5649 1653 26252 4623 1902 3299 168977 1502 1854 2121 7233 4005 54718 7430 3079 78334 37493 6251 21969 12948 4993
internal_value=2.54869e-05 0.00257443 0.00079284 0.0151928 0.0247494 -4.55696e-05 -0.00302654 -0.00455961 0.00392716 0.0145462 0.0336556 -0.00108782 -0.000401895 0.00136561 0.000267385 0.00143592 -0.0614687 0.0242505 0.0477149 0.0399088 -0.000937202 0.00717592 0.0222704 0.0316779 -0.00147154 -0.00238258 -0.015253 0.00322589 -0.000668453 0.0172956
internal_weight=27795.1 4041.35 3379.53 191.731 147.918 3187.8 1844.92 1805.78 1342.88 437.945 111.472 904.935 23753.7 5450.47 5212.38 5122.89 89.4899 238.088 127.656 245.241 18303.3 1108.63 413.168 330.244 17194.6 14432.1 1033.94 2762.51 2158.46 604.047
internal_count=1275781 364690 221924 18600 15622 203324 158751 51966 44573 17202 1906 27371 911091 191511 182913 179509 3404 8598 3975 10532 719580 69232 14514 7084 650348 532104 43744 118244 91282 26962
is_linear=0
shrinkage=0.08


Tree=231
num_leaves=31
num_cat=0
split_feature=3 0 0 4 3 0 0 4 3 0 4 0 0 4 4 3 3 0 4 0 0 3 3 4 3 3 3 4 6 6
split_gain=6.36919 52.7798 35.6306 46.5103 26.7208 71.9402 58.3393 48.9953 25.8281 155.413 77.4183 63.339 47.7295 45.0014 35.8913 31.0937 29.335 23.5553 25.2669 21.2354 21.0938 128.307 53.1154 18.0536 17.4531 17.4515 16.9648 16.1699 14.1655 19.7152
threshold=0.59299960732460033 0.53788751363754284 0.50225225090980541 6.5000000000000009 0.55625879764556896 0.47856706380844122 0.47856706380844122 13.500000000000002 0.6832355558872224 0.58885449171066295 3.5000000000000004 0.74443343281745922 0.58380147814750682 3.5000000000000004 13.500000000000002 0.90645834803581249 0.60136988759040844 0.61633428931236278 10.500000000000002 0.30860807001590734 0.6911335587501527 0.76689496636390697 0.73746865987777721 3.5000000000000004 0.53907206654548656 0.55351883172988903 0.61451050639152538 4.5000000000000009 0.49629549682140356 0.87727573513984691
decision_type=2 2 2 2 2 2 2 2 2 2 2 2 2 2 2 2 2 2 2 2 2 2 2 2 2 2 2 2 2 2
left_child=1 4 3 -2 5 19 27 24 9 13 -11 -12 14 -4 15 -10 -15 28 -19 -1 21 -14 -22 -8 -7 -21 -5 -6 -3 -30
right_child=2 17 8 26 6 7 23 -9 12 10 11 -13 20 16 -16 -17 -18 18 -20 25 22 -23 -24 -25 -26 -27 -28 -29 29 -31
leaf_value=0.0025376780691566776 0.04759998962074094 -0.010159832207980286 -0.01219991866424645 -0.025968780313608403 0.042515972582156329 0.031633321831277782 -0.015189046683935826 0.09359757168903661 0.035766597663116961 -0.018422305853463015 0.024961549216431927 -0.080997963495908362 -0.027518892148597318 -0.00073848785973440012 -0.0070312404698390299 -0.031003117865357952 -0.054345965740090256 0.0042658924912878067 -0.12066786840173904 -0.0096849277310040796 0.020907341078254444 0.0066622560844931686 -0.0013078836617649637 -0.058222904800841163 -0.0034652270699936016 0.043910120643735104 0.0095719980490294593 -0.0012131597859687182 0.054088979499457041 0.018258044821488024
leaf_weight=3206.6214507611794 206.28617011790857 39.781939892920491 411.09389901614668 94.340176339750542 68.600450646788886 256.57694282458033 123.4181544547173 66.47481884622357 500.55970347740094 477.50211357571243 918.24661696843941 32.141198430355871 1206.5636540353867 81.804889784092666 229.7562206766479 42.586620388326992 516.22609392672894 36.555642370873102 8.2475766138377349 1700.4038013583749 720.35725082101089 1658.3545343665751 13619.930436549988 168.6887744300775 125.61108610753581 33.934854837820239 580.75021835069083 179.18464288521591 204.45795946839644 235.43267056423065
leaf_count=70369 8930 8756 16980 6176 3151 8448 5820 1353 24621 15649 24680 960 48484 3002 13865 1622 26747 1552 279 111912 23292 74424 698106 9715 5425 1803 42450 11864 2536 2475
internal_value=-0.000251173 0.00194152 -0.000923489 0.0147615 -0.000192545 0.0014857 -0.0170997 0.0319881 -0.00161194 -0.00933592 0.00755711 0.0208055 -0.000553716 -0.0333164 0.0188149 0.0300044 -0.0473452 0.0261446 -0.0253254 -0.00128125 -0.00143832 -0.00770029 -0.000173892 -0.0411408 0.0197887 -0.00842106 0.0042157 0.010862 0.0314939 0.0356924
internal_weight=27750.5 6453.99 21296.5 881.377 5929.51 5389.62 539.892 448.663 20415.1 2437.01 1427.89 950.388 17978.1 1009.12 772.903 543.146 598.031 524.476 44.8032 4940.96 17205.2 2864.92 14340.3 292.107 382.188 1734.34 675.09 247.785 479.673 439.891
internal_count=1275446 245458 1029988 57556 229860 199310 30550 15226 972432 88018 41289 25640 884414 46729 40108 26243 29749 15598 1831 184084 844306 122908 721398 15535 13873 113715 48626 15015 13767 5011
is_linear=0
shrinkage=0.08


Tree=232
num_leaves=31
num_cat=0
split_feature=4 1 3 2 3 0 1 3 3 6 2 3 6 4 3 0 0 0 2 1 1 5 0 6 5 6 5 5 2 5
split_gain=4.94303 16.5057 19.1724 14.4577 20.05 40.5676 19.9653 14.9879 21.6941 13.2696 9.91785 14.4165 15.9917 9.90287 7.70798 7.63769 7.23033 6.99859 6.86258 7.46124 5.9116 5.86522 5.40471 5.11661 11.6088 16.2965 44.9087 31.085 14.5469 33.7536
threshold=16.500000000000004 0.5174442231655122 0.70396453142166149 0.34066730737686163 0.54653680324554454 0.43425877392292028 0.34066730737686163 0.60640108585357677 0.61633428931236278 0.89485698938369762 0.55036231875419628 0.97259759902954113 0.87727573513984691 18.500000000000004 0.31311275064945226 0.59299960732460033 0.15047170221805575 0.53788751363754284 0.54631218314170849 0.67962265014648449 0.35355392098426824 0.84232923388481151 0.56691542267799389 0.96981090307235729 0.80860316753387462 0.99061012268066417 0.96982702612876903 0.89875978231430065 0.63686314225196849 0.9492306411266328
decision_type=2 2 2 2 2 2 2 2 2 2 2 2 2 2 2 2 2 2 2 2 2 2 2 2 2 2 2 2 2 2
left_child=23 3 9 6 5 20 14 17 -9 18 21 13 -13 -12 -2 -11 -16 -6 -3 -20 -5 -4 -7 -1 -25 26 27 -26 -27 -30
right_child=1 2 10 4 7 22 -8 8 -10 15 11 12 -14 -15 16 -17 -18 -19 19 -21 -22 -23 -24 24 25 28 -28 -29 29 -31
leaf_value=0.0011144991283652723 0.01164320976187911 -0.041380899073152115 -0.037634307566912828 0.03115885222778721 -0.044149928271178113 0.094402580629658367 -0.082528464917787647 0.076692569062836072 -0.0007171332752996829 -0.034350646477785282 -0.0058428333795914793 0.0057474580729489702 -0.046120245878272889 0.033450400855900876 -0.024722500180416496 -0.11969000431259463 -0.0023037194912319211 0.019587096437608975 0.041934869076577119 -0.037872679808171411 -0.012660774105236186 0 0 0.010672068768585737 -0.003622512179467421 -0.0036929242162116057 -0.00049131924592399378 -0.051227527024651172 0.036699327761645403 -0.0080788903697255627
leaf_weight=22484.506206094571 219.91633743479861 19.816039423360507 84.908955752680413 24.088362816120934 51.505562040355471 51.387293122494157 15.014131779107627 23.024231518847955 111.40348812438788 29.822248534299433 59.064544842893156 72.987460213393206 63.576819467343739 90.948276646612612 99.13915254251333 16.853542947676033 1080.3568171963379 6.8081489301730462 17.434039092730021 4.9455180230506803 54.846653265338318 41.812045015147305 0.92370901635149394 369.07612458292533 151.15337904618718 956.55223790372474 858.22235778054892 236.48752150334803 207.14159860484688 206.74541816735473
leaf_count=1052115 2720 6792 11148 1082 3446 1196 1700 748 6478 217 2563 2635 7482 3311 1345 116 23256 133 794 593 4500 2226 8 18846 6894 15101 24874 11786 22041 39432
internal_value=0.000374096 -0.00321151 -0.0159184 0.000402435 0.0155919 0.0390998 -0.0030068 -0.000190429 0.0136685 -0.0489459 -0.00793384 0 -0.0180452 0.0172579 -0.00174891 -0.0768603 -0.00441955 -0.0332223 -0.0098061 0.0147594 0 -0.0261109 0.0903585 0.00069637 -0.00239588 -0.00431722 -0.0109369 -0.0333548 0.00160229 0.0141202
internal_weight=27710.5 2240.58 502.169 1738.41 323.987 131.246 1414.43 192.741 134.428 88.8714 413.298 286.577 136.564 150.013 1399.41 46.6758 1179.5 58.3137 42.1956 22.3796 78.935 126.721 52.311 25469.9 2985.38 2616.3 1245.86 387.641 1370.44 413.887
internal_count=1275578 84489 37877 46612 17591 6786 29021 10805 7226 8512 29365 15991 10117 5874 27321 333 24601 3579 8179 1387 5582 13374 1204 1191089 138974 120128 43554 18680 76574 61473
is_linear=0
shrinkage=0.08


Tree=233
num_leaves=31
num_cat=0
split_feature=9 0 6 8 4 0 3 6 6 6 6 6 5 0 0 5 4 0 3 0 3 6 8 5 6 5 3 0 8 4
split_gain=4.6235 6.62353 33.4845 7.08396 10.4036 10.3734 19.1356 16.9031 14.4966 17.0359 6.15974 5.88873 7.90617 5.52089 5.40478 5.25359 5.23503 8.40122 8.07284 7.08207 6.77946 4.38286 3.48521 2.75951 9.57467 29.7897 23.3674 9.17119 7.65603 7.43034
threshold=1.0000000180025095e-35 0.73735308647155773 0.68500718474388134 0.75000000000000011 1.5000000000000002 0.53410854935646068 0.60640108585357677 0.69249531626701366 0.83960041403770458 0.66802722215652477 0.97154423594474804 0.47229200601577764 0.47084967792034155 0.6911335587501527 0.44562648236751562 0.28653530776500707 5.5000000000000009 0.81861472129821788 0.87570226192474376 0.91715687513351452 0.96178188920021068 0.81977394223213207 0.75000000000000011 0.96647506952285778 0.9855765998363496 0.98369517922401439 0.57294833660125744 0.60107529163360607 0.75000000000000011 2.5000000000000004
decision_type=2 2 2 2 2 2 2 2 2 2 2 2 2 2 2 2 2 2 2 2 2 2 2 2 2 2 2 2 2 2
left_child=1 3 16 4 13 6 14 -8 9 -7 -10 15 -13 21 -5 -6 19 22 -19 20 -3 -1 -18 -2 27 26 -26 29 -28 -25
right_child=23 2 -4 5 11 8 7 -9 10 -11 -12 12 -14 -15 -16 -17 17 18 -20 -21 -22 -23 -24 24 25 -27 28 -29 -30 -31
leaf_value=0.047517515251668162 -0.00074276089857757636 -0.0010419764773926812 0.060702522172139436 0.00091829750118262599 0.0011717135097350701 -0.0050904435050764477 0.057616306923286981 0.0061079430434223779 0.016121268622927665 -0.038497860673863245 -0.020573161853571005 0.035387390757367861 0.0034654780361353865 0 -0.011837221623490098 -0.023484967522535365 -0.0089250125535976967 -0.014355464354151821 0.053566324084492835 0.0096525395071566551 -0.030565849020134095 0 0.02981059821995893 0.048400905056238626 0.017352659066046449 0 -0.15089014867558517 0.0026606486548234839 -0.043286718632809584 0.012584411800324831
leaf_weight=69.586702704769323 21719.665462051929 220.89697147671905 68.5200424851555 1610.6183562296937 201.84106813961989 279.63690343706912 64.674120570860396 121.96671428152695 144.46669842612437 159.17650683389729 28.591713643665571 64.136792275166954 235.1539363658012 22.142883800795971 237.99199569545999 66.127064432286716 60.442567473481176 7.7450574249960473 45.114976951990684 246.06042836174311 64.655239720232203 11.688983242054745 14.233706689978133 47.458317205979256 12.25143303722143 855.27341144575621 9.9585965612204728 740.79536894581543 24.102123018703423 243.5918137752451
leaf_count=1965 846484 8513 216953 23737 2865 3685 650 7209 28459 10355 10406 1489 10920 1792 2734 6009 1879 182 2234 16147 3769 1507 880 557 93 42101 203 18471 1194 1831
internal_value=-4.59164e-05 0.00244516 0.0093529 0.00087019 0.00820687 -0.000940276 0.00174348 0.0258289 -0.0100683 -0.0178665 0.00875277 0.00351373 0.0113011 0.0311241 -0.000665044 -0.00464544 0.00335727 0.0175862 0.0404686 0 -0.00868846 0.0403346 0 -0.000479163 0.00239376 -0.00349837 -0.0627041 0.00768843 -0.0941314 0.0196839
internal_weight=27698.6 4045.47 727.669 3317.8 670.677 2647.12 2035.25 186.641 611.872 438.813 173.058 567.259 299.291 103.419 1848.61 267.968 659.149 127.536 52.86 531.613 285.552 81.2757 74.6763 23653.1 1933.43 901.586 46.3122 1031.85 34.0607 291.05
internal_count=1275273 364339 250557 113782 26547 87235 34330 7859 52905 14040 38865 21283 12409 5264 26471 8874 33604 5175 2416 28429 12282 3472 2759 910934 64450 43591 1490 20859 1397 2388
is_linear=0
shrinkage=0.08


Tree=234
num_leaves=31
num_cat=0
split_feature=4 9 4 3 6 1 4 2 4 5 3 1 4 3 3 3 6 6 6 5 6 3 5 4 6 4 3 2 4 1
split_gain=5.47047 3.7147 6.2723 7.0687 13.8615 9.70902 17.3465 13.2013 6.3959 4.69666 10.2841 4.19424 6.71158 5.80781 22.0052 9.26852 5.28813 4.16742 3.17042 2.9527 3.92369 3.44841 2.4468 2.08135 1.85212 1.68809 1.57766 1.1764 1.42552 1.12578
threshold=34.500000000000007 1.0000000180025095e-35 2.5000000000000004 0.87570226192474376 0.55433616042137157 0.54201978445053112 7.5000000000000009 0.47395551204681402 7.5000000000000009 0.59621357917785656 0.63224515318870556 0.13714733719825747 16.500000000000004 0.27842378616333013 0.28869047760963445 0.30368906259536749 0.76675301790237438 0.88146743178367626 0.82780584692955028 0.30521412193775183 0.34573669731616979 0.91010102629661571 0.77150109410285961 8.5000000000000018 0.97685134410858165 7.5000000000000009 0.49151568114757543 0.27334994077682501 4.5000000000000009 0.16807910054922107
decision_type=2 2 2 2 2 2 2 2 2 2 2 2 2 2 2 2 2 2 2 2 2 2 2 2 2 2 2 2 2 2
left_child=1 2 9 5 8 7 -7 -4 -5 19 17 12 18 27 25 -16 -14 -11 22 21 -21 -1 -3 -20 -12 -15 -2 -13 -29 -6
right_child=26 11 3 4 29 6 -8 -9 -10 10 24 13 16 14 15 -17 -18 -19 23 20 -22 -23 -24 -25 -26 -27 -28 28 -30 -31
leaf_value=0.019250164595036545 -0.036167821612062258 0 0 -0.0050848968823444529 0 0.00081587666904308731 -0.025011603940621165 0.021769925312706735 0.016716780082165948 0.015558389541260239 0.03547382989699531 -0.013778612687397452 -0.0043775324266292302 0.010823051888932723 -0.027318790054212682 2.5152138953711533e-05 0.039498171022280995 -0.0048885626940964625 0 -0.031229492826476954 0.0013571181952782849 0 0.051742313053337499 -0.023867191904349491 0 0.040745626567897299 0 -0.0089739636170665348 0.027774125123288581 0.047769958324931527
leaf_weight=127.17834827010256 28.460883458453736 23.264810460375887 1797.5491409253664 188.50382451870246 0.062798898696199923 425.4910615899098 256.717397026041 194.17031066640629 141.95709612080827 113.58234232532595 123.85669969681248 228.09675475466065 14.281958988634868 38.753586777573219 74.581979248316202 22992.247934102361 61.281853746622801 117.90243339392691 35.238368660211563 20.119034391333116 354.66256275092474 102.51605575250505 5.1660577356815329 33.723360117524862 3.5659013306503757 83.376250628833077 20.596385823552282 5.4973004816929443 5.9217272541864077 55.308994763778173
leaf_count=3430 616 515 29278 6447 41 26097 8766 4508 3895 1722 118347 3486 409 932 2461 899749 304 1870 165 1008 36022 6420 27 169 5253 1046 1177 297 235 110986
internal_value=0.000412287 0.000467641 0.0027142 0.000878039 0.0109476 -0.000532942 -0.00878153 0.00222717 0.00391313 0.00834609 0.0156782 7.74164e-05 0.0123137 -8.69573e-06 0.000113773 -6.22254e-05 0.0294624 0.00458437 -0.000217878 0.00363723 -0.000359022 0.0107082 0.0185935 -0.0108692 0.0336897 0.0333084 -0.0249584 -0.0122798 0.00299281 0.0464785
internal_weight=27673.6 27624.6 4023.14 3059.76 385.833 2673.93 682.208 1991.72 330.461 963.383 358.907 23601.4 172.956 23428.5 23189 23066.8 75.5638 231.485 97.3926 604.476 374.782 229.694 28.4309 68.9617 127.423 122.13 49.0573 239.516 11.419 55.3718
internal_count=1275678 1273885 364090 190018 121369 68649 34863 33786 10342 174072 127192 909795 1589 908206 904188 902210 713 3592 876 46880 37030 9850 542 334 123600 1978 1793 4018 532 111027
is_linear=0
shrinkage=0.08


Tree=235
num_leaves=31
num_cat=0
split_feature=3 3 3 3 3 3 3 3 3 3 3 3 1 2 4 3 3 6 3 3 1 1 2 1 2 4 4 1 5 2
split_gain=5.53187 19.6752 15.2586 37.0001 9.96029 8.79475 32.6871 7.81395 20.3187 17.072 16.269 10.3726 7.44991 5.81426 5.4726 5.27705 17.9532 6.23574 4.54908 20.5032 9.56471 6.12675 3.48035 3.42059 3.02259 2.82654 2.82544 2.44573 2.12649 2.06356
threshold=0.35767590999603277 0.35388994216918951 0.37590579688549047 0.39718310534954077 0.38165266811847692 0.37089946866035467 0.36515152454376226 0.42947559058666235 0.42740046977996832 0.43951219320297247 0.40270270407199865 0.45534290373325353 0.38507877290248876 0.2674796879291535 28.500000000000004 0.33589744567871099 0.34549072384834295 0.96881943941116344 0.33060109615325933 0.32071428000926977 0.18808962404727939 0.2014492750167847 0.36451049149036413 0.32049381732940679 0.25143678486347204 22.500000000000004 15.500000000000002 0.26365442574024206 0.98369517922401439 0.2930081188678742
decision_type=2 2 2 2 2 2 2 2 2 2 2 2 2 2 2 2 2 2 2 2 2 2 2 2 2 2 2 2 2 2
left_child=1 15 5 4 24 6 13 8 10 12 -5 -11 -9 -2 23 18 -17 -18 19 21 25 -1 -10 29 -4 -20 -22 -19 -6 -7
right_child=2 -3 3 7 28 14 -8 9 22 11 -12 -13 -14 -15 -16 16 17 27 20 -21 26 -23 -24 -25 -26 -27 -28 -29 -30 -31
leaf_value=0.0031909362798908198 0.024095481743756735 -0.055566835853312554 -0.03235495648973493 0.01075442028328002 -0.062426065475680845 0.024595640110183777 -0.059070629128973692 -0.042473596742671767 0.029995829838552285 0.013833381250108825 -0.016501405908975791 -0.00024774707990232183 0.00076849071195855974 -0.00084454787536608069 -0.014982687164660556 -0.065638882503368301 -0.012676975290594502 0 -0.020612243230789803 -0.069688579944691895 0.019849315093447555 -0.0088103625360475123 0 0 0 0.0026554456520425126 0 0.041666051057565046 -0.0054973159451174444 0.056833406041724557
leaf_weight=588.24571151999771 151.96508376605198 42.558643114720326 23.317581348148451 335.2333411878335 73.038364476389688 195.15578542874937 40.04425382363479 82.478904461666389 218.87592698942899 334.44086187027278 232.94425608178972 24092.085262498498 25.768196452612756 76.894521908856404 13.23419848323101 32.332405526158254 100.27316125532707 17.224350016564131 78.930435017566197 24.812106108434818 185.64632253568016 482.55629613197016 17.348987571109319 21.434296035684383 46.240492528255345 35.73999021796044 77.291534575666446 17.445712141692638 12.267221222631632 24.810305711107503
leaf_count=6555 2109 2683 411 11480 8760 2857 3393 4638 4031 12750 16174 1154523 2282 3854 190 2820 5301 122 846 1841 5338 12306 1325 1768 3378 354 1486 211 168 880
internal_value=-0.000192044 -0.00463185 8.98496e-05 -0.000182851 -0.0385507 0.013548 0.00267318 5.28849e-05 0.00779166 -0.000195856 -0.000187381 -4.56119e-05 -0.0311875 0.0151928 0.0241434 -0.00304841 -0.0163882 -0.00152087 -0.0013752 -0.00407055 0.00597804 -0.00208453 0.0272525 0.0271982 -0.0117533 -0.0122153 0.0145894 0.0242427 -0.0567689 0.0301253
internal_weight=27700.6 1683.06 26017.6 25494 154.864 523.538 268.904 25339.2 804.403 24534.8 568.178 24426.5 108.247 228.86 254.635 1640.5 167.276 134.943 1473.22 1095.61 377.608 1070.8 236.225 241.4 69.5581 114.67 262.938 34.6701 85.3056 219.966
internal_count=1274834 39863 1234971 1219920 12717 15051 9356 1207203 33010 1174193 27654 1167273 6920 5963 5695 37180 8454 5634 28726 20702 8024 18861 5356 5505 3789 1200 6824 333 8928 3737
is_linear=0
shrinkage=0.08


Tree=236
num_leaves=31
num_cat=0
split_feature=3 3 3 3 3 3 3 3 3 6 5 4 3 5 6 6 6 5 8 5 6 3 6 2 7 4 5 5 5 2
split_gain=5.41604 14.8368 11.7417 30.3874 13.794 28.312 16.233 9.09497 9.47389 7.27601 15.0035 6.28865 5.81927 5.52272 5.64601 4.89753 4.24506 3.8848 3.83295 5.86392 3.75409 3.55645 5.16268 3.34301 3.98235 3.0994 2.69278 1.96016 3.06981 2.00911
threshold=0.35767590999603277 0.33589744567871099 0.36515152454376226 0.37089946866035467 0.37590579688549047 0.39718310534954077 0.38165266811847692 0.34549072384834295 0.35388994216918951 0.85014972090721141 0.7556847631931306 15.500000000000002 0.42947559058666235 0.84512934088706981 0.98031464219093334 0.6079215705394746 0.99799197912216198 0.90486964583396923 0.75000000000000011 0.46188034117221838 0.99285680055618297 0.35043859481811529 0.92693394422531139 0.28759399056434637 1.0000000180025095e-35 28.500000000000004 0.9492306411266328 0.95258533954620372 0.87647387385368358 0.28759399056434637
decision_type=2 2 2 2 2 2 2 2 2 2 2 2 2 2 2 2 2 2 2 2 2 2 2 2 2 2 2 2 2 2
left_child=1 9 27 -4 15 6 -6 -3 21 10 18 17 -7 14 -13 -5 -15 20 19 -1 -11 -9 -23 24 -12 -17 -19 28 -2 -30
right_child=2 7 3 4 5 12 -8 8 -10 11 23 13 -14 16 -16 25 -18 26 -20 -21 -22 22 -24 -25 -26 -27 -28 -29 29 -31
leaf_value=0.051319198084566281 0.018250809642661354 -0.063799712830964736 -0.065229152244427796 -0.019806663637671359 -0.0018423102539646843 0.0071877191533401205 -0.057936768100873427 -0.017942796517296473 -0.046282439540837945 -0.010856248772335665 0.036682873532810481 -0.018357918069205104 0.0002797448439619425 0.023022359615569022 0.027476262207408581 0.024176017223943101 -0.0011802837218808377 0.0065187177146924626 -0.0053056653394089872 0 -0.035465350837068636 -0.0080293958273777461 0.030237529653034959 -0.0054408255764297085 -0.0068810718173212418 -0.0060350584010497744 -0.008481983245868352 0.035901934221178683 0.003710599101902991 -0.029137016666628629
leaf_weight=15.18958869673588 152.14568740607501 29.324621280888095 40.082022861228324 11.686356646168859 65.29240571635728 804.67820180474519 78.588504643700617 55.911024837449077 41.618196301309581 313.68565889028832 114.78246175218374 85.344144692644477 24572.104654939852 105.87605397636071 14.356135649839414 227.98708887048997 58.620767975691706 113.13570578489453 331.40031264916615 62.026714763887867 53.52722386829555 43.547967987864467 32.188509376719594 7.223332049441523 6.78996508847922 12.96750978939235 186.98043720470741 40.530016562435776 33.424242655280977 9.9542795293964428
leaf_count=1024 5347 2797 3402 2630 3757 33143 8892 2762 2687 2601 1108 523 1173676 658 134 2997 491 787 17508 1987 382 2460 304 245 60 122 1369 338 217 136
internal_value=0.000249308 -0.00414727 0.000538308 0.000367793 0.000488646 0.000296279 -0.0344728 -0.0242099 -0.0150104 -0.00119901 0.00603893 -0.00555549 0.000506468 0.00442368 -0.00923299 0.0189169 0.013673 -0.00974776 -0.00118647 0.0137939 -0.0153015 -0.00262161 0.00711794 0.0293457 0.03281 0.02181 -0.00228858 0.0181266 0.0128408 -0.00275217
internal_weight=27721 1671.53 26049.4 25813.4 25773.3 25520.7 143.881 202.59 173.266 1468.94 537.412 931.526 25376.8 264.197 99.7003 252.641 164.497 667.329 408.617 77.2163 367.213 131.648 75.7365 128.796 121.572 240.955 300.116 236.054 195.524 43.3785
internal_count=1274544 39887 1234657 1228619 1225217 1219468 12649 11010 8213 28877 21932 6945 1206819 1806 657 5749 1149 5139 20519 3011 2983 5526 2764 1413 1168 3119 2156 6038 5700 353
is_linear=0
shrinkage=0.08


Tree=237
num_leaves=31
num_cat=0
split_feature=2 1 3 4 0 3 3 3 0 6 6 0 0 2 6 1 4 3 2 3 1 1 0 1 3 2 1 4 4 3
split_gain=5.37846 25.8035 19.2406 28.9827 20.8797 30.5047 14.9853 9.90426 16.1757 11.4902 10.3402 10.1235 8.47821 22.5991 10.7894 8.35328 8.16011 8.25821 7.6805 7.61246 29.0188 18.2487 7.48662 7.38068 16.6921 14.688 64.708 34.4015 15.9041 14.9295
threshold=0.88762626051902782 0.91922956705093395 0.89943820238113414 1.5000000000000002 0.90054944157600414 0.92031747102737438 0.97259759902954113 0.87841832637786876 0.92031747102737438 0.8578908145427705 0.97568368911743175 0.9547502100467683 0.94360822439193737 0.74443343281745922 0.55433616042137157 0.90353596210479747 3.5000000000000004 0.8521554470062257 0.87206766009330761 0.93395638465881359 0.99565216898918163 0.9404677450656892 0.89377820491790783 0.41712453961372381 0.61451050639152538 0.42280606925487524 0.56691542267799389 3.5000000000000004 15.500000000000002 0.54653680324554454
decision_type=2 2 2 2 2 2 2 2 2 2 2 2 2 2 2 2 2 2 2 2 2 2 2 2 2 2 2 2 2 2
left_child=12 2 16 4 15 -6 22 8 9 -3 19 -12 23 14 -14 -4 -2 -18 -15 20 -9 -21 -5 24 -1 26 27 -25 -28 -27
right_child=1 7 3 6 5 -7 -8 10 -10 -11 11 -13 13 18 -16 -17 17 -19 -20 21 -22 -23 -24 25 -26 29 28 -29 -30 -31
leaf_value=0.00069762683041026694 0.041405444008591891 0.011441114191674045 -0.025028673975314608 0.0039346620600859659 0.053321055866564139 -0.031521415937068011 -0.028635830499266338 0.024916512064585606 -0.06651532880910431 -0.025287559833414599 0.042299047186326044 -0.018397278861248163 -0.038468223554347897 0.044659182506391185 0.024263829331795491 -0.094421430059256475 -0.032593623474409972 0.042773367395850519 -0.0054502286466377317 -0.020513538047302951 -0.022834958898457661 0.00094640324937668083 0.046971915198414108 0 0.019553214360859567 0.010146736326986204 0.032177146906878007 -0.056787674806512194 -0.026059624469794495 -0.0016148665468391598
leaf_weight=4749.1033500770282 202.42681492458405 102.75652994251868 57.432867819625244 44.926347627144423 44.298778299489641 54.024164323207515 19.648266848254934 274.81815310467937 30.051266929407575 99.888492620881607 66.325284860260581 15.98505659325019 49.114129932391734 104.28562850445724 18.659166553999057 16.995162475199322 18.652607653064482 10.154084514419081 15.951554592717001 272.61964554946462 107.34532073667469 2843.3189864676924 116.37000420338518 101.92483497545982 317.76984713313141 712.55934501665251 153.46859213485368 200.13623589641884 29.994589465913123 16778.313166223968
leaf_count=154061 11685 11379 2025 1951 2401 1673 1055 17870 1784 21300 16288 22232 1555 10509 7123 453 864 506 540 12702 13296 212625 6274 6103 13520 37010 7413 21423 6864 650196
internal_value=-0.000114214 0.0024423 0.0180126 0.00557663 -0.0170536 0.0058858 0.0279201 0 -0.0157805 -0.00606573 0.00108169 0.0283005 -0.000605508 0.0160551 -0.018518 -0.0478348 0.0358369 0 0.0367815 0.000356081 0.0109687 -0.000909759 0.0364255 -0.000751837 0.00192982 -0.00151692 -0.0151968 -0.0379127 0.0213682 -0.0011238
internal_weight=27629.3 4398.04 584.929 353.696 172.751 98.3229 180.945 3813.11 232.696 202.645 3580.41 82.3103 23231.3 188.01 67.7733 74.428 231.234 28.8067 120.237 3498.1 382.163 3115.94 161.296 23043.3 5066.87 17976.4 485.524 302.061 183.463 17490.9
internal_count=1274680 358363 28887 15832 6552 4074 9280 329476 34463 32679 295013 38520 916317 19727 8678 2478 13055 1370 11049 256493 31166 225327 8225 896590 167581 729009 41803 27526 14277 687206
is_linear=0
shrinkage=0.08


Tree=238
num_leaves=31
num_cat=0
split_feature=3 3 3 3 0 0 0 3 4 2 3 2 2 4 3 3 0 4 5 5 0 1 5 4 4 7 1 4 1 4
split_gain=4.07243 12.3358 11.2027 14.2545 8.10774 6.96193 8.57268 10.4594 8.46535 8.33803 6.76184 6.73401 6.35183 6.33075 5.80822 7.08164 5.64641 5.04252 4.81037 4.47565 4.12546 3.76917 3.69028 3.66529 3.40688 2.49258 2.45472 3.85912 4.929 2.26487
threshold=0.28869047760963445 0.27842378616333013 0.33060109615325933 0.32071428000926977 0.2014492750167847 0.15047170221805575 0.30860807001590734 0.42740046977996832 17.500000000000004 0.21132376790046695 0.41444373130798345 0.21132376790046695 0.2237871661782265 9.5000000000000018 0.30368906259536749 0.31311275064945226 0.15047170221805575 2.5000000000000004 0.92334401607513439 0.79750719666481029 0.29459981620311743 0.18808962404727939 0.87421184778213512 33.500000000000007 3.5000000000000004 1.0000000180025095e-35 0.21483516693115237 5.5000000000000009 0.26365442574024206 4.5000000000000009
decision_type=2 2 2 2 2 2 2 2 2 2 2 2 2 2 2 2 2 2 2 2 2 2 2 2 2 2 2 2 2 2
left_child=1 16 3 4 14 11 7 8 -7 24 -11 23 -9 26 -2 -16 18 19 22 -18 21 -6 25 -4 -8 -1 -3 -28 -29 -24
right_child=2 13 5 -5 20 6 9 12 -10 10 -12 -13 -14 -15 15 -17 17 -19 -20 -21 -22 -23 29 -25 -26 -27 27 28 -30 -31
leaf_value=0.011129762833126609 -0.013070007691868982 0.016188874970162269 -0.029839111477542538 -0.068704263302810889 0.0044953190295321669 0.005380255738704356 0.066597279971334453 0.0016030604935953863 -0.0078958671306168134 -0.012881345469329189 -9.9193290169905652e-05 0.030086836122467299 0.018690072422699534 0.032271772066343726 0.038493428648213729 -0.011859926954146498 0 -0.0021495113812782778 0.030987108540725693 -0.048851127091624272 0.027694842520951859 -0.022670956770570367 0 0.0034247489898368531 0.008293413775786844 -0.023417323206178176 0.0055102079780506462 -0.06247285257572717 0.0030000997409938093 -0.037500986787061145
leaf_weight=130.22995751310737 36.740484707515861 42.914921525371028 103.51995648821321 23.901853537758143 25.676559477840783 954.26786607789381 11.290441468518109 231.83170005572174 443.09594375969937 263.3094548885274 24060.305779980874 9.6717115938372427 456.02806406266518 134.34851765978965 49.44027626105526 17.662911144878308 24.579940903022361 245.86943136397167 44.917756601702422 27.969867683015764 5.724904760500066 211.20364366636204 6.676330259069803 14.912050041166365 27.058963433864847 7.6117855160846366 26.916182852546626 10.062005694053367 5.4894032811862408 16.806003514677286
leaf_count=1457 540 515 1348 1808 424 29315 174 3335 8880 28588 1171760 104 10404 1527 561 259 800 3560 339 177 364 7015 40 204 490 158 674 176 159 105
internal_value=0.0001058 0.00600607 -4.79683e-05 -0.0137765 -0.00860824 0.000139888 0.000237666 0.00515701 0.00104324 -0.000177803 -0.000246759 -0.0180951 0.0132152 0.0216218 0.0088316 0.023117 -0.000624527 -0.00789725 0.00907908 -0.0294863 -0.0167469 -0.0190327 0.00126905 -0.0243855 0.0348512 0.00734899 0.00223557 -0.008714 -0.0364694 -0.0238277
internal_weight=27670 724.392 26945.6 370.351 346.449 26575.3 26447.2 2085.22 1397.36 24362 24323.6 128.104 687.86 219.731 103.844 67.1032 504.661 298.419 206.242 52.5498 242.605 236.88 161.324 118.432 38.3494 137.842 85.3825 42.4676 15.5514 23.4823
internal_count=1275260 9687 1265573 10971 9163 1254602 1252946 51934 38195 1201012 1200348 1656 13739 3051 1360 820 6636 4537 2099 977 7803 7439 1760 1552 664 1615 1524 1009 335 145
is_linear=0
shrinkage=0.08


Tree=239
num_leaves=31
num_cat=0
split_feature=0 5 1 3 1 1 0 5 1 3 1 1 0 4 3 4 0 3 1 0 0 3 1 0 0 1 3 1 5 0
split_gain=4.37743 3.94615 14.5081 5.38899 5.68744 9.17569 5.16247 4.47131 4.04412 3.868 12.3749 10.6443 4.2941 3.67915 33.8481 63.3443 44.188 37.3396 35.7409 34.5301 26.2312 15.4606 34.9471 89.9825 36.1094 19.8954 21.79 10.9942 3.01367 6.43677
threshold=0.97014260292053234 0.99206298589706432 0.84889996051788341 0.83424907922744762 0.25143678486347204 0.33534136414527899 0.89377820491790783 0.99805447459220897 0.75582656264305126 0.97014260292053234 0.98484501242637645 0.9759001135826112 0.98213717341423046 3.5000000000000004 0.90054944157600414 2.5000000000000004 0.87428161501884472 0.98484501242637645 0.93710443377494823 0.92232277989387523 0.58885449171066295 0.89943820238113414 0.69614070653915416 0.6569296419620515 0.61633428931236278 0.81284341216087352 0.96178188920021068 0.89699381589889537 0.56916823983192455 0.99565216898918163
decision_type=2 2 2 2 2 2 2 2 2 2 2 2 2 2 2 2 2 2 2 2 2 2 2 2 2 2 2 2 2 2
left_child=1 13 3 4 -3 -6 7 -4 -5 10 -2 -11 -12 14 16 19 20 -17 -18 -16 -1 22 23 -15 -24 26 -23 -27 -13 -30
right_child=9 2 6 8 5 -7 -8 -9 -10 11 12 28 -14 21 15 17 18 -19 -20 -21 -22 25 24 -25 -26 27 -28 -29 29 -31
leaf_value=0.010105103565772813 -0.03696918468398179 -0.0072253170242263407 0 0 0.024377667106759635 0.00048028743247820291 0 0.057913480116361583 -0.061559642890519468 0.044389849558490665 0.016156107864554462 0.0033063584199599315 -0.0095086016733535207 -0.0026487998827565938 -0.026380816699848261 0.027809742056089853 0.037814303591473621 -0.0088909618385547215 -0.030784482651785534 -0.0033928867732790878 -0.0013855933017614577 0.025514115894772215 0.00914773899718389 0.027298374209111697 -0.013659267731556719 -0.0093840665282032883 -0.022899660610961901 0.0020252009502572006 -0.010227858583566745 0.036464947852004589
leaf_weight=1886.5271151535976 50.314712986137238 212.09852515242346 5.8012733488340009 7.0985793160216444 148.783299238974 354.98427432778408 11.235913829978015 47.370996387717241 9.5990903994970704 44.190386629648856 105.54115088783601 695.48215311994136 54.733325752654309 6851.9726954032321 873.02807685967491 429.58606328029236 372.43732807744163 287.87112675832032 49.376550169920847 836.11150900395205 3822.0115086701485 388.20602392363799 521.27625350215931 703.41978165569708 2647.763743862919 591.56787231473936 62.639065871167986 5512.5780535138656 19.463514738297818 48.6260957367831
leaf_count=87307 4524 2331 654 2019 1355 7008 7312 21993 1227 4592 17413 33941 7822 297836 36115 22640 18997 13593 4400 62761 158420 18053 22486 24520 87400 21819 3469 200157 5984 75562
internal_value=0.00011839 -7.29622e-05 0.00544503 0.00188987 0.00326436 0.00802287 0.0405263 0.0502749 -0.0368365 0.00525514 -0.00383602 0.00783115 0.00640108 -0.000250387 0.00109728 -0.00686589 0.00427848 0.0129029 0.0291429 -0.0152712 0.00238931 -0.00092715 -0.00280393 0.000134379 -0.00984883 0.00211881 0.0182593 0.000886535 0.00523218 0.021142
internal_weight=27651.7 26633.3 796.972 732.564 715.866 503.768 64.4082 53.1723 16.6977 1018.35 210.589 807.762 160.274 25836.4 8556.95 2426.6 6130.35 717.457 421.814 1709.14 5708.54 17279.4 10724.4 7555.39 3169.04 6554.99 450.845 6104.15 763.572 68.0896
internal_count=1273710 1123872 43899 13940 10694 8363 29959 22647 3246 149838 29759 120079 25235 1079973 404233 135109 269124 36233 23397 98876 245727 675740 432242 322356 109886 243498 21522 221976 115487 81546
is_linear=0
shrinkage=0.08


Tree=240
num_leaves=31
num_cat=0
split_feature=2 4 6 5 5 0 4 4 0 0 0 0 6 0 6 4 2 5 8 6 6 5 2 5 0 7 5 4 0 0
split_gain=5.68575 4.62 8.56523 11.477 8.84103 16.9159 18.1364 16.0107 8.25279 8.24224 17.7185 17.476 7.66346 7.31756 28.3888 11.9533 9.82298 6.02163 12.0436 8.55431 5.55791 10.183 7.64264 6.12785 5.50003 7.42374 6.38602 2.67742 1.8761 1.80977
threshold=1.0000000180025095e-35 8.5000000000000018 0.90336728096008312 0.90293309092521679 0.89875978231430065 0.60107529163360607 1.5000000000000002 2.5000000000000004 0.64326766133308422 0.50225225090980541 0.49253065884113317 0.50944742560386669 0.8986145853996278 0.82793453335762035 0.70460432767868053 10.500000000000002 0.84877073764801036 0.97909381985664379 0.75000000000000011 0.93555310368537914 0.97064974904060375 0.93946442008018505 0.60922586917877208 0.88531070947647106 0.33534136414527899 1.0000000180025095e-35 0.99805447459220897 6.5000000000000009 0.87559524178504955 0.2290398105978966
decision_type=2 2 2 2 2 2 2 2 2 2 2 2 2 2 2 2 2 2 2 2 2 2 2 2 2 2 2 2 2 2
left_child=27 2 3 9 5 7 -7 -4 29 10 -2 -11 -10 20 -15 16 -16 19 -19 -6 21 23 -23 -3 25 -22 -26 -1 -17 -5
right_child=1 13 4 8 17 6 -8 -9 12 11 -12 -13 -14 14 15 28 -18 18 -20 -21 24 22 -24 -25 26 -27 -28 -29 -30 -31
leaf_value=0 0.0022175846196740589 2.7440292821843746e-05 0.012603998067881332 -0.035329294038721704 0.0053830467941057567 -0.0027176285440968788 0.01555731672048183 -0.010556401958998891 0.053225831815951377 -0.060352156882408407 0.036060571609858698 -0.0013167145527976257 0 0.033033820676942376 -0.049103514061318389 0.006569549907383899 -0.014435080141894215 0.025031030456893796 0.0010239179611721096 -0.0033928176145507452 0.0023891456979192589 0.0016360231379046919 0.021516382682853882 -0.0072044259686475792 -0.013716356463717055 -0.031526600326650812 0.0051876097209140213 -0.069516057149438287 -0.028423079783256224 0.002111110646091516
leaf_weight=4.638725368302401 1163.8752342736643 5323.5212507065389 280.18834755226908 4.2129799183448986 1000.3720585678584 445.36672572369571 1363.0043527811422 559.66335727564365 55.372135182905367 27.32751914318942 105.04911438612544 10985.999508858788 23.316828968587288 67.354107968300013 106.90228065350311 86.355258366340422 144.37168157330962 178.222841905319 555.70139214108349 2385.1661887458995 571.20605359461479 308.40089093065035 227.36763119986426 859.77832302754905 611.05597708980713 39.49314096004673 123.88305812986437 6.0750089664943516 5.2643196381432054 38.732274951302315
leaf_count=42 105321 258843 4344 24 31725 54413 63054 6084 2414 2109 8064 530768 1058 2978 1626 2511 2256 6827 39938 100835 6120 2802 3049 10947 12983 332 13600 60 122 468
internal_value=-6.97786e-06 1.45781e-05 0.000707876 -0.000530309 0.00299958 0.00660791 0.0109732 -0.00261146 0.0233901 -0.000789642 0.00527544 -0.00150504 0.0381789 -0.00153439 -0.0119265 -0.0215657 -0.0304791 0.000635946 0.00720015 -0.000748387 -0.000978858 -1.36187e-05 0.0104896 -0.000957293 -0.00566216 0 -0.0103001 -0.0481191 0.00153612 -0.001526
internal_weight=27657.2 27646.5 19171.6 12403.9 6767.69 2648.22 1808.37 839.852 121.634 12282.3 1268.92 11013.3 78.689 8474.95 410.248 342.894 251.274 4119.46 733.924 3385.54 8064.71 6719.07 535.769 6183.3 1345.64 610.699 734.939 10.7137 91.6196 42.9453
internal_count=1275717 1275615 957446 650226 307220 127895 117467 10428 3964 646262 113385 532877 3472 318169 9493 6515 3882 179325 46765 132560 308676 275641 5851 269790 33035 6452 26583 102 2633 492
is_linear=0
shrinkage=0.08


Tree=241
num_leaves=31
num_cat=0
split_feature=3 3 3 0 0 3 3 3 3 4 4 0 3 3 3 0 4 3 0 3 2 0 4 3 4 3 0 2 1 2
split_gain=6.25822 28.415 25.6499 30.1996 11.456 15.7653 16.962 11.9508 27.6979 10.4892 9.31211 9.28712 9.9 21.305 6.8607 6.59652 23.834 33.2164 22.5679 20.5861 6.76357 6.18172 5.81074 5.60143 5.19382 4.54167 4.2643 3.48529 3.21317 2.87177
threshold=0.42740046977996832 0.42947559058666235 0.43951219320297247 0.42947559058666235 0.39811320602893835 0.37590579688549047 0.39718310534954077 0.40270270407199865 0.41444373130798345 4.5000000000000009 16.500000000000004 0.34178434312343603 0.37089946866035467 0.36515152454376226 0.38165266811847692 0.40224719047546392 9.5000000000000018 0.49151568114757543 0.40862709283828741 0.47690120339393621 0.2237871661782265 0.30860807001590734 22.500000000000004 0.41444373130798345 3.5000000000000004 0.36515152454376226 0.35585997998714453 0.25143678486347204 0.37310734391212469 0.36451049149036413
decision_type=2 2 2 2 2 2 2 2 2 2 2 2 2 2 2 2 2 2 2 2 2 2 2 2 2 2 2 2 2 2
left_child=4 29 3 9 5 11 14 10 -9 28 -8 12 13 -1 27 16 17 -4 22 -20 -18 -14 -17 -6 -5 -13 -16 -7 -3 -2
right_child=1 2 15 24 23 6 7 8 -10 -11 -12 25 21 -15 26 18 20 -19 19 -21 -22 -23 -24 -25 -26 -27 -28 -29 -30 -31
leaf_value=-0.0017239201696882115 0.030424031916149535 -0.027327720670184245 0.00057112702113925327 -0.0011391628969023696 0.074928273158010136 -0.037400549339280269 0.011825928345511492 -0.067348396847897216 -0.0027539315667776611 -0.069202590562099778 -0.015403046232992795 0.08009667406935192 0.018252744207131841 -0.060760251108385094 -0.06080692865504049 -0.063092099665763235 -0.013193529069922992 0.052904450224114996 0.026229458884567212 0.00013222822407157536 0.0032665713734790305 -0.021602398631857374 0.0026254460534144626 0 0.080300555167503257 0 0 0 0.020983032384553096 0
leaf_weight=1894.5731009093133 218.84320538750399 13.505818311103214 177.19594806606619 1.9585243767796772 12.415216537694507 21.383672022751853 215.63255518616279 57.211713725244408 153.73063657162311 70.019837851534248 119.61795740665184 8.4894188581547514 222.1354768944002 35.244932087018242 70.118900872924314 40.185739449097127 199.24143288408595 142.67384876501819 190.26685374491717 22901.276706182111 722.41231842375782 20.211989475599694 4.5942951886436267 13.989746427683711 9.651805052708367 9.7712946686879132 6.7797545125013121 43.638088095249259 10.360505572101827 17.952659673755988
leaf_count=45241 4045 925 10689 80 775 395 8643 6517 8409 4538 2518 648 3564 2999 7526 3191 3480 5669 8120 1103109 33245 1495 401 970 215 978 1298 3380 1015 1309
internal_value=0.000226857 0.000645235 0.000369021 -0.0380678 -0.00327342 -0.0038425 -0.0143662 -0.00743352 -0.0221679 -0.0543552 0.00155676 -0.000438437 -0.00104668 -0.00303905 -0.0387974 0.000549692 0.00622382 0.0248612 0.000237019 0.00035982 -0.000171068 0.0139124 -0.0535491 0.0444049 0.0607225 0.0497079 -0.0553006 -0.0144396 -0.000811044 0.0279443
internal_weight=27625.1 24720.1 24483.3 105.496 2904.94 2878.54 688.113 546.193 210.942 93.8862 335.251 2190.43 2172.17 1929.82 141.92 24377.8 1241.52 319.87 23136.3 23091.5 921.654 242.347 44.78 26.405 11.6103 18.2607 76.8987 65.0218 23.8663 236.796
internal_count=1275387 1180031 1174677 6773 95356 93611 38686 26087 14926 6478 11161 54925 53299 48240 12599 1167904 53083 16358 1114821 1111229 36725 5059 3592 1745 295 1626 8824 3775 1940 5354
is_linear=0
shrinkage=0.08


Tree=242
num_leaves=31
num_cat=0
split_feature=2 8 6 6 5 7 5 5 8 3 3 6 6 6 2 6 3 6 8 3 8 2 6 5 5 5 5 6 4 9
split_gain=4.29818 17.5285 21.5169 45.2746 22.8678 19.7915 19.4185 18.6673 14.895 41.1948 51.9251 33.2483 29.9812 61.2856 26.4586 56.0634 25.5432 19.5699 38.5064 17.6215 16.441 17.7003 16.8604 27.7953 27.4952 13.9519 13.2318 13.7015 12.5432 10.6032
threshold=0.68020617961883556 0.75000000000000011 0.99799197912216198 0.97568368911743175 0.93946442008018505 1.0000000180025095e-35 0.83368793129920971 0.83912065625190746 0.75000000000000011 0.80982521176338207 0.67028987407684337 0.71711125969886791 0.68500718474388134 0.83960041403770458 0.58204832673072826 0.71126025915145885 0.60136988759040844 0.92872086167335521 1.0000000180025095e-35 0.65485891699790966 1.0000000180025095e-35 0.23606811463832858 0.51442441344261181 1.0000000180025095e-35 0.46818889677524572 0.65678957104682933 0.88247200846672069 0.99799197912216198 3.5000000000000004 1.0000000180025095e-35
decision_type=2 2 2 2 2 2 2 2 2 2 2 2 2 2 2 2 2 2 2 2 2 2 2 2 2 2 2 2 2 2
left_child=8 -2 3 4 6 28 -3 -5 11 10 14 20 25 -14 16 -16 -10 18 -13 -20 21 29 23 -22 -24 -12 -19 -28 -4 -1
right_child=1 2 5 7 -6 -7 -8 -9 9 -11 12 17 13 -15 15 -17 -18 26 19 -21 22 -23 24 -25 -26 -27 27 -29 -30 -31
leaf_value=0.093437193363637872 -0.00022315017067822966 0.0091780438939127497 0.007841815716706519 0.027433702915674495 0.022834905467354668 -0.072182247070842614 -0.0041970761995313334 -0.039782403354296884 5.7622494588902668e-05 0.017256063260730401 -0.0013507254971978357 0.005690149244393981 -0.048013463644737561 -0.0098751016376418827 0.058684970171055791 0.00059620466779452381 -0.012956011399921388 0.016108954430858021 0.047672482743646633 0.015176787509905235 0.00072360820686477785 -0.020954966843939375 0.06612504505906544 -0.037220532739925649 0.0026157876302146926 0.05141483061326816 0 -0.031066311816212975 0.047350184508501481 0
leaf_weight=8.6314067078055832 10411.265775059966 1770.3671317743142 96.185051863134504 24.143783053234074 481.98069262618856 6.4681433499554251 1118.4276151026352 187.47337707093629 5439.9698412800426 636.57307364059852 327.26206825593545 851.78706009530288 405.77024853746116 839.35566667201056 140.13114846497774 419.8077698876732 1162.2931639181115 236.28594850492664 275.00358663586667 212.61042272713712 990.2152523996192 452.40019948763347 55.847043965142802 135.01062707421079 176.83884571844828 30.033622145652771 453.55078775049333 108.77139236267612 151.56180980498539 16.568069623394877
leaf_count=107 309321 169011 28473 4135 37102 3508 110313 17408 142998 49205 5679 10244 4458 16787 1793 6693 16110 3897 2961 5751 14901 235011 1020 41426 4705 327 4896 2339 23601 1671
internal_value=0.000496506 0.00146612 0.00608621 0.004416 0.00672422 0.0284664 0.00394613 -0.0309187 -0.000524613 -0.00227048 -0.00371596 0.00356348 -0.0167151 -0.0225742 -0.000775675 0.0158075 -0.00221721 0.0103552 0.0162499 0.0341263 -0.00426725 -0.0169539 0.000123296 -0.00383209 0.0196022 0.00329138 0.000230148 -0.00624322 0.0331031 0.0411546
internal_weight=27622.6 14247.9 3836.61 3582.39 3370.78 254.215 2888.79 211.617 13374.7 9401.2 8764.62 3973.52 1602.42 1245.13 7162.2 559.939 6602.26 2138.01 1339.4 487.614 1835.51 477.6 1357.91 1125.23 232.686 357.296 798.608 562.322 247.747 25.1995
internal_count=1275851 702872 393551 337969 316426 55582 279324 21543 572979 244050 194845 328929 27251 21245 167594 8486 159108 30088 18956 8712 298841 236789 62052 56327 5725 6006 11132 7235 52074 1778
is_linear=0
shrinkage=0.08


Tree=243
num_leaves=31
num_cat=0
split_feature=9 1 6 6 0 3 0 6 6 8 8 2 2 0 6 2 1 6 0 2 1 3 4 8 3 3 6 0 3 4
split_gain=6.732 8.8664 17.0618 7.33182 15.1316 10.8204 15.5175 12.7387 10.3533 24.8639 14.5954 9.70834 8.48138 7.22292 12.3264 11.0822 9.79191 9.3892 9.17741 9.14794 18.1572 15.5497 7.93006 7.51959 6.02482 5.87911 8.89373 4.93343 4.10441 28.4474
threshold=1.0000000180025095e-35 0.84889996051788341 0.68500718474388134 0.97064974904060375 0.88036698102951061 0.58397436141967785 0.52240803837776195 0.99799197912216198 0.99061012268066417 0.75000000000000011 0.75000000000000011 0.9547502100467683 0.97467949986457836 0.54085850715637218 0.68500718474388134 0.38757823407649999 0.50878274440765392 0.98636335134506237 0.38148742914199835 0.54011154174804699 0.65142410993576061 0.75582656264305126 13.500000000000002 0.75000000000000011 0.33060109615325933 0.88493064045906078 0.97685134410858165 0.56691542267799389 0.89512962102890026 2.5000000000000004
decision_type=2 2 2 2 2 2 2 2 2 2 2 2 2 2 2 2 2 2 2 2 2 2 2 2 2 2 2 2 2 2
left_child=1 13 -3 28 5 6 7 -5 10 -10 -7 25 -13 14 16 -15 23 24 -19 21 -21 -17 -18 -1 -16 -6 -27 -8 -2 -30
right_child=3 2 -4 4 11 8 27 -9 9 -11 -12 12 -14 15 17 19 22 18 -20 20 -22 -23 -24 -25 -26 26 -28 -29 29 -31
leaf_value=0.030471181510119644 0.0009524749134727764 0.0073286524532883389 0.055871830527950826 0.011539700552967448 -0.0063950196753363078 -0.002958402619432979 0.039597746733576238 -0.0082712999982000081 -0.029375458809701178 0.0044443544407156664 -0.024313652424033053 -0.065664005373617815 0.014394672981907882 0.043378967378988637 -0.011707939569719151 -0.028442157560764021 0.042405879231300382 0.024837431282193179 -0.028985592337865355 0.015013046961440303 -0.010360195395399271 0.015030806054787469 -0.0058551775320872194 0.0012148901369599182 0.00097399068447476798 0.0042395582538188497 0.046513796726759829 0 -0.0085476262205763272 0.0014339707300237844
leaf_weight=68.883078101380761 11503.344548119072 593.99729658398064 47.373893501227485 278.2954271947965 25.198968911194243 365.86248175892979 73.728137484315084 744.25676490712794 173.06650038743101 614.72445753307693 526.95073396227235 11.324498455389405 9.5217174561839766 24.85887269381783 282.17571699526161 211.94659103408048 107.97923122023349 156.46749602926138 16.31352628665627 278.89018290430795 487.02829213401856 60.739935064028032 18.715801608079346 294.24332593602594 1366.368843482087 65.690477076917887 83.468627305730479 23.311575912870467 2519.3278076719871 6558.8682764137448
leaf_count=2689 530611 33068 222652 2003 1696 3986 655 5694 6835 32865 11875 2580 19489 1597 2031 4214 1874 2701 177 13135 42980 8356 707 14060 13932 2228 19039 307 113846 156626
internal_value=-6.78174e-05 0.00295118 0.0115662 -0.000589361 -0.00428445 -0.00583694 0.000118785 -0.00269396 -0.00988805 -0.00292197 -0.015806 0.0167763 -0.0271953 0.0012518 0.00379643 -0.00412041 0.0150094 0.000660406 0.0181833 -0.005613 -0.000876166 -0.0180862 0.03411 0.00753777 -0.00112881 0.0235372 0.0296752 0.0300056 -4.29021e-05 -0.00132163
internal_weight=27592.9 4015.98 641.371 23576.9 2995.4 2800.2 1119.59 1022.55 1680.6 787.791 892.813 195.204 20.8462 3374.61 2311.15 1063.46 489.821 1821.33 172.781 1038.61 765.918 272.687 126.695 363.126 1648.54 174.358 149.159 97.0397 20581.5 9078.2
internal_count=1274508 364173 255720 910335 109252 64220 8659 7697 55561 39700 15861 45032 22069 108453 38171 70282 19330 18841 2878 68685 56115 12570 2581 16749 15963 22963 21267 962 801083 270472
is_linear=0
shrinkage=0.08


Tree=244
num_leaves=31
num_cat=0
split_feature=4 4 1 3 2 3 1 2 2 6 3 2 1 0 0 6 0 0 6 3 3 0 2 0 6 4 7 6 6 0
split_gain=5.7871 3.46291 11.9794 15.4579 13.3616 11.2134 8.51831 8.13163 6.50757 6.0848 5.54756 5.1262 4.84296 4.39536 4.12332 3.77979 3.33989 2.84789 7.66773 6.09896 9.40252 7.48025 18.1324 14.0174 5.0722 5.03236 2.14355 1.63404 3.19446 1.58685
threshold=36.500000000000007 16.500000000000004 0.5174442231655122 0.70396453142166149 0.47395551204681402 0.56070175766944896 0.45923791825771337 0.45633104443550115 0.37952858209609991 0.89326858520507824 0.73375529050827037 0.70396453142166149 0.6911335587501527 0.4712491780519486 0.5604878067970277 0.80101522803306591 0.56440424919128429 0.15047170221805575 0.87727573513984691 0.33060109615325933 0.32071428000926977 0.28743545711040502 0.24440020322799685 0.29459981620311743 0.76675301790237438 2.5000000000000004 1.0000000180025095e-35 0.93359273672103893 0.96881943941116344 0.15047170221805575
decision_type=2 2 2 2 2 2 2 2 2 2 2 2 2 2 2 2 2 2 2 2 2 2 2 2 2 2 2 2 2 2
left_child=1 17 4 9 6 13 8 -8 -3 12 15 -12 -4 -6 -11 -5 -7 18 24 20 25 22 -21 -23 -1 -19 29 -20 -29 -2
right_child=26 2 3 10 5 16 7 -9 -10 14 11 -13 -14 -15 -16 -17 -18 19 27 21 -22 23 -24 -25 -26 -27 -28 28 -30 -31
leaf_value=0.0028426077001194529 0 -0.001635954461828946 0 -0.00061703334354131824 0 -0.0041905321012370572 -0.073659754813307901 0 0.016091886153373921 -0.018038208838692223 -0.013287547088122418 0.0097574104652125085 -0.057748475078076941 0.098802068683437133 -0.084237056298564941 0.050692437126457358 0.041799149422871766 -0.019862145794206056 -0.017426697487245006 -0.0049732568327464999 -0.055426521032668472 -0.037295166335007311 0.017576199911062292 0.00041511345975066998 0.042370810308388872 -0.0012827324260811415 0.0027316605516623854 0.020573020464718948 -0.011071502203886193 -0.047769628875961812
leaf_weight=49.803691670407716 9.536679101636766 1481.6814378647059 35.18959884495689 7.394619479416181 2.0650816252491486 28.165480060950358 14.916437687208598 19.644240412273575 140.47103796930605 20.767580268671736 321.78856831089979 64.138087207629724 6.7992332800522481 13.719130598754417 26.718329243827611 12.518689816817639 7.6383922211825839 114.69386087302337 35.092501174658537 388.62202182867441 20.508470927026792 58.184437433214043 514.38147935735287 23560.115647155551 50.313847716432065 537.62285993622208 1.2849646459217172 30.833431343548 38.953637933125719 21.478766263591751
leaf_count=1049 119 32704 6732 2071 157 1565 2675 1093 7081 162 22543 4496 1328 183 179 94 179 3192 209 5554 1746 3211 15304 1148444 319 10754 46 189 324 979
internal_value=0.000141976 0.000190256 -0.00283818 -0.0137321 0.000257948 0.0385569 -0.000950777 -0.0376303 0 -0.04322 -0.00639469 -0.00897255 -0.0133338 0.0862466 -0.0628104 0.028917 0.00561939 0.000459807 0.00976855 0.000375792 -0.00709219 0.000588629 0.00772152 0.000307566 0.0253 -0.00491912 -0.0313224 -0.0040782 0.00121103 -0.0373592
internal_weight=27635 27602.7 2203.62 495.315 1708.3 51.5881 1656.71 34.5607 1622.15 89.4747 405.84 385.927 41.9888 15.7842 47.4859 19.9133 35.8039 25399.1 204.997 25194.1 672.825 24521.3 903.004 23618.3 100.118 652.317 32.3004 104.88 69.7871 31.0154
internal_count=1274681 1273537 83242 37605 45637 2084 43553 3768 39785 8401 29204 27039 8060 340 341 2165 1744 1190295 2090 1188205 15692 1172513 20858 1151655 1368 13946 1144 722 513 1098
is_linear=0
shrinkage=0.08


Tree=245
num_leaves=31
num_cat=0
split_feature=3 1 2 1 2 4 0 4 0 3 1 1 3 0 0 1 1 4 0 1 4 1 1 0 1 3 3 0 4 3
split_gain=4.61233 37.8451 95.9742 52.2364 66.1821 55.3264 43.8624 41.2827 34.3264 49.8383 44.9351 41.7087 30.813 130.029 65.0188 124.307 56.2779 31.4142 30.4309 29.9798 27.7816 27.2408 25.877 72.6419 101.263 53.563 35.4927 26.9837 78.6672 25.774
threshold=0.77712419629096996 0.83752354979515087 0.72481885552406322 0.80217391252517711 0.8019607961177827 2.5000000000000004 0.71819767355918895 3.5000000000000004 0.66969698667526256 0.91010102629661571 0.79388421773910534 0.67017546296119701 0.72821971774101268 0.61633428931236278 0.6569296419620515 0.72834226489067089 0.71892556548118602 3.5000000000000004 0.7243877947330476 0.64747309684753429 5.5000000000000009 0.86706829071044933 0.79388421773910534 0.74646764993667614 0.74443343281745922 0.88493064045906078 0.83752354979515087 0.74210175871849071 3.5000000000000004 0.84889996051788341
decision_type=2 2 2 2 2 2 2 2 2 2 2 2 2 2 2 2 2 2 2 2 2 2 2 2 2 2 2 2 2 2
left_child=1 2 12 5 -5 -4 -3 21 9 10 11 -2 14 17 16 -16 -1 -14 -7 -15 -13 -8 23 24 26 -26 -10 28 -24 -12
right_child=8 6 3 4 -6 18 7 -9 22 -11 29 20 13 19 15 -17 -18 -19 -20 -21 -22 -23 27 -25 25 -27 -28 -29 -30 -31
leaf_value=-0.0034862591063851743 0.0298591186002862 0 -0.00022408825777965887 -0.079735087407209679 0.027836499110035808 -0.0046367670528768201 -0.046211918453085914 -0.06835571240106797 -0.02949345607181196 -0.0037640032749476967 0.063624562330681617 0.016253315928405107 0.066133801368511907 -0.0050756586653913161 0.030600556999200671 -0.060180715446428876 0.030909207126670588 0.0097876272566607588 0.062290986326880536 -0.044284777497530285 -0.036698639307292655 0.021003926167653848 0.048724560747857172 0.0049393417081994642 -0.095632593412390041 0.030308796716071597 0.016244614012010911 -0.00025504770983549838 0.0010660196638752558 0.016700032137690845
leaf_weight=9244.4844618887928 294.13430763277938 338.23645805624074 154.82346771667653 54.457981110259425 88.234165402231156 43.531610611826181 63.812318887168658 163.56414493326702 238.84917296202912 683.98897666526682 220.19250525011375 101.89690916864129 88.419140996029455 178.88616879658548 813.95656238214542 103.74977811702411 309.15725031090551 232.36871414844609 365.45744114209811 513.63128627652986 143.42249268523119 80.155939446278353 284.63390837284715 830.68110693419112 162.2137105104739 20.341667926659284 186.85878481786494 10492.930051951758 977.11309879085093 135.33120948819123
leaf_count=371342 19466 17721 5632 1521 2413 1482 1560 4795 10718 33807 8836 3547 2456 7120 24485 4097 10227 14602 11235 19291 10977 3606 17229 48272 7649 651 9900 559489 35434 5410
internal_value=0.000188092 -0.000913997 7.62949e-05 0.028601 -0.013444 0.0395479 -0.019712 -0.0413194 0.00115659 0.0122858 0.0246825 0.00959202 -0.00167622 -0.0149654 -0.000368436 0.0198935 -0.00234089 0.0265861 0.0548109 -0.0344949 -0.0141798 -0.00826579 -0.000167352 -0.0102847 -0.0312073 -0.0803123 -0.00909034 0.0010614 0.0120934 0.0466857
internal_weight=27609.5 12836.9 12191.2 706.505 142.692 563.813 645.769 307.532 14772.6 1578.97 894.977 539.454 11484.7 1013.31 10471.3 917.706 9553.64 320.788 408.989 692.517 245.319 143.968 13193.6 1438.94 608.263 182.555 425.708 11754.7 1261.75 355.524
internal_count=1274970 503585 475903 22283 3934 18349 27682 9961 771385 82043 48236 33990 453620 43469 410151 28582 381569 17058 12717 26411 14524 5166 689342 77190 28918 8300 20618 612152 52663 14246
is_linear=0
shrinkage=0.08


Tree=246
num_leaves=31
num_cat=0
split_feature=2 0 0 0 1 0 1 2 2 0 5 2 2 0 1 2 1 1 0 1 1 2 2 6 1 2 5 0 2 1
split_gain=3.44073 6.73608 8.99263 4.86287 26.7348 35.373 55.2407 30.3482 35.87 126.135 23.9984 23.9932 23.8513 40.2921 61.3706 64.0637 38.0374 35.9181 35.2378 24.0859 23.8053 41.3616 21.6488 19.2154 14.6817 14.6142 14.0633 13.8326 12.2105 10.5123
threshold=0.97332859039306652 0.94474968314170849 0.7729182541370393 0.8019607961177827 0.85145786404609691 0.84028983116149913 0.83910790085792553 0.71503761410713207 0.8019607961177827 0.88762626051902782 0.46188034117221838 0.83899769186973583 0.75716626644134533 0.75513628125190746 0.74443343281745922 0.628892481327057 0.81872946023941051 0.78830561041831981 0.75716626644134533 0.97332859039306652 0.86706829071044933 0.77836257219314586 0.8263767957687379 0.31124418973922735 0.69614070653915416 0.85575589537620556 0.38988380134105688 0.64326766133308422 0.61242875456810009 0.9797959327697755
decision_type=2 2 2 2 2 2 2 2 2 2 2 2 2 2 2 2 2 2 2 2 2 2 2 2 2 2 2 2 2 2
left_child=3 2 -2 12 5 6 22 26 9 -9 -7 -8 13 16 -15 -16 24 18 27 -18 21 -19 -5 -20 -1 -10 28 -14 -6 -22
right_child=1 -3 -4 4 7 10 11 8 25 -11 -12 -13 17 14 15 -17 19 20 23 -21 29 -23 -24 -25 -26 -27 -28 -29 -30 -31
leaf_value=-0.00021517468921635014 0 0.0022878659758353722 0.046983030095453973 -0.0020761137545256135 -0.044033903192603592 0.0027985834035435661 -0.097376611342117919 -0.069419779111285329 -0.0098662056985346774 0.02764692784207012 0.042086321221159476 -0.0017847853434952363 0.015251256966586531 0.014980362057529941 0.019699793544357462 -0.056696536175796924 0.019438669074595342 -0.050090276098850195 -0.0029669534786091402 0.0025112427945808086 0.017145393915549919 0.00034229763683726807 0.030528395732307957 0.045822274887804042 -0.0074641102686000636 -0.00096356062009328436 0.044302566168459533 -0.05669199110769662 0.02053098696995306 0.0031395747004363708
leaf_weight=10831.966306127775 45.963414926654423 1038.6584806785077 47.970070563978425 489.74582896792708 22.1546976854479 172.85704595199968 45.885684524972021 203.21697856152423 1583.6552144253501 139.03307454848982 266.16938909890996 30.612648669659393 22.600580811224063 191.44170840638253 84.729469306399551 301.71457095553706 957.41605816621632 121.85797591929077 53.81753182427201 1281.7261325447071 616.57181467923147 545.58107750854833 168.81054747806775 311.2314000236147 2149.2572702726593 4795.2630011172514 114.90320081826485 33.887034866063914 55.482456614492548 850.11854403969846
leaf_count=447297 19187 153506 14466 19260 670 6209 1414 6087 53051 9869 21184 1030 778 9005 3132 10908 33069 3822 885 53026 24921 17522 5439 11828 88237 219830 9473 1312 1533 27260
internal_value=5.82078e-05 0.0043701 0.0244977 -0.000121227 -0.00175996 0.00933832 -0.00121562 -0.00367317 -0.0045987 -0.0296971 0.0271837 -0.0635429 0.000592458 -0.000558829 -0.0212035 -0.0394999 0.000221204 0.007759 0.0290064 0.00984758 0.00342939 -0.0089315 0.00620747 0.0382542 -0.00143009 -0.00320483 0.0271239 -0.026406 0 0.00917435
internal_weight=27574.3 1132.59 93.9335 26441.7 8087.79 1174.08 735.055 6913.71 6721.17 342.25 439.026 76.4983 18353.9 15798.3 577.886 386.444 15220.4 2555.67 421.537 2239.14 2134.13 667.439 658.556 365.049 12981.2 6378.92 192.54 56.4876 77.6372 1466.69
internal_count=1275210 187159 33653 1088051 355049 54536 27143 300513 288837 15956 27393 2444 733002 644674 23045 14040 621629 88328 14803 86095 73525 21344 24699 12713 535534 272881 11676 2090 2203 52181
is_linear=0
shrinkage=0.08


Tree=247
num_leaves=31
num_cat=0
split_feature=2 1 2 1 3 2 4 2 3 1 1 3 2 3 3 1 3 4 1 6 3 8 8 4 1 3 4 4 3 2
split_gain=4.62426 39.0444 31.613 70.2701 27.8102 18.6174 16.7012 20.885 91.1458 42.0188 33.8311 32.6188 17.0491 15.1695 14.2525 11.9267 10.4906 11.1035 8.89985 24.6745 25.4026 20.1327 23.3972 16.1015 24.4779 43.6164 25.083 22.2644 19.7988 18.8232
threshold=0.81046870350837719 0.85145786404609691 0.84028983116149913 0.84273937344551098 0.83910790085792553 0.8216732144355775 10.500000000000002 0.85575589537620556 0.83752354979515087 0.87226107716560375 0.89512962102890026 0.87026646733284008 0.87453705072402965 0.7454303801059724 0.92718276381492626 0.93908473849296581 0.85880398750305187 7.5000000000000009 0.50274726748466503 0.49629549682140356 0.6832355558872224 0.75000000000000011 1.0000000180025095e-35 13.500000000000002 0.92718276381492626 0.99473685026168834 9.5000000000000018 8.5000000000000018 0.9833287000656129 0.4327110648155213
decision_type=2 2 2 2 2 2 2 2 2 2 2 2 2 2 2 2 2 2 2 2 2 2 2 2 2 2 2 2 2 2
left_child=18 2 3 4 13 -5 7 8 10 11 -3 -9 -11 -2 -6 -10 17 -4 19 -1 21 22 -21 24 28 27 -27 -26 29 -20
right_child=1 6 16 5 14 -7 -8 9 15 12 -12 -13 -14 -15 -16 -17 -18 -19 23 20 -22 -23 -24 -25 25 26 -28 -29 -30 -31
leaf_value=-0.022544218123615657 -0.0077368880008852397 -0.095968433935314915 0.074721611279123287 0 -0.018087126632291159 -0.13801655696445631 0.022334773724688849 0.054860361865276472 -0.012139505678530839 -0.010850961712048758 -0.024081925295576997 0.0025035245141560064 0.0019067975595053652 0.042739865725278284 0.020434055217134636 0.0043124115595322074 0.02287119320214007 -0.012044445859751646 0.018652492085059941 0.00025064401317483943 0.025549380633560857 5.6883802796230884e-05 0.026909106283258481 -0.010041110786016723 0.040291043691001553 -0.012404100821510571 0.010813598539673595 0.00759301149906809 0.047605264706033337 -0.0031016669152613523
leaf_weight=243.98918146850519 37.826041752159654 87.655218824336771 89.398256037064129 8.4498552046643471 145.43482979640248 19.638118465773005 210.31484419978369 159.7154126992682 412.82796431989846 766.94990575337215 98.766972057765088 155.1204276434928 5067.5672678531282 225.27390553515579 97.661578504910722 851.43428796765875 83.052987272134487 5.6399585995350199 255.34709588275473 451.70777832173917 302.56187553347081 5345.7212979476244 411.38026358745992 1267.4649430491372 316.62494571302886 584.82172998592432 594.97317146387286 256.249738927203 45.545892939793703 8898.4519592346242
leaf_count=111188 1099 2198 2889 298 4927 570 5957 5645 11359 26365 2705 5732 382943 6524 4235 31672 3001 236 14056 14903 15542 111157 6563 76176 21208 21528 19609 5222 2179 357460
internal_value=0.00046712 0.00201639 0.019882 0.00957475 0.0170725 -0.102874 0.000354734 -0.000246763 -0.00888229 0.00176999 -0.0603425 0.0300067 0.00019453 0.0348771 -0.00186678 -0.000960344 0.0488244 0.0676285 -0.000220665 0.00209871 0.00306325 0.00192205 0.0132232 -0.00151632 -0.000511018 0.00812094 -0.000564097 0.0261342 -0.00217649 -0.00246751
internal_weight=27497.6 8522.73 712.376 534.284 506.196 28.088 7810.35 7600.04 1450.68 6149.35 186.422 314.836 5834.52 263.1 243.096 1264.26 178.091 95.0382 18974.8 6755.36 6511.37 6208.81 863.088 12219.5 10952 1752.67 1179.79 572.875 9199.34 9153.8
internal_count=1275146 498355 23779 17653 16785 868 474576 468619 47934 420685 4903 11377 409308 7623 9162 43031 6126 3125 776791 259353 148165 132623 21466 517438 441262 67567 41137 26430 373695 371516
is_linear=0
shrinkage=0.08


Tree=248
num_leaves=31
num_cat=0
split_feature=3 4 4 6 0 6 0 3 4 3 0 0 4 5 3 8 4 4 4 0 5 2 6 2 4 8 3 3 6 6
split_gain=3.58299 19.7449 48.8297 21.1663 19.9329 15.1325 14.923 25.0162 21.6333 31.026 68.0658 41.2716 16.9842 19.4674 14.636 13.1521 12.8914 32.4291 14.5628 12.3113 26.0609 18.4844 16.4356 15.6335 21.878 13.5433 17.7272 13.3447 11.4211 12.5737
threshold=0.96693986654281627 6.5000000000000009 5.5000000000000009 0.73538899421691906 0.83752354979515087 0.94756481051445018 0.92232277989387523 0.89039039611816417 2.5000000000000004 0.93395638465881359 0.93582704663276683 0.95024752616882335 4.5000000000000009 0.55131670832633983 0.98058068752288829 1.0000000180025095e-35 9.5000000000000018 12.500000000000002 11.500000000000002 0.78305691480636608 0.32735316455364233 0.62258651852607738 0.39688599109649664 0.95024752616882335 1.5000000000000002 0.75000000000000011 0.68801230192184459 0.92403846979141246 0.6079215705394746 0.91184088587760936
decision_type=2 2 2 2 2 2 2 2 2 2 2 2 2 2 2 2 2 2 2 2 2 2 2 2 2 2 2 2 2 2
left_child=6 2 5 -4 16 -2 19 -8 9 11 -11 -9 13 -10 -5 28 -3 18 -18 20 25 -21 -22 24 -23 26 -1 -24 -6 -30
right_child=1 4 3 14 15 -7 7 8 12 10 -12 -13 -14 -15 -16 -17 17 -19 -20 21 22 23 27 -25 -26 -27 -28 -29 29 -31
leaf_value=-0.0095025578478018652 -0.0010154848972897625 -0.0045560403385263839 0 0.021301332717592193 0.070357742105936247 0.01890750499735434 -0.046343761516544069 0.045746638788657416 0.015285888426790807 -0.069606012035881779 0.0060749413722952211 -0.024586816584288372 -0.043006408833636656 0.070153430542801848 -0.054326550452256227 0.031985609989901027 0.0082464564407037089 -0.0034520039749962551 0.034175681935205107 0.017107876959645579 -0.03119641015262363 -0.014845182367051632 -0.00093235898684990062 0.036622433745132438 -0.0023984067124160819 0.037389806582790959 0.012688681801857933 0.016096179614013294 -0.016112056386714473 0.020031957305267835
leaf_weight=280.49526156541378 2757.1953100065375 781.24045027218745 75.183652844894823 12.160848874173096 11.586189795605604 261.95116839571983 45.113237958444188 205.32165777423961 105.24161933011055 82.401223669045066 569.24903376238308 64.743240594402778 10.81288763932025 81.163611165564362 180.7417141935548 298.69730693106249 294.83044188654821 674.7787911107298 304.99886321554732 232.32208324797466 108.26696656370041 1317.242755022522 13983.958837715149 49.20603143002154 2996.8152932479206 108.20753434626931 1075.6881078434699 295.2181445928436 121.3043709161866 114.2149037514173
leaf_count=41467 172771 27952 3140 597 2511 58407 3348 15536 3742 2769 59579 8072 279 9631 4008 15763 8886 36602 9465 16402 150364 46779 406007 13586 98243 4423 41634 11332 955 620
internal_value=0.000142198 0.00189468 -0.00218854 -0.0345956 0.00710959 0.000688595 -0.000328261 0.00845043 0.0109983 0.00555901 -0.0037084 0.0281633 0.0348622 0.0412205 -0.0483327 0.0206862 0.00338609 0.00837785 0.0218689 -0.000837788 0.000209909 -0.00448275 -0.000815976 -0.00568724 -0.0062487 0.0103665 0.00796334 -0.000563586 0.00602943 0.000802783
internal_weight=27500.4 5888.88 3287.23 268.086 2601.65 3019.15 21611.5 1164.05 1118.93 921.715 651.65 270.065 197.218 186.405 192.903 545.803 2055.85 1274.61 599.829 20447.4 15851.8 4595.59 14387.4 4363.26 4314.06 1464.39 1356.18 14279.2 247.105 235.519
internal_count=1274870 341677 238923 7745 102754 231178 933193 102956 99608 85956 62348 23608 13652 13373 4605 19849 82905 54953 18351 830237 655227 175010 567703 158608 145022 87524 83101 417339 4086 1575
is_linear=0
shrinkage=0.08


Tree=249
num_leaves=31
num_cat=0
split_feature=5 6 5 8 2 8 3 0 6 0 4 3 8 3 2 4 0 3 3 3 8 0 6 5 3 8 2 2 4 0
split_gain=4.39905 18.263 24.3531 33.5256 16.4792 15.5024 14.4565 15.1501 10.2382 9.21288 20.1139 17.4876 8.71504 14.824 11.379 10.148 11.6593 28.962 9.61614 9.22144 8.36944 12.2712 6.97088 54.0644 14.1232 12.4747 10.2735 14.6667 12.3869 11.7161
threshold=0.44497103989124304 0.46384282410144811 0.28136573731899267 0.75000000000000011 0.78830561041831981 0.75000000000000011 0.81530213356018078 0.38757823407649999 0.3611722886562348 0.54085850715637218 14.500000000000002 0.69282051920890819 0.75000000000000011 0.7897985875606538 0.88762626051902782 14.500000000000002 0.60495716333389293 0.71834936738014232 0.58898946642875682 0.9634092152118684 1.0000000180025095e-35 0.65470632910728466 0.62345302104949962 0.62128567695617687 0.79431909322738659 1.0000000180025095e-35 0.99565216898918163 0.96039214730262767 1.5000000000000002 0.96039214730262767
decision_type=2 2 2 2 2 2 2 2 2 2 2 2 2 2 2 2 2 2 2 2 2 2 2 2 2 2 2 2 2 2
left_child=1 2 5 4 -4 9 7 -5 -6 10 -1 -11 13 20 19 16 18 -18 -14 -15 21 -3 23 25 -25 -2 27 29 -29 -24
right_child=22 12 3 6 8 -7 -8 -9 -10 11 -12 -13 15 14 -16 -17 17 -19 -20 -21 -22 -23 26 24 -26 -27 -28 28 -30 -31
leaf_value=0.03368803304109589 -0.0247783232648533 0 -0.045623904886243148 -0.035189404569104098 -0.038365279859258916 0.056839852377068269 -0.014713515442105194 0.034038643857262144 0.002064564712355276 -0.0250180347035888 -0.021794563525784776 0.0012575208070493725 0 -0.018547156948995589 0.025976943926319832 0.024552209631389089 0.044470800800837512 -0.008127682408680786 -0.028283562831133275 0.016738110868235082 0.055190834282660202 0.048547522178308197 -0.0004675397400786912 0.012311946896367354 0.066444345457122328 -0.0065009860736168247 0.031659175852226475 -0.013226622423906742 -0.084340865716241817 0.04690145960713725
leaf_weight=141.21138919077566 347.63834265951664 78.666598263771448 204.83353213303417 17.564248602717271 51.107347005246993 27.214995474467287 101.06747747008922 125.3844873400958 116.48687404157317 162.980189280388 50.951091552640719 4521.9116162660594 203.70560960932926 122.44873175895191 112.98792949264316 124.34099966416397 102.93486637723072 163.92458739913855 116.13478732456497 67.27717724069953 82.082690414645185 47.519829633733025 19176.989518005968 77.009924634363415 64.15865609638422 882.48120379005195 58.426795050603687 91.987997722333603 17.409847956152589 28.421614266477263
leaf_count=9894 46847 6386 264954 9504 39517 711 2466 7558 39861 5327 3179 51610 11983 4047 3755 4778 1871 15253 2129 1681 2220 1254 502291 4703 2008 61423 138552 17063 3679 8324
internal_value=-0.000259909 0.00150607 -0.000427877 -0.0153702 -0.0304037 0.00143145 0.00708172 0.0235493 -0.0100916 0.00103159 0.0179859 0.000283621 0.0103396 0.01836 0.00621011 0.00426436 0 0.0120172 -0.0104332 -0.00510476 0.0347097 0.0185716 -0.000841853 -0.00635215 0.0394401 -0.0118752 -0.000442025 -0.000555581 -0.0291342 -0.000376922
internal_weight=27487.3 6742.74 5520.71 616.444 372.428 4904.27 244.016 142.949 167.594 4877.05 192.162 4684.89 1222.02 510.983 302.714 711.041 586.7 266.859 319.84 189.726 208.269 126.186 20744.5 1371.29 141.169 1230.12 19373.2 19314.8 109.398 19205.4
internal_count=1274828 489938 434581 363860 344332 70721 19528 17062 79378 70010 13073 56937 55357 19343 9483 36014 31236 17124 14112 5728 9860 7640 784890 114981 6711 108270 669909 531357 20742 510615
is_linear=0
shrinkage=0.08


end of trees

feature_importances:
Column_3=1341
Column_0=1133
Column_1=1071
Column_6=918
Column_2=879
Column_4=724
Column_5=633
Column_8=434
Column_9=300
Column_7=67

parameters:
[boosting: gbdt]
[objective: binary]
[metric: auc]
[tree_learner: serial]
[device_type: cpu]
[data_sample_strategy: bagging]
[data: ]
[valid: ]
[num_iterations: 250]
[learning_rate: 0.08]
[num_leaves: 31]
[num_threads: 4]
[seed: 42]
[deterministic: 0]
[force_col_wise: 0]
[force_row_wise: 0]
[histogram_pool_size: -1]
[max_depth: 6]
[min_data_in_leaf: 20]
[min_sum_hessian_in_leaf: 0.001]
[bagging_fraction: 0.75]
[pos_bagging_fraction: 1]
[neg_bagging_fraction: 1]
[bagging_freq: 1]
[bagging_seed: 400]
[bagging_by_query: 0]
[feature_fraction: 0.75]
[feature_fraction_bynode: 1]
[feature_fraction_seed: 30056]
[extra_trees: 0]
[extra_seed: 12879]
[early_stopping_round: 0]
[early_stopping_min_delta: 0]
[first_metric_only: 0]
[max_delta_step: 0]
[lambda_l1: 2]
[lambda_l2: 5]
[linear_lambda: 0]
[min_gain_to_split: 0]
[drop_rate: 0.1]
[max_drop: 50]
[skip_drop: 0.5]
[xgboost_dart_mode: 0]
[uniform_drop: 0]
[drop_seed: 17869]
[top_rate: 0.2]
[other_rate: 0.1]
[min_data_per_group: 100]
[max_cat_threshold: 32]
[cat_l2: 10]
[cat_smooth: 10]
[max_cat_to_onehot: 4]
[top_k: 20]
[monotone_constraints: ]
[monotone_constraints_method: basic]
[monotone_penalty: 0]
[feature_contri: ]
[forcedsplits_filename: ]
[refit_decay_rate: 0.9]
[cegb_tradeoff: 1]
[cegb_penalty_split: 0]
[cegb_penalty_feature_lazy: ]
[cegb_penalty_feature_coupled: ]
[path_smooth: 0]
[interaction_constraints: ]
[verbosity: -1]
[saved_feature_importance_type: 0]
[use_quantized_grad: 0]
[num_grad_quant_bins: 4]
[quant_train_renew_leaf: 0]
[stochastic_rounding: 1]
[linear_tree: 0]
[max_bin: 255]
[max_bin_by_feature: ]
[min_data_in_bin: 3]
[bin_construct_sample_cnt: 200000]
[data_random_seed: 175]
[is_enable_sparse: 1]
[enable_bundle: 1]
[use_missing: 1]
[zero_as_missing: 0]
[feature_pre_filter: 1]
[pre_partition: 0]
[two_round: 0]
[header: 0]
[label_column: ]
[weight_column: ]
[group_column: ]
[ignore_column: ]
[categorical_feature: ]
[forcedbins_filename: ]
[precise_float_parser: 0]
[parser_config_file: ]
[objective_seed: 16083]
[num_class: 1]
[is_unbalance: 0]
[scale_pos_weight: 1]
[sigmoid: 1]
[boost_from_average: 1]
[reg_sqrt: 0]
[alpha: 0.9]
[fair_c: 1]
[poisson_max_delta_step: 0.7]
[tweedie_variance_power: 1.5]
[lambdarank_truncation_level: 30]
[lambdarank_norm: 1]
[label_gain: ]
[lambdarank_position_bias_regularization: 0]
[eval_at: ]
[multi_error_top_k: 1]
[auc_mu_weights: ]
[num_machines: 1]
[local_listen_port: 12400]
[time_out: 120]
[machine_list_filename: ]
[machines: ]
[gpu_platform_id: -1]
[gpu_device_id: -1]
[gpu_device_id_list: ]
[gpu_use_dp: 0]
[num_gpu: 1]

end of parameters

pandas_categorical:null
